line_idx,timestamp,dot_x,dot_y,gaze_x,gaze_y
0,1764110010.9072833,180.30408906936646,178.0,182.0,183.0
0,1764110010.951764,185.09526538848877,178.0,187.0,188.0
0,1764110010.9969535,192.40435647964478,178.0,194.0,195.0
0,1764110011.0401409,199.5487241744995,178.0,199.0,197.0
0,1764110011.077013,204.38946771621704,178.0,189.0,199.0
0,1764110011.1175973,211.5734248161316,178.0,175.0,197.0
0,1764110011.15739,216.4064793586731,178.0,181.0,196.0
0,1764110011.197067,223.50142288208008,178.0,196.0,200.0
0,1764110011.2371817,228.360369682312,178.0,203.0,184.0
0,1764110011.2822733,235.54529237747192,178.0,201.0,177.0
0,1764110011.32728,242.6681308746338,178.0,201.0,170.0
0,1764110011.3743405,250.01155424118042,178.0,197.0,176.0
0,1764110011.4071403,254.71375274658203,178.0,185.0,175.0
0,1764110011.441633,259.60016536712646,178.0,230.0,185.0
0,1764110011.4767847,264.3888382911682,178.0,235.0,192.0
0,1764110011.5124576,269.17947816848755,178.0,230.0,188.0
0,1764110011.5493114,276.39783906936646,178.0,235.0,185.0
0,1764110011.5926168,281.20847034454346,178.0,234.0,186.0
0,1764110011.6322243,288.3856682777405,178.0,249.0,190.0
0,1764110011.6719108,293.0948405265808,178.0,253.0,195.0
0,1764110011.7082977,300.28795289993286,178.0,282.0,208.0
0,1764110011.7515368,305.2122383117676,178.0,270.0,205.0
0,1764110011.7975802,312.3788146972656,178.0,268.0,211.0
0,1764110011.842187,319.4750099182129,178.0,279.0,203.0
0,1764110011.8846135,326.69576692581177,178.0,288.0,217.0
0,1764110011.9219475,331.52810621261597,178.0,281.0,229.0
0,1764110011.9649746,338.747754573822,178.0,271.0,210.0
0,1764110011.9983275,343.4861807823181,178.0,259.0,213.0
0,1764110012.0366158,348.2801823616028,178.0,273.0,240.0
0,1764110012.0768483,355.5771498680115,178.0,298.0,260.0
0,1764110012.124613,362.78403091430664,178.0,303.0,266.0
0,1764110012.1621084,367.5707368850708,178.0,276.0,272.0
0,1764110012.2065058,374.7604875564575,178.0,278.0,249.0
0,1764110012.2474961,379.6196131706238,178.0,295.0,245.0
0,1764110012.2893662,386.80457162857056,178.0,305.0,270.0
0,1764110012.316576,391.5292649269104,178.0,383.0,272.0
0,1764110012.357475,396.4110999107361,178.0,383.0,266.0
0,1764110012.4129965,406.0051827430725,178.0,378.0,245.0
0,1764110012.4473746,410.7324151992798,178.0,375.0,249.0
0,1764110012.481991,415.587571144104,178.0,372.0,267.0
0,1764110012.5167396,420.3864722251892,178.0,378.0,282.0
0,1764110012.5576098,427.49861764907837,178.0,387.0,294.0
0,1764110012.592756,432.29190397262573,178.0,366.0,294.0
0,1764110012.637242,439.5708112716675,178.0,372.0,278.0
0,1764110012.676673,444.2868142127991,178.0,385.0,266.0
0,1764110012.7165399,451.4808564186096,178.0,381.0,262.0
0,1764110012.749173,456.4164786338806,178.0,391.0,254.0
0,1764110012.7925298,461.1790089607239,178.0,411.0,249.0
0,1764110012.8394701,468.27373790740967,178.0,427.0,254.0
0,1764110012.8772142,475.60643243789673,178.0,427.0,247.0
0,1764110012.9117284,480.3565888404846,178.0,446.0,248.0
0,1764110012.9412105,485.1100354194641,178.0,465.0,239.0
0,1764110012.9737422,489.9816064834595,178.0,462.0,233.0
0,1764110013.0116103,494.8297529220581,178.0,457.0,243.0
0,1764110013.0474467,499.5321660041809,178.0,453.0,261.0
0,1764110013.0869935,506.7692666053772,178.0,452.0,280.0
0,1764110013.1122007,509.2024235725403,178.0,448.0,281.0
0,1764110013.1515741,516.3961796760559,178.0,450.0,283.0
0,1764110013.196856,523.4847931861877,178.0,454.0,275.0
0,1764110013.2322853,528.3358721733093,178.0,460.0,249.0
0,1764110013.272604,533.0689697265625,178.0,477.0,243.0
0,1764110013.3120034,540.6063704490662,178.0,498.0,242.0
0,1764110013.347632,545.1469569206238,178.0,507.0,239.0
0,1764110013.392351,552.3320226669312,178.0,512.0,244.0
0,1764110013.426739,557.0672302246094,178.0,516.0,262.0
0,1764110013.4624226,562.004282951355,178.0,508.0,257.0
0,1764110013.5068016,569.1758661270142,178.0,491.0,255.0
0,1764110013.551955,576.357892036438,178.0,487.0,256.0
0,1764110013.5922165,581.207004070282,178.0,491.0,255.0
0,1764110013.6328132,588.3830933570862,178.0,520.0,258.0
0,1764110013.6602218,593.0764226913452,178.0,536.0,275.0
0,1764110013.6927192,597.9608325958252,178.0,547.0,290.0
0,1764110013.7253914,602.7102379798889,178.0,543.0,294.0
0,1764110013.7669544,607.5801281929016,178.0,549.0,295.0
0,1764110013.803845,614.7587208747864,178.0,549.0,287.0
0,1764110013.8420928,619.4734721183777,178.0,555.0,287.0
0,1764110013.8918655,626.6982345581055,178.0,564.0,283.0
0,1764110013.927693,631.4828662872314,178.0,560.0,278.0
0,1764110013.9656343,638.7740044593811,178.0,554.0,281.0
0,1764110014.001791,643.4744148254395,178.0,551.0,287.0
0,1764110014.0375464,648.275068283081,178.0,554.0,292.0
0,1764110014.0724528,653.101900100708,178.0,560.0,297.0
0,1764110014.1071315,660.7604651451111,178.0,567.0,298.0
0,1764110014.1420302,665.136971950531,178.0,572.0,318.0
0,1764110014.1758816,669.8699622154236,178.0,588.0,328.0
0,1764110014.2071872,674.722400188446,178.0,621.0,307.0
0,1764110014.2427254,679.5828132629395,178.0,636.0,287.0
0,1764110014.2841005,686.7876200675964,178.0,650.0,275.0
0,1764110014.3121183,689.1037611961365,178.0,666.0,261.0
0,1764110014.3521469,696.3573126792908,178.0,673.0,257.0
0,1764110014.3815534,701.1083631515503,178.0,692.0,263.0
0,1764110014.4223046,705.8948545455933,178.0,706.0,268.0
0,1764110014.4625907,713.1676821708679,178.0,706.0,281.0
0,1764110014.4977002,718.0091052055359,178.0,694.0,285.0
0,1764110014.5429852,725.0706462860107,178.0,696.0,278.0
0,1764110014.5942602,732.3335676193237,178.0,700.0,285.0
0,1764110014.6466978,739.5554332733154,178.0,728.0,278.0
0,1764110014.6873288,746.7676072120667,178.0,758.0,259.0
0,1764110014.7332861,754.0008811950684,178.0,739.0,265.0
0,1764110014.7719147,758.6833386421204,178.0,740.0,267.0
0,1764110014.8124115,765.9098534584045,178.0,756.0,259.0
0,1764110014.851495,770.7563905715942,178.0,758.0,261.0
0,1764110014.8971338,778.002110004425,178.0,759.0,267.0
0,1764110014.9465373,785.1343541145325,178.0,755.0,272.0
0,1764110014.972303,789.8912696838379,178.0,755.0,279.0
0,1764110015.006655,794.6772246360779,178.0,764.0,282.0
0,1764110015.0378704,799.4961886405945,178.0,801.0,273.0
0,1764110015.0767906,804.3504505157471,178.0,805.0,258.0
0,1764110015.1068306,809.0819387435913,178.0,796.0,265.0
0,1764110015.1419725,814.0081553459167,178.0,795.0,263.0
0,1764110015.1767478,821.2029128074646,178.0,811.0,251.0
0,1764110015.2125995,825.8954911231995,178.0,823.0,249.0
0,1764110015.247838,831.0096054077148,178.0,828.0,257.0
0,1764110015.282876,835.5412154197693,178.0,828.0,260.0
0,1764110015.326541,842.734148979187,178.0,817.0,266.0
0,1764110015.366644,847.5373058319092,178.0,820.0,273.0
0,1764110015.403096,854.6903281211853,178.0,799.0,264.0
0,1764110015.4422655,859.5230965614319,178.0,809.0,269.0
0,1764110015.477463,864.3891959190369,178.0,824.0,267.0
0,1764110015.5074785,869.2096261978149,178.0,836.0,272.0
0,1764110015.542118,873.9226965904236,178.0,833.0,279.0
0,1764110015.5816643,881.1084418296814,178.0,832.0,279.0
0,1764110015.616708,886.0089807510376,178.0,823.0,283.0
0,1764110015.6522334,890.730598449707,178.0,835.0,286.0
0,1764110015.69399,897.9494242668152,178.0,848.0,275.0
0,1764110015.7364874,905.1638512611389,178.0,861.0,257.0
0,1764110015.782713,909.9781303405762,178.0,882.0,257.0
0,1764110015.8267488,917.177393913269,178.0,891.0,276.0
0,1764110015.8719351,924.3379263877869,178.0,886.0,298.0
0,1764110015.9020853,929.1863946914673,178.0,929.0,299.0
0,1764110015.9417293,933.8919191360474,178.0,938.0,301.0
0,1764110015.9727516,938.7678890228271,178.0,947.0,307.0
0,1764110016.0125856,945.980170249939,178.0,943.0,310.0
0,1764110016.0456934,950.7923393249512,178.0,940.0,317.0
0,1764110016.0821908,955.4956107139587,178.0,944.0,315.0
0,1764110016.116681,960.313859462738,178.0,961.0,301.0
0,1764110016.1584325,967.5722389221191,178.0,961.0,293.0
0,1764110016.1826122,969.8823003768921,178.0,944.0,295.0
0,1764110016.2195187,977.1512656211853,178.0,966.0,284.0
0,1764110016.257229,981.8953423500061,178.0,982.0,279.0
0,1764110016.2926183,986.7098360061646,178.0,994.0,284.0
0,1764110016.326926,991.5877370834351,178.0,997.0,294.0
0,1764110016.3674033,998.7372903823853,178.0,1000.0,291.0
0,1764110016.4017553,1003.5810379981995,178.0,1006.0,285.0
0,1764110016.437256,1008.2847743034363,178.0,1013.0,273.0
0,1764110016.476541,1015.5735878944397,178.0,1013.0,273.0
0,1764110016.5118144,1020.4150824546814,178.0,987.0,279.0
0,1764110016.5465808,1025.0687508583069,178.0,971.0,273.0
0,1764110016.5822892,1029.892614364624,178.0,989.0,278.0
0,1764110016.621849,1037.1891884803772,178.0,1027.0,295.0
0,1764110016.6705143,1044.335916519165,178.0,1077.0,279.0
0,1764110016.7009852,1049.0972666740417,178.0,1084.0,254.0
0,1764110016.7373195,1053.9557485580444,178.0,1073.0,249.0
0,1764110016.7721508,1058.8077931404114,178.0,1065.0,252.0
0,1764110016.8145776,1065.9798769950867,178.0,1075.0,266.0
0,1764110016.86313,1073.175313949585,178.0,1098.0,264.0
0,1764110016.9096787,1080.3667454719543,178.0,1110.0,251.0
0,1764110016.946582,1085.1383595466614,178.0,1113.0,239.0
0,1764110016.9815788,1089.8957042694092,178.0,1113.0,232.0
0,1764110017.0166461,1097.1876649856567,178.0,1123.0,232.0
0,1764110017.0519736,1101.872196674347,178.0,1122.0,244.0
0,1764110017.086891,1106.7817478179932,178.0,1102.0,258.0
0,1764110017.121514,1111.5129141807556,178.0,1086.0,248.0
0,1764110017.1566896,1116.394320011139,178.0,1086.0,230.0
0,1764110017.1919074,1121.1087136268616,178.0,1081.0,228.0
0,1764110017.228045,1128.2861618995667,178.0,1083.0,229.0
0,1764110017.2617528,1133.1828026771545,178.0,1098.0,234.0
0,1764110017.2974005,1137.9964022636414,178.0,1107.0,231.0
0,1764110017.344904,1145.1464204788208,178.0,1111.0,221.0
0,1764110017.376687,1149.943175792694,178.0,1135.0,214.0
0,1764110017.412519,1154.7018795013428,178.0,1139.0,223.0
0,1764110017.4470716,1159.5085768699646,178.0,1131.0,224.0
0,1764110017.483367,1166.7286186218262,178.0,1130.0,226.0
0,1764110017.517292,1171.6078071594238,178.0,1145.0,204.0
0,1764110017.5516996,1176.2659816741943,178.0,1157.0,185.0
0,1764110017.5924172,1181.0692100524902,178.0,1165.0,186.0
0,1764110017.6287987,1188.288679599762,178.0,1155.0,192.0
0,1764110017.6669655,1193.1743412017822,178.0,1149.0,187.0
0,1764110017.7024593,1197.8747515678406,178.0,1159.0,193.0
0,1764110017.7326152,1202.7089505195618,178.0,1170.0,199.0
0,1764110017.7743678,1210.0080280303955,178.0,1178.0,212.0
0,1764110017.806571,1214.7210626602173,178.0,1175.0,230.0
0,1764110017.8371727,1219.5995717048645,178.0,1189.0,241.0
0,1764110017.8721313,1224.3313102722168,178.0,1191.0,236.0
0,1764110017.906861,1229.1942982673645,178.0,1204.0,227.0
0,1764110017.9506948,1236.397388458252,178.0,1208.0,224.0
0,1764110017.9869924,1241.0818128585815,178.0,1198.0,232.0
0,1764110018.0326443,1248.2688097953796,178.0,1178.0,232.0
0,1764110018.0717187,1253.111734867096,178.0,1224.0,243.0
0,1764110018.1104865,1260.3201537132263,178.0,1232.0,223.0
0,1764110018.1471846,1265.189793586731,178.0,1232.0,210.0
0,1764110018.181812,1269.9962048530579,178.0,1223.0,199.0
0,1764110018.2224607,1277.2617726325989,178.0,1228.0,194.0
0,1764110018.2574446,1282.0073871612549,178.0,1237.0,194.0
0,1764110018.3021162,1289.2098336219788,178.0,1245.0,207.0
0,1764110018.3328798,1293.9191489219666,178.0,1250.0,221.0
0,1764110018.3641257,1298.7819938659668,178.0,1242.0,219.0
0,1764110018.3969386,1303.6181597709656,178.0,1237.0,218.0
0,1764110018.4275234,1308.3436756134033,178.0,1228.0,221.0
0,1764110018.4723191,1313.118579864502,178.0,1221.0,223.0
0,1764110018.5171683,1320.3538208007812,178.0,1230.0,227.0
0,1764110018.5464947,1325.2057938575745,178.0,1238.0,233.0
0,1764110018.57274,1329.9086360931396,178.0,1233.0,235.0
0,1764110018.6122634,1334.7960858345032,178.0,1230.0,237.0
0,1764110018.652906,1341.9709949493408,178.0,1231.0,233.0
0,1764110018.691999,1346.7754034996033,178.0,1246.0,228.0
0,1764110018.7341144,1353.9695172309875,178.0,1299.0,212.0
0,1764110018.7777276,1361.349883556366,178.0,1330.0,216.0
0,1764110018.8131518,1366.0184650421143,178.0,1346.0,228.0
0,1764110018.8471687,1370.7294611930847,178.0,1337.0,233.0
0,1764110018.8771296,1375.5658416748047,178.0,1320.0,233.0
0,1764110018.9075959,1380.3127436637878,178.0,1304.0,233.0
0,1764110018.9400716,1385.1531295776367,178.0,1309.0,225.0
0,1764110018.9719975,1389.8818640708923,178.0,1325.0,218.0
0,1764110019.0046136,1394.7266488075256,178.0,1343.0,214.0
0,1764110019.0366633,1399.5571284294128,178.0,1365.0,220.0
0,1764110019.085311,1406.833281993866,178.0,1375.0,220.0
0,1764110019.12246,1411.5712432861328,178.0,1367.0,223.0
0,1764110019.1639144,1418.8047676086426,178.0,1364.0,224.0
0,1764110019.2016022,1423.5246329307556,178.0,1369.0,222.0
0,1764110019.2282133,1428.395953655243,178.0,1369.0,220.0
0,1764110019.263589,1433.1270484924316,178.0,1371.0,224.0
0,1764110019.2879424,1435.500982284546,178.0,1367.0,231.0
0,1764110019.3172812,1440.3087525367737,178.0,1350.0,236.0
0,1764110019.3600235,1447.5725679397583,178.0,1340.0,233.0
0,1764110019.3880303,1452.4195699691772,178.0,1351.0,234.0
0,1764110019.4217055,1457.0620803833008,178.0,1412.0,225.0
0,1764110019.4529366,1462.0073585510254,178.0,1413.0,224.0
0,1764110019.4867175,1466.6991143226624,178.0,1413.0,225.0
0,1764110019.5287576,1471.5366034507751,178.0,1435.0,224.0
0,1764110019.5718021,1478.7875442504883,178.0,1449.0,215.0
0,1764110019.597373,1483.5906295776367,178.0,1451.0,196.0
0,1764110019.6286504,1488.3804469108582,178.0,1445.0,194.0
0,1764110019.6674018,1493.1044607162476,178.0,1445.0,197.0
0,1764110019.6925018,1497.946849346161,178.0,1445.0,203.0
0,1764110019.727332,1502.7851610183716,178.0,1453.0,212.0
0,1764110019.7620962,1507.5876383781433,178.0,1451.0,221.0
0,1764110019.7966883,1512.283721446991,178.0,1445.0,237.0
0,1764110019.8321445,1517.1631960868835,178.0,1442.0,240.0
0,1764110019.8684032,1524.272337436676,178.0,1435.0,237.0
0,1764110019.901627,1529.0728120803833,178.0,1445.0,234.0
0,1764110019.9421003,1534.0651183128357,178.0,1455.0,219.0
0,1764110019.9716654,1538.7189655303955,178.0,1468.0,212.0
0,1764110020.0073485,1543.5139327049255,178.0,1477.0,214.0
0,1764110020.0450928,1550.7533221244812,178.0,1483.0,211.0
0,1764110020.0821626,1555.6217460632324,178.0,1485.0,203.0
0,1764110020.1072547,1560.2802066802979,178.0,1564.0,192.0
0,1764110020.1418185,1565.0764255523682,178.0,1556.0,201.0
0,1764110020.176718,1569.9137001037598,178.0,1557.0,212.0
0,1764110020.2214909,1577.2018342018127,178.0,1554.0,214.0
0,1764110020.2620173,1581.8886189460754,178.0,1563.0,208.0
0,1764110020.2993755,1589.100685596466,178.0,1575.0,191.0
0,1764110020.3323872,1593.9310221672058,178.0,1597.0,188.0
0,1764110020.3567417,1596.2939052581787,178.0,1609.0,194.0
0,1764110020.3874373,1601.1685161590576,178.0,1610.0,189.0
0,1764110020.4220266,1605.958905696869,178.0,1608.0,188.0
0,1764110020.4653413,1613.1440072059631,178.0,1606.0,185.0
0,1764110020.4973297,1617.8958444595337,178.0,1604.0,181.0
0,1764110020.5265317,1622.7057247161865,178.0,1604.0,181.0
0,1764110020.5571012,1627.5179653167725,178.0,1662.0,174.0
0,1764110020.597235,1632.3477654457092,178.0,1668.0,178.0
0,1764110020.6322033,1637.1472744941711,178.0,1671.0,181.0
0,1764110020.6683724,1644.3955330848694,178.0,1689.0,176.0
0,1764110020.7126973,1649.1607813835144,178.0,1695.0,170.0
0,1764110020.7526083,1656.8209199905396,178.0,1691.0,185.0
0,1764110020.7921665,1661.1152439117432,178.0,1676.0,203.0
0,1764110020.8218548,1665.9989385604858,178.0,1680.0,214.0
0,1764110020.8650455,1673.2051758766174,178.0,1691.0,212.0
0,1764110020.8925781,1677.9346256256104,178.0,1695.0,211.0
0,1764110020.9276903,1682.8104524612427,178.0,1695.0,211.0
0,1764110020.9619753,1687.6029162406921,178.0,1690.0,210.0
0,1764110020.9971178,1692.3890142440796,178.0,1691.0,204.0
0,1764110021.0293326,1697.082272052765,178.0,1690.0,202.0
0,1764110021.061566,1702.0397453308105,178.0,1684.0,210.0
0,1764110021.0991237,1709.0799360275269,178.0,1674.0,208.0
0,1764110021.1321497,1714.0334396362305,178.0,1666.0,208.0
0,1764110021.1642199,1718.7251596450806,178.0,1674.0,210.0
0,1764110021.201785,1723.4644441604614,178.0,1672.0,211.0
1,1764110021.237398,1728.3313302993774,178.0,1663.0,203.0
1,1764110021.2718034,1728.3313302993774,178.0,1668.0,200.0
1,1764110021.30203,1728.3313302993774,178.0,1667.0,199.0
1,1764110021.3370051,1728.3313302993774,178.0,1669.0,206.0
1,1764110021.3769836,1728.3313302993774,178.0,1671.0,211.0
1,1764110021.407376,1728.3313302993774,178.0,1678.0,219.0
1,1764110021.4423752,1728.3313302993774,178.0,1678.0,227.0
1,1764110021.4815793,1728.3313302993774,178.0,1680.0,232.0
1,1764110021.5120764,1728.3313302993774,178.0,1687.0,238.0
1,1764110021.542389,1728.3313302993774,178.0,1691.0,235.0
1,1764110021.5823858,1728.3313302993774,178.0,1689.0,228.0
1,1764110021.6118207,1728.3313302993774,178.0,1691.0,218.0
1,1764110021.6518242,1728.3313302993774,178.0,1686.0,210.0
1,1764110021.6922548,1728.3313302993774,178.0,1674.0,216.0
1,1764110021.7218654,1728.3313302993774,178.0,1683.0,217.0
1,1764110021.7565775,180.47517824172974,270.0,1691.0,211.0
1,1764110021.7979867,187.73795652389526,270.0,1685.0,213.0
1,1764110021.828411,192.50653076171875,270.0,1681.0,216.0
1,1764110021.8631876,197.24524307250977,270.0,1348.0,244.0
1,1764110021.897069,202.1439938545227,270.0,752.0,233.0
1,1764110021.9264846,206.8608193397522,270.0,557.0,169.0
1,1764110021.9698765,214.05793714523315,270.0,567.0,172.0
1,1764110021.9975033,216.44928741455078,270.0,537.0,204.0
1,1764110022.0416698,223.93604803085327,270.0,514.0,217.0
1,1764110022.076739,228.53632259368896,270.0,516.0,216.0
1,1764110022.1072042,233.354642868042,270.0,301.0,230.0
1,1764110022.1422496,240.547504901886,270.0,219.0,206.0
1,1764110022.1795647,245.3380732536316,270.0,221.0,218.0
1,1764110022.209286,250.06648588180542,270.0,228.0,210.0
1,1764110022.2465863,254.84099674224854,270.0,227.0,205.0
1,1764110022.2823806,259.6476583480835,270.0,226.0,191.0
1,1764110022.3169703,264.46533489227295,270.0,225.0,183.0
1,1764110022.3480518,269.2818670272827,270.0,225.0,193.0
1,1764110022.3925467,276.55051040649414,270.0,226.0,194.0
1,1764110022.4366653,283.62185049057007,270.0,231.0,188.0
1,1764110022.4724264,288.4055881500244,270.0,245.0,177.0
1,1764110022.5128376,295.6307439804077,270.0,276.0,190.0
1,1764110022.5476682,300.5045323371887,270.0,266.0,188.0
1,1764110022.581271,305.25526094436646,270.0,280.0,197.0
1,1764110022.612021,310.0249080657959,270.0,290.0,228.0
1,1764110022.6577804,317.2640471458435,270.0,287.0,241.0
1,1764110022.6914945,322.13769245147705,270.0,276.0,240.0
1,1764110022.7318828,326.911988735199,270.0,298.0,226.0
1,1764110022.761708,331.69619131088257,270.0,325.0,235.0
1,1764110022.7993577,336.6226224899292,270.0,367.0,255.0
1,1764110022.8366244,343.6730055809021,270.0,362.0,245.0
1,1764110022.8722537,348.5395698547363,270.0,345.0,237.0
1,1764110022.9067435,353.3690481185913,270.0,334.0,252.0
1,1764110022.9507036,360.42565393447876,270.0,353.0,265.0
1,1764110022.9722579,362.9924921989441,270.0,384.0,258.0
1,1764110023.0112593,370.1505928039551,270.0,402.0,253.0
1,1764110023.0466242,374.94377183914185,270.0,407.0,240.0
1,1764110023.081911,379.6014814376831,270.0,403.0,240.0
1,1764110023.11742,384.46876096725464,270.0,401.0,241.0
1,1764110023.14774,389.3051414489746,270.0,390.0,250.0
1,1764110023.1770444,394.1495327949524,270.0,388.0,254.0
1,1764110023.2123003,398.83120346069336,270.0,375.0,254.0
1,1764110023.249183,406.0903697013855,270.0,365.0,267.0
1,1764110023.2837305,410.90919065475464,270.0,366.0,279.0
1,1764110023.32171,415.6065969467163,270.0,381.0,281.0
1,1764110023.361509,422.9373245239258,270.0,383.0,285.0
1,1764110023.394005,427.6490001678467,270.0,373.0,275.0
1,1764110023.4271677,432.47407960891724,270.0,382.0,276.0
1,1764110023.4615242,437.21103954315186,270.0,392.0,277.0
1,1764110023.5071876,444.42929315567017,270.0,400.0,272.0
1,1764110023.542458,449.2994337081909,270.0,417.0,258.0
1,1764110023.5820932,456.52405309677124,270.0,415.0,258.0
1,1764110023.621601,461.3043575286865,270.0,399.0,265.0
1,1764110023.6616561,468.45848846435547,270.0,381.0,269.0
1,1764110023.7018416,473.3368902206421,270.0,386.0,260.0
1,1764110023.7367904,478.01713037490845,270.0,424.0,252.0
1,1764110023.7776806,485.2639226913452,270.0,485.0,245.0
1,1764110023.8105938,490.050986289978,270.0,476.0,236.0
1,1764110023.8524814,494.8381929397583,270.0,471.0,231.0
1,1764110023.881835,499.7922329902649,270.0,456.0,234.0
1,1764110023.9122589,504.42122507095337,270.0,450.0,245.0
1,1764110023.9469733,509.21007680892944,270.0,465.0,244.0
1,1764110023.9873114,516.6582493782043,270.0,476.0,223.0
1,1764110024.018156,521.2880282402039,270.0,485.0,216.0
1,1764110024.0505505,526.1823801994324,270.0,494.0,225.0
1,1764110024.0918717,530.8961300849915,270.0,509.0,223.0
1,1764110024.1297712,538.0773334503174,270.0,515.0,227.0
1,1764110024.1666718,542.8645043373108,270.0,535.0,232.0
1,1764110024.1967278,547.6138381958008,270.0,528.0,216.0
1,1764110024.2315714,552.4388461112976,270.0,531.0,217.0
1,1764110024.273048,559.6829204559326,270.0,537.0,212.0
1,1764110024.307441,564.4792466163635,270.0,516.0,193.0
1,1764110024.3422213,569.343092918396,270.0,487.0,199.0
1,1764110024.3774908,574.1954951286316,270.0,487.0,223.0
1,1764110024.4116254,578.8533835411072,270.0,496.0,225.0
1,1764110024.449113,586.101499080658,270.0,498.0,221.0
1,1764110024.485281,590.8891706466675,270.0,502.0,226.0
1,1764110024.5224857,595.6620006561279,270.0,512.0,230.0
1,1764110024.5520482,600.5440859794617,270.0,528.0,214.0
1,1764110024.5991697,607.6712160110474,270.0,533.0,204.0
1,1764110024.6378276,612.4460844993591,270.0,541.0,216.0
1,1764110024.6827548,619.7011022567749,270.0,572.0,218.0
1,1764110024.7216952,626.8138556480408,270.0,572.0,200.0
1,1764110024.757404,631.731095790863,270.0,563.0,182.0
1,1764110024.7917035,636.47088098526,270.0,563.0,209.0
1,1764110024.8338356,643.6853079795837,270.0,572.0,232.0
1,1764110024.8617501,648.4725861549377,270.0,593.0,233.0
1,1764110024.9017382,653.2384781837463,270.0,593.0,228.0
1,1764110024.93641,658.0309777259827,270.0,586.0,224.0
1,1764110024.976815,665.2041702270508,270.0,596.0,227.0
1,1764110025.0117788,670.0448780059814,270.0,576.0,245.0
1,1764110025.0520494,674.8607664108276,270.0,567.0,249.0
1,1764110025.0971901,682.1061639785767,270.0,570.0,238.0
1,1764110025.1325598,686.9235544204712,270.0,579.0,212.0
1,1764110025.1711621,694.1209583282471,270.0,579.0,212.0
1,1764110025.2040195,698.8173632621765,270.0,573.0,228.0
1,1764110025.2524981,706.1390428543091,270.0,565.0,235.0
1,1764110025.3028567,713.2608799934387,270.0,575.0,244.0
1,1764110025.3369207,718.0272727012634,270.0,606.0,252.0
1,1764110025.3673165,722.890296459198,270.0,631.0,251.0
1,1764110025.4110422,730.1582961082458,270.0,661.0,235.0
1,1764110025.4420512,734.8683624267578,270.0,661.0,224.0
1,1764110025.4817867,739.7220520973206,270.0,649.0,239.0
1,1764110025.5224886,746.83544921875,270.0,641.0,253.0
1,1764110025.5696914,754.1825561523438,270.0,677.0,262.0
1,1764110025.6028767,758.893337726593,270.0,716.0,228.0
1,1764110025.636485,763.6845855712891,270.0,747.0,225.0
1,1764110025.677364,768.4239773750305,270.0,747.0,225.0
1,1764110025.7217402,775.6022839546204,270.0,736.0,207.0
1,1764110025.7668543,782.8142790794373,270.0,729.0,219.0
1,1764110025.8168757,790.0785236358643,270.0,740.0,231.0
1,1764110025.852053,794.846239566803,270.0,751.0,225.0
1,1764110025.8898714,802.078369140625,270.0,763.0,222.0
1,1764110025.9173474,804.5344858169556,270.0,772.0,234.0
1,1764110025.9472003,809.410813331604,270.0,790.0,226.0
1,1764110025.976646,814.0049724578857,270.0,800.0,226.0
1,1764110026.0117269,818.8580183982849,270.0,791.0,206.0
1,1764110026.0371444,823.6181526184082,270.0,767.0,183.0
1,1764110026.077601,828.542402267456,270.0,750.0,166.0
1,1764110026.1219318,835.6459288597107,270.0,780.0,184.0
1,1764110026.1658032,842.9263739585876,270.0,780.0,214.0
1,1764110026.2096448,850.0012903213501,270.0,761.0,222.0
1,1764110026.2376833,852.5474934577942,270.0,782.0,222.0
1,1764110026.2725127,859.6039562225342,270.0,810.0,234.0
1,1764110026.3068566,864.4283919334412,270.0,820.0,242.0
1,1764110026.3562386,871.7901616096497,270.0,840.0,253.0
1,1764110026.406539,878.8942604064941,270.0,845.0,246.0
1,1764110026.4509158,886.0993890762329,270.0,838.0,239.0
1,1764110026.4866345,890.8228306770325,270.0,831.0,227.0
1,1764110026.5423603,900.5641131401062,270.0,809.0,225.0
1,1764110026.5727196,902.8929142951965,270.0,866.0,243.0
1,1764110026.597386,907.6212553977966,270.0,906.0,242.0
1,1764110026.6324394,912.4121813774109,270.0,917.0,247.0
1,1764110026.674527,919.6405558586121,270.0,891.0,236.0
1,1764110026.7184596,924.4292645454407,270.0,891.0,223.0
1,1764110026.7626066,931.6434769630432,270.0,907.0,217.0
1,1764110026.8066683,938.8913421630859,270.0,919.0,227.0
1,1764110026.8527489,946.1789755821228,270.0,903.0,253.0
1,1764110026.8997526,953.2749919891357,270.0,882.0,271.0
1,1764110026.9417613,960.4742555618286,270.0,876.0,263.0
1,1764110026.982188,965.3856663703918,270.0,889.0,261.0
1,1764110027.0220008,972.5101857185364,270.0,921.0,255.0
1,1764110027.0587757,977.3930578231812,270.0,931.0,285.0
1,1764110027.0972886,982.0143966674805,270.0,1006.0,154.0
1,1764110027.132541,986.8802456855774,270.0,1394.0,682.0
1,1764110027.1723278,994.1104440689087,270.0,977.0,191.0
1,1764110027.2043788,998.8672165870667,270.0,1003.0,276.0
1,1764110027.2503018,1006.0921936035156,270.0,930.0,230.0
1,1764110027.2853193,1010.812488079071,270.0,920.0,179.0
1,1764110027.3171084,1015.6705050468445,270.0,930.0,188.0
1,1764110027.3515675,1020.5526976585388,270.0,950.0,238.0
1,1764110027.386975,1025.3401188850403,270.0,971.0,256.0
1,1764110027.4222755,1032.5513987541199,270.0,975.0,249.0
1,1764110027.4577227,1037.3119978904724,270.0,941.0,245.0
1,1764110027.4966087,1042.0074729919434,270.0,922.0,261.0
1,1764110027.5375578,1049.3852286338806,270.0,908.0,288.0
1,1764110027.5765784,1054.0431170463562,270.0,915.0,296.0
1,1764110027.611837,1058.8919787406921,270.0,897.0,293.0
1,1764110027.6505609,1066.027834892273,270.0,886.0,275.0
1,1764110027.699059,1073.2561736106873,270.0,886.0,276.0
1,1764110027.731804,1078.0197768211365,270.0,965.0,287.0
1,1764110027.7678063,1082.889953136444,270.0,993.0,286.0
1,1764110027.8122094,1090.015151977539,270.0,1004.0,280.0
1,1764110027.8523755,1094.8432712554932,270.0,987.0,270.0
1,1764110027.896634,1102.1219282150269,270.0,979.0,277.0
1,1764110027.931776,1106.8554549217224,270.0,983.0,279.0
1,1764110027.9714391,1114.0277891159058,270.0,993.0,285.0
1,1764110028.0215697,1121.3515429496765,270.0,1008.0,290.0
1,1764110028.0615144,1128.4372239112854,270.0,1018.0,280.0
1,1764110028.1022232,1133.2700996398926,270.0,1001.0,284.0
1,1764110028.1366942,1138.0881695747375,270.0,986.0,292.0
1,1764110028.1778703,1145.2676920890808,270.0,1068.0,297.0
1,1764110028.209274,1150.0488548278809,270.0,1095.0,297.0
1,1764110028.2468865,1154.8936395645142,270.0,1092.0,291.0
1,1764110028.2827892,1159.7161083221436,270.0,1101.0,290.0
1,1764110028.3222806,1166.9424800872803,270.0,1108.0,292.0
1,1764110028.3545563,1171.7051177024841,270.0,1102.0,293.0
1,1764110028.3973835,1176.4575629234314,270.0,1101.0,287.0
1,1764110028.437176,1183.7138323783875,270.0,1134.0,261.0
1,1764110028.4776907,1188.5276465415955,270.0,1145.0,247.0
1,1764110028.507425,1193.2323126792908,270.0,1119.0,255.0
1,1764110028.542058,1200.518765926361,270.0,1096.0,277.0
1,1764110028.5815723,1205.2544026374817,270.0,1084.0,303.0
1,1764110028.6169317,1210.1282267570496,270.0,1074.0,308.0
1,1764110028.6582143,1217.3437266349792,270.0,1133.0,305.0
1,1764110028.692682,1222.105076789856,270.0,1179.0,271.0
1,1764110028.7357464,1227.0580081939697,270.0,1202.0,243.0
1,1764110028.7718377,1234.043553352356,270.0,1187.0,253.0
1,1764110028.820877,1241.3496403694153,270.0,1181.0,259.0
1,1764110028.8568032,1246.1358814239502,270.0,1189.0,255.0
1,1764110028.8921497,1250.8695511817932,270.0,1188.0,259.0
1,1764110028.9418,1260.4800848960876,270.0,1180.0,276.0
1,1764110028.9716058,1262.8344922065735,270.0,1192.0,279.0
1,1764110029.002878,1267.6725177764893,270.0,1237.0,272.0
1,1764110029.0418243,1274.823501586914,270.0,1237.0,285.0
1,1764110029.0900528,1282.1082739830017,270.0,1224.0,298.0
1,1764110029.1270697,1286.881962299347,270.0,1228.0,291.0
1,1764110029.170267,1294.150677204132,270.0,1227.0,292.0
1,1764110029.2124498,1298.9195733070374,270.0,1217.0,315.0
1,1764110029.2490995,1306.125524520874,270.0,1208.0,326.0
1,1764110029.2871313,1310.8344464302063,270.0,1192.0,317.0
1,1764110029.3222916,1315.7954959869385,270.0,1190.0,302.0
1,1764110029.3570316,1320.5323486328125,270.0,1211.0,289.0
1,1764110029.395767,1327.7231006622314,270.0,1224.0,282.0
1,1764110029.4322822,1332.4804453849792,270.0,1281.0,283.0
1,1764110029.466764,1337.289574623108,270.0,1278.0,310.0
1,1764110029.502167,1344.5351152420044,270.0,1272.0,303.0
1,1764110029.5323713,1346.8587307929993,270.0,1277.0,292.0
1,1764110029.5701103,1354.175045967102,270.0,1290.0,298.0
1,1764110029.5974321,1356.443694114685,270.0,1306.0,303.0
1,1764110029.6421206,1363.6512904167175,270.0,1305.0,305.0
1,1764110029.6767716,1368.6035423278809,270.0,1299.0,297.0
1,1764110029.7144535,1375.7795600891113,270.0,1307.0,301.0
1,1764110029.7515929,1380.5197744369507,270.0,1319.0,310.0
1,1764110029.7951128,1387.7834467887878,270.0,1319.0,309.0
1,1764110029.8370302,1392.524519443512,270.0,1383.0,313.0
1,1764110029.8773153,1399.719741821289,270.0,1401.0,323.0
1,1764110029.9176316,1404.478910446167,270.0,1416.0,325.0
1,1764110029.9518335,1411.608329296112,270.0,1427.0,326.0
1,1764110029.9883618,1416.501250743866,270.0,1421.0,326.0
1,1764110030.0208604,1421.3260083198547,270.0,1411.0,332.0
1,1764110030.0569532,1426.05349111557,270.0,1412.0,332.0
1,1764110030.0920215,1430.8467059135437,270.0,1407.0,337.0
1,1764110030.132569,1438.0460052490234,270.0,1400.0,332.0
1,1764110030.1667085,1442.9091005325317,270.0,1410.0,321.0
1,1764110030.2019804,1447.6916580200195,270.0,1420.0,319.0
1,1764110030.2473066,1454.9042611122131,270.0,1423.0,336.0
1,1764110030.290829,1462.0422630310059,270.0,1447.0,351.0
1,1764110030.3385525,1469.3030743598938,270.0,1444.0,377.0
1,1764110030.3775034,1474.0611701011658,270.0,1505.0,376.0
1,1764110030.4123647,1478.8297443389893,270.0,1513.0,387.0
1,1764110030.449225,1486.0673813819885,270.0,1517.0,406.0
1,1764110030.4871392,1490.9589080810547,270.0,1511.0,423.0
1,1764110030.5174065,1495.6247715950012,270.0,1512.0,418.0
1,1764110030.5644448,1502.9228835105896,270.0,1519.0,417.0
1,1764110030.6103532,1510.022511959076,270.0,1521.0,428.0
1,1764110030.6421394,1514.92626953125,270.0,1532.0,434.0
1,1764110030.6775546,1519.6046500205994,270.0,1534.0,434.0
1,1764110030.7230115,1526.8512992858887,270.0,1544.0,440.0
1,1764110030.770454,1534.0686588287354,270.0,1549.0,434.0
1,1764110030.8118334,1538.9406232833862,270.0,1557.0,427.0
1,1764110030.8516796,1546.0286645889282,270.0,1600.0,412.0
1,1764110030.892258,1550.8775262832642,270.0,1609.0,411.0
1,1764110030.9305162,1558.1457047462463,270.0,1616.0,410.0
1,1764110030.9625764,1562.885311126709,270.0,1612.0,417.0
1,1764110031.0092795,1570.1335339546204,270.0,1608.0,422.0
1,1764110031.0474586,1574.971845626831,270.0,1596.0,404.0
1,1764110031.0866065,1582.2010426521301,270.0,1580.0,386.0
1,1764110031.1266484,1586.8101863861084,270.0,1575.0,383.0
1,1764110031.170998,1594.0742163658142,270.0,1583.0,378.0
1,1764110031.2211723,1601.2122898101807,270.0,1675.0,361.0
1,1764110031.2663674,1608.4246068000793,270.0,1690.0,347.0
1,1764110031.299551,1613.2556228637695,270.0,1690.0,346.0
1,1764110031.3486953,1620.4670457839966,270.0,1691.0,343.0
1,1764110031.3940377,1627.602472782135,270.0,1679.0,343.0
1,1764110031.4319322,1632.4080972671509,270.0,1680.0,350.0
1,1764110031.4751604,1639.6647958755493,270.0,1693.0,341.0
1,1764110031.5171595,1644.6029214859009,270.0,1696.0,318.0
1,1764110031.5574064,1651.7483620643616,270.0,1696.0,300.0
1,1764110031.5971043,1656.4528851509094,270.0,1711.0,321.0
1,1764110031.642577,1663.7418775558472,270.0,1719.0,338.0
1,1764110031.6773562,1668.4986143112183,270.0,1723.0,335.0
1,1764110031.7171383,1675.686219215393,270.0,1726.0,329.0
1,1764110031.7651894,1682.9458861351013,270.0,1733.0,319.0
1,1764110031.8112118,1690.129807472229,270.0,1725.0,312.0
1,1764110031.8432481,1694.9426560401917,270.0,1722.0,305.0
1,1764110031.882339,1699.7277884483337,270.0,1724.0,304.0
1,1764110031.9122481,1704.3999819755554,270.0,1731.0,314.0
1,1764110031.9466977,1709.3389301300049,270.0,1736.0,308.0
1,1764110031.991959,1716.5292172431946,270.0,1746.0,299.0
1,1764110032.0397959,1723.6123232841492,270.0,1767.0,297.0
2,1764110032.0676374,1726.1137871742249,270.0,1783.0,307.0
2,1764110032.0966673,1726.1137871742249,270.0,1776.0,323.0
2,1764110032.1318545,1726.1137871742249,270.0,1769.0,326.0
2,1764110032.1722894,1726.1137871742249,270.0,1745.0,316.0
2,1764110032.2073276,1726.1137871742249,270.0,1759.0,308.0
2,1764110032.2569127,1726.1137871742249,270.0,1759.0,304.0
2,1764110032.2926142,1726.1137871742249,270.0,1770.0,311.0
2,1764110032.326559,1726.1137871742249,270.0,1773.0,321.0
2,1764110032.3565977,1726.1137871742249,270.0,1764.0,321.0
2,1764110032.3872976,1726.1137871742249,270.0,1744.0,315.0
2,1764110032.4224656,1726.1137871742249,270.0,1726.0,316.0
2,1764110032.466739,1726.1137871742249,270.0,1726.0,318.0
2,1764110032.5065036,1726.1137871742249,270.0,1569.0,323.0
2,1764110032.5417812,1726.1137871742249,270.0,841.0,352.0
2,1764110032.5829856,182.8878788948059,363.0,290.0,277.0
2,1764110032.6155636,187.7801923751831,363.0,342.0,262.0
2,1764110032.6567044,192.42055702209473,363.0,348.0,252.0
2,1764110032.6989543,199.75772190093994,363.0,316.0,303.0
2,1764110032.7465997,206.96356582641602,363.0,305.0,316.0
2,1764110032.7931075,214.13983392715454,363.0,318.0,331.0
2,1764110032.8419003,221.25430393218994,363.0,224.0,301.0
2,1764110032.8922355,228.53821802139282,363.0,230.0,297.0
2,1764110032.941949,235.75243043899536,363.0,225.0,303.0
2,1764110032.9771328,240.45627403259277,363.0,226.0,310.0
2,1764110033.0170836,247.72967386245728,363.0,223.0,295.0
2,1764110033.062942,254.91831588745117,363.0,224.0,280.0
2,1764110033.0932817,259.62344694137573,363.0,248.0,310.0
2,1764110033.1264858,264.4223122596741,363.0,277.0,333.0
2,1764110033.1671493,269.2050485610962,363.0,285.0,338.0
2,1764110033.201913,274.1400628089905,363.0,284.0,352.0
2,1764110033.2592938,283.70324659347534,363.0,276.0,339.0
2,1764110033.2922564,288.521924495697,363.0,287.0,341.0
2,1764110033.3273528,293.3274416923523,363.0,306.0,358.0
2,1764110033.3571725,298.106565952301,363.0,322.0,357.0
2,1764110033.3999047,305.28551626205444,363.0,324.0,363.0
2,1764110033.4420307,310.0374608039856,363.0,320.0,378.0
2,1764110033.4793856,317.21626806259155,363.0,313.0,376.0
2,1764110033.511509,322.11516189575195,363.0,310.0,345.0
2,1764110033.5613492,329.2067437171936,363.0,326.0,326.0
2,1764110033.617093,336.54591131210327,363.0,348.0,336.0
2,1764110033.6573582,343.640926361084,363.0,376.0,327.0
2,1764110033.704423,350.9199409484863,363.0,370.0,319.0
2,1764110033.7420619,355.7292847633362,363.0,384.0,323.0
2,1764110033.7768528,360.51792192459106,363.0,391.0,329.0
2,1764110033.8216527,367.6400809288025,363.0,377.0,342.0
2,1764110033.8626146,374.8424916267395,363.0,360.0,347.0
2,1764110033.909817,382.0413975715637,363.0,379.0,354.0
2,1764110033.9430428,386.8957667350769,363.0,398.0,353.0
2,1764110033.9825137,391.6703133583069,363.0,391.0,331.0
2,1764110034.0262861,398.93201875686646,363.0,384.0,308.0
2,1764110034.0568874,403.62012672424316,363.0,388.0,301.0
2,1764110034.0966215,408.41276931762695,363.0,382.0,321.0
2,1764110034.1368842,415.70623207092285,363.0,396.0,336.0
2,1764110034.1715517,420.49333143234253,363.0,414.0,329.0
2,1764110034.2067075,425.2649812698364,363.0,407.0,314.0
2,1764110034.2423491,430.17381715774536,363.0,407.0,284.0
2,1764110034.2868042,437.33964252471924,363.0,416.0,262.0
2,1764110034.3219903,442.07209634780884,363.0,424.0,279.0
2,1764110034.3585827,449.2270140647888,363.0,415.0,294.0
2,1764110034.3976417,454.1087417602539,363.0,398.0,301.0
2,1764110034.4473042,461.26094150543213,363.0,429.0,296.0
2,1764110034.4766188,466.1684184074402,363.0,448.0,312.0
2,1764110034.511915,470.81243085861206,363.0,431.0,314.0
2,1764110034.5519986,478.1025319099426,363.0,409.0,325.0
2,1764110034.5984635,485.38826990127563,363.0,421.0,339.0
2,1764110034.631744,490.17236518859863,363.0,436.0,333.0
2,1764110034.6806386,497.2075490951538,363.0,443.0,333.0
2,1764110034.7217746,502.0854859352112,363.0,452.0,334.0
2,1764110034.7665203,509.27076625823975,363.0,465.0,329.0
2,1764110034.8071568,516.4095907211304,363.0,462.0,324.0
2,1764110034.855044,523.6947922706604,363.0,461.0,316.0
2,1764110034.8917017,528.5244851112366,363.0,463.0,315.0
2,1764110034.936186,535.7389121055603,363.0,456.0,323.0
2,1764110034.9673874,540.4170064926147,363.0,523.0,333.0
2,1764110035.0017107,545.3540949821472,363.0,557.0,323.0
2,1764110035.0366096,550.0702052116394,363.0,571.0,321.0
2,1764110035.0781739,557.304301738739,363.0,570.0,322.0
2,1764110035.1122541,562.001886844635,363.0,564.0,328.0
2,1764110035.1458786,567.2351984977722,363.0,548.0,322.0
2,1764110035.1820917,571.6095952987671,363.0,543.0,318.0
2,1764110035.2219617,578.9299159049988,363.0,550.0,318.0
2,1764110035.254423,583.6382298469543,363.0,551.0,312.0
2,1764110035.2921567,588.5537176132202,363.0,561.0,295.0
2,1764110035.3274117,593.230131149292,363.0,577.0,289.0
2,1764110035.36165,598.0192332267761,363.0,589.0,300.0
2,1764110035.3988707,605.2241115570068,363.0,573.0,324.0
2,1764110035.4297767,610.0507645606995,363.0,557.0,344.0
2,1764110035.4636755,614.8823170661926,363.0,558.0,342.0
2,1764110035.4967892,619.6127681732178,363.0,568.0,322.0
2,1764110035.5324845,624.4600563049316,363.0,571.0,310.0
2,1764110035.5672178,629.2120008468628,363.0,630.0,306.0
2,1764110035.6015537,634.0543537139893,363.0,642.0,318.0
2,1764110035.6416333,641.202440738678,363.0,634.0,324.0
2,1764110035.677131,646.1704640388489,363.0,647.0,315.0
2,1764110035.7066286,650.8469133377075,363.0,666.0,312.0
2,1764110035.746899,658.119526386261,363.0,663.0,305.0
2,1764110035.7870932,662.8129630088806,363.0,655.0,304.0
2,1764110035.8273025,670.180061340332,363.0,666.0,309.0
2,1764110035.8720653,674.8743205070496,363.0,696.0,314.0
2,1764110035.9167588,682.1062712669373,363.0,706.0,312.0
2,1764110035.9521186,687.0086698532104,363.0,698.0,318.0
2,1764110035.9919322,694.0621285438538,363.0,678.0,326.0
2,1764110036.032031,698.9194302558899,363.0,666.0,324.0
2,1764110036.0769472,706.0993819236755,363.0,674.0,309.0
2,1764110036.1126409,710.85311460495,363.0,681.0,302.0
2,1764110036.1527421,718.0137543678284,363.0,683.0,316.0
2,1764110036.2017403,725.2201704978943,363.0,688.0,327.0
2,1764110036.2426941,730.0645618438721,363.0,678.0,327.0
2,1764110036.282175,737.2752695083618,363.0,671.0,327.0
2,1764110036.310728,742.0459537506104,363.0,665.0,327.0
2,1764110036.3372426,744.4586544036865,363.0,665.0,333.0
2,1764110036.378229,751.6560225486755,363.0,653.0,337.0
2,1764110036.412503,756.513503074646,363.0,647.0,339.0
2,1764110036.4566526,763.7372283935547,363.0,657.0,345.0
2,1764110036.486975,768.5315160751343,363.0,698.0,342.0
2,1764110036.5269997,773.3391790390015,363.0,705.0,342.0
2,1764110036.5619583,778.0995635986328,363.0,706.0,339.0
2,1764110036.5995543,785.2962522506714,363.0,697.0,351.0
2,1764110036.6436193,790.0523810386658,363.0,695.0,360.0
2,1764110036.6823177,797.2455291748047,363.0,699.0,357.0
2,1764110036.7124476,802.1741418838501,363.0,711.0,370.0
2,1764110036.744363,806.896689414978,363.0,725.0,371.0
2,1764110036.7827485,811.6061120033264,363.0,714.0,365.0
2,1764110036.816819,816.5424852371216,363.0,713.0,364.0
2,1764110036.8747158,826.1241583824158,363.0,723.0,356.0
2,1764110036.9121292,830.8047204017639,363.0,752.0,351.0
2,1764110036.9518378,838.112452507019,363.0,843.0,348.0
2,1764110036.992948,842.9678945541382,363.0,867.0,331.0
2,1764110037.0329046,850.0521092414856,363.0,869.0,314.0
2,1764110037.0798604,857.3089509010315,363.0,868.0,315.0
2,1764110037.12153,862.0708374977112,363.0,870.0,318.0
2,1764110037.167031,869.368842124939,363.0,863.0,324.0
2,1764110037.2128274,876.4367489814758,363.0,868.0,327.0
2,1764110037.2415462,881.229033946991,363.0,868.0,348.0
2,1764110037.2824645,886.1428050994873,363.0,868.0,351.0
2,1764110037.3159444,890.8472566604614,363.0,872.0,340.0
2,1764110037.3469212,898.1228737831116,363.0,857.0,338.0
2,1764110037.3856046,902.9314665794373,363.0,854.0,315.0
2,1764110037.4215424,907.7502517700195,363.0,864.0,300.0
2,1764110037.4521894,912.489643573761,363.0,870.0,303.0
2,1764110037.486575,917.2962694168091,363.0,869.0,309.0
2,1764110037.5174806,922.0806865692139,363.0,882.0,306.0
2,1764110037.5589857,929.3098478317261,363.0,902.0,301.0
2,1764110037.6073828,936.493983745575,363.0,911.0,306.0
2,1764110037.6317005,938.850179195404,363.0,900.0,327.0
2,1764110037.672009,946.0266618728638,363.0,965.0,328.0
2,1764110037.6967285,948.4829931259155,363.0,979.0,314.0
2,1764110037.7368457,955.7046084403992,363.0,988.0,330.0
2,1764110037.7721126,960.5314402580261,363.0,960.0,339.0
2,1764110037.8076487,965.3112440109253,363.0,941.0,335.0
2,1764110037.841734,970.0373320579529,363.0,944.0,330.0
2,1764110037.8813372,977.4626522064209,363.0,940.0,324.0
2,1764110037.917398,982.0872812271118,363.0,933.0,330.0
2,1764110037.9521425,986.9583158493042,363.0,935.0,337.0
2,1764110037.9912548,994.001546382904,363.0,932.0,342.0
2,1764110038.027115,998.803165435791,363.0,941.0,339.0
2,1764110038.066725,1006.0934453010559,363.0,938.0,334.0
2,1764110038.1057549,1010.9626202583313,363.0,938.0,335.0
2,1764110038.1505194,1018.0137186050415,363.0,955.0,334.0
2,1764110038.1827955,1022.904351234436,363.0,952.0,325.0
2,1764110038.2150466,1027.6811509132385,363.0,958.0,326.0
2,1764110038.2574317,1032.5012593269348,363.0,967.0,347.0
2,1764110038.2959955,1039.6941213607788,363.0,986.0,363.0
2,1764110038.3284566,1044.4982438087463,363.0,1047.0,344.0
2,1764110038.3619611,1049.3037967681885,363.0,1053.0,333.0
2,1764110038.3974779,1054.14825963974,363.0,1059.0,333.0
2,1764110038.4302497,1058.8436632156372,363.0,1064.0,344.0
2,1764110038.4767008,1066.1431341171265,363.0,1064.0,358.0
2,1764110038.5126495,1070.8625345230103,363.0,1061.0,370.0
2,1764110038.549249,1078.0217080116272,363.0,1061.0,372.0
2,1764110038.5829604,1082.8363089561462,363.0,1067.0,357.0
2,1764110038.6173308,1087.7070932388306,363.0,1073.0,348.0
2,1764110038.6522238,1092.4850730895996,363.0,1079.0,349.0
2,1764110038.6867847,1097.3227767944336,363.0,1083.0,349.0
2,1764110038.7321584,1104.4668583869934,363.0,1092.0,345.0
2,1764110038.7629545,1109.4149618148804,363.0,1090.0,351.0
2,1764110038.7954292,1114.0797882080078,363.0,1066.0,369.0
2,1764110038.8413332,1121.3412790298462,363.0,1070.0,366.0
2,1764110038.878802,1126.0112552642822,363.0,1068.0,370.0
2,1764110038.9070773,1130.816379070282,363.0,1076.0,363.0
2,1764110038.9418194,1135.6791524887085,363.0,1084.0,355.0
2,1764110038.9837267,1143.0063037872314,363.0,1085.0,343.0
2,1764110039.0166144,1147.7235941886902,363.0,1081.0,342.0
2,1764110039.056977,1152.5498180389404,363.0,1090.0,337.0
2,1764110039.096718,1159.7472577095032,363.0,1096.0,337.0
2,1764110039.1318197,1164.5111112594604,363.0,1098.0,350.0
2,1764110039.1869195,1174.1226105690002,363.0,1101.0,358.0
2,1764110039.2240112,1178.8638262748718,363.0,1104.0,360.0
2,1764110039.2666967,1186.0891966819763,363.0,1128.0,341.0
2,1764110039.303032,1190.8933191299438,363.0,1147.0,328.0
2,1764110039.3467088,1198.0910091400146,363.0,1153.0,321.0
2,1764110039.382947,1202.8660206794739,363.0,1138.0,325.0
2,1764110039.4171305,1207.607093334198,363.0,1135.0,339.0
2,1764110039.4467456,1212.4982624053955,363.0,1190.0,340.0
2,1764110039.4872978,1217.2852902412415,363.0,1197.0,343.0
2,1764110039.5217729,1222.1534280776978,363.0,1189.0,348.0
2,1764110039.5670023,1229.332700252533,363.0,1185.0,360.0
2,1764110039.597698,1234.044626235962,363.0,1188.0,359.0
2,1764110039.627519,1238.8993887901306,363.0,1194.0,357.0
2,1764110039.661842,1243.6521201133728,363.0,1202.0,348.0
2,1764110039.70205,1250.9191541671753,363.0,1212.0,334.0
2,1764110039.7266335,1253.3610372543335,363.0,1215.0,327.0
2,1764110039.7617593,1258.0748229026794,363.0,1214.0,328.0
2,1764110039.8022063,1265.203025817871,363.0,1209.0,335.0
2,1764110039.829394,1270.3158526420593,363.0,1204.0,345.0
2,1764110039.8665013,1274.8374490737915,363.0,1204.0,352.0
2,1764110039.902474,1279.6893863677979,363.0,1201.0,361.0
2,1764110039.9374833,1284.4947962760925,363.0,1243.0,364.0
2,1764110039.9768486,1291.7741327285767,363.0,1259.0,335.0
2,1764110040.0070076,1296.412709236145,363.0,1261.0,308.0
2,1764110040.047429,1301.279595375061,363.0,1253.0,300.0
2,1764110040.086517,1308.4436326026917,363.0,1269.0,300.0
2,1764110040.1215048,1313.216212272644,363.0,1280.0,302.0
2,1764110040.157536,1318.0543451309204,363.0,1286.0,292.0
2,1764110040.1916554,1322.9082493782043,363.0,1295.0,282.0
2,1764110040.2225842,1327.6573328971863,363.0,1306.0,291.0
2,1764110040.2569509,1332.6046495437622,363.0,1304.0,303.0
2,1764110040.296967,1339.7303133010864,363.0,1293.0,313.0
2,1764110040.3488128,1346.9247846603394,363.0,1366.0,321.0
2,1764110040.3954556,1354.1142492294312,363.0,1386.0,321.0
2,1764110040.4321182,1358.8313965797424,363.0,1389.0,339.0
2,1764110040.4623313,1363.6622695922852,363.0,1400.0,348.0
2,1764110040.4968479,1368.468966960907,363.0,1417.0,362.0
2,1764110040.53572,1375.6401925086975,363.0,1426.0,365.0
2,1764110040.5771234,1380.4072647094727,363.0,1428.0,362.0
2,1764110040.62241,1387.7031593322754,363.0,1430.0,355.0
2,1764110040.665395,1394.8362975120544,363.0,1419.0,348.0
2,1764110040.7104828,1402.0237593650818,363.0,1414.0,341.0
2,1764110040.7474663,1406.8331389427185,363.0,1434.0,332.0
2,1764110040.7865582,1414.0684156417847,363.0,1441.0,341.0
2,1764110040.826689,1418.8074140548706,363.0,1473.0,372.0
2,1764110040.871509,1426.0328917503357,363.0,1485.0,386.0
2,1764110040.9120128,1430.8714179992676,363.0,1488.0,382.0
2,1764110040.952092,1438.0492238998413,363.0,1496.0,384.0
2,1764110040.9873102,1442.890968799591,363.0,1505.0,386.0
2,1764110041.0328438,1450.019350528717,363.0,1512.0,370.0
2,1764110041.0723557,1454.8064856529236,363.0,1512.0,361.0
2,1764110041.116901,1462.1122150421143,363.0,1509.0,360.0
2,1764110041.1601331,1469.2071228027344,363.0,1504.0,354.0
2,1764110041.1967964,1474.116852760315,363.0,1494.0,354.0
2,1764110041.242506,1481.3257722854614,363.0,1510.0,358.0
2,1764110041.2886305,1488.4653477668762,363.0,1526.0,362.0
2,1764110041.3421166,1495.7398920059204,363.0,1532.0,370.0
2,1764110041.3869588,1502.8337984085083,363.0,1539.0,372.0
2,1764110041.4374413,1510.209551334381,363.0,1584.0,352.0
2,1764110041.5002854,1519.6158080101013,363.0,1579.0,342.0
2,1764110041.5319564,1524.4450001716614,363.0,1586.0,335.0
2,1764110041.5746796,1531.6695837974548,363.0,1586.0,359.0
2,1764110041.6126523,1536.507001399994,363.0,1587.0,363.0
2,1764110041.661684,1543.7028675079346,363.0,1586.0,368.0
2,1764110041.7035272,1550.9437589645386,363.0,1575.0,372.0
2,1764110041.742539,1555.6537895202637,363.0,1570.0,359.0
2,1764110041.776537,1560.4953198432922,363.0,1570.0,345.0
2,1764110041.817369,1567.728021621704,363.0,1596.0,336.0
2,1764110041.852621,1572.4114089012146,363.0,1634.0,328.0
2,1764110041.8967903,1579.6405701637268,363.0,1642.0,327.0
2,1764110041.9223835,1582.0739059448242,363.0,1636.0,348.0
2,1764110041.952118,1586.8870406150818,363.0,1640.0,353.0
2,1764110041.9920988,1594.074252128601,363.0,1637.0,352.0
2,1764110042.0315387,1598.892322063446,363.0,1646.0,338.0
2,1764110042.0694492,1606.0478477478027,363.0,1675.0,339.0
2,1764110042.1028857,1610.8781127929688,363.0,1718.0,340.0
2,1764110042.1342993,1615.759804725647,363.0,1734.0,347.0
2,1764110042.1820042,1622.8713064193726,363.0,1743.0,342.0
2,1764110042.207072,1625.2172379493713,363.0,1759.0,333.0
2,1764110042.2513719,1632.4832706451416,363.0,1741.0,332.0
2,1764110042.2834454,1637.3051671981812,363.0,1727.0,337.0
2,1764110042.3169224,1642.0340447425842,363.0,1724.0,337.0
2,1764110042.3515043,1646.8289761543274,363.0,1723.0,336.0
2,1764110042.3870153,1654.1369943618774,363.0,1717.0,357.0
2,1764110042.4272003,1658.8363318443298,363.0,1718.0,364.0
2,1764110042.4623373,1663.6062650680542,363.0,1710.0,366.0
2,1764110042.4922676,1668.4903888702393,363.0,1765.0,370.0
2,1764110042.5360377,1675.6927638053894,363.0,1757.0,388.0
2,1764110042.5690322,1680.50403881073,363.0,1763.0,389.0
2,1764110042.6169152,1687.6611738204956,363.0,1770.0,383.0
2,1764110042.6652133,1694.9229865074158,363.0,1763.0,387.0
2,1764110042.7066147,1702.0769028663635,363.0,1759.0,390.0
2,1764110042.7368183,1704.4918565750122,363.0,1747.0,390.0
2,1764110042.7773545,1711.6801409721375,363.0,1735.0,395.0
2,1764110042.80751,1716.5429859161377,363.0,1744.0,400.0
2,1764110042.842011,1721.2574152946472,363.0,1752.0,403.0
3,1764110042.8772597,1726.1049180030823,363.0,1748.0,404.0
3,1764110042.9123647,1726.1049180030823,363.0,1749.0,394.0
3,1764110042.9418309,1726.1049180030823,363.0,1764.0,387.0
3,1764110042.9718199,1726.1049180030823,363.0,1768.0,391.0
3,1764110043.0065618,1726.1049180030823,363.0,1761.0,394.0
3,1764110043.0370967,1726.1049180030823,363.0,1762.0,391.0
3,1764110043.072101,1726.1049180030823,363.0,1755.0,392.0
3,1764110043.1024387,1726.1049180030823,363.0,1728.0,391.0
3,1764110043.132469,1726.1049180030823,363.0,1732.0,394.0
3,1764110043.1668587,1726.1049180030823,363.0,1736.0,391.0
3,1764110043.1927192,1726.1049180030823,363.0,1736.0,390.0
3,1764110043.2268603,1726.1049180030823,363.0,1738.0,394.0
3,1764110043.2622597,1726.1049180030823,363.0,1742.0,396.0
3,1764110043.2925854,1726.1049180030823,363.0,1744.0,391.0
3,1764110043.3265185,1726.1049180030823,363.0,1735.0,395.0
3,1764110043.3616538,1726.1049180030823,363.0,1737.0,410.0
3,1764110043.3918655,180.54219770431519,456.0,1584.0,428.0
3,1764110043.4266798,185.35976696014404,456.0,965.0,454.0
3,1764110043.469344,192.44848775863647,456.0,560.0,397.0
3,1764110043.5022051,197.32263374328613,456.0,565.0,403.0
3,1764110043.5369792,202.20897483825684,456.0,588.0,399.0
3,1764110043.572584,206.86979579925537,456.0,585.0,402.0
3,1764110043.607288,211.73407125473022,456.0,582.0,394.0
3,1764110043.651834,218.96190929412842,456.0,513.0,389.0
3,1764110043.687298,223.73495388031006,456.0,294.0,387.0
3,1764110043.7416024,233.30003309249878,456.0,295.0,395.0
3,1764110043.7728055,238.07139682769775,456.0,282.0,433.0
3,1764110043.8068638,242.8561716079712,456.0,282.0,430.0
3,1764110043.8377087,247.68951225280762,456.0,266.0,417.0
3,1764110043.8843167,254.8378496170044,456.0,232.0,406.0
3,1764110043.9331455,262.1601014137268,456.0,225.0,389.0
3,1764110043.9569702,264.54894828796387,456.0,232.0,365.0
3,1764110043.9966407,271.67629289627075,456.0,225.0,383.0
3,1764110044.0375035,276.45967292785645,456.0,218.0,392.0
3,1764110044.0799768,283.7515621185303,456.0,256.0,390.0
3,1764110044.107691,288.54184436798096,456.0,261.0,380.0
3,1764110044.1415439,293.2620315551758,456.0,270.0,385.0
3,1764110044.1770391,298.064902305603,456.0,260.0,394.0
3,1764110044.211935,302.9642252922058,456.0,245.0,419.0
3,1764110044.2466717,307.6413540840149,456.0,249.0,422.0
3,1764110044.2776692,312.4959020614624,456.0,273.0,411.0
3,1764110044.3120534,317.35742378234863,456.0,290.0,413.0
3,1764110044.3509078,324.5580463409424,456.0,293.0,423.0
3,1764110044.3867295,329.28899812698364,456.0,280.0,426.0
3,1764110044.4224923,334.1398983001709,456.0,296.0,427.0
3,1764110044.4651237,341.27210664749146,456.0,315.0,431.0
3,1764110044.4918096,346.0579900741577,456.0,339.0,416.0
3,1764110044.5331457,350.83732891082764,456.0,355.0,401.0
3,1764110044.562617,355.67285108566284,456.0,372.0,413.0
3,1764110044.5977986,360.46456384658813,456.0,374.0,426.0
3,1764110044.6315746,365.3052716255188,456.0,370.0,431.0
3,1764110044.6687675,372.4737434387207,456.0,369.0,423.0
3,1764110044.699998,377.21778440475464,456.0,357.0,401.0
3,1764110044.7372737,382.1422486305237,456.0,345.0,407.0
3,1764110044.7803428,389.2817168235779,456.0,350.0,412.0
3,1764110044.8217509,394.0422444343567,456.0,363.0,409.0
3,1764110044.8670409,401.23914766311646,456.0,396.0,416.0
3,1764110044.898937,406.1035304069519,456.0,443.0,406.0
3,1764110044.9272115,410.93672800064087,456.0,424.0,398.0
3,1764110044.9671886,415.713885307312,456.0,438.0,409.0
3,1764110044.9971292,420.49300956726074,456.0,456.0,397.0
3,1764110045.032089,425.34712839126587,456.0,461.0,386.0
3,1764110045.0616856,430.0238995552063,456.0,468.0,387.0
3,1764110045.099749,437.2735528945923,456.0,462.0,390.0
3,1764110045.1373873,442.0894412994385,456.0,462.0,392.0
3,1764110045.1657639,446.9471364021301,456.0,461.0,390.0
3,1764110045.201494,451.66278171539307,456.0,444.0,384.0
3,1764110045.2371514,456.5257339477539,456.0,447.0,384.0
3,1764110045.2865186,463.66194772720337,456.0,456.0,388.0
3,1764110045.3167498,468.49521684646606,456.0,472.0,401.0
3,1764110045.350288,473.3532338142395,456.0,476.0,416.0
3,1764110045.3877573,480.49366760253906,456.0,484.0,411.0
3,1764110045.420483,485.270610332489,456.0,513.0,402.0
3,1764110045.453204,490.15362548828125,456.0,529.0,389.0
3,1764110045.4919415,494.9667959213257,456.0,533.0,387.0
3,1764110045.5217612,499.63712978363037,456.0,508.0,393.0
3,1764110045.5567434,504.5243649482727,456.0,499.0,397.0
3,1764110045.5922167,509.2608242034912,456.0,505.0,395.0
3,1764110045.627696,516.5188460350037,456.0,504.0,383.0
3,1764110045.6624126,521.2220101356506,456.0,499.0,367.0
3,1764110045.6973803,526.1078505516052,456.0,532.0,365.0
3,1764110045.7365832,533.324387550354,456.0,579.0,373.0
3,1764110045.7725852,538.1524353027344,456.0,597.0,370.0
3,1764110045.8058803,542.9094223976135,456.0,588.0,351.0
3,1764110045.8426628,547.8756217956543,456.0,577.0,329.0
3,1764110045.8860946,554.865816116333,456.0,577.0,321.0
3,1764110045.9215658,559.6685080528259,456.0,584.0,337.0
3,1764110045.9673219,566.8676643371582,456.0,590.0,368.0
3,1764110046.0187979,574.1186408996582,456.0,594.0,407.0
3,1764110046.0466442,578.8472323417664,456.0,598.0,408.0
3,1764110046.071888,581.2006740570068,456.0,613.0,391.0
3,1764110046.1116352,588.5504989624023,456.0,615.0,398.0
3,1764110046.1465585,593.3248310089111,456.0,607.0,398.0
3,1764110046.182614,598.0377225875854,456.0,614.0,406.0
3,1764110046.222133,605.3505330085754,456.0,622.0,399.0
3,1764110046.2566454,610.0967197418213,456.0,610.0,374.0
3,1764110046.2923295,614.8666172027588,456.0,603.0,360.0
3,1764110046.3354723,622.0722465515137,456.0,599.0,347.0
3,1764110046.3716962,626.9667415618896,456.0,604.0,352.0
3,1764110046.4019558,631.6145448684692,456.0,736.0,362.0
3,1764110046.4319077,636.4053993225098,456.0,764.0,368.0
3,1764110046.467034,641.2826209068298,456.0,767.0,353.0
3,1764110046.4977431,646.0383563041687,456.0,759.0,338.0
3,1764110046.5326002,650.8533148765564,456.0,745.0,334.0
3,1764110046.5669806,655.6771426200867,456.0,737.0,352.0
3,1764110046.603884,662.9292278289795,456.0,746.0,374.0
3,1764110046.6321476,665.2466921806335,456.0,769.0,380.0
3,1764110046.6717405,672.5035696029663,456.0,720.0,388.0
3,1764110046.7020357,677.2589831352234,456.0,730.0,411.0
3,1764110046.741792,682.1574120521545,456.0,723.0,422.0
3,1764110046.7822185,689.2639784812927,456.0,716.0,414.0
3,1764110046.8171537,694.0377740859985,456.0,731.0,414.0
3,1764110046.8519874,698.874297618866,456.0,763.0,424.0
3,1764110046.886986,703.7593512535095,456.0,770.0,445.0
3,1764110046.9323146,710.812237739563,456.0,775.0,465.0
3,1764110046.9670126,715.6736521720886,456.0,774.0,476.0
3,1764110047.0119622,722.9573874473572,456.0,772.0,467.0
3,1764110047.0526562,730.5660634040833,456.0,771.0,451.0
3,1764110047.096741,737.3480467796326,456.0,787.0,447.0
3,1764110047.1365743,742.1589641571045,456.0,784.0,449.0
3,1764110047.1764886,749.3101983070374,456.0,773.0,460.0
3,1764110047.206582,751.6843824386597,456.0,777.0,485.0
3,1764110047.2429445,758.823814868927,456.0,785.0,495.0
3,1764110047.277492,763.7099771499634,456.0,801.0,480.0
3,1764110047.317482,768.4416799545288,456.0,803.0,453.0
3,1764110047.3466084,773.2564597129822,456.0,804.0,433.0
3,1764110047.3823473,778.0906229019165,456.0,817.0,433.0
3,1764110047.4123387,782.9619793891907,456.0,830.0,438.0
3,1764110047.447451,787.707236289978,456.0,843.0,448.0
3,1764110047.4873064,794.8310403823853,456.0,846.0,459.0
3,1764110047.5196135,799.6227889060974,456.0,824.0,454.0
3,1764110047.556822,804.4131426811218,456.0,860.0,439.0
3,1764110047.5927305,809.27681016922,456.0,859.0,412.0
3,1764110047.6290467,816.4119868278503,456.0,864.0,413.0
3,1764110047.6667275,821.2371377944946,456.0,860.0,423.0
3,1764110047.708995,828.519871711731,456.0,871.0,430.0
3,1764110047.7405612,833.2741050720215,456.0,877.0,419.0
3,1764110047.7772233,838.1422786712646,456.0,867.0,414.0
3,1764110047.811877,842.8483395576477,456.0,849.0,433.0
3,1764110047.8526418,850.122848033905,456.0,854.0,446.0
3,1764110047.893211,854.8783330917358,456.0,875.0,445.0
3,1764110047.9175198,859.7857027053833,456.0,874.0,459.0
3,1764110047.9574482,864.4532828330994,456.0,863.0,464.0
3,1764110047.9924347,869.3155198097229,456.0,866.0,458.0
3,1764110048.0296683,876.5378861427307,456.0,882.0,451.0
3,1764110048.0668616,881.2331466674805,456.0,884.0,443.0
3,1764110048.108426,888.4498267173767,456.0,875.0,432.0
3,1764110048.1471896,893.3368830680847,456.0,886.0,435.0
3,1764110048.1875322,900.4558591842651,456.0,906.0,449.0
3,1764110048.2272844,905.3169159889221,456.0,915.0,440.0
3,1764110048.2622252,910.0011973381042,456.0,913.0,447.0
3,1764110048.2992983,917.2820000648499,456.0,903.0,455.0
3,1764110048.3370643,922.1192388534546,456.0,904.0,459.0
3,1764110048.386919,929.2346744537354,456.0,928.0,456.0
3,1764110048.4223258,934.0958027839661,456.0,960.0,450.0
3,1764110048.4523382,938.8407378196716,456.0,955.0,452.0
3,1764110048.4874406,943.7094836235046,456.0,957.0,446.0
3,1764110048.5249088,950.9048490524292,456.0,961.0,447.0
3,1764110048.5529099,953.388753414154,456.0,962.0,434.0
3,1764110048.59239,960.4153900146484,456.0,964.0,422.0
3,1764110048.627083,965.3553037643433,456.0,969.0,432.0
3,1764110048.6619186,970.0362234115601,456.0,977.0,451.0
3,1764110048.7012296,977.2704272270203,456.0,981.0,470.0
3,1764110048.7374613,982.0063858032227,456.0,978.0,476.0
3,1764110048.7672057,986.8059306144714,456.0,974.0,471.0
3,1764110048.8016868,991.7340784072876,456.0,958.0,484.0
3,1764110048.8435822,998.8731889724731,456.0,943.0,485.0
3,1764110048.8724296,1001.3365297317505,456.0,942.0,488.0
3,1764110048.9093463,1008.5516004562378,456.0,966.0,484.0
3,1764110048.9418924,1013.263991355896,456.0,998.0,475.0
3,1764110048.9821968,1018.3117299079895,456.0,1006.0,482.0
3,1764110049.0202491,1025.2701668739319,456.0,1002.0,485.0
3,1764110049.0543087,1030.1202445030212,456.0,1004.0,467.0
3,1764110049.0887136,1034.916856765747,456.0,1011.0,443.0
3,1764110049.1274133,1039.634647846222,456.0,1012.0,442.0
3,1764110049.1646261,1046.8935279846191,456.0,1008.0,439.0
3,1764110049.2066908,1051.7500429153442,456.0,1017.0,427.0
3,1764110049.2450204,1058.8603286743164,456.0,1031.0,414.0
3,1764110049.293185,1066.0664944648743,456.0,1082.0,413.0
3,1764110049.3260186,1070.9662108421326,456.0,1062.0,427.0
3,1764110049.3665066,1075.6120829582214,456.0,1053.0,446.0
3,1764110049.4040132,1082.8232913017273,456.0,1063.0,448.0
3,1764110049.4317045,1085.263708114624,456.0,1082.0,446.0
3,1764110049.472523,1092.5476579666138,456.0,1095.0,432.0
3,1764110049.507524,1097.2546129226685,456.0,1097.0,413.0
3,1764110049.541947,1102.091100692749,456.0,1096.0,405.0
3,1764110049.5816865,1109.32905960083,456.0,1105.0,396.0
3,1764110049.6177619,1114.1921548843384,456.0,1113.0,403.0
3,1764110049.652243,1118.9241437911987,456.0,1109.0,437.0
3,1764110049.6928723,1126.1264472007751,456.0,1128.0,456.0
3,1764110049.7232714,1130.8358697891235,456.0,1119.0,431.0
3,1764110049.7522829,1133.216383934021,456.0,1113.0,417.0
3,1764110049.7885287,1140.4768018722534,456.0,1182.0,398.0
3,1764110049.8218772,1145.3580288887024,456.0,1197.0,398.0
3,1764110049.8570013,1150.0845818519592,456.0,1219.0,393.0
3,1764110049.900619,1157.2528748512268,456.0,1228.0,388.0
3,1764110049.9265592,1159.6531300544739,456.0,1230.0,397.0
3,1764110049.9723778,1166.8569712638855,456.0,1225.0,410.0
3,1764110049.9977076,1171.676507472992,456.0,1222.0,418.0
3,1764110050.0365827,1176.4450817108154,456.0,1228.0,408.0
3,1764110050.0717387,1181.2453417778015,456.0,1233.0,394.0
3,1764110050.1088402,1188.5570793151855,456.0,1235.0,391.0
3,1764110050.1367671,1193.3519749641418,456.0,1232.0,391.0
3,1764110050.1723635,1198.0929760932922,456.0,1228.0,377.0
3,1764110050.2203996,1205.2212862968445,456.0,1226.0,371.0
3,1764110050.2558851,1210.1102023124695,456.0,1217.0,385.0
3,1764110050.2923145,1214.9248747825623,456.0,1211.0,393.0
3,1764110050.3265247,1219.6898012161255,456.0,1216.0,393.0
3,1764110050.3688827,1226.880910873413,456.0,1220.0,395.0
3,1764110050.4039185,1231.7623167037964,456.0,1229.0,415.0
3,1764110050.4468558,1238.9458804130554,456.0,1219.0,426.0
3,1764110050.4824018,1243.6492590904236,456.0,1214.0,418.0
3,1764110050.517358,1248.4066038131714,456.0,1244.0,402.0
3,1764110050.5576463,1255.6754260063171,456.0,1264.0,396.0
3,1764110050.5899234,1260.5775027275085,456.0,1265.0,408.0
3,1764110050.6192808,1265.2092127799988,456.0,1243.0,428.0
3,1764110050.6576574,1270.0006394386292,456.0,1231.0,432.0
3,1764110050.692116,1274.8627333641052,456.0,1229.0,421.0
3,1764110050.7218971,1279.6453981399536,456.0,1228.0,408.0
3,1764110050.7573426,1284.4868569374084,456.0,1247.0,408.0
3,1764110050.7966678,1291.6361956596375,456.0,1274.0,413.0
3,1764110050.832188,1296.4162139892578,456.0,1300.0,423.0
3,1764110050.8667579,1301.2746243476868,456.0,1309.0,424.0
3,1764110050.9025104,1306.0849695205688,456.0,1315.0,408.0
3,1764110050.939716,1313.2753639221191,456.0,1322.0,403.0
3,1764110050.9734595,1318.0768399238586,456.0,1352.0,393.0
3,1764110051.0057495,1322.8837876319885,456.0,1370.0,406.0
3,1764110051.0369747,1327.7682332992554,456.0,1371.0,415.0
3,1764110051.0911102,1334.8609952926636,456.0,1368.0,421.0
3,1764110051.1167426,1339.655855178833,456.0,1369.0,443.0
3,1764110051.15217,1344.5400862693787,456.0,1385.0,453.0
3,1764110051.1871305,1349.2545156478882,456.0,1397.0,442.0
3,1764110051.222207,1354.073694229126,456.0,1411.0,431.0
3,1764110051.2566183,1361.3296418190002,456.0,1426.0,437.0
3,1764110051.288179,1363.7185244560242,456.0,1425.0,439.0
3,1764110051.3266234,1370.8174376487732,456.0,1411.0,433.0
3,1764110051.3625004,1375.7279543876648,456.0,1409.0,430.0
3,1764110051.409138,1382.8818349838257,456.0,1415.0,423.0
3,1764110051.440317,1387.6755504608154,456.0,1410.0,418.0
3,1764110051.476849,1392.4699811935425,456.0,1411.0,407.0
3,1764110051.5203674,1399.6938853263855,456.0,1437.0,400.0
3,1764110051.557606,1404.4845609664917,456.0,1443.0,389.0
3,1764110051.5922658,1409.3203692436218,456.0,1449.0,382.0
3,1764110051.6287835,1416.5558605194092,456.0,1458.0,377.0
3,1764110051.6565628,1421.3213233947754,456.0,1491.0,378.0
3,1764110051.693897,1426.124873638153,456.0,1490.0,370.0
3,1764110051.7316566,1430.9333233833313,456.0,1479.0,378.0
3,1764110051.761643,1435.6937794685364,456.0,1468.0,387.0
3,1764110051.8077316,1442.9625301361084,456.0,1466.0,391.0
3,1764110051.8367314,1447.7348952293396,456.0,1474.0,403.0
3,1764110051.8732393,1452.482548236847,456.0,1476.0,412.0
3,1764110051.9121335,1457.3190360069275,456.0,1471.0,405.0
3,1764110051.9421816,1462.1552019119263,456.0,1468.0,397.0
3,1764110051.9770246,1469.390585899353,456.0,1485.0,401.0
3,1764110052.0171368,1474.0737943649292,456.0,1583.0,378.0
3,1764110052.0523582,1478.8352160453796,456.0,1583.0,385.0
3,1764110052.086608,1483.7369709014893,456.0,1575.0,376.0
3,1764110052.1233065,1490.8828763961792,456.0,1598.0,356.0
3,1764110052.1568694,1495.6865696907043,456.0,1597.0,344.0
3,1764110052.1918657,1500.4444150924683,456.0,1593.0,349.0
3,1764110052.2326543,1505.3326516151428,456.0,1606.0,363.0
3,1764110052.268466,1512.4149708747864,456.0,1561.0,387.0
3,1764110052.3023314,1517.2088294029236,456.0,1567.0,394.0
3,1764110052.3393338,1522.1078662872314,456.0,1554.0,415.0
3,1764110052.3816261,1529.243793964386,456.0,1558.0,408.0
3,1764110052.4131021,1534.065011024475,456.0,1570.0,406.0
3,1764110052.452522,1538.9551787376404,456.0,1579.0,396.0
3,1764110052.4928977,1546.1198239326477,456.0,1592.0,391.0
3,1764110052.5275443,1550.8137969970703,456.0,1587.0,405.0
3,1764110052.5624712,1555.7125835418701,456.0,1587.0,420.0
3,1764110052.606436,1562.998106956482,456.0,1603.0,418.0
3,1764110052.6426108,1567.676022529602,456.0,1612.0,412.0
3,1764110052.683115,1574.8513250350952,456.0,1597.0,394.0
3,1764110052.712058,1577.3335127830505,456.0,1648.0,369.0
3,1764110052.7492204,1584.5451860427856,456.0,1661.0,374.0
3,1764110052.7822287,1589.3473773002625,456.0,1674.0,366.0
3,1764110052.8167474,1594.1530017852783,456.0,1688.0,355.0
3,1764110052.8519592,1598.9047317504883,456.0,1685.0,349.0
3,1764110052.8931959,1606.14462184906,456.0,1676.0,357.0
3,1764110052.9284282,1610.8523635864258,456.0,1665.0,350.0
3,1764110052.9515958,1613.2598786354065,456.0,1652.0,340.0
3,1764110052.9890437,1620.5627827644348,456.0,1654.0,341.0
3,1764110053.023869,1625.3161935806274,456.0,1668.0,354.0
3,1764110053.0712466,1632.5286536216736,456.0,1668.0,371.0
3,1764110053.0920908,1634.8282723426819,456.0,1692.0,390.0
3,1764110053.1272182,1639.6732001304626,456.0,1705.0,384.0
3,1764110053.1657457,1646.9505338668823,456.0,1703.0,396.0
3,1764110053.1918647,1649.2005853652954,456.0,1708.0,402.0
3,1764110053.2298148,1656.5212993621826,456.0,1723.0,402.0
3,1764110053.2675943,1661.2238912582397,456.0,1725.0,401.0
3,1764110053.302405,1666.033950328827,456.0,1717.0,404.0
3,1764110053.3424284,1673.3092455863953,456.0,1718.0,400.0
3,1764110053.3675463,1675.6601123809814,456.0,1702.0,405.0
3,1764110053.403517,1682.8677444458008,456.0,1679.0,411.0
3,1764110053.4374173,1687.6546292304993,456.0,1669.0,411.0
3,1764110053.4720342,1692.4635438919067,456.0,1683.0,420.0
3,1764110053.507253,1697.3111896514893,456.0,1689.0,415.0
3,1764110053.5416493,1702.1005778312683,456.0,1686.0,413.0
3,1764110053.5766764,1709.338357925415,456.0,1685.0,413.0
3,1764110053.6122441,1714.1577153205872,456.0,1681.0,421.0
3,1764110053.6464427,1718.8058762550354,456.0,1730.0,418.0
4,1764110053.6934044,1726.0167269706726,456.0,1730.0,427.0
4,1764110053.7370908,1726.0167269706726,456.0,1737.0,434.0
4,1764110053.772287,1726.0167269706726,456.0,1750.0,420.0
4,1764110053.8019507,1726.0167269706726,456.0,1763.0,408.0
4,1764110053.836754,1726.0167269706726,456.0,1764.0,402.0
4,1764110053.8615413,1726.0167269706726,456.0,1761.0,398.0
4,1764110053.897152,1726.0167269706726,456.0,1757.0,401.0
4,1764110053.9271374,1726.0167269706726,456.0,1761.0,406.0
4,1764110053.961643,1726.0167269706726,456.0,1762.0,406.0
4,1764110053.9923162,1726.0167269706726,456.0,1753.0,402.0
4,1764110054.0224202,1726.0167269706726,456.0,1745.0,395.0
4,1764110054.0576699,1726.0167269706726,456.0,1746.0,391.0
4,1764110054.091666,1726.0167269706726,456.0,1755.0,385.0
4,1764110054.1218247,1726.0167269706726,456.0,1522.0,368.0
4,1764110054.1522071,1726.0167269706726,456.0,1101.0,365.0
4,1764110054.1823459,1726.0167269706726,456.0,652.0,345.0
4,1764110054.2165382,180.54380702972412,549.0,411.0,330.0
4,1764110054.2596834,187.64547395706177,549.0,373.0,335.0
4,1764110054.2971678,192.52358961105347,549.0,382.0,370.0
4,1764110054.3404925,199.73104286193848,549.0,368.0,420.0
4,1764110054.3915033,206.86768579483032,549.0,346.0,438.0
4,1764110054.4267805,211.78993272781372,549.0,327.0,446.0
4,1764110054.4569871,216.45422267913818,549.0,320.0,440.0
4,1764110054.4874735,221.34170818328857,549.0,305.0,429.0
4,1764110054.52245,226.0082869529724,549.0,298.0,420.0
4,1764110054.5570025,230.87731885910034,549.0,319.0,414.0
4,1764110054.5867126,235.7580451965332,549.0,333.0,418.0
4,1764110054.6324487,242.85302448272705,549.0,329.0,415.0
4,1764110054.6672466,247.6964144706726,549.0,325.0,395.0
4,1764110054.7083337,254.92536115646362,549.0,319.0,372.0
4,1764110054.7540717,262.01769399642944,549.0,306.0,366.0
4,1764110054.7927656,266.9390826225281,549.0,309.0,364.0
4,1764110054.837462,274.0542678833008,549.0,320.0,382.0
4,1764110054.8772535,278.84673166275024,549.0,312.0,386.0
4,1764110054.9221296,286.0022931098938,549.0,325.0,391.0
4,1764110054.945856,290.8401041030884,549.0,344.0,394.0
4,1764110054.9784896,295.7351713180542,549.0,343.0,384.0
4,1764110055.0126548,300.4700927734375,549.0,353.0,370.0
4,1764110055.0518785,305.34187841415405,549.0,364.0,375.0
4,1764110055.0893016,312.41346883773804,549.0,376.0,377.0
4,1764110055.1225965,317.2840027809143,549.0,381.0,385.0
4,1764110055.1532402,322.0452456474304,549.0,389.0,394.0
4,1764110055.1866782,326.835813999176,549.0,390.0,393.0
4,1764110055.2214918,331.70938777923584,549.0,386.0,397.0
4,1764110055.2578745,336.52659940719604,549.0,417.0,384.0
4,1764110055.298567,343.64682722091675,549.0,406.0,381.0
4,1764110055.3485556,350.83486127853394,549.0,409.0,372.0
4,1764110055.3871906,355.946937084198,549.0,424.0,377.0
4,1764110055.4366157,362.8673939704895,549.0,437.0,370.0
4,1764110055.4675188,367.62109088897705,549.0,434.0,375.0
4,1764110055.5064561,374.8606948852539,549.0,429.0,403.0
4,1764110055.5423532,379.6232967376709,549.0,424.0,409.0
4,1764110055.5767376,384.56818151474,549.0,419.0,405.0
4,1764110055.6071649,389.2490653991699,549.0,419.0,402.0
4,1764110055.6419652,394.0361647605896,549.0,418.0,387.0
4,1764110055.6846464,401.25663566589355,549.0,427.0,372.0
4,1764110055.7371728,408.54730892181396,549.0,444.0,386.0
4,1764110055.7870724,415.74160146713257,549.0,458.0,416.0
4,1764110055.8448563,425.25232124328613,549.0,471.0,438.0
4,1764110055.8782194,430.0115256309509,549.0,490.0,429.0
4,1764110055.9318807,437.28406715393066,549.0,494.0,414.0
4,1764110055.9864821,446.8838005065918,549.0,492.0,393.0
4,1764110056.0349736,454.10201835632324,549.0,544.0,358.0
4,1764110056.0763822,458.88940382003784,549.0,576.0,309.0
4,1764110056.1144502,466.07114362716675,549.0,545.0,328.0
4,1764110056.1573446,470.80914068222046,549.0,548.0,362.0
4,1764110056.201812,478.0950574874878,549.0,574.0,357.0
4,1764110056.2438507,485.3138117790222,549.0,513.0,374.0
4,1764110056.2819993,490.00757026672363,549.0,506.0,384.0
4,1764110056.3252177,497.2666292190552,549.0,506.0,376.0
4,1764110056.3713086,504.5746474266052,549.0,495.0,368.0
4,1764110056.4030359,509.30685091018677,549.0,480.0,349.0
4,1764110056.4422479,514.0328674316406,549.0,478.0,340.0
4,1764110056.4830408,521.3415293693542,549.0,489.0,345.0
4,1764110056.5216815,526.0338215827942,549.0,518.0,354.0
4,1764110056.5621307,533.232048034668,549.0,528.0,357.0
4,1764110056.5968285,538.1308345794678,549.0,500.0,352.0
4,1764110056.627435,542.8362159729004,549.0,476.0,353.0
4,1764110056.6622155,547.730532169342,549.0,471.0,362.0
4,1764110056.708377,554.8828749656677,549.0,483.0,368.0
4,1764110056.7386365,559.6636085510254,549.0,514.0,374.0
4,1764110056.7688465,564.4020347595215,549.0,547.0,388.0
4,1764110056.806579,569.2679195404053,549.0,549.0,393.0
4,1764110056.8424604,574.074903011322,549.0,550.0,389.0
4,1764110056.8772378,578.8655786514282,549.0,564.0,380.0
4,1764110056.9122152,586.0570101737976,549.0,578.0,370.0
4,1764110056.9469068,590.8731846809387,549.0,576.0,374.0
4,1764110056.9870281,595.6594614982605,549.0,581.0,383.0
4,1764110057.0325265,602.8221755027771,549.0,580.0,375.0
4,1764110057.062559,607.6942472457886,549.0,556.0,348.0
4,1764110057.1116183,614.8240237236023,549.0,538.0,350.0
4,1764110057.1471074,619.6596531867981,549.0,540.0,354.0
4,1764110057.1867692,626.8259077072144,549.0,559.0,356.0
4,1764110057.216738,631.6521673202515,549.0,553.0,363.0
4,1764110057.2500403,636.5388660430908,549.0,593.0,363.0
4,1764110057.2873247,641.3231401443481,549.0,595.0,366.0
4,1764110057.3218122,646.0833101272583,549.0,612.0,374.0
4,1764110057.3618538,653.3303527832031,549.0,616.0,376.0
4,1764110057.3930361,658.0308704376221,549.0,606.0,377.0
4,1764110057.4271147,662.891927242279,549.0,589.0,377.0
4,1764110057.4619212,667.6446228027344,549.0,583.0,370.0
4,1764110057.4924202,672.5757389068604,549.0,607.0,362.0
4,1764110057.527261,677.2276549339294,549.0,635.0,361.0
4,1764110057.5697875,684.4958333969116,549.0,635.0,379.0
4,1764110057.6028137,689.3470911979675,549.0,613.0,391.0
4,1764110057.636771,694.0542607307434,549.0,603.0,396.0
4,1764110057.6772301,698.8147168159485,549.0,627.0,405.0
4,1764110057.7100308,703.696873664856,549.0,660.0,396.0
4,1764110057.7459097,710.886016368866,549.0,647.0,386.0
4,1764110057.7780242,715.7246856689453,549.0,643.0,376.0
4,1764110057.8117611,720.4669027328491,549.0,649.0,378.0
4,1764110057.8454533,725.3224520683289,549.0,659.0,390.0
4,1764110057.8819273,730.1346211433411,549.0,653.0,393.0
4,1764110057.9276452,737.3393921852112,549.0,650.0,403.0
4,1764110057.9538019,742.0690922737122,549.0,647.0,416.0
4,1764110057.9933658,746.9056515693665,549.0,661.0,419.0
4,1764110058.0272772,751.6000180244446,549.0,680.0,402.0
4,1764110058.061888,758.956780910492,549.0,681.0,388.0
4,1764110058.0966456,763.6848001480103,549.0,677.0,378.0
4,1764110058.1294966,768.4686093330383,549.0,676.0,382.0
4,1764110058.163443,773.233142375946,549.0,682.0,391.0
4,1764110058.2018073,778.1482725143433,549.0,697.0,376.0
4,1764110058.2484574,785.3373436927795,549.0,710.0,354.0
4,1764110058.297037,792.6055221557617,549.0,704.0,355.0
4,1764110058.338818,799.7481374740601,549.0,688.0,377.0
4,1764110058.3766286,804.459276676178,549.0,749.0,403.0
4,1764110058.4116013,809.3860654830933,549.0,724.0,409.0
4,1764110058.452178,816.4401679039001,549.0,755.0,405.0
4,1764110058.4868295,821.3757543563843,549.0,760.0,415.0
4,1764110058.5221803,826.0929374694824,549.0,751.0,433.0
4,1764110058.5571828,830.8703808784485,549.0,746.0,430.0
4,1764110058.5970118,838.0834131240845,549.0,749.0,413.0
4,1764110058.6268997,842.8440837860107,549.0,764.0,400.0
4,1764110058.6669984,847.6786761283875,549.0,770.0,403.0
4,1764110058.7073355,854.8685340881348,549.0,777.0,402.0
4,1764110058.7377644,859.6648602485657,549.0,791.0,405.0
4,1764110058.771047,864.5505576133728,549.0,805.0,402.0
4,1764110058.8068838,869.2705302238464,549.0,909.0,433.0
4,1764110058.842409,874.1479663848877,549.0,893.0,389.0
4,1764110058.8776643,878.9502649307251,549.0,1465.0,833.0
4,1764110058.9166129,886.0001831054688,549.0,866.0,420.0
4,1764110058.9527247,890.9315853118896,549.0,890.0,387.0
4,1764110058.9870408,895.6152586936951,549.0,863.0,356.0
4,1764110059.032292,902.9385476112366,549.0,865.0,363.0
4,1764110059.0570366,907.7551155090332,549.0,891.0,305.0
4,1764110059.0977347,912.5318794250488,549.0,916.0,322.0
4,1764110059.1270192,917.358925819397,549.0,928.0,357.0
4,1764110059.1622603,922.0989255905151,549.0,928.0,390.0
4,1764110059.2032363,929.3278365135193,549.0,926.0,397.0
4,1764110059.2342615,934.1802744865417,549.0,919.0,412.0
4,1764110059.2723799,938.9370827674866,549.0,916.0,430.0
4,1764110059.3174295,946.0309176445007,549.0,920.0,430.0
4,1764110059.3633583,953.2176642417908,549.0,922.0,425.0
4,1764110059.402123,958.1448822021484,549.0,911.0,423.0
4,1764110059.443138,965.344217300415,549.0,901.0,412.0
4,1764110059.466858,967.6082878112793,549.0,885.0,432.0
4,1764110059.5066211,974.8447804450989,549.0,877.0,440.0
4,1764110059.5418816,979.654589176178,549.0,896.0,444.0
4,1764110059.5822585,987.0123534202576,549.0,908.0,434.0
4,1764110059.618027,991.7784242630005,549.0,886.0,432.0
4,1764110059.6520517,996.5203194618225,549.0,880.0,436.0
4,1764110059.6871355,1001.2125759124756,549.0,891.0,437.0
4,1764110059.716623,1006.1167268753052,549.0,891.0,450.0
4,1764110059.751523,1010.9543948173523,549.0,879.0,453.0
4,1764110059.7937825,1018.125048160553,549.0,881.0,456.0
4,1764110059.8277178,1022.8675155639648,549.0,896.0,450.0
4,1764110059.862325,1027.6978163719177,549.0,895.0,456.0
4,1764110059.8917732,1032.5458912849426,549.0,889.0,462.0
4,1764110059.93175,1037.2270970344543,549.0,907.0,453.0
4,1764110059.9688883,1044.499102115631,549.0,909.0,468.0
4,1764110059.997429,1046.828296661377,549.0,901.0,499.0
4,1764110060.0338578,1054.1090278625488,549.0,914.0,492.0
4,1764110060.0668283,1058.86758852005,549.0,933.0,481.0
4,1764110060.0971248,1063.6110572814941,549.0,938.0,464.0
4,1764110060.1371007,1068.4863476753235,549.0,948.0,482.0
4,1764110060.1726198,1073.2607154846191,549.0,945.0,494.0
4,1764110060.2115626,1080.4327635765076,549.0,948.0,495.0
4,1764110060.2468567,1085.3569774627686,549.0,944.0,481.0
4,1764110060.2897072,1092.4963026046753,549.0,951.0,469.0
4,1764110060.3224564,1097.2753911018372,549.0,979.0,454.0
4,1764110060.357774,1102.124789237976,549.0,996.0,445.0
4,1764110060.4019108,1109.3258051872253,549.0,1018.0,435.0
4,1764110060.4500804,1116.4078741073608,549.0,1022.0,450.0
4,1764110060.4868095,1121.269145488739,549.0,1035.0,464.0
4,1764110060.531358,1128.4519581794739,549.0,1051.0,462.0
4,1764110060.562368,1133.385684967041,549.0,1071.0,459.0
4,1764110060.601648,1138.1039409637451,549.0,1082.0,458.0
4,1764110060.6472974,1145.2873973846436,549.0,1083.0,472.0
4,1764110060.6735342,1150.0818996429443,549.0,1110.0,461.0
4,1764110060.712121,1154.814353466034,549.0,1119.0,468.0
4,1764110060.737109,1159.6415429115295,549.0,1136.0,491.0
4,1764110060.771775,1164.46479845047,549.0,1146.0,488.0
4,1764110060.8072777,1169.3231372833252,549.0,1149.0,467.0
4,1764110060.8415031,1174.1205005645752,549.0,1149.0,442.0
4,1764110060.8819125,1181.206181526184,549.0,1149.0,456.0
4,1764110060.91622,1186.1447005271912,549.0,1153.0,468.0
4,1764110060.946582,1190.8544092178345,549.0,1159.0,470.0
4,1764110060.9817176,1195.7369952201843,549.0,1164.0,464.0
4,1764110061.017781,1200.4547505378723,549.0,1171.0,453.0
4,1764110061.047401,1205.263593673706,549.0,1173.0,462.0
4,1764110061.0897746,1212.512460231781,549.0,1176.0,466.0
4,1764110061.1265345,1217.3409729003906,549.0,1178.0,467.0
4,1764110061.1545782,1222.0625190734863,549.0,1168.0,467.0
4,1764110061.1921484,1226.8352417945862,549.0,1188.0,460.0
4,1764110061.2268476,1231.696048259735,549.0,1203.0,469.0
4,1764110061.2649093,1238.8934164047241,549.0,1248.0,453.0
4,1764110061.2973275,1243.6741499900818,549.0,1249.0,433.0
4,1764110061.3371341,1248.552158355713,549.0,1254.0,425.0
4,1764110061.3722432,1253.3177642822266,549.0,1240.0,425.0
4,1764110061.4163883,1260.4424624443054,549.0,1239.0,432.0
4,1764110061.451879,1265.2847437858582,549.0,1252.0,448.0
4,1764110061.482435,1270.013156414032,549.0,1260.0,468.0
4,1764110061.5252907,1277.2902398109436,549.0,1259.0,475.0
4,1764110061.57106,1284.5118193626404,549.0,1263.0,462.0
4,1764110061.6121356,1289.2988829612732,549.0,1287.0,452.0
4,1764110061.657273,1296.5868382453918,549.0,1302.0,445.0
4,1764110061.6846979,1301.3635306358337,549.0,1324.0,438.0
4,1764110061.7330601,1308.5389404296875,549.0,1332.0,433.0
4,1764110061.7618234,1313.3191375732422,549.0,1326.0,437.0
4,1764110061.7963598,1318.1682138442993,549.0,1316.0,450.0
4,1764110061.8318832,1322.8774218559265,549.0,1304.0,459.0
4,1764110061.862468,1327.7100830078125,549.0,1328.0,466.0
4,1764110061.891505,1332.4173955917358,549.0,1330.0,479.0
4,1764110061.9368982,1339.7212295532227,549.0,1327.0,479.0
4,1764110061.9768112,1344.489589214325,549.0,1329.0,479.0
4,1764110062.0035763,1349.321427822113,549.0,1319.0,489.0
4,1764110062.027842,1351.7393140792847,549.0,1322.0,496.0
4,1764110062.0572448,1356.4647226333618,549.0,1311.0,494.0
4,1764110062.0920665,1361.260440826416,549.0,1297.0,487.0
4,1764110062.1294625,1368.4314160346985,549.0,1293.0,487.0
4,1764110062.167165,1373.2611088752747,549.0,1296.0,495.0
4,1764110062.2093885,1380.4500370025635,549.0,1314.0,491.0
4,1764110062.2321575,1382.9563646316528,549.0,1335.0,480.0
4,1764110062.267509,1387.698760509491,549.0,1333.0,481.0
4,1764110062.2965777,1392.482605457306,549.0,1373.0,482.0
4,1764110062.326653,1397.3193078041077,549.0,1373.0,486.0
4,1764110062.3575048,1402.1609811782837,549.0,1373.0,487.0
4,1764110062.3925128,1406.9842367172241,549.0,1380.0,487.0
4,1764110062.4328122,1414.1072182655334,549.0,1373.0,483.0
4,1764110062.461817,1418.9461379051208,549.0,1365.0,484.0
4,1764110062.5016448,1423.738923549652,549.0,1360.0,488.0
4,1764110062.5289073,1428.5113244056702,549.0,1365.0,497.0
4,1764110062.5645127,1433.3272128105164,549.0,1363.0,500.0
4,1764110062.6022506,1438.0245118141174,549.0,1362.0,495.0
4,1764110062.6273239,1442.905345439911,549.0,1354.0,481.0
4,1764110062.6745267,1450.1949458122253,549.0,1349.0,477.0
4,1764110062.7142942,1454.9432067871094,549.0,1344.0,471.0
4,1764110062.7467337,1459.656563282013,549.0,1360.0,463.0
4,1764110062.781696,1466.9279961585999,549.0,1377.0,467.0
4,1764110062.807429,1469.2766814231873,549.0,1375.0,473.0
4,1764110062.8372195,1474.1480021476746,549.0,1371.0,482.0
4,1764110062.8720174,1478.8527755737305,549.0,1369.0,498.0
4,1764110062.89784,1483.6223154067993,549.0,1370.0,516.0
4,1764110062.9319603,1488.4689955711365,549.0,1371.0,529.0
4,1764110062.966933,1493.3231859207153,549.0,1366.0,521.0
4,1764110062.9975214,1498.103633403778,549.0,1417.0,502.0
4,1764110063.0373855,1502.9480962753296,549.0,1417.0,504.0
4,1764110063.074035,1510.1789741516113,549.0,1435.0,523.0
4,1764110063.106842,1514.8598222732544,549.0,1433.0,524.0
4,1764110063.1378884,1519.7217373847961,549.0,1425.0,529.0
4,1764110063.16851,1524.5013980865479,549.0,1406.0,540.0
4,1764110063.2020848,1529.2030959129333,549.0,1396.0,551.0
4,1764110063.2320735,1534.035828590393,549.0,1395.0,550.0
4,1764110063.264529,1538.8852982521057,549.0,1414.0,541.0
4,1764110063.3066401,1543.6474351882935,549.0,1442.0,525.0
4,1764110063.352252,1550.92001247406,549.0,1457.0,515.0
4,1764110063.3782668,1555.6124835014343,549.0,1451.0,518.0
4,1764110063.4140577,1560.5190663337708,549.0,1482.0,514.0
4,1764110063.4471178,1565.2449398040771,549.0,1489.0,505.0
4,1764110063.4819062,1570.154312133789,549.0,1493.0,499.0
4,1764110063.5118787,1574.8738913536072,549.0,1520.0,481.0
4,1764110063.5468147,1579.7099499702454,549.0,1540.0,480.0
4,1764110063.5774133,1584.513786315918,549.0,1549.0,490.0
4,1764110063.6072843,1589.322557926178,549.0,1544.0,503.0
4,1764110063.642212,1594.0584092140198,549.0,1544.0,501.0
4,1764110063.6722963,1598.939815044403,549.0,1536.0,499.0
4,1764110063.7005572,1603.7184743881226,549.0,1548.0,497.0
4,1764110063.74892,1610.8294038772583,549.0,1575.0,507.0
4,1764110063.7868173,1615.6542687416077,549.0,1590.0,499.0
4,1764110063.8176408,1620.5004482269287,549.0,1594.0,503.0
4,1764110063.8624792,1627.7013568878174,549.0,1644.0,521.0
4,1764110063.8895307,1632.4769763946533,549.0,1653.0,507.0
4,1764110063.9321606,1637.2655777931213,549.0,1653.0,497.0
4,1764110063.971054,1644.509473323822,549.0,1650.0,500.0
4,1764110063.9968998,1646.9265727996826,549.0,1651.0,492.0
4,1764110064.02673,1651.6979007720947,549.0,1652.0,498.0
4,1764110064.0575285,1656.5113215446472,549.0,1657.0,496.0
4,1764110064.0873063,1661.2790732383728,549.0,1668.0,494.0
4,1764110064.1165183,1666.001835346222,549.0,1685.0,493.0
4,1764110064.1515021,1670.90691614151,549.0,1689.0,496.0
4,1764110064.1939945,1678.1360058784485,549.0,1721.0,503.0
4,1764110064.2417383,1685.2985410690308,549.0,1725.0,495.0
4,1764110064.2818592,1690.0263457298279,549.0,1715.0,476.0
4,1764110064.3169987,1694.8121218681335,549.0,1724.0,469.0
4,1764110064.347344,1699.6890573501587,549.0,1740.0,468.0
4,1764110064.3768017,1704.506233215332,549.0,1743.0,475.0
4,1764110064.4125094,1709.347370147705,549.0,1745.0,489.0
4,1764110064.4416842,1714.1295700073242,549.0,1745.0,504.0
4,1764110064.4843566,1721.3446407318115,549.0,1737.0,516.0
5,1764110064.5131695,1726.0010628700256,549.0,1732.0,531.0
5,1764110064.536874,1726.0010628700256,549.0,1736.0,531.0
5,1764110064.571618,1726.0010628700256,549.0,1748.0,523.0
5,1764110064.6022825,1726.0010628700256,549.0,1749.0,514.0
5,1764110064.6471045,1726.0010628700256,549.0,1750.0,514.0
5,1764110064.6766655,1726.0010628700256,549.0,1752.0,512.0
5,1764110064.7075686,1726.0010628700256,549.0,1770.0,508.0
5,1764110064.747485,1726.0010628700256,549.0,1783.0,515.0
5,1764110064.7921193,1726.0010628700256,549.0,1776.0,525.0
5,1764110064.8350027,1726.0010628700256,549.0,1777.0,517.0
5,1764110064.8572602,1726.0010628700256,549.0,1788.0,513.0
5,1764110064.892781,1726.0010628700256,549.0,1790.0,507.0
5,1764110064.9275644,1726.0010628700256,549.0,1776.0,505.0
5,1764110064.967179,1726.0010628700256,549.0,1757.0,509.0
5,1764110064.9921205,1726.0010628700256,549.0,1119.0,553.0
5,1764110065.0324934,180.49570608139038,642.0,596.0,532.0
5,1764110065.0722377,185.22304582595825,642.0,455.0,522.0
5,1764110065.096742,190.14582920074463,642.0,492.0,512.0
5,1764110065.1268556,194.85560941696167,642.0,480.0,524.0
5,1764110065.1568663,199.66727781295776,642.0,465.0,534.0
5,1764110065.188778,204.4629602432251,642.0,460.0,545.0
5,1764110065.216646,206.89715433120728,642.0,458.0,551.0
5,1764110065.242789,211.60368013381958,642.0,251.0,557.0
5,1764110065.2765443,216.48172426223755,642.0,236.0,556.0
5,1764110065.3176146,223.68370580673218,642.0,240.0,568.0
5,1764110065.3518755,228.42248964309692,642.0,231.0,586.0
5,1764110065.3768382,230.873957157135,642.0,250.0,567.0
5,1764110065.4065878,235.77374505996704,642.0,254.0,573.0
5,1764110065.446581,242.81000185012817,642.0,240.0,581.0
5,1764110065.484101,247.71808671951294,642.0,221.0,587.0
5,1764110065.512022,252.41195249557495,642.0,241.0,566.0
5,1764110065.5423577,257.23349142074585,642.0,250.0,558.0
5,1764110065.576617,262.0895414352417,642.0,247.0,542.0
5,1764110065.6223054,269.3497805595398,642.0,278.0,564.0
5,1764110065.656616,274.25078439712524,642.0,275.0,564.0
5,1764110065.6852455,278.81597566604614,642.0,292.0,564.0
5,1764110065.7167692,283.6238532066345,642.0,300.0,552.0
5,1764110065.7493725,288.41663885116577,642.0,280.0,539.0
5,1764110065.7783308,290.8884196281433,642.0,257.0,544.0
5,1764110065.8170676,298.0753092765808,642.0,240.0,549.0
5,1764110065.8469024,302.94566440582275,642.0,242.0,560.0
5,1764110065.882667,307.76105213165283,642.0,276.0,562.0
5,1764110065.9118686,312.4847798347473,642.0,303.0,554.0
5,1764110065.9473643,317.2368674278259,642.0,295.0,538.0
5,1764110065.9902163,324.41199111938477,642.0,286.0,542.0
5,1764110066.0324364,329.2911081314087,642.0,295.0,564.0
5,1764110066.06159,334.1483383178711,642.0,302.0,561.0
5,1764110066.092616,338.80182790756226,642.0,343.0,546.0
5,1764110066.126535,343.75533151626587,642.0,355.0,533.0
5,1764110066.1688502,350.80768156051636,642.0,368.0,530.0
5,1764110066.201308,355.6973843574524,642.0,379.0,520.0
5,1764110066.2320013,360.5088381767273,642.0,404.0,507.0
5,1764110066.2717707,365.2447967529297,642.0,420.0,503.0
5,1764110066.309453,372.4189190864563,642.0,422.0,494.0
5,1764110066.332574,374.83011770248413,642.0,407.0,488.0
5,1764110066.3625567,379.6309857368469,642.0,399.0,488.0
5,1764110066.3916163,384.4189076423645,642.0,406.0,492.0
5,1764110066.4226575,389.20851039886475,642.0,413.0,497.0
5,1764110066.4570343,394.1562919616699,642.0,418.0,504.0
5,1764110066.4916315,398.95011472702026,642.0,436.0,503.0
5,1764110066.5274856,403.7240891456604,642.0,445.0,491.0
5,1764110066.5618663,410.9081892967224,642.0,425.0,486.0
5,1764110066.5873406,413.20870208740234,642.0,405.0,477.0
5,1764110066.6299155,420.48971939086914,642.0,406.0,475.0
5,1764110066.6716256,425.2702383995056,642.0,416.0,474.0
5,1764110066.6965218,430.0091652870178,642.0,437.0,470.0
5,1764110066.7266064,434.85309171676636,642.0,452.0,449.0
5,1764110066.751985,437.29447412490845,642.0,463.0,423.0
5,1764110066.7821314,442.0618681907654,642.0,466.0,415.0
5,1764110066.817561,446.9688444137573,642.0,471.0,412.0
5,1764110066.85335,454.12175941467285,642.0,489.0,400.0
5,1764110066.8822186,458.9610366821289,642.0,504.0,396.0
5,1764110066.927221,463.7306480407715,642.0,500.0,400.0
5,1764110066.9717045,470.8481936454773,642.0,479.0,394.0
5,1764110067.000406,475.7581024169922,642.0,474.0,377.0
5,1764110067.0343378,480.5516748428345,642.0,479.0,376.0
5,1764110067.0673018,485.25945234298706,642.0,468.0,385.0
5,1764110067.101731,490.0351791381836,642.0,487.0,384.0
5,1764110067.1467052,497.25143003463745,642.0,504.0,386.0
5,1764110067.1817513,502.01431798934937,642.0,499.0,386.0
5,1764110067.2075076,506.87415885925293,642.0,494.0,391.0
5,1764110067.2366967,511.6474895477295,642.0,496.0,395.0
5,1764110067.2687836,516.4332656860352,642.0,516.0,394.0
5,1764110067.297179,518.8361673355103,642.0,532.0,383.0
5,1764110067.3275294,523.7288026809692,642.0,536.0,369.0
5,1764110067.3621814,530.9554605484009,642.0,534.0,364.0
5,1764110067.3968377,535.6232552528381,642.0,537.0,367.0
5,1764110067.4418542,542.90638256073,642.0,539.0,386.0
5,1764110067.4721158,545.3689723014832,642.0,535.0,399.0
5,1764110067.502439,550.1556067466736,642.0,572.0,407.0
5,1764110067.5320988,554.9928097724915,642.0,580.0,397.0
5,1764110067.5664942,559.7138910293579,642.0,597.0,412.0
5,1764110067.5968108,564.4221692085266,642.0,592.0,427.0
5,1764110067.6323571,569.3287878036499,642.0,584.0,420.0
5,1764110067.657563,574.1394548416138,642.0,571.0,401.0
5,1764110067.687621,578.9343504905701,642.0,571.0,389.0
5,1764110067.721854,583.6321501731873,642.0,589.0,387.0
5,1764110067.761926,590.9171371459961,642.0,603.0,389.0
5,1764110067.7873685,593.2827382087708,642.0,614.0,389.0
5,1764110067.8312564,600.5301027297974,642.0,604.0,390.0
5,1764110067.8667846,605.2940278053284,642.0,589.0,401.0
5,1764110067.9023826,610.1396708488464,642.0,574.0,424.0
5,1764110067.927616,614.9102835655212,642.0,553.0,449.0
5,1764110067.9677188,619.7237758636475,642.0,563.0,440.0
5,1764110068.0016377,626.8739013671875,642.0,573.0,450.0
5,1764110068.0320659,629.2799859046936,642.0,588.0,450.0
5,1764110068.0625072,634.0495972633362,642.0,595.0,440.0
5,1764110068.0920906,638.9416246414185,642.0,601.0,430.0
5,1764110068.1219342,643.7388091087341,642.0,606.0,433.0
5,1764110068.1624882,651.0014801025391,642.0,611.0,448.0
5,1764110068.20723,655.7418732643127,642.0,615.0,467.0
5,1764110068.2475507,662.818434715271,642.0,614.0,476.0
5,1764110068.2849123,667.7725462913513,642.0,617.0,472.0
5,1764110068.3092096,672.4113373756409,642.0,650.0,482.0
5,1764110068.3419461,677.2109894752502,642.0,655.0,466.0
5,1764110068.3737981,682.0700793266296,642.0,665.0,457.0
5,1764110068.4187794,686.9009881019592,642.0,681.0,453.0
5,1764110068.4571176,694.121244430542,642.0,688.0,467.0
5,1764110068.4870934,698.8735823631287,642.0,681.0,485.0
5,1764110068.5187213,703.7725119590759,642.0,688.0,461.0
5,1764110068.557479,708.4800391197205,642.0,689.0,438.0
5,1764110068.584234,713.2907419204712,642.0,698.0,431.0
5,1764110068.6173623,718.1281237602234,642.0,687.0,444.0
5,1764110068.647295,722.8971271514893,642.0,679.0,460.0
5,1764110068.6776936,727.781858921051,642.0,682.0,451.0
5,1764110068.7166488,732.4277667999268,642.0,698.0,440.0
5,1764110068.7422407,737.2790961265564,642.0,722.0,440.0
5,1764110068.7772746,742.0975952148438,642.0,727.0,440.0
5,1764110068.8223157,749.2884545326233,642.0,718.0,438.0
5,1764110068.8616269,754.1114239692688,642.0,715.0,425.0
5,1764110068.882575,759.0145020484924,642.0,748.0,427.0
5,1764110068.9272695,763.6348037719727,642.0,753.0,444.0
5,1764110068.9766366,770.8722262382507,642.0,750.0,464.0
5,1764110069.0030553,775.7522730827332,642.0,758.0,481.0
5,1764110069.0373333,780.5028944015503,642.0,754.0,458.0
5,1764110069.0719001,785.2765827178955,642.0,752.0,430.0
5,1764110069.102215,790.0172619819641,642.0,764.0,428.0
5,1764110069.1322083,794.9141888618469,642.0,767.0,438.0
5,1764110069.166591,799.7018961906433,642.0,766.0,434.0
5,1764110069.1967804,804.4517307281494,642.0,757.0,432.0
5,1764110069.2316098,809.2365055084229,642.0,760.0,432.0
5,1764110069.2716713,816.5300040245056,642.0,778.0,437.0
5,1764110069.3068957,821.2355284690857,642.0,796.0,434.0
5,1764110069.349182,828.5188703536987,642.0,838.0,412.0
5,1764110069.3772085,830.8002500534058,642.0,819.0,427.0
5,1764110069.4073417,835.6917409896851,642.0,815.0,451.0
5,1764110069.4327395,840.4601006507874,642.0,811.0,448.0
5,1764110069.4673011,845.379093170166,642.0,824.0,429.0
5,1764110069.501749,850.0155239105225,642.0,828.0,405.0
5,1764110069.5420794,857.328441619873,642.0,829.0,411.0
5,1764110069.5901804,864.497163772583,642.0,806.0,422.0
5,1764110069.6122775,866.9482736587524,642.0,804.0,435.0
5,1764110069.6535437,874.1095213890076,642.0,801.0,426.0
5,1764110069.6882749,878.9344935417175,642.0,796.0,429.0
5,1764110069.7118623,881.2758474349976,642.0,788.0,435.0
5,1764110069.753755,888.5375170707703,642.0,791.0,451.0
5,1764110069.7839432,893.2047038078308,642.0,804.0,460.0
5,1764110069.8292668,900.5331425666809,642.0,816.0,454.0
5,1764110069.8529437,902.8462438583374,642.0,809.0,467.0
5,1764110069.877599,907.7316193580627,642.0,809.0,467.0
5,1764110069.916811,912.4307780265808,642.0,809.0,453.0
5,1764110069.937162,914.9241952896118,642.0,834.0,450.0
5,1764110069.9726567,922.0250039100647,642.0,832.0,448.0
5,1764110070.0015938,926.8673210144043,642.0,826.0,462.0
5,1764110070.0422108,931.7932515144348,642.0,830.0,462.0
5,1764110070.068417,936.4331512451172,642.0,854.0,474.0
5,1764110070.096617,938.9481692314148,642.0,872.0,481.0
5,1764110070.1371932,946.1384205818176,642.0,865.0,479.0
5,1764110070.1674166,950.9169368743896,642.0,864.0,469.0
5,1764110070.2018223,955.7863264083862,642.0,864.0,465.0
5,1764110070.2374125,960.448935508728,642.0,871.0,479.0
5,1764110070.2666368,965.2780561447144,642.0,891.0,476.0
5,1764110070.3126464,972.5269227027893,642.0,893.0,458.0
5,1764110070.3538966,977.2821574211121,642.0,897.0,451.0
5,1764110070.3924923,984.4121127128601,642.0,908.0,463.0
5,1764110070.4380622,991.6875510215759,642.0,921.0,488.0
5,1764110070.4683998,996.410849571228,642.0,932.0,484.0
5,1764110070.4966464,998.9474325180054,642.0,937.0,477.0
5,1764110070.5265825,1003.6162285804749,642.0,943.0,471.0
5,1764110070.55708,1008.5099010467529,642.0,948.0,471.0
5,1764110070.5874767,1013.2345943450928,642.0,976.0,474.0
5,1764110070.6223836,1018.0030612945557,642.0,982.0,474.0
5,1764110070.6571786,1022.8220610618591,642.0,977.0,468.0
5,1764110070.6823678,1027.6660590171814,642.0,970.0,464.0
5,1764110070.7174568,1032.5626282691956,642.0,974.0,458.0
5,1764110070.7469757,1037.3524098396301,642.0,977.0,459.0
5,1764110070.777568,1042.0554308891296,642.0,978.0,465.0
5,1764110070.8066506,1046.9295053482056,642.0,974.0,475.0
5,1764110070.8474166,1051.6544489860535,642.0,975.0,483.0
5,1764110070.8887625,1058.921483039856,642.0,990.0,487.0
5,1764110070.9203715,1063.6014013290405,642.0,1057.0,484.0
5,1764110070.9496157,1068.4548048973083,642.0,1054.0,470.0
5,1764110070.9766126,1070.9770112037659,642.0,1044.0,469.0
5,1764110071.0165718,1078.1429438591003,642.0,1046.0,458.0
5,1764110071.0566149,1082.8325896263123,642.0,1062.0,455.0
5,1764110071.0881402,1087.7594857215881,642.0,1070.0,470.0
5,1764110071.1175394,1092.5454049110413,642.0,1093.0,490.0
5,1764110071.1474977,1097.2915558815002,642.0,1111.0,492.0
5,1764110071.182257,1102.0150332450867,642.0,1102.0,485.0
5,1764110071.217477,1106.8564920425415,642.0,1083.0,472.0
5,1764110071.247141,1111.689260482788,642.0,1072.0,475.0
5,1764110071.2817175,1118.885877609253,642.0,1070.0,485.0
5,1764110071.3070698,1121.2056665420532,642.0,1080.0,487.0
5,1764110071.3487563,1128.4688382148743,642.0,1101.0,492.0
5,1764110071.392116,1133.3096890449524,642.0,1112.0,496.0
5,1764110071.4135652,1138.1251482963562,642.0,1121.0,512.0
5,1764110071.4461975,1142.8475170135498,642.0,1122.0,517.0
5,1764110071.481542,1147.7213053703308,642.0,1126.0,527.0
5,1764110071.5221167,1154.9457459449768,642.0,1124.0,534.0
5,1764110071.562756,1159.7185044288635,642.0,1109.0,539.0
5,1764110071.5965395,1164.4654064178467,642.0,1163.0,521.0
5,1764110071.6242497,1169.2394881248474,642.0,1174.0,512.0
5,1764110071.6566775,1174.1419224739075,642.0,1194.0,509.0
5,1764110071.6881418,1178.9339213371277,642.0,1215.0,501.0
5,1764110071.7175534,1183.7295680046082,642.0,1222.0,510.0
5,1764110071.749004,1188.4939222335815,642.0,1221.0,525.0
5,1764110071.777571,1190.9594445228577,642.0,1216.0,539.0
5,1764110071.8222034,1198.002281665802,642.0,1213.0,552.0
5,1764110071.8567753,1202.9170541763306,642.0,1215.0,551.0
5,1764110071.8815098,1207.6588063240051,642.0,1204.0,534.0
5,1764110071.912609,1212.4498038291931,642.0,1220.0,530.0
5,1764110071.951487,1217.2479538917542,642.0,1223.0,530.0
5,1764110071.9827397,1222.1783547401428,642.0,1236.0,545.0
5,1764110072.0166461,1226.852264881134,642.0,1232.0,540.0
5,1764110072.0586872,1234.0782074928284,642.0,1242.0,515.0
5,1764110072.0819771,1238.9248161315918,642.0,1240.0,513.0
5,1764110072.1115055,1241.2958889007568,642.0,1234.0,516.0
5,1764110072.156532,1248.615565776825,642.0,1230.0,510.0
5,1764110072.181891,1253.2889752388,642.0,1230.0,508.0
5,1764110072.2165766,1258.1782131195068,642.0,1244.0,519.0
5,1764110072.244748,1262.847903251648,642.0,1294.0,508.0
5,1764110072.2817664,1267.6586060523987,642.0,1301.0,500.0
5,1764110072.3217125,1274.8851208686829,642.0,1297.0,504.0
5,1764110072.357239,1279.7473220825195,642.0,1307.0,505.0
5,1764110072.3829014,1282.0630340576172,642.0,1303.0,497.0
5,1764110072.4124517,1286.829140663147,642.0,1295.0,505.0
5,1764110072.447355,1291.6008977890015,642.0,1290.0,510.0
5,1764110072.4870336,1298.8768367767334,642.0,1288.0,523.0
5,1764110072.511809,1301.3064532279968,642.0,1291.0,525.0
5,1764110072.5495276,1308.5806040763855,642.0,1291.0,526.0
5,1764110072.600477,1315.7469658851624,642.0,1289.0,527.0
5,1764110072.6365569,1320.4880385398865,642.0,1272.0,522.0
5,1764110072.6725087,1325.2368001937866,642.0,1253.0,527.0
5,1764110072.7089198,1332.4882416725159,642.0,1258.0,522.0
5,1764110072.7364974,1334.9261193275452,642.0,1282.0,508.0
5,1764110072.7666285,1339.7043137550354,642.0,1295.0,522.0
5,1764110072.8056762,1346.8350558280945,642.0,1308.0,554.0
5,1764110072.832453,1349.346354484558,642.0,1344.0,559.0
5,1764110072.861628,1354.05881690979,642.0,1335.0,558.0
5,1764110072.892285,1358.8346509933472,642.0,1340.0,567.0
5,1764110072.933577,1366.0665302276611,642.0,1332.0,582.0
5,1764110072.9720597,1370.8011298179626,642.0,1333.0,586.0
5,1764110072.9975939,1375.6499199867249,642.0,1329.0,561.0
5,1764110073.0284503,1380.4063348770142,642.0,1337.0,547.0
5,1764110073.0621412,1385.29421377182,642.0,1339.0,540.0
5,1764110073.0928893,1390.093472480774,642.0,1342.0,544.0
5,1764110073.1316938,1394.832184791565,642.0,1348.0,543.0
5,1764110073.1773043,1402.1145253181458,642.0,1354.0,541.0
5,1764110073.2022402,1406.9642810821533,642.0,1360.0,538.0
5,1764110073.227179,1409.2230229377747,642.0,1353.0,539.0
5,1764110073.2724488,1416.5270357131958,642.0,1349.0,533.0
5,1764110073.302861,1421.2018399238586,642.0,1354.0,531.0
5,1764110073.3274815,1423.7597017288208,642.0,1363.0,532.0
5,1764110073.3565784,1428.4042506217957,642.0,1368.0,537.0
5,1764110073.387111,1433.276644229889,642.0,1377.0,545.0
5,1764110073.4223812,1438.028338432312,642.0,1383.0,555.0
5,1764110073.4519362,1442.9606704711914,642.0,1387.0,566.0
5,1764110073.4872758,1447.7467684745789,642.0,1437.0,567.0
5,1764110073.5219984,1454.9280076026917,642.0,1443.0,555.0
5,1764110073.551618,1457.2180061340332,642.0,1443.0,562.0
5,1764110073.5897257,1464.4403367042542,642.0,1442.0,565.0
5,1764110073.6372786,1471.6120986938477,642.0,1445.0,562.0
5,1764110073.6919281,1478.8111119270325,642.0,1447.0,562.0
5,1764110073.727626,1483.7361125946045,642.0,1462.0,568.0
5,1764110073.7673526,1490.9098415374756,642.0,1466.0,565.0
5,1764110073.7920563,1493.2716159820557,642.0,1478.0,558.0
5,1764110073.8166957,1498.0809955596924,642.0,1482.0,551.0
5,1764110073.847221,1502.9183058738708,642.0,1496.0,541.0
5,1764110073.8931754,1510.0848107337952,642.0,1503.0,539.0
5,1764110073.9272947,1514.8600368499756,642.0,1507.0,544.0
5,1764110073.9572515,1519.6177034378052,642.0,1500.0,553.0
5,1764110073.9912946,1524.4639902114868,642.0,1489.0,560.0
5,1764110074.017536,1526.9152073860168,642.0,1477.0,568.0
5,1764110074.0701976,1536.5595726966858,642.0,1490.0,590.0
5,1764110074.1115565,1541.298499584198,642.0,1549.0,600.0
5,1764110074.1365423,1546.0495142936707,642.0,1570.0,604.0
5,1764110074.1615489,1550.86057472229,642.0,1590.0,607.0
5,1764110074.2017598,1555.6123046875,642.0,1604.0,604.0
5,1764110074.2444355,1562.8220825195312,642.0,1609.0,613.0
5,1764110074.2774632,1567.63063955307,642.0,1612.0,609.0
5,1764110074.301567,1570.1510219573975,642.0,1620.0,596.0
5,1764110074.3421123,1577.2438912391663,642.0,1628.0,574.0
5,1764110074.3886278,1584.4433693885803,642.0,1641.0,565.0
5,1764110074.4270096,1589.3287806510925,642.0,1637.0,564.0
5,1764110074.4562767,1594.0562634468079,642.0,1633.0,565.0
5,1764110074.501732,1601.22416305542,642.0,1637.0,564.0
5,1764110074.5272856,1603.7094979286194,642.0,1649.0,563.0
5,1764110074.5645583,1610.8507900238037,642.0,1653.0,576.0
5,1764110074.5923967,1613.2858424186707,642.0,1697.0,576.0
5,1764110074.6293967,1620.4183368682861,642.0,1708.0,546.0
5,1764110074.6618328,1625.275996208191,642.0,1708.0,539.0
5,1764110074.6938984,1630.0806550979614,642.0,1693.0,549.0
5,1764110074.722133,1634.948184967041,642.0,1673.0,555.0
5,1764110074.7674003,1639.7979764938354,642.0,1677.0,561.0
5,1764110074.8065097,1646.8241124153137,642.0,1664.0,561.0
5,1764110074.8473327,1651.6926078796387,642.0,1647.0,558.0
5,1764110074.8846283,1658.850350856781,642.0,1664.0,551.0
5,1764110074.9173348,1663.6760025024414,642.0,1676.0,557.0
5,1764110074.9520936,1668.4536962509155,642.0,1680.0,552.0
5,1764110074.9872513,1673.2940106391907,642.0,1677.0,555.0
5,1764110075.0297375,1680.4012565612793,642.0,1686.0,560.0
5,1764110075.057715,1682.8365235328674,642.0,1685.0,561.0
5,1764110075.1022184,1690.1303796768188,642.0,1733.0,564.0
5,1764110075.121727,1694.8872952461243,642.0,1728.0,580.0
5,1764110075.1470516,1697.336974620819,642.0,1732.0,591.0
5,1764110075.1930876,1704.421046257019,642.0,1741.0,593.0
5,1764110075.2273996,1709.28160238266,642.0,1747.0,594.0
5,1764110075.2567797,1714.0267877578735,642.0,1733.0,593.0
5,1764110075.2819855,1718.9260749816895,642.0,1739.0,587.0
5,1764110075.3166964,1723.6761598587036,642.0,1737.0,576.0
6,1764110075.3470278,1726.0258107185364,642.0,1746.0,553.0
6,1764110075.3767252,1726.0258107185364,642.0,1742.0,546.0
6,1764110075.4078667,1726.0258107185364,642.0,1745.0,535.0
6,1764110075.4321206,1726.0258107185364,642.0,1743.0,524.0
6,1764110075.4624548,1726.0258107185364,642.0,1744.0,507.0
6,1764110075.5024211,1726.0258107185364,642.0,1744.0,499.0
6,1764110075.5364952,1726.0258107185364,642.0,1744.0,501.0
6,1764110075.5722797,1726.0258107185364,642.0,1748.0,508.0
6,1764110075.607057,1726.0258107185364,642.0,1754.0,524.0
6,1764110075.647862,1726.0258107185364,642.0,1756.0,539.0
6,1764110075.682511,1726.0258107185364,642.0,1762.0,538.0
6,1764110075.7021978,1726.0258107185364,642.0,1755.0,524.0
6,1764110075.7326505,1726.0258107185364,642.0,1748.0,526.0
6,1764110075.7623148,1726.0258107185364,642.0,1750.0,534.0
6,1764110075.7975004,1726.0258107185364,642.0,1271.0,582.0
6,1764110075.8326476,178.0,735.0,737.0,584.0
6,1764110075.8675742,182.8201084136963,735.0,553.0,551.0
6,1764110075.907307,187.6819519996643,735.0,587.0,536.0
6,1764110075.9423418,192.60598707199097,735.0,574.0,520.0
6,1764110075.9805233,199.7355489730835,735.0,556.0,523.0
6,1764110076.0021112,202.00426864624023,735.0,553.0,529.0
6,1764110076.03732,206.95069122314453,735.0,520.0,546.0
6,1764110076.0785573,214.05446815490723,735.0,346.0,560.0
6,1764110076.097182,216.5309338569641,735.0,329.0,602.0
6,1764110076.1465123,223.72365283966064,735.0,321.0,615.0
6,1764110076.1921377,230.84931659698486,735.0,318.0,613.0
6,1764110076.2190742,235.70940780639648,735.0,335.0,592.0
6,1764110076.242041,238.0359559059143,735.0,345.0,576.0
6,1764110076.271876,242.85803127288818,735.0,351.0,561.0
6,1764110076.3140695,250.0778226852417,735.0,332.0,557.0
6,1764110076.3519611,254.84893608093262,735.0,338.0,579.0
6,1764110076.3865576,259.6747307777405,735.0,348.0,594.0
6,1764110076.4321165,266.8611912727356,735.0,362.0,593.0
6,1764110076.462051,271.616247177124,735.0,413.0,597.0
6,1764110076.501645,276.42108488082886,735.0,357.0,461.0
6,1764110076.5255804,281.2117962837219,735.0,-27.0,960.0
6,1764110076.5617895,286.13668966293335,735.0,-27.0,803.0
6,1764110076.5874736,290.8539443016052,735.0,265.0,366.0
6,1764110076.6272714,295.61704683303833,735.0,-477.0,658.0
6,1764110076.6718605,302.8707056045532,735.0,458.0,556.0
6,1764110076.7145007,310.02158212661743,735.0,450.0,518.0
6,1764110076.7370427,312.40184593200684,735.0,424.0,481.0
6,1764110076.7672853,317.3506646156311,735.0,412.0,486.0
6,1764110076.8021357,322.045889377594,735.0,382.0,538.0
6,1764110076.843842,329.20452642440796,735.0,377.0,573.0
6,1764110076.8767154,334.1230182647705,735.0,376.0,583.0
6,1764110076.9066153,338.83734035491943,735.0,380.0,592.0
6,1764110076.9418175,343.61142206192017,735.0,389.0,590.0
6,1764110076.9821632,348.4022765159607,735.0,400.0,583.0
6,1764110077.0223086,355.63590812683105,735.0,400.0,565.0
6,1764110077.0573137,360.54538774490356,735.0,387.0,557.0
6,1764110077.0924745,365.32383251190186,735.0,387.0,549.0
6,1764110077.1220663,370.0899748802185,735.0,372.0,545.0
6,1764110077.1568918,374.88193798065186,735.0,372.0,543.0
6,1764110077.1870093,379.7706036567688,735.0,399.0,543.0
6,1764110077.2165706,384.4332127571106,735.0,420.0,544.0
6,1764110077.2469754,389.30521297454834,735.0,437.0,549.0
6,1764110077.2819285,394.04424715042114,735.0,435.0,552.0
6,1764110077.3116326,398.94646692276,735.0,416.0,549.0
6,1764110077.3565319,406.01934480667114,735.0,397.0,533.0
6,1764110077.4017155,413.270893573761,735.0,391.0,525.0
6,1764110077.441521,418.1259779930115,735.0,410.0,550.0
6,1764110077.4672227,422.8812484741211,735.0,429.0,574.0
6,1764110077.49265,425.2448468208313,735.0,422.0,569.0
6,1764110077.5222468,430.12535858154297,735.0,413.0,565.0
6,1764110077.5528429,434.93570375442505,735.0,424.0,562.0
6,1764110077.5874865,439.66651248931885,735.0,453.0,541.0
6,1764110077.617337,444.43898487091064,735.0,465.0,503.0
6,1764110077.6618783,451.6422896385193,735.0,451.0,480.0
6,1764110077.7079008,458.8994174003601,735.0,441.0,478.0
6,1764110077.7324743,461.2231044769287,735.0,455.0,506.0
6,1764110077.7573879,466.05229663848877,735.0,454.0,520.0
6,1764110077.7869632,470.8457975387573,735.0,443.0,524.0
6,1764110077.8274546,475.7091073989868,735.0,446.0,519.0
6,1764110077.8617213,480.4481773376465,735.0,453.0,515.0
6,1764110077.8916845,485.33755826950073,735.0,474.0,496.0
6,1764110077.9222922,490.15494871139526,735.0,485.0,493.0
6,1764110077.9516175,494.90235137939453,735.0,505.0,501.0
6,1764110077.9822917,499.6365933418274,735.0,511.0,497.0
6,1764110078.0175982,504.42626762390137,735.0,520.0,483.0
6,1764110078.058933,511.6985230445862,735.0,504.0,470.0
6,1764110078.0925183,516.4168863296509,735.0,484.0,469.0
6,1764110078.14192,523.719039440155,735.0,478.0,487.0
6,1764110078.171644,528.4183053970337,735.0,509.0,482.0
6,1764110078.2022004,533.2697062492371,735.0,505.0,462.0
6,1764110078.2329724,538.07479429245,735.0,490.0,446.0
6,1764110078.26702,542.8717284202576,735.0,500.0,454.0
6,1764110078.2976155,547.6208477020264,735.0,536.0,466.0
6,1764110078.3265178,552.441134929657,735.0,539.0,476.0
6,1764110078.3570578,554.8877029418945,735.0,524.0,515.0
6,1764110078.3871942,559.7001223564148,735.0,530.0,547.0
6,1764110078.422531,564.5156888961792,735.0,521.0,533.0
6,1764110078.4515233,569.2929177284241,735.0,518.0,502.0
6,1764110078.487546,576.5953569412231,735.0,507.0,467.0
6,1764110078.5252485,581.2679080963135,735.0,506.0,469.0
6,1764110078.5584297,586.0205321311951,735.0,514.0,477.0
6,1764110078.5816243,588.487699508667,735.0,527.0,498.0
6,1764110078.617839,595.6895380020142,735.0,536.0,510.0
6,1764110078.6470017,600.5137233734131,735.0,538.0,506.0
6,1764110078.681656,605.2214651107788,735.0,542.0,501.0
6,1764110078.7149765,610.0345282554626,735.0,553.0,494.0
6,1764110078.7524965,615.02472448349,735.0,558.0,497.0
6,1764110078.7872357,619.6962385177612,735.0,555.0,503.0
6,1764110078.8123531,624.4896321296692,735.0,550.0,501.0
6,1764110078.8579159,631.6554574966431,735.0,558.0,511.0
6,1764110078.8982518,636.4796071052551,735.0,564.0,502.0
6,1764110078.9377687,643.6169295310974,735.0,563.0,498.0
6,1764110078.9817247,648.4195857048035,735.0,557.0,486.0
6,1764110079.0069778,653.3979802131653,735.0,565.0,491.0
6,1764110079.0348203,658.0307989120483,735.0,569.0,495.0
6,1764110079.0665722,662.82905626297,735.0,591.0,503.0
6,1764110079.1000926,667.850902557373,735.0,607.0,510.0
6,1764110079.1326058,672.5298552513123,735.0,629.0,508.0
6,1764110079.1722019,677.2750763893127,735.0,653.0,481.0
6,1764110079.2138958,684.429922580719,735.0,659.0,459.0
6,1764110079.2458582,689.3816380500793,735.0,663.0,456.0
6,1764110079.283136,694.1131978034973,735.0,647.0,479.0
6,1764110079.3175209,698.8265900611877,735.0,625.0,511.0
6,1764110079.3695252,708.433189868927,735.0,625.0,526.0
6,1764110079.4028625,713.2151393890381,735.0,631.0,548.0
6,1764110079.426532,715.6983642578125,735.0,649.0,559.0
6,1764110079.457242,720.4968719482422,735.0,651.0,560.0
6,1764110079.4990125,727.666702747345,735.0,660.0,539.0
6,1764110079.5422475,732.4446110725403,735.0,677.0,526.0
6,1764110079.5723236,737.2914342880249,735.0,687.0,529.0
6,1764110079.612258,744.4579391479492,735.0,705.0,532.0
6,1764110079.6373172,746.9290761947632,735.0,744.0,514.0
6,1764110079.667301,751.6073851585388,735.0,736.0,508.0
6,1764110079.6977367,756.5268068313599,735.0,728.0,510.0
6,1764110079.726759,761.3306789398193,735.0,744.0,527.0
6,1764110079.761925,766.0950331687927,735.0,761.0,529.0
6,1764110079.79207,770.8022384643555,735.0,780.0,525.0
6,1764110079.8178327,775.6535677909851,735.0,765.0,521.0
6,1764110079.8524938,780.454936504364,735.0,752.0,527.0
6,1764110079.89249,785.3435306549072,735.0,733.0,521.0
6,1764110079.9326487,792.5033121109009,735.0,732.0,521.0
6,1764110079.9725444,797.3213105201721,735.0,759.0,514.0
6,1764110080.0020843,802.1537570953369,735.0,788.0,506.0
6,1764110080.0274954,806.8860321044922,735.0,789.0,502.0
6,1764110080.0520208,809.2500238418579,735.0,790.0,509.0
6,1764110080.0922792,816.4657025337219,735.0,779.0,521.0
6,1764110080.1171253,818.8954977989197,735.0,775.0,523.0
6,1764110080.1570718,826.039972782135,735.0,766.0,507.0
6,1764110080.1921246,830.9651880264282,735.0,758.0,510.0
6,1764110080.227208,835.7331185340881,735.0,766.0,512.0
6,1764110080.2622051,840.4524831771851,735.0,794.0,515.0
6,1764110080.3001933,847.6942329406738,735.0,803.0,526.0
6,1764110080.342119,852.4818687438965,735.0,815.0,555.0
6,1764110080.371985,857.2419672012329,735.0,831.0,576.0
6,1764110080.413332,864.4538192749023,735.0,825.0,588.0
6,1764110080.4367232,866.8187050819397,735.0,798.0,581.0
6,1764110080.4737012,874.023440361023,735.0,782.0,579.0
6,1764110080.497605,876.4634637832642,735.0,797.0,554.0
6,1764110080.5274613,881.3476948738098,735.0,810.0,545.0
6,1764110080.556693,886.0137014389038,735.0,832.0,543.0
6,1764110080.6034577,893.3385996818542,735.0,840.0,559.0
6,1764110080.634174,898.0551748275757,735.0,840.0,556.0
6,1764110080.6618268,900.5010991096497,735.0,885.0,537.0
6,1764110080.692263,905.2640943527222,735.0,874.0,524.0
6,1764110080.7221334,910.1497201919556,735.0,877.0,538.0
6,1764110080.7672215,917.2532110214233,735.0,884.0,543.0
6,1764110080.8216426,924.413779258728,735.0,898.0,544.0
6,1764110080.84709,929.292359828949,735.0,880.0,550.0
6,1764110080.8793178,934.1039209365845,735.0,861.0,547.0
6,1764110080.9070792,938.869026184082,735.0,859.0,546.0
6,1764110080.942935,943.6560182571411,735.0,863.0,543.0
6,1764110080.9671109,948.530092716217,735.0,885.0,542.0
6,1764110080.9972925,950.8662610054016,735.0,882.0,527.0
6,1764110081.0290759,955.7150869369507,735.0,886.0,532.0
6,1764110081.0616574,960.5111627578735,735.0,881.0,531.0
6,1764110081.0924172,965.2456550598145,735.0,892.0,538.0
6,1764110081.1315875,972.5045709609985,735.0,905.0,551.0
6,1764110081.1624212,977.3629455566406,735.0,924.0,533.0
6,1764110081.1952598,982.038679599762,735.0,922.0,508.0
6,1764110081.227894,986.8692665100098,735.0,919.0,508.0
6,1764110081.2597535,991.8069272041321,735.0,919.0,505.0
6,1764110081.2969303,996.5323715209961,735.0,916.0,517.0
6,1764110081.3328013,1001.2370376586914,735.0,920.0,535.0
6,1764110081.372997,1008.5723428726196,735.0,922.0,531.0
6,1764110081.4048963,1013.3214621543884,735.0,952.0,518.0
6,1764110081.4424746,1018.1532292366028,735.0,949.0,505.0
6,1764110081.483703,1025.3451972007751,735.0,939.0,506.0
6,1764110081.5271266,1032.5324444770813,735.0,930.0,516.0
6,1764110081.5515687,1034.8685054779053,735.0,940.0,538.0
6,1764110081.5818613,1039.743688583374,735.0,964.0,540.0
6,1764110081.606743,1044.4749264717102,735.0,983.0,559.0
6,1764110081.6370094,1046.831443786621,735.0,984.0,565.0
6,1764110081.6669743,1051.67662191391,735.0,972.0,561.0
6,1764110081.7018845,1056.4219861030579,735.0,969.0,562.0
6,1764110081.7266142,1061.2568645477295,735.0,973.0,553.0
6,1764110081.7622204,1066.0683183670044,735.0,978.0,553.0
6,1764110081.8135462,1073.3892827033997,735.0,986.0,554.0
6,1764110081.847292,1080.5572538375854,735.0,995.0,563.0
6,1764110081.8767226,1082.8624873161316,735.0,1012.0,568.0
6,1764110081.9074023,1087.6795558929443,735.0,1015.0,557.0
6,1764110081.9368715,1092.5013809204102,735.0,1008.0,543.0
6,1764110081.967175,1097.3364024162292,735.0,997.0,541.0
6,1764110081.99542,1102.1198897361755,735.0,997.0,536.0
6,1764110082.0365071,1106.8542032241821,735.0,1000.0,537.0
6,1764110082.0620844,1111.7388277053833,735.0,1003.0,527.0
6,1764110082.0980163,1116.4617328643799,735.0,1005.0,529.0
6,1764110082.1315017,1121.286383152008,735.0,1028.0,551.0
6,1764110082.1615703,1126.0374336242676,735.0,1053.0,558.0
6,1764110082.2019675,1133.2914142608643,735.0,1058.0,532.0
6,1764110082.2354648,1138.1484656333923,735.0,1042.0,518.0
6,1764110082.2617507,1140.496042251587,735.0,1036.0,518.0
6,1764110082.3067765,1147.7884321212769,735.0,1042.0,518.0
6,1764110082.3324335,1152.541449546814,735.0,1059.0,527.0
6,1764110082.3728871,1157.3988943099976,735.0,1066.0,540.0
6,1764110082.4155595,1164.4113330841064,735.0,1074.0,566.0
6,1764110082.4457972,1169.2298321723938,735.0,1078.0,575.0
6,1764110082.4826028,1174.0200786590576,735.0,1126.0,569.0
6,1764110082.522089,1181.2606840133667,735.0,1137.0,600.0
6,1764110082.555718,1186.1538915634155,735.0,1134.0,608.0
6,1764110082.5915375,1190.9323363304138,735.0,1136.0,601.0
6,1764110082.634708,1198.0351119041443,735.0,1135.0,582.0
6,1764110082.6769838,1202.8187065124512,735.0,1134.0,575.0
6,1764110082.7022195,1207.6354532241821,735.0,1150.0,583.0
6,1764110082.7268026,1212.4838500022888,735.0,1175.0,587.0
6,1764110082.7576146,1214.8378639221191,735.0,1175.0,589.0
6,1764110082.7943099,1222.1204190254211,735.0,1184.0,591.0
6,1764110082.8271878,1226.847758769989,735.0,1182.0,593.0
6,1764110082.8577564,1231.6507368087769,735.0,1180.0,588.0
6,1764110082.8917181,1236.564007282257,735.0,1180.0,593.0
6,1764110082.9220972,1241.2449626922607,735.0,1180.0,604.0
6,1764110082.9544692,1246.1543350219727,735.0,1158.0,606.0
6,1764110082.9774175,1248.4231977462769,735.0,1165.0,602.0
6,1764110083.0126712,1253.2925872802734,735.0,1251.0,596.0
6,1764110083.0415945,1258.0731778144836,735.0,1248.0,617.0
6,1764110083.0669882,1262.8960757255554,735.0,1244.0,634.0
6,1764110083.1018674,1267.8138523101807,735.0,1248.0,634.0
6,1764110083.1372707,1272.5420861244202,735.0,1254.0,629.0
6,1764110083.1800704,1279.6939640045166,735.0,1264.0,632.0
6,1764110083.2218602,1284.4122915267944,735.0,1277.0,642.0
6,1764110083.2432919,1289.3233804702759,735.0,1286.0,650.0
6,1764110083.2774518,1294.0493969917297,735.0,1279.0,647.0
6,1764110083.3071377,1298.8935379981995,735.0,1220.0,632.0
6,1764110083.3465781,1303.6815671920776,735.0,1216.0,611.0
6,1764110083.3869686,1310.8231811523438,735.0,1204.0,594.0
6,1764110083.4118688,1313.2253675460815,735.0,1205.0,587.0
6,1764110083.4421015,1318.0363564491272,735.0,1196.0,588.0
6,1764110083.4864988,1325.327995300293,735.0,1208.0,588.0
6,1764110083.5265555,1332.446792602539,735.0,1213.0,587.0
6,1764110083.566865,1337.280276298523,735.0,1293.0,581.0
6,1764110083.6019397,1342.0475273132324,735.0,1299.0,586.0
6,1764110083.637444,1346.8481450080872,735.0,1293.0,590.0
6,1764110083.662134,1351.6321687698364,735.0,1290.0,587.0
6,1764110083.7023902,1356.4892201423645,735.0,1288.0,585.0
6,1764110083.7415533,1363.6300115585327,735.0,1285.0,593.0
6,1764110083.762107,1366.1563663482666,735.0,1282.0,607.0
6,1764110083.7967854,1370.8943634033203,735.0,1287.0,611.0
6,1764110083.826629,1375.7787017822266,735.0,1295.0,613.0
6,1764110083.8565202,1380.521562576294,735.0,1302.0,613.0
6,1764110083.8874252,1385.2666764259338,735.0,1291.0,619.0
6,1764110083.9321518,1392.4479513168335,735.0,1288.0,607.0
6,1764110083.9721246,1397.3004608154297,735.0,1276.0,600.0
6,1764110084.001904,1402.0701079368591,735.0,1286.0,588.0
6,1764110084.031752,1406.8501620292664,735.0,1291.0,582.0
6,1764110084.0675445,1411.6048245429993,735.0,1294.0,576.0
6,1764110084.0972512,1416.4952425956726,735.0,1295.0,559.0
6,1764110084.1278899,1421.2491540908813,735.0,1291.0,552.0
6,1764110084.156668,1426.0611085891724,735.0,1291.0,558.0
6,1764110084.187211,1430.8677344322205,735.0,1299.0,579.0
6,1764110084.2139308,1433.2826881408691,735.0,1303.0,599.0
6,1764110084.2422884,1438.034203529358,735.0,1322.0,609.0
6,1764110084.2768428,1442.9491548538208,735.0,1332.0,614.0
6,1764110084.3072863,1447.6605443954468,735.0,1322.0,607.0
6,1764110084.3473175,1454.8476843833923,735.0,1309.0,601.0
6,1764110084.3807867,1459.600308418274,735.0,1306.0,615.0
6,1764110084.4165363,1464.5199446678162,735.0,1310.0,626.0
6,1764110084.443461,1469.317093372345,735.0,1397.0,592.0
6,1764110084.4767935,1474.0308074951172,735.0,1411.0,589.0
6,1764110084.5229063,1481.3179759979248,735.0,1424.0,595.0
6,1764110084.5619104,1486.060371875763,735.0,1431.0,594.0
6,1764110084.5880659,1490.9142761230469,735.0,1417.0,608.0
6,1764110084.6268082,1495.7874207496643,735.0,1402.0,637.0
6,1764110084.6681604,1502.8655200004578,735.0,1395.0,642.0
6,1764110084.707319,1507.714059829712,735.0,1404.0,635.0
6,1764110084.7415755,1512.4392538070679,735.0,1412.0,620.0
6,1764110084.772254,1517.285933971405,735.0,1410.0,615.0
6,1764110084.8028865,1522.0562963485718,735.0,1412.0,613.0
6,1764110084.8324714,1526.8559126853943,735.0,1404.0,602.0
6,1764110084.866987,1531.6749839782715,735.0,1404.0,587.0
6,1764110084.8969803,1536.4239959716797,735.0,1420.0,573.0
6,1764110084.9326668,1541.285517692566,735.0,1429.0,569.0
6,1764110084.9622798,1546.056559562683,735.0,1431.0,568.0
6,1764110085.002183,1553.3068208694458,735.0,1472.0,582.0
6,1764110085.0473206,1560.5615525245667,735.0,1473.0,595.0
6,1764110085.0676465,1562.895145893097,735.0,1467.0,612.0
6,1764110085.1020133,1567.726197719574,735.0,1469.0,626.0
6,1764110085.1266763,1572.464910030365,735.0,1464.0,656.0
6,1764110085.1568415,1574.9166994094849,735.0,1470.0,670.0
6,1764110085.2018075,1582.0891766548157,735.0,1463.0,670.0
6,1764110085.237484,1586.8637590408325,735.0,1462.0,668.0
6,1764110085.2667472,1591.6450290679932,735.0,1460.0,658.0
6,1764110085.312348,1598.9389567375183,735.0,1462.0,646.0
6,1764110085.346745,1603.754451751709,735.0,1467.0,638.0
6,1764110085.3751044,1608.5503129959106,735.0,1551.0,642.0
6,1764110085.4189687,1615.7453923225403,735.0,1563.0,658.0
6,1764110085.466616,1622.8174476623535,735.0,1569.0,685.0
6,1764110085.5073602,1627.607765674591,735.0,1572.0,689.0
6,1764110085.536082,1632.4077396392822,735.0,1587.0,675.0
6,1764110085.5621965,1637.335708618164,735.0,1592.0,671.0
6,1764110085.5968225,1642.0806078910828,735.0,1591.0,663.0
6,1764110085.6367934,1646.8005805015564,735.0,1582.0,658.0
6,1764110085.676616,1654.0795593261719,735.0,1587.0,641.0
6,1764110085.701921,1656.4775257110596,735.0,1587.0,630.0
6,1764110085.7423966,1663.71115732193,735.0,1589.0,636.0
6,1764110085.7827067,1668.4865622520447,735.0,1619.0,637.0
6,1764110085.8203046,1675.7434754371643,735.0,1623.0,644.0
6,1764110085.8616798,1680.4879455566406,735.0,1630.0,658.0
6,1764110085.897558,1687.6186518669128,735.0,1628.0,665.0
6,1764110085.9312043,1692.426565170288,735.0,1626.0,675.0
6,1764110085.956523,1694.8423771858215,735.0,1629.0,677.0
6,1764110085.9875379,1699.8027472496033,735.0,1618.0,672.0
6,1764110086.0270448,1706.8100361824036,735.0,1603.0,672.0
6,1764110086.0516644,1709.2831401824951,735.0,1592.0,667.0
6,1764110086.0816853,1714.0348343849182,735.0,1591.0,664.0
6,1764110086.1271043,1721.258774280548,735.0,1596.0,659.0
7,1764110086.1615524,1726.0015277862549,735.0,1619.0,665.0
7,1764110086.202471,1726.0015277862549,735.0,1637.0,669.0
7,1764110086.237497,1726.0015277862549,735.0,1633.0,679.0
7,1764110086.2625477,1726.0015277862549,735.0,1621.0,678.0
7,1764110086.2876384,1726.0015277862549,735.0,1614.0,670.0
7,1764110086.3176596,1726.0015277862549,735.0,1612.0,668.0
7,1764110086.3625767,1726.0015277862549,735.0,1622.0,664.0
7,1764110086.3966696,1726.0015277862549,735.0,1632.0,652.0
7,1764110086.4224374,1726.0015277862549,735.0,1644.0,655.0
7,1764110086.4623845,1726.0015277862549,735.0,1642.0,661.0
7,1764110086.506527,1726.0015277862549,735.0,1646.0,661.0
7,1764110086.5416946,1726.0015277862549,735.0,1654.0,660.0
7,1764110086.5620332,1726.0015277862549,735.0,1666.0,686.0
7,1764110086.5916748,1726.0015277862549,735.0,1656.0,700.0
7,1764110086.616556,1726.0015277862549,735.0,1662.0,695.0
7,1764110086.6632674,178.0,828.0,1668.0,685.0
7,1764110086.6881196,182.90758419036865,828.0,1679.0,678.0
7,1764110086.7224333,187.67057943344116,828.0,1683.0,673.0
7,1764110086.7574563,192.4628643989563,828.0,1693.0,668.0
7,1764110086.7938762,197.29595470428467,828.0,1700.0,677.0
7,1764110086.8369303,204.40702724456787,828.0,1699.0,677.0
7,1764110086.8717418,209.25195503234863,828.0,1712.0,671.0
7,1764110086.9120836,216.44099044799805,828.0,1721.0,670.0
7,1764110086.946563,221.32032203674316,828.0,1721.0,669.0
7,1764110086.9737139,226.008394241333,828.0,1725.0,659.0
7,1764110087.0073822,230.83644199371338,828.0,1235.0,674.0
7,1764110087.0378659,235.62786865234375,828.0,521.0,701.0
7,1764110087.0667078,238.05698442459106,828.0,330.0,667.0
7,1764110087.0966558,242.94994163513184,828.0,322.0,692.0
7,1764110087.1267326,247.7662591934204,828.0,342.0,690.0
7,1764110087.1573272,252.49649572372437,828.0,323.0,689.0
7,1764110087.1924596,257.3673872947693,828.0,326.0,686.0
7,1764110087.2274964,262.08124446868896,828.0,335.0,689.0
7,1764110087.2620764,269.2701725959778,828.0,352.0,674.0
7,1764110087.2973778,274.1892008781433,828.0,299.0,664.0
7,1764110087.3219168,276.49700927734375,828.0,293.0,662.0
7,1764110087.3621774,283.72913885116577,828.0,277.0,648.0
7,1764110087.3926148,288.4297995567322,828.0,291.0,642.0
7,1764110087.4424002,295.74672269821167,828.0,287.0,636.0
7,1764110087.476539,300.5154399871826,828.0,288.0,637.0
7,1764110087.5017188,305.32717990875244,828.0,283.0,644.0
7,1764110087.535494,310.0745825767517,828.0,283.0,622.0
7,1764110087.5764136,314.8875026702881,828.0,282.0,617.0
7,1764110087.6157198,322.1275358200073,828.0,312.0,615.0
7,1764110087.6565275,326.8020896911621,828.0,311.0,629.0
7,1764110087.6984768,334.06411695480347,828.0,321.0,637.0
7,1764110087.732085,338.8761429786682,828.0,316.0,627.0
7,1764110087.7737937,346.0146098136902,828.0,325.0,637.0
7,1764110087.7973063,348.4442620277405,828.0,335.0,639.0
7,1764110087.8265336,353.3370761871338,828.0,345.0,640.0
7,1764110087.862254,358.0781488418579,828.0,344.0,628.0
7,1764110087.8973277,362.81671810150146,828.0,349.0,638.0
7,1764110087.9387925,370.03879833221436,828.0,339.0,647.0
7,1764110087.9773862,374.9467759132385,828.0,338.0,636.0
7,1764110088.026899,382.015576839447,828.0,335.0,635.0
7,1764110088.056724,386.8921904563904,828.0,330.0,634.0
7,1764110088.0815423,391.6671304702759,828.0,351.0,658.0
7,1764110088.1223533,396.4635639190674,828.0,364.0,653.0
7,1764110088.1621428,403.66375732421875,828.0,357.0,665.0
7,1764110088.1868513,406.04856300354004,828.0,343.0,703.0
7,1764110088.2167737,410.8877329826355,828.0,332.0,698.0
7,1764110088.2469227,415.6923203468323,828.0,342.0,679.0
7,1764110088.2882373,422.9725866317749,828.0,357.0,667.0
7,1764110088.3349369,430.1218180656433,828.0,378.0,647.0
7,1764110088.3591306,432.5388102531433,828.0,385.0,635.0
7,1764110088.3921611,437.33159589767456,828.0,368.0,631.0
7,1764110088.4265454,442.04101848602295,828.0,355.0,639.0
7,1764110088.4576468,446.87210607528687,828.0,363.0,658.0
7,1764110088.4827926,451.629629611969,828.0,389.0,660.0
7,1764110088.5172248,456.5063862800598,828.0,386.0,653.0
7,1764110088.5473924,461.2685947418213,828.0,392.0,656.0
7,1764110088.5774095,466.0399227142334,828.0,388.0,647.0
7,1764110088.6073604,470.8393602371216,828.0,413.0,651.0
7,1764110088.6394708,475.69866466522217,828.0,459.0,639.0
7,1764110088.6720169,480.5587201118469,828.0,455.0,635.0
7,1764110088.701911,485.2139263153076,828.0,456.0,622.0
7,1764110088.734441,490.097692489624,828.0,459.0,601.0
7,1764110088.7674208,494.81065559387207,828.0,465.0,568.0
7,1764110088.813006,502.0232586860657,828.0,469.0,574.0
7,1764110088.8530807,507.0140986442566,828.0,467.0,573.0
7,1764110088.8788555,511.7348222732544,828.0,459.0,589.0
7,1764110088.9169772,516.4097695350647,828.0,444.0,576.0
7,1764110088.9516375,521.3444261550903,828.0,446.0,571.0
7,1764110088.9816458,526.0623602867126,828.0,449.0,585.0
7,1764110089.021821,533.2116632461548,828.0,453.0,600.0
7,1764110089.0555007,538.1279020309448,828.0,456.0,608.0
7,1764110089.0865402,542.928662776947,828.0,453.0,585.0
7,1764110089.1216083,547.618558883667,828.0,441.0,579.0
7,1764110089.1621602,552.4953870773315,828.0,438.0,598.0
7,1764110089.1835423,557.229986667633,828.0,450.0,605.0
7,1764110089.2142901,562.0287804603577,828.0,454.0,601.0
7,1764110089.2467327,566.8920903205872,828.0,468.0,611.0
7,1764110089.2868388,571.7156319618225,828.0,466.0,625.0
7,1764110089.331531,578.9136438369751,828.0,459.0,629.0
7,1764110089.3718755,586.1918001174927,828.0,448.0,619.0
7,1764110089.396749,588.4426026344299,828.0,464.0,580.0
7,1764110089.4239562,593.2936816215515,828.0,483.0,565.0
7,1764110089.4581325,598.30029296875,828.0,488.0,547.0
7,1764110089.48232,600.455108165741,828.0,492.0,546.0
7,1764110089.5116992,605.2039771080017,828.0,500.0,555.0
7,1764110089.5475066,610.0411443710327,828.0,509.0,563.0
7,1764110089.5771291,614.8796348571777,828.0,502.0,585.0
7,1764110089.626743,622.0552234649658,828.0,481.0,589.0
7,1764110089.6625855,629.3209342956543,828.0,531.0,592.0
7,1764110089.6868546,631.7092089653015,828.0,527.0,591.0
7,1764110089.7176495,636.5217714309692,828.0,527.0,600.0
7,1764110089.7474976,641.3424878120422,828.0,517.0,612.0
7,1764110089.7821498,646.1154251098633,828.0,521.0,622.0
7,1764110089.811606,650.8057146072388,828.0,525.0,618.0
7,1764110089.8550029,658.0182819366455,828.0,551.0,615.0
7,1764110089.8968208,662.8334908485413,828.0,577.0,597.0
7,1764110089.9214978,667.6283864974976,828.0,604.0,595.0
7,1764110089.9474356,670.0207738876343,828.0,611.0,596.0
7,1764110089.9772947,674.9536781311035,828.0,598.0,612.0
7,1764110090.0222402,682.0862798690796,828.0,571.0,615.0
7,1764110090.0643451,689.3259196281433,828.0,557.0,622.0
7,1764110090.095532,694.0136342048645,828.0,544.0,629.0
7,1764110090.126999,698.8152532577515,828.0,565.0,632.0
7,1764110090.1670246,703.6696939468384,828.0,608.0,614.0
7,1764110090.2072394,710.8015446662903,828.0,640.0,603.0
7,1764110090.2420056,715.7777218818665,828.0,649.0,613.0
7,1764110090.2670884,718.1220083236694,828.0,640.0,644.0
7,1764110090.3031478,725.2591876983643,828.0,630.0,655.0
7,1764110090.341259,730.0231485366821,828.0,614.0,652.0
7,1764110090.367468,734.8853855133057,828.0,601.0,650.0
7,1764110090.4072623,739.6957664489746,828.0,607.0,625.0
7,1764110090.4535384,746.9388394355774,828.0,617.0,640.0
7,1764110090.472202,749.2403178215027,828.0,629.0,653.0
7,1764110090.5022225,754.1438965797424,828.0,637.0,652.0
7,1764110090.5423415,761.2772850990295,828.0,638.0,658.0
7,1764110090.5874941,766.034987449646,828.0,626.0,664.0
7,1764110090.631978,773.3489422798157,828.0,-217.0,-56.0
7,1764110090.6580234,778.0005722045898,828.0,661.0,642.0
7,1764110090.6924098,782.8468232154846,828.0,671.0,628.0
7,1764110090.7372632,790.0889663696289,828.0,676.0,625.0
7,1764110090.7618983,792.4026398658752,828.0,650.0,620.0
7,1764110090.791617,797.4018483161926,828.0,633.0,647.0
7,1764110090.821661,802.1320133209229,828.0,641.0,676.0
7,1764110090.8514967,806.9893507957458,828.0,653.0,697.0
7,1764110090.882244,811.7406516075134,828.0,658.0,708.0
7,1764110090.911834,816.5358691215515,828.0,669.0,703.0
7,1764110090.9477103,821.2295203208923,828.0,656.0,672.0
7,1764110090.981653,826.0211615562439,828.0,649.0,649.0
7,1764110091.01722,830.8199911117554,828.0,647.0,669.0
7,1764110091.0472548,835.7325105667114,828.0,649.0,684.0
7,1764110091.0825193,840.5077366828918,828.0,649.0,701.0
7,1764110091.1118329,845.2456979751587,828.0,659.0,705.0
7,1764110091.1474578,850.1337199211121,828.0,679.0,709.0
7,1764110091.1869218,857.2776226997375,828.0,699.0,693.0
7,1764110091.221607,862.139358997345,828.0,710.0,672.0
7,1764110091.264988,869.3148045539856,828.0,757.0,668.0
7,1764110091.302866,874.0963606834412,828.0,766.0,696.0
7,1764110091.3282335,878.8228778839111,828.0,772.0,720.0
7,1764110091.3618147,883.6556105613708,828.0,772.0,722.0
7,1764110091.3918593,888.5559706687927,828.0,768.0,715.0
7,1764110091.4380767,895.6228046417236,828.0,779.0,703.0
7,1764110091.4723449,900.4249601364136,828.0,793.0,702.0
7,1764110091.4965317,902.9531745910645,828.0,810.0,707.0
7,1764110091.5317044,910.1661353111267,828.0,815.0,702.0
7,1764110091.5623815,912.4165086746216,828.0,812.0,696.0
7,1764110091.601801,919.8008089065552,828.0,811.0,698.0
7,1764110091.627349,922.0026164054871,828.0,810.0,692.0
7,1764110091.656682,926.8022327423096,828.0,814.0,690.0
7,1764110091.6880703,931.7007689476013,828.0,827.0,685.0
7,1764110091.717283,936.5210204124451,828.0,827.0,675.0
7,1764110091.7465522,941.2167100906372,828.0,826.0,681.0
7,1764110091.7816656,946.108344078064,828.0,828.0,687.0
7,1764110091.8166144,950.809898853302,828.0,818.0,701.0
7,1764110091.8466246,955.7276754379272,828.0,832.0,701.0
7,1764110091.8927028,962.899365901947,828.0,834.0,693.0
7,1764110091.9362907,970.0057892799377,828.0,854.0,679.0
7,1764110091.9548907,972.4860100746155,828.0,887.0,676.0
7,1764110091.9873385,977.2395281791687,828.0,908.0,675.0
7,1764110092.0174103,982.045045375824,828.0,922.0,683.0
7,1764110092.052365,986.8773488998413,828.0,913.0,685.0
7,1764110092.086729,991.7130498886108,828.0,891.0,694.0
7,1764110092.117069,996.5216426849365,828.0,893.0,691.0
7,1764110092.1525395,1001.2874989509583,828.0,950.0,677.0
7,1764110092.1883337,1006.0336499214172,828.0,974.0,678.0
7,1764110092.2323766,1013.3522896766663,828.0,970.0,687.0
7,1764110092.2773721,1020.5491571426392,828.0,956.0,699.0
7,1764110092.3048434,1025.2783207893372,828.0,955.0,705.0
7,1764110092.3376336,1030.1597623825073,828.0,947.0,704.0
7,1764110092.3770165,1034.821084022522,828.0,944.0,702.0
7,1764110092.4273906,1042.1273856163025,828.0,961.0,702.0
7,1764110092.4522583,1046.9299702644348,828.0,970.0,702.0
7,1764110092.4791787,1051.6625671386719,828.0,972.0,699.0
7,1764110092.5021567,1054.0039567947388,828.0,964.0,696.0
7,1764110092.5322828,1058.819022655487,828.0,965.0,698.0
7,1764110092.5763087,1066.0553722381592,828.0,963.0,710.0
7,1764110092.6166904,1070.902946472168,828.0,970.0,717.0
7,1764110092.642499,1075.6424813270569,828.0,967.0,721.0
7,1764110092.6819992,1080.4353384971619,828.0,969.0,711.0
7,1764110092.7240498,1087.6094608306885,828.0,967.0,707.0
7,1764110092.7470946,1090.144148349762,828.0,959.0,715.0
7,1764110092.7981954,1099.6810464859009,828.0,958.0,722.0
7,1764110092.8373532,1104.4386057853699,828.0,969.0,726.0
7,1764110092.8566148,1106.8938999176025,828.0,984.0,726.0
7,1764110092.8873138,1111.6684823036194,828.0,984.0,719.0
7,1764110092.9168615,1116.4219288825989,828.0,976.0,707.0
7,1764110092.9672105,1123.7795858383179,828.0,980.0,701.0
7,1764110093.0075138,1130.855145931244,828.0,993.0,703.0
7,1764110093.0316541,1133.2561163902283,828.0,999.0,714.0
7,1764110093.068156,1138.0889205932617,828.0,1008.0,716.0
7,1764110093.1068375,1145.3319578170776,828.0,1020.0,705.0
7,1764110093.1465995,1150.087299823761,828.0,1040.0,703.0
7,1764110093.1719022,1154.8875241279602,828.0,1046.0,701.0
7,1764110093.2003734,1159.7894577980042,828.0,1035.0,696.0
7,1764110093.2375147,1164.4717364311218,828.0,1033.0,696.0
7,1764110093.2671063,1169.342556476593,828.0,1062.0,689.0
7,1764110093.2965887,1174.0344552993774,828.0,1069.0,691.0
7,1764110093.344143,1181.350055217743,828.0,1079.0,700.0
7,1764110093.3874664,1186.047354221344,828.0,1073.0,710.0
7,1764110093.4241943,1193.2299523353577,828.0,1059.0,710.0
7,1764110093.4673288,1198.058536529541,828.0,1050.0,706.0
7,1764110093.497006,1202.8695611953735,828.0,1049.0,691.0
7,1764110093.5341334,1210.0490837097168,828.0,1069.0,689.0
7,1764110093.5724418,1214.8988752365112,828.0,1081.0,701.0
7,1764110093.5981956,1219.6160225868225,828.0,1097.0,719.0
7,1764110093.6269507,1222.1723108291626,828.0,1086.0,710.0
7,1764110093.6621988,1229.2763023376465,828.0,1087.0,701.0
7,1764110093.6941462,1234.0364723205566,828.0,1090.0,703.0
7,1764110093.728046,1238.9107971191406,828.0,1093.0,705.0
7,1764110093.7617872,1243.6922459602356,828.0,1094.0,711.0
7,1764110093.8022356,1248.4228043556213,828.0,1081.0,713.0
7,1764110093.846698,1255.7039289474487,828.0,1086.0,702.0
7,1764110093.8725362,1260.4095606803894,828.0,1104.0,685.0
7,1764110093.8967342,1262.8057389259338,828.0,1103.0,692.0
7,1764110093.927596,1267.6681904792786,828.0,1093.0,699.0
7,1764110093.9620728,1272.459044933319,828.0,1082.0,720.0
7,1764110094.0072653,1279.7547607421875,828.0,1095.0,725.0
7,1764110094.0484111,1286.86869430542,828.0,1131.0,727.0
7,1764110094.0726676,1289.3416194915771,828.0,1144.0,723.0
7,1764110094.102362,1294.1621570587158,828.0,1140.0,716.0
7,1764110094.1443734,1301.3421087265015,828.0,1144.0,720.0
7,1764110094.1875746,1306.138542175293,828.0,1143.0,720.0
7,1764110094.2088034,1310.8699588775635,828.0,1135.0,727.0
7,1764110094.2315428,1313.2961421012878,828.0,1125.0,735.0
7,1764110094.266529,1318.0561690330505,828.0,1128.0,739.0
7,1764110094.3055205,1325.2553610801697,828.0,1135.0,749.0
7,1764110094.341822,1330.1031141281128,828.0,1141.0,756.0
7,1764110094.3673272,1334.8681836128235,828.0,1191.0,736.0
7,1764110094.399078,1339.6028904914856,828.0,1187.0,715.0
7,1764110094.441494,1344.5185570716858,828.0,1174.0,707.0
7,1764110094.4873497,1351.7340211868286,828.0,1168.0,703.0
7,1764110094.5168278,1356.465473651886,828.0,1173.0,708.0
7,1764110094.559229,1363.7273578643799,828.0,1180.0,713.0
7,1764110094.5920675,1368.5277252197266,828.0,1205.0,724.0
7,1764110094.624897,1373.2533841133118,828.0,1218.0,737.0
7,1764110094.666893,1378.0226736068726,828.0,1237.0,746.0
7,1764110094.7126796,1385.2940349578857,828.0,1242.0,753.0
7,1764110094.7365272,1390.0382189750671,828.0,1253.0,743.0
7,1764110094.7623315,1392.5092844963074,828.0,1257.0,743.0
7,1764110094.8116455,1402.1572976112366,828.0,1256.0,743.0
7,1764110094.8473785,1406.8412928581238,828.0,1256.0,740.0
7,1764110094.8963766,1414.055076122284,828.0,1254.0,737.0
7,1764110094.9322653,1418.8246517181396,828.0,1243.0,718.0
7,1764110094.9604616,1423.74453830719,828.0,1258.0,697.0
7,1764110094.982417,1426.1112480163574,828.0,1268.0,696.0
7,1764110095.0256138,1433.2100896835327,828.0,1313.0,711.0
7,1764110095.0668318,1438.124146938324,828.0,1323.0,729.0
7,1764110095.0924978,1442.8194074630737,828.0,1314.0,734.0
7,1764110095.11937,1447.657576084137,828.0,1329.0,713.0
7,1764110095.151934,1452.4282603263855,828.0,1343.0,716.0
7,1764110095.1943755,1457.3289065361023,828.0,1357.0,722.0
7,1764110095.2418368,1464.4400148391724,828.0,1351.0,728.0
7,1764110095.2766774,1469.2381291389465,828.0,1340.0,739.0
7,1764110095.3073907,1474.108591556549,828.0,1348.0,741.0
7,1764110095.3470273,1481.334891796112,828.0,1354.0,740.0
7,1764110095.3718362,1486.18589925766,828.0,1361.0,742.0
7,1764110095.397554,1488.4395270347595,828.0,1368.0,746.0
7,1764110095.4390109,1495.7648186683655,828.0,1435.0,751.0
7,1764110095.4772859,1500.538185119629,828.0,1455.0,728.0
7,1764110095.5119083,1505.2252559661865,828.0,1457.0,707.0
7,1764110095.5419784,1510.0201516151428,828.0,1455.0,707.0
7,1764110095.5772538,1514.811900138855,828.0,1452.0,706.0
7,1764110095.6172862,1522.038736820221,828.0,1458.0,710.0
7,1764110095.6524363,1526.8500118255615,828.0,1468.0,718.0
7,1764110095.6918554,1534.037724018097,828.0,1466.0,724.0
7,1764110095.7226186,1536.5752367973328,828.0,1460.0,743.0
7,1764110095.7522337,1541.2359147071838,828.0,1448.0,751.0
7,1764110095.782657,1546.2262897491455,828.0,1434.0,761.0
7,1764110095.8262389,1553.280249118805,828.0,1406.0,778.0
7,1764110095.8672879,1558.045247077942,828.0,1428.0,772.0
7,1764110095.8926911,1562.9554061889648,828.0,1445.0,771.0
7,1764110095.9272232,1567.7019147872925,828.0,1459.0,776.0
7,1764110095.9721837,1574.9139099121094,828.0,1465.0,780.0
7,1764110095.9994216,1579.67897939682,828.0,1466.0,782.0
7,1764110096.0215995,1582.0212631225586,828.0,1562.0,759.0
7,1764110096.0639963,1589.3402247428894,828.0,1561.0,759.0
7,1764110096.1066444,1594.1567211151123,828.0,1556.0,770.0
7,1764110096.1320925,1598.8454012870789,828.0,1549.0,772.0
7,1764110096.160825,1603.7158279418945,828.0,1554.0,743.0
7,1764110096.2022495,1608.521023273468,828.0,1576.0,728.0
7,1764110096.2457986,1615.648367881775,828.0,1584.0,729.0
7,1764110096.2975028,1622.9466943740845,828.0,1612.0,733.0
7,1764110096.3222864,1627.7342944145203,828.0,1615.0,714.0
7,1764110096.3520231,1632.5660257339478,828.0,1611.0,716.0
7,1764110096.3823588,1637.2390775680542,828.0,1617.0,716.0
7,1764110096.414094,1642.0396237373352,828.0,1629.0,718.0
7,1764110096.4418223,1644.4127707481384,828.0,1629.0,709.0
7,1764110096.471822,1649.2840914726257,828.0,1625.0,706.0
7,1764110096.5122557,1656.4555315971375,828.0,1607.0,704.0
7,1764110096.5420315,1661.2051157951355,828.0,1596.0,698.0
7,1764110096.5833106,1666.1351947784424,828.0,1589.0,688.0
7,1764110096.6230536,1673.216691493988,828.0,1586.0,694.0
7,1764110096.6593146,1678.014340877533,828.0,1607.0,706.0
7,1764110096.690998,1682.8169255256653,828.0,1646.0,721.0
7,1764110096.722051,1687.6633195877075,828.0,1660.0,728.0
7,1764110096.7578099,1692.5418643951416,828.0,1656.0,730.0
7,1764110096.7927477,1697.2972779273987,828.0,1637.0,736.0
7,1764110096.827388,1702.0843772888184,828.0,1620.0,742.0
7,1764110096.8674424,1709.2957286834717,828.0,1605.0,745.0
7,1764110096.9075022,1714.0697031021118,828.0,1599.0,748.0
7,1764110096.9322133,1718.9018993377686,828.0,1601.0,767.0
7,1764110096.959491,1723.6871390342712,828.0,1628.0,765.0
8,1764110096.9923,1726.0996251106262,828.0,1644.0,774.0
8,1764110097.0221179,1726.0996251106262,828.0,1637.0,776.0
8,1764110097.047007,1726.0996251106262,828.0,1633.0,783.0
8,1764110097.076627,1726.0996251106262,828.0,1625.0,785.0
8,1764110097.1116383,1726.0996251106262,828.0,1622.0,776.0
8,1764110097.141616,1726.0996251106262,828.0,1621.0,776.0
8,1764110097.1765907,1726.0996251106262,828.0,1619.0,771.0
8,1764110097.2167869,1726.0996251106262,828.0,1620.0,775.0
8,1764110097.2416978,1726.0996251106262,828.0,1624.0,782.0
8,1764110097.282439,1726.0996251106262,828.0,1631.0,790.0
8,1764110097.3117707,1726.0996251106262,828.0,1621.0,790.0
8,1764110097.342439,1726.0996251106262,828.0,1621.0,789.0
8,1764110097.387191,1726.0996251106262,828.0,1619.0,791.0
8,1764110097.4122121,1726.0996251106262,828.0,1180.0,771.0
8,1764110097.441899,1726.0996251106262,828.0,625.0,693.0
8,1764110097.476838,178.0,921.0,376.0,633.0
8,1764110097.51252,182.85440492630005,921.0,248.0,551.0
8,1764110097.547269,187.72118377685547,921.0,288.0,554.0
8,1764110097.5775368,192.53696489334106,921.0,316.0,570.0
8,1764110097.611848,197.2357301712036,921.0,312.0,574.0
8,1764110097.647483,202.0713596343994,921.0,285.0,598.0
8,1764110097.6852338,209.36686086654663,921.0,273.0,610.0
8,1764110097.7117286,211.69219303131104,921.0,225.0,626.0
8,1764110097.752179,218.807843208313,921.0,198.0,665.0
8,1764110097.7921305,223.64472436904907,921.0,189.0,670.0
8,1764110097.8290854,230.9521346092224,921.0,178.0,660.0
8,1764110097.86169,235.66456127166748,921.0,124.0,689.0
8,1764110097.8958395,240.43170499801636,921.0,154.0,709.0
8,1764110097.940993,247.64713335037231,921.0,163.0,731.0
8,1764110097.967171,250.1395492553711,921.0,144.0,749.0
8,1764110098.01275,257.26878929138184,921.0,149.0,743.0
8,1764110098.036993,262.03486013412476,921.0,154.0,707.0
8,1764110098.0619204,264.4786386489868,921.0,166.0,704.0
8,1764110098.0918632,269.20476245880127,921.0,177.0,718.0
8,1764110098.1223776,274.06735706329346,921.0,186.0,732.0
8,1764110098.152493,278.8838176727295,921.0,183.0,739.0
8,1764110098.1825953,283.77917098999023,921.0,186.0,740.0
8,1764110098.217062,288.4865550994873,921.0,192.0,732.0
8,1764110098.2666545,295.73953437805176,921.0,199.0,717.0
8,1764110098.3016238,300.45378494262695,921.0,200.0,699.0
8,1764110098.3270595,305.20816135406494,921.0,210.0,696.0
8,1764110098.362397,310.0289134979248,921.0,205.0,703.0
8,1764110098.389295,314.92508935928345,921.0,205.0,709.0
8,1764110098.4220572,319.6138768196106,921.0,212.0,715.0
8,1764110098.4520557,324.55479192733765,921.0,239.0,724.0
8,1764110098.4852064,329.3546586036682,921.0,228.0,723.0
8,1764110098.5225227,334.13088607788086,921.0,195.0,733.0
8,1764110098.5521183,338.92724800109863,921.0,169.0,741.0
8,1764110098.5822856,343.70258140563965,921.0,171.0,746.0
8,1764110098.621563,348.41715383529663,921.0,203.0,734.0
8,1764110098.6517518,353.24198293685913,921.0,227.0,716.0
8,1764110098.6818488,358.13240098953247,921.0,241.0,710.0
8,1764110098.723139,365.2037410736084,921.0,260.0,737.0
8,1764110098.7575371,370.0181632041931,921.0,271.0,750.0
8,1764110098.7889276,374.9121217727661,921.0,257.0,730.0
8,1764110098.8167117,379.7019748687744,921.0,311.0,719.0
8,1764110098.8537233,384.4642548561096,921.0,268.0,720.0
8,1764110098.8969622,391.739550113678,921.0,268.0,721.0
8,1764110098.9327953,396.40856075286865,921.0,280.0,713.0
8,1764110098.9663801,401.37164878845215,921.0,299.0,697.0
8,1764110098.9981515,406.388774394989,921.0,289.0,707.0
8,1764110099.0287476,410.83172845840454,921.0,287.0,716.0
8,1764110099.0615017,415.75737285614014,921.0,286.0,722.0
8,1764110099.092846,420.42037534713745,921.0,298.0,728.0
8,1764110099.1272056,425.34787940979004,921.0,309.0,725.0
8,1764110099.1570792,430.1351218223572,921.0,318.0,731.0
8,1764110099.1876428,434.8825960159302,921.0,309.0,737.0
8,1764110099.216802,439.7155075073242,921.0,307.0,732.0
8,1764110099.2566152,444.48032665252686,921.0,316.0,732.0
8,1764110099.287093,449.2746500968933,921.0,322.0,732.0
8,1764110099.3269045,454.0928988456726,921.0,336.0,747.0
8,1764110099.3566794,458.931031703949,921.0,339.0,766.0
8,1764110099.3868191,463.69109439849854,921.0,339.0,776.0
8,1764110099.429516,470.8295612335205,921.0,325.0,764.0
8,1764110099.4570003,475.74526357650757,921.0,319.0,750.0
8,1764110099.4873233,478.1444458961487,921.0,320.0,736.0
8,1764110099.5285091,485.20759630203247,921.0,330.0,721.0
8,1764110099.556754,490.06175088882446,921.0,341.0,702.0
8,1764110099.6040342,497.268274307251,921.0,351.0,658.0
8,1764110099.6366932,502.1510033607483,921.0,356.0,634.0
8,1764110099.667563,506.8282036781311,921.0,363.0,639.0
8,1764110099.6968982,511.7299585342407,921.0,366.0,651.0
8,1764110099.7215688,514.1326456069946,921.0,366.0,655.0
8,1764110099.7570689,518.9454584121704,921.0,362.0,652.0
8,1764110099.7967818,526.0594635009766,921.0,369.0,666.0
8,1764110099.8224332,528.5316734313965,921.0,428.0,679.0
8,1764110099.8568826,535.7276110649109,921.0,436.0,664.0
8,1764110099.8954575,540.5385999679565,921.0,439.0,657.0
8,1764110099.9319448,545.2713041305542,921.0,446.0,659.0
8,1764110099.9621592,550.0511078834534,921.0,442.0,659.0
8,1764110099.9969654,554.809561252594,921.0,440.0,674.0
8,1764110100.0422602,562.0232014656067,921.0,440.0,658.0
8,1764110100.084451,569.3761734962463,921.0,453.0,666.0
8,1764110100.1120234,571.7450647354126,921.0,465.0,661.0
8,1764110100.142158,576.5767245292664,921.0,460.0,653.0
8,1764110100.171974,581.3221244812012,921.0,468.0,648.0
8,1764110100.2071595,586.0450654029846,921.0,482.0,653.0
8,1764110100.246596,593.2872085571289,921.0,508.0,667.0
8,1764110100.2867136,598.0172305107117,921.0,485.0,684.0
8,1764110100.3124697,602.9277114868164,921.0,496.0,681.0
8,1764110100.33961,607.6550512313843,921.0,503.0,678.0
8,1764110100.367632,610.0870995521545,921.0,515.0,680.0
8,1764110100.4055626,617.3260598182678,921.0,508.0,680.0
8,1764110100.4317813,619.6133046150208,921.0,501.0,675.0
8,1764110100.4628665,624.5452432632446,921.0,491.0,666.0
8,1764110100.5025034,631.7670016288757,921.0,489.0,658.0
8,1764110100.5274997,634.0802102088928,921.0,511.0,651.0
8,1764110100.5631955,641.3578658103943,921.0,525.0,657.0
8,1764110100.5976298,646.1461095809937,921.0,533.0,668.0
8,1764110100.6283956,650.934889793396,921.0,531.0,681.0
8,1764110100.6717436,655.6127696037292,921.0,536.0,697.0
8,1764110100.7125988,662.8592758178711,921.0,547.0,717.0
8,1764110100.7525237,667.7059202194214,921.0,546.0,719.0
8,1764110100.7718496,672.5163726806641,921.0,588.0,695.0
8,1764110100.8064957,677.3010401725769,921.0,592.0,686.0
8,1764110100.8370404,682.0691137313843,921.0,597.0,670.0
8,1764110100.8619723,684.6067695617676,921.0,611.0,662.0
8,1764110100.8966227,691.6886239051819,921.0,631.0,668.0
8,1764110100.9374042,696.6730265617371,921.0,636.0,670.0
8,1764110100.9637518,701.3146786689758,921.0,651.0,675.0
8,1764110100.9923077,703.7411122322083,921.0,641.0,661.0
8,1764110101.037297,710.9278945922852,921.0,642.0,658.0
8,1764110101.0766351,718.0802373886108,921.0,642.0,647.0
8,1764110101.1103535,722.8280334472656,921.0,658.0,658.0
8,1764110101.1524343,727.655544757843,921.0,673.0,672.0
8,1764110101.1889396,734.8132519721985,921.0,662.0,678.0
8,1764110101.2275264,739.6888999938965,921.0,647.0,674.0
8,1764110101.2518291,744.5243864059448,921.0,635.0,685.0
8,1764110101.2774134,746.8647747039795,921.0,648.0,703.0
8,1764110101.306763,751.754620552063,921.0,683.0,710.0
8,1764110101.3369637,756.5016655921936,921.0,687.0,694.0
8,1764110101.3668435,761.2324743270874,921.0,689.0,694.0
8,1764110101.401643,766.0999326705933,921.0,702.0,712.0
8,1764110101.432648,770.8993344306946,921.0,715.0,743.0
8,1764110101.4721363,775.6533532142639,921.0,716.0,753.0
8,1764110101.5019634,780.4584412574768,921.0,720.0,754.0
8,1764110101.5326848,785.2181820869446,921.0,712.0,745.0
8,1764110101.5716197,792.4782066345215,921.0,703.0,730.0
8,1764110101.5973024,794.936182975769,921.0,692.0,713.0
8,1764110101.637584,802.0187168121338,921.0,700.0,707.0
8,1764110101.6675103,807.010808467865,921.0,728.0,715.0
8,1764110101.702609,811.6210608482361,921.0,732.0,717.0
8,1764110101.7423222,816.5088682174683,921.0,727.0,706.0
8,1764110101.7671,821.3039426803589,921.0,722.0,705.0
8,1764110101.8073308,826.0249166488647,921.0,744.0,707.0
8,1764110101.8467538,833.3604006767273,921.0,755.0,719.0
8,1764110101.8718843,835.6921701431274,921.0,750.0,715.0
8,1764110101.9015594,840.477445602417,921.0,732.0,710.0
8,1764110101.937022,847.7485208511353,921.0,724.0,709.0
8,1764110101.96694,850.0922350883484,921.0,732.0,708.0
8,1764110102.0074468,857.2697548866272,921.0,789.0,693.0
8,1764110102.0415192,862.131383895874,921.0,802.0,688.0
8,1764110102.072323,866.8550043106079,921.0,812.0,698.0
8,1764110102.1066225,871.6370253562927,921.0,803.0,728.0
8,1764110102.1374311,876.5202193260193,921.0,811.0,734.0
8,1764110102.1809454,883.6405544281006,921.0,825.0,723.0
8,1764110102.2151017,888.5221390724182,921.0,835.0,723.0
8,1764110102.2466426,893.290641784668,921.0,827.0,733.0
8,1764110102.2867615,898.1523423194885,921.0,823.0,741.0
8,1764110102.3317602,905.306866645813,921.0,827.0,738.0
8,1764110102.3567436,910.0561647415161,921.0,860.0,711.0
8,1764110102.388412,914.8341088294983,921.0,864.0,716.0
8,1764110102.414141,917.2709136009216,921.0,848.0,734.0
8,1764110102.4419017,922.0134882926941,921.0,833.0,751.0
8,1764110102.4715252,926.916745185852,921.0,828.0,757.0
8,1764110102.5068412,931.6874651908875,921.0,826.0,757.0
8,1764110102.5419517,936.5106134414673,921.0,836.0,756.0
8,1764110102.5866532,943.6931757926941,921.0,846.0,741.0
8,1764110102.6216812,948.4563140869141,921.0,857.0,719.0
8,1764110102.6521904,953.2654433250427,921.0,890.0,726.0
8,1764110102.68,958.1480293273926,921.0,1498.0,2197.0
8,1764110102.7092173,962.9139213562012,921.0,1498.0,2196.0
8,1764110102.7420268,967.6046757698059,921.0,1738.0,1439.0
8,1764110102.772997,972.5367574691772,921.0,1969.0,1358.0
8,1764110102.8125288,977.2570877075195,921.0,1935.0,1203.0
8,1764110102.8473015,982.0311694145203,921.0,2035.0,835.0
8,1764110102.884963,989.3053560256958,921.0,2067.0,389.0
8,1764110102.9070084,991.6721730232239,921.0,2120.0,544.0
8,1764110102.9366548,996.4728264808655,921.0,667.0,567.0
8,1764110102.9822838,1003.7227301597595,921.0,661.0,576.0
8,1764110103.0317235,1010.8025460243225,921.0,654.0,554.0
8,1764110103.0571399,1015.7662062644958,921.0,633.0,563.0
8,1764110103.1019034,1020.5480484962463,921.0,920.0,721.0
8,1764110103.1265316,1025.2391247749329,921.0,926.0,742.0
8,1764110103.1526163,1027.7522115707397,921.0,932.0,741.0
8,1764110103.1875963,1034.8185806274414,921.0,931.0,744.0
8,1764110103.2276342,1039.7204070091248,921.0,930.0,748.0
8,1764110103.262832,1044.4201736450195,921.0,931.0,777.0
8,1764110103.3015094,1051.6937165260315,921.0,942.0,784.0
8,1764110103.3331513,1056.4151196479797,921.0,927.0,792.0
8,1764110103.372292,1061.2830786705017,921.0,927.0,791.0
8,1764110103.4073503,1066.1258606910706,921.0,932.0,790.0
8,1764110103.436652,1070.8722262382507,921.0,935.0,789.0
8,1764110103.4824965,1078.1521348953247,921.0,937.0,782.0
8,1764110103.5080867,1082.9384474754333,921.0,941.0,784.0
8,1764110103.5417287,1087.6149325370789,921.0,942.0,784.0
8,1764110103.567146,1090.0197653770447,921.0,944.0,797.0
8,1764110103.5972214,1094.9289946556091,921.0,946.0,797.0
8,1764110103.627506,1099.7300057411194,921.0,951.0,799.0
8,1764110103.667736,1106.8806319236755,921.0,949.0,791.0
8,1764110103.7072408,1111.6178421974182,921.0,967.0,777.0
8,1764110103.7326431,1116.4262561798096,921.0,983.0,786.0
8,1764110103.764597,1121.2554125785828,921.0,1010.0,786.0
8,1764110103.7918406,1123.656669139862,921.0,1010.0,791.0
8,1764110103.8322515,1130.8725981712341,921.0,1013.0,805.0
8,1764110103.8640823,1135.700502872467,921.0,1013.0,810.0
8,1764110103.8866496,1138.0148558616638,921.0,999.0,812.0
8,1764110103.9166436,1142.9336338043213,921.0,1012.0,811.0
8,1764110103.9473734,1147.6694493293762,921.0,1020.0,815.0
8,1764110103.9817822,1152.4590163230896,921.0,1024.0,819.0
8,1764110104.0115914,1157.2713284492493,921.0,1030.0,825.0
8,1764110104.0623565,1164.522090435028,921.0,1031.0,816.0
8,1764110104.0981457,1171.9170837402344,921.0,1025.0,807.0
8,1764110104.122166,1174.1390614509583,921.0,1038.0,808.0
8,1764110104.151727,1178.8196592330933,921.0,1046.0,804.0
8,1764110104.1841316,1183.736219882965,921.0,1059.0,807.0
8,1764110104.2168598,1188.5100870132446,921.0,1057.0,810.0
8,1764110104.2477424,1193.3000116348267,921.0,1057.0,824.0
8,1764110104.2769096,1198.0974464416504,921.0,1056.0,829.0
8,1764110104.3173668,1202.8459577560425,921.0,1050.0,824.0
8,1764110104.3570123,1210.0846319198608,921.0,1053.0,817.0
8,1764110104.3892345,1214.8942618370056,921.0,1059.0,805.0
8,1764110104.431975,1219.6666269302368,921.0,1064.0,794.0
8,1764110104.4693115,1226.8938212394714,921.0,1066.0,784.0
8,1764110104.511547,1231.6355018615723,921.0,1075.0,785.0
8,1764110104.5416596,1236.536148071289,921.0,1078.0,783.0
8,1764110104.5723019,1241.319742679596,921.0,1084.0,771.0
8,1764110104.599973,1246.0371403694153,921.0,1145.0,765.0
8,1764110104.643432,1253.2035737037659,921.0,1143.0,760.0
8,1764110104.6816094,1258.1459908485413,921.0,1152.0,771.0
8,1764110104.7072835,1262.8304867744446,921.0,1151.0,803.0
8,1764110104.7365332,1267.6751999855042,921.0,1152.0,808.0
8,1764110104.7672772,1270.087185382843,921.0,1161.0,809.0
8,1764110104.7976966,1274.8132019042969,921.0,1163.0,812.0
8,1764110104.8274965,1279.6871690750122,921.0,1166.0,804.0
8,1764110104.861791,1284.4312815666199,921.0,1172.0,793.0
8,1764110104.8921664,1289.572504043579,921.0,1171.0,789.0
8,1764110104.9266522,1294.0139560699463,921.0,1132.0,799.0
8,1764110104.9567437,1298.8175778388977,921.0,1134.0,803.0
8,1764110104.9870021,1303.6072163581848,921.0,1140.0,810.0
8,1764110105.0173922,1308.4644465446472,921.0,1141.0,819.0
8,1764110105.0623453,1315.705159187317,921.0,1153.0,833.0
8,1764110105.097154,1320.5328135490417,921.0,1139.0,823.0
8,1764110105.1316674,1325.2917675971985,921.0,1140.0,809.0
8,1764110105.1671228,1330.0033359527588,921.0,1133.0,809.0
8,1764110105.1966357,1334.9216847419739,921.0,1133.0,804.0
8,1764110105.227366,1339.636507511139,921.0,1134.0,799.0
8,1764110105.2574546,1344.4417386054993,921.0,1141.0,800.0
8,1764110105.2870402,1349.2445378303528,921.0,1143.0,798.0
8,1764110105.3174162,1354.105809211731,921.0,1152.0,791.0
8,1764110105.356616,1358.8695912361145,921.0,1167.0,784.0
8,1764110105.392256,1363.710334777832,921.0,1174.0,780.0
8,1764110105.4333456,1370.933702468872,921.0,1180.0,808.0
8,1764110105.46688,1375.676169872284,921.0,1191.0,821.0
8,1764110105.4969716,1380.5570034980774,921.0,1195.0,824.0
8,1764110105.5317934,1385.2312355041504,921.0,1194.0,830.0
8,1764110105.56711,1390.1357083320618,921.0,1197.0,833.0
8,1764110105.5983126,1394.9180512428284,921.0,1191.0,839.0
8,1764110105.6269672,1399.6437458992004,921.0,1203.0,841.0
8,1764110105.656671,1404.4673233032227,921.0,1370.0,844.0
8,1764110105.6915188,1409.6457748413086,921.0,1402.0,847.0
8,1764110105.7334986,1416.5518550872803,921.0,1408.0,848.0
8,1764110105.757312,1418.8077716827393,921.0,1419.0,848.0
8,1764110105.7869349,1423.7117438316345,921.0,1425.0,850.0
8,1764110105.8220239,1428.4544973373413,921.0,1429.0,853.0
8,1764110105.8605852,1435.6306581497192,921.0,1431.0,855.0
8,1764110105.900272,1440.412714958191,921.0,1431.0,853.0
8,1764110105.9218519,1445.4730062484741,921.0,1434.0,862.0
8,1764110105.9566243,1450.0182061195374,921.0,1438.0,868.0
8,1764110105.992219,1454.951503753662,921.0,1443.0,870.0
8,1764110106.022318,1459.6914677619934,921.0,1448.0,875.0
8,1764110106.0532482,1464.4067554473877,921.0,1453.0,879.0
8,1764110106.0920796,1469.3418412208557,921.0,1364.0,879.0
8,1764110106.1226432,1474.12557888031,921.0,1364.0,875.0
8,1764110106.1632051,1481.2041430473328,921.0,1362.0,867.0
8,1764110106.207113,1486.087658882141,921.0,1364.0,862.0
8,1764110106.252198,1493.298867225647,921.0,1362.0,853.0
8,1764110106.2775252,1498.0006008148193,921.0,1368.0,853.0
8,1764110106.3075786,1502.8446702957153,921.0,1375.0,852.0
8,1764110106.3366964,1507.699683189392,921.0,1389.0,856.0
8,1764110106.3668835,1510.050120830536,921.0,1462.0,846.0
8,1764110106.397265,1514.8960857391357,921.0,1493.0,830.0
8,1764110106.4271245,1519.6504621505737,921.0,1503.0,830.0
8,1764110106.4618108,1524.5106964111328,921.0,1510.0,826.0
8,1764110106.4925213,1529.2782335281372,921.0,1515.0,828.0
8,1764110106.535321,1536.4697365760803,921.0,1523.0,827.0
8,1764110106.565402,1541.3408069610596,921.0,1529.0,828.0
8,1764110106.6017978,1546.1233286857605,921.0,1530.0,836.0
8,1764110106.6368835,1550.9448676109314,921.0,1531.0,834.0
8,1764110106.672512,1555.6934504508972,921.0,1533.0,837.0
8,1764110106.7024956,1560.5283288955688,921.0,1533.0,840.0
8,1764110106.732477,1565.3168587684631,921.0,1536.0,845.0
8,1764110106.7619553,1570.0297145843506,921.0,1542.0,847.0
8,1764110106.8036373,1577.2176055908203,921.0,1541.0,851.0
8,1764110106.847414,1582.1297316551208,921.0,1540.0,858.0
8,1764110106.8687513,1586.90953540802,921.0,1538.0,861.0
8,1764110106.906614,1591.647747039795,921.0,1547.0,866.0
8,1764110106.9321208,1596.5593724250793,921.0,1611.0,879.0
8,1764110106.9719372,1601.2879996299744,921.0,1625.0,869.0
8,1764110107.002511,1606.1492710113525,921.0,1630.0,868.0
8,1764110107.0319161,1610.946276664734,921.0,1636.0,865.0
8,1764110107.0672622,1615.631630897522,921.0,1645.0,868.0
8,1764110107.0972986,1620.4234509468079,921.0,1655.0,872.0
8,1764110107.1340184,1625.3426222801208,921.0,1651.0,884.0
8,1764110107.1667316,1630.1520018577576,921.0,1652.0,888.0
8,1764110107.1974103,1634.946575641632,921.0,1654.0,889.0
8,1764110107.2388391,1642.1339659690857,921.0,1655.0,888.0
8,1764110107.2691965,1646.9748167991638,921.0,1658.0,881.0
8,1764110107.3015466,1651.6604928970337,921.0,1660.0,880.0
8,1764110107.3358028,1656.455102443695,921.0,1659.0,881.0
8,1764110107.3687105,1661.3203434944153,921.0,1661.0,884.0
8,1764110107.4026947,1666.1420254707336,921.0,1661.0,886.0
8,1764110107.4326198,1670.865002155304,921.0,1662.0,883.0
8,1764110107.4670236,1675.6811408996582,921.0,1656.0,881.0
8,1764110107.509178,1682.8357725143433,921.0,1654.0,882.0
8,1764110107.5321193,1685.2921752929688,921.0,1653.0,881.0
8,1764110107.561838,1690.0182633399963,921.0,1660.0,880.0
8,1764110107.605212,1697.2250728607178,921.0,1664.0,882.0
8,1764110107.631887,1699.6241478919983,921.0,1662.0,885.0
8,1764110107.6715817,1706.8746237754822,921.0,1660.0,889.0
8,1764110107.7032375,1711.687400817871,921.0,1698.0,888.0
8,1764110107.7417347,1716.5317206382751,921.0,1698.0,891.0
8,1764110107.780126,1723.614504814148,921.0,1703.0,890.0
9,1764110107.8067157,1726.1264114379883,921.0,1711.0,889.0
9,1764110107.837533,1726.1264114379883,921.0,1711.0,888.0
9,1764110107.8620446,1726.1264114379883,921.0,1707.0,889.0
9,1764110107.8970604,1726.1264114379883,921.0,1702.0,890.0
9,1764110107.9420443,1726.1264114379883,921.0,1696.0,889.0
9,1764110107.9672008,1726.1264114379883,921.0,1684.0,885.0
9,1764110108.0019717,1726.1264114379883,921.0,1675.0,884.0
9,1764110108.036643,1726.1264114379883,921.0,1672.0,878.0
9,1764110108.0666826,1726.1264114379883,921.0,1677.0,872.0
9,1764110108.1065252,1726.1264114379883,921.0,1683.0,870.0
9,1764110108.1317759,1726.1264114379883,921.0,1688.0,864.0
9,1764110108.166899,1726.1264114379883,921.0,1688.0,860.0
9,1764110108.2021718,1726.1264114379883,921.0,1690.0,859.0
9,1764110108.236508,1726.1264114379883,921.0,1685.0,859.0
9,1764110108.2667794,1726.1264114379883,921.0,1355.0,883.0
9,1764110108.3085806,178.0,1014.0,783.0,870.0
9,1764110108.3317251,182.84567880630493,1014.0,396.0,849.0
9,1764110108.379032,190.16535568237305,1014.0,426.0,856.0
9,1764110108.4015813,192.45971727371216,1014.0,451.0,868.0
9,1764110108.4420478,199.60197496414185,1014.0,456.0,866.0
9,1764110108.4736817,204.48831605911255,1014.0,460.0,851.0
9,1764110108.5016305,206.810715675354,1014.0,456.0,858.0
9,1764110108.5390801,214.26621961593628,1014.0,444.0,863.0
9,1764110108.5764854,218.89224338531494,1014.0,384.0,876.0
9,1764110108.6043286,223.6293821334839,1014.0,311.0,865.0
9,1764110108.6372826,228.45610666275024,1014.0,314.0,868.0
9,1764110108.6723697,233.34584522247314,1014.0,308.0,872.0
9,1764110108.7163544,240.5440001487732,1014.0,305.0,871.0
9,1764110108.751948,245.2019600868225,1014.0,261.0,874.0
9,1764110108.78178,250.05965518951416,1014.0,261.0,875.0
9,1764110108.8221476,254.96019411087036,1014.0,265.0,870.0
9,1764110108.8581069,262.1140031814575,1014.0,261.0,878.0
9,1764110108.891642,266.8008236885071,1014.0,246.0,872.0
9,1764110108.917742,269.2371635437012,1014.0,237.0,882.0
9,1764110108.9469063,274.02179527282715,1014.0,252.0,886.0
9,1764110108.9821014,278.8663296699524,1014.0,248.0,892.0
9,1764110109.012481,283.72803020477295,1014.0,246.0,892.0
9,1764110109.0418599,288.51931381225586,1014.0,239.0,910.0
9,1764110109.0716114,293.22955894470215,1014.0,222.0,906.0
9,1764110109.1072154,298.05971670150757,1014.0,231.0,900.0
9,1764110109.142243,302.9514937400818,1014.0,242.0,898.0
9,1764110109.182201,310.0226192474365,1014.0,259.0,902.0
9,1764110109.2115202,314.8547797203064,1014.0,526.0,1010.0
9,1764110109.236864,317.2239570617676,1014.0,538.0,984.0
9,1764110109.2766004,324.5456008911133,1014.0,536.0,971.0
9,1764110109.3120677,329.26307010650635,1014.0,538.0,968.0
9,1764110109.347289,334.010365486145,1014.0,541.0,968.0
9,1764110109.3739796,339.17537021636963,1014.0,538.0,972.0
9,1764110109.411732,343.74628353118896,1014.0,540.0,972.0
9,1764110109.452121,350.8006362915039,1014.0,547.0,972.0
9,1764110109.4767191,353.2724885940552,1014.0,554.0,967.0
9,1764110109.5305054,362.82505083084106,1014.0,552.0,961.0
9,1764110109.5631,367.68979120254517,1014.0,546.0,957.0
9,1764110109.5878236,370.14086532592773,1014.0,533.0,955.0
9,1764110109.6169107,374.8885540962219,1014.0,452.0,898.0
9,1764110109.6468616,379.72479152679443,1014.0,377.0,832.0
9,1764110109.676516,384.4233064651489,1014.0,384.0,843.0
9,1764110109.7126238,389.3347887992859,1014.0,389.0,861.0
9,1764110109.74232,394.0657048225403,1014.0,384.0,880.0
9,1764110109.7775855,398.8986520767212,1014.0,388.0,882.0
9,1764110109.8120542,403.6364345550537,1014.0,378.0,886.0
9,1764110109.8567657,410.80218839645386,1014.0,368.0,880.0
9,1764110109.8922074,415.6871347427368,1014.0,361.0,874.0
9,1764110109.9315894,422.9128270149231,1014.0,365.0,865.0
9,1764110109.9671533,427.7562885284424,1014.0,389.0,864.0
9,1764110110.0023122,432.4569492340088,1014.0,398.0,866.0
9,1764110110.037308,437.3635678291321,1014.0,398.0,868.0
9,1764110110.081575,444.5120482444763,1014.0,398.0,861.0
9,1764110110.1073425,449.32160663604736,1014.0,424.0,852.0
9,1764110110.1272633,451.62122535705566,1014.0,448.0,852.0
9,1764110110.1726193,458.90049028396606,1014.0,456.0,855.0
9,1764110110.201934,463.67453622817993,1014.0,463.0,860.0
9,1764110110.2271228,466.08276653289795,1014.0,464.0,862.0
9,1764110110.269431,473.3041672706604,1014.0,463.0,862.0
9,1764110110.2984557,478.12184381484985,1014.0,463.0,857.0
9,1764110110.322401,480.5381565093994,1014.0,474.0,854.0
9,1764110110.3515444,485.3085904121399,1014.0,486.0,846.0
9,1764110110.3871984,490.0032072067261,1014.0,494.0,839.0
9,1764110110.416735,494.95131063461304,1014.0,505.0,827.0
9,1764110110.4472864,499.61810398101807,1014.0,549.0,801.0
9,1764110110.4820986,504.5131711959839,1014.0,544.0,798.0
9,1764110110.5223393,511.64144563674927,1014.0,538.0,800.0
9,1764110110.5467513,514.1069321632385,1014.0,534.0,807.0
9,1764110110.5876288,521.219006061554,1014.0,534.0,810.0
9,1764110110.6223109,526.0429410934448,1014.0,540.0,811.0
9,1764110110.6565764,530.832043170929,1014.0,549.0,804.0
9,1764110110.6823244,535.6005101203918,1014.0,568.0,796.0
9,1764110110.7268686,542.9301648139954,1014.0,577.0,799.0
9,1764110110.7674508,547.718337059021,1014.0,575.0,800.0
9,1764110110.7872913,550.0697402954102,1014.0,563.0,803.0
9,1764110110.822051,554.8330216407776,1014.0,554.0,802.0
9,1764110110.8520222,559.7013382911682,1014.0,545.0,805.0
9,1764110110.891342,566.8520002365112,1014.0,542.0,807.0
9,1764110110.922922,571.6736822128296,1014.0,554.0,802.0
9,1764110110.9574955,576.5240459442139,1014.0,572.0,796.0
9,1764110111.002301,583.6036114692688,1014.0,592.0,798.0
9,1764110111.055693,590.8011226654053,1014.0,600.0,804.0
9,1764110111.0764928,593.3234720230103,1014.0,595.0,817.0
9,1764110111.1027524,598.0555324554443,1014.0,590.0,809.0
9,1764110111.1466575,605.2191405296326,1014.0,587.0,793.0
9,1764110111.1823573,610.0359945297241,1014.0,589.0,799.0
9,1764110111.216499,614.8129014968872,1014.0,587.0,820.0
9,1764110111.2475147,619.6920900344849,1014.0,578.0,826.0
9,1764110111.2767825,624.4842319488525,1014.0,565.0,821.0
9,1764110111.3071096,629.2935400009155,1014.0,609.0,833.0
9,1764110111.3425784,634.6131114959717,1014.0,620.0,840.0
9,1764110111.376817,638.877788066864,1014.0,626.0,844.0
9,1764110111.4044685,643.7055139541626,1014.0,622.0,843.0
9,1764110111.4379108,648.5148220062256,1014.0,618.0,831.0
9,1764110111.4667566,653.254213809967,1014.0,614.0,820.0
9,1764110111.4977329,658.0076603889465,1014.0,616.0,813.0
9,1764110111.542284,662.8703622817993,1014.0,623.0,812.0
9,1764110111.5825233,670.158567905426,1014.0,633.0,800.0
9,1764110111.6019876,672.4195628166199,1014.0,642.0,796.0
9,1764110111.627094,677.3074774742126,1014.0,639.0,794.0
9,1764110111.6616259,682.14879322052,1014.0,633.0,798.0
9,1764110111.69171,686.9655756950378,1014.0,632.0,800.0
9,1764110111.7237413,691.6774659156799,1014.0,638.0,795.0
9,1764110111.7543285,696.5516119003296,1014.0,634.0,772.0
9,1764110111.7916393,701.3072400093079,1014.0,627.0,757.0
9,1764110111.8244643,706.0871868133545,1014.0,639.0,771.0
9,1764110111.862371,710.8632354736328,1014.0,679.0,789.0
9,1764110111.906911,718.1031255722046,1014.0,687.0,795.0
9,1764110111.9319031,722.8494553565979,1014.0,698.0,796.0
9,1764110111.9625814,727.6204257011414,1014.0,703.0,796.0
9,1764110111.9950523,732.5153856277466,1014.0,704.0,796.0
9,1764110112.0318193,737.2810988426208,1014.0,716.0,799.0
9,1764110112.066749,742.1459465026855,1014.0,722.0,804.0
9,1764110112.1018744,746.9063668251038,1014.0,725.0,803.0
9,1764110112.1414988,754.1267304420471,1014.0,711.0,794.0
9,1764110112.1769764,758.8879375457764,1014.0,701.0,787.0
9,1764110112.2073815,763.6451392173767,1014.0,704.0,779.0
9,1764110112.2377658,768.4842019081116,1014.0,718.0,776.0
9,1764110112.267543,773.3095316886902,1014.0,756.0,769.0
9,1764110112.2981207,778.0110507011414,1014.0,777.0,774.0
9,1764110112.3269184,782.9376249313354,1014.0,778.0,776.0
9,1764110112.3576443,785.2853446006775,1014.0,772.0,776.0
9,1764110112.4025874,792.5020604133606,1014.0,763.0,783.0
9,1764110112.44252,799.6446042060852,1014.0,748.0,791.0
9,1764110112.4674501,802.0067005157471,1014.0,727.0,796.0
9,1764110112.4972878,806.8005590438843,1014.0,729.0,797.0
9,1764110112.5324278,811.7228417396545,1014.0,752.0,801.0
9,1764110112.5622642,816.481330871582,1014.0,767.0,808.0
9,1764110112.592353,821.3504700660706,1014.0,776.0,802.0
9,1764110112.6266434,826.0782747268677,1014.0,771.0,796.0
9,1764110112.6622841,830.917730808258,1014.0,762.0,783.0
9,1764110112.6921918,835.7215313911438,1014.0,755.0,794.0
9,1764110112.731983,842.917254447937,1014.0,757.0,794.0
9,1764110112.7571871,845.3212289810181,1014.0,767.0,775.0
9,1764110112.7945654,852.5465993881226,1014.0,783.0,756.0
9,1764110112.8274899,857.2879581451416,1014.0,789.0,760.0
9,1764110112.8580358,862.1524481773376,1014.0,794.0,771.0
9,1764110112.8921833,866.9577865600586,1014.0,797.0,792.0
9,1764110112.9315455,871.6996102333069,1014.0,822.0,815.0
9,1764110112.96226,876.4589219093323,1014.0,820.0,815.0
9,1764110112.9966528,881.2332539558411,1014.0,815.0,823.0
9,1764110113.0394175,888.4247212409973,1014.0,814.0,832.0
9,1764110113.0681267,893.3173923492432,1014.0,817.0,830.0
9,1764110113.1067288,898.1048135757446,1014.0,819.0,827.0
9,1764110113.1369567,902.9161601066589,1014.0,836.0,815.0
9,1764110113.1800199,910.1147084236145,1014.0,849.0,816.0
9,1764110113.2222137,914.9436502456665,1014.0,851.0,825.0
9,1764110113.2598424,922.0837621688843,1014.0,857.0,843.0
9,1764110113.2894523,926.8048434257507,1014.0,864.0,850.0
9,1764110113.3238895,931.6468386650085,1014.0,865.0,853.0
9,1764110113.3554716,936.5140824317932,1014.0,868.0,854.0
9,1764110113.3817384,938.8621597290039,1014.0,874.0,855.0
9,1764110113.4173121,946.0333495140076,1014.0,877.0,856.0
9,1764110113.4492784,950.8213787078857,1014.0,878.0,858.0
9,1764110113.482912,955.6232481002808,1014.0,889.0,847.0
9,1764110113.5074515,958.0645232200623,1014.0,909.0,820.0
9,1764110113.5416021,962.8731160163879,1014.0,936.0,806.0
9,1764110113.5727088,967.6352887153625,1014.0,953.0,806.0
9,1764110113.601595,972.5332527160645,1014.0,949.0,811.0
9,1764110113.6317086,977.2594838142395,1014.0,942.0,823.0
9,1764110113.6626246,982.123866558075,1014.0,920.0,841.0
9,1764110113.7017918,986.8626146316528,1014.0,909.0,843.0
9,1764110113.7326515,991.634979724884,1014.0,916.0,836.0
9,1764110113.766564,998.8844542503357,1014.0,973.0,808.0
9,1764110113.8021922,1003.6044626235962,1014.0,999.0,790.0
9,1764110113.8345277,1008.4558992385864,1014.0,1020.0,784.0
9,1764110113.8670597,1013.31094789505,1014.0,1027.0,792.0
9,1764110113.8976865,1018.0360345840454,1014.0,1034.0,819.0
9,1764110113.932355,1022.8852896690369,1014.0,1032.0,836.0
9,1764110113.967251,1027.750530719757,1014.0,1025.0,847.0
9,1764110114.0019052,1032.4881343841553,1014.0,1008.0,856.0
9,1764110114.0321941,1037.3498706817627,1014.0,986.0,848.0
9,1764110114.0734534,1044.4405226707458,1014.0,994.0,829.0
9,1764110114.1173553,1049.349859237671,1014.0,1010.0,803.0
9,1764110114.1552973,1056.5324215888977,1014.0,1023.0,794.0
9,1764110114.2032318,1063.605263710022,1014.0,1028.0,791.0
9,1764110114.233232,1068.405774116516,1014.0,1022.0,808.0
9,1764110114.2678347,1073.2475905418396,1014.0,1014.0,821.0
9,1764110114.2996793,1078.0462770462036,1014.0,1004.0,839.0
9,1764110114.3366988,1082.8012614250183,1014.0,999.0,848.0
9,1764110114.3671105,1087.620475769043,1014.0,1009.0,854.0
9,1764110114.3970182,1092.418876171112,1014.0,1011.0,847.0
9,1764110114.436838,1097.3047523498535,1014.0,1018.0,838.0
9,1764110114.4735413,1104.4421463012695,1014.0,1022.0,831.0
9,1764110114.5082006,1109.2762379646301,1014.0,1030.0,834.0
9,1764110114.5380986,1114.1499190330505,1014.0,1041.0,837.0
9,1764110114.571591,1118.877115726471,1014.0,1050.0,840.0
9,1764110114.6031559,1123.7159638404846,1014.0,1059.0,836.0
9,1764110114.6364956,1128.5518078804016,1014.0,1059.0,835.0
9,1764110114.681635,1135.6204657554626,1014.0,1079.0,841.0
9,1764110114.7265742,1142.8859977722168,1014.0,1082.0,848.0
9,1764110114.752295,1145.2663688659668,1014.0,1094.0,871.0
9,1764110114.7824092,1150.1526741981506,1014.0,1083.0,856.0
9,1764110114.8123422,1154.9027948379517,1014.0,1081.0,855.0
9,1764110114.8428676,1159.7108869552612,1014.0,1070.0,864.0
9,1764110114.8773935,1164.5047454833984,1014.0,1066.0,871.0
9,1764110114.9091804,1169.293704509735,1014.0,1060.0,881.0
9,1764110114.9396284,1174.0586667060852,1014.0,1058.0,886.0
9,1764110114.9717255,1178.8258819580078,1014.0,1056.0,890.0
9,1764110115.0027356,1183.6257486343384,1014.0,1063.0,886.0
9,1764110115.0418246,1188.4460000991821,1014.0,1076.0,900.0
9,1764110115.0724955,1193.3077721595764,1014.0,1078.0,879.0
9,1764110115.1022491,1198.1462984085083,1014.0,1083.0,871.0
9,1764110115.141942,1202.8725652694702,1014.0,1097.0,877.0
9,1764110115.1716962,1207.7720313072205,1014.0,1107.0,893.0
9,1764110115.207084,1214.9624614715576,1014.0,1108.0,897.0
9,1764110115.2437425,1219.6473150253296,1014.0,1109.0,906.0
9,1764110115.2748282,1224.4619159698486,1014.0,1107.0,912.0
9,1764110115.312241,1229.2089610099792,1014.0,1104.0,915.0
9,1764110115.3432682,1234.0200572013855,1014.0,1107.0,915.0
9,1764110115.3721483,1238.9108328819275,1014.0,1117.0,913.0
9,1764110115.4120653,1243.6570196151733,1014.0,1127.0,913.0
9,1764110115.4574556,1250.8989481925964,1014.0,1134.0,917.0
9,1764110115.4973726,1258.0429224967957,1014.0,1138.0,922.0
9,1764110115.5175426,1260.410454750061,1014.0,1135.0,899.0
9,1764110115.557649,1265.2331738471985,1014.0,1145.0,887.0
9,1764110115.5937486,1272.458293914795,1014.0,1153.0,883.0
9,1764110115.621848,1274.838092803955,1014.0,1159.0,885.0
9,1764110115.6515274,1279.70476436615,1014.0,1163.0,889.0
9,1764110115.681578,1284.4939737319946,1014.0,1165.0,891.0
9,1764110115.709526,1289.3080382347107,1014.0,1172.0,893.0
9,1764110115.746536,1294.101610660553,1014.0,1176.0,892.0
9,1764110115.7771711,1298.817220211029,1014.0,1178.0,893.0
9,1764110115.8078153,1303.716507434845,1014.0,1209.0,898.0
9,1764110115.8415587,1308.5543899536133,1014.0,1211.0,898.0
9,1764110115.8766327,1313.3349447250366,1014.0,1217.0,894.0
9,1764110115.9075289,1318.0852799415588,1014.0,1225.0,889.0
9,1764110115.9516444,1325.3141551017761,1014.0,1233.0,885.0
9,1764110115.994024,1332.5182824134827,1014.0,1238.0,886.0
9,1764110116.0164893,1334.8084597587585,1014.0,1243.0,881.0
9,1764110116.0521247,1340.1850728988647,1014.0,1240.0,883.0
9,1764110116.082676,1344.5282845497131,1014.0,1245.0,884.0
9,1764110116.11679,1349.3011503219604,1014.0,1246.0,882.0
9,1764110116.1467354,1354.154088973999,1014.0,1254.0,884.0
9,1764110116.1872382,1361.3240985870361,1014.0,1252.0,884.0
9,1764110116.2173162,1366.1452083587646,1014.0,1251.0,885.0
9,1764110116.249207,1370.8167581558228,1014.0,1309.0,888.0
9,1764110116.2821405,1375.6226329803467,1014.0,1318.0,884.0
9,1764110116.3136141,1380.4700999259949,1014.0,1315.0,879.0
9,1764110116.3485742,1385.3004722595215,1014.0,1311.0,881.0
9,1764110116.3826356,1390.1141076087952,1014.0,1472.0,2198.0
9,1764110116.4217086,1394.8585777282715,1014.0,1329.0,888.0
9,1764110116.4669552,1402.0491151809692,1014.0,1338.0,891.0
9,1764110116.5127673,1409.2872171401978,1014.0,1345.0,891.0
9,1764110116.5398579,1414.111080646515,1014.0,1339.0,898.0
9,1764110116.5815518,1418.8039808273315,1014.0,1336.0,898.0
9,1764110116.6066506,1423.609211921692,1014.0,1334.0,896.0
9,1764110116.6332333,1428.4361510276794,1014.0,1332.0,896.0
9,1764110116.6666694,1433.2913427352905,1014.0,1335.0,894.0
9,1764110116.6980023,1438.1468205451965,1014.0,1343.0,894.0
9,1764110116.7299755,1442.8645043373108,1014.0,1343.0,890.0
9,1764110116.75231,1445.3129677772522,1014.0,1344.0,892.0
9,1764110116.7874122,1450.154462337494,1014.0,1352.0,892.0
9,1764110116.8173308,1454.9005060195923,1014.0,1351.0,888.0
9,1764110116.8627832,1462.0884327888489,1014.0,1351.0,883.0
9,1764110116.9022539,1466.9458417892456,1014.0,1404.0,890.0
9,1764110116.927068,1471.606412410736,1014.0,1446.0,870.0
9,1764110116.953354,1476.4406113624573,1014.0,1450.0,867.0
9,1764110116.9821575,1478.9271264076233,1014.0,1454.0,867.0
9,1764110117.0300467,1486.0318689346313,1014.0,1452.0,869.0
9,1764110117.067199,1493.2928948402405,1014.0,1452.0,872.0
9,1764110117.0865953,1495.702877521515,1014.0,1444.0,873.0
9,1764110117.1225371,1500.4663734436035,1014.0,1438.0,879.0
9,1764110117.1526184,1505.3273229599,1014.0,1441.0,879.0
9,1764110117.1874406,1510.0039510726929,1014.0,1445.0,882.0
9,1764110117.216656,1514.8340015411377,1014.0,1392.0,889.0
9,1764110117.2517564,1519.6828632354736,1014.0,1402.0,887.0
9,1764110117.2822115,1524.415638923645,1014.0,1406.0,894.0
9,1764110117.3217833,1531.7174701690674,1014.0,1407.0,900.0
9,1764110117.359409,1536.5396885871887,1014.0,1407.0,899.0
9,1764110117.3821704,1538.8665943145752,1014.0,1408.0,896.0
9,1764110117.4180758,1546.1393504142761,1014.0,1407.0,892.0
9,1764110117.4570453,1550.8734850883484,1014.0,1413.0,888.0
9,1764110117.4923975,1555.6167750358582,1014.0,1420.0,885.0
9,1764110117.526777,1562.9164247512817,1014.0,1452.0,887.0
9,1764110117.5631976,1567.7552013397217,1014.0,1499.0,874.0
9,1764110117.5968838,1572.5378303527832,1014.0,1512.0,875.0
9,1764110117.636853,1577.273145198822,1014.0,1516.0,881.0
9,1764110117.667051,1582.0013074874878,1014.0,1524.0,886.0
9,1764110117.6975904,1586.8613629341125,1014.0,1531.0,892.0
9,1764110117.7270107,1591.610553741455,1014.0,1534.0,894.0
9,1764110117.7571478,1596.4751868247986,1014.0,1545.0,905.0
9,1764110117.786815,1601.2051372528076,1014.0,1546.0,907.0
9,1764110117.8190136,1606.092908859253,1014.0,1547.0,908.0
9,1764110117.8525167,1610.8225016593933,1014.0,1548.0,910.0
9,1764110117.8874197,1615.6428961753845,1014.0,1544.0,909.0
9,1764110117.9224439,1620.430603504181,1014.0,1543.0,911.0
9,1764110117.9654078,1627.8379707336426,1014.0,1614.0,908.0
9,1764110117.9949834,1632.537558555603,1014.0,1624.0,908.0
9,1764110118.0215745,1634.8984389305115,1014.0,1628.0,905.0
9,1764110118.058128,1642.1284584999084,1014.0,1630.0,903.0
9,1764110118.1020017,1646.8967823982239,1014.0,1484.0,2190.0
9,1764110118.1392238,1654.1196851730347,1014.0,1633.0,900.0
9,1764110118.1566176,1656.4773111343384,1014.0,1631.0,898.0
9,1764110118.1882567,1661.3136558532715,1014.0,1628.0,896.0
9,1764110118.2273085,1666.1431698799133,1014.0,1630.0,894.0
9,1764110118.2574348,1670.9035902023315,1014.0,1645.0,900.0
9,1764110118.287439,1675.7023482322693,1014.0,1652.0,898.0
9,1764110118.3264916,1682.8736095428467,1014.0,1653.0,902.0
9,1764110118.3575392,1685.3022603988647,1014.0,1652.0,907.0
9,1764110118.3868601,1690.0691895484924,1014.0,1652.0,906.0
9,1764110118.4271007,1697.2790746688843,1014.0,1650.0,906.0
9,1764110118.4671855,1702.0193247795105,1014.0,1649.0,906.0
9,1764110118.5075114,1709.2175512313843,1014.0,1648.0,906.0
9,1764110118.5315397,1711.6964130401611,1014.0,1661.0,904.0
9,1764110118.5669875,1718.9479975700378,1014.0,1664.0,904.0
9,1764110118.6070864,1723.7481145858765,1014.0,1664.0,910.0
