line_idx,timestamp,dot_x,dot_y,gaze_x,gaze_y
0,1763767792.4368544,178.0,178.0,243.0,210.0
0,1763767792.4686253,182.92092370986938,178.0,256.0,190.0
0,1763767792.5071108,187.657883644104,178.0,241.0,172.0
0,1763767792.542811,192.44154977798462,178.0,238.0,164.0
0,1763767792.5770183,197.25618648529053,178.0,245.0,173.0
0,1763767792.622057,204.43216848373413,178.0,251.0,177.0
0,1763767792.6719148,211.69154930114746,178.0,252.0,185.0
0,1763767792.7024102,216.41981887817383,178.0,248.0,187.0
0,1763767792.731461,221.19350719451904,178.0,243.0,185.0
0,1763767792.766634,225.9977011680603,178.0,225.0,188.0
0,1763767792.7967641,230.86036729812622,178.0,227.0,187.0
0,1763767792.8268316,235.6393485069275,178.0,228.0,190.0
0,1763767792.862427,240.5246524810791,178.0,225.0,193.0
0,1763767792.896695,245.29422807693481,178.0,222.0,199.0
0,1763767792.9275455,250.03869819641113,178.0,228.0,201.0
0,1763767792.956576,254.88004970550537,178.0,235.0,203.0
0,1763767792.992095,259.7451477050781,178.0,236.0,191.0
0,1763767793.0220017,264.5046739578247,178.0,273.0,191.0
0,1763767793.0569909,269.19964838027954,178.0,279.0,191.0
0,1763767793.0964577,276.3955144882202,178.0,282.0,196.0
0,1763767793.1253655,281.29573154449463,178.0,285.0,190.0
0,1763767793.1574318,286.09295177459717,178.0,291.0,184.0
0,1763767793.1914954,290.8390312194824,178.0,295.0,188.0
0,1763767793.2218537,295.6091432571411,178.0,297.0,184.0
0,1763767793.2567506,300.4147319793701,178.0,297.0,173.0
0,1763767793.287521,305.3211717605591,178.0,297.0,166.0
0,1763767793.317739,310.1529746055603,178.0,300.0,164.0
0,1763767793.3525362,314.9224429130554,178.0,307.0,166.0
0,1763767793.3817577,319.68901443481445,178.0,311.0,173.0
0,1763767793.4173968,324.4392066001892,178.0,312.0,178.0
0,1763767793.447318,329.32758617401123,178.0,303.0,187.0
0,1763767793.4818504,333.998170375824,178.0,331.0,189.0
0,1763767793.5121155,338.81849336624146,178.0,333.0,169.0
0,1763767793.5426748,343.64364433288574,178.0,344.0,168.0
0,1763767793.5816925,348.4269528388977,178.0,348.0,168.0
0,1763767793.60713,353.19885301589966,178.0,343.0,183.0
0,1763767793.6529908,360.3975086212158,178.0,359.0,189.0
0,1763767793.6917534,365.2382879257202,178.0,359.0,184.0
0,1763767793.7367506,372.5008158683777,178.0,368.0,190.0
0,1763767793.7769377,377.3058681488037,178.0,375.0,187.0
0,1763767793.8136356,384.4975142478943,178.0,386.0,186.0
0,1763767793.8453128,389.19924783706665,178.0,394.0,193.0
0,1763767793.8777323,394.1247134208679,178.0,401.0,194.0
0,1763767793.9097428,398.88348865509033,178.0,402.0,192.0
0,1763767793.9524152,403.61283111572266,178.0,401.0,192.0
0,1763767793.9917784,410.8570485115051,178.0,392.0,197.0
0,1763767794.017446,413.3087306022644,178.0,409.0,194.0
0,1763767794.0520055,420.393159866333,178.0,410.0,194.0
0,1763767794.0849018,425.3158001899719,178.0,414.0,195.0
0,1763767794.111611,427.76909160614014,178.0,414.0,195.0
0,1763767794.149032,434.8325638771057,178.0,414.0,196.0
0,1763767794.1888254,439.691153049469,178.0,418.0,199.0
0,1763767794.2215223,444.4424538612366,178.0,417.0,198.0
0,1763767794.2618449,451.7375259399414,178.0,426.0,203.0
0,1763767794.2974482,456.50685119628906,178.0,429.0,195.0
0,1763767794.3253481,461.22242498397827,178.0,430.0,195.0
0,1763767794.3614976,466.0722165107727,178.0,429.0,196.0
0,1763767794.3968036,470.9041266441345,178.0,440.0,197.0
0,1763767794.4223893,475.59284257888794,178.0,462.0,201.0
0,1763767794.4570467,480.5178074836731,178.0,469.0,206.0
0,1763767794.4920292,485.28734731674194,178.0,465.0,197.0
0,1763767794.522218,490.01668977737427,178.0,456.0,185.0
0,1763767794.5644403,497.29227113723755,178.0,456.0,189.0
0,1763767794.5917232,499.7291831970215,178.0,461.0,202.0
0,1763767794.636091,506.9075970649719,178.0,465.0,207.0
0,1763767794.6564693,509.40584230422974,178.0,474.0,204.0
0,1763767794.6936939,516.5361194610596,178.0,479.0,202.0
0,1763767794.7243304,521.2848453521729,178.0,483.0,194.0
0,1763767794.7575037,526.1897115707397,178.0,486.0,191.0
0,1763767794.7918448,530.8197407722473,178.0,487.0,198.0
0,1763767794.8317087,535.630980014801,178.0,503.0,198.0
0,1763767794.8725162,542.8866415023804,178.0,514.0,188.0
0,1763767794.911642,547.6114420890808,178.0,520.0,193.0
0,1763767794.9529107,554.8457531929016,178.0,520.0,197.0
0,1763767794.982374,559.5959811210632,178.0,518.0,194.0
0,1763767795.022255,564.4096522331238,178.0,526.0,193.0
0,1763767795.0469291,569.1874175071716,178.0,534.0,190.0
0,1763767795.081589,574.0801601409912,178.0,546.0,200.0
0,1763767795.1088328,578.8300304412842,178.0,549.0,195.0
0,1763767795.1414225,583.7164072990417,178.0,549.0,191.0
0,1763767795.172536,588.3878498077393,178.0,546.0,191.0
0,1763767795.207348,593.2648568153381,178.0,555.0,193.0
0,1763767795.241443,598.0662970542908,178.0,565.0,196.0
0,1763767795.2721748,602.8999953269958,178.0,573.0,198.0
0,1763767795.3017986,607.6239376068115,178.0,571.0,201.0
0,1763767795.3418944,612.502124786377,178.0,579.0,207.0
0,1763767795.3839808,619.7460560798645,178.0,581.0,207.0
0,1763767795.41662,624.3915705680847,178.0,585.0,202.0
0,1763767795.4484887,629.1969089508057,178.0,591.0,202.0
0,1763767795.4765308,634.0962319374084,178.0,598.0,207.0
0,1763767795.509526,638.8728170394897,178.0,584.0,208.0
0,1763767795.541404,643.6890988349915,178.0,586.0,204.0
0,1763767795.572456,648.5039143562317,178.0,587.0,201.0
0,1763767795.6121242,653.3475904464722,178.0,589.0,202.0
0,1763767795.64197,658.0996780395508,178.0,596.0,202.0
0,1763767795.6772692,662.8958969116211,178.0,608.0,199.0
0,1763767795.70736,667.6260976791382,178.0,612.0,201.0
0,1763767795.7416492,672.4151639938354,178.0,626.0,191.0
0,1763767795.7722332,677.2873072624207,178.0,603.0,197.0
0,1763767795.8022776,682.1234731674194,178.0,611.0,191.0
0,1763767795.8518033,689.25328540802,178.0,614.0,189.0
0,1763767795.8875601,694.1246061325073,178.0,620.0,186.0
0,1763767795.9269605,701.2401847839355,178.0,628.0,192.0
0,1763767795.9617412,705.9890894889832,178.0,641.0,205.0
0,1763767796.0068777,713.3252172470093,178.0,653.0,206.0
0,1763767796.0415123,717.987576007843,178.0,685.0,213.0
0,1763767796.070893,722.9479818344116,178.0,693.0,215.0
0,1763767796.1015038,727.6350169181824,178.0,689.0,212.0
0,1763767796.13369,732.4968605041504,178.0,696.0,220.0
0,1763767796.1770308,737.3021631240845,178.0,705.0,231.0
0,1763767796.2165492,744.4650917053223,178.0,704.0,232.0
0,1763767796.2442162,749.2716102600098,178.0,709.0,232.0
0,1763767796.2716434,751.7035512924194,178.0,723.0,228.0
0,1763767796.3090198,759.0024499893188,178.0,726.0,227.0
0,1763767796.3419054,763.593569278717,178.0,733.0,230.0
0,1763767796.3767848,768.6041145324707,178.0,727.0,230.0
0,1763767796.4119306,773.225203037262,178.0,719.0,229.0
0,1763767796.4417884,778.0085115432739,178.0,723.0,220.0
0,1763767796.476643,782.8808693885803,178.0,730.0,214.0
0,1763767796.507024,787.6310615539551,178.0,739.0,214.0
0,1763767796.5485191,794.9282793998718,178.0,743.0,213.0
0,1763767796.5864015,799.6158151626587,178.0,749.0,210.0
0,1763767796.6164906,804.5701770782471,178.0,758.0,212.0
0,1763767796.6364615,807.0318369865417,178.0,763.0,213.0
0,1763767796.672619,811.5848689079285,178.0,767.0,211.0
0,1763767796.7100446,818.9791469573975,178.0,767.0,210.0
0,1763767796.736598,821.2124257087708,178.0,775.0,211.0
0,1763767796.7674499,826.0925440788269,178.0,790.0,221.0
0,1763767796.8015566,833.3369402885437,178.0,790.0,216.0
0,1763767796.8323674,835.5802683830261,178.0,792.0,209.0
0,1763767796.8626523,840.4418616294861,178.0,786.0,211.0
0,1763767796.8968198,845.2533869743347,178.0,778.0,213.0
0,1763767796.926962,850.0459222793579,178.0,784.0,213.0
0,1763767796.9766214,857.317569732666,178.0,790.0,213.0
0,1763767797.021435,864.4859342575073,178.0,802.0,213.0
0,1763767797.0612853,869.2859797477722,178.0,810.0,216.0
0,1763767797.0971897,876.4216928482056,178.0,812.0,217.0
0,1763767797.1315348,881.3280968666077,178.0,812.0,214.0
0,1763767797.162223,886.0326199531555,178.0,821.0,210.0
0,1763767797.1917894,890.8739714622498,178.0,819.0,210.0
0,1763767797.2265606,895.7352428436279,178.0,852.0,211.0
0,1763767797.2614062,900.5276350975037,178.0,848.0,196.0
0,1763767797.3030303,907.6365976333618,178.0,848.0,194.0
0,1763767797.3271356,910.0831656455994,178.0,857.0,198.0
0,1763767797.3616574,917.3520593643188,178.0,866.0,206.0
0,1763767797.4016433,922.0735697746277,178.0,875.0,212.0
0,1763767797.4314296,926.8016247749329,178.0,877.0,211.0
0,1763767797.4673154,931.6355018615723,178.0,877.0,212.0
0,1763767797.511914,938.9127640724182,178.0,890.0,206.0
0,1763767797.5525086,943.6546950340271,178.0,896.0,207.0
0,1763767797.5768864,948.5010175704956,178.0,893.0,198.0
0,1763767797.61169,953.3037452697754,178.0,882.0,193.0
0,1763767797.6465225,958.084764957428,178.0,884.0,199.0
0,1763767797.6764996,962.8290920257568,178.0,892.0,198.0
0,1763767797.712532,967.7112131118774,178.0,891.0,196.0
0,1763767797.741732,972.8488235473633,178.0,895.0,194.0
0,1763767797.7771585,977.1973638534546,178.0,889.0,190.0
0,1763767797.8070745,982.296886920929,178.0,886.0,196.0
0,1763767797.8368351,986.8599681854248,178.0,894.0,203.0
0,1763767797.872215,991.5786533355713,178.0,903.0,211.0
0,1763767797.9091685,998.7932949066162,178.0,916.0,208.0
0,1763767797.9366858,1001.277735710144,178.0,927.0,208.0
0,1763767797.9674406,1006.0688762664795,178.0,934.0,204.0
0,1763767798.0054758,1013.3046178817749,178.0,946.0,208.0
0,1763767798.032144,1015.5800609588623,178.0,952.0,203.0
0,1763767798.062446,1020.4933314323425,178.0,959.0,205.0
0,1763767798.1117291,1027.7544288635254,178.0,963.0,214.0
0,1763767798.1675618,1037.2485547065735,178.0,963.0,219.0
0,1763767798.2007837,1042.0627980232239,178.0,965.0,223.0
0,1763767798.2513835,1049.2770104408264,178.0,965.0,226.0
0,1763767798.281996,1053.9898662567139,178.0,964.0,226.0
0,1763767798.3118224,1058.8656930923462,178.0,996.0,233.0
0,1763767798.346387,1063.7229232788086,178.0,1012.0,228.0
0,1763767798.376587,1068.4155731201172,178.0,1011.0,219.0
0,1763767798.411851,1073.223343372345,178.0,1025.0,213.0
0,1763767798.4417768,1077.9978184700012,178.0,1040.0,218.0
0,1763767798.4865727,1085.2462558746338,178.0,1045.0,224.0
0,1763767798.5116622,1087.5839977264404,178.0,1048.0,228.0
0,1763767798.5498114,1094.861116886139,178.0,1045.0,230.0
0,1763767798.5721564,1097.3341135978699,178.0,1049.0,229.0
0,1763767798.6072736,1102.0397095680237,178.0,1051.0,226.0
0,1763767798.6369328,1106.865146636963,178.0,1058.0,234.0
0,1763767798.671913,1111.726990222931,178.0,1060.0,236.0
0,1763767798.702095,1116.5109066963196,178.0,1065.0,235.0
0,1763767798.737336,1121.2718634605408,178.0,1069.0,237.0
0,1763767798.7716653,1128.4634737968445,178.0,1067.0,238.0
0,1763767798.8071885,1133.1798343658447,178.0,1071.0,236.0
0,1763767798.8544748,1140.463927268982,178.0,1074.0,222.0
0,1763767798.8921506,1145.2598600387573,178.0,1078.0,213.0
0,1763767798.9225006,1150.0770359039307,178.0,1087.0,217.0
0,1763767798.9572387,1154.8842339515686,178.0,1091.0,225.0
0,1763767798.986347,1159.7437171936035,178.0,1095.0,221.0
0,1763767799.0166657,1164.3880515098572,178.0,1088.0,226.0
0,1763767799.047339,1169.188669204712,178.0,1087.0,228.0
0,1763767799.0817463,1173.985460281372,178.0,1090.0,232.0
0,1763767799.1214592,1181.3223390579224,178.0,1099.0,228.0
0,1763767799.1613822,1186.0694556236267,178.0,1103.0,225.0
0,1763767799.1885848,1190.878942489624,178.0,1098.0,225.0
0,1763767799.2165816,1193.3245091438293,178.0,1102.0,230.0
0,1763767799.2569668,1200.3811507225037,178.0,1116.0,224.0
0,1763767799.3038034,1207.5831322669983,178.0,1129.0,221.0
0,1763767799.3520758,1214.9098544120789,178.0,1170.0,224.0
0,1763767799.3814473,1219.692554950714,178.0,1153.0,212.0
0,1763767799.4118125,1224.417248249054,178.0,1157.0,214.0
0,1763767799.4452362,1229.26793384552,178.0,1165.0,218.0
0,1763767799.4819756,1234.0802459716797,178.0,1165.0,217.0
0,1763767799.5121484,1238.8412384986877,178.0,1178.0,225.0
0,1763767799.5424123,1243.5962586402893,178.0,1187.0,232.0
0,1763767799.5815432,1248.3973054885864,178.0,1200.0,236.0
0,1763767799.6115935,1253.1913785934448,178.0,1205.0,231.0
0,1763767799.646757,1257.9902081489563,178.0,1212.0,222.0
0,1763767799.6763828,1262.878122806549,178.0,1220.0,222.0
0,1763767799.7116132,1267.6812438964844,178.0,1217.0,246.0
0,1763767799.7523685,1274.8602657318115,178.0,1222.0,250.0
0,1763767799.7774127,1277.9849677085876,178.0,1227.0,256.0
0,1763767799.8070037,1281.9873957633972,178.0,1229.0,261.0
0,1763767799.8435261,1289.1849427223206,178.0,1227.0,261.0
0,1763767799.8763263,1294.0972118377686,178.0,1231.0,258.0
0,1763767799.911969,1298.7789897918701,178.0,1234.0,258.0
0,1763767799.9464047,1303.5993485450745,178.0,1267.0,255.0
0,1763767799.9773161,1308.5607557296753,178.0,1284.0,256.0
0,1763767800.0113533,1313.304868221283,178.0,1293.0,256.0
0,1763767800.0468686,1318.1336669921875,178.0,1295.0,255.0
0,1763767800.0840604,1325.2596168518066,178.0,1297.0,249.0
0,1763767800.1182528,1329.9822716712952,178.0,1301.0,242.0
0,1763767800.1569443,1334.850016117096,178.0,1278.0,240.0
0,1763767800.191369,1339.7266654968262,178.0,1284.0,230.0
0,1763767800.2219112,1344.4403438568115,178.0,1299.0,227.0
0,1763767800.252695,1349.2387084960938,178.0,1304.0,232.0
0,1763767800.2916229,1356.3910155296326,178.0,1300.0,230.0
0,1763767800.331851,1361.3317875862122,178.0,1304.0,232.0
0,1763767800.3765962,1368.4112458229065,178.0,1304.0,234.0
0,1763767800.422715,1375.6734161376953,178.0,1307.0,229.0
0,1763767800.4621785,1380.4359464645386,178.0,1315.0,223.0
0,1763767800.4975216,1385.2794079780579,178.0,1323.0,223.0
0,1763767800.5414758,1392.4976258277893,178.0,1370.0,240.0
0,1763767800.5775144,1397.2918062210083,178.0,1392.0,266.0
0,1763767800.606997,1402.0814805030823,178.0,1412.0,256.0
0,1763767800.6373622,1406.8482308387756,178.0,1421.0,250.0
0,1763767800.6714566,1411.6251378059387,178.0,1427.0,248.0
0,1763767800.7019415,1416.546597957611,178.0,1431.0,243.0
0,1763767800.7313554,1421.3241486549377,178.0,1430.0,245.0
0,1763767800.766793,1426.0868577957153,178.0,1429.0,248.0
0,1763767800.801382,1433.3107619285583,178.0,1430.0,247.0
0,1763767800.8320892,1435.6021909713745,178.0,1418.0,244.0
0,1763767800.8622332,1440.6067638397217,178.0,1421.0,232.0
0,1763767800.8965704,1445.2759175300598,178.0,1421.0,220.0
0,1763767800.9322624,1452.4608044624329,178.0,1424.0,209.0
0,1763767800.9764836,1457.216718673706,178.0,1430.0,209.0
0,1763767801.0132432,1464.3859057426453,178.0,1435.0,218.0
0,1763767801.0414023,1469.3138031959534,178.0,1436.0,221.0
0,1763767801.0722156,1471.6188578605652,178.0,1495.0,223.0
0,1763767801.1079254,1478.813615322113,178.0,1534.0,214.0
0,1763767801.1425948,1483.6322932243347,178.0,1539.0,207.0
0,1763767801.1734364,1488.418677330017,178.0,1539.0,221.0
0,1763767801.1967685,1490.8955006599426,178.0,1541.0,227.0
0,1763767801.2322564,1495.5680875778198,178.0,1547.0,223.0
0,1763767801.2710657,1502.9086141586304,178.0,1551.0,220.0
0,1763767801.3070116,1507.5966863632202,178.0,1561.0,221.0
0,1763767801.327342,1510.7038288116455,178.0,1559.0,226.0
0,1763767801.3617,1517.3584609031677,178.0,1554.0,222.0
0,1763767801.3969727,1522.0956354141235,178.0,1562.0,216.0
0,1763767801.4314165,1526.8694310188293,178.0,1567.0,211.0
0,1763767801.47767,1534.0053944587708,178.0,1578.0,208.0
0,1763767801.5263448,1541.2280111312866,178.0,1577.0,218.0
0,1763767801.5616207,1546.0408596992493,178.0,1542.0,213.0
0,1763767801.5973558,1550.7861523628235,178.0,1544.0,206.0
0,1763767801.626795,1555.605938911438,178.0,1548.0,204.0
0,1763767801.6571243,1560.4904918670654,178.0,1550.0,207.0
0,1763767801.691535,1565.3021602630615,178.0,1554.0,210.0
0,1763767801.7272859,1570.1541690826416,178.0,1556.0,205.0
0,1763767801.7564635,1574.810519695282,178.0,1557.0,202.0
0,1763767801.7872028,1579.5970826148987,178.0,1560.0,201.0
0,1763767801.8230302,1584.3902616500854,178.0,1559.0,206.0
0,1763767801.8537397,1589.253535747528,178.0,1564.0,202.0
0,1763767801.8871844,1594.0897731781006,178.0,1564.0,200.0
0,1763767801.9213922,1601.3122825622559,178.0,1563.0,203.0
0,1763767801.9576335,1605.997100353241,178.0,1567.0,215.0
0,1763767801.988573,1610.9172730445862,178.0,1573.0,231.0
0,1763767802.03221,1615.6827001571655,178.0,1578.0,248.0
0,1763767802.074118,1622.7964906692505,178.0,1585.0,246.0
0,1763767802.1119351,1627.6608018875122,178.0,1594.0,237.0
0,1763767802.1568165,1634.9014430046082,178.0,1602.0,235.0
0,1763767802.181846,1639.5809679031372,178.0,1603.0,226.0
0,1763767802.212492,1644.495704650879,178.0,1627.0,229.0
0,1763767802.2464721,1649.2563753128052,178.0,1633.0,233.0
0,1763767802.2776453,1654.0645747184753,178.0,1642.0,226.0
0,1763767802.3081648,1658.800211429596,178.0,1645.0,233.0
0,1763767802.34182,1663.7222080230713,178.0,1654.0,234.0
0,1763767802.3739228,1668.443503856659,178.0,1654.0,239.0
0,1763767802.4071977,1673.2136516571045,178.0,1652.0,245.0
0,1763767802.4394279,1678.0476717948914,178.0,1648.0,247.0
0,1763767802.471652,1682.8616290092468,178.0,1651.0,240.0
0,1763767802.5167878,1690.0302438735962,178.0,1657.0,232.0
0,1763767802.5566788,1694.9350743293762,178.0,1655.0,243.0
0,1763767802.581775,1699.6216087341309,178.0,1678.0,239.0
0,1763767802.6294334,1706.8681507110596,178.0,1682.0,230.0
0,1763767802.6669686,1711.6519956588745,178.0,1680.0,215.0
0,1763767802.7021754,1716.4474992752075,178.0,1676.0,218.0
0,1763767802.7314253,1721.1681871414185,178.0,1680.0,217.0
1,1763767802.7667892,1726.0627179145813,178.0,1678.0,216.0
1,1763767802.796561,1726.0627179145813,178.0,1679.0,216.0
1,1763767802.8271008,1726.0627179145813,178.0,1689.0,214.0
1,1763767802.856979,1726.0627179145813,178.0,1692.0,216.0
1,1763767802.8916433,1726.0627179145813,178.0,1692.0,211.0
1,1763767802.9271226,1726.0627179145813,178.0,1690.0,210.0
1,1763767802.9566567,1726.0627179145813,178.0,1690.0,209.0
1,1763767802.9914968,1726.0627179145813,178.0,1688.0,215.0
1,1763767803.0272582,1726.0627179145813,178.0,1679.0,221.0
1,1763767803.061744,1726.0627179145813,178.0,1681.0,222.0
1,1763767803.091494,1726.0627179145813,178.0,1681.0,219.0
1,1763767803.1219397,1726.0627179145813,178.0,1677.0,215.0
1,1763767803.166855,1726.0627179145813,178.0,1674.0,207.0
1,1763767803.1919258,1726.0627179145813,178.0,1674.0,202.0
1,1763767803.2217467,1726.0627179145813,178.0,1664.0,200.0
1,1763767803.261516,178.0,270.0,1312.0,283.0
1,1763767803.2968922,182.83462810516357,270.0,884.0,338.0
1,1763767803.3315606,187.7534418106079,270.0,504.0,367.0
1,1763767803.361928,192.49823379516602,270.0,327.0,569.0
1,1763767803.3967717,197.307541847229,270.0,256.0,558.0
1,1763767803.437533,204.56491994857788,270.0,306.0,306.0
1,1763767803.4612713,206.80138158798218,270.0,308.0,308.0
1,1763767803.49947,214.16293668746948,270.0,296.0,329.0
1,1763767803.5322058,218.92450141906738,270.0,292.0,328.0
1,1763767803.5663445,223.7162857055664,270.0,298.0,335.0
1,1763767803.597199,228.55166482925415,270.0,256.0,344.0
1,1763767803.631331,233.31591176986694,270.0,267.0,332.0
1,1763767803.662576,238.05462408065796,270.0,271.0,328.0
1,1763767803.7023258,242.90083932876587,270.0,269.0,329.0
1,1763767803.746326,250.11358547210693,270.0,277.0,337.0
1,1763767803.7908647,257.35158014297485,270.0,291.0,321.0
1,1763767803.8216019,262.03135538101196,270.0,291.0,307.0
1,1763767803.8471036,266.94569873809814,270.0,291.0,306.0
1,1763767803.8815906,271.74356269836426,270.0,292.0,293.0
1,1763767803.9139862,276.50906133651733,270.0,290.0,280.0
1,1763767803.9471903,281.347909450531,270.0,298.0,283.0
1,1763767803.9815476,285.99793004989624,270.0,303.0,287.0
1,1763767804.017036,290.8769040107727,270.0,313.0,286.0
1,1763767804.052254,295.6518440246582,270.0,328.0,283.0
1,1763767804.0821233,300.4137306213379,270.0,332.0,287.0
1,1763767804.1155043,305.3393392562866,270.0,327.0,296.0
1,1763767804.1572342,312.50416326522827,270.0,324.0,293.0
1,1763767804.1919239,317.34987783432007,270.0,325.0,290.0
1,1763767804.2226284,322.0695285797119,270.0,342.0,303.0
1,1763767804.251793,326.9322304725647,270.0,346.0,290.0
1,1763767804.2992768,334.12298250198364,270.0,341.0,280.0
1,1763767804.3368974,338.83319187164307,270.0,351.0,289.0
1,1763767804.3735526,343.6985402107239,270.0,364.0,305.0
1,1763767804.4072013,350.96035289764404,270.0,366.0,303.0
1,1763767804.4452233,355.69935131073,270.0,378.0,296.0
1,1763767804.473961,360.9743266105652,270.0,383.0,298.0
1,1763767804.5164456,365.3078465461731,270.0,388.0,302.0
1,1763767804.5471935,370.00403690338135,270.0,385.0,301.0
1,1763767804.5764132,374.91838026046753,270.0,397.0,303.0
1,1763767804.6172562,381.9965510368347,270.0,402.0,289.0
1,1763767804.6522112,386.92852544784546,270.0,403.0,283.0
1,1763767804.6828165,391.6826157569885,270.0,400.0,291.0
1,1763767804.7169516,396.5207486152649,270.0,397.0,295.0
1,1763767804.7518332,401.2357859611511,270.0,397.0,291.0
1,1763767804.7949312,408.41648864746094,270.0,408.0,291.0
1,1763767804.8366866,413.31877994537354,270.0,420.0,292.0
1,1763767804.8760602,420.52551794052124,270.0,430.0,292.0
1,1763767804.9114485,425.28440046310425,270.0,434.0,300.0
1,1763767804.9588823,433.5371284484863,270.0,422.0,306.0
1,1763767805.0015342,439.61948442459106,270.0,470.0,299.0
1,1763767805.0419931,444.5487766265869,270.0,472.0,287.0
1,1763767805.0716207,449.272611618042,270.0,460.0,278.0
1,1763767805.1143441,456.4972667694092,270.0,458.0,282.0
1,1763767805.1585972,461.3345413208008,270.0,466.0,286.0
1,1763767805.1936977,468.43452739715576,270.0,478.0,289.0
1,1763767805.2313266,473.29114961624146,270.0,487.0,292.0
1,1763767805.2586067,478.08729696273804,270.0,495.0,302.0
1,1763767805.296617,482.8285126686096,270.0,491.0,300.0
1,1763767805.3265948,487.6436142921448,270.0,485.0,293.0
1,1763767805.3621294,492.44129943847656,270.0,491.0,288.0
1,1763767805.3882673,497.33668851852417,270.0,501.0,292.0
1,1763767805.422181,502.0107774734497,270.0,507.0,292.0
1,1763767805.451256,506.9312720298767,270.0,503.0,292.0
1,1763767805.4864564,511.70378017425537,270.0,506.0,290.0
1,1763767805.5150867,516.5177731513977,270.0,505.0,287.0
1,1763767805.5464606,521.2372450828552,270.0,503.0,286.0
1,1763767805.581547,526.1222629547119,270.0,504.0,286.0
1,1763767805.6167347,530.8247117996216,270.0,512.0,286.0
1,1763767805.6515052,535.6204299926758,270.0,514.0,295.0
1,1763767805.6812444,540.4173998832703,270.0,517.0,289.0
1,1763767805.7169719,545.3097133636475,270.0,519.0,284.0
1,1763767805.7465982,550.0936298370361,270.0,519.0,280.0
1,1763767805.7772014,554.998245716095,270.0,523.0,283.0
1,1763767805.8079402,559.6304206848145,270.0,537.0,295.0
1,1763767805.8417892,564.4705562591553,270.0,543.0,303.0
1,1763767805.876794,569.3417339324951,270.0,546.0,303.0
1,1763767805.916224,576.4970450401306,270.0,552.0,295.0
1,1763767805.9487743,581.2616496086121,270.0,545.0,297.0
1,1763767805.9911935,588.5591893196106,270.0,568.0,305.0
1,1763767806.032349,593.5207753181458,270.0,566.0,296.0
1,1763767806.0751503,600.541081905365,270.0,569.0,293.0
1,1763767806.1167834,605.1998643875122,270.0,574.0,294.0
1,1763767806.142047,610.0864200592041,270.0,591.0,289.0
1,1763767806.176389,614.8425130844116,270.0,600.0,290.0
1,1763767806.2216437,622.063127040863,270.0,601.0,295.0
1,1763767806.2620153,626.8433241844177,270.0,604.0,295.0
1,1763767806.2862172,631.6171197891235,270.0,616.0,289.0
1,1763767806.3165748,636.4917664527893,270.0,615.0,294.0
1,1763767806.3511856,641.2501840591431,270.0,606.0,289.0
1,1763767806.3823383,646.1095600128174,270.0,607.0,286.0
1,1763767806.4163969,650.8079676628113,270.0,615.0,280.0
1,1763767806.4585788,658.0517201423645,270.0,624.0,273.0
1,1763767806.4967825,662.8395347595215,270.0,632.0,277.0
1,1763767806.5261106,667.6097183227539,270.0,638.0,279.0
1,1763767806.5545127,672.4413423538208,270.0,636.0,272.0
1,1763767806.5864184,677.3023991584778,270.0,642.0,269.0
1,1763767806.621198,682.098904132843,270.0,641.0,264.0
1,1763767806.6497588,686.7961673736572,270.0,650.0,265.0
1,1763767806.6825085,691.6585831642151,270.0,659.0,270.0
1,1763767806.7151551,696.4787273406982,270.0,666.0,279.0
1,1763767806.7518218,701.3084559440613,270.0,667.0,277.0
1,1763767806.7870154,706.0639410018921,270.0,685.0,286.0
1,1763767806.8163757,710.8901290893555,270.0,680.0,281.0
1,1763767806.8515635,715.6285195350647,270.0,680.0,281.0
1,1763767806.8871179,722.9478387832642,270.0,694.0,278.0
1,1763767806.9165792,725.2979545593262,270.0,703.0,272.0
1,1763767806.954303,732.4975757598877,270.0,708.0,266.0
1,1763767806.9965396,737.2976212501526,270.0,713.0,273.0
1,1763767807.0349598,744.4919853210449,270.0,709.0,276.0
1,1763767807.0735228,749.2576627731323,270.0,708.0,282.0
1,1763767807.114931,756.4752726554871,270.0,699.0,290.0
1,1763767807.1573136,761.2564353942871,270.0,709.0,295.0
1,1763767807.186951,766.0979299545288,270.0,709.0,280.0
1,1763767807.2171414,770.9190397262573,270.0,705.0,271.0
1,1763767807.2513833,776.259961605072,270.0,705.0,277.0
1,1763767807.2870884,782.9434185028076,270.0,707.0,286.0
1,1763767807.3169367,785.2590231895447,270.0,722.0,290.0
1,1763767807.3470724,790.1135354042053,270.0,731.0,286.0
1,1763767807.3823636,794.8709516525269,270.0,736.0,281.0
1,1763767807.4220474,802.1140961647034,270.0,741.0,283.0
1,1763767807.4463818,806.8374304771423,270.0,749.0,284.0
1,1763767807.4823554,811.7236285209656,270.0,758.0,284.0
1,1763767807.5201461,816.5283946990967,270.0,772.0,282.0
1,1763767807.5649047,823.7840204238892,270.0,775.0,281.0
1,1763767807.586932,826.1482625007629,270.0,786.0,282.0
1,1763767807.6218674,830.8944492340088,270.0,788.0,277.0
1,1763767807.6516497,835.6123118400574,270.0,797.0,277.0
1,1763767807.6942134,842.8865699768066,270.0,802.0,278.0
1,1763767807.729333,847.6394085884094,270.0,804.0,278.0
1,1763767807.7611597,852.4281888008118,270.0,804.0,270.0
1,1763767807.796295,857.2218327522278,270.0,812.0,267.0
1,1763767807.8312998,864.5751266479492,270.0,827.0,277.0
1,1763767807.8564243,866.8160228729248,270.0,815.0,289.0
1,1763767807.8913891,871.7293291091919,270.0,827.0,291.0
1,1763767807.9213078,876.4209418296814,270.0,825.0,283.0
1,1763767807.9631567,883.7273149490356,270.0,825.0,283.0
1,1763767807.9871137,886.1345796585083,270.0,835.0,276.0
1,1763767808.0220842,890.8426790237427,270.0,843.0,283.0
1,1763767808.05164,895.5886869430542,270.0,845.0,290.0
1,1763767808.0820642,900.4595785140991,270.0,843.0,287.0
1,1763767808.1218915,907.6824812889099,270.0,844.0,284.0
1,1763767808.1614742,912.4489812850952,270.0,845.0,284.0
1,1763767808.2115633,919.6835069656372,270.0,854.0,284.0
1,1763767808.2426066,924.5234279632568,270.0,867.0,281.0
1,1763767808.2826686,931.7014842033386,270.0,872.0,289.0
1,1763767808.3098526,934.1349987983704,270.0,894.0,297.0
1,1763767808.3413959,938.831868648529,270.0,896.0,289.0
1,1763767808.378433,946.0931448936462,270.0,898.0,281.0
1,1763767808.4116566,950.9220509529114,270.0,904.0,282.0
1,1763767808.4370651,953.1967787742615,270.0,902.0,288.0
1,1763767808.4811838,960.5457096099854,270.0,903.0,290.0
1,1763767808.5174308,965.3270869255066,270.0,904.0,284.0
1,1763767808.5549693,972.4969177246094,270.0,913.0,284.0
1,1763767808.6014736,979.6358137130737,270.0,919.0,283.0
1,1763767808.6266904,982.0388226509094,270.0,939.0,280.0
1,1763767808.6517985,986.7875485420227,270.0,943.0,286.0
1,1763767808.686454,991.6650919914246,270.0,941.0,294.0
1,1763767808.7169616,996.4964656829834,270.0,938.0,294.0
1,1763767808.7518845,1001.2287406921387,270.0,938.0,286.0
1,1763767808.795455,1008.4081201553345,270.0,937.0,287.0
1,1763767808.8319097,1013.1897835731506,270.0,944.0,287.0
1,1763767808.8609776,1018.0913953781128,270.0,960.0,281.0
1,1763767808.8964584,1022.7861909866333,270.0,973.0,281.0
1,1763767808.9419417,1030.1360516548157,270.0,982.0,285.0
1,1763767808.9811676,1034.8870663642883,270.0,982.0,293.0
1,1763767809.0062947,1039.6779208183289,270.0,978.0,282.0
1,1763767809.036579,1044.5448784828186,270.0,983.0,277.0
1,1763767809.066684,1049.2560892105103,270.0,999.0,280.0
1,1763767809.1062808,1054.1374592781067,270.0,1008.0,286.0
1,1763767809.1362913,1058.916154384613,270.0,1016.0,291.0
1,1763767809.1717541,1063.6459617614746,270.0,1009.0,294.0
1,1763767809.2011588,1069.169810295105,270.0,1010.0,286.0
1,1763767809.2365637,1073.2562093734741,270.0,1016.0,289.0
1,1763767809.279032,1080.431082725525,270.0,1024.0,294.0
1,1763767809.3270428,1087.6713662147522,270.0,1034.0,290.0
1,1763767809.371296,1094.9126868247986,270.0,1035.0,286.0
1,1763767809.4021165,1099.735405921936,270.0,1030.0,286.0
1,1763767809.433781,1104.4906764030457,270.0,1035.0,284.0
1,1763767809.461458,1106.7899374961853,270.0,1036.0,288.0
1,1763767809.5074573,1114.0026478767395,270.0,1045.0,296.0
1,1763767809.5518835,1121.3705687522888,270.0,1043.0,297.0
1,1763767809.5774486,1126.0342507362366,270.0,1069.0,296.0
1,1763767809.6070447,1130.936863899231,270.0,1066.0,296.0
1,1763767809.6455476,1135.7211022377014,270.0,1063.0,299.0
1,1763767809.6761765,1140.5022649765015,270.0,1067.0,295.0
1,1763767809.7018485,1142.8787021636963,270.0,1076.0,304.0
1,1763767809.7374542,1149.98805809021,270.0,1083.0,305.0
1,1763767809.7664444,1154.8468260765076,270.0,1088.0,302.0
1,1763767809.7948985,1157.194152355194,270.0,1090.0,299.0
1,1763767809.8334591,1164.4084720611572,270.0,1089.0,298.0
1,1763767809.8617308,1166.8924837112427,270.0,1092.0,298.0
1,1763767809.8973067,1174.0023045539856,270.0,1100.0,295.0
1,1763767809.9319804,1178.8156895637512,270.0,1108.0,291.0
1,1763767809.9681323,1184.6099047660828,270.0,1117.0,288.0
1,1763767810.0015435,1188.4929208755493,270.0,1121.0,296.0
1,1763767810.0368447,1193.2502298355103,270.0,1119.0,303.0
1,1763767810.0770314,1200.488009929657,270.0,1136.0,298.0
1,1763767810.101472,1202.9688744544983,270.0,1147.0,298.0
1,1763767810.1416762,1210.0412874221802,270.0,1147.0,300.0
1,1763767810.1739888,1214.9338512420654,270.0,1138.0,300.0
1,1763767810.2014527,1219.5916323661804,270.0,1129.0,299.0
1,1763767810.23647,1224.5185284614563,270.0,1133.0,301.0
1,1763767810.2703927,1229.2753367424011,270.0,1147.0,300.0
1,1763767810.3069074,1234.0914754867554,270.0,1157.0,300.0
1,1763767810.3416004,1238.7818365097046,270.0,1157.0,304.0
1,1763767810.3812525,1246.0763363838196,270.0,1155.0,303.0
1,1763767810.4169376,1250.8704452514648,270.0,1150.0,306.0
1,1763767810.466405,1258.1162719726562,270.0,1159.0,305.0
1,1763767810.5112822,1265.2708678245544,270.0,1172.0,307.0
1,1763767810.5470843,1270.0074343681335,270.0,1194.0,304.0
1,1763767810.5763614,1274.7902779579163,270.0,1196.0,292.0
1,1763767810.6070626,1279.7162799835205,270.0,1197.0,281.0
1,1763767810.6422546,1284.5200090408325,270.0,1206.0,280.0
1,1763767810.6717203,1289.250102519989,270.0,1218.0,278.0
1,1763767810.7065766,1294.0502552986145,270.0,1223.0,277.0
1,1763767810.736302,1299.0031509399414,270.0,1232.0,274.0
1,1763767810.7717779,1303.6415843963623,270.0,1244.0,272.0
1,1763767810.806904,1310.9157710075378,270.0,1248.0,271.0
1,1763767810.8364832,1313.1794123649597,270.0,1222.0,280.0
1,1763767810.875302,1320.5137162208557,270.0,1227.0,283.0
1,1763767810.9012413,1323.500659942627,270.0,1234.0,287.0
1,1763767810.9470537,1330.0919561386108,270.0,1238.0,289.0
1,1763767810.9862702,1337.2038869857788,270.0,1243.0,294.0
1,1763767811.0122294,1339.7058873176575,270.0,1249.0,296.0
1,1763767811.0424476,1344.5184497833252,270.0,1261.0,290.0
1,1763767811.0770926,1349.2692141532898,270.0,1273.0,288.0
1,1763767811.106657,1354.2260437011719,270.0,1275.0,287.0
1,1763767811.1514878,1361.3019614219666,270.0,1278.0,289.0
1,1763767811.191395,1368.589416027069,270.0,1305.0,299.0
1,1763767811.22155,1370.8135395050049,270.0,1324.0,293.0
1,1763767811.2579803,1378.1273155212402,270.0,1321.0,289.0
1,1763767811.286298,1382.8248648643494,270.0,1332.0,295.0
1,1763767811.3219438,1387.6120357513428,270.0,1345.0,299.0
1,1763767811.354123,1392.5035982131958,270.0,1349.0,306.0
1,1763767811.3888896,1397.2714214324951,270.0,1353.0,304.0
1,1763767811.4224424,1402.07808303833,270.0,1359.0,304.0
1,1763767811.4568686,1406.8504481315613,270.0,1353.0,304.0
1,1763767811.4963038,1414.32572889328,270.0,1332.0,307.0
1,1763767811.5417097,1418.873110294342,270.0,1337.0,308.0
1,1763767811.5799925,1425.9899764060974,270.0,1344.0,307.0
1,1763767811.6214979,1430.8284311294556,270.0,1343.0,302.0
1,1763767811.66477,1437.9762320518494,270.0,1346.0,299.0
1,1763767811.7018366,1442.9145007133484,270.0,1363.0,290.0
1,1763767811.746241,1450.0702767372131,270.0,1369.0,286.0
1,1763767811.7763107,1454.8450021743774,270.0,1362.0,293.0
1,1763767811.8124118,1459.6468000411987,270.0,1359.0,293.0
1,1763767811.8364763,1464.4277482032776,270.0,1370.0,291.0
1,1763767811.8722699,1469.1809086799622,270.0,1372.0,292.0
1,1763767811.91751,1476.6536860466003,270.0,1412.0,300.0
1,1763767811.95183,1481.2777428627014,270.0,1419.0,297.0
1,1763767811.9796665,1486.0212831497192,270.0,1421.0,291.0
1,1763767812.0118442,1490.8415703773499,270.0,1420.0,297.0
1,1763767812.0450685,1495.717468738556,270.0,1429.0,294.0
1,1763767812.0814037,1500.4111199378967,270.0,1438.0,289.0
1,1763767812.1120179,1505.2589087486267,270.0,1447.0,297.0
1,1763767812.141618,1509.9794178009033,270.0,1423.0,301.0
1,1763767812.1720722,1514.8548154830933,270.0,1431.0,299.0
1,1763767812.2112112,1519.6711688041687,270.0,1427.0,288.0
1,1763767812.2413843,1524.4810132980347,270.0,1426.0,290.0
1,1763767812.2760675,1529.2920379638672,270.0,1426.0,301.0
1,1763767812.3069913,1534.1031341552734,270.0,1429.0,308.0
1,1763767812.3565795,1541.1982207298279,270.0,1433.0,313.0
1,1763767812.3982253,1548.4182624816895,270.0,1439.0,310.0
1,1763767812.421786,1551.3445167541504,270.0,1449.0,307.0
1,1763767812.463781,1558.1524639129639,270.0,1458.0,308.0
1,1763767812.4918478,1562.8976492881775,270.0,1508.0,318.0
1,1763767812.5224426,1567.581322669983,270.0,1512.0,321.0
1,1763767812.554077,1572.385802745819,270.0,1509.0,321.0
1,1763767812.591829,1577.2573022842407,270.0,1510.0,316.0
1,1763767812.636066,1584.4775586128235,270.0,1521.0,303.0
1,1763767812.6765072,1589.2258195877075,270.0,1532.0,296.0
1,1763767812.7171397,1596.817937374115,270.0,1541.0,304.0
1,1763767812.7522607,1601.1768488883972,270.0,1540.0,313.0
1,1763767812.779916,1606.0667304992676,270.0,1540.0,322.0
1,1763767812.8119936,1610.7958941459656,270.0,1542.0,319.0
1,1763767812.8588634,1618.0655388832092,270.0,1546.0,311.0
1,1763767812.9013405,1622.891369342804,270.0,1548.0,305.0
1,1763767812.921657,1627.6580839157104,270.0,1549.0,298.0
1,1763767812.9564252,1632.483950138092,270.0,1551.0,302.0
1,1763767812.986943,1637.1784238815308,270.0,1556.0,315.0
1,1763767813.0180957,1641.9961004257202,270.0,1577.0,318.0
1,1763767813.0571177,1646.90629529953,270.0,1580.0,315.0
1,1763767813.087231,1651.7264752388,270.0,1582.0,305.0
1,1763767813.116208,1656.460967540741,270.0,1584.0,306.0
1,1763767813.1495771,1661.2598328590393,270.0,1588.0,309.0
1,1763767813.1914332,1668.4457211494446,270.0,1586.0,298.0
1,1763767813.2263253,1673.229172706604,270.0,1582.0,295.0
1,1763767813.2737353,1680.4557948112488,270.0,1587.0,302.0
1,1763767813.2968638,1682.7930002212524,270.0,1594.0,314.0
1,1763767813.3272922,1687.5911502838135,270.0,1611.0,317.0
1,1763767813.356389,1692.4699454307556,270.0,1622.0,318.0
1,1763767813.396184,1697.2020416259766,270.0,1627.0,312.0
1,1763767813.4211578,1702.0971088409424,270.0,1641.0,313.0
1,1763767813.4565969,1706.9036989212036,270.0,1648.0,309.0
1,1763767813.4868648,1711.8550567626953,270.0,1651.0,307.0
1,1763767813.5170677,1716.4101629257202,270.0,1653.0,303.0
1,1763767813.5491304,1721.3147072792053,270.0,1647.0,290.0
2,1763767813.5872273,1726.1104254722595,270.0,1641.0,288.0
2,1763767813.6120067,1726.1104254722595,270.0,1643.0,294.0
2,1763767813.6470287,1726.1104254722595,270.0,1650.0,295.0
2,1763767813.6810453,1726.1104254722595,270.0,1656.0,293.0
2,1763767813.7215295,1726.1104254722595,270.0,1659.0,285.0
2,1763767813.7563508,1726.1104254722595,270.0,1660.0,280.0
2,1763767813.7963693,1726.1104254722595,270.0,1656.0,290.0
2,1763767813.827115,1726.1104254722595,270.0,1660.0,289.0
2,1763767813.8570333,1726.1104254722595,270.0,1665.0,288.0
2,1763767813.8871574,1726.1104254722595,270.0,1669.0,293.0
2,1763767813.9172747,1726.1104254722595,270.0,1660.0,295.0
2,1763767813.946389,1726.1104254722595,270.0,1652.0,301.0
2,1763767813.9862065,1726.1104254722595,270.0,1644.0,310.0
2,1763767814.0166233,1726.1104254722595,270.0,1644.0,305.0
2,1763767814.046542,1726.1104254722595,270.0,1625.0,294.0
2,1763767814.08645,178.0,363.0,1214.0,360.0
2,1763767814.1167834,182.8972487449646,363.0,790.0,396.0
2,1763767814.1600606,190.11671829223633,363.0,489.0,419.0
2,1763767814.19627,194.95088148117065,363.0,311.0,458.0
2,1763767814.2316868,199.64957523345947,363.0,307.0,390.0
2,1763767814.2612262,204.61480903625488,363.0,300.0,353.0
2,1763767814.292437,209.32777214050293,363.0,287.0,374.0
2,1763767814.3262067,214.13715171813965,363.0,273.0,376.0
2,1763767814.3614645,219.1723017692566,363.0,279.0,380.0
2,1763767814.3927052,223.74328660964966,363.0,289.0,386.0
2,1763767814.4270365,228.5905032157898,363.0,291.0,384.0
2,1763767814.4653876,235.63920545578003,363.0,305.0,374.0
2,1763767814.4914763,240.48703002929688,363.0,319.0,374.0
2,1763767814.5264823,245.24845170974731,363.0,285.0,380.0
2,1763767814.5593479,250.04195261001587,363.0,283.0,374.0
2,1763767814.5910428,254.88376903533936,363.0,287.0,365.0
2,1763767814.623622,259.6564917564392,363.0,301.0,370.0
2,1763767814.6563246,264.4896893501282,363.0,305.0,377.0
2,1763767814.6984165,269.2587642669678,363.0,310.0,378.0
2,1763767814.7417467,276.5237240791321,363.0,320.0,387.0
2,1763767814.7672756,281.32648754119873,363.0,330.0,396.0
2,1763767814.8014195,286.0235004425049,363.0,333.0,385.0
2,1763767814.849597,293.2191162109375,363.0,334.0,378.0
2,1763767814.8920362,300.5710153579712,363.0,350.0,371.0
2,1763767814.9214032,302.8398780822754,363.0,351.0,366.0
2,1763767814.9588213,310.0645332336426,363.0,353.0,369.0
2,1763767814.9914103,314.82788610458374,363.0,358.0,363.0
2,1763767815.0239935,319.711688041687,363.0,357.0,367.0
2,1763767815.066567,324.44646644592285,363.0,357.0,367.0
2,1763767815.1068676,331.73302698135376,363.0,354.0,364.0
2,1763767815.1315157,336.49294662475586,363.0,344.0,349.0
2,1763767815.1621535,338.8545422554016,363.0,345.0,354.0
2,1763767815.1912115,343.6878471374512,363.0,354.0,362.0
2,1763767815.2271461,348.50509452819824,363.0,357.0,367.0
2,1763767815.2569115,353.3456234931946,363.0,384.0,380.0
2,1763767815.2917683,360.5308322906494,363.0,381.0,365.0
2,1763767815.3305624,365.22137212753296,363.0,379.0,363.0
2,1763767815.3655953,370.11915731430054,363.0,395.0,365.0
2,1763767815.3969383,374.85096740722656,363.0,405.0,373.0
2,1763767815.4321299,379.62326097488403,363.0,410.0,374.0
2,1763767815.4618158,384.4141869544983,363.0,418.0,367.0
2,1763767815.4962857,389.29891872406006,363.0,416.0,369.0
2,1763767815.5274808,394.1497473716736,363.0,401.0,369.0
2,1763767815.5614743,398.8853840827942,363.0,398.0,369.0
2,1763767815.5913162,403.6529927253723,363.0,397.0,362.0
2,1763767815.621612,408.44073581695557,363.0,396.0,357.0
2,1763767815.6673787,415.74471282958984,363.0,396.0,357.0
2,1763767815.6964154,420.3981308937073,363.0,403.0,354.0
2,1763767815.7271004,425.33099937438965,363.0,410.0,350.0
2,1763767815.762104,429.9980788230896,363.0,420.0,347.0
2,1763767815.7986248,434.93262815475464,363.0,435.0,357.0
2,1763767815.8313506,439.7231249809265,363.0,442.0,374.0
2,1763767815.8672338,444.5058970451355,363.0,435.0,380.0
2,1763767815.9048083,451.7386703491211,363.0,432.0,364.0
2,1763767815.941163,456.4057140350342,363.0,443.0,356.0
2,1763767815.9844723,463.6443166732788,363.0,449.0,346.0
2,1763767816.0351963,470.93373823165894,363.0,455.0,362.0
2,1763767816.0639102,475.7916479110718,363.0,490.0,367.0
2,1763767816.091848,480.54276990890503,363.0,494.0,373.0
2,1763767816.1365685,485.2299838066101,363.0,490.0,381.0
2,1763767816.1664016,490.13399171829224,363.0,504.0,385.0
2,1763767816.2018044,494.8452024459839,363.0,514.0,379.0
2,1763767816.2376611,502.10515546798706,363.0,499.0,383.0
2,1763767816.261774,504.54396295547485,363.0,498.0,379.0
2,1763767816.2960467,509.34350776672363,363.0,500.0,372.0
2,1763767816.3317266,516.5245680809021,363.0,504.0,367.0
2,1763767816.361589,518.8962845802307,363.0,511.0,364.0
2,1763767816.401436,526.0581045150757,363.0,513.0,360.0
2,1763767816.4335678,530.8123378753662,363.0,516.0,368.0
2,1763767816.4653366,535.7408790588379,363.0,518.0,370.0
2,1763767816.5162582,542.9492263793945,363.0,522.0,376.0
2,1763767816.551839,547.7092175483704,363.0,538.0,387.0
2,1763767816.5862894,552.5481014251709,363.0,555.0,391.0
2,1763767816.6161113,557.2131781578064,363.0,560.0,384.0
2,1763767816.649061,562.209668636322,363.0,555.0,378.0
2,1763767816.6810222,566.9034986495972,363.0,554.0,380.0
2,1763767816.711363,571.6556220054626,363.0,559.0,375.0
2,1763767816.7464058,576.7030744552612,363.0,570.0,369.0
2,1763767816.7768652,581.2336115837097,363.0,579.0,374.0
2,1763767816.811808,588.536801815033,363.0,581.0,377.0
2,1763767816.8413749,590.8259420394897,363.0,579.0,368.0
2,1763767816.8807392,598.0851440429688,363.0,583.0,367.0
2,1763767816.9212186,602.9200582504272,363.0,587.0,368.0
2,1763767816.94679,607.740560054779,363.0,587.0,368.0
2,1763767816.976528,612.5810890197754,363.0,593.0,373.0
2,1763767817.0120804,617.2098307609558,363.0,601.0,376.0
2,1763767817.051531,624.495246887207,363.0,611.0,378.0
2,1763767817.0917451,629.3416767120361,363.0,613.0,371.0
2,1763767817.1313818,636.4728479385376,363.0,614.0,369.0
2,1763767817.1691978,641.3095502853394,363.0,609.0,367.0
2,1763767817.1919076,643.7209277153015,363.0,610.0,360.0
2,1763767817.2266757,649.1164236068726,363.0,604.0,361.0
2,1763767817.2680058,655.6865839958191,363.0,612.0,369.0
2,1763767817.2972028,660.4792623519897,363.0,618.0,368.0
2,1763767817.331809,665.2642874717712,363.0,623.0,365.0
2,1763767817.3587396,670.1213746070862,363.0,634.0,359.0
2,1763767817.3916383,674.8594431877136,363.0,639.0,367.0
2,1763767817.4387395,682.1117787361145,363.0,644.0,371.0
2,1763767817.477056,686.8557124137878,363.0,653.0,375.0
2,1763767817.5023003,691.6386632919312,363.0,695.0,379.0
2,1763767817.536275,696.5245037078857,363.0,682.0,374.0
2,1763767817.5714045,701.2451915740967,363.0,681.0,369.0
2,1763767817.60683,706.0501008033752,363.0,688.0,375.0
2,1763767817.636422,710.9150557518005,363.0,696.0,381.0
2,1763767817.6667166,715.6648187637329,363.0,701.0,376.0
2,1763767817.7068014,720.5466895103455,363.0,703.0,369.0
2,1763767817.7362475,725.6946711540222,363.0,710.0,366.0
2,1763767817.771387,732.4736504554749,363.0,715.0,364.0
2,1763767817.8168252,737.3071341514587,363.0,720.0,362.0
2,1763767817.851204,744.4461731910706,363.0,721.0,362.0
2,1763767817.8763752,746.8677072525024,363.0,728.0,364.0
2,1763767817.9110386,751.7246870994568,363.0,732.0,362.0
2,1763767817.9420483,756.4716606140137,363.0,740.0,362.0
2,1763767817.985073,763.5917453765869,363.0,742.0,371.0
2,1763767818.0171423,768.4595613479614,363.0,746.0,373.0
2,1763767818.0411382,770.8071022033691,363.0,743.0,371.0
2,1763767818.0794501,778.079071521759,363.0,747.0,366.0
2,1763767818.1212595,782.840099811554,363.0,752.0,368.0
2,1763767818.161982,790.1074557304382,363.0,757.0,372.0
2,1763767818.197013,794.9408679008484,363.0,756.0,370.0
2,1763767818.2381704,801.9903569221497,363.0,763.0,373.0
2,1763767818.2715971,806.8496613502502,363.0,768.0,382.0
2,1763767818.3191373,814.0161662101746,363.0,777.0,381.0
2,1763767818.3520598,818.890634059906,363.0,790.0,384.0
2,1763767818.3865166,823.8299398422241,363.0,806.0,385.0
2,1763767818.416044,828.5233764648438,363.0,814.0,378.0
2,1763767818.4496458,833.187201499939,363.0,810.0,376.0
2,1763767818.4792714,838.1412415504456,363.0,800.0,374.0
2,1763767818.5149982,842.8824214935303,363.0,809.0,380.0
2,1763767818.5589335,850.1375823020935,363.0,811.0,372.0
2,1763767818.6018085,854.8474340438843,363.0,809.0,371.0
2,1763767818.6261618,859.697404384613,363.0,821.0,380.0
2,1763767818.6714559,866.8336539268494,363.0,831.0,376.0
2,1763767818.7081418,872.3885445594788,363.0,833.0,377.0
2,1763767818.736049,876.4542369842529,363.0,834.0,383.0
2,1763767818.769498,881.2174825668335,363.0,837.0,381.0
2,1763767818.8011632,886.1566095352173,363.0,837.0,368.0
2,1763767818.8310115,890.9015445709229,363.0,853.0,367.0
2,1763767818.8632598,895.6070332527161,363.0,857.0,366.0
2,1763767818.8959596,900.5215554237366,363.0,847.0,364.0
2,1763767818.926848,905.1963238716125,363.0,857.0,361.0
2,1763767818.9614816,910.0548057556152,363.0,859.0,359.0
2,1763767818.996705,914.8596792221069,363.0,866.0,361.0
2,1763767819.026183,919.6743159294128,363.0,864.0,359.0
2,1763767819.0609803,924.5120196342468,363.0,867.0,365.0
2,1763767819.0962327,929.3439297676086,363.0,881.0,366.0
2,1763767819.126994,934.1061382293701,363.0,896.0,361.0
2,1763767819.1622603,939.0336422920227,363.0,904.0,362.0
2,1763767819.191901,943.699291229248,363.0,905.0,376.0
2,1763767819.2321193,950.8335380554199,363.0,897.0,369.0
2,1763767819.2696261,955.7949452400208,363.0,886.0,353.0
2,1763767819.301108,960.4775457382202,363.0,887.0,354.0
2,1763767819.3463051,967.680027961731,363.0,894.0,361.0
2,1763767819.3822067,972.4093704223633,363.0,917.0,371.0
2,1763767819.423669,979.6985416412354,363.0,924.0,371.0
2,1763767819.461334,984.5199375152588,363.0,932.0,377.0
2,1763767819.4875379,989.2647294998169,363.0,934.0,376.0
2,1763767819.5268967,994.0921335220337,363.0,937.0,375.0
2,1763767819.5617173,998.8070278167725,363.0,940.0,377.0
2,1763767819.5998538,1006.1382203102112,363.0,943.0,378.0
2,1763767819.6274521,1008.9241056442261,363.0,947.0,372.0
2,1763767819.6536956,1013.6582045555115,363.0,948.0,371.0
2,1763767819.6961718,1020.4027800559998,363.0,953.0,369.0
2,1763767819.7221494,1022.812798500061,363.0,976.0,377.0
2,1763767819.751348,1027.6264696121216,363.0,985.0,370.0
2,1763767819.7818797,1032.5119166374207,363.0,977.0,369.0
2,1763767819.81599,1037.2946887016296,363.0,989.0,373.0
2,1763767819.8518867,1044.5485978126526,363.0,997.0,381.0
2,1763767819.8811095,1046.9045786857605,363.0,1006.0,380.0
2,1763767819.920509,1053.9954810142517,363.0,1016.0,368.0
2,1763767819.960997,1058.8955550193787,363.0,1024.0,378.0
2,1763767820.0110948,1068.4298067092896,363.0,1028.0,386.0
2,1763767820.0410976,1070.8813099861145,363.0,1028.0,377.0
2,1763767820.086743,1078.1017808914185,363.0,1035.0,373.0
2,1763767820.1119354,1082.8868775367737,363.0,1053.0,377.0
2,1763767820.1427286,1087.7178220748901,363.0,1048.0,386.0
2,1763767820.1765056,1092.4959449768066,363.0,1056.0,380.0
2,1763767820.2161393,1097.192099571228,363.0,1061.0,380.0
2,1763767820.2509549,1104.4088153839111,363.0,1062.0,390.0
2,1763767820.281792,1106.9885997772217,363.0,1057.0,388.0
2,1763767820.3186924,1114.0978484153748,363.0,1060.0,386.0
2,1763767820.3540745,1118.8551573753357,363.0,1066.0,392.0
2,1763767820.400005,1126.0184435844421,363.0,1071.0,385.0
2,1763767820.441906,1130.7871251106262,363.0,1071.0,381.0
2,1763767820.478576,1138.0341320037842,363.0,1079.0,379.0
2,1763767820.5116248,1142.8655414581299,363.0,1082.0,366.0
2,1763767820.5460265,1147.6290731430054,363.0,1091.0,368.0
2,1763767820.5768564,1152.5094060897827,363.0,1098.0,377.0
2,1763767820.60714,1157.3213605880737,363.0,1108.0,378.0
2,1763767820.6400054,1162.0684413909912,363.0,1107.0,371.0
2,1763767820.6734612,1167.1482591629028,363.0,1102.0,367.0
2,1763767820.702218,1171.5869574546814,363.0,1102.0,363.0
2,1763767820.736759,1176.4501242637634,363.0,1103.0,363.0
2,1763767820.7717516,1181.297233581543,363.0,1103.0,357.0
2,1763767820.799807,1186.0961346626282,363.0,1108.0,352.0
2,1763767820.8311546,1190.8206133842468,363.0,1113.0,355.0
2,1763767820.8633387,1195.7713632583618,363.0,1120.0,369.0
2,1763767820.9066718,1200.4199175834656,363.0,1136.0,380.0
2,1763767820.94617,1207.6741127967834,363.0,1146.0,375.0
2,1763767820.970944,1212.4071745872498,363.0,1143.0,360.0
2,1763767821.0011206,1214.8581771850586,363.0,1148.0,362.0
2,1763767821.031774,1219.6786432266235,363.0,1162.0,364.0
2,1763767821.0710807,1226.8150358200073,363.0,1165.0,361.0
2,1763767821.1110687,1231.7321329116821,363.0,1177.0,356.0
2,1763767821.1419003,1236.5287809371948,363.0,1169.0,347.0
2,1763767821.1714957,1241.2988929748535,363.0,1173.0,346.0
2,1763767821.2161434,1249.1870908737183,363.0,1181.0,342.0
2,1763767821.2420573,1250.9101777076721,363.0,1195.0,345.0
2,1763767821.2813108,1257.9875974655151,363.0,1193.0,347.0
2,1763767821.3109338,1262.9032998085022,363.0,1177.0,352.0
2,1763767821.3560586,1270.1743750572205,363.0,1174.0,354.0
2,1763767821.3968017,1274.8328714370728,363.0,1176.0,359.0
2,1763767821.4242032,1279.6192197799683,363.0,1190.0,363.0
2,1763767821.4511027,1284.430995464325,363.0,1196.0,364.0
2,1763767821.48873,1289.2754225730896,363.0,1225.0,362.0
2,1763767821.5264926,1294.0191059112549,363.0,1231.0,362.0
2,1763767821.571022,1301.311424255371,363.0,1235.0,358.0
2,1763767821.612173,1308.5915474891663,363.0,1247.0,348.0
2,1763767821.6362784,1310.890522480011,363.0,1266.0,358.0
2,1763767821.66313,1315.6170754432678,363.0,1269.0,363.0
2,1763767821.711515,1322.9105024337769,363.0,1279.0,367.0
2,1763767821.7539947,1327.6702790260315,363.0,1285.0,370.0
2,1763767821.7809358,1332.5117378234863,363.0,1287.0,374.0
2,1763767821.8160465,1337.2451930046082,363.0,1279.0,380.0
2,1763767821.846059,1342.1909003257751,363.0,1273.0,384.0
2,1763767821.8763103,1346.914556503296,363.0,1285.0,381.0
2,1763767821.9063578,1351.7871289253235,363.0,1286.0,373.0
2,1763767821.9386466,1356.5174012184143,363.0,1280.0,381.0
2,1763767821.9760487,1361.2927346229553,363.0,1276.0,386.0
2,1763767822.0162563,1368.4199719429016,363.0,1277.0,389.0
2,1763767822.0517995,1373.2134728431702,363.0,1282.0,391.0
2,1763767822.080912,1378.0457406044006,363.0,1324.0,383.0
2,1763767822.1119092,1382.8793315887451,363.0,1340.0,377.0
2,1763767822.146505,1387.7118854522705,363.0,1344.0,378.0
2,1763767822.1813135,1392.4753456115723,363.0,1348.0,384.0
2,1763767822.222917,1399.7233180999756,363.0,1349.0,376.0
2,1763767822.2610345,1404.4607787132263,363.0,1358.0,368.0
2,1763767822.2920642,1409.2097907066345,363.0,1367.0,380.0
2,1763767822.3267615,1414.0311150550842,363.0,1364.0,379.0
2,1763767822.3567603,1418.95858335495,363.0,1371.0,372.0
2,1763767822.3869183,1423.603883266449,363.0,1369.0,383.0
2,1763767822.421249,1428.4431247711182,363.0,1371.0,389.0
2,1763767822.4510365,1433.2505016326904,363.0,1369.0,393.0
2,1763767822.4871242,1437.9889278411865,363.0,1340.0,387.0
2,1763767822.5209846,1442.7778511047363,363.0,1350.0,376.0
2,1763767822.5619364,1450.005581855774,363.0,1359.0,376.0
2,1763767822.586872,1452.5227813720703,363.0,1358.0,393.0
2,1763767822.6258006,1459.8836212158203,363.0,1352.0,397.0
2,1763767822.672172,1466.7900233268738,363.0,1350.0,399.0
2,1763767822.722383,1473.986247062683,363.0,1364.0,410.0
2,1763767822.7463887,1476.4620690345764,363.0,1423.0,414.0
2,1763767822.7713578,1481.277599811554,363.0,1431.0,402.0
2,1763767822.8062973,1486.046567440033,363.0,1425.0,397.0
2,1763767822.8410606,1490.9400610923767,363.0,1426.0,392.0
2,1763767822.8722012,1495.6950454711914,363.0,1435.0,404.0
2,1763767822.9014013,1500.4321126937866,363.0,1450.0,406.0
2,1763767822.9363315,1505.192747592926,363.0,1460.0,404.0
2,1763767822.966638,1509.9985508918762,363.0,1454.0,406.0
2,1763767822.996818,1514.8117928504944,363.0,1449.0,414.0
2,1763767823.0317004,1519.7219161987305,363.0,1457.0,407.0
2,1763767823.0663552,1524.5174913406372,363.0,1469.0,407.0
2,1763767823.1068923,1531.677773475647,363.0,1479.0,408.0
2,1763767823.1314437,1536.4821462631226,363.0,1475.0,414.0
2,1763767823.1724925,1541.2156729698181,363.0,1468.0,414.0
2,1763767823.1988106,1546.1241154670715,363.0,1476.0,414.0
2,1763767823.231885,1550.9173302650452,363.0,1479.0,412.0
2,1763767823.27606,1558.1746010780334,363.0,1521.0,414.0
2,1763767823.311688,1562.8119974136353,363.0,1530.0,412.0
2,1763767823.3580344,1569.9730305671692,363.0,1537.0,403.0
2,1763767823.4012485,1574.900498867035,363.0,1532.0,403.0
2,1763767823.4448605,1582.5847058296204,363.0,1530.0,407.0
2,1763767823.4766731,1586.932638168335,363.0,1544.0,401.0
2,1763767823.526375,1594.0232543945312,363.0,1551.0,396.0
2,1763767823.5610862,1598.8206176757812,363.0,1554.0,394.0
2,1763767823.6011677,1605.9950618743896,363.0,1562.0,402.0
2,1763767823.6362507,1610.8898429870605,363.0,1568.0,399.0
2,1763767823.666866,1615.6744031906128,363.0,1577.0,402.0
2,1763767823.701113,1620.391836643219,363.0,1590.0,402.0
2,1763767823.743855,1627.6441006660461,363.0,1601.0,402.0
2,1763767823.7925487,1634.861388683319,363.0,1633.0,411.0
2,1763767823.8313334,1639.649203300476,363.0,1638.0,411.0
2,1763767823.8575244,1644.4252161979675,363.0,1639.0,425.0
2,1763767823.9069688,1651.714280128479,363.0,1643.0,426.0
2,1763767823.955793,1658.8753490447998,363.0,1647.0,431.0
2,1763767823.99797,1665.9830956459045,363.0,1645.0,426.0
2,1763767824.036351,1670.8069949150085,363.0,1645.0,411.0
2,1763767824.065497,1675.5876569747925,363.0,1654.0,395.0
2,1763767824.0966766,1680.4699568748474,363.0,1652.0,404.0
2,1763767824.13903,1685.315742969513,363.0,1655.0,407.0
2,1763767824.1761863,1692.3707394599915,363.0,1659.0,406.0
2,1763767824.2239263,1699.6384530067444,363.0,1675.0,393.0
2,1763767824.2572074,1704.5262961387634,363.0,1670.0,388.0
2,1763767824.2912407,1709.1933398246765,363.0,1665.0,389.0
2,1763767824.3215306,1714.0286116600037,363.0,1672.0,384.0
2,1763767824.3516018,1718.8792972564697,363.0,1682.0,377.0
2,1763767824.3834605,1723.7567691802979,363.0,1683.0,370.0
3,1763767824.4265244,1728.5730509757996,363.0,1680.0,369.0
3,1763767824.4715803,1728.5730509757996,363.0,1692.0,384.0
3,1763767824.496039,1728.5730509757996,363.0,1687.0,397.0
3,1763767824.5361567,1728.5730509757996,363.0,1688.0,394.0
3,1763767824.5559347,1728.5730509757996,363.0,1697.0,399.0
3,1763767824.5818956,1728.5730509757996,363.0,1704.0,400.0
3,1763767824.6166556,1728.5730509757996,363.0,1706.0,398.0
3,1763767824.6460755,1728.5730509757996,363.0,1705.0,395.0
3,1763767824.6760192,1728.5730509757996,363.0,1708.0,395.0
3,1763767824.706496,1728.5730509757996,363.0,1706.0,399.0
3,1763767824.7468636,1728.5730509757996,363.0,1702.0,403.0
3,1763767824.7716305,1728.5730509757996,363.0,1697.0,407.0
3,1763767824.80602,1728.5730509757996,363.0,1703.0,399.0
3,1763767824.846728,1728.5730509757996,363.0,1704.0,400.0
3,1763767824.881109,1728.5730509757996,363.0,1708.0,398.0
3,1763767824.9165406,178.0,456.0,1610.0,404.0
3,1763767824.9485834,182.87686395645142,456.0,1213.0,442.0
3,1763767824.976017,185.26184844970703,456.0,1005.0,424.0
3,1763767825.0125182,192.40306901931763,456.0,578.0,357.0
3,1763767825.0462372,197.30450201034546,456.0,797.0,301.0
3,1763767825.0763013,202.08459186553955,456.0,269.0,423.0
3,1763767825.1086135,206.80313396453857,456.0,210.0,423.0
3,1763767825.140916,211.60196352005005,456.0,270.0,437.0
3,1763767825.1766217,216.4024739265442,456.0,225.0,460.0
3,1763767825.2111592,221.30826997756958,456.0,210.0,438.0
3,1763767825.2563334,228.47520399093628,456.0,202.0,427.0
3,1763767825.2914555,233.26434183120728,456.0,218.0,430.0
3,1763767825.3168082,238.05405187606812,456.0,227.0,437.0
3,1763767825.349109,242.90827798843384,456.0,232.0,429.0
3,1763767825.38185,247.69845294952393,456.0,234.0,430.0
3,1763767825.4167366,252.40158128738403,456.0,235.0,444.0
3,1763767825.4510522,257.2819857597351,456.0,240.0,461.0
3,1763767825.4813035,262.0656876564026,456.0,253.0,461.0
3,1763767825.5161495,266.97656202316284,456.0,311.0,463.0
3,1763767825.5519586,271.65901947021484,456.0,332.0,465.0
3,1763767825.5813537,276.53827953338623,456.0,330.0,456.0
3,1763767825.611765,281.63075733184814,456.0,338.0,452.0
3,1763767825.6572714,288.4521155357361,456.0,343.0,459.0
3,1763767825.6865053,293.24178981781006,456.0,349.0,470.0
3,1763767825.716183,298.10960578918457,456.0,356.0,476.0
3,1763767825.7488835,302.8681664466858,456.0,366.0,471.0
3,1763767825.7812562,307.70433235168457,456.0,371.0,469.0
3,1763767825.8166113,312.43024158477783,456.0,362.0,471.0
3,1763767825.85093,317.23182487487793,456.0,361.0,470.0
3,1763767825.885966,322.00447607040405,456.0,364.0,467.0
3,1763767825.9210029,329.3368487358093,456.0,371.0,467.0
3,1763767825.9577432,334.0104727745056,456.0,378.0,457.0
3,1763767825.9968104,338.8669877052307,456.0,378.0,452.0
3,1763767826.0403118,346.11574697494507,456.0,370.0,457.0
3,1763767826.0713065,350.89193868637085,456.0,367.0,463.0
3,1763767826.1008794,355.66709327697754,456.0,385.0,458.0
3,1763767826.132693,360.46216773986816,456.0,396.0,458.0
3,1763767826.165921,365.2481942176819,456.0,403.0,459.0
3,1763767826.2008276,370.16482639312744,456.0,412.0,462.0
3,1763767826.2436173,377.23269748687744,456.0,406.0,456.0
3,1763767826.2816615,382.0937542915344,456.0,408.0,453.0
3,1763767826.309259,386.88839960098267,456.0,421.0,460.0
3,1763767826.3416097,391.7385129928589,456.0,425.0,456.0
3,1763767826.375951,396.53705644607544,456.0,435.0,464.0
3,1763767826.4065084,401.3117461204529,456.0,447.0,464.0
3,1763767826.4376605,406.1307101249695,456.0,454.0,452.0
3,1763767826.4710617,410.9236388206482,456.0,460.0,442.0
3,1763767826.5009506,415.5990152359009,456.0,455.0,444.0
3,1763767826.5324304,420.452597618103,456.0,457.0,446.0
3,1763767826.5663674,425.32431173324585,456.0,447.0,460.0
3,1763767826.612709,432.4903516769409,456.0,468.0,460.0
3,1763767826.6508386,437.3343138694763,456.0,475.0,460.0
3,1763767826.6761067,442.11218643188477,456.0,479.0,469.0
3,1763767826.7086413,446.83559226989746,456.0,485.0,474.0
3,1763767826.7416637,451.59890937805176,456.0,494.0,476.0
3,1763767826.7760606,456.5282373428345,456.0,499.0,470.0
3,1763767826.8065026,461.2732081413269,456.0,505.0,458.0
3,1763767826.8421652,466.062059879303,456.0,506.0,457.0
3,1763767826.8740554,470.9347038269043,456.0,534.0,464.0
3,1763767826.9066548,475.6593613624573,456.0,528.0,465.0
3,1763767826.9367583,480.50993967056274,456.0,523.0,451.0
3,1763767826.9714572,485.2566628456116,456.0,530.0,447.0
3,1763767826.99628,490.1634602546692,456.0,540.0,444.0
3,1763767827.0359166,494.94648265838623,456.0,549.0,445.0
3,1763767827.0717409,499.6218590736389,456.0,551.0,448.0
3,1763767827.111327,506.8384675979614,456.0,557.0,464.0
3,1763767827.156684,514.0617280006409,456.0,552.0,464.0
3,1763767827.1917799,518.9480333328247,456.0,549.0,451.0
3,1763767827.2213085,523.7304120063782,456.0,532.0,453.0
3,1763767827.255637,528.4234194755554,456.0,538.0,459.0
3,1763767827.2917082,533.3284287452698,456.0,546.0,461.0
3,1763767827.3214035,538.0678563117981,456.0,542.0,458.0
3,1763767827.3511674,542.8994445800781,456.0,546.0,464.0
3,1763767827.3866453,547.715404510498,456.0,552.0,467.0
3,1763767827.4290016,554.8769383430481,456.0,559.0,464.0
3,1763767827.4732828,559.6936492919922,456.0,559.0,453.0
3,1763767827.4927073,564.4919424057007,456.0,576.0,467.0
3,1763767827.5263379,569.3792848587036,456.0,581.0,466.0
3,1763767827.5565336,574.0864186286926,456.0,592.0,465.0
3,1763767827.5893664,578.9505152702332,456.0,591.0,462.0
3,1763767827.621294,583.6724905967712,456.0,587.0,470.0
3,1763767827.6581016,588.497784614563,456.0,588.0,477.0
3,1763767827.6865666,593.1952266693115,456.0,585.0,470.0
3,1763767827.721239,598.0695872306824,456.0,591.0,469.0
3,1763767827.7559116,602.8723149299622,456.0,604.0,472.0
3,1763767827.7919948,607.6339511871338,456.0,616.0,469.0
3,1763767827.8273733,614.8007779121399,456.0,618.0,463.0
3,1763767827.856718,617.3608927726746,456.0,617.0,464.0
3,1763767827.9014711,624.4761137962341,456.0,626.0,463.0
3,1763767827.9368424,629.276159286499,456.0,643.0,457.0
3,1763767827.9711566,636.4070801734924,456.0,647.0,463.0
3,1763767828.0014884,641.409686088562,456.0,642.0,461.0
3,1763767828.0460033,646.0777668952942,456.0,646.0,450.0
3,1763767828.0837944,653.2948045730591,456.0,644.0,440.0
3,1763767828.1119378,655.5960326194763,456.0,646.0,433.0
3,1763767828.147764,662.8882079124451,456.0,657.0,433.0
3,1763767828.1767182,665.3562693595886,456.0,671.0,440.0
3,1763767828.2137954,672.4426655769348,456.0,659.0,444.0
3,1763767828.2611911,679.6155004501343,456.0,664.0,444.0
3,1763767828.3007796,684.4600706100464,456.0,680.0,445.0
3,1763767828.3434007,691.6557579040527,456.0,688.0,443.0
3,1763767828.371494,696.445611000061,456.0,688.0,442.0
3,1763767828.4008632,701.3158946037292,456.0,690.0,434.0
3,1763767828.4364703,705.989661693573,456.0,688.0,434.0
3,1763767828.4708002,710.9060792922974,456.0,691.0,434.0
3,1763767828.5013692,715.7203941345215,456.0,695.0,445.0
3,1763767828.5317638,720.4757719039917,456.0,698.0,448.0
3,1763767828.5712075,725.3760604858398,456.0,704.0,452.0
3,1763767828.6008098,730.1763920783997,456.0,712.0,460.0
3,1763767828.6365843,734.8572402000427,456.0,707.0,455.0
3,1763767828.6718097,739.6093993186951,456.0,703.0,452.0
3,1763767828.7020307,744.4644837379456,456.0,718.0,448.0
3,1763767828.736327,749.2989330291748,456.0,725.0,455.0
3,1763767828.765817,754.0565638542175,456.0,736.0,456.0
3,1763767828.8038874,761.2803606987,456.0,736.0,453.0
3,1763767828.831823,763.6943488121033,456.0,742.0,450.0
3,1763767828.8838274,773.2648639678955,456.0,741.0,443.0
3,1763767828.9210377,778.0752806663513,456.0,743.0,437.0
3,1763767828.9487472,782.8630595207214,456.0,760.0,434.0
3,1763767828.9759216,785.1935057640076,456.0,769.0,440.0
3,1763767829.0057921,790.0933294296265,456.0,773.0,440.0
3,1763767829.036176,794.8097972869873,456.0,777.0,445.0
3,1763767829.071686,799.7162370681763,456.0,776.0,443.0
3,1763767829.1013896,804.4041662216187,456.0,776.0,446.0
3,1763767829.156381,814.0179543495178,456.0,784.0,441.0
3,1763767829.1961174,818.8306956291199,456.0,789.0,437.0
3,1763767829.226077,823.6940054893494,456.0,800.0,429.0
3,1763767829.2558775,828.5025625228882,456.0,806.0,430.0
3,1763767829.2860959,833.3544998168945,456.0,812.0,435.0
3,1763767829.3261156,838.0264072418213,456.0,806.0,436.0
3,1763767829.3709998,845.2290325164795,456.0,812.0,431.0
3,1763767829.4119601,852.5134830474854,456.0,818.0,435.0
3,1763767829.4451027,857.2855978012085,456.0,829.0,440.0
3,1763767829.470944,859.7206144332886,456.0,845.0,434.0
3,1763767829.5079198,866.8979196548462,456.0,851.0,429.0
3,1763767829.5365655,869.2472486495972,456.0,850.0,429.0
3,1763767829.5660272,874.1161732673645,456.0,853.0,429.0
3,1763767829.6167114,881.2305717468262,456.0,853.0,430.0
3,1763767829.652529,888.4049444198608,456.0,846.0,445.0
3,1763767829.6836329,893.2459383010864,456.0,855.0,452.0
3,1763767829.7115424,895.621374130249,456.0,868.0,449.0
3,1763767829.7481017,902.7912049293518,456.0,882.0,447.0
3,1763767829.7761624,905.302074432373,456.0,893.0,452.0
3,1763767829.806388,910.1256160736084,456.0,895.0,460.0
3,1763767829.8360758,914.9128584861755,456.0,891.0,455.0
3,1763767829.8716018,919.6325449943542,456.0,886.0,446.0
3,1763767829.9014957,924.6712713241577,456.0,884.0,444.0
3,1763767829.9360402,929.3361692428589,456.0,890.0,446.0
3,1763767829.9724991,936.55313539505,456.0,919.0,445.0
3,1763767830.003514,941.2142066955566,456.0,936.0,440.0
3,1763767830.0366526,946.0657505989075,456.0,941.0,433.0
3,1763767830.069073,950.9377150535583,456.0,935.0,436.0
3,1763767830.1063828,955.648138999939,456.0,934.0,436.0
3,1763767830.141863,960.4759006500244,456.0,927.0,441.0
3,1763767830.1718867,965.2484087944031,456.0,932.0,442.0
3,1763767830.2015753,970.0504212379456,456.0,943.0,451.0
3,1763767830.2362094,974.8832612037659,456.0,949.0,454.0
3,1763767830.2712588,979.708734035492,456.0,950.0,456.0
3,1763767830.307819,986.8106155395508,456.0,950.0,454.0
3,1763767830.3449728,991.7169480323792,456.0,956.0,445.0
3,1763767830.3763943,996.4498310089111,456.0,955.0,438.0
3,1763767830.406455,1001.3512282371521,456.0,956.0,446.0
3,1763767830.4535315,1008.5289626121521,456.0,958.0,454.0
3,1763767830.4953678,1013.341203212738,456.0,957.0,454.0
3,1763767830.5371935,1020.4553513526917,456.0,965.0,468.0
3,1763767830.565821,1025.2471714019775,456.0,965.0,469.0
3,1763767830.5965004,1030.033519744873,456.0,972.0,460.0
3,1763767830.627007,1034.788682937622,456.0,979.0,455.0
3,1763767830.6559691,1037.2097520828247,456.0,974.0,449.0
3,1763767830.708478,1046.8596963882446,456.0,969.0,449.0
3,1763767830.7505057,1051.751723766327,456.0,970.0,453.0
3,1763767830.781536,1056.5202264785767,456.0,987.0,451.0
3,1763767830.8167982,1061.2742094993591,456.0,1002.0,452.0
3,1763767830.8466496,1066.0761861801147,456.0,1006.0,461.0
3,1763767830.8833287,1073.1984167099,456.0,1009.0,457.0
3,1763767830.9107356,1075.710359096527,456.0,1021.0,452.0
3,1763767830.946868,1082.8371315002441,456.0,1037.0,442.0
3,1763767830.976407,1085.3094129562378,456.0,1048.0,439.0
3,1763767831.006318,1090.1352076530457,456.0,1052.0,441.0
3,1763767831.0410204,1097.3394780158997,456.0,1052.0,442.0
3,1763767831.071552,1099.718454360962,456.0,1049.0,436.0
3,1763767831.1164434,1106.8703322410583,456.0,1059.0,435.0
3,1763767831.151096,1111.7363958358765,456.0,1064.0,444.0
3,1763767831.1886077,1118.8554792404175,456.0,1070.0,455.0
3,1763767831.2268362,1123.619010925293,456.0,1075.0,463.0
3,1763767831.2521656,1128.4998803138733,456.0,1072.0,456.0
3,1763767831.2860982,1133.264163017273,456.0,1071.0,447.0
3,1763767831.3215764,1138.0104570388794,456.0,1079.0,448.0
3,1763767831.3561234,1142.7992014884949,456.0,1079.0,446.0
3,1763767831.4013402,1150.117519378662,456.0,1092.0,450.0
3,1763767831.4362938,1154.8803715705872,456.0,1105.0,447.0
3,1763767831.476666,1162.0376138687134,456.0,1117.0,445.0
3,1763767831.51576,1166.9217376708984,456.0,1100.0,452.0
3,1763767831.5515282,1171.663203716278,456.0,1101.0,453.0
3,1763767831.590781,1178.8047461509705,456.0,1116.0,456.0
3,1763767831.6316564,1183.660331249237,456.0,1112.0,457.0
3,1763767831.661004,1188.4029059410095,456.0,1113.0,460.0
3,1763767831.6909866,1193.5204892158508,456.0,1116.0,471.0
3,1763767831.7310047,1200.46994972229,456.0,1121.0,476.0
3,1763767831.764541,1205.1905660629272,456.0,1134.0,468.0
3,1763767831.791051,1207.6654224395752,456.0,1142.0,464.0
3,1763767831.821621,1212.386968612671,456.0,1141.0,463.0
3,1763767831.8558583,1217.1850113868713,456.0,1144.0,460.0
3,1763767831.8965242,1224.4850902557373,456.0,1150.0,461.0
3,1763767831.930901,1229.2135028839111,456.0,1149.0,458.0
3,1763767831.9573212,1234.133246421814,456.0,1166.0,470.0
3,1763767831.991313,1238.8766436576843,456.0,1168.0,469.0
3,1763767832.0213368,1243.7211780548096,456.0,1173.0,470.0
3,1763767832.0519443,1248.3880071640015,456.0,1173.0,473.0
3,1763767832.0962229,1253.249171257019,456.0,1174.0,479.0
3,1763767832.1208944,1257.9903512001038,456.0,1168.0,477.0
3,1763767832.1566637,1262.988522529602,456.0,1172.0,481.0
3,1763767832.1908581,1267.6714806556702,456.0,1176.0,483.0
3,1763767832.2212026,1272.5384740829468,456.0,1188.0,476.0
3,1763767832.2566228,1277.2364883422852,456.0,1173.0,474.0
3,1763767832.2919571,1284.381106376648,456.0,1207.0,492.0
3,1763767832.324404,1289.1852645874023,456.0,1205.0,480.0
3,1763767832.355847,1294.0401701927185,456.0,1212.0,482.0
3,1763767832.3895917,1298.95308303833,456.0,1214.0,481.0
3,1763767832.4212847,1303.7099628448486,456.0,1215.0,479.0
3,1763767832.4534295,1308.5550336837769,456.0,1225.0,477.0
3,1763767832.4862304,1313.318100452423,456.0,1238.0,476.0
3,1763767832.532753,1318.0304198265076,456.0,1251.0,473.0
3,1763767832.556351,1322.838833808899,456.0,1260.0,466.0
3,1763767832.591256,1327.8437285423279,456.0,1261.0,455.0
3,1763767832.621501,1332.395830631256,456.0,1258.0,455.0
3,1763767832.6619925,1339.640977859497,456.0,1253.0,466.0
3,1763767832.7006838,1344.4679169654846,456.0,1270.0,481.0
3,1763767832.742407,1351.6913919448853,456.0,1276.0,490.0
3,1763767832.7885315,1358.7912707328796,456.0,1271.0,488.0
3,1763767832.8126066,1361.2536101341248,456.0,1279.0,491.0
3,1763767832.841635,1366.0590558052063,456.0,1295.0,494.0
3,1763767832.8759634,1370.8176879882812,456.0,1308.0,485.0
3,1763767832.9067256,1375.6871132850647,456.0,1317.0,483.0
3,1763767832.9518764,1382.7948598861694,456.0,1324.0,485.0
3,1763767832.9927952,1387.7304463386536,456.0,1297.0,488.0
3,1763767833.0273495,1394.8168425559998,456.0,1298.0,483.0
3,1763767833.066431,1399.6058015823364,456.0,1303.0,477.0
3,1763767833.091963,1404.3814210891724,456.0,1316.0,477.0
3,1763767833.1160562,1406.9624214172363,456.0,1323.0,493.0
3,1763767833.1508965,1411.7059259414673,456.0,1342.0,494.0
3,1763767833.191285,1418.8413171768188,456.0,1360.0,491.0
3,1763767833.221237,1423.7128524780273,456.0,1363.0,478.0
3,1763767833.2558455,1428.4083275794983,456.0,1358.0,491.0
3,1763767833.2858229,1433.3434133529663,456.0,1350.0,514.0
3,1763767833.3207967,1437.986424446106,456.0,1354.0,527.0
3,1763767833.355798,1442.8714423179626,456.0,1358.0,530.0
3,1763767833.3909626,1447.679605960846,456.0,1365.0,527.0
3,1763767833.4209597,1452.5733499526978,456.0,1381.0,519.0
3,1763767833.456063,1457.5519948005676,456.0,1389.0,510.0
3,1763767833.486721,1462.0444445610046,456.0,1398.0,502.0
3,1763767833.5240443,1469.2789702415466,456.0,1404.0,493.0
3,1763767833.5572314,1474.1111664772034,456.0,1399.0,503.0
3,1763767833.6041996,1481.202998638153,456.0,1386.0,518.0
3,1763767833.64459,1486.0037593841553,456.0,1426.0,504.0
3,1763767833.6822295,1493.200662612915,456.0,1440.0,494.0
3,1763767833.7208471,1498.0003147125244,456.0,1435.0,494.0
3,1763767833.7484403,1502.802577495575,456.0,1445.0,493.0
3,1763767833.7856884,1507.693067073822,456.0,1449.0,490.0
3,1763767833.8455334,1518.0164246559143,456.0,1448.0,490.0
3,1763767833.8709657,1519.6862607002258,456.0,1466.0,496.0
3,1763767833.9160311,1526.828125,456.0,1495.0,493.0
3,1763767833.9513495,1531.699266910553,456.0,1503.0,491.0
3,1763767833.98714,1538.7878804206848,456.0,1518.0,489.0
3,1763767834.0163684,1541.2776141166687,456.0,1524.0,494.0
3,1763767834.0460386,1546.0832743644714,456.0,1527.0,493.0
3,1763767834.076811,1550.836148738861,456.0,1524.0,491.0
3,1763767834.110686,1555.6257872581482,456.0,1525.0,484.0
3,1763767834.1406798,1560.485020160675,456.0,1527.0,482.0
3,1763767834.1764112,1565.2498035430908,456.0,1530.0,483.0
3,1763767834.2064323,1569.976821422577,456.0,1532.0,490.0
3,1763767834.2470257,1577.1954326629639,456.0,1534.0,476.0
3,1763767834.2715316,1579.6270875930786,456.0,1538.0,460.0
3,1763767834.3077674,1586.827531337738,456.0,1539.0,449.0
3,1763767834.3359008,1589.312472820282,456.0,1545.0,453.0
3,1763767834.3762836,1596.3865308761597,456.0,1551.0,462.0
3,1763767834.406678,1601.239004611969,456.0,1575.0,479.0
3,1763767834.4371147,1606.1104683876038,456.0,1586.0,476.0
3,1763767834.4759326,1610.8694224357605,456.0,1587.0,477.0
3,1763767834.5066261,1615.7104878425598,456.0,1587.0,482.0
3,1763767834.5413096,1620.4945831298828,456.0,1593.0,484.0
3,1763767834.5763516,1625.2814679145813,456.0,1600.0,483.0
3,1763767834.6150832,1632.4843077659607,456.0,1597.0,482.0
3,1763767834.6460407,1637.2137932777405,456.0,1601.0,483.0
3,1763767834.6712735,1639.6860747337341,456.0,1610.0,482.0
3,1763767834.7075107,1646.8424944877625,456.0,1624.0,491.0
3,1763767834.7360044,1649.2371349334717,456.0,1627.0,499.0
3,1763767834.7656734,1654.0174751281738,456.0,1635.0,504.0
3,1763767834.7959456,1658.8294296264648,456.0,1673.0,505.0
3,1763767834.8359017,1666.0698204040527,456.0,1682.0,497.0
3,1763767834.8704379,1670.8282380104065,456.0,1682.0,487.0
3,1763767834.9059331,1675.6557850837708,456.0,1681.0,483.0
3,1763767834.9497523,1682.901146888733,456.0,1684.0,491.0
3,1763767834.9856904,1687.7370624542236,456.0,1684.0,509.0
3,1763767835.0128546,1692.4638299942017,456.0,1684.0,511.0
3,1763767835.0446053,1697.2787170410156,456.0,1679.0,509.0
3,1763767835.0771942,1702.1119146347046,456.0,1681.0,514.0
3,1763767835.1091957,1706.9438605308533,456.0,1688.0,520.0
3,1763767835.140929,1711.6573600769043,456.0,1686.0,522.0
3,1763767835.1719635,1716.3825182914734,456.0,1684.0,523.0
3,1763767835.2066357,1721.351149559021,456.0,1685.0,535.0
4,1763767835.2414608,1726.0762362480164,456.0,1686.0,535.0
4,1763767835.2717655,1726.0762362480164,456.0,1691.0,526.0
4,1763767835.3158793,1726.0762362480164,456.0,1689.0,513.0
4,1763767835.3519726,1726.0762362480164,456.0,1684.0,509.0
4,1763767835.3763816,1726.0762362480164,456.0,1689.0,513.0
4,1763767835.4058852,1726.0762362480164,456.0,1692.0,514.0
4,1763767835.4311383,1726.0762362480164,456.0,1691.0,507.0
4,1763767835.4608119,1726.0762362480164,456.0,1695.0,506.0
4,1763767835.4962125,1726.0762362480164,456.0,1700.0,514.0
4,1763767835.5256314,1726.0762362480164,456.0,1703.0,517.0
4,1763767835.566489,1726.0762362480164,456.0,1629.0,541.0
4,1763767835.5963936,1726.0762362480164,456.0,1372.0,509.0
4,1763767835.6365573,1726.0762362480164,456.0,1573.0,1035.0
4,1763767835.6610398,1726.0762362480164,456.0,1241.0,847.0
4,1763767835.6967375,1726.0762362480164,456.0,423.0,545.0
4,1763767835.7306602,1726.0762362480164,456.0,288.0,536.0
4,1763767835.7757068,182.80877161026,549.0,323.0,555.0
4,1763767835.7961435,185.28377103805542,549.0,284.0,552.0
4,1763767835.8360052,192.4185185432434,549.0,269.0,544.0
4,1763767835.865962,197.36426162719727,549.0,277.0,541.0
4,1763767835.9002619,202.11341667175293,549.0,278.0,537.0
4,1763767835.9362214,206.83535623550415,549.0,274.0,546.0
4,1763767835.961603,211.6984157562256,549.0,274.0,547.0
4,1763767836.014995,218.80240726470947,549.0,276.0,545.0
4,1763767836.0513127,223.69207429885864,549.0,286.0,536.0
4,1763767836.08909,230.83923149108887,549.0,287.0,547.0
4,1763767836.126192,235.69352912902832,549.0,291.0,545.0
4,1763767836.161279,240.42369413375854,549.0,296.0,530.0
4,1763767836.1912997,245.21447706222534,549.0,310.0,527.0
4,1763767836.2265646,250.02260494232178,549.0,318.0,528.0
4,1763767836.26069,254.87386274337769,549.0,320.0,531.0
4,1763767836.2914476,259.6723704338074,549.0,315.0,544.0
4,1763767836.3255954,266.94033432006836,549.0,322.0,552.0
4,1763767836.3611312,271.77070665359497,549.0,341.0,544.0
4,1763767836.392632,276.5392451286316,549.0,339.0,551.0
4,1763767836.4267244,281.308641910553,549.0,340.0,559.0
4,1763767836.4612677,286.12785625457764,549.0,343.0,557.0
4,1763767836.4959953,290.83860206604004,549.0,350.0,563.0
4,1763767836.5311594,295.6053524017334,549.0,356.0,561.0
4,1763767836.5610197,300.52323627471924,549.0,377.0,551.0
4,1763767836.5965588,305.2010803222656,549.0,384.0,557.0
4,1763767836.6257608,310.0562720298767,549.0,376.0,562.0
4,1763767836.660849,314.9803786277771,549.0,372.0,556.0
4,1763767836.6913936,319.7998790740967,549.0,380.0,547.0
4,1763767836.7311058,326.83867502212524,549.0,414.0,546.0
4,1763767836.7613525,331.66196632385254,549.0,413.0,527.0
4,1763767836.786015,334.18896484375,549.0,407.0,519.0
4,1763767836.8164558,338.9184503555298,549.0,401.0,520.0
4,1763767836.8507812,343.63570499420166,549.0,402.0,532.0
4,1763767836.8901284,350.8169083595276,549.0,405.0,541.0
4,1763767836.916721,353.32795667648315,549.0,415.0,544.0
4,1763767836.946056,358.0846219062805,549.0,424.0,543.0
4,1763767836.9766972,362.8540186882019,549.0,410.0,536.0
4,1763767837.011185,367.8580551147461,549.0,406.0,536.0
4,1763767837.0408351,372.4414496421814,549.0,408.0,533.0
4,1763767837.0763934,377.2684245109558,549.0,415.0,524.0
4,1763767837.1156056,384.416654586792,549.0,421.0,529.0
4,1763767837.155911,389.30324602127075,549.0,427.0,542.0
4,1763767837.2010803,396.4386372566223,549.0,427.0,540.0
4,1763767837.2423298,403.6736993789673,549.0,438.0,543.0
4,1763767837.2761755,408.51759004592896,549.0,472.0,550.0
4,1763767837.3115141,413.2591633796692,549.0,457.0,555.0
4,1763767837.3465972,418.01747369766235,549.0,483.0,552.0
4,1763767837.3734832,422.99011039733887,549.0,488.0,540.0
4,1763767837.417764,430.11241245269775,549.0,480.0,537.0
4,1763767837.441356,432.44217920303345,549.0,488.0,532.0
4,1763767837.4764636,437.22287702560425,549.0,496.0,533.0
4,1763767837.5213413,444.4711356163025,549.0,502.0,527.0
4,1763767837.5620472,451.73316287994385,549.0,498.0,520.0
4,1763767837.5937848,456.57165336608887,549.0,490.0,524.0
4,1763767837.6311266,461.19692611694336,549.0,481.0,534.0
4,1763767837.6613336,466.1209969520569,549.0,496.0,536.0
4,1763767837.691842,470.8376078605652,549.0,495.0,532.0
4,1763767837.725827,475.6096510887146,549.0,488.0,525.0
4,1763767837.7707589,482.88215684890747,549.0,490.0,515.0
4,1763767837.81148,487.6707582473755,549.0,497.0,517.0
4,1763767837.8370285,493.0388240814209,549.0,503.0,516.0
4,1763767837.8716028,497.28372383117676,549.0,515.0,524.0
4,1763767837.8968365,502.13405179977417,549.0,523.0,527.0
4,1763767837.9307342,506.8614273071289,549.0,525.0,523.0
4,1763767837.961213,511.60661268234253,549.0,528.0,522.0
4,1763767837.9939067,516.5374784469604,549.0,536.0,529.0
4,1763767838.0256956,521.3035850524902,549.0,539.0,527.0
4,1763767838.0615377,526.033607006073,549.0,540.0,525.0
4,1763767838.0967789,530.8958797454834,549.0,538.0,518.0
4,1763767838.125641,535.6390624046326,549.0,546.0,518.0
4,1763767838.1613748,540.4115347862244,549.0,550.0,531.0
4,1763767838.191088,545.2718405723572,549.0,548.0,533.0
4,1763767838.2265227,550.1036791801453,549.0,557.0,535.0
4,1763767838.2685513,557.277765750885,549.0,569.0,536.0
4,1763767838.3211293,564.4400863647461,549.0,577.0,543.0
4,1763767838.3508863,569.2439227104187,549.0,583.0,553.0
4,1763767838.3862445,574.099579334259,549.0,582.0,559.0
4,1763767838.4158366,578.870406627655,549.0,585.0,547.0
4,1763767838.4456737,583.6446671485901,549.0,589.0,533.0
4,1763767838.4809237,588.5810761451721,549.0,591.0,530.0
4,1763767838.5115995,593.2693629264832,549.0,590.0,529.0
4,1763767838.5411735,598.191752910614,549.0,586.0,539.0
4,1763767838.580691,602.9427676200867,549.0,596.0,536.0
4,1763767838.6114397,607.7935962677002,549.0,603.0,526.0
4,1763767838.651488,614.9943618774414,549.0,602.0,524.0
4,1763767838.6813784,619.6458129882812,549.0,606.0,524.0
4,1763767838.7134824,624.4816570281982,549.0,612.0,526.0
4,1763767838.7516336,629.3583779335022,549.0,619.0,543.0
4,1763767838.7812488,634.142258644104,549.0,626.0,561.0
4,1763767838.8113527,638.9385848045349,549.0,633.0,556.0
4,1763767838.8516934,643.7435655593872,549.0,646.0,547.0
4,1763767838.8901484,650.8891134262085,549.0,650.0,535.0
4,1763767838.916484,653.3036379814148,549.0,647.0,529.0
4,1763767838.952565,660.4706077575684,549.0,648.0,528.0
4,1763767838.981388,662.9427819252014,549.0,648.0,534.0
4,1763767839.0213122,670.0573234558105,549.0,642.0,528.0
4,1763767839.0658598,677.2019057273865,549.0,649.0,522.0
4,1763767839.096951,682.0217638015747,549.0,686.0,525.0
4,1763767839.130878,686.944046497345,549.0,686.0,526.0
4,1763767839.1611135,691.6679887771606,549.0,694.0,525.0
4,1763767839.1919065,696.4181451797485,549.0,706.0,531.0
4,1763767839.2260695,701.1917977333069,549.0,711.0,530.0
4,1763767839.2566128,705.9945254325867,549.0,716.0,528.0
4,1763767839.290674,710.8596234321594,549.0,720.0,521.0
4,1763767839.3232512,715.776255607605,549.0,720.0,525.0
4,1763767839.3699787,722.9049592018127,549.0,714.0,531.0
4,1763767839.4183686,730.1943807601929,549.0,715.0,528.0
4,1763767839.4557266,734.9494724273682,549.0,726.0,523.0
4,1763767839.4812632,739.7664337158203,549.0,742.0,529.0
4,1763767839.515833,744.4727091789246,549.0,751.0,535.0
4,1763767839.5615823,751.6992955207825,549.0,753.0,547.0
4,1763767839.6007035,756.531277179718,549.0,756.0,551.0
4,1763767839.6310754,761.2360148429871,549.0,742.0,546.0
4,1763767839.6610663,765.9899263381958,549.0,749.0,543.0
4,1763767839.6964915,770.7947640419006,549.0,746.0,542.0
4,1763767839.726575,775.6718783378601,549.0,741.0,540.0
4,1763767839.7607923,780.4134159088135,549.0,739.0,542.0
4,1763767839.7963083,785.2472214698792,549.0,747.0,554.0
4,1763767839.8350334,792.5320296287537,549.0,756.0,562.0
4,1763767839.865949,797.2695617675781,549.0,756.0,565.0
4,1763767839.8915827,799.6265797615051,549.0,755.0,560.0
4,1763767839.9216774,804.5335917472839,549.0,763.0,561.0
4,1763767839.9564219,809.3096046447754,549.0,771.0,565.0
4,1763767839.9922974,816.4374856948853,549.0,779.0,566.0
4,1763767840.0216384,818.986156463623,549.0,777.0,567.0
4,1763767840.0512583,823.7337021827698,549.0,776.0,558.0
4,1763767840.1014807,830.9552817344666,549.0,787.0,557.0
4,1763767840.135938,838.0106358528137,549.0,793.0,558.0
4,1763767840.1655898,842.9394989013672,549.0,798.0,570.0
4,1763767840.2217233,850.1311450004578,549.0,799.0,564.0
4,1763767840.27585,857.3776869773865,549.0,799.0,565.0
4,1763767840.3066628,862.0240240097046,549.0,816.0,567.0
4,1763767840.336641,866.9743804931641,549.0,828.0,566.0
4,1763767840.3713508,871.6478972434998,549.0,838.0,564.0
4,1763767840.4012785,876.5564470291138,549.0,842.0,555.0
4,1763767840.4314203,881.2173752784729,549.0,851.0,553.0
4,1763767840.474588,888.4644179344177,549.0,857.0,551.0
4,1763767840.51139,893.2700424194336,549.0,857.0,557.0
4,1763767840.5514896,900.4460601806641,549.0,871.0,560.0
4,1763767840.5809245,902.9078631401062,549.0,864.0,570.0
4,1763767840.6107452,907.5972943305969,549.0,857.0,575.0
4,1763767840.6477187,914.7942690849304,549.0,865.0,575.0
4,1763767840.680799,919.6144490242004,549.0,869.0,572.0
4,1763767840.7136548,924.5402364730835,549.0,868.0,568.0
4,1763767840.755746,929.2254476547241,549.0,862.0,571.0
4,1763767840.7958987,936.4430932998657,549.0,863.0,577.0
4,1763767840.8185399,938.936689376831,549.0,884.0,571.0
4,1763767840.850723,943.7006144523621,549.0,886.0,568.0
4,1763767840.8808737,948.5452919006348,549.0,890.0,573.0
4,1763767840.9167938,953.2804636955261,549.0,898.0,574.0
4,1763767840.9548304,960.4763298034668,549.0,906.0,575.0
4,1763767840.9964612,965.2890710830688,549.0,916.0,574.0
4,1763767841.0210595,970.1385407447815,549.0,918.0,560.0
4,1763767841.0555363,974.8587636947632,549.0,916.0,558.0
4,1763767841.0860088,979.5959739685059,549.0,925.0,566.0
4,1763767841.1301625,986.9235544204712,549.0,926.0,573.0
4,1763767841.1555352,989.2658381462097,549.0,928.0,560.0
4,1763767841.1862085,994.1402344703674,549.0,927.0,554.0
4,1763767841.221542,998.7962989807129,549.0,928.0,566.0
4,1763767841.2517781,1003.7023453712463,549.0,934.0,578.0
4,1763767841.281712,1008.4981350898743,549.0,948.0,577.0
4,1763767841.311161,1013.2182865142822,549.0,955.0,574.0
4,1763767841.3459585,1018.0129318237305,549.0,958.0,573.0
4,1763767841.3763087,1022.9500918388367,549.0,969.0,569.0
4,1763767841.4059823,1027.6951341629028,549.0,972.0,560.0
4,1763767841.441014,1032.4668555259705,549.0,974.0,565.0
4,1763767841.4712808,1037.2538118362427,549.0,975.0,552.0
4,1763767841.5056102,1042.1335368156433,549.0,977.0,551.0
4,1763767841.5357454,1046.8664197921753,549.0,975.0,559.0
4,1763767841.5790353,1054.117718219757,549.0,979.0,566.0
4,1763767841.6208634,1058.8287501335144,549.0,987.0,566.0
4,1763767841.6608324,1066.1083726882935,549.0,993.0,557.0
4,1763767841.695755,1070.9255843162537,549.0,999.0,549.0
4,1763767841.7312899,1075.625744342804,549.0,1013.0,549.0
4,1763767841.7733376,1082.8815846443176,549.0,1017.0,554.0
4,1763767841.8015273,1087.6288084983826,549.0,1014.0,551.0
4,1763767841.8336089,1092.5346403121948,549.0,1028.0,557.0
4,1763767841.8662412,1097.2253947257996,549.0,1038.0,571.0
4,1763767841.9012613,1102.1237878799438,549.0,1047.0,581.0
4,1763767841.9366622,1106.8793087005615,549.0,1049.0,571.0
4,1763767841.9658182,1111.7141513824463,549.0,1049.0,565.0
4,1763767841.9961915,1116.568091392517,549.0,1054.0,563.0
4,1763767842.0312557,1121.2918906211853,549.0,1060.0,561.0
4,1763767842.0662906,1126.1236577033997,549.0,1073.0,565.0
4,1763767842.101152,1131.248393535614,549.0,1076.0,577.0
4,1763767842.1378193,1138.114026069641,549.0,1069.0,579.0
4,1763767842.1655061,1142.9269461631775,549.0,1069.0,580.0
4,1763767842.2013268,1147.7527050971985,549.0,1069.0,574.0
4,1763767842.240939,1152.5099782943726,549.0,1062.0,571.0
4,1763767842.2666664,1157.2542695999146,549.0,1075.0,565.0
4,1763767842.3007584,1162.0088248252869,549.0,1094.0,562.0
4,1763767842.336619,1166.917589187622,549.0,1104.0,556.0
4,1763767842.3659072,1171.592929840088,549.0,1111.0,550.0
4,1763767842.4004755,1176.514461517334,549.0,1130.0,557.0
4,1763767842.4312418,1181.3252358436584,549.0,1136.0,565.0
4,1763767842.4728122,1188.4212880134583,549.0,1143.0,569.0
4,1763767842.501179,1190.8025889396667,549.0,1145.0,573.0
4,1763767842.536756,1198.0120449066162,549.0,1140.0,586.0
4,1763767842.5714552,1202.92835521698,549.0,1136.0,599.0
4,1763767842.600482,1207.644501209259,549.0,1134.0,589.0
4,1763767842.640874,1212.5219016075134,549.0,1125.0,579.0
4,1763767842.6720448,1217.2945170402527,549.0,1123.0,571.0
4,1763767842.7214878,1224.4839100837708,549.0,1129.0,573.0
4,1763767842.7562618,1229.2746930122375,549.0,1142.0,574.0
4,1763767842.7959905,1236.3924174308777,549.0,1149.0,589.0
4,1763767842.8311424,1241.235592842102,549.0,1151.0,590.0
4,1763767842.8658092,1246.0917501449585,549.0,1157.0,579.0
4,1763767842.9009113,1250.8694081306458,549.0,1168.0,578.0
4,1763767842.9313073,1255.718448638916,549.0,1178.0,570.0
4,1763767842.9610598,1260.411777973175,549.0,1187.0,572.0
4,1763767843.0055454,1267.6281361579895,549.0,1196.0,574.0
4,1763767843.0416493,1272.47603225708,549.0,1201.0,573.0
4,1763767843.0657356,1277.1884589195251,549.0,1205.0,566.0
4,1763767843.0965295,1282.1173577308655,549.0,1217.0,573.0
4,1763767843.1310456,1286.7924480438232,549.0,1228.0,575.0
4,1763767843.1655405,1291.6223554611206,549.0,1234.0,572.0
4,1763767843.2013798,1296.4576988220215,549.0,1237.0,558.0
4,1763767843.236189,1301.2470870018005,549.0,1230.0,550.0
4,1763767843.2659185,1306.4051537513733,549.0,1228.0,561.0
4,1763767843.3007581,1310.9246401786804,549.0,1216.0,571.0
4,1763767843.3306527,1315.7432107925415,549.0,1222.0,558.0
4,1763767843.368324,1322.8891162872314,549.0,1232.0,548.0
4,1763767843.3964689,1325.2918033599854,549.0,1243.0,551.0
4,1763767843.4326818,1332.4730067253113,549.0,1248.0,555.0
4,1763767843.4656904,1337.3518018722534,549.0,1241.0,558.0
4,1763767843.4958622,1342.0183448791504,549.0,1234.0,565.0
4,1763767843.5305078,1346.7889575958252,549.0,1238.0,562.0
4,1763767843.5664773,1351.6848831176758,549.0,1244.0,564.0
4,1763767843.6008027,1356.4176230430603,549.0,1272.0,563.0
4,1763767843.6305985,1361.3059310913086,549.0,1284.0,559.0
4,1763767843.6667147,1366.0969285964966,549.0,1291.0,548.0
4,1763767843.7012997,1370.8937196731567,549.0,1300.0,542.0
4,1763767843.7313418,1375.6536750793457,549.0,1310.0,539.0
4,1763767843.7705667,1382.819107055664,549.0,1320.0,542.0
4,1763767843.8058019,1387.725260734558,549.0,1318.0,555.0
4,1763767843.8538332,1394.830575466156,549.0,1315.0,556.0
4,1763767843.8864567,1399.674108505249,549.0,1311.0,550.0
4,1763767843.9154549,1404.4567732810974,549.0,1320.0,561.0
4,1763767843.9515712,1409.2915444374084,549.0,1333.0,566.0
4,1763767843.9810536,1414.1184120178223,549.0,1343.0,561.0
4,1763767844.0158288,1418.9552216529846,549.0,1337.0,550.0
4,1763767844.0506327,1423.7600593566895,549.0,1330.0,546.0
4,1763767844.0805428,1428.620722770691,549.0,1333.0,556.0
4,1763767844.1115637,1433.3810358047485,549.0,1334.0,559.0
4,1763767844.1462579,1438.1521849632263,549.0,1329.0,556.0
4,1763767844.1811078,1442.8940801620483,549.0,1334.0,544.0
4,1763767844.211066,1447.6368336677551,549.0,1335.0,551.0
4,1763767844.2415595,1452.4123816490173,549.0,1344.0,558.0
4,1763767844.27584,1457.2061686515808,549.0,1355.0,562.0
4,1763767844.3055947,1462.0914368629456,549.0,1361.0,560.0
4,1763767844.350551,1469.1850571632385,549.0,1361.0,566.0
4,1763767844.3819118,1474.0773706436157,549.0,1353.0,569.0
4,1763767844.4157565,1478.7797479629517,549.0,1382.0,566.0
4,1763767844.450818,1483.5858373641968,549.0,1386.0,568.0
4,1763767844.4889903,1490.9042625427246,549.0,1393.0,571.0
4,1763767844.5231333,1495.589545249939,549.0,1397.0,569.0
4,1763767844.5523188,1500.4239587783813,549.0,1403.0,565.0
4,1763767844.590569,1505.1757245063782,549.0,1399.0,565.0
4,1763767844.6210213,1510.100796699524,549.0,1403.0,568.0
4,1763767844.651853,1514.9981527328491,549.0,1415.0,569.0
4,1763767844.685886,1519.6809678077698,549.0,1423.0,566.0
4,1763767844.7132342,1524.4601278305054,549.0,1427.0,561.0
4,1763767844.7506065,1529.3729691505432,549.0,1415.0,562.0
4,1763767844.780617,1533.9920191764832,549.0,1414.0,565.0
4,1763767844.8160796,1538.9225273132324,549.0,1425.0,575.0
4,1763767844.8475008,1543.7042622566223,549.0,1436.0,586.0
4,1763767844.890347,1550.904348373413,549.0,1442.0,578.0
4,1763767844.9262261,1555.6551127433777,549.0,1452.0,586.0
4,1763767844.9755008,1562.9411010742188,549.0,1457.0,590.0
4,1763767845.0107317,1567.7608876228333,549.0,1481.0,594.0
4,1763767845.0406685,1572.5157647132874,549.0,1496.0,584.0
4,1763767845.0709994,1577.2257595062256,549.0,1497.0,587.0
4,1763767845.1056368,1582.0303826332092,549.0,1504.0,589.0
4,1763767845.140613,1586.7992787361145,549.0,1514.0,592.0
4,1763767845.1709783,1591.634693622589,549.0,1523.0,589.0
4,1763767845.2012854,1596.4686422348022,549.0,1530.0,587.0
4,1763767845.2316277,1601.2989430427551,549.0,1532.0,586.0
4,1763767845.266398,1605.988588809967,549.0,1538.0,592.0
4,1763767845.2955604,1610.9195261001587,549.0,1544.0,608.0
4,1763767845.3358305,1618.0254130363464,549.0,1554.0,614.0
4,1763767845.3615425,1620.5206542015076,549.0,1555.0,611.0
4,1763767845.400865,1627.6253967285156,549.0,1568.0,609.0
4,1763767845.4359283,1632.4878840446472,549.0,1580.0,607.0
4,1763767845.4657798,1637.1808557510376,549.0,1593.0,607.0
4,1763767845.5005162,1642.122986793518,549.0,1597.0,611.0
4,1763767845.5311844,1646.8035130500793,549.0,1601.0,606.0
4,1763767845.5621886,1651.6801981925964,549.0,1603.0,606.0
4,1763767845.60063,1656.4528851509094,549.0,1604.0,588.0
4,1763767845.631268,1661.2508563995361,549.0,1606.0,576.0
4,1763767845.6663938,1666.10476064682,549.0,1609.0,585.0
4,1763767845.707471,1673.242440700531,549.0,1608.0,580.0
4,1763767845.7455096,1678.019884109497,549.0,1602.0,575.0
4,1763767845.7764843,1682.917597770691,549.0,1604.0,580.0
4,1763767845.8109238,1687.631884098053,549.0,1614.0,583.0
4,1763767845.8487382,1694.8848633766174,549.0,1628.0,578.0
4,1763767845.8762662,1697.2975997924805,549.0,1635.0,586.0
4,1763767845.912325,1704.4317750930786,549.0,1636.0,585.0
4,1763767845.9457693,1709.3171863555908,549.0,1635.0,591.0
4,1763767845.9813645,1714.22487783432,549.0,1631.0,588.0
4,1763767846.026968,1721.2378888130188,549.0,1627.0,592.0
5,1763767846.0658185,1726.0747699737549,549.0,1628.0,595.0
5,1763767846.10054,1726.0747699737549,549.0,1636.0,599.0
5,1763767846.131001,1726.0747699737549,549.0,1648.0,602.0
5,1763767846.1559558,1726.0747699737549,549.0,1654.0,602.0
5,1763767846.185871,1726.0747699737549,549.0,1657.0,604.0
5,1763767846.221205,1726.0747699737549,549.0,1661.0,602.0
5,1763767846.2557797,1726.0747699737549,549.0,1659.0,589.0
5,1763767846.2861362,1726.0747699737549,549.0,1667.0,570.0
5,1763767846.3356934,1726.0747699737549,549.0,1669.0,570.0
5,1763767846.3712163,1726.0747699737549,549.0,1664.0,568.0
5,1763767846.3958502,1726.0747699737549,549.0,1656.0,571.0
5,1763767846.426047,1726.0747699737549,549.0,1659.0,574.0
5,1763767846.456078,1726.0747699737549,549.0,1640.0,586.0
5,1763767846.4854965,1726.0747699737549,549.0,1357.0,580.0
5,1763767846.5211444,1726.0747699737549,549.0,1019.0,625.0
5,1763767846.5615168,178.0,642.0,862.0,414.0
5,1763767846.5963106,182.84893321990967,642.0,449.0,632.0
5,1763767846.6456366,190.15966939926147,642.0,365.0,633.0
5,1763767846.6654377,192.42291736602783,642.0,338.0,650.0
5,1763767846.69188,197.22364234924316,642.0,309.0,637.0
5,1763767846.7555661,206.91435623168945,642.0,280.0,629.0
5,1763767846.799136,213.999858379364,642.0,272.0,628.0
5,1763767846.8212776,216.51112127304077,642.0,266.0,631.0
5,1763767846.851491,221.30236911773682,642.0,273.0,635.0
5,1763767846.8961449,228.52562952041626,642.0,283.0,639.0
5,1763767846.9305172,233.42731285095215,642.0,304.0,635.0
5,1763767846.9607759,238.14989614486694,642.0,314.0,638.0
5,1763767846.9959092,242.90345001220703,642.0,320.0,638.0
5,1763767847.0261464,247.6543574333191,642.0,320.0,624.0
5,1763767847.061351,252.42160844802856,642.0,330.0,624.0
5,1763767847.1034443,259.6617488861084,642.0,332.0,623.0
5,1763767847.140891,264.41573190689087,642.0,337.0,621.0
5,1763767847.1830416,271.73308420181274,642.0,353.0,606.0
5,1763767847.2204776,276.44536781311035,642.0,371.0,616.0
5,1763767847.2620125,283.68668842315674,642.0,383.0,621.0
5,1763767847.3009474,288.42397022247314,642.0,377.0,627.0
5,1763767847.3310215,293.22079706192017,642.0,367.0,639.0
5,1763767847.3705864,300.5179076194763,642.0,370.0,630.0
5,1763767847.4177911,305.3339033126831,642.0,373.0,630.0
5,1763767847.4454207,310.0426821708679,642.0,392.0,636.0
5,1763767847.4805374,314.93535327911377,642.0,391.0,637.0
5,1763767847.5112085,319.7346477508545,642.0,395.0,632.0
5,1763767847.5413501,324.5042233467102,642.0,405.0,621.0
5,1763767847.5713787,329.32293701171875,642.0,404.0,619.0
5,1763767847.6141078,336.4348678588867,642.0,401.0,618.0
5,1763767847.6409936,338.9045743942261,642.0,399.0,614.0
5,1763767847.6704981,343.8105134963989,642.0,396.0,629.0
5,1763767847.70094,348.39966583251953,642.0,395.0,629.0
5,1763767847.7354429,353.2879738807678,642.0,405.0,624.0
5,1763767847.7766135,360.4066638946533,642.0,415.0,632.0
5,1763767847.8062978,365.2627854347229,642.0,435.0,650.0
5,1763767847.840419,370.06268787384033,642.0,442.0,661.0
5,1763767847.8761766,374.85561656951904,642.0,447.0,658.0
5,1763767847.905847,379.707661151886,642.0,452.0,658.0
5,1763767847.9360402,384.48635625839233,642.0,454.0,649.0
5,1763767847.9666026,389.2636923789978,642.0,445.0,652.0
5,1763767848.0007555,394.15986824035645,642.0,449.0,647.0
5,1763767848.0303736,398.87215185165405,642.0,457.0,635.0
5,1763767848.0776887,406.0934810638428,642.0,462.0,621.0
5,1763767848.1154351,410.94416666030884,642.0,470.0,629.0
5,1763767848.1424065,415.6570224761963,642.0,476.0,647.0
5,1763767848.1756992,420.5098180770874,642.0,467.0,646.0
5,1763767848.2103324,425.198748588562,642.0,465.0,642.0
5,1763767848.260281,432.55522537231445,642.0,475.0,639.0
5,1763767848.3060136,439.6845369338989,642.0,496.0,645.0
5,1763767848.3357108,444.4888024330139,642.0,494.0,636.0
5,1763767848.3716247,449.20823860168457,642.0,489.0,623.0
5,1763767848.4007745,454.0811686515808,642.0,485.0,627.0
5,1763767848.4362133,458.8717370033264,642.0,504.0,639.0
5,1763767848.4710367,463.7478857040405,642.0,505.0,652.0
5,1763767848.5063365,468.53748846054077,642.0,504.0,644.0
5,1763767848.5363686,473.220410823822,642.0,506.0,635.0
5,1763767848.5656083,478.05815029144287,642.0,513.0,630.0
5,1763767848.6098113,485.3964238166809,642.0,518.0,634.0
5,1763767848.6406674,490.04880475997925,642.0,508.0,634.0
5,1763767848.6733246,494.8747067451477,642.0,511.0,633.0
5,1763767848.704432,499.7336177825928,642.0,521.0,623.0
5,1763767848.731207,504.6109824180603,642.0,525.0,608.0
5,1763767848.7754898,509.29987716674805,642.0,520.0,606.0
5,1763767848.816445,516.5646224021912,642.0,520.0,613.0
5,1763767848.8409278,518.9172058105469,642.0,537.0,621.0
5,1763767848.8707824,523.6417918205261,642.0,567.0,627.0
5,1763767848.9059067,528.4205942153931,642.0,572.0,630.0
5,1763767848.935936,533.795419216156,642.0,564.0,640.0
5,1763767848.9709494,540.5723600387573,642.0,568.0,643.0
5,1763767849.0014994,542.7965908050537,642.0,574.0,637.0
5,1763767849.0430102,550.1348285675049,642.0,581.0,624.0
5,1763767849.0761137,554.9399523735046,642.0,588.0,615.0
5,1763767849.1029098,559.6897511482239,642.0,595.0,619.0
5,1763767849.1356978,564.474597454071,642.0,590.0,629.0
5,1763767849.1818585,571.7430620193481,642.0,588.0,637.0
5,1763767849.2207081,576.4264850616455,642.0,596.0,638.0
5,1763767849.2454925,581.2196640968323,642.0,599.0,618.0
5,1763767849.2812943,586.1141948699951,642.0,584.0,606.0
5,1763767849.3206308,590.9302620887756,642.0,593.0,605.0
5,1763767849.3605256,598.2606320381165,642.0,598.0,609.0
5,1763767849.4083004,605.2035121917725,642.0,591.0,603.0
5,1763767849.455946,612.5241546630859,642.0,589.0,610.0
5,1763767849.4808013,614.9427919387817,642.0,602.0,615.0
5,1763767849.5112674,619.7070388793945,642.0,610.0,617.0
5,1763767849.5429227,624.4095234870911,642.0,615.0,628.0
5,1763767849.5761862,629.2277007102966,642.0,620.0,632.0
5,1763767849.6103835,636.4874749183655,642.0,626.0,631.0
5,1763767849.640528,638.8317971229553,642.0,634.0,632.0
5,1763767849.6779306,646.0059552192688,642.0,633.0,625.0
5,1763767849.7066731,648.4026341438293,642.0,629.0,622.0
5,1763767849.7507403,655.6267528533936,642.0,636.0,634.0
5,1763767849.7859788,660.5307965278625,642.0,647.0,632.0
5,1763767849.8308434,667.6438360214233,642.0,658.0,628.0
5,1763767849.8580024,672.4859027862549,642.0,662.0,630.0
5,1763767849.880399,674.8440651893616,642.0,662.0,632.0
5,1763767849.9258235,682.1717529296875,642.0,658.0,634.0
5,1763767849.9560356,686.8641881942749,642.0,658.0,630.0
5,1763767849.985542,691.7716293334961,642.0,662.0,631.0
5,1763767850.0211465,696.5001134872437,642.0,688.0,637.0
5,1763767850.050524,701.3305215835571,642.0,688.0,621.0
5,1763767850.085724,706.0095458030701,642.0,694.0,621.0
5,1763767850.1210926,710.9108357429504,642.0,694.0,616.0
5,1763767850.1515536,715.6046299934387,642.0,707.0,624.0
5,1763767850.180341,720.5827383995056,642.0,705.0,626.0
5,1763767850.2211986,727.6314406394958,642.0,722.0,624.0
5,1763767850.2556388,732.4124603271484,642.0,730.0,624.0
5,1763767850.2860506,737.3776226043701,642.0,731.0,629.0
5,1763767850.3344326,744.414201259613,642.0,730.0,633.0
5,1763767850.3762543,749.3371634483337,642.0,738.0,631.0
5,1763767850.400961,754.071298122406,642.0,758.0,628.0
5,1763767850.4360607,758.8646202087402,642.0,761.0,629.0
5,1763767850.4780486,766.0377769470215,642.0,765.0,636.0
5,1763767850.5212734,770.8098917007446,642.0,768.0,642.0
5,1763767850.557054,778.0345468521118,642.0,772.0,638.0
5,1763767850.5958862,782.8157453536987,642.0,775.0,631.0
5,1763767850.6224794,787.6822023391724,642.0,772.0,629.0
5,1763767850.6664577,792.5132541656494,642.0,768.0,631.0
5,1763767850.7030811,799.714448928833,642.0,766.0,635.0
5,1763767850.7262661,802.0833044052124,642.0,766.0,647.0
5,1763767850.7605596,806.8975477218628,642.0,765.0,659.0
5,1763767850.790952,811.6076855659485,642.0,776.0,653.0
5,1763767850.8206694,816.5249257087708,642.0,786.0,649.0
5,1763767850.855946,821.402361869812,642.0,782.0,656.0
5,1763767850.8855639,826.1526970863342,642.0,786.0,665.0
5,1763767850.9212046,830.9263854026794,642.0,789.0,665.0
5,1763767850.9576411,838.049045085907,642.0,795.0,661.0
5,1763767850.9909966,842.797306060791,642.0,819.0,655.0
5,1763767851.0208962,847.598138332367,642.0,831.0,657.0
5,1763767851.0531354,852.4345903396606,642.0,839.0,652.0
5,1763767851.080824,854.9078016281128,642.0,847.0,659.0
5,1763767851.1114628,859.6270589828491,642.0,851.0,654.0
5,1763767851.1461933,864.4258885383606,642.0,850.0,648.0
5,1763767851.187589,871.7118768692017,642.0,855.0,646.0
5,1763767851.2211592,876.9809155464172,642.0,865.0,647.0
5,1763767851.2554297,881.231680393219,642.0,877.0,644.0
5,1763767851.2860026,886.0706715583801,642.0,882.0,654.0
5,1763767851.31591,890.8345608711243,642.0,890.0,660.0
5,1763767851.3510628,895.608892917633,642.0,876.0,654.0
5,1763767851.395715,902.7900605201721,642.0,873.0,650.0
5,1763767851.4370272,910.0281624794006,642.0,887.0,658.0
5,1763767851.4714358,914.8501305580139,642.0,893.0,664.0
5,1763767851.505889,919.6612267494202,642.0,887.0,659.0
5,1763767851.5455844,924.4588403701782,642.0,889.0,654.0
5,1763767851.5912094,931.7184357643127,642.0,908.0,654.0
5,1763767851.6327937,939.1711144447327,642.0,920.0,654.0
5,1763767851.6796722,945.9953336715698,642.0,920.0,641.0
5,1763767851.7118988,950.8853940963745,642.0,937.0,639.0
5,1763767851.757284,955.6624083518982,642.0,954.0,647.0
5,1763767851.7780123,960.5198173522949,642.0,965.0,660.0
5,1763767851.8211734,967.6346092224121,642.0,977.0,648.0
5,1763767851.856029,972.5652961730957,642.0,980.0,642.0
5,1763767851.903121,979.7121315002441,642.0,990.0,637.0
5,1763767851.9407601,984.4798474311829,642.0,990.0,648.0
5,1763767851.966888,989.3316416740417,642.0,986.0,651.0
5,1763767851.9984586,994.0932779312134,642.0,986.0,645.0
5,1763767852.0254145,996.4019804000854,642.0,985.0,646.0
5,1763767852.0555487,1001.1844305992126,642.0,986.0,651.0
5,1763767852.0854287,1006.1827092170715,642.0,982.0,651.0
5,1763767852.1210983,1010.8129887580872,642.0,989.0,652.0
5,1763767852.1572735,1018.0675058364868,642.0,990.0,654.0
5,1763767852.185845,1020.5762295722961,642.0,992.0,648.0
5,1763767852.2219527,1027.755609035492,642.0,1000.0,642.0
5,1763767852.250384,1032.4875621795654,642.0,1008.0,649.0
5,1763767852.296541,1037.213399887085,642.0,1004.0,654.0
5,1763767852.3356903,1044.4360880851746,642.0,1008.0,649.0
5,1763767852.3807962,1051.5994458198547,642.0,1013.0,650.0
5,1763767852.4188933,1056.8437008857727,642.0,1019.0,659.0
5,1763767852.4406002,1059.2265396118164,642.0,1028.0,653.0
5,1763767852.479052,1066.0202174186707,642.0,1024.0,643.0
5,1763767852.513007,1071.235468864441,642.0,1022.0,652.0
5,1763767852.5411038,1076.0955243110657,642.0,1037.0,665.0
5,1763767852.5762892,1080.3931741714478,642.0,1031.0,664.0
5,1763767852.6108,1085.2359204292297,642.0,1027.0,674.0
5,1763767852.6378434,1089.9825720787048,642.0,1040.0,678.0
5,1763767852.6759207,1094.8009996414185,642.0,1060.0,668.0
5,1763767852.7257392,1102.1304397583008,642.0,1061.0,664.0
5,1763767852.7657313,1109.3144326210022,642.0,1058.0,668.0
5,1763767852.8010662,1114.1135125160217,642.0,1053.0,676.0
5,1763767852.8312254,1118.8119201660156,642.0,1053.0,673.0
5,1763767852.8630655,1123.7136392593384,642.0,1049.0,672.0
5,1763767852.894309,1128.448989868164,642.0,1037.0,671.0
5,1763767852.925579,1133.2630543708801,642.0,1059.0,673.0
5,1763767852.9705195,1140.5078797340393,642.0,1062.0,672.0
5,1763767853.015769,1145.1912670135498,642.0,1062.0,674.0
5,1763767853.045423,1150.0730662345886,642.0,1080.0,677.0
5,1763767853.076084,1154.8178939819336,642.0,1089.0,682.0
5,1763767853.1056926,1159.7018032073975,642.0,1095.0,683.0
5,1763767853.1512427,1166.7972474098206,642.0,1103.0,670.0
5,1763767853.19034,1172.008207321167,642.0,1111.0,665.0
5,1763767853.2212667,1176.4520196914673,642.0,1124.0,674.0
5,1763767853.247079,1181.2657980918884,642.0,1117.0,694.0
5,1763767853.2813568,1186.2764506340027,642.0,1113.0,696.0
5,1763767853.3155258,1190.8535151481628,642.0,1118.0,690.0
5,1763767853.3456597,1195.6349997520447,642.0,1120.0,680.0
5,1763767853.3754003,1200.447669506073,642.0,1134.0,672.0
5,1763767853.407136,1205.3417711257935,642.0,1136.0,676.0
5,1763767853.4463952,1210.1618437767029,642.0,1144.0,675.0
5,1763767853.4715211,1214.9327425956726,642.0,1144.0,678.0
5,1763767853.5062282,1219.7171955108643,642.0,1147.0,685.0
5,1763767853.5411787,1224.4006900787354,642.0,1157.0,689.0
5,1763767853.570983,1229.2329936027527,642.0,1163.0,694.0
5,1763767853.616106,1236.4639430046082,642.0,1163.0,689.0
5,1763767853.6552925,1241.192069530487,642.0,1166.0,693.0
5,1763767853.6853986,1246.0926084518433,642.0,1172.0,693.0
5,1763767853.7208223,1250.8979110717773,642.0,1176.0,688.0
5,1763767853.7510214,1255.802848815918,642.0,1181.0,688.0
5,1763767853.7955496,1262.788966178894,642.0,1188.0,696.0
5,1763767853.840665,1269.9837951660156,642.0,1196.0,702.0
5,1763767853.88538,1277.2781519889832,642.0,1190.0,688.0
5,1763767853.920274,1282.030203819275,642.0,1202.0,697.0
5,1763767853.9507573,1286.8821053504944,642.0,1223.0,700.0
5,1763767853.981819,1291.7473464012146,642.0,1223.0,699.0
5,1763767854.0207744,1296.3815956115723,642.0,1242.0,695.0
5,1763767854.0555618,1301.3158588409424,642.0,1259.0,697.0
5,1763767854.0907743,1308.5460929870605,642.0,1260.0,692.0
5,1763767854.1202755,1310.8238606452942,642.0,1252.0,692.0
5,1763767854.1587067,1318.0538802146912,642.0,1255.0,695.0
5,1763767854.1852639,1320.3930883407593,642.0,1260.0,695.0
5,1763767854.2156372,1325.279679775238,642.0,1260.0,702.0
5,1763767854.2460303,1330.073895931244,642.0,1275.0,705.0
5,1763767854.2812402,1334.8698644638062,642.0,1268.0,698.0
5,1763767854.3128672,1339.6424441337585,642.0,1280.0,697.0
5,1763767854.3462994,1344.6348934173584,642.0,1284.0,699.0
5,1763767854.3817596,1352.1938948631287,642.0,1292.0,695.0
5,1763767854.414112,1356.3797860145569,642.0,1294.0,683.0
5,1763767854.445582,1361.2793951034546,642.0,1296.0,686.0
5,1763767854.485361,1366.105547428131,642.0,1304.0,692.0
5,1763767854.5165155,1370.89790391922,642.0,1314.0,677.0
5,1763767854.5455754,1375.5915908813477,642.0,1328.0,664.0
5,1763767854.5760095,1380.405047416687,642.0,1341.0,659.0
5,1763767854.6104717,1385.251226902008,642.0,1341.0,671.0
5,1763767854.6408775,1390.1042013168335,642.0,1335.0,682.0
5,1763767854.6763225,1394.886293888092,642.0,1331.0,681.0
5,1763767854.7055357,1399.76011800766,642.0,1334.0,678.0
5,1763767854.7411861,1404.558268070221,642.0,1331.0,679.0
5,1763767854.7714062,1409.238329410553,642.0,1339.0,683.0
5,1763767854.8147604,1416.4306907653809,642.0,1333.0,677.0
5,1763767854.8405592,1419.20591878891,642.0,1323.0,683.0
5,1763767854.8763108,1426.0267405509949,642.0,1331.0,684.0
5,1763767854.910717,1430.8353691101074,642.0,1341.0,691.0
5,1763767854.9483411,1435.5927138328552,642.0,1342.0,691.0
5,1763767854.995915,1442.9227261543274,642.0,1345.0,687.0
5,1763767855.031408,1447.632077217102,642.0,1348.0,688.0
5,1763767855.0612726,1452.4903087615967,642.0,1358.0,697.0
5,1763767855.090692,1457.1799545288086,642.0,1377.0,700.0
5,1763767855.1413066,1464.5164041519165,642.0,1386.0,696.0
5,1763767855.1710107,1469.9317483901978,642.0,1390.0,695.0
5,1763767855.2002223,1474.1254358291626,642.0,1392.0,697.0
5,1763767855.231562,1478.7875442504883,642.0,1392.0,694.0
5,1763767855.2708855,1483.7032465934753,642.0,1395.0,689.0
5,1763767855.3053157,1488.4446411132812,642.0,1406.0,683.0
5,1763767855.3510306,1495.6769852638245,642.0,1417.0,677.0
5,1763767855.3907328,1502.928605556488,642.0,1409.0,675.0
5,1763767855.4216652,1507.5864582061768,642.0,1388.0,691.0
5,1763767855.4530656,1512.3902945518494,642.0,1414.0,698.0
5,1763767855.4802668,1514.8307828903198,642.0,1430.0,694.0
5,1763767855.5109866,1519.5810108184814,642.0,1433.0,703.0
5,1763767855.5462775,1524.4944243431091,642.0,1436.0,711.0
5,1763767855.5757945,1529.3295531272888,642.0,1438.0,712.0
5,1763767855.6057417,1534.1000227928162,642.0,1444.0,715.0
5,1763767855.6363087,1538.8786821365356,642.0,1454.0,716.0
5,1763767855.6777692,1545.9839611053467,642.0,1452.0,720.0
5,1763767855.7052894,1548.5212950706482,642.0,1486.0,731.0
5,1763767855.7415285,1555.6155591011047,642.0,1493.0,730.0
5,1763767855.775497,1560.5591564178467,642.0,1510.0,736.0
5,1763767855.8062832,1565.2074961662292,642.0,1501.0,743.0
5,1763767855.8527489,1572.3790078163147,642.0,1512.0,749.0
5,1763767855.8909073,1577.3165612220764,642.0,1516.0,739.0
5,1763767855.9308293,1584.5543413162231,642.0,1519.0,734.0
5,1763767855.9707515,1589.2358331680298,642.0,1527.0,725.0
5,1763767855.998373,1594.045641899109,642.0,1531.0,712.0
5,1763767856.040727,1598.8703994750977,642.0,1536.0,711.0
5,1763767856.0858395,1606.0561089515686,642.0,1543.0,713.0
5,1763767856.1256285,1613.2431774139404,642.0,1553.0,718.0
5,1763767856.170408,1620.4911499023438,642.0,1560.0,710.0
5,1763767856.2225316,1627.633014202118,642.0,1584.0,706.0
5,1763767856.2654645,1632.500687122345,642.0,1597.0,725.0
5,1763767856.2905822,1637.1999530792236,642.0,1593.0,723.0
5,1763767856.326123,1642.0260338783264,642.0,1582.0,710.0
5,1763767856.3603342,1646.8820123672485,642.0,1586.0,717.0
5,1763767856.4005852,1654.000738143921,642.0,1589.0,728.0
5,1763767856.4305513,1658.846667289734,642.0,1595.0,734.0
5,1763767856.455772,1661.253252506256,642.0,1624.0,730.0
5,1763767856.500955,1668.3715133666992,642.0,1630.0,721.0
5,1763767856.5356157,1673.1773166656494,642.0,1633.0,722.0
5,1763767856.5740466,1680.422821521759,642.0,1643.0,730.0
5,1763767856.6009054,1682.8269748687744,642.0,1649.0,716.0
5,1763767856.6304944,1687.6539497375488,642.0,1641.0,704.0
5,1763767856.6657212,1692.5076394081116,642.0,1639.0,704.0
5,1763767856.696015,1697.2626595497131,642.0,1644.0,707.0
5,1763767856.7254145,1702.09428358078,642.0,1638.0,704.0
5,1763767856.7609873,1706.8122534751892,642.0,1635.0,696.0
5,1763767856.7913835,1711.612620830536,642.0,1651.0,688.0
5,1763767856.8251922,1716.4873390197754,642.0,1660.0,675.0
5,1763767856.8704271,1723.570981502533,642.0,1664.0,673.0
6,1763767856.9159684,1728.4111170768738,642.0,1669.0,679.0
6,1763767856.9457884,1728.4111170768738,642.0,1664.0,683.0
6,1763767856.975905,1728.4111170768738,642.0,1685.0,680.0
6,1763767857.0053613,1728.4111170768738,642.0,1685.0,676.0
6,1763767857.056147,1728.4111170768738,642.0,1688.0,680.0
6,1763767857.0955608,1728.4111170768738,642.0,1681.0,690.0
6,1763767857.1153426,1728.4111170768738,642.0,1671.0,706.0
6,1763767857.1493855,1728.4111170768738,642.0,1678.0,703.0
6,1763767857.1860497,1728.4111170768738,642.0,1677.0,700.0
6,1763767857.2261202,1728.4111170768738,642.0,1674.0,697.0
6,1763767857.2554774,1728.4111170768738,642.0,1678.0,703.0
6,1763767857.2957487,1728.4111170768738,642.0,1669.0,700.0
6,1763767857.3159785,1728.4111170768738,642.0,1171.0,659.0
6,1763767857.345834,1728.4111170768738,642.0,891.0,674.0
6,1763767857.3810637,1728.4111170768738,642.0,617.0,682.0
6,1763767857.4108558,180.50582695007324,735.0,410.0,711.0
6,1763767857.4487681,185.2283387184143,735.0,387.0,739.0
6,1763767857.4803193,190.00510263442993,735.0,390.0,737.0
6,1763767857.5157619,194.92649126052856,735.0,364.0,715.0
6,1763767857.5507605,202.10483360290527,735.0,347.0,703.0
6,1763767857.5802345,204.562237739563,735.0,342.0,691.0
6,1763767857.6191034,211.71765613555908,735.0,347.0,693.0
6,1763767857.6459544,214.0756754875183,735.0,349.0,703.0
6,1763767857.6831963,221.24740171432495,735.0,354.0,696.0
6,1763767857.7213333,226.01007509231567,735.0,359.0,697.0
6,1763767857.7473118,230.96286344528198,735.0,361.0,692.0
6,1763767857.7789996,235.6758623123169,735.0,363.0,693.0
6,1763767857.8155134,240.4315619468689,735.0,346.0,711.0
6,1763767857.85036,245.3311710357666,735.0,342.0,705.0
6,1763767857.880825,250.10489511489868,735.0,340.0,708.0
6,1763767857.915733,254.97746753692627,735.0,339.0,707.0
6,1763767857.955395,262.0322494506836,735.0,343.0,715.0
6,1763767857.9954672,266.8005018234253,735.0,360.0,712.0
6,1763767858.026179,271.7177777290344,735.0,371.0,702.0
6,1763767858.0606854,276.55397939682007,735.0,369.0,700.0
6,1763767858.0984128,283.666983127594,735.0,363.0,711.0
6,1763767858.1344671,288.54381132125854,735.0,360.0,724.0
6,1763767858.162024,293.283203125,735.0,370.0,723.0
6,1763767858.1996918,298.1093554496765,735.0,399.0,712.0
6,1763767858.228662,302.92921352386475,735.0,407.0,717.0
6,1763767858.271022,310.14406967163086,735.0,400.0,717.0
6,1763767858.3104513,314.94214820861816,735.0,406.0,719.0
6,1763767858.3452904,319.6085124015808,735.0,415.0,707.0
6,1763767858.3804572,324.4424967765808,735.0,420.0,711.0
6,1763767858.4217167,331.9169907569885,735.0,413.0,721.0
6,1763767858.4461875,334.1305284500122,735.0,405.0,710.0
6,1763767858.4845889,341.2240414619446,735.0,421.0,709.0
6,1763767858.511063,346.15022230148315,735.0,447.0,709.0
6,1763767858.5404587,348.4077124595642,735.0,442.0,715.0
6,1763767858.5772092,355.6124835014343,735.0,450.0,711.0
6,1763767858.6101997,360.4025511741638,735.0,444.0,717.0
6,1763767858.6428268,365.29690313339233,735.0,447.0,711.0
6,1763767858.6811068,370.14251041412354,735.0,450.0,706.0
6,1763767858.710358,374.8303322792053,735.0,459.0,722.0
6,1763767858.7454634,379.75490379333496,735.0,468.0,729.0
6,1763767858.7758706,384.4650058746338,735.0,473.0,723.0
6,1763767858.8106248,389.30775213241577,735.0,460.0,710.0
6,1763767858.8456018,394.1731719970703,735.0,466.0,712.0
6,1763767858.8754728,398.9996819496155,735.0,476.0,708.0
6,1763767858.9106214,406.0839681625366,735.0,488.0,693.0
6,1763767858.9502032,410.8184247016907,735.0,487.0,692.0
6,1763767858.9843712,415.710165977478,735.0,490.0,703.0
6,1763767859.0172508,420.41926670074463,735.0,498.0,709.0
6,1763767859.0511076,425.33307361602783,735.0,496.0,713.0
6,1763767859.080481,430.0088791847229,735.0,494.0,716.0
6,1763767859.115334,434.87326192855835,735.0,518.0,719.0
6,1763767859.155295,442.0691637992859,735.0,522.0,700.0
6,1763767859.1907873,446.94946098327637,735.0,523.0,694.0
6,1763767859.216942,451.7087368965149,735.0,529.0,695.0
6,1763767859.2523854,456.47949266433716,735.0,537.0,697.0
6,1763767859.2851617,461.31780433654785,735.0,535.0,699.0
6,1763767859.320637,466.13337087631226,735.0,536.0,710.0
6,1763767859.3560498,470.83528327941895,735.0,535.0,713.0
6,1763767859.3952663,478.13325214385986,735.0,540.0,705.0
6,1763767859.435452,482.9045443534851,735.0,550.0,703.0
6,1763767859.470579,490.07759380340576,735.0,560.0,700.0
6,1763767859.5004182,492.49161767959595,735.0,539.0,695.0
6,1763767859.5309553,497.22510862350464,735.0,540.0,692.0
6,1763767859.5656557,502.03738498687744,735.0,541.0,693.0
6,1763767859.60447,509.3716173171997,735.0,545.0,699.0
6,1763767859.630301,514.0359072685242,735.0,552.0,700.0
6,1763767859.6606371,516.4157419204712,735.0,561.0,703.0
6,1763767859.6911414,521.2544112205505,735.0,570.0,697.0
6,1763767859.7259202,526.0587840080261,735.0,571.0,687.0
6,1763767859.7552996,530.8995990753174,735.0,569.0,684.0
6,1763767859.7951734,538.0148916244507,735.0,568.0,694.0
6,1763767859.8264177,542.9685382843018,735.0,563.0,699.0
6,1763767859.871358,550.0434546470642,735.0,566.0,694.0
6,1763767859.9113295,554.9736409187317,735.0,574.0,693.0
6,1763767859.9352784,559.7825198173523,735.0,575.0,698.0
6,1763767859.9653254,562.0105056762695,735.0,583.0,698.0
6,1763767859.9953933,566.9814615249634,735.0,592.0,696.0
6,1763767860.0358772,574.0325241088867,735.0,601.0,694.0
6,1763767860.0709548,578.9097456932068,735.0,602.0,688.0
6,1763767860.1056871,583.6429862976074,735.0,591.0,680.0
6,1763767860.14035,588.4095220565796,735.0,595.0,688.0
6,1763767860.1804497,595.5925135612488,735.0,597.0,706.0
6,1763767860.2153924,600.4496364593506,735.0,603.0,709.0
6,1763767860.2427318,605.2823691368103,735.0,603.0,708.0
6,1763767860.2754378,610.1784019470215,735.0,607.0,709.0
6,1763767860.3109336,614.9164705276489,735.0,612.0,715.0
6,1763767860.3461516,619.5983200073242,735.0,611.0,713.0
6,1763767860.375946,624.4100956916809,735.0,611.0,712.0
6,1763767860.4111035,629.2751579284668,735.0,617.0,708.0
6,1763767860.4454567,634.1242341995239,735.0,626.0,696.0
6,1763767860.4846256,641.1916761398315,735.0,620.0,693.0
6,1763767860.5338175,648.4012036323547,735.0,645.0,708.0
6,1763767860.570883,653.194525718689,735.0,655.0,709.0
6,1763767860.6057205,658.2037477493286,735.0,662.0,708.0
6,1763767860.6433222,665.3504042625427,735.0,661.0,702.0
6,1763767860.6678436,667.8022294044495,735.0,648.0,690.0
6,1763767860.7074416,674.9192743301392,735.0,657.0,697.0
6,1763767860.740266,679.6236186027527,735.0,672.0,704.0
6,1763767860.7719226,684.7600846290588,735.0,681.0,714.0
6,1763767860.810251,689.2997055053711,735.0,682.0,714.0
6,1763767860.8402426,694.131579875946,735.0,695.0,709.0
6,1763767860.8754113,698.9717154502869,735.0,704.0,708.0
6,1763767860.9101973,706.0203461647034,735.0,714.0,707.0
6,1763767860.9458506,710.8769683837891,735.0,725.0,712.0
6,1763767860.990911,718.1274085044861,735.0,735.0,728.0
6,1763767861.030875,722.9131488800049,735.0,736.0,721.0
6,1763767861.057521,727.5962142944336,735.0,760.0,717.0
6,1763767861.0904906,732.4660329818726,735.0,761.0,725.0
6,1763767861.1218076,737.2438697814941,735.0,755.0,744.0
6,1763767861.1506698,742.0912294387817,735.0,750.0,742.0
6,1763767861.187219,746.9024686813354,735.0,754.0,736.0
6,1763767861.216297,751.6300945281982,735.0,759.0,732.0
6,1763767861.2602715,756.4586429595947,735.0,762.0,743.0
6,1763767861.300544,763.7236385345459,735.0,764.0,758.0
6,1763767861.3256333,766.0554437637329,735.0,770.0,764.0
6,1763767861.3615482,773.2193737030029,735.0,780.0,753.0
6,1763767861.395627,778.0322937965393,735.0,781.0,751.0
6,1763767861.4313693,782.8693537712097,735.0,777.0,756.0
6,1763767861.4605396,787.6070289611816,735.0,764.0,748.0
6,1763767861.495426,792.4455194473267,735.0,779.0,743.0
6,1763767861.5256076,797.2870140075684,735.0,789.0,746.0
6,1763767861.5569348,802.4608521461487,735.0,796.0,745.0
6,1763767861.5906293,806.9396047592163,735.0,780.0,737.0
6,1763767861.637337,814.0381960868835,735.0,790.0,727.0
6,1763767861.675406,818.9407377243042,735.0,799.0,726.0
6,1763767861.7155054,826.0202317237854,735.0,810.0,738.0
6,1763767861.7506676,830.9263496398926,735.0,812.0,746.0
6,1763767861.780768,835.7574372291565,735.0,803.0,736.0
6,1763767861.816406,840.4363899230957,735.0,798.0,729.0
6,1763767861.8450992,845.2434091567993,735.0,796.0,729.0
6,1763767861.8810945,850.0170974731445,735.0,807.0,736.0
6,1763767861.9151275,854.9336223602295,735.0,824.0,729.0
6,1763767861.9453123,859.6977262496948,735.0,838.0,719.0
6,1763767861.9809928,864.5270972251892,735.0,847.0,721.0
6,1763767862.0115006,869.300356388092,735.0,844.0,722.0
6,1763767862.0543332,876.497724533081,735.0,846.0,724.0
6,1763767862.1055145,883.7043194770813,735.0,865.0,727.0
6,1763767862.1360078,888.459554195404,735.0,860.0,712.0
6,1763767862.1802833,895.6933288574219,735.0,856.0,705.0
6,1763767862.2206204,900.4920868873596,735.0,871.0,709.0
6,1763767862.245225,905.3205637931824,735.0,890.0,720.0
6,1763767862.2758656,910.0943236351013,735.0,900.0,732.0
6,1763767862.3070967,914.9103193283081,735.0,886.0,732.0
6,1763767862.3391006,919.6585803031921,735.0,892.0,723.0
6,1763767862.3709626,924.4492201805115,735.0,905.0,706.0
6,1763767862.405735,929.2129664421082,735.0,909.0,717.0
6,1763767862.4406364,934.0264945030212,735.0,910.0,727.0
6,1763767862.4754374,938.8728528022766,735.0,909.0,727.0
6,1763767862.5053084,943.6374931335449,735.0,909.0,723.0
6,1763767862.5401354,948.4577088356018,735.0,908.0,720.0
6,1763767862.5774374,955.5893092155457,735.0,923.0,727.0
6,1763767862.6107376,960.4830532073975,735.0,953.0,727.0
6,1763767862.6384442,962.8285555839539,735.0,969.0,718.0
6,1763767862.6751733,970.0011043548584,735.0,974.0,712.0
6,1763767862.7156374,974.8956708908081,735.0,971.0,706.0
6,1763767862.7605994,982.1326999664307,735.0,970.0,706.0
6,1763767862.8065002,989.3176226615906,735.0,970.0,715.0
6,1763767862.8355377,994.023576259613,735.0,969.0,712.0
6,1763767862.8713853,998.9786891937256,735.0,971.0,714.0
6,1763767862.898085,1003.6052136421204,735.0,968.0,724.0
6,1763767862.930638,1008.4669857025146,735.0,968.0,718.0
6,1763767862.9753578,1015.7944231033325,735.0,980.0,720.0
6,1763767863.010199,1020.3953413963318,735.0,995.0,719.0
6,1763767863.0422258,1025.2214579582214,735.0,994.0,717.0
6,1763767863.0709999,1030.140736579895,735.0,997.0,720.0
6,1763767863.100397,1032.601538181305,735.0,999.0,730.0
6,1763767863.1303115,1037.331238269806,735.0,992.0,735.0
6,1763767863.1658566,1042.054036140442,735.0,993.0,730.0
6,1763767863.195665,1046.9137697219849,735.0,999.0,727.0
6,1763767863.2308562,1054.1191844940186,735.0,1001.0,727.0
6,1763767863.2751646,1058.7910203933716,735.0,1013.0,737.0
6,1763767863.3161066,1066.0964994430542,735.0,1017.0,737.0
6,1763767863.347192,1070.9712891578674,735.0,1028.0,725.0
6,1763767863.3808582,1075.6303577423096,735.0,1038.0,719.0
6,1763767863.4154196,1080.5322198867798,735.0,1036.0,723.0
6,1763767863.4458034,1085.2123527526855,735.0,1036.0,726.0
6,1763767863.480927,1090.033462524414,735.0,1042.0,721.0
6,1763767863.5107834,1094.897165775299,735.0,1057.0,712.0
6,1763767863.5454118,1099.6761827468872,735.0,1069.0,718.0
6,1763767863.5803022,1104.387894153595,735.0,1055.0,727.0
6,1763767863.6262248,1111.7310671806335,735.0,1068.0,738.0
6,1763767863.660332,1116.3834838867188,735.0,1066.0,728.0
6,1763767863.6910725,1121.2457566261292,735.0,1078.0,720.0
6,1763767863.7215438,1125.9969143867493,735.0,1075.0,722.0
6,1763767863.7558725,1130.797532081604,735.0,1079.0,733.0
6,1763767863.7867565,1135.7116966247559,735.0,1082.0,738.0
6,1763767863.8291237,1142.8051381111145,735.0,1086.0,744.0
6,1763767863.8715935,1150.229778766632,735.0,1095.0,737.0
6,1763767863.911052,1154.8144249916077,735.0,1090.0,730.0
6,1763767863.9457054,1159.6687941551208,735.0,1096.0,741.0
6,1763767863.9892492,1166.9134764671326,735.0,1104.0,742.0
6,1763767864.0253432,1171.620789051056,735.0,1108.0,733.0
6,1763767864.0604599,1176.4939694404602,735.0,1123.0,743.0
6,1763767864.1011329,1183.664873123169,735.0,1128.0,752.0
6,1763767864.1402962,1188.5022549629211,735.0,1119.0,747.0
6,1763767864.1651447,1193.2428984642029,735.0,1128.0,726.0
6,1763767864.1952682,1198.0345039367676,735.0,1132.0,731.0
6,1763767864.230332,1202.863088130951,735.0,1135.0,729.0
6,1763767864.275284,1210.070505619049,735.0,1141.0,727.0
6,1763767864.3101056,1215.2585773468018,735.0,1140.0,729.0
6,1763767864.3459172,1219.7268872261047,735.0,1151.0,736.0
6,1763767864.3736959,1224.4006900787354,735.0,1158.0,718.0
6,1763767864.4054236,1229.2986898422241,735.0,1156.0,717.0
6,1763767864.4379873,1234.0094356536865,735.0,1151.0,729.0
6,1763767864.4830186,1241.2992148399353,735.0,1156.0,724.0
6,1763767864.5106583,1246.089497089386,735.0,1200.0,741.0
6,1763767864.5404406,1248.5236554145813,735.0,1199.0,739.0
6,1763767864.580069,1255.7163743972778,735.0,1207.0,742.0
6,1763767864.6257052,1262.8164319992065,735.0,1207.0,740.0
6,1763767864.6742449,1267.6629333496094,735.0,1211.0,748.0
6,1763767864.7073507,1274.8241453170776,735.0,1209.0,745.0
6,1763767864.7574127,1281.9970874786377,735.0,1215.0,739.0
6,1763767864.7806215,1284.390404701233,735.0,1237.0,718.0
6,1763767864.8260279,1291.7695908546448,735.0,1255.0,707.0
6,1763767864.8553128,1296.40341091156,735.0,1255.0,715.0
6,1763767864.8854825,1301.2959389686584,735.0,1261.0,710.0
6,1763767864.925988,1306.1232357025146,735.0,1278.0,705.0
6,1763767864.9713447,1313.3174209594727,735.0,1292.0,711.0
6,1763767865.0158691,1320.4612879753113,735.0,1298.0,718.0
6,1763767865.0469139,1325.372019290924,735.0,1293.0,714.0
6,1763767865.0753217,1330.1682381629944,735.0,1299.0,718.0
6,1763767865.1055968,1334.7796349525452,735.0,1284.0,725.0
6,1763767865.139455,1339.5862965583801,735.0,1295.0,723.0
6,1763767865.1754575,1344.4892315864563,735.0,1303.0,730.0
6,1763767865.206202,1349.2879180908203,735.0,1302.0,724.0
6,1763767865.2403407,1354.110601425171,735.0,1296.0,723.0
6,1763767865.2705164,1358.8120489120483,735.0,1294.0,724.0
6,1763767865.2993946,1363.7085824012756,735.0,1284.0,721.0
6,1763767865.3305988,1368.406095981598,735.0,1289.0,726.0
6,1763767865.3774016,1375.6210594177246,735.0,1301.0,739.0
6,1763767865.410304,1380.3904919624329,735.0,1306.0,745.0
6,1763767865.4355402,1382.9239993095398,735.0,1300.0,743.0
6,1763767865.4803896,1390.093436717987,735.0,1299.0,736.0
6,1763767865.524165,1397.9637532234192,735.0,1311.0,726.0
6,1763767865.5575168,1402.1108775138855,735.0,1329.0,722.0
6,1763767865.6047387,1409.2151908874512,735.0,1332.0,732.0
6,1763767865.6305654,1414.0755681991577,735.0,1323.0,730.0
6,1763767865.6665554,1418.826404094696,735.0,1321.0,731.0
6,1763767865.7010417,1423.6663966178894,735.0,1332.0,731.0
6,1763767865.7307403,1428.4317164421082,735.0,1347.0,729.0
6,1763767865.7786455,1435.673966884613,735.0,1352.0,727.0
6,1763767865.8155708,1440.3817443847656,735.0,1355.0,730.0
6,1763767865.845059,1445.3407912254333,735.0,1382.0,770.0
6,1763767865.8741524,1449.9829082489014,735.0,1370.0,762.0
6,1763767865.907559,1454.8919944763184,735.0,1377.0,758.0
6,1763767865.9410312,1459.5767765045166,735.0,1384.0,758.0
6,1763767865.975294,1464.380112171173,735.0,1385.0,750.0
6,1763767866.0041983,1469.3376927375793,735.0,1388.0,743.0
6,1763767866.0453398,1474.0683226585388,735.0,1388.0,733.0
6,1763767866.0905557,1481.317153453827,735.0,1381.0,736.0
6,1763767866.1301556,1488.4867696762085,735.0,1382.0,741.0
6,1763767866.1660182,1493.2135729789734,735.0,1399.0,748.0
6,1763767866.210897,1500.441554069519,735.0,1430.0,749.0
6,1763767866.2458694,1505.374029159546,735.0,1448.0,749.0
6,1763767866.2751856,1510.1176052093506,735.0,1448.0,745.0
6,1763767866.3076894,1514.850094795227,735.0,1452.0,739.0
6,1763767866.339057,1519.616415977478,735.0,1454.0,743.0
6,1763767866.3736854,1524.4632391929626,735.0,1457.0,740.0
6,1763767866.4050827,1529.3210773468018,735.0,1461.0,740.0
6,1763767866.4386077,1534.1023116111755,735.0,1477.0,744.0
6,1763767866.4713078,1538.8129501342773,735.0,1486.0,737.0
6,1763767866.5060449,1543.7841563224792,735.0,1494.0,715.0
6,1763767866.533375,1548.4616785049438,735.0,1524.0,710.0
6,1763767866.5701213,1553.29798746109,735.0,1521.0,714.0
6,1763767866.6008255,1558.1163792610168,735.0,1514.0,729.0
6,1763767866.6361654,1562.8075985908508,735.0,1518.0,739.0
6,1763767866.670362,1570.0450568199158,735.0,1518.0,739.0
6,1763767866.7007308,1572.5463061332703,735.0,1534.0,745.0
6,1763767866.7417135,1579.7042636871338,735.0,1546.0,740.0
6,1763767866.7655556,1582.0181517601013,735.0,1547.0,736.0
6,1763767866.7959218,1586.908748626709,735.0,1546.0,736.0
6,1763767866.8351498,1594.0935640335083,735.0,1540.0,736.0
6,1763767866.8737273,1598.898151397705,735.0,1545.0,742.0
6,1763767866.915924,1606.0220985412598,735.0,1544.0,744.0
6,1763767866.9619644,1613.30912399292,735.0,1546.0,743.0
6,1763767866.9856944,1615.690818309784,735.0,1549.0,734.0
6,1763767867.0154207,1620.4906134605408,735.0,1550.0,731.0
6,1763767867.0457497,1625.3288178443909,735.0,1552.0,725.0
6,1763767867.07636,1630.1053314208984,735.0,1561.0,723.0
6,1763767867.1064413,1634.8029522895813,735.0,1568.0,714.0
6,1763767867.1458907,1639.5947008132935,735.0,1568.0,712.0
6,1763767867.1901014,1646.7914967536926,735.0,1559.0,720.0
6,1763767867.2340245,1653.9820342063904,735.0,1552.0,725.0
6,1763767867.260042,1656.533673286438,735.0,1552.0,723.0
6,1763767867.3059635,1663.6647372245789,735.0,1551.0,730.0
6,1763767867.347397,1670.7905082702637,735.0,1581.0,736.0
6,1763767867.3702815,1673.2474474906921,735.0,1602.0,718.0
6,1763767867.405328,1678.032365322113,735.0,1608.0,718.0
6,1763767867.4362698,1682.8099875450134,735.0,1612.0,727.0
6,1763767867.470072,1690.0015621185303,735.0,1619.0,734.0
6,1763767867.5009758,1692.4254207611084,735.0,1614.0,737.0
6,1763767867.5458353,1699.6090202331543,735.0,1604.0,735.0
6,1763767867.5812216,1704.5061259269714,735.0,1607.0,739.0
6,1763767867.6168654,1711.7090730667114,735.0,1611.0,742.0
6,1763767867.650878,1716.4417414665222,735.0,1611.0,741.0
6,1763767867.6828408,1721.2432532310486,735.0,1620.0,748.0
7,1763767867.7157302,1726.0036735534668,735.0,1638.0,752.0
7,1763767867.7454016,1726.0036735534668,735.0,1648.0,747.0
7,1763767867.7754176,1726.0036735534668,735.0,1648.0,757.0
7,1763767867.8052177,1726.0036735534668,735.0,1653.0,766.0
7,1763767867.8354864,1726.0036735534668,735.0,1657.0,778.0
7,1763767867.8651264,1726.0036735534668,735.0,1663.0,781.0
7,1763767867.9001231,1726.0036735534668,735.0,1659.0,776.0
7,1763767867.9351532,1726.0036735534668,735.0,1654.0,775.0
7,1763767867.964999,1726.0036735534668,735.0,1661.0,779.0
7,1763767868.0013587,1726.0036735534668,735.0,1664.0,785.0
7,1763767868.0401301,1726.0036735534668,735.0,1661.0,787.0
7,1763767868.0707393,1726.0036735534668,735.0,1661.0,787.0
7,1763767868.1060665,1726.0036735534668,735.0,1661.0,785.0
7,1763767868.1411374,1726.0036735534668,735.0,1528.0,782.0
7,1763767868.1709135,1726.0036735534668,735.0,1037.0,717.0
7,1763767868.2055225,1726.0036735534668,735.0,766.0,739.0
7,1763767868.2352884,180.41870880126953,828.0,440.0,864.0
7,1763767868.2757156,187.74829196929932,828.0,845.0,602.0
7,1763767868.3200734,192.43071365356445,828.0,1015.0,268.0
7,1763767868.365594,199.93052768707275,828.0,931.0,707.0
7,1763767868.4095669,206.8196563720703,828.0,921.0,706.0
7,1763767868.4506557,211.6005687713623,828.0,266.0,797.0
7,1763767868.497858,218.9435272216797,828.0,258.0,779.0
7,1763767868.5204847,223.68424224853516,828.0,253.0,746.0
7,1763767868.5505757,228.42181015014648,828.0,906.0,738.0
7,1763767868.585667,233.3992748260498,828.0,860.0,1031.0
7,1763767868.6155849,238.1298689842224,828.0,257.0,730.0
7,1763767868.6511807,242.8943305015564,828.0,255.0,728.0
7,1763767868.6906867,247.72037553787231,828.0,257.0,731.0
7,1763767868.7263148,254.8699288368225,828.0,288.0,717.0
7,1763767868.7511508,257.3153166770935,828.0,871.0,1100.0
7,1763767868.780471,262.06708240509033,828.0,329.0,755.0
7,1763767868.8301668,269.2309408187866,828.0,351.0,767.0
7,1763767868.8810573,276.5462546348572,828.0,355.0,769.0
7,1763767868.9100084,281.25660705566406,828.0,364.0,779.0
7,1763767868.9404895,286.107328414917,828.0,375.0,775.0
7,1763767868.975302,290.86799907684326,828.0,385.0,770.0
7,1763767869.00572,295.60088205337524,828.0,402.0,766.0
7,1763767869.0404284,300.4377632141113,828.0,404.0,764.0
7,1763767869.0791368,307.6097755432129,828.0,413.0,755.0
7,1763767869.1110952,312.53781604766846,828.0,410.0,771.0
7,1763767869.1437242,317.3054246902466,828.0,419.0,780.0
7,1763767869.175985,322.1109776496887,828.0,418.0,771.0
7,1763767869.2103071,326.8207936286926,828.0,419.0,768.0
7,1763767869.2400663,331.6781668663025,828.0,427.0,776.0
7,1763767869.2751667,336.5374712944031,828.0,434.0,784.0
7,1763767869.310948,341.22933435440063,828.0,382.0,792.0
7,1763767869.3454978,346.01081895828247,828.0,435.0,780.0
7,1763767869.3842924,353.3677248954773,828.0,434.0,775.0
7,1763767869.4326699,360.47543573379517,828.0,436.0,763.0
7,1763767869.4700148,365.2791647911072,828.0,456.0,766.0
7,1763767869.5002604,370.051637172699,828.0,467.0,767.0
7,1763767869.5507329,377.35715198516846,828.0,467.0,770.0
7,1763767869.5909352,384.41061067581177,828.0,458.0,782.0
7,1763767869.6263251,389.20150089263916,828.0,473.0,778.0
7,1763767869.6510143,391.6290431022644,828.0,495.0,779.0
7,1763767869.6804614,396.5392737388611,828.0,487.0,790.0
7,1763767869.7104447,401.31210374832153,828.0,480.0,787.0
7,1763767869.745708,406.08618545532227,828.0,485.0,778.0
7,1763767869.7758586,410.89860486984253,828.0,498.0,762.0
7,1763767869.8157833,418.1257634162903,828.0,502.0,763.0
7,1763767869.8508334,422.9669361114502,828.0,483.0,769.0
7,1763767869.881227,427.6963143348694,828.0,474.0,772.0
7,1763767869.9102378,432.4500470161438,828.0,492.0,766.0
7,1763767869.9556298,439.73542737960815,828.0,508.0,765.0
7,1763767869.9957967,444.42346382141113,828.0,501.0,770.0
7,1763767870.015722,446.9272880554199,828.0,501.0,766.0
7,1763767870.0504491,451.6011266708374,828.0,514.0,765.0
7,1763767870.0920646,458.9332847595215,828.0,511.0,788.0
7,1763767870.1253803,463.6776475906372,828.0,505.0,788.0
7,1763767870.1549473,468.43227434158325,828.0,508.0,781.0
7,1763767870.2006798,475.636079788208,828.0,537.0,780.0
7,1763767870.2429955,480.49963998794556,828.0,552.0,784.0
7,1763767870.2705686,485.3061943054199,828.0,546.0,780.0
7,1763767870.3007843,490.02123165130615,828.0,541.0,783.0
7,1763767870.3306806,494.9142961502075,828.0,541.0,788.0
7,1763767870.365315,499.7533230781555,828.0,557.0,791.0
7,1763767870.3952384,504.5920639038086,828.0,575.0,778.0
7,1763767870.4308543,509.3136100769043,828.0,597.0,772.0
7,1763767870.4654708,514.008620262146,828.0,595.0,790.0
7,1763767870.5106337,521.3020830154419,828.0,590.0,787.0
7,1763767870.5528257,528.5285978317261,828.0,585.0,773.0
7,1763767870.5955408,535.7220678329468,828.0,593.0,770.0
7,1763767870.6206338,538.0074529647827,828.0,605.0,770.0
7,1763767870.6628354,545.2885060310364,828.0,611.0,774.0
7,1763767870.718007,552.5473146438599,828.0,603.0,778.0
7,1763767870.742961,557.210889339447,828.0,588.0,790.0
7,1763767870.7706609,559.6525936126709,828.0,591.0,791.0
7,1763767870.8061132,566.8477444648743,828.0,592.0,782.0
7,1763767870.8353229,571.6893820762634,828.0,599.0,759.0
7,1763767870.8749802,576.395049571991,828.0,601.0,754.0
7,1763767870.9150703,583.6514978408813,828.0,610.0,758.0
7,1763767870.9599912,588.5090498924255,828.0,616.0,771.0
7,1763767870.9853277,593.3792262077332,828.0,638.0,773.0
7,1763767871.020769,598.139467716217,828.0,636.0,764.0
7,1763767871.0651739,605.5287389755249,828.0,643.0,775.0
7,1763767871.1007214,610.0075273513794,828.0,651.0,787.0
7,1763767871.1272566,614.7930173873901,828.0,640.0,783.0
7,1763767871.155445,619.707718372345,828.0,643.0,773.0
7,1763767871.1953652,624.5032577514648,828.0,651.0,766.0
7,1763767871.2227907,629.294219493866,828.0,664.0,770.0
7,1763767871.255613,634.0816407203674,828.0,663.0,782.0
7,1763767871.2869692,638.7922792434692,828.0,660.0,790.0
7,1763767871.3206072,643.667998790741,828.0,657.0,791.0
7,1763767871.3502388,648.3959822654724,828.0,663.0,787.0
7,1763767871.3826368,653.2962708473206,828.0,667.0,788.0
7,1763767871.4203186,658.083155632019,828.0,671.0,793.0
7,1763767871.4509473,662.9209666252136,828.0,654.0,790.0
7,1763767871.4904215,667.6809935569763,828.0,658.0,782.0
7,1763767871.5262284,674.8721032142639,828.0,666.0,775.0
7,1763767871.554923,679.6294121742249,828.0,679.0,780.0
7,1763767871.5963366,684.4949035644531,828.0,686.0,783.0
7,1763767871.6503084,691.5905265808105,828.0,679.0,786.0
7,1763767871.6755679,696.4463262557983,828.0,679.0,784.0
7,1763767871.7108777,701.2933282852173,828.0,683.0,778.0
7,1763767871.7403495,706.0250668525696,828.0,681.0,778.0
7,1763767871.7751231,710.9506397247314,828.0,686.0,784.0
7,1763767871.8049426,715.7025485038757,828.0,700.0,782.0
7,1763767871.8354876,720.433500289917,828.0,701.0,775.0
7,1763767871.8653903,725.2283244132996,828.0,688.0,769.0
7,1763767871.916288,732.4916391372681,828.0,693.0,776.0
7,1763767871.9507654,737.3857407569885,828.0,704.0,783.0
7,1763767871.9808948,742.1392946243286,828.0,715.0,779.0
7,1763767872.02308,749.2094902992249,828.0,714.0,769.0
7,1763767872.0507882,751.5955119132996,828.0,729.0,762.0
7,1763767872.0932803,758.8200240135193,828.0,734.0,771.0
7,1763767872.1304908,763.6889128684998,828.0,750.0,776.0
7,1763767872.1599948,768.4421806335449,828.0,758.0,777.0
7,1763767872.1985354,775.61061668396,828.0,749.0,779.0
7,1763767872.227504,778.0080108642578,828.0,742.0,788.0
7,1763767872.2642286,785.2795867919922,828.0,748.0,786.0
7,1763767872.2988617,790.4085783958435,828.0,764.0,783.0
7,1763767872.3266792,794.9208765029907,828.0,783.0,778.0
7,1763767872.362266,799.6078400611877,828.0,790.0,779.0
7,1763767872.3957767,804.5471816062927,828.0,779.0,780.0
7,1763767872.4257746,809.310248374939,828.0,778.0,782.0
7,1763767872.4603176,813.9887003898621,828.0,785.0,788.0
7,1763767872.4906547,818.9344434738159,828.0,792.0,795.0
7,1763767872.5251193,823.6839203834534,828.0,798.0,793.0
7,1763767872.560121,828.3920912742615,828.0,808.0,786.0
7,1763767872.5951462,835.6628804206848,828.0,812.0,781.0
7,1763767872.625262,838.1423501968384,828.0,811.0,789.0
7,1763767872.66284,845.3250198364258,828.0,814.0,804.0
7,1763767872.697088,850.1765637397766,828.0,824.0,805.0
7,1763767872.750022,857.22283411026,828.0,832.0,800.0
7,1763767872.790367,864.4830374717712,828.0,826.0,792.0
7,1763767872.8249707,869.2813305854797,828.0,825.0,791.0
7,1763767872.864913,874.4295268058777,828.0,825.0,819.0
7,1763767872.9031096,881.2474517822266,828.0,836.0,836.0
7,1763767872.9278908,883.6818604469299,828.0,841.0,828.0
7,1763767872.9607306,888.5158805847168,828.0,840.0,820.0
7,1763767872.9952848,895.6836729049683,828.0,839.0,811.0
7,1763767873.0299911,900.4402666091919,828.0,840.0,810.0
7,1763767873.063558,905.349603176117,828.0,853.0,809.0
7,1763767873.1000307,910.0464372634888,828.0,863.0,806.0
7,1763767873.13548,914.8571400642395,828.0,874.0,815.0
7,1763767873.1649826,919.7001008987427,828.0,878.0,829.0
7,1763767873.1999476,924.4080214500427,828.0,899.0,828.0
7,1763767873.245998,931.6535978317261,828.0,903.0,808.0
7,1763767873.280065,936.4051847457886,828.0,914.0,808.0
7,1763767873.310854,941.3141994476318,828.0,918.0,805.0
7,1763767873.3410528,946.1313395500183,828.0,925.0,806.0
7,1763767873.370317,950.7951288223267,828.0,937.0,797.0
7,1763767873.4058757,955.6782512664795,828.0,957.0,796.0
7,1763767873.4399846,960.530689239502,828.0,966.0,789.0
7,1763767873.4704704,965.1963024139404,828.0,966.0,795.0
7,1763767873.5050526,970.0303225517273,828.0,965.0,798.0
7,1763767873.546889,977.2836594581604,828.0,969.0,792.0
7,1763767873.5751395,982.0325999259949,828.0,979.0,786.0
7,1763767873.6103222,986.9010238647461,828.0,990.0,789.0
7,1763767873.6401412,991.7134790420532,828.0,1001.0,789.0
7,1763767873.6653688,994.036593914032,828.0,1009.0,800.0
7,1763767873.7025125,1001.2813835144043,828.0,1006.0,806.0
7,1763767873.7306209,1003.7153272628784,828.0,996.0,802.0
7,1763767873.775506,1010.8321576118469,828.0,981.0,791.0
7,1763767873.8098977,1015.7731800079346,828.0,992.0,786.0
7,1763767873.850587,1022.9004888534546,828.0,1004.0,793.0
7,1763767873.9008589,1030.075469493866,828.0,1001.0,798.0
7,1763767873.9556735,1039.7419719696045,828.0,997.0,795.0
7,1763767873.9950056,1044.4136290550232,828.0,1021.0,807.0
7,1763767874.0223217,1049.2366700172424,828.0,1026.0,799.0
7,1763767874.05071,1051.6736536026,828.0,1018.0,799.0
7,1763767874.081109,1056.4721612930298,828.0,1016.0,801.0
7,1763767874.1191585,1063.5831623077393,828.0,1017.0,808.0
7,1763767874.1450102,1066.0458235740662,828.0,1039.0,814.0
7,1763767874.1831865,1073.2629685401917,828.0,1047.0,815.0
7,1763767874.205562,1075.7179765701294,828.0,1041.0,813.0
7,1763767874.2411122,1080.5184154510498,828.0,1031.0,821.0
7,1763767874.2702324,1085.2084546089172,828.0,1049.0,810.0
7,1763767874.3059902,1090.0363235473633,828.0,1057.0,806.0
7,1763767874.345321,1097.2172408103943,828.0,1060.0,804.0
7,1763767874.3808305,1102.0441799163818,828.0,1057.0,809.0
7,1763767874.4061916,1106.8570642471313,828.0,1056.0,812.0
7,1763767874.4408224,1111.6220979690552,828.0,1052.0,814.0
7,1763767874.4755137,1116.386631011963,828.0,1058.0,810.0
7,1763767874.505644,1121.271291255951,828.0,1060.0,798.0
7,1763767874.5399373,1126.012363910675,828.0,1074.0,802.0
7,1763767874.5749311,1130.9319286346436,828.0,1071.0,801.0
7,1763767874.6055226,1135.6745748519897,828.0,1074.0,797.0
7,1763767874.6403553,1140.522041797638,828.0,1094.0,798.0
7,1763767874.6759825,1147.7883248329163,828.0,1105.0,799.0
7,1763767874.7055283,1150.1240997314453,828.0,1109.0,798.0
7,1763767874.7416716,1157.1820645332336,828.0,1107.0,809.0
7,1763767874.7701063,1159.6301345825195,828.0,1113.0,820.0
7,1763767874.8075626,1166.906967639923,828.0,1115.0,814.0
7,1763767874.8407242,1171.6564803123474,828.0,1112.0,799.0
7,1763767874.8705022,1176.4627842903137,828.0,1129.0,793.0
7,1763767874.9047806,1181.3239126205444,828.0,1139.0,785.0
7,1763767874.9530342,1188.497534275055,828.0,1150.0,787.0
7,1763767874.992107,1193.2498722076416,828.0,1145.0,795.0
7,1763767875.0311682,1200.4437713623047,828.0,1134.0,806.0
7,1763767875.062849,1205.1870255470276,828.0,1145.0,807.0
7,1763767875.0956259,1210.114064693451,828.0,1154.0,810.0
7,1763767875.1304355,1214.8788123130798,828.0,1163.0,805.0
7,1763767875.158779,1219.5820121765137,828.0,1164.0,815.0
7,1763767875.1906333,1224.4699983596802,828.0,1153.0,817.0
7,1763767875.2349527,1231.6338567733765,828.0,1148.0,815.0
7,1763767875.2810793,1236.4010362625122,828.0,1150.0,815.0
7,1763767875.3158534,1241.243567943573,828.0,1166.0,810.0
7,1763767875.3618276,1248.5031633377075,828.0,1176.0,808.0
7,1763767875.3861125,1253.2936959266663,828.0,1191.0,823.0
7,1763767875.417928,1258.1541805267334,828.0,1214.0,822.0
7,1763767875.4485507,1262.8035216331482,828.0,1217.0,813.0
7,1763767875.489834,1267.5798921585083,828.0,1207.0,813.0
7,1763767875.5153577,1272.4905519485474,828.0,1202.0,824.0
7,1763767875.544841,1277.2403864860535,828.0,1214.0,830.0
7,1763767875.5757844,1281.987181186676,828.0,1214.0,834.0
7,1763767875.6101632,1286.9120030403137,828.0,1225.0,842.0
7,1763767875.6387796,1291.5794043540955,828.0,1220.0,834.0
7,1763767875.6753936,1296.4585571289062,828.0,1236.0,830.0
7,1763767875.7252114,1303.658679008484,828.0,1224.0,823.0
7,1763767875.7602408,1308.474030971527,828.0,1228.0,825.0
7,1763767875.7856433,1313.2702498435974,828.0,1254.0,809.0
7,1763767875.8157787,1318.0128245353699,828.0,1271.0,808.0
7,1763767875.8475244,1322.845736026764,828.0,1266.0,819.0
7,1763767875.8803113,1327.6717810630798,828.0,1262.0,831.0
7,1763767875.9111795,1332.5576214790344,828.0,1261.0,825.0
7,1763767875.9456098,1337.2581748962402,828.0,1254.0,822.0
7,1763767875.9755018,1342.0934467315674,828.0,1267.0,828.0
7,1763767876.024843,1349.2275505065918,828.0,1279.0,831.0
7,1763767876.0714054,1356.4316420555115,828.0,1276.0,833.0
7,1763767876.1036394,1361.2344770431519,828.0,1283.0,848.0
7,1763767876.1449437,1366.001012802124,828.0,1293.0,852.0
7,1763767876.1756396,1370.8929686546326,828.0,1293.0,845.0
7,1763767876.2051437,1375.6109743118286,828.0,1293.0,854.0
7,1763767876.2491393,1382.8582673072815,828.0,1319.0,868.0
7,1763767876.2854867,1387.6413612365723,828.0,1336.0,858.0
7,1763767876.3159854,1392.4490242004395,828.0,1346.0,859.0
7,1763767876.3502686,1397.339406490326,828.0,1354.0,851.0
7,1763767876.3808334,1402.0296959877014,828.0,1353.0,832.0
7,1763767876.410476,1406.8400769233704,828.0,1366.0,821.0
7,1763767876.4454393,1411.5984230041504,828.0,1388.0,831.0
7,1763767876.480647,1416.5231733322144,828.0,1395.0,839.0
7,1763767876.5105925,1421.2657480239868,828.0,1343.0,844.0
7,1763767876.5557222,1428.4072546958923,828.0,1339.0,848.0
7,1763767876.584868,1433.3101181983948,828.0,1339.0,856.0
7,1763767876.6256707,1438.003411769867,828.0,1347.0,849.0
7,1763767876.6698308,1445.3076748847961,828.0,1351.0,846.0
7,1763767876.7005365,1449.9962120056152,828.0,1365.0,846.0
7,1763767876.7352147,1454.901936531067,828.0,1365.0,832.0
7,1763767876.770545,1459.6702604293823,828.0,1363.0,819.0
7,1763767876.8066893,1466.8622999191284,828.0,1384.0,826.0
7,1763767876.8476567,1471.7600135803223,828.0,1438.0,840.0
7,1763767876.8756912,1476.3997344970703,828.0,1440.0,847.0
7,1763767876.9058154,1481.2703757286072,828.0,1435.0,856.0
7,1763767876.9410634,1486.0151677131653,828.0,1424.0,866.0
7,1763767876.9751751,1490.7896070480347,828.0,1427.0,866.0
7,1763767877.0108752,1495.6620364189148,828.0,1453.0,875.0
7,1763767877.0399132,1500.4872589111328,828.0,1467.0,870.0
7,1763767877.075058,1507.6496510505676,828.0,1463.0,860.0
7,1763767877.1127195,1512.4953656196594,828.0,1460.0,836.0
7,1763767877.1445212,1517.3025636672974,828.0,1430.0,842.0
7,1763767877.185678,1522.0596222877502,828.0,1421.0,845.0
7,1763767877.2379274,1531.5954475402832,828.0,1430.0,849.0
7,1763767877.275367,1536.4443807601929,828.0,1457.0,853.0
7,1763767877.2950785,1538.8318328857422,828.0,1457.0,858.0
7,1763767877.3304722,1543.6323075294495,828.0,1451.0,866.0
7,1763767877.360832,1548.4998016357422,828.0,1456.0,877.0
7,1763767877.3902712,1553.3451943397522,828.0,1469.0,876.0
7,1763767877.425573,1558.050539970398,828.0,1478.0,877.0
7,1763767877.4648466,1565.1915459632874,828.0,1479.0,886.0
7,1763767877.4910388,1567.6276354789734,828.0,1472.0,876.0
7,1763767877.5356302,1574.8783974647522,828.0,1474.0,860.0
7,1763767877.5657156,1579.7284750938416,828.0,1503.0,849.0
7,1763767877.6001096,1584.523871421814,828.0,1520.0,859.0
7,1763767877.639239,1591.6015057563782,828.0,1534.0,875.0
7,1763767877.6650171,1593.9732222557068,828.0,1544.0,875.0
7,1763767877.695496,1598.8799481391907,828.0,1553.0,859.0
7,1763767877.7298937,1603.5746364593506,828.0,1557.0,861.0
7,1763767877.760118,1608.7422876358032,828.0,1561.0,861.0
7,1763767877.7899756,1613.2107048034668,828.0,1562.0,857.0
7,1763767877.8250506,1617.987576007843,828.0,1562.0,860.0
7,1763767877.8634453,1625.2967743873596,828.0,1573.0,864.0
7,1763767877.890628,1627.5876669883728,828.0,1583.0,866.0
7,1763767877.9435062,1637.261178970337,828.0,1612.0,855.0
7,1763767877.9698474,1639.6702675819397,828.0,1619.0,852.0
7,1763767878.001033,1644.465663909912,828.0,1627.0,865.0
7,1763767878.0297866,1649.1747288703918,828.0,1627.0,866.0
7,1763767878.0649812,1654.1188626289368,828.0,1624.0,858.0
7,1763767878.0951245,1658.9340000152588,828.0,1619.0,849.0
7,1763767878.1249354,1663.5974674224854,828.0,1633.0,845.0
7,1763767878.1558135,1668.4128193855286,828.0,1649.0,848.0
7,1763767878.1906962,1673.3502655029297,828.0,1647.0,860.0
7,1763767878.225549,1677.981188774109,828.0,1637.0,873.0
7,1763767878.2635868,1685.2347402572632,828.0,1636.0,881.0
7,1763767878.2988386,1689.9792103767395,828.0,1629.0,881.0
7,1763767878.343456,1697.2675232887268,828.0,1630.0,876.0
7,1763767878.38004,1702.0594506263733,828.0,1641.0,875.0
7,1763767878.4238913,1709.3141465187073,828.0,1632.0,873.0
7,1763767878.4505231,1711.6673736572266,828.0,1640.0,876.0
7,1763767878.4800377,1716.371503353119,828.0,1646.0,878.0
7,1763767878.5101836,1721.1929349899292,828.0,1652.0,876.0
8,1763767878.5459013,1726.098623752594,828.0,1646.0,877.0
8,1763767878.5752854,1726.098623752594,828.0,1648.0,876.0
8,1763767878.6053379,1726.098623752594,828.0,1648.0,875.0
8,1763767878.6359909,1726.098623752594,828.0,1634.0,855.0
8,1763767878.6651294,1726.098623752594,828.0,1665.0,845.0
8,1763767878.7053003,1726.098623752594,828.0,1668.0,852.0
8,1763767878.7455518,1726.098623752594,828.0,1675.0,849.0
8,1763767878.7658772,1726.098623752594,828.0,1659.0,838.0
8,1763767878.7951977,1726.098623752594,828.0,1657.0,838.0
8,1763767878.8208122,1726.098623752594,828.0,1657.0,841.0
8,1763767878.8607216,1726.098623752594,828.0,1661.0,840.0
8,1763767878.8901834,1726.098623752594,828.0,1664.0,838.0
8,1763767878.920608,1726.098623752594,828.0,1665.0,838.0
8,1763767878.9597933,1726.098623752594,828.0,1676.0,851.0
8,1763767878.9900928,1726.098623752594,828.0,1678.0,858.0
8,1763767879.0298045,1726.098623752594,828.0,1665.0,873.0
8,1763767879.0608227,180.48980522155762,921.0,1289.0,799.0
8,1763767879.0957818,185.2685718536377,921.0,1493.0,1241.0
8,1763767879.125918,190.08170652389526,921.0,1821.0,1249.0
8,1763767879.1819694,199.70547246932983,921.0,995.0,1061.0
8,1763767879.219947,204.4722228050232,921.0,928.0,716.0
8,1763767879.2549388,209.30298852920532,921.0,1162.0,376.0
8,1763767879.2928615,216.47482204437256,921.0,935.0,768.0
8,1763767879.3305316,221.2544469833374,921.0,301.0,1004.0
8,1763767879.3660204,226.11367988586426,921.0,328.0,975.0
8,1763767879.4104204,233.30743598937988,921.0,325.0,823.0
8,1763767879.4527586,240.46525049209595,921.0,323.0,816.0
8,1763767879.4863045,245.31300354003906,921.0,328.0,818.0
8,1763767879.5253265,250.003972530365,921.0,921.0,843.0
8,1763767879.560908,254.90021991729736,921.0,336.0,828.0
8,1763767879.5963035,262.14915800094604,921.0,904.0,759.0
8,1763767879.6304667,266.9166235923767,921.0,900.0,760.0
8,1763767879.6704154,271.66166591644287,921.0,911.0,817.0
8,1763767879.7003438,276.55319261550903,921.0,892.0,758.0
8,1763767879.7358239,281.25610637664795,921.0,916.0,872.0
8,1763767879.772716,288.6071472167969,921.0,343.0,836.0
8,1763767879.8055332,293.226411819458,921.0,351.0,837.0
8,1763767879.8369763,298.10399103164673,921.0,907.0,705.0
8,1763767879.8704507,302.9841094017029,921.0,923.0,736.0
8,1763767879.904811,307.7565817832947,921.0,905.0,677.0
8,1763767879.939866,312.45513248443604,921.0,914.0,731.0
8,1763767879.9749365,317.21247720718384,921.0,894.0,671.0
8,1763767880.0055683,322.78310346603394,921.0,367.0,842.0
8,1763767880.0481884,329.34146213531494,921.0,379.0,851.0
8,1763767880.083197,334.1328172683716,921.0,994.0,854.0
8,1763767880.104752,338.91469526290894,921.0,390.0,852.0
8,1763767880.1356578,341.2829427719116,921.0,395.0,858.0
8,1763767880.171462,348.41947841644287,921.0,425.0,860.0
8,1763767880.2000327,350.8429436683655,921.0,444.0,871.0
8,1763767880.2368822,358.16494512557983,921.0,461.0,875.0
8,1763767880.2809176,362.8049521446228,921.0,484.0,876.0
8,1763767880.324815,370.0732021331787,921.0,487.0,876.0
8,1763767880.3601084,374.7968225479126,921.0,488.0,875.0
8,1763767880.4150085,384.5011262893677,921.0,495.0,866.0
8,1763767880.4547548,389.29677295684814,921.0,494.0,865.0
8,1763767880.480556,393.9983992576599,921.0,513.0,866.0
8,1763767880.5201645,398.90519666671753,921.0,519.0,873.0
8,1763767880.558001,406.10163497924805,921.0,493.0,867.0
8,1763767880.595455,410.9145550727844,921.0,497.0,868.0
8,1763767880.6297293,415.6279830932617,921.0,503.0,880.0
8,1763767880.6597474,420.42080450057983,921.0,514.0,886.0
8,1763767880.7099204,427.6172785758972,921.0,516.0,883.0
8,1763767880.7549767,434.8668246269226,921.0,520.0,872.0
8,1763767880.790399,439.7220163345337,921.0,521.0,852.0
8,1763767880.8303525,446.9028263092041,921.0,526.0,856.0
8,1763767880.8658624,451.73934984207153,921.0,528.0,874.0
8,1763767880.8949826,456.42345237731934,921.0,531.0,869.0
8,1763767880.925203,461.31884145736694,921.0,544.0,850.0
8,1763767880.9566028,466.05776834487915,921.0,553.0,827.0
8,1763767880.991182,470.95008182525635,921.0,545.0,836.0
8,1763767881.0209286,475.7207660675049,921.0,548.0,848.0
8,1763767881.0529854,480.47435569763184,921.0,540.0,847.0
8,1763767881.0858614,485.3822617530823,921.0,553.0,834.0
8,1763767881.1199431,490.08081245422363,921.0,557.0,835.0
8,1763767881.155185,494.84802770614624,921.0,569.0,844.0
8,1763767881.196324,502.0485429763794,921.0,578.0,857.0
8,1763767881.219955,504.4700770378113,921.0,576.0,852.0
8,1763767881.2497494,509.32044076919556,921.0,578.0,832.0
8,1763767881.2809458,514.0833644866943,921.0,581.0,827.0
8,1763767881.3107264,518.8251881599426,921.0,571.0,835.0
8,1763767881.3468144,523.7174301147461,921.0,578.0,841.0
8,1763767881.3755155,528.4186630249023,921.0,577.0,857.0
8,1763767881.4099622,533.3367614746094,921.0,583.0,855.0
8,1763767881.4448018,538.0354194641113,921.0,599.0,842.0
8,1763767881.480897,542.8189425468445,921.0,617.0,834.0
8,1763767881.5106835,547.6756362915039,921.0,610.0,841.0
8,1763767881.5449276,554.9410252571106,921.0,600.0,851.0
8,1763767881.5755424,557.2444705963135,921.0,605.0,833.0
8,1763767881.6148827,564.4744901657104,921.0,629.0,835.0
8,1763767881.6556187,569.2035465240479,921.0,628.0,842.0
8,1763767881.7005477,576.4513401985168,921.0,626.0,852.0
8,1763767881.7306118,581.3099293708801,921.0,642.0,848.0
8,1763767881.7598917,586.0149173736572,921.0,656.0,843.0
8,1763767881.7951884,590.8763318061829,921.0,649.0,842.0
8,1763767881.8256192,595.5965547561646,921.0,643.0,838.0
8,1763767881.8554068,600.5321054458618,921.0,649.0,846.0
8,1763767881.8906262,605.2531151771545,921.0,650.0,843.0
8,1763767881.9249263,610.0018768310547,921.0,659.0,845.0
8,1763767881.9552374,614.7975234985352,921.0,655.0,842.0
8,1763767881.9848797,619.7035341262817,921.0,660.0,841.0
8,1763767882.0207994,624.440601348877,921.0,656.0,836.0
8,1763767882.051206,629.2633562088013,921.0,649.0,825.0
8,1763767882.086079,634.0017466545105,921.0,650.0,829.0
8,1763767882.115086,638.9260320663452,921.0,667.0,853.0
8,1763767882.1499305,643.7240390777588,921.0,675.0,857.0
8,1763767882.1803858,648.3994154930115,921.0,694.0,858.0
8,1763767882.2153082,653.2565383911133,921.0,719.0,853.0
8,1763767882.2447767,658.0609469413757,921.0,701.0,837.0
8,1763767882.2808576,662.7922921180725,921.0,688.0,826.0
8,1763767882.3156705,670.0993089675903,921.0,694.0,833.0
8,1763767882.3499687,674.9369769096375,921.0,705.0,855.0
8,1763767882.3806498,679.6024827957153,921.0,706.0,866.0
8,1763767882.4123595,684.4421534538269,921.0,715.0,855.0
8,1763767882.444931,689.2659811973572,921.0,728.0,844.0
8,1763767882.480154,694.0292625427246,921.0,742.0,847.0
8,1763767882.5147216,698.9620594978333,921.0,749.0,853.0
8,1763767882.5450299,703.7225155830383,921.0,742.0,857.0
8,1763767882.581021,708.5404782295227,921.0,726.0,873.0
8,1763767882.614904,713.2015137672424,921.0,727.0,870.0
8,1763767882.6451573,718.17733335495,921.0,741.0,867.0
8,1763767882.6803274,722.8795318603516,921.0,756.0,863.0
8,1763767882.7181842,730.0985007286072,921.0,751.0,870.0
8,1763767882.7660053,737.1960549354553,921.0,750.0,868.0
8,1763767882.8117163,744.434371471405,921.0,747.0,865.0
8,1763767882.8447309,749.1915731430054,921.0,752.0,851.0
8,1763767882.8697736,751.729944229126,921.0,764.0,843.0
8,1763767882.9085357,758.8493137359619,921.0,765.0,866.0
8,1763767882.9354908,761.3390474319458,921.0,771.0,879.0
8,1763767882.9650626,766.1781101226807,921.0,784.0,874.0
8,1763767882.9949875,770.8127527236938,921.0,791.0,869.0
8,1763767883.0297122,775.5980281829834,921.0,804.0,873.0
8,1763767883.060176,780.393388748169,921.0,796.0,873.0
8,1763767883.0955768,785.2039484977722,921.0,805.0,867.0
8,1763767883.1332471,792.5734071731567,921.0,803.0,869.0
8,1763767883.154816,795.6445364952087,921.0,808.0,874.0
8,1763767883.2048252,802.0802645683289,921.0,807.0,872.0
8,1763767883.2384226,806.9182543754578,921.0,810.0,876.0
8,1763767883.2754486,814.0506772994995,921.0,815.0,871.0
8,1763767883.3050284,818.9561514854431,921.0,822.0,850.0
8,1763767883.330687,821.3050870895386,921.0,821.0,843.0
8,1763767883.3646748,826.0932235717773,921.0,844.0,849.0
8,1763767883.400529,830.8472781181335,921.0,855.0,861.0
8,1763767883.4258187,836.295488357544,921.0,861.0,862.0
8,1763767883.471682,842.9340987205505,921.0,859.0,860.0
8,1763767883.5188391,850.14595079422,921.0,858.0,861.0
8,1763767883.540056,852.4449973106384,921.0,851.0,863.0
8,1763767883.5719006,857.2035222053528,921.0,856.0,866.0
8,1763767883.6056018,862.0625405311584,921.0,866.0,859.0
8,1763767883.6400087,866.9088273048401,921.0,866.0,857.0
8,1763767883.6757677,874.0810542106628,921.0,869.0,856.0
8,1763767883.7086577,878.8201599121094,921.0,870.0,854.0
8,1763767883.7356164,881.3377528190613,921.0,874.0,855.0
8,1763767883.7712154,888.405158996582,921.0,864.0,858.0
8,1763767883.7998877,890.8435015678406,921.0,895.0,859.0
8,1763767883.8388927,898.1703310012817,921.0,909.0,858.0
8,1763767883.8706968,902.8626232147217,921.0,901.0,852.0
8,1763767883.9165807,910.0222973823547,921.0,898.0,861.0
8,1763767883.9484081,914.846661567688,921.0,906.0,876.0
8,1763767883.9804091,919.6422724723816,921.0,909.0,876.0
8,1763767884.0131688,924.5416312217712,921.0,913.0,873.0
8,1763767884.0452266,929.3117790222168,921.0,918.0,870.0
8,1763767884.080117,933.9967041015625,921.0,911.0,859.0
8,1763767884.1149874,938.8025074005127,921.0,906.0,852.0
8,1763767884.1402578,943.778398513794,921.0,913.0,865.0
8,1763767884.1718037,948.4481244087219,921.0,925.0,864.0
8,1763767884.2097828,953.3373265266418,921.0,928.0,867.0
8,1763767884.2400768,958.0801515579224,921.0,918.0,870.0
8,1763767884.2707038,962.8412156105042,921.0,923.0,863.0
8,1763767884.3032942,967.5895481109619,921.0,924.0,855.0
8,1763767884.3348734,972.4234609603882,921.0,928.0,855.0
8,1763767884.3654642,977.3897318840027,921.0,926.0,859.0
8,1763767884.3967907,982.0856003761292,921.0,935.0,859.0
8,1763767884.43049,986.9160442352295,921.0,952.0,859.0
8,1763767884.464917,991.7394785881042,921.0,961.0,861.0
8,1763767884.4998448,996.5338020324707,921.0,954.0,859.0
8,1763767884.5302067,1001.2015252113342,921.0,954.0,851.0
8,1763767884.5649836,1006.0693769454956,921.0,954.0,851.0
8,1763767884.6003966,1010.8999638557434,921.0,970.0,858.0
8,1763767884.6301365,1015.731945514679,921.0,970.0,852.0
8,1763767884.6650145,1022.9540615081787,921.0,975.0,857.0
8,1763767884.6956396,1025.3434448242188,921.0,984.0,874.0
8,1763767884.7321322,1032.5426726341248,921.0,993.0,883.0
8,1763767884.7651818,1037.2935800552368,921.0,992.0,868.0
8,1763767884.7971263,1042.1234159469604,921.0,1007.0,861.0
8,1763767884.8276415,1046.8404560089111,921.0,1026.0,863.0
8,1763767884.8611922,1051.7109184265137,921.0,1035.0,871.0
8,1763767884.8959885,1056.4008502960205,921.0,1037.0,871.0
8,1763767884.9352307,1061.322024345398,921.0,1029.0,874.0
8,1763767884.9800017,1068.4418230056763,921.0,1018.0,888.0
8,1763767885.024064,1075.7553486824036,921.0,1007.0,880.0
8,1763767885.070864,1082.8503637313843,921.0,1029.0,872.0
8,1763767885.1002076,1087.6050262451172,921.0,1042.0,874.0
8,1763767885.1257124,1090.1055603027344,921.0,1041.0,870.0
8,1763767885.1604476,1094.800570487976,921.0,1045.0,874.0
8,1763767885.1902735,1099.733045578003,921.0,1051.0,881.0
8,1763767885.2286737,1106.8553476333618,921.0,1058.0,885.0
8,1763767885.2603617,1111.6383700370789,921.0,1071.0,899.0
8,1763767885.2924805,1116.473105430603,921.0,1080.0,895.0
8,1763767885.340649,1123.64608335495,921.0,1091.0,901.0
8,1763767885.3761437,1128.5213379859924,921.0,1102.0,902.0
8,1763767885.4048855,1133.2940607070923,921.0,1098.0,894.0
8,1763767885.4308054,1135.604444026947,921.0,1091.0,895.0
8,1763767885.475351,1142.8626804351807,921.0,1081.0,908.0
8,1763767885.510493,1147.740617275238,921.0,1083.0,910.0
8,1763767885.5407617,1152.5222091674805,921.0,1103.0,917.0
8,1763767885.575265,1157.3588757514954,921.0,1109.0,906.0
8,1763767885.6056502,1162.1196179389954,921.0,1112.0,904.0
8,1763767885.6407473,1166.8403415679932,921.0,1112.0,895.0
8,1763767885.6705306,1171.6903834342957,921.0,1112.0,887.0
8,1763767885.7084439,1178.8196234703064,921.0,1117.0,888.0
8,1763767885.7349212,1181.2513856887817,921.0,1130.0,891.0
8,1763767885.7735746,1188.4354500770569,921.0,1129.0,893.0
8,1763767885.8008833,1190.8584146499634,921.0,1120.0,893.0
8,1763767885.8296964,1195.878794670105,921.0,1138.0,899.0
8,1763767885.8704834,1202.8031497001648,921.0,1156.0,909.0
8,1763767885.8999228,1207.6830534934998,921.0,1154.0,903.0
8,1763767885.932591,1212.4319581985474,921.0,1158.0,890.0
8,1763767885.975856,1217.312219619751,921.0,1162.0,896.0
8,1763767886.0141041,1224.5080499649048,921.0,1164.0,908.0
8,1763767886.046373,1229.3250827789307,921.0,1163.0,903.0
8,1763767886.0920405,1236.5240602493286,921.0,1174.0,900.0
8,1763767886.130383,1241.1823778152466,921.0,1194.0,909.0
8,1763767886.1649027,1246.276071548462,921.0,1196.0,911.0
8,1763767886.2100046,1253.1949906349182,921.0,1224.0,900.0
8,1763767886.2453003,1258.1238179206848,921.0,1222.0,895.0
8,1763767886.270538,1262.9118113517761,921.0,1222.0,888.0
8,1763767886.3000345,1267.6555662155151,921.0,1223.0,881.0
8,1763767886.345237,1274.9874382019043,921.0,1230.0,891.0
8,1763767886.3860078,1279.5828490257263,921.0,1231.0,898.0
8,1763767886.4113998,1284.4353227615356,921.0,1211.0,896.0
8,1763767886.439966,1286.8462352752686,921.0,1216.0,898.0
8,1763767886.4756558,1293.9996151924133,921.0,1221.0,912.0
8,1763767886.5149043,1298.826232433319,921.0,1227.0,911.0
8,1763767886.5565639,1306.0117630958557,921.0,1230.0,909.0
8,1763767886.5895798,1310.8085899353027,921.0,1233.0,916.0
8,1763767886.6154838,1313.3295803070068,921.0,1219.0,923.0
8,1763767886.6458209,1318.1496171951294,921.0,1211.0,919.0
8,1763767886.6805906,1322.8725581169128,921.0,1217.0,917.0
8,1763767886.7161083,1330.1364450454712,921.0,1230.0,916.0
8,1763767886.7507422,1334.9554090499878,921.0,1277.0,928.0
8,1763767886.7848747,1339.747121810913,921.0,1291.0,929.0
8,1763767886.8147223,1344.419243812561,921.0,1307.0,917.0
8,1763767886.8450627,1349.3022232055664,921.0,1315.0,914.0
8,1763767886.8760438,1354.1249423027039,921.0,1323.0,911.0
8,1763767886.9197545,1358.9242367744446,921.0,1322.0,910.0
8,1763767886.9577737,1366.0945324897766,921.0,1317.0,915.0
8,1763767886.985006,1370.952799797058,921.0,1321.0,930.0
8,1763767887.0153658,1373.3115344047546,921.0,1329.0,927.0
8,1763767887.0456367,1378.6555318832397,921.0,1335.0,927.0
8,1763767887.094649,1385.2856664657593,921.0,1338.0,932.0
8,1763767887.1349893,1392.4822120666504,921.0,1327.0,944.0
8,1763767887.1706245,1397.260585308075,921.0,1324.0,946.0
8,1763767887.2138252,1404.554548740387,921.0,1330.0,942.0
8,1763767887.2551904,1409.3041687011719,921.0,1347.0,937.0
8,1763767887.2967641,1416.4176015853882,921.0,1355.0,941.0
8,1763767887.320001,1418.8743977546692,921.0,1360.0,945.0
8,1763767887.350359,1423.5777049064636,921.0,1366.0,944.0
8,1763767887.3798447,1428.483250617981,921.0,1392.0,941.0
8,1763767887.41459,1433.1979303359985,921.0,1403.0,934.0
8,1763767887.4446335,1438.0731492042542,921.0,1418.0,937.0
8,1763767887.4748526,1442.9276614189148,921.0,1421.0,945.0
8,1763767887.5081031,1447.6363687515259,921.0,1416.0,951.0
8,1763767887.5477018,1454.8786549568176,921.0,1403.0,941.0
8,1763767887.5747166,1457.305911064148,921.0,1407.0,937.0
8,1763767887.6113272,1464.436402797699,921.0,1387.0,943.0
8,1763767887.6450791,1469.290521621704,921.0,1394.0,950.0
8,1763767887.67612,1474.126651763916,921.0,1417.0,959.0
8,1763767887.707727,1478.8792400360107,921.0,1412.0,966.0
8,1763767887.7396183,1483.6005716323853,921.0,1399.0,958.0
8,1763767887.77192,1488.4920268058777,921.0,1408.0,962.0
8,1763767887.806132,1493.2612805366516,921.0,1422.0,979.0
8,1763767887.8396893,1497.9801445007324,921.0,1428.0,980.0
8,1763767887.869871,1502.7978210449219,921.0,1435.0,981.0
8,1763767887.9054928,1507.708981513977,921.0,1436.0,976.0
8,1763767887.9501486,1514.8915438652039,921.0,1434.0,975.0
8,1763767887.9906602,1519.621208190918,921.0,1440.0,961.0
8,1763767888.014773,1524.433448791504,921.0,1459.0,961.0
8,1763767888.0508618,1529.1850357055664,921.0,1481.0,959.0
8,1763767888.084876,1534.0473799705505,921.0,1495.0,973.0
8,1763767888.1148677,1538.9112620353699,921.0,1512.0,975.0
8,1763767888.1500192,1543.6801223754883,921.0,1515.0,980.0
8,1763767888.1931016,1550.9202628135681,921.0,1519.0,969.0
8,1763767888.2196188,1555.6895880699158,921.0,1517.0,974.0
8,1763767888.2527838,1560.5270771980286,921.0,1500.0,969.0
8,1763767888.2904315,1565.2565269470215,921.0,1490.0,969.0
8,1763767888.3351095,1572.3904519081116,921.0,1502.0,973.0
8,1763767888.3706768,1577.1834878921509,921.0,1521.0,966.0
8,1763767888.4055939,1582.1306614875793,921.0,1520.0,971.0
8,1763767888.440026,1586.8165879249573,921.0,1517.0,977.0
8,1763767888.470121,1591.7534976005554,921.0,1523.0,973.0
8,1763767888.5001523,1596.3723330497742,921.0,1529.0,973.0
8,1763767888.534805,1601.3245134353638,921.0,1530.0,972.0
8,1763767888.5651627,1605.9754996299744,921.0,1525.0,970.0
8,1763767888.604797,1613.200583934784,921.0,1528.0,962.0
8,1763767888.6404428,1617.9975538253784,921.0,1537.0,955.0
8,1763767888.669626,1622.8744893074036,921.0,1550.0,968.0
8,1763767888.6998117,1627.6920228004456,921.0,1548.0,968.0
8,1763767888.7325273,1632.4188261032104,921.0,1534.0,960.0
8,1763767888.7805946,1639.57728433609,921.0,1531.0,962.0
8,1763767888.8209596,1644.3767218589783,921.0,1553.0,974.0
8,1763767888.8453994,1649.2405323982239,921.0,1567.0,973.0
8,1763767888.8758805,1654.1086702346802,921.0,1559.0,958.0
8,1763767888.9099534,1658.8525323867798,921.0,1562.0,948.0
8,1763767888.944885,1663.6583714485168,921.0,1569.0,942.0
8,1763767888.9752128,1668.5324459075928,921.0,1584.0,945.0
8,1763767889.00529,1673.2533841133118,921.0,1615.0,954.0
8,1763767889.0402107,1678.0431656837463,921.0,1627.0,955.0
8,1763767889.0905545,1685.2773694992065,921.0,1625.0,957.0
8,1763767889.1247945,1690.1199011802673,921.0,1619.0,948.0
8,1763767889.1552327,1694.8661236763,921.0,1626.0,937.0
8,1763767889.1848054,1699.7340111732483,921.0,1628.0,930.0
8,1763767889.215697,1704.4034152030945,921.0,1638.0,933.0
8,1763767889.2497241,1709.2541365623474,921.0,1640.0,932.0
8,1763767889.2848785,1714.0620856285095,921.0,1646.0,942.0
8,1763767889.3150992,1718.9133076667786,921.0,1655.0,951.0
8,1763767889.3496933,1723.707130432129,921.0,1658.0,965.0
9,1763767889.3997655,1726.018193244934,921.0,1653.0,986.0
9,1763767889.4351923,1726.018193244934,921.0,1651.0,984.0
9,1763767889.4748573,1726.018193244934,921.0,1659.0,978.0
9,1763767889.4999745,1726.018193244934,921.0,1667.0,992.0
9,1763767889.53017,1726.018193244934,921.0,1679.0,992.0
9,1763767889.5597792,1726.018193244934,921.0,1688.0,996.0
9,1763767889.5898418,1726.018193244934,921.0,1694.0,1006.0
9,1763767889.620584,1726.018193244934,921.0,1695.0,1016.0
9,1763767889.6500194,1726.018193244934,921.0,1704.0,1020.0
9,1763767889.6808398,1726.018193244934,921.0,1709.0,1014.0
9,1763767889.714582,1726.018193244934,921.0,1707.0,1013.0
9,1763767889.7453103,1726.018193244934,921.0,1708.0,1018.0
9,1763767889.7851784,1726.018193244934,921.0,1708.0,1013.0
9,1763767889.8148434,1726.018193244934,921.0,1701.0,1015.0
9,1763767889.8499389,1726.018193244934,921.0,1696.0,1021.0
9,1763767889.8845618,180.4630904197693,1014.0,1701.0,1025.0
9,1763767889.9217355,187.62212085723877,1014.0,1274.0,862.0
9,1763767889.9552667,192.48968648910522,1014.0,1481.0,1248.0
9,1763767889.9864953,197.36862468719482,1014.0,1045.0,1081.0
9,1763767890.0254085,202.04725551605225,1014.0,1284.0,316.0
9,1763767890.054543,206.8275957107544,1014.0,1860.0,540.0
9,1763767890.090801,211.73757600784302,1014.0,1057.0,861.0
9,1763767890.1197343,216.44503164291382,1014.0,1081.0,1036.0
9,1763767890.1546216,221.37997436523438,1014.0,1045.0,808.0
9,1763767890.1926675,228.934898853302,1014.0,1059.0,1033.0
9,1763767890.2202373,230.83039808273315,1014.0,1054.0,1061.0
9,1763767890.268023,238.15175580978394,1014.0,1053.0,1061.0
9,1763767890.2996588,242.87330198287964,1014.0,1056.0,894.0
9,1763767890.3298979,247.78206634521484,1014.0,1820.0,1669.0
9,1763767890.3653505,252.56172704696655,1014.0,1998.0,1628.0
9,1763767890.4023244,259.70984983444214,1014.0,2175.0,1500.0
9,1763767890.4327776,264.41905784606934,1014.0,1950.0,1402.0
9,1763767890.4704397,269.25722646713257,1014.0,1851.0,1727.0
9,1763767890.5103536,276.5878109931946,1014.0,1816.0,1723.0
9,1763767890.5499108,281.2439112663269,1014.0,2031.0,1609.0
9,1763767890.5897572,288.49835681915283,1014.0,2149.0,1669.0
9,1763767890.6253166,293.2184724807739,1014.0,2139.0,1587.0
9,1763767890.6602986,298.0592517852783,1014.0,2026.0,1611.0
9,1763767890.6919158,302.8250365257263,1014.0,2028.0,1655.0
9,1763767890.7303343,307.66341972351074,1014.0,1074.0,897.0
9,1763767890.7649832,312.4202995300293,1014.0,1036.0,972.0
9,1763767890.7953722,317.227819442749,1014.0,1034.0,973.0
9,1763767890.8312733,324.5641975402832,1014.0,1033.0,973.0
9,1763767890.8603375,326.8243341445923,1014.0,1037.0,1088.0
9,1763767890.897334,334.12977743148804,1014.0,1036.0,1088.0
9,1763767890.9256663,336.5086464881897,1014.0,1041.0,1062.0
9,1763767890.9611363,343.70247411727905,1014.0,1026.0,838.0
9,1763767890.9900546,348.5429673194885,1014.0,1037.0,1067.0
9,1763767891.0347428,353.3404378890991,1014.0,1036.0,1071.0
9,1763767891.0723643,360.42390155792236,1014.0,1042.0,879.0
9,1763767891.1046832,365.2546315193176,1014.0,1053.0,967.0
9,1763767891.140739,370.01101064682007,1014.0,1051.0,969.0
9,1763767891.1753764,374.9231367111206,1014.0,1049.0,971.0
9,1763767891.205441,379.77725553512573,1014.0,1048.0,1115.0
9,1763767891.2400627,384.5053462982178,1014.0,485.0,1074.0
9,1763767891.2756588,389.2686276435852,1014.0,1034.0,1028.0
9,1763767891.3105228,396.6131954193115,1014.0,1039.0,1003.0
9,1763767891.3453958,401.37976694107056,1014.0,1031.0,891.0
9,1763767891.3774304,405.99620628356934,1014.0,1049.0,1065.0
9,1763767891.4106195,410.9015374183655,1014.0,1044.0,924.0
9,1763767891.4455178,415.61178255081177,1014.0,1046.0,897.0
9,1763767891.4757185,420.50216484069824,1014.0,1032.0,1121.0
9,1763767891.5101779,425.21198081970215,1014.0,1046.0,871.0
9,1763767891.5398223,430.03341245651245,1014.0,487.0,1069.0
9,1763767891.5745418,434.8362832069397,1014.0,1040.0,873.0
9,1763767891.6190605,442.09974098205566,1014.0,1046.0,1131.0
9,1763767891.6597242,446.87335777282715,1014.0,1095.0,1143.0
9,1763767891.698603,454.112961769104,1014.0,1044.0,799.0
9,1763767891.7355204,458.88622093200684,1014.0,1069.0,943.0
9,1763767891.764986,463.78057289123535,1014.0,1062.0,807.0
9,1763767891.7998686,468.5465006828308,1014.0,1082.0,1150.0
9,1763767891.8352535,473.36203145980835,1014.0,545.0,1049.0
9,1763767891.880179,480.41910219192505,1014.0,549.0,1046.0
9,1763767891.9151475,485.331907749176,1014.0,577.0,1037.0
9,1763767891.945098,490.16639280319214,1014.0,581.0,1027.0
9,1763767891.9752893,494.9782042503357,1014.0,588.0,982.0
9,1763767892.020202,502.06002283096313,1014.0,590.0,983.0
9,1763767892.0604444,506.8424015045166,1014.0,566.0,952.0
9,1763767892.0817752,511.68343114852905,1014.0,586.0,926.0
9,1763767892.1203973,516.4903430938721,1014.0,588.0,918.0
9,1763767892.1462965,521.2957172393799,1014.0,597.0,916.0
9,1763767892.179472,526.1398940086365,1014.0,611.0,922.0
9,1763767892.2105367,530.9352903366089,1014.0,619.0,935.0
9,1763767892.242469,535.6777577400208,1014.0,628.0,936.0
9,1763767892.274891,540.6049757003784,1014.0,630.0,943.0
9,1763767892.3054917,545.2302484512329,1014.0,627.0,944.0
9,1763767892.3370917,549.9987511634827,1014.0,625.0,932.0
9,1763767892.3801336,554.9521832466125,1014.0,620.0,925.0
9,1763767892.4207783,562.4787836074829,1014.0,622.0,921.0
9,1763767892.4449332,564.4361524581909,1014.0,609.0,926.0
9,1763767892.4748619,569.3263916969299,1014.0,611.0,934.0
9,1763767892.513528,576.4102129936218,1014.0,619.0,935.0
9,1763767892.5397966,578.994074344635,1014.0,626.0,928.0
9,1763767892.5699973,583.6681990623474,1014.0,626.0,916.0
9,1763767892.6098585,588.3935360908508,1014.0,623.0,927.0
9,1763767892.6354487,593.2353167533875,1014.0,626.0,930.0
9,1763767892.6819181,600.4297881126404,1014.0,624.0,930.0
9,1763767892.7146304,605.3885488510132,1014.0,637.0,923.0
9,1763767892.7706325,614.9642496109009,1014.0,639.0,927.0
9,1763767892.8007545,619.5937066078186,1014.0,647.0,940.0
9,1763767892.8348894,624.46817445755,1014.0,655.0,935.0
9,1763767892.8596144,626.7983703613281,1014.0,670.0,941.0
9,1763767892.8903854,631.6682963371277,1014.0,666.0,940.0
9,1763767892.9203393,636.4212779998779,1014.0,666.0,946.0
9,1763767892.9545093,641.3296847343445,1014.0,665.0,937.0
9,1763767892.9850097,646.1234359741211,1014.0,668.0,921.0
9,1763767893.0196123,650.902238368988,1014.0,687.0,930.0
9,1763767893.050763,655.9446125030518,1014.0,698.0,924.0
9,1763767893.0848246,660.5746417045593,1014.0,702.0,927.0
9,1763767893.1155124,665.2403264045715,1014.0,705.0,920.0
9,1763767893.1499915,672.5335030555725,1014.0,706.0,914.0
9,1763767893.179995,674.8506455421448,1014.0,738.0,893.0
9,1763767893.2101479,679.7226457595825,1014.0,726.0,883.0
9,1763767893.2397327,684.5314531326294,1014.0,719.0,889.0
9,1763767893.2811108,691.6651635169983,1014.0,717.0,894.0
9,1763767893.304532,694.4048790931702,1014.0,731.0,903.0
9,1763767893.3351266,698.9389925003052,1014.0,742.0,905.0
9,1763767893.3697958,703.6342887878418,1014.0,746.0,909.0
9,1763767893.4051185,708.7040214538574,1014.0,741.0,911.0
9,1763767893.4410653,715.7089858055115,1014.0,741.0,909.0
9,1763767893.470104,720.5503730773926,1014.0,756.0,928.0
9,1763767893.5049615,725.3301410675049,1014.0,760.0,937.0
9,1763767893.5365388,730.052903175354,1014.0,770.0,932.0
9,1763767893.5701149,734.808602809906,1014.0,770.0,926.0
9,1763767893.6022282,739.7589235305786,1014.0,770.0,917.0
9,1763767893.6406474,744.477644443512,1014.0,774.0,921.0
9,1763767893.6753914,749.3444948196411,1014.0,779.0,927.0
9,1763767893.7048123,754.0088562965393,1014.0,788.0,933.0
9,1763767893.7352467,758.9152245521545,1014.0,792.0,934.0
9,1763767893.7694912,763.644280910492,1014.0,802.0,940.0
9,1763767893.8054287,768.4933214187622,1014.0,802.0,948.0
9,1763767893.8503559,775.6568937301636,1014.0,808.0,954.0
9,1763767893.8945074,782.8387408256531,1014.0,811.0,954.0
9,1763767893.9303033,787.771466255188,1014.0,813.0,952.0
9,1763767893.960654,792.5387887954712,1014.0,815.0,955.0
9,1763767893.9957442,797.373345375061,1014.0,820.0,965.0
9,1763767894.0348332,804.4074206352234,1014.0,837.0,965.0
9,1763767894.074739,809.2612533569336,1014.0,845.0,965.0
9,1763767894.0998766,813.9926342964172,1014.0,840.0,964.0
9,1763767894.125821,816.4412407875061,1014.0,837.0,956.0
9,1763767894.1609025,823.697295665741,1014.0,842.0,951.0
9,1763767894.1946063,828.4629015922546,1014.0,846.0,960.0
9,1763767894.2295215,833.2974939346313,1014.0,852.0,967.0
9,1763767894.2571526,838.0918889045715,1014.0,853.0,953.0
9,1763767894.2901368,842.9268746376038,1014.0,842.0,942.0
9,1763767894.3219168,847.705069065094,1014.0,839.0,934.0
9,1763767894.3546987,852.5940923690796,1014.0,849.0,936.0
9,1763767894.4003026,859.597912311554,1014.0,859.0,946.0
9,1763767894.4344866,864.502206325531,1014.0,866.0,939.0
9,1763767894.4597118,866.824713230133,1014.0,889.0,947.0
9,1763767894.4965167,874.0495471954346,1014.0,887.0,964.0
9,1763767894.524611,876.4376072883606,1014.0,883.0,968.0
9,1763767894.5555892,881.188157081604,1014.0,886.0,946.0
9,1763767894.5894608,888.4539036750793,1014.0,886.0,935.0
9,1763767894.6198337,890.933874130249,1014.0,885.0,940.0
9,1763767894.6616795,898.1514840126038,1014.0,887.0,957.0
9,1763767894.6957161,902.8754262924194,1014.0,889.0,962.0
9,1763767894.7205925,907.5883536338806,1014.0,894.0,957.0
9,1763767894.7545853,912.5584511756897,1014.0,909.0,955.0
9,1763767894.7898612,917.1919493675232,1014.0,915.0,958.0
9,1763767894.818717,922.146990776062,1014.0,906.0,956.0
9,1763767894.8507133,926.8607048988342,1014.0,896.0,952.0
9,1763767894.8821425,931.7500858306885,1014.0,895.0,960.0
9,1763767894.9300766,936.4025025367737,1014.0,922.0,957.0
9,1763767894.9643538,943.701150894165,1014.0,941.0,957.0
9,1763767895.0123496,950.8971242904663,1014.0,949.0,941.0
9,1763767895.0453045,955.7958750724792,1014.0,950.0,955.0
9,1763767895.079673,960.4841618537903,1014.0,962.0,965.0
9,1763767895.1057906,965.3718619346619,1014.0,970.0,957.0
9,1763767895.139841,970.1186923980713,1014.0,969.0,950.0
9,1763767895.1802704,974.8704223632812,1014.0,960.0,952.0
9,1763767895.2198699,982.0009498596191,1014.0,954.0,955.0
9,1763767895.244795,984.4576745033264,1014.0,934.0,960.0
9,1763767895.2801206,991.7374043464661,1014.0,942.0,945.0
9,1763767895.3096159,996.4771537780762,1014.0,949.0,933.0
9,1763767895.3501382,1001.2311010360718,1014.0,946.0,936.0
9,1763767895.3849797,1006.0139446258545,1014.0,945.0,943.0
9,1763767895.414507,1010.7887773513794,1014.0,953.0,937.0
9,1763767895.46444,1018.1149988174438,1014.0,971.0,928.0
9,1763767895.505152,1025.1842288970947,1014.0,973.0,934.0
9,1763767895.545957,1030.0799040794373,1014.0,984.0,939.0
9,1763767895.5754292,1034.891107559204,1014.0,990.0,935.0
9,1763767895.6048017,1039.71954870224,1014.0,990.0,930.0
9,1763767895.640264,1044.509473323822,1014.0,988.0,934.0
9,1763767895.6702082,1049.272325515747,1014.0,997.0,939.0
9,1763767895.7065573,1054.0961890220642,1014.0,1005.0,957.0
9,1763767895.749864,1061.2168459892273,1014.0,1011.0,970.0
9,1763767895.7789483,1066.0697131156921,1014.0,1007.0,963.0
9,1763767895.8129785,1070.8616046905518,1014.0,1004.0,951.0
9,1763767895.835642,1073.5174565315247,1014.0,1015.0,947.0
9,1763767895.884482,1080.469563484192,1014.0,1024.0,951.0
9,1763767895.9219005,1087.6413254737854,1014.0,1032.0,954.0
9,1763767895.9496412,1092.48096036911,1014.0,1051.0,952.0
9,1763767895.9848406,1097.2498922348022,1014.0,1059.0,954.0
9,1763767896.0179698,1102.0911722183228,1014.0,1059.0,951.0
9,1763767896.0599942,1106.9355635643005,1014.0,1059.0,943.0
9,1763767896.104424,1114.0355138778687,1014.0,1060.0,945.0
9,1763767896.146746,1121.3687090873718,1014.0,1052.0,943.0
9,1763767896.1763709,1126.0310678482056,1014.0,1068.0,937.0
9,1763767896.2054834,1128.5136489868164,1014.0,1073.0,942.0
9,1763767896.2503858,1135.6119184494019,1014.0,1064.0,941.0
9,1763767896.2849174,1140.4523401260376,1014.0,1061.0,942.0
9,1763767896.3147504,1145.2524213790894,1014.0,1064.0,938.0
9,1763767896.3523736,1152.4295120239258,1014.0,1077.0,946.0
9,1763767896.3805351,1154.8997192382812,1014.0,1091.0,954.0
9,1763767896.4170716,1162.1076016426086,1014.0,1101.0,942.0
9,1763767896.4502647,1166.8956308364868,1014.0,1109.0,930.0
9,1763767896.4812825,1171.7641978263855,1014.0,1115.0,942.0
9,1763767896.515452,1176.5523343086243,1014.0,1103.0,964.0
9,1763767896.5496745,1181.2376527786255,1014.0,1102.0,970.0
9,1763767896.5806139,1186.0702424049377,1014.0,1112.0,956.0
9,1763767896.6332657,1193.2454376220703,1014.0,1118.0,954.0
9,1763767896.6731572,1200.8572964668274,1014.0,1113.0,959.0
9,1763767896.7062924,1205.2677063941956,1014.0,1115.0,956.0
9,1763767896.7374272,1210.042682170868,1014.0,1123.0,951.0
9,1763767896.7745333,1214.8300676345825,1014.0,1141.0,958.0
9,1763767896.8100488,1219.7617559432983,1014.0,1129.0,988.0
9,1763767896.8399162,1224.3818073272705,1014.0,1129.0,978.0
9,1763767896.8748717,1229.5345811843872,1014.0,1135.0,970.0
9,1763767896.9120145,1236.8369488716125,1014.0,1141.0,957.0
9,1763767896.945483,1241.3288264274597,1014.0,1151.0,944.0
9,1763767896.9783914,1246.0889248847961,1014.0,1158.0,939.0
9,1763767897.0194092,1250.8224515914917,1014.0,1174.0,942.0
9,1763767897.0565207,1258.0489664077759,1014.0,1208.0,941.0
9,1763767897.085269,1260.4644565582275,1014.0,1199.0,949.0
9,1763767897.1146634,1265.3054146766663,1014.0,1205.0,949.0
9,1763767897.148306,1270.051100730896,1014.0,1214.0,944.0
9,1763767897.190615,1277.3114113807678,1014.0,1212.0,943.0
9,1763767897.235016,1284.4866781234741,1014.0,1194.0,945.0
9,1763767897.280506,1291.6552929878235,1014.0,1196.0,929.0
9,1763767897.3051136,1294.142988204956,1014.0,1215.0,936.0
9,1763767897.3468084,1301.2225894927979,1014.0,1222.0,956.0
9,1763767897.3947756,1308.3987503051758,1014.0,1234.0,957.0
9,1763767897.4301648,1313.3100895881653,1014.0,1221.0,958.0
9,1763767897.4655516,1317.9950861930847,1014.0,1211.0,969.0
9,1763767897.4954348,1322.8686599731445,1014.0,1215.0,979.0
9,1763767897.5214932,1327.6884107589722,1014.0,1194.0,979.0
9,1763767897.5601344,1332.4019103050232,1014.0,1197.0,978.0
9,1763767897.5946538,1337.232997894287,1014.0,1202.0,975.0
9,1763767897.624858,1342.183533191681,1014.0,1205.0,970.0
9,1763767897.6703405,1349.2427139282227,1014.0,1214.0,976.0
9,1763767897.715029,1356.47398519516,1014.0,1223.0,966.0
9,1763767897.7551022,1361.224856853485,1014.0,1234.0,949.0
9,1763767897.7794313,1365.9804491996765,1014.0,1262.0,937.0
9,1763767897.8098829,1370.888855934143,1014.0,1260.0,939.0
9,1763767897.8413944,1375.7597117424011,1014.0,1249.0,943.0
9,1763767897.874845,1380.4614095687866,1014.0,1249.0,946.0
9,1763767897.9103053,1385.1785926818848,1014.0,1259.0,949.0
9,1763767897.940042,1389.987042427063,1014.0,1270.0,948.0
9,1763767897.9754653,1394.8551087379456,1014.0,1280.0,957.0
9,1763767898.0104556,1399.7263579368591,1014.0,1289.0,960.0
9,1763767898.0447202,1404.4719367027283,1014.0,1285.0,957.0
9,1763767898.0746233,1409.2626838684082,1014.0,1287.0,955.0
9,1763767898.1148827,1416.410198688507,1014.0,1293.0,954.0
9,1763767898.151476,1421.2820558547974,1014.0,1302.0,953.0
9,1763767898.181244,1426.0542063713074,1014.0,1293.0,949.0
9,1763767898.2100306,1430.85564661026,1014.0,1302.0,958.0
9,1763767898.2418213,1435.6839089393616,1014.0,1322.0,959.0
9,1763767898.2853622,1440.4796271324158,1014.0,1312.0,962.0
9,1763767898.3249712,1447.6479558944702,1014.0,1322.0,977.0
9,1763767898.3654473,1452.4076609611511,1014.0,1303.0,988.0
9,1763767898.4050033,1459.7477226257324,1014.0,1303.0,979.0
9,1763767898.4398756,1464.4276051521301,1014.0,1338.0,979.0
9,1763767898.4702127,1469.1780834197998,1014.0,1343.0,983.0
9,1763767898.513585,1477.072539806366,1014.0,1341.0,976.0
9,1763767898.535167,1478.8293867111206,1014.0,1351.0,977.0
9,1763767898.5702224,1483.7127594947815,1014.0,1358.0,978.0
9,1763767898.605145,1488.465669631958,1014.0,1355.0,973.0
9,1763767898.6407106,1495.6445126533508,1014.0,1362.0,986.0
9,1763767898.6793764,1500.3743557929993,1014.0,1375.0,984.0
9,1763767898.7101057,1505.3053646087646,1014.0,1382.0,982.0
9,1763767898.7452734,1510.1207523345947,1014.0,1369.0,998.0
9,1763767898.7745073,1514.8578910827637,1014.0,1368.0,1002.0
9,1763767898.8103313,1519.7391896247864,1014.0,1388.0,995.0
9,1763767898.8448145,1524.4489698410034,1014.0,1396.0,996.0
9,1763767898.874931,1529.2494444847107,1014.0,1413.0,1011.0
9,1763767898.915583,1536.4057211875916,1014.0,1430.0,1013.0
9,1763767898.9498632,1541.2780075073242,1014.0,1427.0,1011.0
9,1763767898.9825468,1546.0329203605652,1014.0,1410.0,997.0
9,1763767899.0150642,1550.922444343567,1014.0,1417.0,982.0
9,1763767899.0499215,1555.7318239212036,1014.0,1449.0,981.0
9,1763767899.0797706,1560.5767874717712,1014.0,1457.0,973.0
9,1763767899.1101696,1565.1941208839417,1014.0,1481.0,985.0
9,1763767899.1399481,1570.0381546020508,1014.0,1483.0,996.0
9,1763767899.18032,1574.81077003479,1014.0,1484.0,1016.0
9,1763767899.2101662,1579.7378449440002,1014.0,1467.0,1020.0
9,1763767899.245753,1584.481420993805,1014.0,1473.0,1016.0
9,1763767899.2755072,1589.2757086753845,1014.0,1484.0,1021.0
9,1763767899.3100142,1596.536913394928,1014.0,1493.0,1021.0
9,1763767899.3489275,1601.3347058296204,1014.0,1493.0,1024.0
9,1763767899.3829505,1605.982759475708,1014.0,1488.0,1036.0
9,1763767899.4349754,1613.2502942085266,1014.0,1490.0,1040.0
9,1763767899.4753892,1620.538571357727,1014.0,1503.0,1038.0
9,1763767899.5106153,1625.2228169441223,1014.0,1512.0,1042.0
9,1763767899.5547986,1632.445219039917,1014.0,1547.0,1065.0
9,1763767899.5895169,1637.3695759773254,1014.0,1554.0,1072.0
9,1763767899.61748,1642.005470275879,1014.0,1551.0,1084.0
9,1763767899.6596522,1646.8145995140076,1014.0,1546.0,1087.0
9,1763767899.7097223,1656.4931182861328,1014.0,1549.0,1094.0
9,1763767899.7399383,1658.8892607688904,1014.0,1558.0,1105.0
9,1763767899.7791073,1666.0235075950623,1014.0,1548.0,1096.0
9,1763767899.8098662,1670.91170835495,1014.0,1553.0,1077.0
9,1763767899.8443584,1675.7141499519348,1014.0,1566.0,1069.0
9,1763767899.8795075,1680.4537563323975,1014.0,1561.0,1074.0
9,1763767899.910134,1685.332730293274,1014.0,1563.0,1074.0
9,1763767899.940521,1690.0522737503052,1014.0,1578.0,1083.0
9,1763767899.9804947,1694.771638393402,1014.0,1593.0,1093.0
9,1763767900.0104072,1699.6013312339783,1014.0,1606.0,1096.0
9,1763767900.044656,1704.5702486038208,1014.0,1612.0,1090.0
9,1763767900.0816598,1711.6775302886963,1014.0,1617.0,1080.0
9,1763767900.1199663,1716.408088684082,1014.0,1616.0,1085.0
9,1763767900.1455243,1721.1841015815735,1014.0,1616.0,1097.0
