line_idx,timestamp,dot_x,dot_y,gaze_x,gaze_y
0,1763423659.4593585,178.0,178.0,200.0,219.0
0,1763423659.4948976,180.18385457992554,178.0,208.0,208.0
0,1763423659.5342185,187.37542915344238,178.0,212.0,205.0
0,1763423659.5802603,194.81512594223022,178.0,210.0,203.0
0,1763423659.6191676,199.43675088882446,178.0,215.0,207.0
0,1763423659.6660812,206.56860160827637,178.0,220.0,202.0
0,1763423659.7194283,213.85323095321655,178.0,210.0,215.0
0,1763423659.7639177,221.1404709815979,178.0,207.0,222.0
0,1763423659.8096688,228.29488801956177,178.0,200.0,224.0
0,1763423659.8445802,233.05037307739258,178.0,194.0,207.0
0,1763423659.8859968,240.24509477615356,178.0,210.0,201.0
0,1763423659.9291646,245.07274913787842,178.0,218.0,210.0
0,1763423659.9661627,252.23410415649414,178.0,229.0,221.0
0,1763423660.0099177,257.0400505065918,178.0,224.0,221.0
0,1763423660.0392928,261.8229298591614,178.0,251.0,220.0
0,1763423660.0841177,269.1222219467163,178.0,247.0,214.0
0,1763423660.134411,276.21451902389526,178.0,253.0,213.0
0,1763423660.1930957,285.87190198898315,178.0,254.0,207.0
0,1763423660.2475138,293.09809494018555,178.0,252.0,196.0
0,1763423660.2793672,297.78269815444946,178.0,256.0,196.0
0,1763423660.3188646,305.0263433456421,178.0,270.0,201.0
0,1763423660.354631,310.01682567596436,178.0,281.0,192.0
0,1763423660.3980038,317.04707431793213,178.0,291.0,191.0
0,1763423660.4321785,321.7851071357727,178.0,288.0,182.0
0,1763423660.46472,326.68056774139404,178.0,287.0,181.0
0,1763423660.5049126,331.44191789627075,178.0,293.0,189.0
0,1763423660.5454211,338.6961488723755,178.0,288.0,204.0
0,1763423660.5906472,345.8641200065613,178.0,288.0,212.0
0,1763423660.6143324,348.23597955703735,178.0,295.0,214.0
0,1763423660.6547723,355.49611139297485,178.0,300.0,205.0
0,1763423660.689323,360.19916820526123,178.0,294.0,185.0
0,1763423660.7251146,365.08744049072266,178.0,300.0,167.0
0,1763423660.774384,372.3004369735718,178.0,320.0,172.0
0,1763423660.8165388,379.46676301956177,178.0,311.0,183.0
0,1763423660.8693023,386.69810581207275,178.0,326.0,179.0
0,1763423660.9040046,391.40495347976685,178.0,341.0,180.0
0,1763423660.93431,396.2917594909668,178.0,343.0,186.0
0,1763423660.974627,403.3980040550232,178.0,347.0,182.0
0,1763423661.0060995,408.25970458984375,178.0,346.0,173.0
0,1763423661.043994,413.0571393966675,178.0,342.0,181.0
0,1763423661.0794384,417.9265646934509,178.0,353.0,187.0
0,1763423661.1194453,425.10848331451416,178.0,361.0,196.0
0,1763423661.153934,429.77996158599854,178.0,387.0,182.0
0,1763423661.200168,437.04005765914917,178.0,397.0,182.0
0,1763423661.2349522,441.83516788482666,178.0,403.0,186.0
0,1763423661.2831807,449.0163712501526,178.0,413.0,187.0
0,1763423661.3304546,456.1888484954834,178.0,415.0,188.0
0,1763423661.3842537,464.14081144332886,178.0,419.0,182.0
0,1763423661.4143362,468.34208059310913,178.0,419.0,169.0
0,1763423661.46031,475.36160039901733,178.0,406.0,177.0
0,1763423661.488975,480.26038694381714,178.0,411.0,182.0
0,1763423661.5245495,485.00042247772217,178.0,424.0,180.0
0,1763423661.5594916,489.7726445198059,178.0,445.0,187.0
0,1763423661.59396,497.05877590179443,178.0,453.0,191.0
0,1763423661.6342125,501.83697032928467,178.0,460.0,212.0
0,1763423661.6698117,506.6213517189026,178.0,457.0,214.0
0,1763423661.7049956,511.3861708641052,178.0,459.0,199.0
0,1763423661.7443564,518.6926155090332,178.0,463.0,201.0
0,1763423661.7793167,523.4369068145752,178.0,471.0,200.0
0,1763423661.8322053,530.7112007141113,178.0,475.0,199.0
0,1763423661.8742383,537.7875833511353,178.0,497.0,193.0
0,1763423661.9250348,545.0828342437744,178.0,518.0,182.0
0,1763423661.9702907,552.1783499717712,178.0,529.0,170.0
0,1763423662.0097978,557.0372610092163,178.0,536.0,181.0
0,1763423662.0496829,564.3007187843323,178.0,526.0,185.0
0,1763423662.0964172,571.5040950775146,178.0,525.0,188.0
0,1763423662.148966,578.7164835929871,178.0,528.0,205.0
0,1763423662.1796627,583.4544806480408,178.0,541.0,221.0
0,1763423662.2079253,588.5256080627441,178.0,552.0,216.0
0,1763423662.2396,593.0936245918274,178.0,562.0,214.0
0,1763423662.264293,595.4013614654541,178.0,561.0,212.0
0,1763423662.303235,602.6622443199158,178.0,561.0,210.0
0,1763423662.3447752,607.5202255249023,178.0,570.0,226.0
0,1763423662.3830175,614.5896701812744,178.0,582.0,244.0
0,1763423662.416317,619.4086699485779,178.0,585.0,248.0
0,1763423662.453956,624.283745765686,178.0,585.0,236.0
0,1763423662.484607,629.1359333992004,178.0,587.0,239.0
0,1763423662.5421703,638.6258392333984,178.0,591.0,253.0
0,1763423662.5747044,643.3912663459778,178.0,593.0,259.0
0,1763423662.6064353,648.2661633491516,178.0,593.0,244.0
0,1763423662.634115,653.0820159912109,178.0,590.0,230.0
0,1763423662.6709816,657.828667640686,178.0,591.0,230.0
0,1763423662.7098978,662.6821427345276,178.0,592.0,230.0
0,1763423662.7543614,669.8936371803284,178.0,598.0,233.0
0,1763423662.8043923,677.0273475646973,178.0,596.0,233.0
0,1763423662.838871,681.795313835144,178.0,593.0,242.0
0,1763423662.869083,686.6218595504761,178.0,618.0,235.0
0,1763423662.905118,691.3809566497803,178.0,626.0,230.0
0,1763423662.94407,698.674991607666,178.0,634.0,223.0
0,1763423662.9909534,705.8356671333313,178.0,633.0,218.0
0,1763423663.0395112,712.9871158599854,178.0,633.0,212.0
0,1763423663.0876045,720.234194278717,178.0,627.0,206.0
0,1763423663.119147,725.0596313476562,178.0,640.0,200.0
0,1763423663.1594002,729.889431476593,178.0,664.0,189.0
0,1763423663.1985695,736.9730024337769,178.0,668.0,180.0
0,1763423663.2324343,741.7784123420715,178.0,663.0,179.0
0,1763423663.268118,746.7355637550354,178.0,666.0,175.0
0,1763423663.3040502,751.4921216964722,178.0,682.0,183.0
0,1763423663.3656034,761.0224752426147,178.0,683.0,177.0
0,1763423663.3944778,765.8812074661255,178.0,679.0,185.0
0,1763423663.4243345,770.6807165145874,178.0,680.0,189.0
0,1763423663.4639678,775.3749756813049,178.0,686.0,183.0
0,1763423663.5025678,782.5824289321899,178.0,704.0,179.0
0,1763423663.5340416,787.39781665802,178.0,724.0,169.0
0,1763423663.5684092,792.2259001731873,178.0,728.0,152.0
0,1763423663.608874,796.9751982688904,178.0,733.0,157.0
0,1763423663.6343625,801.8364696502686,178.0,747.0,168.0
0,1763423663.6739495,809.0571908950806,178.0,749.0,162.0
0,1763423663.7145805,813.7883930206299,178.0,754.0,164.0
0,1763423663.7567322,820.9553985595703,178.0,732.0,178.0
0,1763423663.7925692,825.8826522827148,178.0,759.0,178.0
0,1763423663.8296578,830.7486443519592,178.0,781.0,190.0
0,1763423663.8700182,837.803318977356,178.0,786.0,182.0
0,1763423663.9030125,842.6307587623596,178.0,779.0,174.0
0,1763423663.939487,847.521176815033,178.0,764.0,173.0
0,1763423663.9747746,852.1750955581665,178.0,772.0,180.0
0,1763423664.0092375,857.033362865448,178.0,790.0,181.0
0,1763423664.047263,864.3042950630188,178.0,801.0,177.0
0,1763423664.080984,868.968120098114,178.0,793.0,166.0
0,1763423664.1288972,876.1609463691711,178.0,795.0,159.0
0,1763423664.183964,883.3928256034851,178.0,814.0,158.0
0,1763423664.2225652,890.6994848251343,178.0,838.0,159.0
0,1763423664.2546287,895.4769282341003,178.0,860.0,154.0
0,1763423664.2995448,902.896490573883,178.0,858.0,150.0
0,1763423664.3358772,907.3761014938354,178.0,849.0,146.0
0,1763423664.3747027,912.2968463897705,178.0,859.0,143.0
0,1763423664.409624,917.0475392341614,178.0,872.0,157.0
0,1763423664.4479618,924.320903301239,178.0,880.0,175.0
0,1763423664.4894297,929.0269999504089,178.0,881.0,174.0
0,1763423664.5345724,936.2047700881958,178.0,893.0,184.0
0,1763423664.5690858,940.9979848861694,178.0,895.0,198.0
0,1763423664.6050909,948.2555060386658,178.0,890.0,183.0
0,1763423664.6379905,952.9500870704651,178.0,906.0,158.0
0,1763423664.6708102,957.9044132232666,178.0,921.0,160.0
0,1763423664.7093923,962.6798539161682,178.0,905.0,165.0
0,1763423664.7451031,967.4603729248047,178.0,886.0,178.0
0,1763423664.7841632,974.6136455535889,178.0,880.0,195.0
0,1763423664.8093948,977.0736603736877,178.0,896.0,193.0
0,1763423664.8463311,984.1662793159485,178.0,904.0,186.0
0,1763423664.894615,991.5310888290405,178.0,896.0,199.0
0,1763423664.9350874,996.1899785995483,178.0,897.0,236.0
0,1763423664.96976,1001.0498552322388,178.0,901.0,211.0
0,1763423664.999979,1005.8619885444641,178.0,901.0,223.0
0,1763423665.039973,1013.0947618484497,178.0,889.0,239.0
0,1763423665.0791004,1017.8869395256042,178.0,897.0,226.0
0,1763423665.1178231,1024.993112564087,178.0,913.0,223.0
0,1763423665.1508644,1029.8552422523499,178.0,913.0,235.0
0,1763423665.2096772,1036.962345123291,178.0,897.0,251.0
0,1763423665.2544918,1044.2292003631592,178.0,881.0,263.0
0,1763423665.2896101,1049.0479140281677,178.0,883.0,269.0
0,1763423665.3341153,1056.2169938087463,178.0,888.0,280.0
0,1763423665.3642094,1061.002233505249,178.0,893.0,273.0
0,1763423665.398805,1065.7532124519348,178.0,910.0,268.0
0,1763423665.4367247,1072.98952627182,178.0,942.0,266.0
0,1763423665.4700758,1077.768328666687,178.0,937.0,273.0
0,1763423665.504736,1082.666256904602,178.0,935.0,269.0
0,1763423665.5395038,1087.441876411438,178.0,950.0,246.0
0,1763423665.586398,1094.667926311493,178.0,949.0,234.0
0,1763423665.6181045,1099.7761039733887,178.0,936.0,252.0
0,1763423665.6635478,1106.6422729492188,178.0,936.0,269.0
0,1763423665.7007306,1111.4092736244202,178.0,970.0,292.0
0,1763423665.7344081,1116.2001280784607,178.0,995.0,305.0
0,1763423665.7694323,1121.0011749267578,178.0,1015.0,299.0
0,1763423665.8061287,1128.1889944076538,178.0,1018.0,307.0
0,1763423665.854996,1135.4401497840881,178.0,1004.0,309.0
0,1763423665.885928,1140.1771097183228,178.0,986.0,303.0
0,1763423665.929573,1144.987919807434,178.0,978.0,307.0
0,1763423665.9588401,1149.8124270439148,178.0,975.0,326.0
0,1763423666.0030842,1157.1004180908203,178.0,979.0,340.0
0,1763423666.03489,1161.8536143302917,178.0,985.0,341.0
0,1763423666.0769238,1168.9775972366333,178.0,997.0,323.0
0,1763423666.1145906,1173.851457118988,178.0,1026.0,306.0
0,1763423666.148933,1178.6421327590942,178.0,1020.0,308.0
0,1763423666.1846445,1183.491852760315,178.0,1015.0,314.0
0,1763423666.223534,1190.5684142112732,178.0,1008.0,325.0
0,1763423666.2589626,1195.3872709274292,178.0,1011.0,334.0
0,1763423666.2948134,1200.1442937850952,178.0,1043.0,322.0
0,1763423666.3390644,1207.5060992240906,178.0,1069.0,315.0
0,1763423666.3940842,1217.0774011611938,178.0,1077.0,315.0
0,1763423666.439445,1221.765151500702,178.0,1083.0,307.0
0,1763423666.474134,1229.0848641395569,178.0,1092.0,302.0
0,1763423666.5088184,1233.826473236084,178.0,1091.0,300.0
0,1763423666.5488617,1238.5426907539368,178.0,1081.0,293.0
0,1763423666.5920732,1245.8202033042908,178.0,1100.0,297.0
0,1763423666.6227853,1250.589886188507,178.0,1124.0,309.0
0,1763423666.6639867,1255.4774432182312,178.0,1127.0,299.0
0,1763423666.7025917,1262.63214635849,178.0,1112.0,313.0
0,1763423666.7391775,1267.3934965133667,178.0,1112.0,302.0
0,1763423666.7748168,1272.2528009414673,178.0,1142.0,299.0
0,1763423666.8160317,1279.4795303344727,178.0,1150.0,311.0
0,1763423666.8495026,1284.2227129936218,178.0,1145.0,327.0
0,1763423666.8892603,1288.9773397445679,178.0,1153.0,324.0
0,1763423666.9261186,1296.3022379875183,178.0,1165.0,307.0
0,1763423666.9601734,1301.0919480323792,178.0,1164.0,321.0
0,1763423666.9947865,1305.9208540916443,178.0,1161.0,331.0
0,1763423667.0377016,1313.0035667419434,178.0,1185.0,331.0
0,1763423667.069969,1317.9396538734436,178.0,1199.0,322.0
0,1763423667.1046188,1322.641387462616,178.0,1218.0,326.0
0,1763423667.1439528,1327.3649363517761,178.0,1217.0,344.0
0,1763423667.1848762,1334.5414547920227,178.0,1226.0,369.0
0,1763423667.2156725,1339.367392539978,178.0,1231.0,377.0
0,1763423667.2546506,1344.221010684967,178.0,1242.0,352.0
0,1763423667.2897575,1349.0678696632385,178.0,1248.0,360.0
0,1763423667.3269284,1356.1795859336853,178.0,1262.0,342.0
0,1763423667.3640628,1361.038568496704,178.0,1272.0,342.0
0,1763423667.3938305,1365.865936756134,178.0,1284.0,346.0
0,1763423667.434163,1373.0892329216003,178.0,1289.0,344.0
0,1763423667.4790442,1377.813425540924,178.0,1320.0,318.0
0,1763423667.5240996,1384.963300704956,178.0,1373.0,166.0
0,1763423667.5691643,1392.2527222633362,178.0,1341.0,325.0
0,1763423667.6043863,1397.057846069336,178.0,1345.0,321.0
0,1763423667.6399276,1401.8741993904114,178.0,1346.0,334.0
0,1763423667.6741416,1409.086015701294,178.0,1345.0,337.0
0,1763423667.7096243,1413.810101032257,178.0,1346.0,334.0
0,1763423667.7593515,1421.0637955665588,178.0,1390.0,189.0
0,1763423667.807449,1428.3090500831604,178.0,1347.0,339.0
0,1763423667.8358572,1433.3433418273926,178.0,1352.0,351.0
0,1763423667.880148,1437.7659468650818,178.0,1358.0,350.0
0,1763423667.9242315,1445.0218586921692,178.0,1361.0,366.0
0,1763423667.9544725,1449.758782863617,178.0,1364.0,377.0
0,1763423667.9985266,1456.965413570404,178.0,1367.0,367.0
0,1763423668.0316007,1461.8797569274902,178.0,1392.0,380.0
0,1763423668.0641158,1466.653588294983,178.0,1401.0,380.0
0,1763423668.0988827,1471.4122562408447,178.0,1409.0,369.0
0,1763423668.1341875,1476.1959581375122,178.0,1427.0,358.0
0,1763423668.169393,1480.982485294342,178.0,1433.0,356.0
0,1763423668.2049284,1488.2008819580078,178.0,1456.0,354.0
0,1763423668.2389653,1492.9621963500977,178.0,1475.0,367.0
0,1763423668.2688973,1497.8495030403137,178.0,1481.0,360.0
0,1763423668.305727,1502.6259808540344,178.0,1484.0,354.0
0,1763423668.3513448,1509.7363381385803,178.0,1491.0,351.0
0,1763423668.3986542,1516.9953255653381,178.0,1502.0,378.0
0,1763423668.424019,1519.431736946106,178.0,1512.0,380.0
0,1763423668.460521,1526.5581159591675,178.0,1519.0,375.0
0,1763423668.495045,1531.3912420272827,178.0,1551.0,171.0
0,1763423668.533921,1536.238959312439,178.0,1544.0,397.0
0,1763423668.5794537,1543.4210209846497,178.0,1553.0,403.0
0,1763423668.6244385,1550.5692868232727,178.0,1562.0,409.0
0,1763423668.6795447,1557.78196144104,178.0,1571.0,407.0
0,1763423668.7248142,1564.9474649429321,178.0,1581.0,405.0
0,1763423668.7537508,1569.8561935424805,178.0,1585.0,405.0
0,1763423668.7968645,1577.018406867981,178.0,1585.0,417.0
0,1763423668.8310974,1581.8530349731445,178.0,1602.0,410.0
0,1763423668.8794434,1589.0759377479553,178.0,1607.0,412.0
0,1763423668.909335,1593.8793449401855,178.0,1616.0,413.0
0,1763423668.9441154,1598.5650925636292,178.0,1616.0,409.0
0,1763423668.9845712,1603.4125237464905,178.0,1622.0,399.0
0,1763423669.0146332,1608.2009463310242,178.0,1661.0,395.0
0,1763423669.0496135,1613.014796257019,178.0,1677.0,388.0
0,1763423669.0882378,1620.2297596931458,178.0,1696.0,375.0
0,1763423669.1248038,1625.0145344734192,178.0,1666.0,102.0
0,1763423669.1587517,1629.8750548362732,178.0,1710.0,375.0
0,1763423669.2095773,1637.0763926506042,178.0,1720.0,375.0
0,1763423669.246125,1644.2557363510132,178.0,1734.0,374.0
0,1763423669.295723,1651.4126567840576,178.0,1682.0,137.0
0,1763423669.3431382,1658.5992603302002,178.0,1765.0,342.0
0,1763423669.3692653,1661.045756816864,178.0,1762.0,167.0
0,1763423669.4071007,1668.2775287628174,178.0,1810.0,346.0
0,1763423669.4446464,1673.0212836265564,178.0,1812.0,340.0
0,1763423669.4790952,1677.8300194740295,178.0,1815.0,343.0
0,1763423669.5192988,1684.996238231659,178.0,1825.0,334.0
0,1763423669.554767,1689.8001461029053,178.0,1831.0,333.0
0,1763423669.588848,1694.5980458259583,178.0,1836.0,319.0
0,1763423669.6294203,1699.3770985603333,178.0,1779.0,120.0
0,1763423669.6844919,1709.0704588890076,178.0,1838.0,315.0
0,1763423669.727019,1716.2509112358093,178.0,1824.0,111.0
0,1763423669.770919,1720.9717063903809,178.0,1856.0,310.0
1,1763423669.805671,1728.1869559288025,178.0,1852.0,299.0
1,1763423669.8443835,1728.1869559288025,178.0,1856.0,293.0
1,1763423669.8792255,1728.1869559288025,178.0,1854.0,262.0
1,1763423669.9041128,1728.1869559288025,178.0,1840.0,135.0
1,1763423669.9394894,1728.1869559288025,178.0,1858.0,259.0
1,1763423669.9696221,1728.1869559288025,178.0,1841.0,134.0
1,1763423670.003891,1728.1869559288025,178.0,1857.0,269.0
1,1763423670.0340333,1728.1869559288025,178.0,1845.0,133.0
1,1763423670.0689385,1728.1869559288025,178.0,1854.0,251.0
1,1763423670.1086912,1728.1869559288025,178.0,1848.0,129.0
1,1763423670.1345582,1728.1869559288025,178.0,1856.0,254.0
1,1763423670.16466,1728.1869559288025,178.0,1861.0,257.0
1,1763423670.203952,1728.1869559288025,178.0,1864.0,256.0
1,1763423670.2396996,1728.1869559288025,178.0,1872.0,248.0
1,1763423670.2788095,1728.1869559288025,178.0,1877.0,251.0
1,1763423670.3146222,178.0,270.0,1873.0,260.0
1,1763423670.3438141,182.93297576904297,270.0,1876.0,115.0
1,1763423670.3794773,187.75605249404907,270.0,1870.0,248.0
1,1763423670.4224763,194.8642282485962,270.0,1867.0,248.0
1,1763423670.4592164,199.6637372970581,270.0,1865.0,238.0
1,1763423670.501327,206.80470752716064,270.0,1683.0,256.0
1,1763423670.5342035,211.64931344985962,270.0,1084.0,309.0
1,1763423670.56891,216.43040466308594,270.0,617.0,428.0
1,1763423670.6138706,223.70605754852295,270.0,446.0,419.0
1,1763423670.6486888,228.51651000976562,270.0,372.0,526.0
1,1763423670.6840255,233.3025722503662,270.0,327.0,488.0
1,1763423670.728915,240.47268915176392,270.0,328.0,463.0
1,1763423670.7714791,247.6726679801941,270.0,306.0,323.0
1,1763423670.8193672,254.91073417663574,270.0,306.0,314.0
1,1763423670.8592541,259.68824911117554,270.0,313.0,352.0
1,1763423670.9011734,266.99247646331787,270.0,330.0,351.0
1,1763423670.9393368,271.6030149459839,270.0,341.0,336.0
1,1763423670.9791744,278.82613229751587,270.0,288.0,319.0
1,1763423671.0141718,283.6420922279358,270.0,284.0,314.0
1,1763423671.054074,290.87211179733276,270.0,280.0,309.0
1,1763423671.0899682,295.6307797431946,270.0,290.0,310.0
1,1763423671.1293995,300.5331425666809,270.0,301.0,317.0
1,1763423671.1751664,307.639995098114,270.0,308.0,325.0
1,1763423671.2095695,312.4966530799866,270.0,316.0,321.0
1,1763423671.2436569,317.22678232192993,270.0,316.0,312.0
1,1763423671.2824447,324.51108980178833,270.0,314.0,299.0
1,1763423671.3191142,329.33659839630127,270.0,325.0,297.0
1,1763423671.356694,334.0571789741516,270.0,332.0,314.0
1,1763423671.399434,341.31995725631714,270.0,334.0,333.0
1,1763423671.4421873,348.48027515411377,270.0,339.0,329.0
1,1763423671.476805,353.5472183227539,270.0,357.0,307.0
1,1763423671.5094953,358.0120234489441,270.0,365.0,292.0
1,1763423671.5441525,362.8135709762573,270.0,367.0,285.0
1,1763423671.5947382,370.06072092056274,270.0,370.0,272.0
1,1763423671.6293292,374.8089818954468,270.0,380.0,260.0
1,1763423671.6691601,382.00710105895996,270.0,377.0,262.0
1,1763423671.6994972,386.8063597679138,270.0,379.0,265.0
1,1763423671.7394054,391.6230707168579,270.0,385.0,274.0
1,1763423671.777816,398.8025932312012,270.0,389.0,284.0
1,1763423671.8053896,401.33298921585083,270.0,398.0,292.0
1,1763423671.8426914,408.5182695388794,270.0,405.0,276.0
1,1763423671.8945043,415.7403497695923,270.0,388.0,271.0
1,1763423671.944479,422.82996463775635,270.0,393.0,260.0
1,1763423671.9893494,430.04925537109375,270.0,395.0,259.0
1,1763423672.0248618,434.98333978652954,270.0,407.0,268.0
1,1763423672.0676923,442.10038471221924,270.0,422.0,268.0
1,1763423672.0989285,446.8508629798889,270.0,427.0,249.0
1,1763423672.133845,451.6729383468628,270.0,435.0,251.0
1,1763423672.1736693,458.81140518188477,270.0,436.0,265.0
1,1763423672.2145245,463.7904076576233,270.0,439.0,263.0
1,1763423672.249642,468.50676822662354,270.0,442.0,258.0
1,1763423672.2911074,475.70309925079346,270.0,440.0,256.0
1,1763423672.3245177,480.5631546974182,270.0,437.0,254.0
1,1763423672.3591216,485.22944736480713,270.0,436.0,252.0
1,1763423672.404679,492.45703506469727,270.0,439.0,243.0
1,1763423672.437303,497.2042946815491,270.0,450.0,249.0
1,1763423672.4695673,502.05229806900024,270.0,456.0,256.0
1,1763423672.509096,506.81736755371094,270.0,457.0,264.0
1,1763423672.5476205,514.1557483673096,270.0,467.0,256.0
1,1763423672.573622,518.8043026924133,270.0,475.0,245.0
1,1763423672.614055,523.770537853241,270.0,480.0,257.0
1,1763423672.6543005,530.90607213974,270.0,491.0,270.0
1,1763423672.690985,535.596755027771,270.0,491.0,269.0
1,1763423672.7254424,540.43896484375,270.0,490.0,266.0
1,1763423672.754792,545.1958088874817,270.0,503.0,269.0
1,1763423672.7943602,550.1563577651978,270.0,504.0,269.0
1,1763423672.8235974,554.8223643302917,270.0,506.0,255.0
1,1763423672.8669207,562.1104984283447,270.0,509.0,250.0
1,1763423672.899058,566.81756067276,270.0,509.0,243.0
1,1763423672.9345007,571.6580538749695,270.0,518.0,235.0
1,1763423672.984412,578.8690476417542,270.0,522.0,239.0
1,1763423673.03027,586.347761631012,270.0,513.0,250.0
1,1763423673.0749621,593.3320908546448,270.0,538.0,277.0
1,1763423673.1146533,598.0454115867615,270.0,551.0,265.0
1,1763423673.1652443,605.2647738456726,270.0,546.0,258.0
1,1763423673.2104335,612.439754486084,270.0,540.0,257.0
1,1763423673.239086,617.2796397209167,270.0,551.0,271.0
1,1763423673.2741885,622.142735004425,270.0,563.0,277.0
1,1763423673.3091145,626.9172458648682,270.0,572.0,276.0
1,1763423673.3458579,634.0627222061157,270.0,579.0,265.0
1,1763423673.3743496,638.9134435653687,270.0,569.0,264.0
1,1763423673.4109087,643.760338306427,270.0,569.0,269.0
1,1763423673.4496934,648.3916192054749,270.0,577.0,262.0
1,1763423673.4837282,653.2575397491455,270.0,589.0,255.0
1,1763423673.5278616,660.4896693229675,270.0,596.0,253.0
1,1763423673.5589538,665.1976256370544,270.0,595.0,253.0
1,1763423673.593792,670.0165538787842,270.0,596.0,265.0
1,1763423673.6287286,674.9632267951965,270.0,598.0,270.0
1,1763423673.660706,679.5910744667053,270.0,603.0,254.0
1,1763423673.69474,686.9720129966736,270.0,614.0,250.0
1,1763423673.7304602,691.7316465377808,270.0,622.0,261.0
1,1763423673.7643209,696.4122800827026,270.0,634.0,267.0
1,1763423673.793605,701.3399629592896,270.0,633.0,273.0
1,1763423673.8289833,706.0153036117554,270.0,641.0,272.0
1,1763423673.864752,710.9461693763733,270.0,655.0,266.0
1,1763423673.8991745,715.6386404037476,270.0,665.0,261.0
1,1763423673.933826,722.8348999023438,270.0,663.0,264.0
1,1763423673.979124,727.6045827865601,270.0,660.0,253.0
1,1763423674.01431,734.9074869155884,270.0,657.0,254.0
1,1763423674.053804,739.6173386573792,270.0,655.0,265.0
1,1763423674.0998983,746.8187479972839,270.0,676.0,266.0
1,1763423674.141376,751.6307740211487,270.0,690.0,266.0
1,1763423674.1959968,761.2091212272644,270.0,701.0,279.0
1,1763423674.2273178,766.0438208580017,270.0,698.0,297.0
1,1763423674.2602997,770.8357839584351,270.0,690.0,286.0
1,1763423674.29913,775.6873278617859,270.0,688.0,266.0
1,1763423674.334572,782.9468159675598,270.0,692.0,259.0
1,1763423674.3732116,787.7551941871643,270.0,708.0,259.0
1,1763423674.424783,794.8063640594482,270.0,711.0,262.0
1,1763423674.466373,802.1050839424133,270.0,722.0,276.0
1,1763423674.503637,806.786039352417,270.0,734.0,279.0
1,1763423674.5391626,811.7437987327576,270.0,729.0,269.0
1,1763423674.5694628,816.5329723358154,270.0,747.0,268.0
1,1763423674.6040351,821.2984709739685,270.0,766.0,275.0
1,1763423674.6424797,828.4616856575012,270.0,771.0,274.0
1,1763423674.6739771,833.3834319114685,270.0,753.0,278.0
1,1763423674.709283,838.0955009460449,270.0,746.0,297.0
1,1763423674.748912,842.9697184562683,270.0,748.0,304.0
1,1763423674.788191,850.1099734306335,270.0,768.0,311.0
1,1763423674.8241987,854.8038034439087,270.0,766.0,296.0
1,1763423674.8592842,859.6803812980652,270.0,757.0,274.0
1,1763423674.893782,866.8282895088196,270.0,769.0,273.0
1,1763423674.9308114,871.6504006385803,270.0,788.0,273.0
1,1763423674.9754858,879.0838747024536,270.0,794.0,265.0
1,1763423675.0268042,886.0055832862854,270.0,796.0,264.0
1,1763423675.053577,890.7975463867188,270.0,822.0,276.0
1,1763423675.08406,893.2233004570007,270.0,827.0,286.0
1,1763423675.1271498,900.4521398544312,270.0,829.0,282.0
1,1763423675.1588707,905.2905230522156,270.0,828.0,273.0
1,1763423675.2043898,912.4788074493408,270.0,844.0,268.0
1,1763423675.2436197,917.3239855766296,270.0,843.0,262.0
1,1763423675.288927,924.4093804359436,270.0,859.0,256.0
1,1763423675.3298383,931.6457300186157,270.0,874.0,250.0
1,1763423675.3641727,936.5516333580017,270.0,892.0,241.0
1,1763423675.3994641,941.2357716560364,270.0,908.0,243.0
1,1763423675.442731,948.4864621162415,270.0,903.0,241.0
1,1763423675.476245,953.2562880516052,270.0,900.0,239.0
1,1763423675.5073519,958.0633788108826,270.0,904.0,239.0
1,1763423675.5425217,962.9232912063599,270.0,907.0,234.0
1,1763423675.5877044,970.1117186546326,270.0,919.0,248.0
1,1763423675.6292932,974.8741416931152,270.0,927.0,252.0
1,1763423675.6589642,979.7354846000671,270.0,932.0,239.0
1,1763423675.6936443,986.807647228241,270.0,929.0,219.0
1,1763423675.7291718,991.6737108230591,270.0,920.0,236.0
1,1763423675.762092,996.4492945671082,270.0,929.0,259.0
1,1763423675.8041162,1001.2851386070251,270.0,940.0,256.0
1,1763423675.8337498,1006.1738758087158,270.0,947.0,253.0
1,1763423675.8774562,1013.2810144424438,270.0,944.0,243.0
1,1763423675.9139295,1017.9922966957092,270.0,956.0,239.0
1,1763423675.944263,1022.8043584823608,270.0,962.0,256.0
1,1763423675.9787142,1027.6396660804749,270.0,972.0,272.0
1,1763423676.0088732,1032.424262046814,270.0,960.0,265.0
1,1763423676.0438948,1037.2365741729736,270.0,945.0,262.0
1,1763423676.0838203,1044.5214896202087,270.0,940.0,279.0
1,1763423676.124458,1049.181058883667,270.0,942.0,276.0
1,1763423676.1647978,1056.3919095993042,270.0,961.0,279.0
1,1763423676.1996458,1061.2895517349243,270.0,959.0,298.0
1,1763423676.2336996,1066.0736827850342,270.0,948.0,308.0
1,1763423676.2774816,1073.294189453125,270.0,948.0,308.0
1,1763423676.3249955,1080.5999903678894,270.0,949.0,303.0
1,1763423676.3792088,1087.623658657074,270.0,963.0,302.0
1,1763423676.42957,1094.7858362197876,270.0,995.0,305.0
1,1763423676.4757774,1102.0020155906677,270.0,992.0,325.0
1,1763423676.5093682,1106.9509773254395,270.0,984.0,330.0
1,1763423676.5463123,1114.0761404037476,270.0,987.0,336.0
1,1763423676.5794086,1118.816354751587,270.0,985.0,343.0
1,1763423676.6140294,1123.6311345100403,270.0,1013.0,349.0
1,1763423676.6608372,1130.8811812400818,270.0,1012.0,361.0
1,1763423676.6938426,1135.6016902923584,270.0,1001.0,375.0
1,1763423676.7422278,1142.9327754974365,270.0,1012.0,369.0
1,1763423676.7702527,1147.6099758148193,270.0,1037.0,357.0
1,1763423676.8042235,1152.437701702118,270.0,1027.0,354.0
1,1763423676.8370047,1157.3494701385498,270.0,1007.0,367.0
1,1763423676.8847742,1164.3916635513306,270.0,998.0,383.0
1,1763423676.9318879,1171.7286853790283,270.0,1014.0,385.0
1,1763423676.9610596,1176.4137535095215,270.0,1028.0,377.0
1,1763423676.9956613,1181.2948017120361,270.0,1029.0,370.0
1,1763423677.0286748,1185.9760074615479,270.0,1042.0,370.0
1,1763423677.0638325,1190.8187894821167,270.0,1049.0,350.0
1,1763423677.1077414,1198.0838923454285,270.0,1041.0,347.0
1,1763423677.1390562,1202.777364730835,270.0,1028.0,361.0
1,1763423677.171449,1207.6415328979492,270.0,1063.0,369.0
1,1763423677.2141497,1214.8834614753723,270.0,1102.0,371.0
1,1763423677.248846,1219.6087985038757,270.0,1104.0,380.0
1,1763423677.282517,1224.41832113266,270.0,1099.0,377.0
1,1763423677.318764,1229.217544078827,270.0,1104.0,349.0
1,1763423677.353798,1234.1326026916504,270.0,1100.0,329.0
1,1763423677.3886104,1238.792315006256,270.0,1093.0,342.0
1,1763423677.4426074,1248.4753398895264,270.0,1114.0,367.0
1,1763423677.4790523,1253.1781821250916,270.0,1129.0,402.0
1,1763423677.5285592,1260.425582408905,270.0,1130.0,396.0
1,1763423677.5542626,1265.2689723968506,270.0,1142.0,374.0
1,1763423677.6033072,1272.4296836853027,270.0,1118.0,398.0
1,1763423677.6390662,1277.3459939956665,270.0,1111.0,418.0
1,1763423677.6765525,1282.1056275367737,270.0,1118.0,437.0
1,1763423677.7102876,1286.8254928588867,270.0,1142.0,435.0
1,1763423677.7539616,1294.0332679748535,270.0,1164.0,416.0
1,1763423677.7847333,1298.9034442901611,270.0,1228.0,404.0
1,1763423677.8185728,1303.6473064422607,270.0,1253.0,427.0
1,1763423677.8495975,1308.4306507110596,270.0,1278.0,442.0
1,1763423677.8812425,1313.257339477539,270.0,1288.0,423.0
1,1763423677.9336019,1322.8012828826904,270.0,1281.0,420.0
1,1763423677.9635038,1325.2726345062256,270.0,1295.0,434.0
1,1763423678.0033228,1332.4323444366455,270.0,1301.0,480.0
1,1763423678.034218,1337.1739535331726,270.0,1299.0,442.0
1,1763423678.0657897,1341.971745967865,270.0,1306.0,426.0
1,1763423678.1092288,1346.834376335144,270.0,1318.0,431.0
1,1763423678.1393836,1351.6169695854187,270.0,1320.0,446.0
1,1763423678.1745193,1358.9388995170593,270.0,1302.0,459.0
1,1763423678.2125962,1363.722815990448,270.0,1327.0,476.0
1,1763423678.2423797,1368.4722571372986,270.0,1351.0,477.0
1,1763423678.2791748,1373.3035235404968,270.0,1335.0,484.0
1,1763423678.3143926,1378.1418709754944,270.0,1304.0,508.0
1,1763423678.359122,1385.1941137313843,270.0,1298.0,515.0
1,1763423678.3937163,1390.1053099632263,270.0,1297.0,518.0
1,1763423678.4285002,1394.8299317359924,270.0,1294.0,500.0
1,1763423678.4604928,1399.577262878418,270.0,1300.0,470.0
1,1763423678.5036318,1406.8606762886047,270.0,1312.0,465.0
1,1763423678.548101,1414.2037062644958,270.0,1314.0,471.0
1,1763423678.5975018,1421.308699131012,270.0,1334.0,475.0
1,1763423678.663141,1430.9005289077759,270.0,1353.0,488.0
1,1763423678.6996791,1435.5730085372925,270.0,1346.0,489.0
1,1763423678.739513,1442.8882508277893,270.0,1366.0,480.0
1,1763423678.7745216,1447.5899844169617,270.0,1376.0,483.0
1,1763423678.810718,1452.3679642677307,270.0,1421.0,463.0
1,1763423678.8434591,1457.2177557945251,270.0,1451.0,467.0
1,1763423678.8844633,1464.4876508712769,270.0,1479.0,449.0
1,1763423678.9190419,1469.194462776184,270.0,1484.0,470.0
1,1763423678.9640186,1476.5099911689758,270.0,1495.0,464.0
1,1763423678.9986486,1481.2253503799438,270.0,1504.0,459.0
1,1763423679.030232,1486.1086158752441,270.0,1507.0,462.0
1,1763423679.0691352,1490.774658203125,270.0,1508.0,459.0
1,1763423679.0987422,1495.5952672958374,270.0,1515.0,444.0
1,1763423679.144173,1502.852466583252,270.0,1536.0,431.0
1,1763423679.179006,1507.7072649002075,270.0,1564.0,446.0
1,1763423679.2137938,1514.8300676345825,270.0,1579.0,464.0
1,1763423679.252039,1519.6499614715576,270.0,1571.0,446.0
1,1763423679.2843518,1524.639370918274,270.0,1566.0,439.0
1,1763423679.318454,1529.180922985077,270.0,1575.0,437.0
1,1763423679.3626044,1536.5177659988403,270.0,1573.0,432.0
1,1763423679.3943424,1541.3141994476318,270.0,1572.0,393.0
1,1763423679.4292247,1546.0615305900574,270.0,1595.0,432.0
1,1763423679.470232,1550.7786779403687,270.0,1617.0,404.0
1,1763423679.5065212,1558.0703167915344,270.0,1618.0,169.0
1,1763423679.5434232,1562.8463654518127,270.0,1663.0,390.0
1,1763423679.5786393,1567.6455883979797,270.0,1668.0,388.0
1,1763423679.6147783,1574.9777464866638,270.0,1650.0,402.0
1,1763423679.666755,1582.02991771698,270.0,1634.0,402.0
1,1763423679.7141504,1589.2852215766907,270.0,1634.0,400.0
1,1763423679.7540424,1593.9866690635681,270.0,1656.0,422.0
1,1763423679.7843912,1598.823085308075,270.0,1668.0,455.0
1,1763423679.8287122,1606.0880093574524,270.0,1698.0,459.0
1,1763423679.8688226,1610.8933477401733,270.0,1700.0,456.0
1,1763423679.9091098,1617.9711608886719,270.0,1708.0,428.0
1,1763423679.949211,1622.8891878128052,270.0,1693.0,395.0
1,1763423679.9874353,1630.054226398468,270.0,1722.0,391.0
1,1763423680.0137234,1634.8195104599,270.0,1736.0,202.0
1,1763423680.0497763,1639.572277545929,270.0,1772.0,410.0
1,1763423680.08943,1644.442883014679,270.0,1767.0,405.0
1,1763423680.1157014,1649.6448664665222,270.0,1773.0,399.0
1,1763423680.1585002,1656.536033630371,270.0,1772.0,392.0
1,1763423680.1998963,1661.2141995429993,270.0,1775.0,401.0
1,1763423680.2344084,1666.075077533722,270.0,1776.0,390.0
1,1763423680.2688336,1670.8383231163025,270.0,1800.0,411.0
1,1763423680.306908,1678.0110149383545,270.0,1822.0,424.0
1,1763423680.344068,1682.7648549079895,270.0,1830.0,413.0
1,1763423680.3788211,1687.5916867256165,270.0,1836.0,418.0
1,1763423680.4135451,1694.7927742004395,270.0,1837.0,411.0
1,1763423680.4530427,1699.593427658081,270.0,1836.0,396.0
1,1763423680.4893978,1704.3843536376953,270.0,1841.0,380.0
1,1763423680.523551,1709.267511844635,270.0,1840.0,357.0
1,1763423680.5555065,1714.0894083976746,270.0,1848.0,355.0
1,1763423680.5893435,1718.8223271369934,270.0,1843.0,350.0
2,1763423680.639385,1726.0886101722717,270.0,1847.0,357.0
2,1763423680.668949,1726.0886101722717,270.0,1860.0,361.0
2,1763423680.7046766,1726.0886101722717,270.0,1863.0,363.0
2,1763423680.729067,1726.0886101722717,270.0,1873.0,380.0
2,1763423680.7687745,1726.0886101722717,270.0,1873.0,412.0
2,1763423680.8094273,1726.0886101722717,270.0,1881.0,414.0
2,1763423680.8435879,1726.0886101722717,270.0,1890.0,423.0
2,1763423680.8709872,1726.0886101722717,270.0,1892.0,439.0
2,1763423680.9042363,1726.0886101722717,270.0,1889.0,436.0
2,1763423680.948871,1726.0886101722717,270.0,1885.0,441.0
2,1763423680.9887924,1726.0886101722717,270.0,1868.0,415.0
2,1763423681.0244505,1726.0886101722717,270.0,1858.0,411.0
2,1763423681.0592115,1726.0886101722717,270.0,1846.0,384.0
2,1763423681.0845704,1726.0886101722717,270.0,1802.0,457.0
2,1763423681.129537,178.0,363.0,1475.0,1039.0
2,1763423681.178731,185.21904039382935,363.0,1446.0,997.0
2,1763423681.2034953,190.06285953521729,363.0,417.0,546.0
2,1763423681.240498,194.86419248580933,363.0,312.0,460.0
2,1763423681.283573,202.07450675964355,363.0,242.0,459.0
2,1763423681.3202827,206.94282341003418,363.0,318.0,511.0
2,1763423681.352565,211.67295265197754,363.0,303.0,489.0
2,1763423681.3889554,216.47371339797974,363.0,260.0,470.0
2,1763423681.42357,221.28184127807617,363.0,258.0,453.0
2,1763423681.4588354,226.1710433959961,363.0,259.0,448.0
2,1763423681.4957573,233.21541833877563,363.0,258.0,438.0
2,1763423681.528564,238.03116369247437,363.0,269.0,434.0
2,1763423681.560412,242.9857759475708,363.0,264.0,441.0
2,1763423681.5937648,247.61759328842163,363.0,262.0,393.0
2,1763423681.6261582,252.53958988189697,363.0,273.0,355.0
2,1763423681.6646807,257.2728304862976,363.0,279.0,341.0
2,1763423681.7083821,264.4143371582031,363.0,288.0,350.0
2,1763423681.735717,269.27721786499023,363.0,286.0,361.0
2,1763423681.769609,274.1016535758972,363.0,295.0,360.0
2,1763423681.8092864,278.8449077606201,363.0,303.0,341.0
2,1763423681.8496041,286.00490379333496,363.0,302.0,341.0
2,1763423681.9004464,293.25155305862427,363.0,301.0,339.0
2,1763423681.948859,300.4057912826538,363.0,299.0,337.0
2,1763423681.99376,307.6882390975952,363.0,293.0,366.0
2,1763423682.0292554,312.48517322540283,363.0,301.0,369.0
2,1763423682.0635507,317.3105745315552,363.0,321.0,356.0
2,1763423682.0990157,322.1209554672241,363.0,339.0,351.0
2,1763423682.1378844,329.322865486145,363.0,343.0,354.0
2,1763423682.1745195,334.159245967865,363.0,347.0,357.0
2,1763423682.2087083,338.89813709259033,363.0,341.0,353.0
2,1763423682.2437255,346.0974006652832,363.0,357.0,342.0
2,1763423682.273993,348.53903341293335,363.0,360.0,336.0
2,1763423682.3161857,355.73404121398926,363.0,368.0,348.0
2,1763423682.3489459,360.53244161605835,363.0,371.0,349.0
2,1763423682.3987372,367.64362144470215,363.0,370.0,353.0
2,1763423682.4242544,372.46576833724976,363.0,372.0,352.0
2,1763423682.4594257,377.2689251899719,363.0,383.0,347.0
2,1763423682.4990737,382.05659675598145,363.0,386.0,340.0
2,1763423682.534467,389.19574308395386,363.0,386.0,342.0
2,1763423682.5888226,396.4388518333435,363.0,382.0,339.0
2,1763423682.6236236,401.1967329978943,363.0,376.0,339.0
2,1763423682.6588433,406.1304597854614,363.0,394.0,346.0
2,1763423682.7036395,413.21074056625366,363.0,401.0,355.0
2,1763423682.7466877,420.55573749542236,363.0,409.0,381.0
2,1763423682.7835789,425.2975969314575,363.0,416.0,382.0
2,1763423682.8189898,430.0360589027405,363.0,436.0,382.0
2,1763423682.8495016,434.9440722465515,363.0,437.0,386.0
2,1763423682.8935766,442.04309272766113,363.0,438.0,382.0
2,1763423682.9284163,446.9329743385315,363.0,442.0,379.0
2,1763423682.9742374,454.0285973548889,363.0,443.0,370.0
2,1763423683.0235128,461.2430958747864,363.0,440.0,373.0
2,1763423683.0640094,468.5288338661194,363.0,435.0,371.0
2,1763423683.0992048,473.3072428703308,363.0,455.0,366.0
2,1763423683.1335702,478.06734132766724,363.0,466.0,371.0
2,1763423683.168778,482.837703704834,363.0,468.0,369.0
2,1763423683.1987078,487.79381799697876,363.0,469.0,367.0
2,1763423683.2341561,492.51447010040283,363.0,464.0,359.0
2,1763423683.2729394,499.63151502609253,363.0,468.0,353.0
2,1763423683.3046267,504.51084661483765,363.0,468.0,350.0
2,1763423683.3438845,509.3075304031372,363.0,468.0,354.0
2,1763423683.3833785,516.5236740112305,363.0,468.0,368.0
2,1763423683.4188135,521.3422446250916,363.0,520.0,381.0
2,1763423683.4588919,526.0510950088501,363.0,528.0,365.0
2,1763423683.495912,533.2923083305359,363.0,530.0,353.0
2,1763423683.530601,538.0961446762085,363.0,541.0,363.0
2,1763423683.5684223,542.9063467979431,363.0,549.0,370.0
2,1763423683.6033614,550.0427751541138,363.0,559.0,381.0
2,1763423683.6402462,554.9201040267944,363.0,556.0,387.0
2,1763423683.6718998,559.6631436347961,363.0,550.0,389.0
2,1763423683.709272,564.493980884552,363.0,534.0,383.0
2,1763423683.751877,571.6482191085815,363.0,551.0,369.0
2,1763423683.783365,576.5746145248413,363.0,567.0,373.0
2,1763423683.8306222,583.6023597717285,363.0,579.0,380.0
2,1763423683.875159,588.5227828025818,363.0,570.0,374.0
2,1763423683.904178,593.3301239013672,363.0,556.0,366.0
2,1763423683.948866,600.4684119224548,363.0,553.0,364.0
2,1763423683.9919965,607.6724319458008,363.0,559.0,362.0
2,1763423684.0289495,612.5240831375122,363.0,564.0,370.0
2,1763423684.0727167,619.6150212287903,363.0,563.0,355.0
2,1763423684.1136248,624.477472782135,363.0,569.0,339.0
2,1763423684.1671622,633.9983491897583,363.0,569.0,342.0
2,1763423684.1995995,638.8604431152344,363.0,600.0,333.0
2,1763423684.2387836,643.5920028686523,363.0,594.0,321.0
2,1763423684.2834136,650.9996919631958,363.0,588.0,328.0
2,1763423684.3210168,655.806031703949,363.0,602.0,343.0
2,1763423684.3491278,660.399582862854,363.0,615.0,358.0
2,1763423684.3927658,667.6571755409241,363.0,611.0,352.0
2,1763423684.4185104,670.0622944831848,363.0,609.0,335.0
2,1763423684.4560566,677.2954611778259,363.0,630.0,338.0
2,1763423684.5087278,684.4424753189087,363.0,649.0,347.0
2,1763423684.5524821,691.5977864265442,363.0,663.0,362.0
2,1763423684.5791013,694.0803318023682,363.0,657.0,359.0
2,1763423684.6160636,701.2160806655884,363.0,656.0,339.0
2,1763423684.6588056,706.1288504600525,363.0,646.0,340.0
2,1763423684.688618,710.850968837738,363.0,642.0,344.0
2,1763423684.7339802,718.0975108146667,363.0,653.0,340.0
2,1763423684.7687619,722.7940230369568,363.0,648.0,344.0
2,1763423684.8036292,730.0829439163208,363.0,648.0,349.0
2,1763423684.8391702,734.9628119468689,363.0,666.0,329.0
2,1763423684.8746371,739.72856092453,363.0,675.0,325.0
2,1763423684.9033787,744.4090871810913,363.0,678.0,326.0
2,1763423684.9383621,749.4585065841675,363.0,666.0,340.0
2,1763423684.9791543,754.1271238327026,363.0,668.0,361.0
2,1763423685.0184832,761.2120180130005,363.0,676.0,353.0
2,1763423685.050791,766.0419611930847,363.0,677.0,324.0
2,1763423685.0986967,773.2216267585754,363.0,684.0,320.0
2,1763423685.1438777,780.4235367774963,363.0,713.0,327.0
2,1763423685.1793873,785.3153495788574,363.0,742.0,348.0
2,1763423685.2302153,792.5084977149963,363.0,739.0,364.0
2,1763423685.275982,800.0891714096069,363.0,759.0,347.0
2,1763423685.3185146,806.8250207901001,363.0,762.0,339.0
2,1763423685.3519964,811.6856126785278,363.0,741.0,341.0
2,1763423685.3887148,816.489556312561,363.0,746.0,337.0
2,1763423685.4330251,823.6457257270813,363.0,752.0,327.0
2,1763423685.4666235,828.5207300186157,363.0,754.0,319.0
2,1763423685.4969306,833.2472114562988,363.0,765.0,335.0
2,1763423685.5285294,838.0308418273926,363.0,764.0,343.0
2,1763423685.576427,845.3137545585632,363.0,773.0,333.0
2,1763423685.614162,850.1157312393188,363.0,759.0,325.0
2,1763423685.644039,854.8304109573364,363.0,756.0,328.0
2,1763423685.6791303,859.6722273826599,363.0,774.0,329.0
2,1763423685.714228,864.4691257476807,363.0,778.0,319.0
2,1763423685.7511542,871.5874938964844,363.0,771.0,319.0
2,1763423685.788264,876.4877109527588,363.0,787.0,316.0
2,1763423685.8239658,881.3027768135071,363.0,806.0,315.0
2,1763423685.8589191,886.0559015274048,363.0,808.0,318.0
2,1763423685.8985023,893.2371406555176,363.0,799.0,332.0
2,1763423685.9286108,898.0675129890442,363.0,794.0,332.0
2,1763423685.9693887,902.8640179634094,363.0,798.0,339.0
2,1763423686.0042102,910.1701049804688,363.0,802.0,351.0
2,1763423686.0392706,914.8307113647461,363.0,805.0,339.0
2,1763423686.0883625,922.0447807312012,363.0,807.0,334.0
2,1763423686.1336234,929.5820741653442,363.0,804.0,332.0
2,1763423686.1789625,934.1047077178955,363.0,809.0,312.0
2,1763423686.2092009,938.8437776565552,363.0,842.0,317.0
2,1763423686.2492557,945.9861068725586,363.0,853.0,310.0
2,1763423686.2883897,950.8168725967407,363.0,851.0,305.0
2,1763423686.3376935,958.0729990005493,363.0,843.0,306.0
2,1763423686.3762724,965.2012376785278,363.0,834.0,298.0
2,1763423686.4095445,970.056930065155,363.0,849.0,298.0
2,1763423686.4588213,977.2376685142517,363.0,856.0,300.0
2,1763423686.498788,982.1248679161072,363.0,848.0,290.0
2,1763423686.5389485,989.1865520477295,363.0,854.0,294.0
2,1763423686.587862,996.4419989585876,363.0,857.0,305.0
2,1763423686.6198275,1001.2991933822632,363.0,862.0,303.0
2,1763423686.6644895,1008.5488109588623,363.0,875.0,312.0
2,1763423686.6987476,1013.1929664611816,363.0,898.0,315.0
2,1763423686.735019,1018.0648593902588,363.0,908.0,311.0
2,1763423686.7690747,1022.9002742767334,363.0,912.0,308.0
2,1763423686.8043153,1030.0368099212646,363.0,916.0,310.0
2,1763423686.8432353,1034.7868947982788,363.0,915.0,307.0
2,1763423686.8789816,1039.6397619247437,363.0,921.0,296.0
2,1763423686.913658,1044.6902542114258,363.0,937.0,294.0
2,1763423686.9524832,1051.6626386642456,363.0,955.0,295.0
2,1763423686.9854069,1056.4448027610779,363.0,953.0,293.0
2,1763423687.0232708,1061.2105875015259,363.0,952.0,302.0
2,1763423687.058827,1066.0826950073242,363.0,970.0,292.0
2,1763423687.1041007,1073.2829599380493,363.0,984.0,280.0
2,1763423687.1332607,1078.1218438148499,363.0,986.0,266.0
2,1763423687.1685352,1082.8642039299011,363.0,980.0,275.0
2,1763423687.2086043,1090.0460510253906,363.0,990.0,282.0
2,1763423687.2604141,1097.3169474601746,363.0,1003.0,284.0
2,1763423687.288485,1102.0106344223022,363.0,992.0,298.0
2,1763423687.329171,1106.8523077964783,363.0,995.0,299.0
2,1763423687.363722,1114.0968828201294,363.0,1011.0,306.0
2,1763423687.4045823,1118.9612655639648,363.0,1020.0,321.0
2,1763423687.4589806,1126.1283068656921,363.0,1027.0,305.0
2,1763423687.513633,1135.742953300476,363.0,1029.0,296.0
2,1763423687.5485294,1140.4614238739014,363.0,1028.0,298.0
2,1763423687.5789292,1145.2624349594116,363.0,1030.0,296.0
2,1763423687.6144,1150.1060037612915,363.0,1054.0,292.0
2,1763423687.6487494,1154.7812371253967,363.0,1067.0,295.0
2,1763423687.684977,1162.2851281166077,363.0,1074.0,284.0
2,1763423687.7233717,1166.8954877853394,363.0,1069.0,287.0
2,1763423687.7592087,1171.64013671875,363.0,1060.0,297.0
2,1763423687.8003612,1178.9174346923828,363.0,1062.0,293.0
2,1763423687.8333204,1183.6826829910278,363.0,1082.0,281.0
2,1763423687.8691971,1188.4259729385376,363.0,1089.0,283.0
2,1763423687.9118285,1195.6100373268127,363.0,1085.0,289.0
2,1763423687.9532073,1200.4770307540894,363.0,1082.0,315.0
2,1763423687.9944606,1207.7221064567566,363.0,1094.0,321.0
2,1763423688.0190618,1210.0619225502014,363.0,1102.0,317.0
2,1763423688.0560524,1217.273202419281,363.0,1101.0,328.0
2,1763423688.109497,1224.4322328567505,363.0,1091.0,334.0
2,1763423688.1432955,1229.2043833732605,363.0,1090.0,310.0
2,1763423688.1788776,1234.0399413108826,363.0,1104.0,337.0
2,1763423688.2237766,1241.274109363556,363.0,1103.0,353.0
2,1763423688.266994,1248.4273462295532,363.0,1091.0,368.0
2,1763423688.3175783,1255.691376209259,363.0,1091.0,390.0
2,1763423688.365398,1262.8250150680542,363.0,1089.0,395.0
2,1763423688.3982062,1267.6073937416077,363.0,1100.0,396.0
2,1763423688.4401731,1274.9425916671753,363.0,1123.0,399.0
2,1763423688.4742336,1279.6605973243713,363.0,1128.0,413.0
2,1763423688.5283403,1286.7822914123535,363.0,1139.0,409.0
2,1763423688.573996,1294.037917137146,363.0,1141.0,401.0
2,1763423688.6343067,1303.7207989692688,363.0,1144.0,417.0
2,1763423688.6645977,1308.4261803627014,363.0,1169.0,430.0
2,1763423688.7040517,1313.2052330970764,363.0,1180.0,403.0
2,1763423688.7453916,1320.4492001533508,363.0,1192.0,396.0
2,1763423688.778944,1325.2049355506897,363.0,1197.0,412.0
2,1763423688.8134751,1330.0564436912537,363.0,1196.0,411.0
2,1763423688.8550165,1337.1923713684082,363.0,1198.0,406.0
2,1763423688.89875,1341.9720678329468,363.0,1190.0,428.0
2,1763423688.9282866,1346.7852382659912,363.0,1197.0,442.0
2,1763423688.973978,1354.1206150054932,363.0,1213.0,451.0
2,1763423689.0153046,1361.179759979248,363.0,1226.0,431.0
2,1763423689.0535886,1366.071322441101,363.0,1223.0,417.0
2,1763423689.0988503,1373.311963558197,363.0,1223.0,453.0
2,1763423689.1388235,1378.0386238098145,363.0,1223.0,455.0
2,1763423689.1761653,1385.2512984275818,363.0,1222.0,456.0
2,1763423689.214555,1389.9734525680542,363.0,1244.0,459.0
2,1763423689.2563567,1397.1761136054993,363.0,1249.0,493.0
2,1763423689.2941353,1402.0637421607971,363.0,1213.0,531.0
2,1763423689.3291383,1406.8309574127197,363.0,1196.0,526.0
2,1763423689.3712556,1413.971462726593,363.0,1219.0,520.0
2,1763423689.418257,1421.3050155639648,363.0,1231.0,521.0
2,1763423689.455751,1426.0271339416504,363.0,1234.0,535.0
2,1763423689.4974751,1433.1937460899353,363.0,1243.0,536.0
2,1763423689.5384588,1437.981381893158,363.0,1267.0,543.0
2,1763423689.5944762,1447.646167755127,363.0,1284.0,552.0
2,1763423689.628769,1452.4354486465454,363.0,1291.0,556.0
2,1763423689.6801484,1459.6157579421997,363.0,1291.0,556.0
2,1763423689.7194614,1466.8590097427368,363.0,1296.0,554.0
2,1763423689.759115,1471.762981891632,363.0,1313.0,563.0
2,1763423689.8030062,1478.8769154548645,363.0,1329.0,524.0
2,1763423689.8393202,1483.6252479553223,363.0,1350.0,508.0
2,1763423689.8798258,1490.9045844078064,363.0,1354.0,503.0
2,1763423689.9184177,1495.666471004486,363.0,1360.0,499.0
2,1763423689.954256,1500.509503364563,363.0,1381.0,487.0
2,1763423689.9936955,1507.6285152435303,363.0,1370.0,498.0
2,1763423690.0336514,1512.4045996665955,363.0,1367.0,523.0
2,1763423690.071184,1519.5888786315918,363.0,1375.0,523.0
2,1763423690.1040237,1524.374011039734,363.0,1366.0,496.0
2,1763423690.143731,1529.2650728225708,363.0,1382.0,489.0
2,1763423690.2067354,1538.8879446983337,363.0,1405.0,480.0
2,1763423690.2490153,1546.0124998092651,363.0,1445.0,476.0
2,1763423690.288896,1550.8302478790283,363.0,1464.0,494.0
2,1763423690.3236663,1558.0885200500488,363.0,1492.0,483.0
2,1763423690.3587115,1562.8347425460815,363.0,1514.0,486.0
2,1763423690.3915052,1567.612901210785,363.0,1532.0,518.0
2,1763423690.433231,1572.3893074989319,363.0,1531.0,528.0
2,1763423690.4719474,1579.7016530036926,363.0,1531.0,518.0
2,1763423690.4990427,1582.0464043617249,363.0,1540.0,524.0
2,1763423690.5369778,1589.247169971466,363.0,1553.0,537.0
2,1763423690.578902,1594.070318222046,363.0,1548.0,532.0
2,1763423690.6083694,1598.8289861679077,363.0,1575.0,542.0
2,1763423690.6473956,1605.9716730117798,363.0,1592.0,531.0
2,1763423690.6743975,1608.4422736167908,363.0,1661.0,533.0
2,1763423690.712955,1615.703549861908,363.0,1682.0,515.0
2,1763423690.75316,1620.4532055854797,363.0,1702.0,499.0
2,1763423690.7981935,1627.6198534965515,363.0,1690.0,486.0
2,1763423690.839916,1634.8886041641235,363.0,1678.0,507.0
2,1763423690.8717916,1639.6261720657349,363.0,1666.0,503.0
2,1763423690.9042826,1644.5069699287415,363.0,1673.0,477.0
2,1763423690.9381995,1649.1628198623657,363.0,1696.0,455.0
2,1763423690.9690137,1654.0313868522644,363.0,1725.0,466.0
2,1763423691.002958,1658.8330416679382,363.0,1734.0,507.0
2,1763423691.0471199,1665.981915473938,363.0,1749.0,510.0
2,1763423691.0788786,1670.871117591858,363.0,1755.0,476.0
2,1763423691.113298,1675.7081060409546,363.0,1741.0,469.0
2,1763423691.1489782,1680.3675680160522,363.0,1736.0,451.0
2,1763423691.1788008,1685.2539448738098,363.0,1739.0,445.0
2,1763423691.2281666,1692.3833994865417,363.0,1745.0,449.0
2,1763423691.2681904,1699.7671275138855,363.0,1768.0,431.0
2,1763423691.2995894,1702.0275502204895,363.0,1779.0,444.0
2,1763423691.3355503,1709.2363982200623,363.0,1800.0,469.0
2,1763423691.370084,1714.040198802948,363.0,1830.0,483.0
2,1763423691.4082189,1718.9075498580933,363.0,1835.0,494.0
3,1763423691.4436505,1726.086142539978,363.0,1846.0,498.0
3,1763423691.4737482,1726.086142539978,363.0,1854.0,477.0
3,1763423691.5041144,1726.086142539978,363.0,1839.0,479.0
3,1763423691.5386152,1726.086142539978,363.0,1789.0,486.0
3,1763423691.5691037,1726.086142539978,363.0,1778.0,501.0
3,1763423691.5986145,1726.086142539978,363.0,1773.0,502.0
3,1763423691.6288931,1726.086142539978,363.0,1805.0,516.0
3,1763423691.658678,1726.086142539978,363.0,1843.0,532.0
3,1763423691.693658,1726.086142539978,363.0,1872.0,532.0
3,1763423691.7289948,1726.086142539978,363.0,1872.0,501.0
3,1763423691.763846,1726.086142539978,363.0,1844.0,526.0
3,1763423691.7932568,1726.086142539978,363.0,1706.0,558.0
3,1763423691.8288796,1726.086142539978,363.0,1813.0,1042.0
3,1763423691.8683693,1726.086142539978,363.0,2102.0,1252.0
3,1763423691.9040504,1726.086142539978,363.0,1663.0,1094.0
3,1763423691.9338562,1726.086142539978,363.0,482.0,671.0
3,1763423691.9659894,180.58193016052246,456.0,460.0,595.0
3,1763423691.999016,185.2342038154602,456.0,439.0,472.0
3,1763423692.0331707,190.10445165634155,456.0,423.0,491.0
3,1763423692.0769956,197.260835647583,456.0,411.0,483.0
3,1763423692.1117337,202.11134243011475,456.0,401.0,478.0
3,1763423692.1489942,206.87812852859497,456.0,353.0,481.0
3,1763423692.1906157,214.0482096672058,456.0,328.0,472.0
3,1763423692.2234416,218.86045026779175,456.0,330.0,454.0
3,1763423692.263269,223.69321870803833,456.0,338.0,480.0
3,1763423692.321803,233.25168180465698,456.0,330.0,486.0
3,1763423692.3516965,238.1378083229065,456.0,320.0,467.0
3,1763423692.3891015,242.8283839225769,456.0,263.0,474.0
3,1763423692.4232996,247.66776847839355,456.0,283.0,472.0
3,1763423692.453557,252.48662519454956,456.0,305.0,482.0
3,1763423692.4940608,259.6554546356201,456.0,321.0,478.0
3,1763423692.5290828,264.4477753639221,456.0,325.0,465.0
3,1763423692.568304,269.19789600372314,456.0,318.0,466.0
3,1763423692.5991476,274.08012437820435,456.0,310.0,477.0
3,1763423692.6439216,281.23486328125,456.0,321.0,477.0
3,1763423692.6696532,286.12495946884155,456.0,348.0,479.0
3,1763423692.7024398,290.8434658050537,456.0,359.0,488.0
3,1763423692.738164,295.66217947006226,456.0,363.0,487.0
3,1763423692.7739532,300.4077582359314,456.0,368.0,475.0
3,1763423692.8094637,305.27367877960205,456.0,368.0,468.0
3,1763423692.838276,310.0823073387146,456.0,352.0,454.0
3,1763423692.8785074,317.34640884399414,456.0,332.0,449.0
3,1763423692.9143252,322.0842628479004,456.0,326.0,456.0
3,1763423692.9641204,329.3304829597473,456.0,348.0,446.0
3,1763423693.013122,336.4479570388794,456.0,374.0,440.0
3,1763423693.0598228,343.6294107437134,456.0,403.0,446.0
3,1763423693.1033158,350.8832483291626,456.0,401.0,451.0
3,1763423693.1347036,355.71326303482056,456.0,398.0,445.0
3,1763423693.1735322,360.4354887008667,456.0,407.0,441.0
3,1763423693.2090957,365.3355269432068,456.0,412.0,436.0
3,1763423693.2450228,372.4713830947876,456.0,414.0,430.0
3,1763423693.278987,377.27393198013306,456.0,418.0,432.0
3,1763423693.3189852,382.0162920951843,456.0,430.0,435.0
3,1763423693.35871,389.3085389137268,456.0,437.0,425.0
3,1763423693.39899,394.04546308517456,456.0,427.0,443.0
3,1763423693.4331894,401.3065962791443,456.0,432.0,439.0
3,1763423693.469095,406.158962726593,456.0,449.0,446.0
3,1763423693.5033903,410.81019926071167,456.0,445.0,434.0
3,1763423693.5387194,415.74921894073486,456.0,442.0,414.0
3,1763423693.573484,420.46153831481934,456.0,450.0,407.0
3,1763423693.6154342,427.6817946434021,456.0,452.0,401.0
3,1763423693.6574168,432.43384647369385,456.0,456.0,393.0
3,1763423693.6881733,437.25209522247314,456.0,467.0,397.0
3,1763423693.725381,444.5084719657898,456.0,478.0,406.0
3,1763423693.7642584,449.2809085845947,456.0,491.0,418.0
3,1763423693.80582,456.57794761657715,456.0,509.0,436.0
3,1763423693.8419244,461.3446979522705,456.0,545.0,448.0
3,1763423693.8734117,466.09657096862793,456.0,533.0,439.0
3,1763423693.9204192,473.26665210723877,456.0,529.0,431.0
3,1763423693.9649386,480.45840549468994,456.0,534.0,436.0
3,1763423694.003885,485.2739005088806,456.0,547.0,437.0
3,1763423694.0480852,492.55055475234985,456.0,551.0,428.0
3,1763423694.0844324,497.3220257759094,456.0,553.0,419.0
3,1763423694.1343148,504.49686336517334,456.0,550.0,407.0
3,1763423694.1690536,509.24258518218994,456.0,556.0,415.0
3,1763423694.2085307,516.4291529655457,456.0,558.0,435.0
3,1763423694.2357883,521.2404279708862,456.0,543.0,454.0
3,1763423694.2739558,526.1525540351868,456.0,550.0,455.0
3,1763423694.308177,530.9002070426941,456.0,546.0,460.0
3,1763423694.353416,538.011887550354,456.0,549.0,451.0
3,1763423694.388336,542.9295568466187,456.0,543.0,438.0
3,1763423694.4233594,547.6548223495483,456.0,547.0,427.0
3,1763423694.4631462,554.7993688583374,456.0,550.0,420.0
3,1763423694.5033178,560.0095419883728,456.0,562.0,434.0
3,1763423694.543807,566.9097929000854,456.0,568.0,446.0
3,1763423694.5830843,571.6663150787354,456.0,559.0,454.0
3,1763423694.6284528,578.7909774780273,456.0,580.0,456.0
3,1763423694.6587415,583.606472492218,456.0,584.0,436.0
3,1763423694.6882524,588.5504989624023,456.0,584.0,423.0
3,1763423694.7294202,593.2145385742188,456.0,591.0,425.0
3,1763423694.7675447,600.4772453308105,456.0,609.0,417.0
3,1763423694.8036168,605.2798299789429,456.0,620.0,421.0
3,1763423694.8410337,610.0588111877441,456.0,628.0,440.0
3,1763423694.8783028,617.2832517623901,456.0,623.0,450.0
3,1763423694.9132206,622.1052556037903,456.0,617.0,450.0
3,1763423694.9489841,626.8032698631287,456.0,616.0,451.0
3,1763423694.9833899,631.7109971046448,456.0,616.0,453.0
3,1763423695.0245655,638.8917355537415,456.0,620.0,455.0
3,1763423695.0565376,643.6824111938477,456.0,627.0,442.0
3,1763423695.1045005,650.8522419929504,456.0,632.0,423.0
3,1763423695.1338573,655.6587247848511,456.0,651.0,419.0
3,1763423695.1742811,660.4597001075745,456.0,671.0,413.0
3,1763423695.2187214,667.7152185440063,456.0,662.0,416.0
3,1763423695.268679,674.7997193336487,456.0,629.0,430.0
3,1763423695.3095522,682.0493369102478,456.0,650.0,429.0
3,1763423695.3493826,686.854067325592,456.0,659.0,422.0
3,1763423695.3835232,691.6368751525879,456.0,647.0,425.0
3,1763423695.429742,698.8672165870667,456.0,645.0,435.0
3,1763423695.4541092,703.6281733512878,456.0,650.0,430.0
3,1763423695.4856446,708.5139064788818,456.0,654.0,426.0
3,1763423695.5237765,713.2908492088318,456.0,666.0,422.0
3,1763423695.5530381,718.0436520576477,456.0,691.0,410.0
3,1763423695.5967765,725.1943855285645,456.0,711.0,414.0
3,1763423695.6447623,732.4262647628784,456.0,713.0,407.0
3,1763423695.6767447,737.2199087142944,456.0,714.0,392.0
3,1763423695.7146487,742.0597224235535,456.0,715.0,395.0
3,1763423695.748482,746.9046859741211,456.0,709.0,415.0
3,1763423695.798008,754.0743021965027,456.0,704.0,425.0
3,1763423695.8333633,761.3326816558838,456.0,718.0,435.0
3,1763423695.8634088,763.7229232788086,456.0,756.0,434.0
3,1763423695.9034653,770.7858233451843,456.0,771.0,432.0
3,1763423695.9386613,775.6372599601746,456.0,765.0,426.0
3,1763423695.973796,780.3929953575134,456.0,759.0,403.0
3,1763423696.009166,785.2819471359253,456.0,769.0,386.0
3,1763423696.0489285,792.5180821418762,456.0,766.0,401.0
3,1763423696.0787034,797.3156599998474,456.0,758.0,396.0
3,1763423696.1186998,802.1153120994568,456.0,761.0,382.0
3,1763423696.1554568,809.192946434021,456.0,776.0,364.0
3,1763423696.1934965,814.0769987106323,456.0,800.0,355.0
3,1763423696.2354453,821.4924125671387,456.0,798.0,377.0
3,1763423696.2737656,826.0281710624695,456.0,795.0,390.0
3,1763423696.3231213,833.2398800849915,456.0,794.0,394.0
3,1763423696.368784,840.5303387641907,456.0,795.0,402.0
3,1763423696.4034657,845.2518491744995,456.0,827.0,415.0
3,1763423696.4382408,850.1577525138855,456.0,819.0,403.0
3,1763423696.4731271,857.2972564697266,456.0,817.0,393.0
3,1763423696.503836,859.6624283790588,456.0,822.0,398.0
3,1763423696.5439563,866.9478802680969,456.0,829.0,386.0
3,1763423696.5840178,871.7105178833008,456.0,827.0,385.0
3,1763423696.613754,876.4907865524292,456.0,836.0,394.0
3,1763423696.6578863,883.6840419769287,456.0,836.0,421.0
3,1763423696.6917295,888.5438828468323,456.0,850.0,435.0
3,1763423696.7286582,893.2254104614258,456.0,860.0,422.0
3,1763423696.7677379,900.491729259491,456.0,865.0,401.0
3,1763423696.803006,905.1856665611267,456.0,857.0,399.0
3,1763423696.838635,909.9976568222046,456.0,858.0,417.0
3,1763423696.8765833,917.1872644424438,456.0,859.0,430.0
3,1763423696.9093568,922.0407395362854,456.0,872.0,424.0
3,1763423696.9581249,929.2957215309143,456.0,881.0,422.0
3,1763423696.9902,934.1834931373596,456.0,903.0,415.0
3,1763423697.0205271,938.7990026473999,456.0,906.0,419.0
3,1763423697.05858,943.6606674194336,456.0,893.0,415.0
3,1763423697.0935836,948.5155372619629,456.0,892.0,400.0
3,1763423697.1291633,953.2084374427795,456.0,887.0,384.0
3,1763423697.1643288,960.4940323829651,456.0,878.0,378.0
3,1763423697.1970613,965.2597098350525,456.0,887.0,395.0
3,1763423697.228936,970.0411229133606,456.0,919.0,411.0
3,1763423697.2647743,975.1773386001587,456.0,944.0,403.0
3,1763423697.3043396,979.6912460327148,456.0,948.0,395.0
3,1763423697.344913,986.8972687721252,456.0,969.0,399.0
3,1763423697.3831084,991.7877583503723,456.0,976.0,395.0
3,1763423697.4137573,996.4892416000366,456.0,964.0,400.0
3,1763423697.469552,1006.0004978179932,456.0,950.0,398.0
3,1763423697.5289006,1013.2246522903442,456.0,942.0,403.0
3,1763423697.5682578,1020.4589991569519,456.0,942.0,396.0
3,1763423697.6087725,1025.1829056739807,456.0,967.0,406.0
3,1763423697.653227,1032.4573783874512,456.0,982.0,426.0
3,1763423697.6935966,1039.685037612915,456.0,990.0,415.0
3,1763423697.7410164,1046.88108253479,456.0,986.0,404.0
3,1763423697.7741392,1051.6535906791687,456.0,981.0,403.0
3,1763423697.813149,1056.4557461738586,456.0,964.0,402.0
3,1763423697.8482258,1061.2087993621826,456.0,963.0,417.0
3,1763423697.8854342,1068.5181765556335,456.0,981.0,416.0
3,1763423697.9181173,1073.317006111145,456.0,1010.0,423.0
3,1763423697.95966,1078.0282168388367,456.0,1005.0,421.0
3,1763423697.9969392,1085.2293758392334,456.0,1008.0,416.0
3,1763423698.0296674,1090.1147513389587,456.0,1011.0,430.0
3,1763423698.0691302,1095.3530340194702,456.0,1008.0,438.0
3,1763423698.1032686,1099.7424154281616,456.0,1005.0,442.0
3,1763423698.1443942,1106.8602828979492,456.0,1005.0,433.0
3,1763423698.1779368,1111.695662021637,456.0,1014.0,424.0
3,1763423698.2143028,1116.4351253509521,456.0,1029.0,426.0
3,1763423698.2581635,1123.6267356872559,456.0,1039.0,436.0
3,1763423698.288717,1128.4555344581604,456.0,1034.0,455.0
3,1763423698.322955,1133.2596926689148,456.0,1033.0,463.0
3,1763423698.360459,1138.0916385650635,456.0,1052.0,444.0
3,1763423698.39779,1145.1928405761719,456.0,1058.0,432.0
3,1763423698.439749,1150.1327900886536,456.0,1052.0,438.0
3,1763423698.4784951,1157.336416721344,456.0,1060.0,435.0
3,1763423698.5299556,1164.431646347046,456.0,1059.0,426.0
3,1763423698.5774434,1171.69478225708,456.0,1078.0,389.0
3,1763423698.6229239,1178.9277701377869,456.0,1106.0,410.0
3,1763423698.6532,1183.6588292121887,456.0,1103.0,398.0
3,1763423698.6888714,1188.4589462280273,456.0,1093.0,385.0
3,1763423698.7286632,1193.36545753479,456.0,1136.0,409.0
3,1763423698.7660644,1200.452712059021,456.0,1142.0,421.0
3,1763423698.7985768,1205.2421717643738,456.0,1130.0,444.0
3,1763423698.8338995,1210.1087718009949,456.0,1127.0,439.0
3,1763423698.8689163,1214.8587851524353,456.0,1149.0,415.0
3,1763423698.9127374,1222.043207168579,456.0,1165.0,417.0
3,1763423698.9483678,1226.8764762878418,456.0,1164.0,416.0
3,1763423698.9829443,1231.6380767822266,456.0,1168.0,398.0
3,1763423699.0329475,1241.2703185081482,456.0,1182.0,397.0
3,1763423699.0687292,1245.9723381996155,456.0,1186.0,424.0
3,1763423699.1020665,1250.8347182273865,456.0,1165.0,422.0
3,1763423699.1387289,1255.637231349945,456.0,1171.0,435.0
3,1763423699.173649,1260.4898838996887,456.0,1180.0,427.0
3,1763423699.2158704,1267.693295955658,456.0,1177.0,406.0
3,1763423699.2487237,1272.4276452064514,456.0,1200.0,412.0
3,1763423699.2989192,1279.6936779022217,456.0,1203.0,410.0
3,1763423699.3286107,1284.484067440033,456.0,1190.0,418.0
3,1763423699.3679297,1289.2332224845886,456.0,1181.0,437.0
3,1763423699.3940012,1294.0806894302368,456.0,1187.0,434.0
3,1763423699.439523,1301.2618570327759,456.0,1194.0,433.0
3,1763423699.4731414,1306.1253457069397,456.0,1197.0,433.0
3,1763423699.5080507,1310.869029045105,456.0,1209.0,439.0
3,1763423699.5445278,1315.6736521720886,456.0,1228.0,421.0
3,1763423699.5843468,1322.9205160140991,456.0,1243.0,405.0
3,1763423699.6313531,1330.114486694336,456.0,1243.0,412.0
3,1763423699.679069,1337.1732740402222,456.0,1253.0,420.0
3,1763423699.7136579,1342.0440225601196,456.0,1268.0,399.0
3,1763423699.7633245,1349.2449669837952,456.0,1262.0,397.0
3,1763423699.798052,1354.1112093925476,456.0,1253.0,432.0
3,1763423699.8440442,1361.2594752311707,456.0,1260.0,422.0
3,1763423699.8682122,1366.0528688430786,456.0,1258.0,399.0
3,1763423699.902234,1370.9133534431458,456.0,1258.0,413.0
3,1763423699.938779,1375.5949168205261,456.0,1265.0,457.0
3,1763423699.974057,1380.479612827301,456.0,1289.0,441.0
3,1763423700.0139441,1387.595549106598,456.0,1307.0,404.0
3,1763423700.0536873,1392.4445538520813,456.0,1326.0,389.0
3,1763423700.098297,1399.5919613838196,456.0,1301.0,387.0
3,1763423700.1284246,1404.4220118522644,456.0,1309.0,407.0
3,1763423700.1635754,1409.2281012535095,456.0,1313.0,425.0
3,1763423700.1980963,1414.0859036445618,456.0,1291.0,412.0
3,1763423700.2330012,1421.2783722877502,456.0,1300.0,431.0
3,1763423700.269851,1426.15012216568,456.0,1322.0,439.0
3,1763423700.3006043,1430.7872681617737,456.0,1328.0,427.0
3,1763423700.3329883,1435.6232552528381,456.0,1321.0,422.0
3,1763423700.372999,1440.4855279922485,456.0,1319.0,424.0
3,1763423700.4080014,1445.2107577323914,456.0,1319.0,411.0
3,1763423700.4435527,1452.3696808815002,456.0,1313.0,402.0
3,1763423700.48292,1457.2568445205688,456.0,1365.0,419.0
3,1763423700.5118072,1462.1304898262024,456.0,1382.0,425.0
3,1763423700.5488448,1466.8153433799744,456.0,1387.0,431.0
3,1763423700.5916822,1473.9857821464539,456.0,1384.0,432.0
3,1763423700.6238308,1478.8772730827332,456.0,1405.0,426.0
3,1763423700.6587026,1483.6618332862854,456.0,1414.0,452.0
3,1763423700.7022467,1490.7856016159058,456.0,1405.0,446.0
3,1763423700.7436259,1495.6000237464905,456.0,1421.0,427.0
3,1763423700.7881436,1502.917447566986,456.0,1443.0,440.0
3,1763423700.8308399,1509.9682240486145,456.0,1447.0,436.0
3,1763423700.8636487,1514.7946982383728,456.0,1448.0,434.0
3,1763423700.9088986,1522.0327286720276,456.0,1452.0,453.0
3,1763423700.9435315,1526.9061951637268,456.0,1456.0,442.0
3,1763423700.9905734,1534.0075759887695,456.0,1460.0,439.0
3,1763423701.029047,1538.8190655708313,456.0,1464.0,437.0
3,1763423701.074459,1545.9795980453491,456.0,1472.0,419.0
3,1763423701.101933,1550.819197177887,456.0,1496.0,415.0
3,1763423701.143724,1555.573537826538,456.0,1531.0,403.0
3,1763423701.1737533,1560.497787475586,456.0,1551.0,395.0
3,1763423701.2140672,1567.60839509964,456.0,1556.0,395.0
3,1763423701.2461948,1572.5079326629639,456.0,1554.0,427.0
3,1763423701.2821288,1577.286663532257,456.0,1545.0,413.0
3,1763423701.3309648,1584.408929824829,456.0,1542.0,408.0
3,1763423701.3638442,1589.2404823303223,456.0,1560.0,412.0
3,1763423701.3984823,1594.099750995636,456.0,1563.0,417.0
3,1763423701.433033,1601.2831358909607,456.0,1569.0,428.0
3,1763423701.4702187,1606.0099034309387,456.0,1569.0,424.0
3,1763423701.5027032,1610.9379796981812,456.0,1582.0,396.0
3,1763423701.5436904,1615.5922560691833,456.0,1579.0,376.0
3,1763423701.5834777,1622.8944807052612,456.0,1560.0,377.0
3,1763423701.6295621,1629.979410648346,456.0,1561.0,408.0
3,1763423701.668068,1634.7837119102478,456.0,1604.0,369.0
3,1763423701.6989043,1639.623775959015,456.0,1609.0,334.0
3,1763423701.7334685,1644.465663909912,456.0,1619.0,346.0
3,1763423701.7752485,1651.6992597579956,456.0,1615.0,361.0
3,1763423701.8062549,1656.4624695777893,456.0,1610.0,397.0
3,1763423701.848747,1661.1862688064575,456.0,1605.0,418.0
3,1763423701.8930223,1668.5070543289185,456.0,1630.0,425.0
3,1763423701.9329774,1675.6129412651062,456.0,1650.0,428.0
3,1763423701.9658754,1680.4271488189697,456.0,1639.0,431.0
3,1763423702.0081868,1685.2075247764587,456.0,1644.0,418.0
3,1763423702.0475926,1692.429533481598,456.0,1677.0,392.0
3,1763423702.0809672,1697.3138360977173,456.0,1700.0,362.0
3,1763423702.110072,1702.0362405776978,456.0,1729.0,351.0
3,1763423702.1496902,1706.9134621620178,456.0,1738.0,368.0
3,1763423702.191635,1713.9985709190369,456.0,1742.0,386.0
3,1763423702.2215085,1718.9011125564575,456.0,1769.0,401.0
4,1763423702.2700267,1726.0230569839478,456.0,1781.0,400.0
4,1763423702.3035498,1726.0230569839478,456.0,1800.0,384.0
4,1763423702.3328915,1726.0230569839478,456.0,1821.0,366.0
4,1763423702.3642056,1726.0230569839478,456.0,1848.0,360.0
4,1763423702.3938997,1726.0230569839478,456.0,1823.0,354.0
4,1763423702.4228966,1726.0230569839478,456.0,1810.0,349.0
4,1763423702.4686038,1726.0230569839478,456.0,1801.0,367.0
4,1763423702.5081232,1726.0230569839478,456.0,1805.0,359.0
4,1763423702.5333726,1726.0230569839478,456.0,1799.0,392.0
4,1763423702.5584097,1726.0230569839478,456.0,1809.0,446.0
4,1763423702.5944324,1726.0230569839478,456.0,1799.0,478.0
4,1763423702.6239102,1726.0230569839478,456.0,1797.0,505.0
4,1763423702.6606126,1726.0230569839478,456.0,1795.0,526.0
4,1763423702.688972,1726.0230569839478,456.0,1790.0,495.0
4,1763423702.7236876,1726.0230569839478,456.0,1787.0,496.0
4,1763423702.7533793,1726.0230569839478,456.0,1737.0,434.0
4,1763423702.7986166,183.00922203063965,549.0,1988.0,1312.0
4,1763423702.837889,187.78283882141113,549.0,1714.0,1027.0
4,1763423702.873639,192.46014642715454,549.0,635.0,354.0
4,1763423702.915301,199.6760754585266,549.0,321.0,321.0
4,1763423702.9684026,206.90748977661133,549.0,242.0,578.0
4,1763423703.0138001,214.10260486602783,549.0,250.0,564.0
4,1763423703.0610442,221.29754114151,549.0,263.0,553.0
4,1763423703.0892053,226.07652235031128,549.0,272.0,544.0
4,1763423703.1238532,230.91905403137207,549.0,245.0,557.0
4,1763423703.1583803,235.6623797416687,549.0,242.0,557.0
4,1763423703.1934814,240.5003695487976,549.0,240.0,546.0
4,1763423703.2279947,245.2456979751587,549.0,241.0,530.0
4,1763423703.258244,250.10360765457153,549.0,249.0,535.0
4,1763423703.303534,257.3294429779053,549.0,272.0,539.0
4,1763423703.3398366,262.1757655143738,549.0,285.0,544.0
4,1763423703.3833294,269.3759231567383,549.0,284.0,537.0
4,1763423703.414455,274.11549377441406,549.0,288.0,533.0
4,1763423703.448052,278.84794759750366,549.0,293.0,518.0
4,1763423703.490215,286.1336498260498,549.0,308.0,540.0
4,1763423703.5220954,290.86299228668213,549.0,312.0,556.0
4,1763423703.558419,295.79006719589233,549.0,301.0,553.0
4,1763423703.5879323,300.48547077178955,549.0,305.0,543.0
4,1763423703.62864,305.44147777557373,549.0,303.0,534.0
4,1763423703.6652503,312.43775177001953,549.0,301.0,533.0
4,1763423703.6980512,317.3048882484436,549.0,305.0,535.0
4,1763423703.7474763,324.43938541412354,549.0,374.0,520.0
4,1763423703.7897272,329.32930278778076,549.0,375.0,513.0
4,1763423703.8134692,334.0200572013855,549.0,376.0,532.0
4,1763423703.8532953,338.92463731765747,549.0,376.0,543.0
4,1763423703.9116435,348.4412579536438,549.0,373.0,549.0
4,1763423703.9486847,353.2725601196289,549.0,370.0,544.0
4,1763423703.9821177,358.0414562225342,549.0,379.0,539.0
4,1763423704.0233762,365.3165726661682,549.0,383.0,533.0
4,1763423704.082119,374.8246102333069,549.0,382.0,523.0
4,1763423704.1233933,379.6279458999634,549.0,411.0,535.0
4,1763423704.163996,386.8760256767273,549.0,407.0,549.0
4,1763423704.1981516,391.6343717575073,549.0,415.0,534.0
4,1763423704.2287872,396.48706007003784,549.0,452.0,531.0
4,1763423704.2635915,401.28596115112305,549.0,451.0,536.0
4,1763423704.3060126,408.47417402267456,549.0,448.0,529.0
4,1763423704.3339856,410.82099962234497,549.0,450.0,523.0
4,1763423704.3731446,418.06121158599854,549.0,456.0,519.0
4,1763423704.4237785,425.23379611968994,549.0,453.0,509.0
4,1763423704.4679234,432.43506240844727,549.0,466.0,509.0
4,1763423704.499487,437.25878286361694,549.0,472.0,507.0
4,1763423704.5339963,442.12123441696167,549.0,473.0,511.0
4,1763423704.5802712,449.2248682975769,549.0,464.0,511.0
4,1763423704.615291,454.0324239730835,549.0,461.0,527.0
4,1763423704.6580892,461.32663774490356,549.0,471.0,531.0
4,1763423704.7000246,466.0443572998047,549.0,492.0,517.0
4,1763423704.7328808,470.8443670272827,549.0,496.0,518.0
4,1763423704.7728765,478.12810230255127,549.0,492.0,519.0
4,1763423704.818493,485.28076696395874,549.0,493.0,523.0
4,1763423704.8533568,490.1035575866699,549.0,495.0,514.0
4,1763423704.8938382,494.8302536010742,549.0,493.0,512.0
4,1763423704.9363322,502.59492683410645,549.0,511.0,532.0
4,1763423704.9785566,509.28485679626465,549.0,531.0,536.0
4,1763423705.010313,514.1416935920715,549.0,541.0,521.0
4,1763423705.0488033,518.8144235610962,549.0,553.0,512.0
4,1763423705.0836916,523.619547367096,549.0,553.0,510.0
4,1763423705.1178298,530.891194820404,549.0,549.0,515.0
4,1763423705.1714094,538.1579070091248,549.0,552.0,540.0
4,1763423705.222834,545.3447966575623,549.0,553.0,552.0
4,1763423705.2675526,552.3995785713196,549.0,557.0,533.0
4,1763423705.293042,554.9469618797302,549.0,561.0,516.0
4,1763423705.3339825,562.0872883796692,549.0,553.0,522.0
4,1763423705.3731112,566.8292193412781,549.0,547.0,532.0
4,1763423705.4035537,571.7635898590088,549.0,552.0,523.0
4,1763423705.4381719,578.9425044059753,549.0,559.0,526.0
4,1763423705.4740636,583.6414484977722,549.0,571.0,535.0
4,1763423705.507921,588.5123400688171,549.0,574.0,522.0
4,1763423705.5578332,595.6292419433594,549.0,582.0,520.0
4,1763423705.5937417,600.5290656089783,549.0,586.0,513.0
4,1763423705.6288438,605.2836565971375,549.0,606.0,517.0
4,1763423705.6689105,612.4774127006531,549.0,597.0,528.0
4,1763423705.7086687,617.3072485923767,549.0,610.0,524.0
4,1763423705.7537606,624.5920209884644,549.0,623.0,519.0
4,1763423705.789592,629.3636350631714,549.0,634.0,524.0
4,1763423705.8269968,636.4789633750916,549.0,651.0,526.0
4,1763423705.8632762,641.2434248924255,549.0,650.0,525.0
4,1763423705.8981326,646.1274056434631,549.0,644.0,522.0
4,1763423705.9329827,650.8737354278564,549.0,635.0,528.0
4,1763423705.971523,658.0748229026794,549.0,642.0,525.0
4,1763423706.013123,662.8328113555908,549.0,658.0,529.0
4,1763423706.0519073,670.0062899589539,549.0,661.0,532.0
4,1763423706.0927868,674.7928886413574,549.0,667.0,524.0
4,1763423706.1383638,682.0094971656799,549.0,676.0,514.0
4,1763423706.1733103,686.8207721710205,549.0,673.0,500.0
4,1763423706.2035236,691.7186646461487,549.0,679.0,509.0
4,1763423706.243972,698.8224773406982,549.0,685.0,519.0
4,1763423706.2898874,706.0052185058594,549.0,692.0,504.0
4,1763423706.328665,710.8078746795654,549.0,712.0,491.0
4,1763423706.3695524,718.0986909866333,549.0,744.0,518.0
4,1763423706.4027698,722.8673009872437,549.0,743.0,510.0
4,1763423706.452468,730.1271467208862,549.0,741.0,505.0
4,1763423706.4880466,734.7974805831909,549.0,732.0,505.0
4,1763423706.5238004,739.6585731506348,549.0,722.0,514.0
4,1763423706.5634723,746.9185261726379,549.0,726.0,535.0
4,1763423706.5983145,751.6023783683777,549.0,750.0,536.0
4,1763423706.6338546,756.4228444099426,549.0,770.0,526.0
4,1763423706.6682947,761.208155632019,549.0,780.0,515.0
4,1763423706.7059937,768.4314875602722,549.0,780.0,528.0
4,1763423706.7586646,775.5927710533142,549.0,775.0,546.0
4,1763423706.7979617,782.9109816551208,549.0,778.0,554.0
4,1763423706.8347056,787.7112417221069,549.0,790.0,536.0
4,1763423706.8734756,792.4116163253784,549.0,792.0,529.0
4,1763423706.9145286,799.5979337692261,549.0,788.0,515.0
4,1763423706.9467492,804.4721512794495,549.0,781.0,513.0
4,1763423706.9829538,809.215512752533,549.0,771.0,525.0
4,1763423707.0197196,814.1092567443848,549.0,780.0,516.0
4,1763423707.0687022,821.1999087333679,549.0,780.0,510.0
4,1763423707.1081657,828.4563570022583,549.0,777.0,515.0
4,1763423707.1385887,833.2143812179565,549.0,772.0,511.0
4,1763423707.1786082,837.9848866462708,549.0,780.0,503.0
4,1763423707.2134063,842.9097800254822,549.0,799.0,492.0
4,1763423707.249108,850.0775008201599,549.0,825.0,505.0
4,1763423707.286407,854.8875956535339,549.0,812.0,508.0
4,1763423707.3236952,859.7234039306641,549.0,816.0,508.0
4,1763423707.3658507,866.9278173446655,549.0,828.0,504.0
4,1763423707.4106243,874.1472511291504,549.0,841.0,516.0
4,1763423707.4486852,878.934636592865,549.0,842.0,505.0
4,1763423707.490784,886.1575036048889,549.0,839.0,500.0
4,1763423707.5232513,890.7920746803284,549.0,831.0,517.0
4,1763423707.563631,896.1045293807983,549.0,824.0,509.0
4,1763423707.6006844,902.819278717041,549.0,834.0,482.0
4,1763423707.6430275,907.7302603721619,549.0,857.0,479.0
4,1763423707.6777966,914.8862152099609,549.0,871.0,505.0
4,1763423707.7178607,919.5930271148682,549.0,884.0,505.0
4,1763423707.7527528,924.4981079101562,549.0,897.0,515.0
4,1763423707.7885618,929.2210488319397,549.0,883.0,523.0
4,1763423707.8275893,936.5024952888489,549.0,889.0,522.0
4,1763423707.8629196,941.3333683013916,549.0,899.0,512.0
4,1763423707.8985605,946.0084586143494,549.0,921.0,504.0
4,1763423707.932986,950.9028463363647,549.0,929.0,499.0
4,1763423707.970229,958.003011226654,549.0,914.0,498.0
4,1763423708.0077186,962.9647760391235,549.0,910.0,494.0
4,1763423708.0581117,970.0933723449707,549.0,914.0,487.0
4,1763423708.08864,974.7997550964355,549.0,922.0,497.0
4,1763423708.1228924,979.716959476471,549.0,925.0,504.0
4,1763423708.1529467,984.4185857772827,549.0,923.0,507.0
4,1763423708.1944,991.7169480323792,549.0,906.0,507.0
4,1763423708.2283416,996.5104846954346,549.0,906.0,515.0
4,1763423708.2635963,1001.2385754585266,549.0,928.0,511.0
4,1763423708.2932868,1006.0207395553589,549.0,932.0,505.0
4,1763423708.3336747,1010.9424500465393,549.0,930.0,510.0
4,1763423708.3727665,1018.0331735610962,549.0,935.0,499.0
4,1763423708.4184854,1025.2808957099915,549.0,961.0,466.0
4,1763423708.4703796,1032.425299167633,549.0,973.0,467.0
4,1763423708.5228627,1039.6032481193542,549.0,978.0,483.0
4,1763423708.585914,1049.2696433067322,549.0,1000.0,489.0
4,1763423708.6186295,1054.096510887146,549.0,1020.0,497.0
4,1763423708.6478968,1058.8756351470947,549.0,1025.0,487.0
4,1763423708.677823,1063.633623600006,549.0,1016.0,481.0
4,1763423708.7130253,1068.3791666030884,549.0,995.0,506.0
4,1763423708.7487009,1073.2505588531494,549.0,1005.0,505.0
4,1763423708.7886276,1080.5124073028564,549.0,1007.0,501.0
4,1763423708.823067,1085.23956823349,549.0,1021.0,487.0
4,1763423708.8747873,1092.3899083137512,549.0,1029.0,485.0
4,1763423708.8982584,1097.2782163619995,549.0,1024.0,493.0
4,1763423708.9335356,1102.0592002868652,549.0,1041.0,506.0
4,1763423708.9683127,1106.881061077118,549.0,1075.0,519.0
4,1763423709.0028038,1111.686649799347,549.0,1076.0,512.0
4,1763423709.0434127,1118.914523601532,549.0,1080.0,506.0
4,1763423709.0900867,1125.9833602905273,549.0,1078.0,498.0
4,1763423709.1233325,1130.9556393623352,549.0,1054.0,483.0
4,1763423709.1590245,1135.6468586921692,549.0,1063.0,486.0
4,1763423709.2044966,1142.8051381111145,549.0,1084.0,501.0
4,1763423709.2376854,1147.6911931037903,549.0,1088.0,507.0
4,1763423709.2728748,1152.5096921920776,549.0,1083.0,496.0
4,1763423709.3084526,1157.2211890220642,549.0,1092.0,488.0
4,1763423709.3462727,1164.5463018417358,549.0,1100.0,484.0
4,1763423709.3827589,1169.3015723228455,549.0,1120.0,479.0
4,1763423709.4184434,1174.11656665802,549.0,1120.0,493.0
4,1763423709.4530532,1178.8573532104492,549.0,1111.0,497.0
4,1763423709.4936097,1186.1302881240845,549.0,1124.0,486.0
4,1763423709.527765,1190.7884984016418,549.0,1146.0,472.0
4,1763423709.5710893,1198.1020240783691,549.0,1161.0,460.0
4,1763423709.613648,1202.9282479286194,549.0,1166.0,473.0
4,1763423709.6582143,1209.992506980896,549.0,1163.0,496.0
4,1763423709.7021627,1217.1768217086792,549.0,1167.0,500.0
4,1763423709.738475,1222.0550446510315,549.0,1150.0,496.0
4,1763423709.7788157,1229.2018084526062,549.0,1170.0,495.0
4,1763423709.8098562,1234.0090065002441,549.0,1180.0,490.0
4,1763423709.8483882,1238.9176278114319,549.0,1170.0,478.0
4,1763423709.893356,1246.0568099021912,549.0,1174.0,471.0
4,1763423709.9380956,1253.2040028572083,549.0,1169.0,474.0
4,1763423709.971428,1258.0933480262756,549.0,1219.0,472.0
4,1763423710.0084572,1262.8638892173767,549.0,1230.0,468.0
4,1763423710.0532653,1270.1037793159485,549.0,1228.0,459.0
4,1763423710.1008708,1277.2084503173828,549.0,1229.0,466.0
4,1763423710.1334043,1282.0748715400696,549.0,1241.0,476.0
4,1763423710.1679063,1286.9507341384888,549.0,1234.0,483.0
4,1763423710.203615,1291.6815428733826,549.0,1218.0,485.0
4,1763423710.2377179,1298.8744049072266,549.0,1217.0,480.0
4,1763423710.27557,1303.862991809845,549.0,1231.0,478.0
4,1763423710.3087761,1308.549418926239,549.0,1245.0,483.0
4,1763423710.3487923,1313.3407382965088,549.0,1250.0,472.0
4,1763423710.3927755,1320.391550540924,549.0,1251.0,483.0
4,1763423710.4377186,1327.5777249336243,549.0,1260.0,483.0
4,1763423710.4878592,1334.7792415618896,549.0,1274.0,467.0
4,1763423710.5329363,1342.0615105628967,549.0,1279.0,456.0
4,1763423710.572656,1346.808126449585,549.0,1277.0,456.0
4,1763423710.602981,1351.719036579132,549.0,1275.0,460.0
4,1763423710.6377292,1358.876100063324,549.0,1280.0,454.0
4,1763423710.6752758,1363.662591457367,549.0,1294.0,449.0
4,1763423710.7268262,1371.3229804039001,549.0,1289.0,470.0
4,1763423710.7736132,1378.0117301940918,549.0,1280.0,474.0
4,1763423710.8084774,1382.933226108551,549.0,1283.0,464.0
4,1763423710.8433473,1387.6723675727844,549.0,1316.0,476.0
4,1763423710.8852894,1394.9434785842896,549.0,1333.0,496.0
4,1763423710.9173794,1399.602189540863,549.0,1319.0,487.0
4,1763423710.9526856,1404.4672875404358,549.0,1327.0,488.0
4,1763423710.9944134,1411.7174773216248,549.0,1363.0,493.0
4,1763423711.030065,1416.5168433189392,549.0,1369.0,505.0
4,1763423711.0680156,1421.289315700531,549.0,1368.0,482.0
4,1763423711.1045656,1428.4361510276794,549.0,1373.0,457.0
4,1763423711.1386971,1433.2263259887695,549.0,1391.0,454.0
4,1763423711.1880078,1440.529981136322,549.0,1379.0,479.0
4,1763423711.2278557,1445.168128490448,549.0,1372.0,490.0
4,1763423711.2687814,1452.54434633255,549.0,1380.0,469.0
4,1763423711.2982671,1457.1916847229004,549.0,1400.0,479.0
4,1763423711.338666,1462.1338157653809,549.0,1421.0,495.0
4,1763423711.378064,1469.2882685661316,549.0,1417.0,479.0
4,1763423711.4269505,1476.439359664917,549.0,1419.0,475.0
4,1763423711.4630358,1481.2660484313965,549.0,1425.0,498.0
4,1763423711.5063052,1489.162507534027,549.0,1440.0,499.0
4,1763423711.5433433,1493.267539024353,549.0,1446.0,481.0
4,1763423711.577869,1497.973349571228,549.0,1460.0,503.0
4,1763423711.6135633,1502.7690320014954,549.0,1470.0,528.0
4,1763423711.6491308,1510.0705771446228,549.0,1463.0,519.0
4,1763423711.684198,1514.8250608444214,549.0,1441.0,498.0
4,1763423711.7234728,1519.6935563087463,549.0,1456.0,523.0
4,1763423711.7618914,1526.8090991973877,549.0,1495.0,540.0
4,1763423711.798077,1531.6891460418701,549.0,1514.0,533.0
4,1763423711.8429542,1538.8455657958984,549.0,1509.0,527.0
4,1763423711.8911345,1546.0825591087341,549.0,1484.0,527.0
4,1763423711.9311013,1551.6481070518494,549.0,1506.0,530.0
4,1763423711.988638,1560.4931740760803,549.0,1523.0,511.0
4,1763423712.028367,1565.16801404953,549.0,1512.0,497.0
4,1763423712.0578,1570.027497291565,549.0,1534.0,527.0
4,1763423712.0935097,1574.9667315483093,549.0,1552.0,537.0
4,1763423712.1298401,1582.016900062561,549.0,1545.0,514.0
4,1763423712.1677432,1586.8207364082336,549.0,1549.0,506.0
4,1763423712.2046757,1591.7242078781128,549.0,1552.0,520.0
4,1763423712.24361,1598.9181427955627,549.0,1555.0,530.0
4,1763423712.2787647,1603.6792783737183,549.0,1569.0,541.0
4,1763423712.3235993,1610.8196048736572,549.0,1584.0,541.0
4,1763423712.3577569,1615.5863909721375,549.0,1600.0,530.0
4,1763423712.3931406,1620.406177520752,549.0,1625.0,518.0
4,1763423712.4363234,1627.6599435806274,549.0,1609.0,489.0
4,1763423712.472754,1632.4700741767883,549.0,1575.0,459.0
4,1763423712.5140295,1639.7018103599548,549.0,1586.0,448.0
4,1763423712.5460794,1644.4933443069458,549.0,1620.0,438.0
4,1763423712.5834503,1649.2669253349304,549.0,1620.0,436.0
4,1763423712.618114,1654.0655403137207,549.0,1623.0,479.0
4,1763423712.6533573,1658.9378266334534,549.0,1622.0,507.0
4,1763423712.6903634,1665.9634976387024,549.0,1627.0,503.0
4,1763423712.732812,1670.8007006645203,549.0,1640.0,491.0
4,1763423712.7784135,1678.0310063362122,549.0,1650.0,493.0
4,1763423712.8134418,1682.9493551254272,549.0,1640.0,503.0
4,1763423712.8503294,1690.139070034027,549.0,1607.0,504.0
4,1763423712.8776274,1694.860830783844,549.0,1638.0,499.0
4,1763423712.918246,1699.7026114463806,549.0,1665.0,479.0
4,1763423712.9635978,1706.8871049880981,549.0,1673.0,469.0
4,1763423713.0102346,1714.1058235168457,549.0,1659.0,468.0
4,1763423713.0487797,1718.8203601837158,549.0,1657.0,473.0
4,1763423713.0785694,1723.5685138702393,549.0,1677.0,501.0
5,1763423713.118156,1728.366485118866,549.0,1696.0,517.0
5,1763423713.1485262,1728.366485118866,549.0,1701.0,519.0
5,1763423713.1781723,1728.366485118866,549.0,1720.0,514.0
5,1763423713.223077,1728.366485118866,549.0,1726.0,493.0
5,1763423713.2628405,1728.366485118866,549.0,1737.0,479.0
5,1763423713.2882085,1728.366485118866,549.0,1732.0,490.0
5,1763423713.3175895,1728.366485118866,549.0,1730.0,517.0
5,1763423713.3480487,1728.366485118866,549.0,1742.0,537.0
5,1763423713.3827252,1728.366485118866,549.0,1744.0,536.0
5,1763423713.4129205,1728.366485118866,549.0,1754.0,521.0
5,1763423713.4478428,1728.366485118866,549.0,1759.0,532.0
5,1763423713.477666,1728.366485118866,549.0,1403.0,499.0
5,1763423713.5081325,1728.366485118866,549.0,1541.0,1176.0
5,1763423713.533341,1728.366485118866,549.0,1180.0,1099.0
5,1763423713.5776834,1728.366485118866,549.0,445.0,777.0
5,1763423713.6132214,178.0,642.0,365.0,707.0
5,1763423713.639977,182.82590198516846,642.0,322.0,733.0
5,1763423713.6781473,187.73641872406006,642.0,291.0,603.0
5,1763423713.723111,194.80783033370972,642.0,284.0,605.0
5,1763423713.7577028,199.71756029129028,642.0,290.0,608.0
5,1763423713.7929761,204.40949487686157,642.0,278.0,609.0
5,1763423713.8335125,211.7313175201416,642.0,270.0,618.0
5,1763423713.8576975,214.06072664260864,642.0,277.0,629.0
5,1763423713.896678,221.19894313812256,642.0,280.0,607.0
5,1763423713.9335394,226.0486273765564,642.0,291.0,586.0
5,1763423713.9679308,230.84792184829712,642.0,287.0,598.0
5,1763423714.0030885,238.14621257781982,642.0,276.0,631.0
5,1763423714.0581398,245.2606110572815,642.0,277.0,639.0
5,1763423714.1058755,252.42690134048462,642.0,284.0,623.0
5,1763423714.142807,257.29965257644653,642.0,292.0,609.0
5,1763423714.168503,262.1110348701477,642.0,309.0,602.0
5,1763423714.203443,266.92749547958374,642.0,321.0,603.0
5,1763423714.242709,274.08927965164185,642.0,330.0,614.0
5,1763423714.2784758,278.814688205719,642.0,320.0,632.0
5,1763423714.3134542,283.6108355522156,642.0,318.0,641.0
5,1763423714.353244,288.4238986968994,642.0,338.0,629.0
5,1763423714.391162,295.70960092544556,642.0,360.0,620.0
5,1763423714.4230921,300.5420832633972,642.0,367.0,636.0
5,1763423714.475304,307.73684072494507,642.0,374.0,631.0
5,1763423714.5052707,312.4466209411621,642.0,387.0,617.0
5,1763423714.552653,319.6392683982849,642.0,389.0,597.0
5,1763423714.5878136,324.5383052825928,642.0,385.0,596.0
5,1763423714.6226854,329.3466477394104,642.0,385.0,622.0
5,1763423714.6634057,336.491587638855,642.0,371.0,637.0
5,1763423714.6949806,341.3314371109009,642.0,384.0,638.0
5,1763423714.7330573,346.0416464805603,642.0,379.0,647.0
5,1763423714.767963,350.86529541015625,642.0,378.0,648.0
5,1763423714.8033204,358.1810026168823,642.0,404.0,628.0
5,1763423714.84194,362.9617004394531,642.0,418.0,622.0
5,1763423714.8781466,367.7058129310608,642.0,412.0,619.0
5,1763423714.9134908,372.50632333755493,642.0,398.0,608.0
5,1763423714.9498503,379.70472860336304,642.0,419.0,615.0
5,1763423714.9880776,384.3990592956543,642.0,426.0,620.0
5,1763423715.0186937,389.32291555404663,642.0,441.0,611.0
5,1763423715.0640018,396.58469247817993,642.0,452.0,599.0
5,1763423715.0977035,401.28349351882935,642.0,462.0,605.0
5,1763423715.1431289,408.4153084754944,642.0,457.0,605.0
5,1763423715.1988418,415.66592741012573,642.0,455.0,602.0
5,1763423715.2413943,422.880747795105,642.0,460.0,590.0
5,1763423715.2734625,427.69481229782104,642.0,450.0,611.0
5,1763423715.318575,434.8606734275818,642.0,451.0,615.0
5,1763423715.3510358,439.6416573524475,642.0,443.0,611.0
5,1763423715.388444,444.48526191711426,642.0,447.0,612.0
5,1763423715.4226875,449.2127447128296,642.0,452.0,604.0
5,1763423715.463037,456.4670829772949,642.0,472.0,599.0
5,1763423715.4981427,461.19849967956543,642.0,492.0,604.0
5,1763423715.5331845,466.0579471588135,642.0,483.0,629.0
5,1763423715.5750062,473.3167200088501,642.0,483.0,642.0
5,1763423715.6085024,478.11236667633057,642.0,495.0,620.0
5,1763423715.6412477,482.84514236450195,642.0,511.0,614.0
5,1763423715.686735,490.0413303375244,642.0,515.0,611.0
5,1763423715.7128015,492.400315284729,642.0,546.0,614.0
5,1763423715.7529957,499.68548107147217,642.0,537.0,622.0
5,1763423715.8034036,506.8864254951477,642.0,544.0,614.0
5,1763423715.8467164,514.0484957695007,642.0,545.0,622.0
5,1763423715.879706,518.9353375434875,642.0,542.0,633.0
5,1763423715.9124227,523.6865668296814,642.0,537.0,634.0
5,1763423715.9475892,528.938868522644,642.0,522.0,634.0
5,1763423715.9828196,533.3122997283936,642.0,527.0,625.0
5,1763423716.0179622,538.0481510162354,642.0,526.0,621.0
5,1763423716.057298,545.2459125518799,642.0,533.0,622.0
5,1763423716.088228,550.0713138580322,642.0,532.0,612.0
5,1763423716.1232116,554.935625076294,642.0,532.0,601.0
5,1763423716.1525993,559.7137837409973,642.0,545.0,603.0
5,1763423716.187948,564.5445494651794,642.0,553.0,601.0
5,1763423716.2333217,571.651008605957,642.0,552.0,596.0
5,1763423716.2725701,576.4376788139343,642.0,557.0,597.0
5,1763423716.3178134,583.6975960731506,642.0,594.0,602.0
5,1763423716.3530385,588.4982495307922,642.0,599.0,607.0
5,1763423716.3968325,595.7220463752747,642.0,615.0,599.0
5,1763423716.4234715,600.50657081604,642.0,633.0,589.0
5,1763423716.4577384,605.2326588630676,642.0,629.0,595.0
5,1763423716.4979873,610.0962190628052,642.0,628.0,599.0
5,1763423716.5430157,617.2946243286133,642.0,606.0,606.0
5,1763423716.5777042,622.1073298454285,642.0,607.0,608.0
5,1763423716.608747,626.8261580467224,642.0,607.0,601.0
5,1763423716.6428795,634.1148643493652,642.0,602.0,599.0
5,1763423716.6820848,638.8741760253906,642.0,599.0,608.0
5,1763423716.717781,643.6736135482788,642.0,597.0,620.0
5,1763423716.7527764,648.5338478088379,642.0,614.0,617.0
5,1763423716.790906,655.6227831840515,642.0,632.0,603.0
5,1763423716.8279111,660.4069142341614,642.0,645.0,588.0
5,1763423716.877875,667.6618962287903,642.0,660.0,576.0
5,1763423716.912567,672.3969249725342,642.0,668.0,582.0
5,1763423716.9679284,682.0074586868286,642.0,668.0,587.0
5,1763423716.9995537,686.929455280304,642.0,669.0,591.0
5,1763423717.0336301,691.6839032173157,642.0,658.0,611.0
5,1763423717.0680254,696.5272932052612,642.0,664.0,602.0
5,1763423717.1033318,701.2204079627991,642.0,676.0,604.0
5,1763423717.1496878,708.4112672805786,642.0,682.0,591.0
5,1763423717.1774318,713.2192521095276,642.0,695.0,573.0
5,1763423717.212899,718.1314854621887,642.0,711.0,558.0
5,1763423717.2484436,722.8738098144531,642.0,709.0,552.0
5,1763423717.2886808,730.0864486694336,642.0,709.0,564.0
5,1763423717.3370616,737.301233291626,642.0,721.0,584.0
5,1763423717.3727365,742.043378829956,642.0,719.0,588.0
5,1763423717.4179482,749.2661385536194,642.0,703.0,592.0
5,1763423717.45786,753.9887218475342,642.0,699.0,606.0
5,1763423717.4950829,761.3377957344055,642.0,710.0,601.0
5,1763423717.5282624,766.1267547607422,642.0,727.0,569.0
5,1763423717.5776668,773.3000903129578,642.0,733.0,556.0
5,1763423717.6124816,778.1624703407288,642.0,745.0,577.0
5,1763423717.6483061,782.8855185508728,642.0,753.0,576.0
5,1763423717.6827745,790.0991230010986,642.0,747.0,583.0
5,1763423717.7226763,794.9527411460876,642.0,737.0,590.0
5,1763423717.762795,802.1021871566772,642.0,747.0,580.0
5,1763423717.8007982,807.0069103240967,642.0,761.0,572.0
5,1763423717.8379807,811.6264967918396,642.0,767.0,593.0
5,1763423717.8831656,818.842854976654,642.0,762.0,612.0
5,1763423717.9283686,826.0050683021545,642.0,762.0,611.0
5,1763423717.9583204,830.7992129325867,642.0,769.0,605.0
5,1763423717.9926589,835.7328681945801,642.0,769.0,601.0
5,1763423718.0328593,840.5066637992859,642.0,766.0,591.0
5,1763423718.0903609,850.0419883728027,642.0,759.0,580.0
5,1763423718.1228082,854.8261194229126,642.0,752.0,598.0
5,1763423718.1676774,862.0381503105164,642.0,759.0,621.0
5,1763423718.2161493,869.2532210350037,642.0,789.0,620.0
5,1763423718.2594194,874.0894227027893,642.0,814.0,625.0
5,1763423718.3046098,881.3202290534973,642.0,814.0,648.0
5,1763423718.347695,888.4898452758789,642.0,815.0,652.0
5,1763423718.398211,895.6435112953186,642.0,818.0,638.0
5,1763423718.448448,902.7950673103333,642.0,816.0,641.0
5,1763423718.492749,910.0796251296997,642.0,817.0,665.0
5,1763423718.5581474,919.6143417358398,642.0,840.0,652.0
5,1763423718.6029694,926.8629579544067,642.0,878.0,621.0
5,1763423718.6473217,934.0154438018799,642.0,871.0,585.0
5,1763423718.6882043,938.7966423034668,642.0,874.0,591.0
5,1763423718.7326424,946.0395722389221,642.0,887.0,625.0
5,1763423718.7828703,953.327205657959,642.0,899.0,625.0
5,1763423718.8244848,960.4965357780457,642.0,900.0,636.0
5,1763423718.8629467,965.1802806854248,642.0,915.0,631.0
5,1763423718.903271,972.501781463623,642.0,918.0,625.0
5,1763423718.9433234,977.2369532585144,642.0,910.0,621.0
5,1763423718.9874558,984.5852046012878,642.0,920.0,604.0
5,1763423719.0273166,989.2056851387024,642.0,919.0,592.0
5,1763423719.0789306,998.8274483680725,642.0,916.0,605.0
5,1763423719.122693,1006.0869007110596,642.0,915.0,599.0
5,1763423719.1680484,1010.9742789268494,642.0,939.0,582.0
5,1763423719.212696,1018.0610685348511,642.0,991.0,575.0
5,1763423719.2632933,1025.2514271736145,642.0,979.0,595.0
5,1763423719.2982218,1030.1798610687256,642.0,986.0,597.0
5,1763423719.3440216,1037.2601776123047,642.0,1003.0,590.0
5,1763423719.388932,1044.469669342041,642.0,1004.0,615.0
5,1763423719.4290588,1051.8905906677246,642.0,987.0,589.0
5,1763423719.4731913,1056.5271644592285,642.0,1001.0,565.0
5,1763423719.5099902,1063.5830550193787,642.0,980.0,600.0
5,1763423719.5453172,1068.4008388519287,642.0,975.0,608.0
5,1763423719.6008506,1075.6016402244568,642.0,997.0,606.0
5,1763423719.6403406,1082.8681020736694,642.0,1005.0,605.0
5,1763423719.6880467,1089.9917273521423,642.0,1004.0,603.0
5,1763423719.719869,1094.8674111366272,642.0,1015.0,588.0
5,1763423719.767222,1102.012315273285,642.0,1035.0,581.0
5,1763423719.8153317,1109.1981678009033,642.0,1050.0,588.0
5,1763423719.8484251,1114.0590815544128,642.0,1091.0,615.0
5,1763423719.8959348,1121.193256855011,642.0,1090.0,593.0
5,1763423719.943875,1128.5107522010803,642.0,1084.0,581.0
5,1763423719.9832299,1133.2783608436584,642.0,1099.0,627.0
5,1763423720.0303354,1140.4026656150818,642.0,1087.0,642.0
5,1763423720.077812,1147.6397304534912,642.0,1086.0,620.0
5,1763423720.1225889,1154.8157839775085,642.0,1077.0,608.0
5,1763423720.162547,1162.0650081634521,642.0,1081.0,603.0
5,1763423720.1996915,1166.899314403534,642.0,1089.0,602.0
5,1763423720.2425733,1174.0689306259155,642.0,1097.0,604.0
5,1763423720.2786834,1178.8376836776733,642.0,1093.0,621.0
5,1763423720.3174112,1183.5758595466614,642.0,1096.0,606.0
5,1763423720.3649411,1190.7907872200012,642.0,1119.0,588.0
5,1763423720.402922,1198.1212286949158,642.0,1128.0,607.0
5,1763423720.4382293,1202.817419052124,642.0,1130.0,620.0
5,1763423720.473532,1207.6861290931702,642.0,1128.0,602.0
5,1763423720.5076077,1212.4285249710083,642.0,1144.0,598.0
5,1763423720.5530436,1219.6384100914001,642.0,1164.0,608.0
5,1763423720.60062,1226.8777995109558,642.0,1201.0,605.0
5,1763423720.6508946,1234.0600757598877,642.0,1200.0,597.0
5,1763423720.6967711,1241.2702469825745,642.0,1209.0,601.0
5,1763423720.7476723,1248.4100728034973,642.0,1220.0,615.0
5,1763423720.802806,1258.1038265228271,642.0,1221.0,616.0
5,1763423720.8474598,1262.9249720573425,642.0,1220.0,613.0
5,1763423720.8783662,1267.6626472473145,642.0,1218.0,633.0
5,1763423720.9083703,1272.461977481842,642.0,1205.0,631.0
5,1763423720.949535,1279.6590595245361,642.0,1211.0,616.0
5,1763423720.9834578,1284.4282417297363,642.0,1206.0,614.0
5,1763423721.0229144,1289.1733198165894,642.0,1207.0,620.0
5,1763423721.0577245,1293.9797668457031,642.0,1226.0,611.0
5,1763423721.0942032,1301.1940150260925,642.0,1253.0,603.0
5,1763423721.1324651,1305.992308139801,642.0,1267.0,607.0
5,1763423721.1775832,1313.3541135787964,642.0,1258.0,616.0
5,1763423721.2327006,1320.5192952156067,642.0,1245.0,625.0
5,1763423721.2624555,1325.1954941749573,642.0,1273.0,612.0
5,1763423721.2980933,1330.1152019500732,642.0,1290.0,596.0
5,1763423721.3345444,1337.186291694641,642.0,1287.0,600.0
5,1763423721.366709,1342.0174865722656,642.0,1265.0,639.0
5,1763423721.408661,1346.9021468162537,642.0,1260.0,638.0
5,1763423721.446351,1353.9868264198303,642.0,1285.0,640.0
5,1763423721.4874895,1358.9013485908508,642.0,1313.0,650.0
5,1763423721.5227294,1366.0923509597778,642.0,1336.0,625.0
5,1763423721.5595815,1370.8282022476196,642.0,1331.0,614.0
5,1763423721.5981817,1375.5921988487244,642.0,1320.0,640.0
5,1763423721.6336627,1380.5058269500732,642.0,1347.0,656.0
5,1763423721.6630344,1385.2149634361267,642.0,1353.0,646.0
5,1763423721.6975253,1390.0808839797974,642.0,1356.0,646.0
5,1763423721.7373629,1397.3178057670593,642.0,1374.0,647.0
5,1763423721.7733595,1402.018931388855,642.0,1378.0,664.0
5,1763423721.8074017,1406.8467645645142,642.0,1360.0,652.0
5,1763423721.8580701,1414.0139846801758,642.0,1348.0,618.0
5,1763423721.8978868,1421.235456943512,642.0,1380.0,615.0
5,1763423721.9471896,1428.4739165306091,642.0,1411.0,622.0
5,1763423721.978269,1433.1933526992798,642.0,1409.0,634.0
5,1763423722.0173714,1437.967863559723,642.0,1415.0,635.0
5,1763423722.0479612,1442.810287952423,642.0,1430.0,625.0
5,1763423722.0824902,1450.0564723014832,642.0,1439.0,634.0
5,1763423722.119472,1454.992416381836,642.0,1433.0,638.0
5,1763423722.1531315,1459.655991077423,642.0,1429.0,604.0
5,1763423722.193111,1464.3941669464111,642.0,1479.0,602.0
5,1763423722.2231576,1469.1915302276611,642.0,1487.0,571.0
5,1763423722.2647736,1476.5172152519226,642.0,1468.0,540.0
5,1763423722.2880003,1478.863540172577,642.0,1478.0,533.0
5,1763423722.3304904,1486.0477833747864,642.0,1490.0,542.0
5,1763423722.367389,1490.8905296325684,642.0,1493.0,542.0
5,1763423722.3980496,1495.7258729934692,642.0,1501.0,551.0
5,1763423722.4389005,1502.8607993125916,642.0,1531.0,578.0
5,1763423722.4730303,1507.6658158302307,642.0,1528.0,583.0
5,1763423722.5076945,1512.3926548957825,642.0,1494.0,565.0
5,1763423722.5513432,1519.5830492973328,642.0,1478.0,556.0
5,1763423722.584008,1524.7451930046082,642.0,1475.0,555.0
5,1763423722.6227007,1529.1733055114746,642.0,1513.0,580.0
5,1763423722.6579106,1534.0117959976196,642.0,1550.0,572.0
5,1763423722.7047908,1541.1660342216492,642.0,1550.0,556.0
5,1763423722.7455208,1548.5124616622925,642.0,1545.0,558.0
5,1763423722.7779472,1553.2910137176514,642.0,1545.0,575.0
5,1763423722.8124077,1558.0599455833435,642.0,1558.0,593.0
5,1763423722.8554463,1565.1647596359253,642.0,1565.0,613.0
5,1763423722.8931432,1570.0015335083008,642.0,1556.0,628.0
5,1763423722.9282277,1574.8602299690247,642.0,1572.0,608.0
5,1763423722.9733646,1581.984534740448,642.0,1537.0,581.0
5,1763423723.0177596,1589.2082242965698,642.0,1539.0,573.0
5,1763423723.053218,1594.0682797431946,642.0,1545.0,560.0
5,1763423723.0986903,1601.3287692070007,642.0,1553.0,582.0
5,1763423723.1324842,1605.9856204986572,642.0,1575.0,585.0
5,1763423723.1632292,1610.7988624572754,642.0,1573.0,554.0
5,1763423723.197891,1615.60005235672,642.0,1561.0,546.0
5,1763423723.2331793,1620.4496293067932,642.0,1571.0,557.0
5,1763423723.27285,1627.7124791145325,642.0,1584.0,565.0
5,1763423723.3090239,1632.4700026512146,642.0,1574.0,572.0
5,1763423723.3423812,1637.2081427574158,642.0,1611.0,579.0
5,1763423723.3730273,1642.2868876457214,642.0,1644.0,606.0
5,1763423723.414461,1649.3218212127686,642.0,1658.0,617.0
5,1763423723.4573166,1653.9926915168762,642.0,1659.0,618.0
5,1763423723.4947937,1661.243989944458,642.0,1652.0,639.0
5,1763423723.5275261,1666.0396366119385,642.0,1663.0,650.0
5,1763423723.5641186,1670.7799940109253,642.0,1664.0,655.0
5,1763423723.597833,1675.5949168205261,642.0,1653.0,646.0
5,1763423723.6327486,1680.4027585983276,642.0,1663.0,647.0
5,1763423723.6698995,1687.6380352973938,642.0,1660.0,644.0
5,1763423723.7024524,1692.390480518341,642.0,1671.0,642.0
5,1763423723.7532628,1699.694564819336,642.0,1677.0,636.0
5,1763423723.7979882,1706.8736939430237,642.0,1670.0,618.0
5,1763423723.8322787,1711.677887916565,642.0,1704.0,618.0
5,1763423723.8685238,1716.4427070617676,642.0,1726.0,626.0
5,1763423723.9022837,1721.2528018951416,642.0,1711.0,635.0
6,1763423723.9428878,1726.0247735977173,642.0,1696.0,651.0
6,1763423723.972605,1726.0247735977173,642.0,1693.0,659.0
6,1763423724.0077384,1726.0247735977173,642.0,1692.0,657.0
6,1763423724.0524638,1726.0247735977173,642.0,1703.0,656.0
6,1763423724.0979886,1726.0247735977173,642.0,1713.0,653.0
6,1763423724.1375082,1726.0247735977173,642.0,1729.0,667.0
6,1763423724.1728554,1726.0247735977173,642.0,1738.0,660.0
6,1763423724.202968,1726.0247735977173,642.0,1735.0,657.0
6,1763423724.2326293,1726.0247735977173,642.0,1722.0,653.0
6,1763423724.2633402,1726.0247735977173,642.0,1728.0,657.0
6,1763423724.2973208,1726.0247735977173,642.0,1739.0,649.0
6,1763423724.327882,1726.0247735977173,642.0,1673.0,666.0
6,1763423724.3573308,1726.0247735977173,642.0,1479.0,1360.0
6,1763423724.3888638,1726.0247735977173,642.0,2065.0,1598.0
6,1763423724.4230592,1726.0247735977173,642.0,629.0,799.0
6,1763423724.4524777,180.4370551109314,735.0,516.0,710.0
6,1763423724.4875653,187.67590808868408,735.0,457.0,665.0
6,1763423724.5240936,192.4055724143982,735.0,334.0,737.0
6,1763423724.5699077,200.0272660255432,735.0,310.0,745.0
6,1763423724.6082053,204.44046545028687,735.0,309.0,734.0
6,1763423724.6481576,211.7647557258606,735.0,311.0,730.0
6,1763423724.685576,216.52431774139404,735.0,311.0,721.0
6,1763423724.7227278,221.25512647628784,735.0,302.0,727.0
6,1763423724.758122,226.01068305969238,735.0,313.0,733.0
6,1763423724.7979484,233.27313947677612,735.0,336.0,739.0
6,1763423724.827714,238.09771823883057,735.0,310.0,745.0
6,1763423724.8683026,242.8560643196106,735.0,312.0,730.0
6,1763423724.902441,247.69884634017944,735.0,330.0,727.0
6,1763423724.941504,254.99023485183716,735.0,344.0,741.0
6,1763423724.9732928,259.6471219062805,735.0,337.0,750.0
6,1763423725.0081072,264.46154403686523,735.0,325.0,759.0
6,1763423725.047779,271.70797872543335,735.0,337.0,751.0
6,1763423725.0877242,276.53981733322144,735.0,355.0,731.0
6,1763423725.1222503,281.2116174697876,735.0,380.0,720.0
6,1763423725.169106,288.4703903198242,735.0,394.0,729.0
6,1763423725.2123046,295.6278829574585,735.0,398.0,739.0
6,1763423725.25321,300.60305881500244,735.0,379.0,748.0
6,1763423725.2882986,307.78590726852417,735.0,375.0,732.0
6,1763423725.327824,312.47415828704834,735.0,381.0,721.0
6,1763423725.3622646,317.3636465072632,735.0,387.0,710.0
6,1763423725.3974404,322.1324710845947,735.0,389.0,710.0
6,1763423725.4274294,326.8746166229248,735.0,400.0,705.0
6,1763423725.4673727,334.00775480270386,735.0,416.0,697.0
6,1763423725.5011458,338.90768575668335,735.0,426.0,721.0
6,1763423725.537414,343.70247411727905,735.0,424.0,738.0
6,1763423725.572523,348.44419050216675,735.0,431.0,743.0
6,1763423725.617894,355.6237487792969,735.0,444.0,738.0
6,1763423725.6523592,360.5365900993347,735.0,444.0,729.0
6,1763423725.6879365,367.7315979003906,735.0,426.0,706.0
6,1763423725.7239234,372.46494579315186,735.0,413.0,704.0
6,1763423725.7629755,377.2044448852539,735.0,410.0,706.0
6,1763423725.793394,382.10155057907104,735.0,430.0,728.0
6,1763423725.8278785,386.80374908447266,735.0,438.0,732.0
6,1763423725.8681345,394.15089178085327,735.0,456.0,713.0
6,1763423725.902721,398.9293723106384,735.0,465.0,716.0
6,1763423725.942622,403.60274600982666,735.0,461.0,714.0
6,1763423725.9827435,410.7973246574402,735.0,463.0,701.0
6,1763423726.0230935,415.70530223846436,735.0,464.0,673.0
6,1763423726.0769057,425.2110152244568,735.0,464.0,663.0
6,1763423726.1030605,427.6854066848755,735.0,462.0,683.0
6,1763423726.1425354,434.9083094596863,735.0,474.0,684.0
6,1763423726.1722527,439.60675287246704,735.0,495.0,683.0
6,1763423726.2078197,444.49134159088135,735.0,499.0,677.0
6,1763423726.2535694,451.63781929016113,735.0,502.0,674.0
6,1763423726.3018875,458.8722734451294,735.0,511.0,681.0
6,1763423726.3508048,466.0143165588379,735.0,528.0,686.0
6,1763423726.3880055,470.8878903388977,735.0,528.0,698.0
6,1763423726.4185328,475.69272804260254,735.0,515.0,712.0
6,1763423726.4525185,480.52578258514404,735.0,520.0,702.0
6,1763423726.4973617,487.6200466156006,735.0,526.0,670.0
6,1763423726.5329225,492.42248821258545,735.0,532.0,662.0
6,1763423726.5724514,499.6120958328247,735.0,536.0,664.0
6,1763423726.6080246,504.4648914337158,735.0,543.0,651.0
6,1763423726.6475997,511.68107080459595,735.0,528.0,654.0
6,1763423726.6778405,514.0219955444336,735.0,519.0,662.0
6,1763423726.7163625,521.3370590209961,735.0,530.0,666.0
6,1763423726.7677846,528.4551410675049,735.0,546.0,665.0
6,1763423726.804194,533.2963852882385,735.0,558.0,680.0
6,1763423726.8343718,538.0078821182251,735.0,570.0,670.0
6,1763423726.8764045,545.3094630241394,735.0,577.0,651.0
6,1763423726.9264758,552.551248550415,735.0,589.0,662.0
6,1763423726.9484806,554.8222212791443,735.0,575.0,699.0
6,1763423726.9833739,559.7413926124573,735.0,569.0,686.0
6,1763423727.0218267,566.8984560966492,735.0,579.0,688.0
6,1763423727.0534503,571.6709642410278,735.0,594.0,695.0
6,1763423727.092277,576.5239028930664,735.0,612.0,698.0
6,1763423727.1278605,583.7201981544495,735.0,608.0,707.0
6,1763423727.163483,588.4029059410095,735.0,601.0,713.0
6,1763423727.1972487,593.1951909065247,735.0,603.0,711.0
6,1763423727.2332282,598.1434373855591,735.0,616.0,703.0
6,1763423727.2677436,602.9391913414001,735.0,605.0,698.0
6,1763423727.3028803,607.6636343002319,735.0,608.0,691.0
6,1763423727.3426237,614.8979454040527,735.0,618.0,681.0
6,1763423727.3837183,619.6224956512451,735.0,622.0,676.0
6,1763423727.4279487,626.8972187042236,735.0,629.0,689.0
6,1763423727.4631515,631.7757992744446,735.0,624.0,713.0
6,1763423727.4998984,638.817813873291,735.0,620.0,708.0
6,1763423727.5354576,643.5948638916016,735.0,634.0,684.0
6,1763423727.572961,648.5289125442505,735.0,647.0,669.0
6,1763423727.6075556,655.6744604110718,735.0,677.0,668.0
6,1763423727.6522841,660.4215412139893,735.0,671.0,671.0
6,1763423727.6825662,665.3524785041809,735.0,665.0,666.0
6,1763423727.7177238,670.1863913536072,735.0,675.0,656.0
6,1763423727.758221,677.3502855300903,735.0,695.0,657.0
6,1763423727.788878,682.0576338768005,735.0,714.0,659.0
6,1763423727.836276,689.3338589668274,735.0,724.0,663.0
6,1763423727.8732133,694.1443471908569,735.0,721.0,664.0
6,1763423727.9089756,698.8292365074158,735.0,722.0,686.0
6,1763423727.9431849,703.652813911438,735.0,708.0,676.0
6,1763423727.9817076,710.8746795654297,735.0,711.0,678.0
6,1763423728.0183015,715.619936466217,735.0,711.0,689.0
6,1763423728.0523493,720.567789554596,735.0,722.0,682.0
6,1763423728.0830808,725.2703814506531,735.0,740.0,688.0
6,1763423728.1177883,730.000617980957,735.0,745.0,707.0
6,1763423728.1542232,737.2067837715149,735.0,738.0,716.0
6,1763423728.1883447,742.1178011894226,735.0,751.0,713.0
6,1763423728.2196865,746.8809752464294,735.0,757.0,711.0
6,1763423728.2574363,751.6351013183594,735.0,755.0,706.0
6,1763423728.3030293,758.9116840362549,735.0,772.0,699.0
6,1763423728.3377175,763.7841849327087,735.0,782.0,687.0
6,1763423728.3722472,768.5112743377686,735.0,766.0,681.0
6,1763423728.408074,775.7522015571594,735.0,769.0,669.0
6,1763423728.4530811,780.4595141410828,735.0,787.0,659.0
6,1763423728.497717,787.5990538597107,735.0,797.0,661.0
6,1763423728.5415034,794.904354095459,735.0,796.0,681.0
6,1763423728.582589,799.7133402824402,735.0,790.0,692.0
6,1763423728.6126997,804.79523229599,735.0,803.0,667.0
6,1763423728.647492,811.6649060249329,735.0,812.0,634.0
6,1763423728.686066,816.525927066803,735.0,805.0,647.0
6,1763423728.718003,821.2427883148193,735.0,782.0,663.0
6,1763423728.757287,826.1462955474854,735.0,787.0,673.0
6,1763423728.7964025,833.2163481712341,735.0,790.0,672.0
6,1763423728.8327699,838.0340962409973,735.0,793.0,665.0
6,1763423728.867834,842.927089214325,735.0,795.0,670.0
6,1763423728.9025629,847.725489616394,735.0,792.0,670.0
6,1763423728.9390686,854.9024014472961,735.0,795.0,657.0
6,1763423728.9780228,859.6935777664185,735.0,803.0,645.0
6,1763423729.020413,866.9124751091003,735.0,837.0,658.0
6,1763423729.0579078,871.7034010887146,735.0,846.0,672.0
6,1763423729.1036785,878.7882237434387,735.0,847.0,670.0
6,1763423729.1378915,883.6776404380798,735.0,854.0,662.0
6,1763423729.1679723,888.4330897331238,735.0,863.0,660.0
6,1763423729.2022066,893.2765154838562,735.0,869.0,662.0
6,1763423729.2434225,900.3904132843018,735.0,868.0,657.0
6,1763423729.2830784,905.1870613098145,735.0,863.0,663.0
6,1763423729.3259149,912.5044136047363,735.0,868.0,663.0
6,1763423729.3680923,919.754961013794,735.0,879.0,656.0
6,1763423729.402691,924.4225769042969,735.0,898.0,664.0
6,1763423729.4381306,929.2919306755066,735.0,919.0,655.0
6,1763423729.4730046,934.1258435249329,735.0,906.0,635.0
6,1763423729.528461,943.8102631568909,735.0,883.0,660.0
6,1763423729.5675046,948.5274820327759,735.0,901.0,658.0
6,1763423729.6272166,958.1147699356079,735.0,901.0,632.0
6,1763423729.6630428,962.9091649055481,735.0,913.0,653.0
6,1763423729.6979597,967.5893692970276,735.0,942.0,649.0
6,1763423729.727942,972.4478511810303,735.0,925.0,637.0
6,1763423729.776202,980.2096991539001,735.0,911.0,643.0
6,1763423729.8216698,986.797562122345,735.0,920.0,661.0
6,1763423729.855311,991.6764645576477,735.0,928.0,655.0
6,1763423729.89302,996.5445666313171,735.0,949.0,647.0
6,1763423729.9229484,1001.3129620552063,735.0,964.0,661.0
6,1763423729.9673555,1008.489981174469,735.0,965.0,669.0
6,1763423730.0024447,1013.2555871009827,735.0,971.0,668.0
6,1763423730.0353274,1018.0210857391357,735.0,966.0,659.0
6,1763423730.0751045,1025.2055435180664,735.0,972.0,655.0
6,1763423730.1093433,1030.1287202835083,735.0,986.0,663.0
6,1763423730.1483634,1034.7808866500854,735.0,993.0,681.0
6,1763423730.1831205,1039.6056442260742,735.0,1001.0,681.0
6,1763423730.221169,1046.8548684120178,735.0,1013.0,672.0
6,1763423730.2536702,1051.6221551895142,735.0,997.0,678.0
6,1763423730.292764,1056.4692645072937,735.0,992.0,666.0
6,1763423730.3323405,1063.6083750724792,735.0,983.0,666.0
6,1763423730.3679402,1068.493392944336,735.0,996.0,662.0
6,1763423730.4027443,1073.268476009369,735.0,1020.0,662.0
6,1763423730.4455683,1080.5225281715393,735.0,1035.0,666.0
6,1763423730.4826782,1085.20773935318,735.0,1029.0,709.0
6,1763423730.5243227,1092.4934058189392,735.0,1018.0,709.0
6,1763423730.5586913,1097.4016337394714,735.0,1014.0,680.0
6,1763423730.5976343,1102.0028023719788,735.0,1008.0,675.0
6,1763423730.6426024,1109.2273502349854,735.0,1056.0,690.0
6,1763423730.6833549,1116.4345531463623,735.0,1094.0,682.0
6,1763423730.7273293,1123.640504360199,735.0,1086.0,670.0
6,1763423730.7723637,1128.4483103752136,735.0,1087.0,683.0
6,1763423730.802264,1133.3605794906616,735.0,1086.0,681.0
6,1763423730.8439114,1140.380063533783,735.0,1078.0,685.0
6,1763423730.8821874,1145.3269867897034,735.0,1084.0,698.0
6,1763423730.9232872,1152.3941068649292,735.0,1107.0,696.0
6,1763423730.9625561,1157.3177127838135,735.0,1112.0,696.0
6,1763423730.9980206,1162.0920805931091,735.0,1116.0,708.0
6,1763423731.0425138,1169.2969589233398,735.0,1128.0,711.0
6,1763423731.070987,1174.033525466919,735.0,1131.0,708.0
6,1763423731.1071672,1178.893795490265,735.0,1134.0,711.0
6,1763423731.1429825,1183.6635856628418,735.0,1146.0,709.0
6,1763423731.197647,1193.3079509735107,735.0,1144.0,706.0
6,1763423731.227979,1198.0372576713562,735.0,1158.0,695.0
6,1763423731.26273,1202.8417377471924,735.0,1151.0,698.0
6,1763423731.30348,1207.6956062316895,735.0,1157.0,690.0
6,1763423731.3330038,1212.4961524009705,735.0,1168.0,671.0
6,1763423731.3679821,1219.7384386062622,735.0,1195.0,677.0
6,1763423731.4032621,1224.5513229370117,735.0,1194.0,710.0
6,1763423731.439161,1229.221227645874,735.0,1176.0,732.0
6,1763423731.4779115,1234.0775995254517,735.0,1178.0,731.0
6,1763423731.5228236,1241.2300853729248,735.0,1199.0,728.0
6,1763423731.5511925,1246.0734038352966,735.0,1204.0,730.0
6,1763423731.5878685,1250.854244709015,735.0,1199.0,719.0
6,1763423731.6221147,1255.599573135376,735.0,1179.0,699.0
6,1763423731.6587563,1262.8951816558838,735.0,1176.0,706.0
6,1763423731.6927352,1267.6097898483276,735.0,1201.0,701.0
6,1763423731.727556,1272.4341897964478,735.0,1213.0,706.0
6,1763423731.7742972,1279.5951871871948,735.0,1209.0,728.0
6,1763423731.8218374,1286.8346123695374,735.0,1213.0,728.0
6,1763423731.8630574,1291.6387705802917,735.0,1191.0,727.0
6,1763423731.9099011,1298.8121418952942,735.0,1177.0,742.0
6,1763423731.9378211,1303.696086883545,735.0,1196.0,754.0
6,1763423731.9731011,1308.5145502090454,735.0,1221.0,766.0
6,1763423732.0030468,1313.29292345047,735.0,1231.0,761.0
6,1763423732.0434525,1320.4498438835144,735.0,1222.0,736.0
6,1763423732.074411,1325.2113370895386,735.0,1247.0,723.0
6,1763423732.1046593,1327.6591567993164,735.0,1243.0,700.0
6,1763423732.1422338,1334.805169582367,735.0,1260.0,696.0
6,1763423732.1771364,1339.7398619651794,735.0,1279.0,716.0
6,1763423732.2226293,1346.9125180244446,735.0,1290.0,710.0
6,1763423732.2581491,1351.573875427246,735.0,1299.0,697.0
6,1763423732.2877002,1356.49680185318,735.0,1323.0,702.0
6,1763423732.3270833,1363.6036186218262,735.0,1315.0,745.0
6,1763423732.372637,1368.5118823051453,735.0,1294.0,756.0
6,1763423732.402878,1373.2927947044373,735.0,1278.0,723.0
6,1763423732.4380598,1378.0997424125671,735.0,1292.0,730.0
6,1763423732.4979615,1387.5916509628296,735.0,1334.0,767.0
6,1763423732.5397508,1394.778004169464,735.0,1352.0,776.0
6,1763423732.5674624,1399.6604828834534,735.0,1342.0,756.0
6,1763423732.6063905,1404.368510723114,735.0,1341.0,755.0
6,1763423732.6379352,1409.265652179718,735.0,1350.0,747.0
6,1763423732.6771939,1414.0146641731262,735.0,1369.0,756.0
6,1763423732.7230158,1421.1963324546814,735.0,1366.0,759.0
6,1763423732.7576745,1426.0445504188538,735.0,1354.0,745.0
6,1763423732.7968621,1433.3142309188843,735.0,1366.0,719.0
6,1763423732.827701,1438.096824169159,735.0,1371.0,713.0
6,1763423732.8767846,1445.2386169433594,735.0,1415.0,737.0
6,1763423732.9176044,1450.3312020301819,735.0,1412.0,742.0
6,1763423732.9576724,1457.183030128479,735.0,1414.0,734.0
6,1763423732.9973857,1462.0651512145996,735.0,1401.0,750.0
6,1763423733.047198,1471.6208248138428,735.0,1409.0,758.0
6,1763423733.0746212,1474.1026906967163,735.0,1447.0,744.0
6,1763423733.1011937,1478.9518384933472,735.0,1440.0,765.0
6,1763423733.1377316,1483.570673942566,735.0,1396.0,781.0
6,1763423733.1721303,1488.5111956596375,735.0,1399.0,776.0
6,1763423733.2078388,1495.716932296753,735.0,1408.0,748.0
6,1763423733.2448506,1500.5620031356812,735.0,1441.0,749.0
6,1763423733.2879481,1507.7333359718323,735.0,1461.0,753.0
6,1763423733.3239012,1512.3788504600525,735.0,1460.0,756.0
6,1763423733.3629458,1517.1953825950623,735.0,1475.0,770.0
6,1763423733.4034805,1524.423614025116,735.0,1473.0,773.0
6,1763423733.4408295,1529.1788129806519,735.0,1493.0,761.0
6,1763423733.4731364,1534.0432314872742,735.0,1512.0,781.0
6,1763423733.5179932,1541.2296919822693,735.0,1527.0,806.0
6,1763423733.5471742,1546.0008053779602,735.0,1529.0,823.0
6,1763423733.5825746,1550.778570652008,735.0,1531.0,824.0
6,1763423733.6179109,1555.618134021759,735.0,1531.0,823.0
6,1763423733.6528597,1560.368540763855,735.0,1526.0,813.0
6,1763423733.6939402,1567.6818161010742,735.0,1532.0,784.0
6,1763423733.7328186,1572.4117307662964,735.0,1559.0,764.0
6,1763423733.7778614,1579.6213297843933,735.0,1565.0,767.0
6,1763423733.813003,1584.4943313598633,735.0,1551.0,768.0
6,1763423733.8541708,1591.7025356292725,735.0,1571.0,763.0
6,1763423733.9012163,1598.89421749115,735.0,1596.0,786.0
6,1763423733.93263,1603.6554961204529,735.0,1598.0,790.0
6,1763423733.982809,1610.7860951423645,735.0,1608.0,782.0
6,1763423734.0379617,1617.9914026260376,735.0,1608.0,789.0
6,1763423734.110016,1629.9961833953857,735.0,1594.0,795.0
6,1763423734.1728141,1639.5666270256042,735.0,1601.0,805.0
6,1763423734.2277036,1646.7747597694397,735.0,1605.0,806.0
6,1763423734.2891047,1656.438687324524,735.0,1632.0,815.0
6,1763423734.3392582,1663.6176376342773,735.0,1649.0,815.0
6,1763423734.3872566,1670.8852438926697,735.0,1651.0,797.0
6,1763423734.4385262,1677.972426891327,735.0,1665.0,791.0
6,1763423734.4829097,1685.2877407073975,735.0,1703.0,792.0
6,1763423734.5284212,1692.4524931907654,735.0,1720.0,791.0
6,1763423734.5677843,1699.7087626457214,735.0,1733.0,783.0
6,1763423734.6127346,1704.5539407730103,735.0,1731.0,794.0
6,1763423734.6735127,1713.9833717346191,735.0,1749.0,832.0
6,1763423734.718907,1721.2501912117004,735.0,1738.0,821.0
6,1763423734.7528298,1725.96701669693,735.0,1716.0,792.0
7,1763423734.7874177,1728.3629803657532,735.0,1708.0,773.0
7,1763423734.82239,1728.3629803657532,735.0,1697.0,777.0
7,1763423734.8623502,1728.3629803657532,735.0,1685.0,767.0
7,1763423734.8970299,1728.3629803657532,735.0,1711.0,759.0
7,1763423734.9325523,1728.3629803657532,735.0,1749.0,731.0
7,1763423734.9680738,1728.3629803657532,735.0,1744.0,711.0
7,1763423735.0031285,1728.3629803657532,735.0,1731.0,711.0
7,1763423735.037661,1728.3629803657532,735.0,1718.0,722.0
7,1763423735.077151,1728.3629803657532,735.0,1717.0,735.0
7,1763423735.122699,1728.3629803657532,735.0,1735.0,756.0
7,1763423735.16246,1728.3629803657532,735.0,1610.0,708.0
7,1763423735.1976237,1728.3629803657532,735.0,1354.0,800.0
7,1763423735.2324777,1728.3629803657532,735.0,1681.0,1354.0
7,1763423735.2671402,178.0,828.0,412.0,841.0
7,1763423735.3089359,182.8783302307129,828.0,399.0,826.0
7,1763423735.3525355,190.03875541687012,828.0,360.0,804.0
7,1763423735.3975368,197.31054592132568,828.0,341.0,804.0
7,1763423735.442276,204.53441429138184,828.0,349.0,796.0
7,1763423735.490888,211.66694450378418,828.0,366.0,801.0
7,1763423735.5376763,218.8858060836792,828.0,344.0,808.0
7,1763423735.5777988,223.678448677063,828.0,270.0,834.0
7,1763423735.6175356,230.95943021774292,828.0,303.0,811.0
7,1763423735.6570723,235.74588584899902,828.0,319.0,805.0
7,1763423735.7027636,242.81397151947021,828.0,321.0,803.0
7,1763423735.7435002,250.00214862823486,828.0,315.0,805.0
7,1763423735.797316,257.5756697654724,828.0,319.0,810.0
7,1763423735.8279877,262.1288447380066,828.0,343.0,825.0
7,1763423735.8674173,266.85196447372437,828.0,345.0,828.0
7,1763423735.9124963,274.06982469558716,828.0,352.0,830.0
7,1763423735.947167,278.9273052215576,828.0,358.0,834.0
7,1763423736.0031538,288.41327714920044,828.0,346.0,850.0
7,1763423736.0427883,293.21310806274414,828.0,338.0,850.0
7,1763423736.087016,300.50421047210693,828.0,378.0,852.0
7,1763423736.1327,307.7021150588989,828.0,372.0,817.0
7,1763423736.182316,314.88414096832275,828.0,375.0,795.0
7,1763423736.2432315,324.5312600135803,828.0,396.0,787.0
7,1763423736.2887907,331.6476969718933,828.0,414.0,785.0
7,1763423736.3370233,338.88021993637085,828.0,420.0,792.0
7,1763423736.3689756,343.65680503845215,828.0,409.0,808.0
7,1763423736.4076786,348.4799175262451,828.0,401.0,789.0
7,1763423736.452971,355.72549390792847,828.0,399.0,785.0
7,1763423736.4920442,362.89818572998047,828.0,406.0,799.0
7,1763423736.5329416,367.7274851799011,828.0,408.0,814.0
7,1763423736.5871415,374.8513607978821,828.0,409.0,815.0
7,1763423736.625895,382.03592586517334,828.0,420.0,792.0
7,1763423736.6677542,386.92001390457153,828.0,432.0,783.0
7,1763423736.7128582,394.0001873970032,828.0,443.0,782.0
7,1763423736.7478244,398.8972215652466,828.0,456.0,788.0
7,1763423736.787146,406.0134439468384,828.0,454.0,806.0
7,1763423736.8241503,410.837450504303,828.0,453.0,811.0
7,1763423736.8641343,418.09093046188354,828.0,445.0,807.0
7,1763423736.906934,423.02891302108765,828.0,462.0,818.0
7,1763423736.947686,430.1307587623596,828.0,453.0,814.0
7,1763423736.9944174,437.29640531539917,828.0,446.0,807.0
7,1763423737.0476272,444.52681827545166,828.0,469.0,792.0
7,1763423737.077439,449.36677503585815,828.0,490.0,796.0
7,1763423737.142731,458.8640122413635,828.0,498.0,810.0
7,1763423737.1851647,466.09489011764526,828.0,510.0,801.0
7,1763423737.217714,470.8774833679199,828.0,511.0,791.0
7,1763423737.266428,478.1262426376343,828.0,503.0,786.0
7,1763423737.314945,485.27787017822266,828.0,507.0,791.0
7,1763423737.3678749,492.47741985321045,828.0,509.0,806.0
7,1763423737.426329,502.07175302505493,828.0,530.0,795.0
7,1763423737.4749038,509.2546372413635,828.0,551.0,791.0
7,1763423737.5227096,516.5148763656616,828.0,548.0,809.0
7,1763423737.5569775,521.3166027069092,828.0,558.0,792.0
7,1763423737.5988603,528.4655838012695,828.0,568.0,769.0
7,1763423737.6339872,533.2802205085754,828.0,573.0,762.0
7,1763423737.6727157,538.0727558135986,828.0,589.0,778.0
7,1763423737.7078235,542.8111820220947,828.0,597.0,785.0
7,1763423737.7440107,550.0096230506897,828.0,590.0,771.0
7,1763423737.7876055,554.8203258514404,828.0,582.0,767.0
7,1763423737.8236063,562.03400182724,828.0,586.0,784.0
7,1763423737.8720822,569.2543296813965,828.0,590.0,806.0
7,1763423737.8974926,571.6358094215393,828.0,590.0,794.0
7,1763423737.9358797,578.8707642555237,828.0,595.0,790.0
7,1763423737.9775138,583.7380437850952,828.0,606.0,785.0
7,1763423738.0164185,590.79057264328,828.0,620.0,755.0
7,1763423738.0497148,595.6740169525146,828.0,628.0,751.0
7,1763423738.087354,600.4226355552673,828.0,620.0,766.0
7,1763423738.1322536,607.6257257461548,828.0,604.0,769.0
7,1763423738.1721065,614.9075298309326,828.0,608.0,743.0
7,1763423738.227512,622.121778011322,828.0,629.0,752.0
7,1763423738.268928,626.7950086593628,828.0,619.0,755.0
7,1763423738.3118985,634.1269879341125,828.0,621.0,760.0
7,1763423738.3620217,641.2227182388306,828.0,638.0,774.0
7,1763423738.4026792,648.5182552337646,828.0,670.0,764.0
7,1763423738.4658878,658.0780415534973,828.0,689.0,753.0
7,1763423738.5074782,662.8525166511536,828.0,699.0,768.0
7,1763423738.5594542,672.411051273346,828.0,712.0,775.0
7,1763423738.601936,677.2066264152527,828.0,710.0,785.0
7,1763423738.6442926,684.5532326698303,828.0,690.0,763.0
7,1763423738.6830037,689.2873315811157,828.0,704.0,755.0
7,1763423738.7270837,696.4004068374634,828.0,712.0,773.0
7,1763423738.7781212,703.6091117858887,828.0,690.0,805.0
7,1763423738.8842533,720.4712300300598,828.0,666.0,819.0
7,1763423738.9626653,732.4422149658203,828.0,688.0,806.0
7,1763423739.0333261,742.0757083892822,828.0,746.0,785.0
7,1763423739.0929053,751.6050605773926,828.0,754.0,775.0
7,1763423739.1476967,758.872917175293,828.0,762.0,769.0
7,1763423739.2075882,768.5453562736511,828.0,749.0,787.0
7,1763423739.250219,775.682249546051,828.0,755.0,808.0
7,1763423739.2927086,782.9978494644165,828.0,752.0,795.0
7,1763423739.3371441,787.7286939620972,828.0,738.0,771.0
7,1763423739.3774076,794.9264912605286,828.0,766.0,770.0
7,1763423739.4175038,799.7591166496277,828.0,774.0,794.0
7,1763423739.457273,806.900158405304,828.0,768.0,780.0
7,1763423739.4888706,811.672308921814,828.0,795.0,788.0
7,1763423739.5371294,818.862238407135,828.0,797.0,800.0
7,1763423739.5778043,823.7715034484863,828.0,799.0,796.0
7,1763423739.6221635,830.8827548027039,828.0,811.0,782.0
7,1763423739.6668637,838.1507544517517,828.0,810.0,788.0
7,1763423739.7286608,847.7324275970459,828.0,807.0,799.0
7,1763423739.7824955,854.8246173858643,828.0,805.0,783.0
7,1763423739.8128228,859.6136479377747,828.0,793.0,783.0
7,1763423739.842148,864.4068269729614,828.0,789.0,791.0
7,1763423739.882197,869.2531852722168,828.0,812.0,781.0
7,1763423739.9199505,876.4500169754028,828.0,852.0,780.0
7,1763423739.9550467,881.2183408737183,828.0,862.0,798.0
7,1763423739.9875524,886.002507686615,828.0,865.0,806.0
7,1763423740.027772,890.8859877586365,828.0,878.0,801.0
7,1763423740.0677302,898.084285736084,828.0,883.0,795.0
7,1763423740.11789,905.2821545600891,828.0,874.0,790.0
7,1763423740.1626415,912.5199346542358,828.0,881.0,808.0
7,1763423740.228217,922.1266059875488,828.0,886.0,807.0
7,1763423740.2820919,929.2578845024109,828.0,892.0,775.0
7,1763423740.3473284,938.8719229698181,828.0,881.0,767.0
7,1763423740.37944,943.5960083007812,828.0,889.0,758.0
7,1763423740.4337454,953.2812147140503,828.0,922.0,735.0
7,1763423740.4804435,960.4827313423157,828.0,920.0,748.0
7,1763423740.5128684,965.237823009491,828.0,909.0,771.0
7,1763423740.5526917,970.0259952545166,828.0,905.0,756.0
7,1763423740.5968912,977.31480884552,828.0,921.0,750.0
7,1763423740.668188,986.7801456451416,828.0,928.0,761.0
7,1763423740.7045498,994.1266088485718,828.0,929.0,745.0
7,1763423740.7535641,1001.2987642288208,828.0,944.0,731.0
7,1763423740.7982857,1008.3789734840393,828.0,953.0,722.0
7,1763423740.8273582,1010.7917814254761,828.0,952.0,757.0
7,1763423740.863737,1018.0505542755127,828.0,962.0,762.0
7,1763423740.8971753,1022.9574589729309,828.0,984.0,759.0
7,1763423740.9476914,1030.0504355430603,828.0,997.0,749.0
7,1763423740.9821608,1034.8472266197205,828.0,1013.0,754.0
7,1763423741.0122805,1039.583685874939,828.0,1007.0,773.0
7,1763423741.060443,1046.7787652015686,828.0,991.0,768.0
7,1763423741.1089463,1054.0780930519104,828.0,985.0,747.0
7,1763423741.1474833,1058.867624282837,828.0,994.0,775.0
7,1763423741.1925473,1066.0659580230713,828.0,1008.0,795.0
7,1763423741.2376316,1073.2371835708618,828.0,1017.0,782.0
7,1763423741.2816305,1080.4955987930298,828.0,1011.0,773.0
7,1763423741.313784,1085.31520652771,828.0,1002.0,764.0
7,1763423741.3477106,1089.9911909103394,828.0,998.0,771.0
7,1763423741.3934538,1097.1938877105713,828.0,1024.0,786.0
7,1763423741.4299824,1102.042248725891,828.0,1040.0,795.0
7,1763423741.4756212,1109.406307220459,828.0,1034.0,792.0
7,1763423741.5034235,1114.1034989356995,828.0,1033.0,794.0
7,1763423741.5374303,1118.8647418022156,828.0,1039.0,783.0
7,1763423741.5775874,1123.669436454773,828.0,1046.0,765.0
7,1763423741.6228757,1130.928388118744,828.0,1054.0,781.0
7,1763423741.6648228,1138.100758075714,828.0,1064.0,799.0
7,1763423741.697247,1142.8422598838806,828.0,1070.0,809.0
7,1763423741.7368553,1147.5871233940125,828.0,1063.0,803.0
7,1763423741.7820516,1154.7791271209717,828.0,1049.0,784.0
7,1763423741.8268325,1162.0622544288635,828.0,1057.0,805.0
7,1763423741.8777094,1169.246247291565,828.0,1089.0,828.0
7,1763423741.9127579,1174.0082411766052,828.0,1098.0,816.0
7,1763423741.946942,1178.8724451065063,828.0,1109.0,812.0
7,1763423741.977727,1183.6974530220032,828.0,1125.0,808.0
7,1763423742.0153906,1191.2501602172852,828.0,1135.0,796.0
7,1763423742.0576088,1195.7097797393799,828.0,1137.0,803.0
7,1763423742.1021917,1202.92173910141,828.0,1146.0,841.0
7,1763423742.143498,1210.0926785469055,828.0,1154.0,821.0
7,1763423742.1824677,1214.8990898132324,828.0,1154.0,808.0
7,1763423742.2168527,1219.6297554969788,828.0,1154.0,827.0
7,1763423742.2518084,1226.8628149032593,828.0,1164.0,845.0
7,1763423742.2918968,1231.6040306091309,828.0,1183.0,847.0
7,1763423742.331814,1238.8636617660522,828.0,1166.0,839.0
7,1763423742.3689582,1243.7646656036377,828.0,1142.0,848.0
7,1763423742.41187,1250.8720545768738,828.0,1160.0,844.0
7,1763423742.4527185,1256.1815767288208,828.0,1188.0,829.0
7,1763423742.4869592,1260.494854927063,828.0,1189.0,835.0
7,1763423742.5277393,1267.5747423171997,828.0,1171.0,846.0
7,1763423742.5756707,1274.7978954315186,828.0,1152.0,830.0
7,1763423742.6022322,1277.2300868034363,828.0,1169.0,801.0
7,1763423742.6427934,1284.5049529075623,828.0,1184.0,803.0
7,1763423742.6824982,1289.2949848175049,828.0,1198.0,831.0
7,1763423742.7156415,1294.1084413528442,828.0,1207.0,845.0
7,1763423742.7568548,1301.3126759529114,828.0,1203.0,824.0
7,1763423742.800279,1308.5040001869202,828.0,1208.0,809.0
7,1763423742.8368595,1313.2606296539307,828.0,1225.0,834.0
7,1763423742.8876295,1320.3946261405945,828.0,1239.0,813.0
7,1763423742.931839,1327.757969379425,828.0,1245.0,781.0
7,1763423742.981605,1334.8734049797058,828.0,1258.0,779.0
7,1763423743.017503,1339.721408367157,828.0,1238.0,808.0
7,1763423743.0675664,1346.7975764274597,828.0,1254.0,824.0
7,1763423743.1036737,1354.003921031952,828.0,1273.0,772.0
7,1763423743.1421213,1358.8416962623596,828.0,1268.0,794.0
7,1763423743.177258,1363.7163429260254,828.0,1274.0,816.0
7,1763423743.2169127,1370.8601741790771,828.0,1306.0,809.0
7,1763423743.2518342,1375.6719856262207,828.0,1315.0,834.0
7,1763423743.297231,1382.7789096832275,828.0,1302.0,812.0
7,1763423743.3306699,1387.7021579742432,828.0,1307.0,784.0
7,1763423743.3629107,1392.5321369171143,828.0,1319.0,788.0
7,1763423743.3975906,1397.3148016929626,828.0,1319.0,782.0
7,1763423743.4274507,1401.9730834960938,828.0,1337.0,784.0
7,1763423743.462564,1406.9636373519897,828.0,1335.0,806.0
7,1763423743.4925451,1411.598279953003,828.0,1334.0,840.0
7,1763423743.5267842,1416.5375142097473,828.0,1339.0,835.0
7,1763423743.5673928,1423.664930343628,828.0,1345.0,839.0
7,1763423743.6037347,1428.4892230033875,828.0,1330.0,847.0
7,1763423743.6424844,1433.257761478424,828.0,1331.0,833.0
7,1763423743.6829178,1440.4520540237427,828.0,1335.0,813.0
7,1763423743.715008,1445.2611474990845,828.0,1358.0,827.0
7,1763423743.7525125,1450.0393419265747,828.0,1349.0,844.0
7,1763423743.7952042,1457.2669296264648,828.0,1361.0,849.0
7,1763423743.8298004,1462.1042399406433,828.0,1388.0,833.0
7,1763423743.8678896,1466.8172030448914,828.0,1430.0,842.0
7,1763423743.905515,1474.0348844528198,828.0,1446.0,861.0
7,1763423743.9380085,1478.8665084838867,828.0,1441.0,866.0
7,1763423743.9861658,1486.083438873291,828.0,1451.0,863.0
7,1763423744.035455,1493.212321281433,828.0,1476.0,848.0
7,1763423744.0818167,1500.4685192108154,828.0,1497.0,821.0
7,1763423744.1136682,1505.2435307502747,828.0,1502.0,863.0
7,1763423744.1523752,1510.0870280265808,828.0,1491.0,891.0
7,1763423744.1878161,1514.858892440796,828.0,1490.0,890.0
7,1763423744.2268186,1522.0630197525024,828.0,1485.0,875.0
7,1763423744.2670789,1526.786175251007,828.0,1489.0,880.0
7,1763423744.304942,1534.1101078987122,828.0,1492.0,888.0
7,1763423744.347598,1538.8112335205078,828.0,1502.0,878.0
7,1763423744.3851988,1546.0666089057922,828.0,1504.0,881.0
7,1763423744.4219794,1550.7665901184082,828.0,1503.0,883.0
7,1763423744.4575596,1555.567958831787,828.0,1500.0,885.0
7,1763423744.5074856,1562.8259449005127,828.0,1505.0,878.0
7,1763423744.5317857,1567.6060347557068,828.0,1507.0,881.0
7,1763423744.5671127,1572.48561668396,828.0,1506.0,877.0
7,1763423744.5967407,1577.2530465126038,828.0,1517.0,871.0
7,1763423744.6382105,1584.367015838623,828.0,1559.0,856.0
7,1763423744.6730304,1589.3019585609436,828.0,1610.0,851.0
7,1763423744.7134953,1594.0116314888,828.0,1603.0,853.0
7,1763423744.747453,1598.908522605896,828.0,1584.0,889.0
7,1763423744.782733,1606.0396223068237,828.0,1590.0,904.0
7,1763423744.817177,1610.9097986221313,828.0,1623.0,905.0
7,1763423744.8517442,1615.6981139183044,828.0,1625.0,898.0
7,1763423744.8985786,1622.8219180107117,828.0,1614.0,888.0
7,1763423744.9326866,1627.6310114860535,828.0,1632.0,887.0
7,1763423744.980824,1634.8466901779175,828.0,1642.0,902.0
7,1763423745.0102623,1639.66672706604,828.0,1632.0,905.0
7,1763423745.0472283,1644.4250016212463,828.0,1624.0,892.0
7,1763423745.0896277,1651.6218333244324,828.0,1631.0,882.0
7,1763423745.1367424,1658.7708501815796,828.0,1625.0,867.0
7,1763423745.1850893,1665.9927515983582,828.0,1637.0,879.0
7,1763423745.2178686,1670.917823791504,828.0,1659.0,898.0
7,1763423745.2533617,1676.2404708862305,828.0,1663.0,884.0
7,1763423745.2921073,1682.9076557159424,828.0,1647.0,857.0
7,1763423745.3273985,1687.5951199531555,828.0,1659.0,859.0
7,1763423745.3602839,1692.4668340682983,828.0,1740.0,893.0
7,1763423745.3967447,1697.2953824996948,828.0,1743.0,895.0
7,1763423745.432015,1702.0198969841003,828.0,1738.0,892.0
7,1763423745.4677913,1706.9003014564514,828.0,1736.0,900.0
7,1763423745.5041838,1714.0732436180115,828.0,1713.0,894.0
7,1763423745.5327294,1719.0009622573853,828.0,1700.0,878.0
7,1763423745.5719337,1723.689857006073,828.0,1706.0,868.0
8,1763423745.6071436,1726.0584263801575,828.0,1712.0,872.0
8,1763423745.6371927,1726.0584263801575,828.0,1731.0,874.0
8,1763423745.667181,1726.0584263801575,828.0,1732.0,876.0
8,1763423745.6970544,1726.0584263801575,828.0,1733.0,885.0
8,1763423745.7378771,1726.0584263801575,828.0,1735.0,891.0
8,1763423745.7671876,1726.0584263801575,828.0,1743.0,899.0
8,1763423745.8017027,1726.0584263801575,828.0,1747.0,896.0
8,1763423745.8324578,1726.0584263801575,828.0,1763.0,894.0
8,1763423745.8667126,1726.0584263801575,828.0,1771.0,889.0
8,1763423745.902075,1726.0584263801575,828.0,1768.0,886.0
8,1763423745.9371898,1726.0584263801575,828.0,1749.0,898.0
8,1763423745.9719718,1726.0584263801575,828.0,1737.0,894.0
8,1763423746.0024302,1726.0584263801575,828.0,1739.0,885.0
8,1763423746.0367627,1726.0584263801575,828.0,1704.0,876.0
8,1763423746.0727637,1726.0584263801575,828.0,1431.0,911.0
8,1763423746.107398,180.5601863861084,921.0,1551.0,1365.0
8,1763423746.1327584,185.27121829986572,921.0,2551.0,2295.0
8,1763423746.1846478,192.47312831878662,921.0,2001.0,1704.0
8,1763423746.2222476,197.24781799316406,921.0,567.0,852.0
8,1763423746.2728803,204.40269994735718,921.0,469.0,765.0
8,1763423746.3170607,211.7383270263672,921.0,292.0,897.0
8,1763423746.3572886,218.80930948257446,921.0,259.0,931.0
8,1763423746.3898866,223.67608833312988,921.0,259.0,941.0
8,1763423746.4425483,230.94069051742554,921.0,289.0,925.0
8,1763423746.4852364,238.17013788223267,921.0,299.0,912.0
8,1763423746.5170448,242.94919061660767,921.0,297.0,926.0
8,1763423746.5493681,247.76701021194458,921.0,289.0,935.0
8,1763423746.6019032,254.92443132400513,921.0,297.0,922.0
8,1763423746.6224408,257.32368516921997,921.0,302.0,911.0
8,1763423746.6668983,264.4614009857178,921.0,298.0,901.0
8,1763423746.7027915,269.2187457084656,921.0,298.0,890.0
8,1763423746.7405558,276.4529495239258,921.0,329.0,888.0
8,1763423746.7722886,281.2721281051636,921.0,362.0,900.0
8,1763423746.8119042,286.0365180969238,921.0,363.0,903.0
8,1763423746.841888,290.94546127319336,921.0,349.0,906.0
8,1763423746.8773468,295.66804456710815,921.0,355.0,902.0
8,1763423746.9126823,300.4055767059326,921.0,376.0,911.0
8,1763423746.950325,307.6200394630432,921.0,391.0,907.0
8,1763423746.9876518,312.5002293586731,921.0,406.0,889.0
8,1763423747.0225992,317.3078565597534,921.0,398.0,875.0
8,1763423747.0779762,326.9434242248535,921.0,406.0,872.0
8,1763423747.1126633,331.60774993896484,921.0,428.0,866.0
8,1763423747.1479511,336.4340810775757,921.0,451.0,854.0
8,1763423747.1829212,341.2732152938843,921.0,471.0,839.0
8,1763423747.2194388,348.40706872940063,921.0,460.0,845.0
8,1763423747.25225,353.36429166793823,921.0,425.0,865.0
8,1763423747.2867124,358.1256060600281,921.0,430.0,867.0
8,1763423747.3346448,365.32579946517944,921.0,457.0,859.0
8,1763423747.3769183,372.5674777030945,921.0,475.0,844.0
8,1763423747.4228673,377.30633306503296,921.0,463.0,856.0
8,1763423747.4624307,384.49694204330444,921.0,441.0,878.0
8,1763423747.4975066,389.203932762146,921.0,416.0,910.0
8,1763423747.536744,396.54134798049927,921.0,416.0,908.0
8,1763423747.5729458,401.3000159263611,921.0,457.0,904.0
8,1763423747.6071036,406.0405879020691,921.0,465.0,898.0
8,1763423747.6427512,410.81155824661255,921.0,466.0,896.0
8,1763423747.682779,418.4465913772583,921.0,468.0,897.0
8,1763423747.7220218,423.0126051902771,921.0,473.0,912.0
8,1763423747.7573607,427.65018033981323,921.0,482.0,923.0
8,1763423747.8068151,434.884241104126,921.0,503.0,892.0
8,1763423747.8570166,444.42932891845703,921.0,524.0,868.0
8,1763423747.8872883,446.95114183425903,921.0,537.0,862.0
8,1763423747.923813,453.99347829818726,921.0,541.0,874.0
8,1763423747.957483,458.8247447013855,921.0,517.0,884.0
8,1763423747.996764,463.7564330101013,921.0,518.0,880.0
8,1763423748.0320568,468.5508279800415,921.0,528.0,869.0
8,1763423748.0719807,475.661292552948,921.0,541.0,866.0
8,1763423748.1221948,482.8109531402588,921.0,551.0,877.0
8,1763423748.1733701,490.0789170265198,921.0,568.0,889.0
8,1763423748.2019541,494.8726325035095,921.0,595.0,889.0
8,1763423748.2373521,499.7341184616089,921.0,605.0,877.0
8,1763423748.2717874,504.40538215637207,921.0,593.0,864.0
8,1763423748.3090544,511.60646963119507,921.0,589.0,869.0
8,1763423748.3425276,516.4441375732422,921.0,583.0,865.0
8,1763423748.3819876,521.2280898094177,921.0,614.0,866.0
8,1763423748.4221907,528.5306720733643,921.0,607.0,865.0
8,1763423748.462062,533.2678823471069,921.0,610.0,858.0
8,1763423748.5026777,540.4325275421143,921.0,624.0,854.0
8,1763423748.5504475,547.7726964950562,921.0,617.0,855.0
8,1763423748.600095,554.9184589385986,921.0,618.0,842.0
8,1763423748.6496387,562.0723395347595,921.0,629.0,839.0
8,1763423748.681654,566.9390110969543,921.0,625.0,855.0
8,1763423748.726833,574.1581230163574,921.0,625.0,876.0
8,1763423748.7672234,578.8029222488403,921.0,629.0,872.0
8,1763423748.804773,586.0764651298523,921.0,600.0,853.0
8,1763423748.842551,590.842321395874,921.0,586.0,838.0
8,1763423748.8878365,597.9992775917053,921.0,634.0,854.0
8,1763423748.9220138,602.9280691146851,921.0,668.0,883.0
8,1763423748.9668357,610.0357084274292,921.0,665.0,889.0
8,1763423749.0025165,614.9368195533752,921.0,652.0,892.0
8,1763423749.0734663,624.3941097259521,921.0,644.0,886.0
8,1763423749.1018116,629.3925313949585,921.0,634.0,876.0
8,1763423749.1409152,636.5038185119629,921.0,632.0,868.0
8,1763423749.1722848,641.246214389801,921.0,657.0,875.0
8,1763423749.2119577,646.0470108985901,921.0,666.0,883.0
8,1763423749.2477543,650.9526996612549,921.0,652.0,882.0
8,1763423749.291798,658.05690574646,921.0,628.0,857.0
8,1763423749.334923,665.3162865638733,921.0,629.0,842.0
8,1763423749.3823767,672.4553256034851,921.0,652.0,838.0
8,1763423749.422382,677.2967486381531,921.0,694.0,825.0
8,1763423749.458774,684.3946604728699,921.0,704.0,817.0
8,1763423749.4975243,689.3365054130554,921.0,677.0,834.0
8,1763423749.5405962,696.4396743774414,921.0,667.0,864.0
8,1763423749.5897365,703.7298469543457,921.0,671.0,886.0
8,1763423749.632476,708.4363012313843,921.0,687.0,871.0
8,1763423749.6721253,715.6433968544006,921.0,697.0,871.0
8,1763423749.7122056,720.554235458374,921.0,692.0,874.0
8,1763423749.7576294,727.6366262435913,921.0,696.0,862.0
8,1763423749.7867665,732.4426798820496,921.0,707.0,860.0
8,1763423749.8394856,739.7724418640137,921.0,707.0,854.0
8,1763423749.872235,744.3855910301208,921.0,706.0,847.0
8,1763423749.9168663,751.6320614814758,921.0,713.0,866.0
8,1763423749.9572618,758.9218764305115,921.0,717.0,860.0
8,1763423750.004557,766.0546927452087,921.0,719.0,873.0
8,1763423750.041615,770.9261922836304,921.0,730.0,901.0
8,1763423750.0861845,778.0329732894897,921.0,756.0,906.0
8,1763423750.1223948,782.9254655838013,921.0,759.0,912.0
8,1763423750.1677668,790.1005892753601,921.0,756.0,910.0
8,1763423750.2023704,794.8779253959656,921.0,760.0,911.0
8,1763423750.2459376,802.1361975669861,921.0,785.0,913.0
8,1763423750.276769,806.9031624794006,921.0,790.0,906.0
8,1763423750.3166714,811.6333990097046,921.0,780.0,896.0
8,1763423750.3582864,818.7969355583191,921.0,779.0,890.0
8,1763423750.4084613,826.1496572494507,921.0,788.0,885.0
8,1763423750.4537075,833.2560091018677,921.0,782.0,875.0
8,1763423750.4918294,838.0608468055725,921.0,768.0,858.0
8,1763423750.5267413,842.853310585022,921.0,772.0,892.0
8,1763423750.5718904,850.042453289032,921.0,795.0,919.0
8,1763423750.6025078,854.851761341095,921.0,815.0,890.0
8,1763423750.637133,859.6385746002197,921.0,828.0,874.0
8,1763423750.6728284,864.5277409553528,921.0,832.0,873.0
8,1763423750.727066,873.9824562072754,921.0,831.0,869.0
8,1763423750.7732015,881.1928062438965,921.0,825.0,868.0
8,1763423750.8126929,885.9915285110474,921.0,825.0,885.0
8,1763423750.8479187,890.8197908401489,921.0,855.0,891.0
8,1763423750.8847687,898.0707674026489,921.0,888.0,863.0
8,1763423750.9193296,902.9369740486145,921.0,906.0,850.0
8,1763423750.9537833,907.7469973564148,921.0,904.0,851.0
8,1763423750.9929936,912.3991279602051,921.0,917.0,868.0
8,1763423751.0228193,917.2929077148438,921.0,921.0,894.0
8,1763423751.067177,924.4132070541382,921.0,907.0,892.0
8,1763423751.1016607,929.274836063385,921.0,899.0,858.0
8,1763423751.142092,936.5032105445862,921.0,891.0,837.0
8,1763423751.1924503,943.7312989234924,921.0,880.0,845.0
8,1763423751.2366478,950.9063510894775,921.0,897.0,849.0
8,1763423751.2700393,955.6949167251587,921.0,903.0,872.0
8,1763423751.302,960.4319124221802,921.0,900.0,876.0
8,1763423751.3366792,965.2713685035706,921.0,909.0,888.0
8,1763423751.372454,970.1073198318481,921.0,911.0,862.0
8,1763423751.41221,977.2379188537598,921.0,903.0,849.0
8,1763423751.4524996,982.105019569397,921.0,917.0,865.0
8,1763423751.4947345,989.202073097229,921.0,954.0,865.0
8,1763423751.5266058,994.0237908363342,921.0,995.0,869.0
8,1763423751.5666234,998.9162831306458,921.0,1000.0,859.0
8,1763423751.6048982,1005.9904842376709,921.0,987.0,862.0
8,1763423751.6426642,1010.8991055488586,921.0,991.0,845.0
8,1763423751.6771326,1015.6132488250732,921.0,1005.0,831.0
8,1763423751.7123146,1020.5159692764282,921.0,987.0,821.0
8,1763423751.7515717,1027.732255935669,921.0,977.0,839.0
8,1763423751.8069735,1034.9173574447632,921.0,993.0,847.0
8,1763423751.8469024,1042.266037940979,921.0,1014.0,844.0
8,1763423751.8920615,1049.241569519043,921.0,1010.0,865.0
8,1763423751.9320092,1054.0989785194397,921.0,995.0,887.0
8,1763423751.9667785,1058.9401154518127,921.0,991.0,848.0
8,1763423752.0049756,1065.985384464264,921.0,1018.0,849.0
8,1763423752.0532508,1073.3756213188171,921.0,1029.0,879.0
8,1763423752.0965765,1080.5161981582642,921.0,1025.0,885.0
8,1763423752.1230385,1082.8887014389038,921.0,1033.0,851.0
8,1763423752.168453,1090.1498703956604,921.0,1036.0,869.0
8,1763423752.2078755,1094.8026804924011,921.0,1020.0,887.0
8,1763423752.2374067,1099.7224597930908,921.0,1028.0,846.0
8,1763423752.2788064,1106.8703680038452,921.0,1049.0,831.0
8,1763423752.3252869,1114.1129403114319,921.0,1059.0,862.0
8,1763423752.3668478,1118.784204006195,921.0,1070.0,870.0
8,1763423752.4071727,1126.057496547699,921.0,1075.0,879.0
8,1763423752.4423,1130.859365940094,921.0,1081.0,882.0
8,1763423752.4773614,1135.6995015144348,921.0,1078.0,861.0
8,1763423752.5197923,1142.8287057876587,921.0,1088.0,851.0
8,1763423752.5488267,1148.2090382575989,921.0,1104.0,850.0
8,1763423752.5875747,1152.4202852249146,921.0,1094.0,849.0
8,1763423752.6224391,1157.339349269867,921.0,1110.0,860.0
8,1763423752.662268,1164.386799812317,921.0,1114.0,845.0
8,1763423752.6973429,1169.2619829177856,921.0,1131.0,863.0
8,1763423752.7392914,1176.380172252655,921.0,1119.0,889.0
8,1763423752.772334,1181.1742811203003,921.0,1095.0,898.0
8,1763423752.807264,1186.1469178199768,921.0,1113.0,862.0
8,1763423752.84153,1190.7902150154114,921.0,1133.0,843.0
8,1763423752.8767834,1195.7369594573975,921.0,1131.0,854.0
8,1763423752.9266605,1202.9048233032227,921.0,1124.0,871.0
8,1763423752.9934516,1212.4550251960754,921.0,1124.0,879.0
8,1763423753.022291,1217.2449140548706,921.0,1153.0,876.0
8,1763423753.056827,1224.5537905693054,921.0,1170.0,883.0
8,1763423753.097664,1229.21990442276,921.0,1167.0,875.0
8,1763423753.1411638,1236.4022521972656,921.0,1179.0,856.0
8,1763423753.1826406,1241.242781162262,921.0,1182.0,866.0
8,1763423753.2227836,1248.409607887268,921.0,1185.0,860.0
8,1763423753.2555826,1253.2238869667053,921.0,1194.0,840.0
8,1763423753.2867005,1257.9993634223938,921.0,1225.0,880.0
8,1763423753.3221552,1262.813642501831,921.0,1233.0,924.0
8,1763423753.356762,1267.5947337150574,921.0,1206.0,897.0
8,1763423753.399412,1274.9072222709656,921.0,1206.0,863.0
8,1763423753.4458754,1282.1340589523315,921.0,1227.0,880.0
8,1763423753.4771025,1286.9022040367126,921.0,1265.0,902.0
8,1763423753.5094447,1291.6447072029114,921.0,1263.0,902.0
8,1763423753.5615232,1298.796549320221,921.0,1261.0,889.0
8,1763423753.6057582,1306.0730962753296,921.0,1267.0,902.0
8,1763423753.6417058,1310.979142665863,921.0,1281.0,912.0
8,1763423753.6851134,1318.019941329956,921.0,1297.0,883.0
8,1763423753.7193718,1322.9218392372131,921.0,1318.0,856.0
8,1763423753.7566972,1327.6059775352478,921.0,1326.0,879.0
8,1763423753.7916586,1332.370653629303,921.0,1314.0,890.0
8,1763423753.8283184,1339.6776704788208,921.0,1310.0,864.0
8,1763423753.8721387,1344.5334343910217,921.0,1317.0,836.0
8,1763423753.9098794,1351.8195657730103,921.0,1349.0,879.0
8,1763423753.94659,1356.5110712051392,921.0,1332.0,905.0
8,1763423753.9886553,1363.7097625732422,921.0,1319.0,900.0
8,1763423754.0326874,1368.4727220535278,921.0,1330.0,948.0
8,1763423754.072761,1375.5926637649536,921.0,1337.0,949.0
8,1763423754.122851,1382.8124551773071,921.0,1352.0,921.0
8,1763423754.164573,1390.0071053504944,921.0,1363.0,920.0
8,1763423754.1970387,1394.7805075645447,921.0,1378.0,898.0
8,1763423754.236903,1399.7354774475098,921.0,1370.0,906.0
8,1763423754.271826,1404.4803051948547,921.0,1376.0,898.0
8,1763423754.3089547,1411.725130558014,921.0,1383.0,871.0
8,1763423754.3467247,1416.5149121284485,921.0,1394.0,859.0
8,1763423754.3826733,1421.2970762252808,921.0,1428.0,889.0
8,1763423754.4268982,1428.4395484924316,921.0,1426.0,902.0
8,1763423754.4538326,1433.2610158920288,921.0,1402.0,899.0
8,1763423754.4919899,1438.106372833252,921.0,1422.0,909.0
8,1763423754.526871,1442.8402214050293,921.0,1454.0,912.0
8,1763423754.557441,1447.6999549865723,921.0,1447.0,911.0
8,1763423754.5972824,1454.7733335494995,921.0,1431.0,926.0
8,1763423754.6319544,1459.6848516464233,921.0,1406.0,942.0
8,1763423754.66747,1464.4559292793274,921.0,1394.0,907.0
8,1763423754.7113132,1471.7179565429688,921.0,1422.0,908.0
8,1763423754.7417917,1476.399269580841,921.0,1439.0,940.0
8,1763423754.7773585,1481.2939076423645,921.0,1435.0,955.0
8,1763423754.816539,1488.5105876922607,921.0,1419.0,948.0
8,1763423754.8618035,1493.294861793518,921.0,1466.0,950.0
8,1763423754.8870757,1497.9949145317078,921.0,1502.0,935.0
8,1763423754.9273512,1502.9007821083069,921.0,1515.0,906.0
8,1763423754.9637768,1510.1082711219788,921.0,1525.0,874.0
8,1763423755.002235,1514.772882938385,921.0,1550.0,907.0
8,1763423755.0390563,1519.690194606781,921.0,1550.0,914.0
8,1763423755.0768332,1526.94038438797,921.0,1528.0,891.0
8,1763423755.1256537,1534.095552444458,921.0,1500.0,901.0
8,1763423755.1671438,1538.9265327453613,921.0,1543.0,944.0
8,1763423755.2116587,1546.1231141090393,921.0,1578.0,928.0
8,1763423755.2469864,1550.9362845420837,921.0,1569.0,911.0
8,1763423755.2917051,1558.109977722168,921.0,1556.0,912.0
8,1763423755.3220613,1562.8169326782227,921.0,1585.0,934.0
8,1763423755.3567863,1567.7393226623535,921.0,1589.0,951.0
8,1763423755.391549,1572.4674491882324,921.0,1581.0,963.0
8,1763423755.428759,1579.671290397644,921.0,1589.0,955.0
8,1763423755.4664736,1584.4136505126953,921.0,1595.0,956.0
8,1763423755.5071568,1591.5958194732666,921.0,1602.0,959.0
8,1763423755.5476296,1596.3663606643677,921.0,1613.0,970.0
8,1763423755.5843983,1601.2750177383423,921.0,1635.0,978.0
8,1763423755.6203475,1608.428147315979,921.0,1644.0,977.0
8,1763423755.6570957,1613.1717591285706,921.0,1630.0,972.0
8,1763423755.6923332,1618.0379657745361,921.0,1613.0,976.0
8,1763423755.731928,1625.1858382225037,921.0,1636.0,982.0
8,1763423755.7647867,1630.075183391571,921.0,1646.0,1001.0
8,1763423755.8016284,1634.8626403808594,921.0,1660.0,987.0
8,1763423755.836838,1639.7858529090881,921.0,1680.0,991.0
8,1763423755.8725429,1644.3789749145508,921.0,1666.0,996.0
8,1763423755.9087305,1651.6469388008118,921.0,1673.0,1009.0
8,1763423755.9469767,1656.4687280654907,921.0,1685.0,1012.0
8,1763423755.9815679,1661.2316875457764,921.0,1674.0,985.0
8,1763423756.0316086,1668.458631515503,921.0,1671.0,967.0
8,1763423756.061528,1673.299232006073,921.0,1707.0,987.0
8,1763423756.0931454,1678.0468134880066,921.0,1723.0,990.0
8,1763423756.1332815,1685.2738289833069,921.0,1741.0,989.0
8,1763423756.1722782,1689.9871497154236,921.0,1744.0,992.0
8,1763423756.201965,1694.9036388397217,921.0,1737.0,979.0
8,1763423756.237534,1699.6763257980347,921.0,1732.0,970.0
8,1763423756.2828567,1706.8111448287964,921.0,1725.0,967.0
8,1763423756.3332875,1714.1088633537292,921.0,1717.0,967.0
8,1763423756.3718824,1721.1739807128906,921.0,1721.0,952.0
9,1763423756.4116342,1726.0061769485474,921.0,1746.0,948.0
9,1763423756.4421523,1726.0061769485474,921.0,1771.0,973.0
9,1763423756.4771898,1726.0061769485474,921.0,1762.0,982.0
9,1763423756.5065362,1726.0061769485474,921.0,1743.0,978.0
9,1763423756.537403,1726.0061769485474,921.0,1740.0,967.0
9,1763423756.5724952,1726.0061769485474,921.0,1763.0,951.0
9,1763423756.6014996,1726.0061769485474,921.0,1785.0,968.0
9,1763423756.6326022,1726.0061769485474,921.0,1795.0,982.0
9,1763423756.6617107,1726.0061769485474,921.0,1790.0,993.0
9,1763423756.6971495,1726.0061769485474,921.0,1784.0,994.0
9,1763423756.7271647,1726.0061769485474,921.0,1784.0,991.0
9,1763423756.7570949,1726.0061769485474,921.0,1784.0,990.0
9,1763423756.7925203,1726.0061769485474,921.0,1788.0,1004.0
9,1763423756.8264754,1726.0061769485474,921.0,1766.0,1020.0
9,1763423756.8614364,1726.0061769485474,921.0,1754.0,1021.0
9,1763423756.8923542,1726.0061769485474,921.0,1757.0,1024.0
9,1763423756.926509,180.51816511154175,1014.0,1578.0,954.0
9,1763423756.957368,185.35315084457397,1014.0,1171.0,972.0
9,1763423757.0023458,192.4805669784546,1014.0,1805.0,1926.0
9,1763423757.0371535,197.3160891532898,1014.0,1783.0,1661.0
9,1763423757.0726905,202.03448820114136,1014.0,268.0,984.0
9,1763423757.112911,209.27630949020386,1014.0,280.0,966.0
9,1763423757.1519437,214.1561417579651,1014.0,355.0,1039.0
9,1763423757.187302,219.2015199661255,1014.0,346.0,1030.0
9,1763423757.2274303,226.13116788864136,1014.0,338.0,1038.0
9,1763423757.2631178,230.91905403137207,1014.0,339.0,1045.0
9,1763423757.2966328,235.75936841964722,1014.0,334.0,1046.0
9,1763423757.3314698,240.5558376312256,1014.0,313.0,1012.0
9,1763423757.3728664,247.74215507507324,1014.0,332.0,979.0
9,1763423757.426928,254.84829235076904,1014.0,330.0,973.0
9,1763423757.482222,264.4650845527649,1014.0,316.0,988.0
9,1763423757.5121124,269.2010431289673,1014.0,325.0,980.0
9,1763423757.5516336,274.023690700531,1014.0,349.0,956.0
9,1763423757.5871599,278.8033871650696,1014.0,373.0,981.0
9,1763423757.6322527,286.10768604278564,1014.0,365.0,995.0
9,1763423757.6617615,290.87368535995483,1014.0,368.0,993.0
9,1763423757.705292,298.0923681259155,1014.0,391.0,968.0
9,1763423757.741891,302.92828369140625,1014.0,410.0,947.0
9,1763423757.786564,310.11002349853516,1014.0,416.0,935.0
9,1763423757.821743,314.85059547424316,1014.0,403.0,940.0
9,1763423757.8569639,319.7472720146179,1014.0,406.0,948.0
9,1763423757.8914292,324.551251411438,1014.0,403.0,947.0
9,1763423757.9445739,334.16239309310913,1014.0,398.0,971.0
9,1763423757.9822,338.86376905441284,1014.0,412.0,970.0
9,1763423758.0266361,346.06657314300537,1014.0,435.0,952.0
9,1763423758.074624,353.2282500267029,1014.0,434.0,964.0
9,1763423758.1121745,358.1144480705261,1014.0,431.0,984.0
9,1763423758.146428,362.87411737442017,1014.0,431.0,990.0
9,1763423758.1851752,370.14415550231934,1014.0,456.0,989.0
9,1763423758.222317,374.8292236328125,1014.0,492.0,972.0
9,1763423758.2571335,379.62304639816284,1014.0,499.0,959.0
9,1763423758.2975857,386.9088559150696,1014.0,482.0,961.0
9,1763423758.3331215,391.64885568618774,1014.0,481.0,982.0
9,1763423758.3723578,396.600857257843,1014.0,468.0,960.0
9,1763423758.410216,403.7280230522156,1014.0,461.0,947.0
9,1763423758.4468417,408.5436611175537,1014.0,459.0,954.0
9,1763423758.496622,415.69750595092773,1014.0,452.0,969.0
9,1763423758.5409539,422.82953548431396,1014.0,464.0,974.0
9,1763423758.6039672,432.8463702201843,1014.0,482.0,959.0
9,1763423758.6325505,437.23593044281006,1014.0,497.0,956.0
9,1763423758.677074,444.55932664871216,1014.0,480.0,986.0
9,1763423758.7067223,446.8478946685791,1014.0,482.0,994.0
9,1763423758.7366502,451.643434047699,1014.0,510.0,974.0
9,1763423758.7767174,458.8460235595703,1014.0,514.0,972.0
9,1763423758.8260493,466.00920248031616,1014.0,515.0,997.0
9,1763423758.8781197,473.38817405700684,1014.0,525.0,1022.0
9,1763423758.9113915,478.04734992980957,1014.0,538.0,1008.0
9,1763423758.941514,482.89134788513184,1014.0,527.0,988.0
9,1763423758.9764707,487.7407817840576,1014.0,520.0,987.0
9,1763423759.0171535,494.8659806251526,1014.0,538.0,966.0
9,1763423759.0648837,502.07565116882324,1014.0,556.0,954.0
9,1763423759.102325,506.93316745758057,1014.0,546.0,965.0
9,1763423759.143407,514.0109448432922,1014.0,553.0,971.0
9,1763423759.1822758,518.7970070838928,1014.0,588.0,968.0
9,1763423759.212416,523.6876039505005,1014.0,594.0,969.0
9,1763423759.251855,528.5174040794373,1014.0,568.0,963.0
9,1763423759.2892268,535.7202796936035,1014.0,550.0,968.0
9,1763423759.3225832,540.5591993331909,1014.0,552.0,986.0
9,1763423759.3626869,545.2488808631897,1014.0,561.0,989.0
9,1763423759.396543,552.4796872138977,1014.0,573.0,954.0
9,1763423759.4328876,557.2347073554993,1014.0,599.0,940.0
9,1763423759.4718356,562.0346813201904,1014.0,601.0,977.0
9,1763423759.5147617,569.314697265625,1014.0,603.0,994.0
9,1763423759.5568726,576.5291242599487,1014.0,599.0,980.0
9,1763423759.6015368,581.348982334137,1014.0,606.0,974.0
9,1763423759.6539445,588.4537963867188,1014.0,609.0,976.0
9,1763423759.6968668,595.5961971282959,1014.0,597.0,978.0
9,1763423759.7376292,602.9180555343628,1014.0,598.0,954.0
9,1763423759.776349,607.6100974082947,1014.0,606.0,936.0
9,1763423759.8069232,612.5413208007812,1014.0,615.0,909.0
9,1763423759.841899,617.3383979797363,1014.0,622.0,907.0
9,1763423759.8767972,624.517813205719,1014.0,630.0,938.0
9,1763423759.9169078,629.2480139732361,1014.0,625.0,958.0
9,1763423759.9520226,634.3866257667542,1014.0,619.0,990.0
9,1763423759.986822,638.873532295227,1014.0,599.0,1002.0
9,1763423760.0278685,646.045973777771,1014.0,594.0,997.0
9,1763423760.0779276,653.373911857605,1014.0,621.0,971.0
9,1763423760.1279924,660.728099822998,1014.0,640.0,960.0
9,1763423760.1568193,665.2247338294983,1014.0,661.0,934.0
9,1763423760.1919196,670.0761346817017,1014.0,679.0,889.0
9,1763423760.226847,674.856439113617,1014.0,703.0,926.0
9,1763423760.2662892,682.1025876998901,1014.0,676.0,967.0
9,1763423760.2969358,686.8550686836243,1014.0,672.0,957.0
9,1763423760.3428693,694.4286255836487,1014.0,697.0,940.0
9,1763423760.3770652,698.8415746688843,1014.0,711.0,947.0
9,1763423760.4172926,703.5985260009766,1014.0,689.0,979.0
9,1763423760.45965,710.8654170036316,1014.0,679.0,968.0
9,1763423760.4972997,715.7177834510803,1014.0,693.0,949.0
9,1763423760.5315704,720.5198674201965,1014.0,707.0,954.0
9,1763423760.573229,727.6950626373291,1014.0,708.0,963.0
9,1763423760.6074054,732.560911655426,1014.0,714.0,968.0
9,1763423760.648618,739.6726279258728,1014.0,727.0,958.0
9,1763423760.6868014,744.3993239402771,1014.0,748.0,930.0
9,1763423760.7369187,751.7231135368347,1014.0,768.0,907.0
9,1763423760.7801473,758.9047102928162,1014.0,754.0,949.0
9,1763423760.818318,763.6350183486938,1014.0,736.0,941.0
9,1763423760.861171,770.9122090339661,1014.0,748.0,929.0
9,1763423760.8913903,775.7223038673401,1014.0,755.0,949.0
9,1763423760.93205,780.3877382278442,1014.0,761.0,957.0
9,1763423760.969341,787.7384929656982,1014.0,760.0,938.0
9,1763423760.996495,792.472484588623,1014.0,749.0,934.0
9,1763423761.0363357,797.2124843597412,1014.0,748.0,949.0
9,1763423761.077564,804.632833480835,1014.0,729.0,961.0
9,1763423761.1214583,809.2910437583923,1014.0,723.0,953.0
9,1763423761.161916,816.4547591209412,1014.0,743.0,934.0
9,1763423761.1943815,821.4935927391052,1014.0,763.0,940.0
9,1763423761.2476895,828.5272746086121,1014.0,787.0,943.0
9,1763423761.2769547,833.3310751914978,1014.0,800.0,940.0
9,1763423761.3115778,838.0775837898254,1014.0,790.0,950.0
9,1763423761.3465075,842.8593187332153,1014.0,792.0,933.0
9,1763423761.3920622,850.0047950744629,1014.0,791.0,934.0
9,1763423761.4215274,854.821506023407,1014.0,772.0,961.0
9,1763423761.4644892,862.004533290863,1014.0,779.0,983.0
9,1763423761.4998865,866.9079689979553,1014.0,792.0,943.0
9,1763423761.5369055,872.0229773521423,1014.0,787.0,907.0
9,1763423761.5721564,876.4175443649292,1014.0,790.0,922.0
9,1763423761.6118817,883.5849432945251,1014.0,801.0,949.0
9,1763423761.6615477,890.8656029701233,1014.0,819.0,940.0
9,1763423761.6970088,895.7390694618225,1014.0,828.0,939.0
9,1763423761.7321548,900.4646925926208,1014.0,830.0,948.0
9,1763423761.771227,907.5955061912537,1014.0,847.0,956.0
9,1763423761.8121853,912.5276951789856,1014.0,869.0,963.0
9,1763423761.856881,919.6609764099121,1014.0,878.0,944.0
9,1763423761.8989878,926.9449977874756,1014.0,879.0,955.0
9,1763423761.9374328,931.6972284317017,1014.0,878.0,973.0
9,1763423761.9773638,938.9497427940369,1014.0,892.0,960.0
9,1763423762.0323017,946.0817365646362,1014.0,897.0,971.0
9,1763423762.061379,950.918689250946,1014.0,893.0,992.0
9,1763423762.09654,955.5995373725891,1014.0,908.0,995.0
9,1763423762.1325903,960.3890328407288,1014.0,929.0,985.0
9,1763423762.1672595,967.6193027496338,1014.0,927.0,998.0
9,1763423762.2018278,972.4720983505249,1014.0,929.0,992.0
9,1763423762.2368736,977.2141723632812,1014.0,915.0,950.0
9,1763423762.2778423,984.6745758056641,1014.0,917.0,925.0
9,1763423762.3130934,989.304783821106,1014.0,929.0,941.0
9,1763423762.34734,994.0491466522217,1014.0,948.0,944.0
9,1763423762.3966308,1001.3753323554993,1014.0,949.0,922.0
9,1763423762.446692,1008.510401725769,1014.0,942.0,942.0
9,1763423762.481482,1013.2723598480225,1014.0,955.0,940.0
9,1763423762.5126183,1017.9858236312866,1014.0,959.0,949.0
9,1763423762.5568295,1025.318410873413,1014.0,958.0,969.0
9,1763423762.6017733,1032.4371366500854,1014.0,955.0,961.0
9,1763423762.6281006,1034.939172744751,1014.0,956.0,941.0
9,1763423762.6650999,1042.1062140464783,1014.0,948.0,932.0
9,1763423762.7016397,1046.8084483146667,1014.0,968.0,931.0
9,1763423762.7525215,1054.1119961738586,1014.0,981.0,908.0
9,1763423762.7943244,1061.2317233085632,1014.0,976.0,883.0
9,1763423762.8363173,1068.4458284378052,1014.0,988.0,906.0
9,1763423762.8766518,1073.2309608459473,1014.0,971.0,945.0
9,1763423762.9228234,1080.4507522583008,1014.0,963.0,953.0
9,1763423762.9698882,1087.682559967041,1014.0,1005.0,967.0
9,1763423763.0140858,1092.5806670188904,1014.0,1006.0,979.0
9,1763423763.056604,1099.6526508331299,1014.0,976.0,968.0
9,1763423763.0914078,1104.898980140686,1014.0,975.0,944.0
9,1763423763.130986,1111.622920513153,1014.0,992.0,910.0
9,1763423763.1662738,1116.4426355361938,1014.0,1005.0,878.0
9,1763423763.2123373,1123.744788646698,1014.0,1017.0,900.0
9,1763423763.247039,1128.425136089325,1014.0,1031.0,930.0
9,1763423763.2782028,1133.3037524223328,1014.0,1046.0,936.0
9,1763423763.3125825,1138.0211143493652,1014.0,1046.0,945.0
9,1763423763.3473034,1142.8460507392883,1014.0,1040.0,951.0
9,1763423763.3846154,1150.0921635627747,1014.0,1041.0,913.0
9,1763423763.4169414,1154.9142031669617,1014.0,1068.0,870.0
9,1763423763.45688,1160.0703387260437,1014.0,1102.0,862.0
9,1763423763.4965034,1166.9862179756165,1014.0,1115.0,879.0
9,1763423763.547068,1174.1122751235962,1014.0,1103.0,903.0
9,1763423763.5870872,1178.9376764297485,1014.0,1069.0,929.0
9,1763423763.626177,1186.099925518036,1014.0,1083.0,944.0
9,1763423763.6595583,1190.8446459770203,1014.0,1092.0,947.0
9,1763423763.7039094,1198.084285736084,1014.0,1097.0,953.0
9,1763423763.7428167,1202.8353004455566,1014.0,1092.0,946.0
9,1763423763.7844746,1209.9808840751648,1014.0,1098.0,977.0
9,1763423763.8116565,1212.5356702804565,1014.0,1110.0,995.0
9,1763423763.8518448,1219.7306423187256,1014.0,1128.0,981.0
9,1763423763.892494,1224.523106098175,1014.0,1165.0,954.0
9,1763423763.9281964,1231.679883480072,1014.0,1169.0,938.0
9,1763423763.9669812,1236.4463834762573,1014.0,1175.0,955.0
9,1763423763.997138,1241.2370948791504,1014.0,1176.0,961.0
9,1763423764.042292,1248.4431533813477,1014.0,1181.0,959.0
9,1763423764.0891752,1255.753746509552,1014.0,1176.0,972.0
9,1763423764.1314843,1260.437241077423,1014.0,1199.0,991.0
9,1763423764.1695535,1267.632499217987,1014.0,1213.0,998.0
9,1763423764.2070494,1272.4936275482178,1014.0,1204.0,952.0
9,1763423764.2421215,1277.4797468185425,1014.0,1204.0,966.0
9,1763423764.2763677,1284.4533829689026,1014.0,1217.0,1003.0
9,1763423764.3165705,1289.2088322639465,1014.0,1231.0,984.0
9,1763423764.3562305,1296.4328079223633,1014.0,1228.0,979.0
9,1763423764.381451,1298.822513103485,1014.0,1232.0,1007.0
9,1763423764.42595,1306.0805706977844,1014.0,1236.0,1023.0
9,1763423764.4743211,1313.204267501831,1014.0,1231.0,1030.0
9,1763423764.5044496,1318.0327444076538,1014.0,1223.0,1003.0
9,1763423764.546356,1322.8554277420044,1014.0,1248.0,996.0
9,1763423764.5764654,1327.7207403182983,1014.0,1278.0,1010.0
9,1763423764.6169071,1334.8485140800476,1014.0,1289.0,995.0
9,1763423764.6526911,1339.5839004516602,1014.0,1280.0,952.0
9,1763423764.6920218,1344.4457082748413,1014.0,1278.0,942.0
9,1763423764.7326856,1351.7087726593018,1014.0,1294.0,979.0
9,1763423764.7672024,1356.4729480743408,1014.0,1303.0,995.0
9,1763423764.801281,1361.182978630066,1014.0,1316.0,1009.0
9,1763423764.8365858,1368.4860973358154,1014.0,1321.0,1029.0
9,1763423764.876657,1373.3529834747314,1014.0,1318.0,1037.0
9,1763423764.9124398,1378.0285387039185,1014.0,1319.0,1030.0
9,1763423764.9572923,1385.1803450584412,1014.0,1331.0,1042.0
9,1763423764.9994898,1392.400064945221,1014.0,1341.0,1045.0
9,1763423765.0327225,1397.2564725875854,1014.0,1342.0,1016.0
9,1763423765.0722184,1402.1313695907593,1014.0,1343.0,1020.0
9,1763423765.1070397,1406.8442611694336,1014.0,1344.0,1031.0
9,1763423765.1499891,1414.1149787902832,1014.0,1330.0,1029.0
9,1763423765.1968443,1421.2710766792297,1014.0,1326.0,1023.0
9,1763423765.2470229,1428.4225611686707,1014.0,1359.0,1035.0
9,1763423765.2886426,1435.6272249221802,1014.0,1361.0,1043.0
9,1763423765.3202174,1440.373697757721,1014.0,1357.0,1056.0
9,1763423765.3519974,1445.1701312065125,1014.0,1364.0,1052.0
9,1763423765.3872464,1450.0717072486877,1014.0,1371.0,1029.0
9,1763423765.4263132,1454.854693889618,1014.0,1400.0,1032.0
9,1763423765.4658203,1462.0065002441406,1014.0,1408.0,1033.0
9,1763423765.501589,1466.8466000556946,1014.0,1407.0,1013.0
9,1763423765.5363262,1471.640422821045,1014.0,1413.0,1038.0
9,1763423765.5721967,1476.3806014060974,1014.0,1421.0,1073.0
9,1763423765.6313818,1486.1079006195068,1014.0,1421.0,1074.0
9,1763423765.6719022,1493.1699423789978,1014.0,1400.0,1066.0
9,1763423765.721438,1500.42910861969,1014.0,1408.0,1072.0
9,1763423765.7475712,1502.858546257019,1014.0,1453.0,1049.0
9,1763423765.7855132,1510.109773159027,1014.0,1453.0,1033.0
9,1763423765.8213687,1514.9082808494568,1014.0,1449.0,1038.0
9,1763423765.8677778,1522.0075516700745,1014.0,1456.0,1024.0
9,1763423765.9025328,1526.81249666214,1014.0,1459.0,996.0
9,1763423765.9465177,1534.0749530792236,1014.0,1465.0,1010.0
9,1763423765.9870515,1538.7736468315125,1014.0,1479.0,1032.0
9,1763423766.0164618,1543.646469593048,1014.0,1488.0,1027.0
9,1763423766.0465808,1548.3943014144897,1014.0,1505.0,1008.0
9,1763423766.0812662,1553.1824021339417,1014.0,1516.0,1023.0
9,1763423766.1205254,1560.3968648910522,1014.0,1525.0,1036.0
9,1763423766.1567144,1565.307631969452,1014.0,1534.0,1033.0
9,1763423766.2009482,1572.392740726471,1014.0,1545.0,1026.0
9,1763423766.2324595,1577.1880297660828,1014.0,1534.0,1013.0
9,1763423766.2714276,1582.1246891021729,1014.0,1534.0,1012.0
9,1763423766.3173876,1589.193346977234,1014.0,1539.0,1030.0
9,1763423766.366224,1596.5836553573608,1014.0,1537.0,1030.0
9,1763423766.4004242,1601.1695532798767,1014.0,1598.0,1043.0
9,1763423766.4466183,1608.364167690277,1014.0,1591.0,1062.0
9,1763423766.4882133,1615.6076340675354,1014.0,1593.0,1072.0
9,1763423766.5267825,1620.5111413002014,1014.0,1589.0,1087.0
9,1763423766.5615017,1625.3302483558655,1014.0,1604.0,1092.0
9,1763423766.5967116,1632.5049786567688,1014.0,1616.0,1082.0
9,1763423766.6323738,1637.217619895935,1014.0,1623.0,1076.0
9,1763423766.6711888,1641.9634847640991,1014.0,1629.0,1089.0
9,1763423766.7171655,1649.3101267814636,1014.0,1628.0,1094.0
9,1763423766.766489,1656.5072803497314,1014.0,1650.0,1101.0
9,1763423766.7969787,1661.2703471183777,1014.0,1676.0,1105.0
9,1763423766.831194,1666.0053758621216,1014.0,1671.0,1110.0
9,1763423766.8669562,1670.850661277771,1014.0,1672.0,1105.0
9,1763423766.9048653,1678.0895857810974,1014.0,1682.0,1102.0
9,1763423766.9367251,1682.918134212494,1014.0,1696.0,1101.0
9,1763423766.9762447,1687.61092710495,1014.0,1703.0,1098.0
9,1763423767.0161455,1692.3725991249084,1014.0,1718.0,1088.0
9,1763423767.0571086,1699.7075824737549,1014.0,1740.0,1090.0
9,1763423767.102219,1706.864860534668,1014.0,1741.0,1114.0
9,1763423767.1369312,1711.625566959381,1014.0,1732.0,1124.0
9,1763423767.171603,1716.374400138855,1014.0,1722.0,1110.0
9,1763423767.2091804,1723.7305192947388,1014.0,1734.0,1116.0
