line_idx,timestamp,dot_x,dot_y,gaze_x,gaze_y
0,1763435486.6490736,178.0,178.0,246.0,255.0
0,1763435486.6978574,182.93712425231934,178.0,239.0,261.0
0,1763435486.7336955,187.70734357833862,178.0,225.0,248.0
0,1763435486.7748718,194.87724590301514,178.0,231.0,233.0
0,1763435486.8090856,199.69041633605957,178.0,225.0,229.0
0,1763435486.8478618,204.41160488128662,178.0,225.0,227.0
0,1763435486.8836238,209.32816553115845,178.0,239.0,221.0
0,1763435486.9242108,216.41434717178345,178.0,244.0,218.0
0,1763435486.9587338,221.2644248008728,178.0,245.0,225.0
0,1763435486.9930909,226.0741262435913,178.0,234.0,216.0
0,1763435487.0317001,233.26573657989502,178.0,227.0,201.0
0,1763435487.0582016,235.66087770462036,178.0,229.0,197.0
0,1763435487.0883477,240.45191097259521,178.0,242.0,211.0
0,1763435487.1233063,245.32795238494873,178.0,245.0,222.0
0,1763435487.153706,250.01201915740967,178.0,263.0,238.0
0,1763435487.1834214,254.80494785308838,178.0,298.0,240.0
0,1763435487.219156,259.60964250564575,178.0,300.0,226.0
0,1763435487.255409,266.90167474746704,178.0,300.0,221.0
0,1763435487.2836266,269.39634370803833,178.0,304.0,220.0
0,1763435487.3235173,276.42809438705444,178.0,306.0,218.0
0,1763435487.3511422,281.2762408256531,178.0,309.0,217.0
0,1763435487.3886468,286.0736041069031,178.0,317.0,223.0
0,1763435487.4236655,290.80144453048706,178.0,318.0,223.0
0,1763435487.458491,295.66475439071655,178.0,290.0,222.0
0,1763435487.4884222,300.5124001502991,178.0,332.0,214.0
0,1763435487.5182858,305.285373210907,178.0,356.0,206.0
0,1763435487.5535955,310.03009366989136,178.0,352.0,208.0
0,1763435487.5932393,317.29609060287476,178.0,354.0,203.0
0,1763435487.6180267,319.69394969940186,178.0,376.0,218.0
0,1763435487.6580598,326.94574880599976,178.0,388.0,230.0
0,1763435487.6915863,331.65620851516724,178.0,391.0,235.0
0,1763435487.7200198,336.4914803504944,178.0,392.0,237.0
0,1763435487.7629495,341.22940587997437,178.0,392.0,236.0
0,1763435487.8034227,348.4498052597046,178.0,360.0,246.0
0,1763435487.8378274,353.40810108184814,178.0,359.0,228.0
0,1763435487.868202,358.17746210098267,178.0,365.0,223.0
0,1763435487.913706,365.3196840286255,178.0,366.0,228.0
0,1763435487.9595852,372.39857006073,178.0,371.0,230.0
0,1763435488.003768,377.2424249649048,178.0,379.0,231.0
0,1763435488.0287974,381.98778915405273,178.0,378.0,228.0
0,1763435488.0731933,389.2557530403137,178.0,382.0,221.0
0,1763435488.1132534,394.0129189491272,178.0,385.0,219.0
0,1763435488.1529093,401.27412366867065,178.0,387.0,214.0
0,1763435488.188799,406.0998468399048,178.0,391.0,221.0
0,1763435488.2185326,410.94187784194946,178.0,406.0,230.0
0,1763435488.248827,415.6415729522705,178.0,414.0,222.0
0,1763435488.2798405,420.39083528518677,178.0,428.0,217.0
0,1763435488.3110266,425.24169969558716,178.0,424.0,222.0
0,1763435488.3454895,430.15808153152466,178.0,417.0,233.0
0,1763435488.3784509,434.8759083747864,178.0,419.0,236.0
0,1763435488.413059,439.73839569091797,178.0,421.0,232.0
0,1763435488.4486783,444.4592981338501,178.0,428.0,233.0
0,1763435488.483177,449.2569832801819,178.0,436.0,232.0
0,1763435488.5135632,454.05820894241333,178.0,462.0,234.0
0,1763435488.5441778,458.8269262313843,178.0,464.0,234.0
0,1763435488.5780663,463.63820123672485,178.0,460.0,238.0
0,1763435488.608695,468.4287338256836,178.0,454.0,236.0
0,1763435488.643326,473.3589916229248,178.0,454.0,237.0
0,1763435488.6786196,480.3937463760376,178.0,459.0,238.0
0,1763435488.7106607,485.2442889213562,178.0,466.0,232.0
0,1763435488.7381406,487.66203212738037,178.0,469.0,227.0
0,1763435488.767897,492.4420862197876,178.0,463.0,218.0
0,1763435488.803013,497.2280054092407,178.0,462.0,204.0
0,1763435488.84334,504.48617029190063,178.0,467.0,205.0
0,1763435488.8882506,511.6995601654053,178.0,476.0,217.0
0,1763435488.924927,516.5284304618835,178.0,481.0,226.0
0,1763435488.9535484,521.2655334472656,178.0,494.0,232.0
0,1763435488.9881272,526.0553865432739,178.0,497.0,226.0
0,1763435489.0180385,530.8404474258423,178.0,505.0,223.0
0,1763435489.0541067,535.6610565185547,178.0,515.0,229.0
0,1763435489.083467,540.4165773391724,178.0,521.0,231.0
0,1763435489.1187444,545.2483086585999,178.0,529.0,226.0
0,1763435489.1541772,550.0178842544556,178.0,523.0,223.0
0,1763435489.1829631,554.9312262535095,178.0,520.0,223.0
0,1763435489.2186427,559.64222240448,178.0,515.0,239.0
0,1763435489.2483191,564.449384689331,178.0,520.0,236.0
0,1763435489.279616,569.3843274116516,178.0,523.0,228.0
0,1763435489.31339,573.9884285926819,178.0,529.0,233.0
0,1763435489.3429422,578.8835315704346,178.0,530.0,237.0
0,1763435489.373089,583.6061863899231,178.0,527.0,239.0
0,1763435489.4083035,588.4391694068909,178.0,526.0,241.0
0,1763435489.4391124,593.3286933898926,178.0,529.0,244.0
0,1763435489.4731567,598.0224161148071,178.0,534.0,246.0
0,1763435489.5028698,602.8528599739075,178.0,564.0,249.0
0,1763435489.538444,607.6094179153442,178.0,570.0,244.0
0,1763435489.5682085,612.4430088996887,178.0,572.0,236.0
0,1763435489.6029499,617.3103241920471,178.0,566.0,236.0
0,1763435489.6337435,622.1246032714844,178.0,567.0,243.0
0,1763435489.6790557,629.2568473815918,178.0,582.0,247.0
0,1763435489.7278285,636.4553956985474,178.0,592.0,246.0
0,1763435489.7691038,643.6900644302368,178.0,598.0,243.0
0,1763435489.8085558,648.5878496170044,178.0,593.0,252.0
0,1763435489.8381052,653.2990245819092,178.0,594.0,250.0
0,1763435489.8684795,658.1099419593811,178.0,599.0,249.0
0,1763435489.9039042,662.9448919296265,178.0,604.0,245.0
0,1763435489.9484096,669.9960975646973,178.0,605.0,240.0
0,1763435489.9978728,677.2353439331055,178.0,611.0,247.0
0,1763435490.028768,682.10977602005,178.0,615.0,243.0
0,1763435490.0565903,686.832573890686,178.0,620.0,239.0
0,1763435490.0929728,691.6464238166809,178.0,621.0,244.0
0,1763435490.119946,696.5027599334717,178.0,625.0,250.0
0,1763435490.1528988,701.3744740486145,178.0,649.0,257.0
0,1763435490.188409,706.1080722808838,178.0,651.0,255.0
0,1763435490.2181942,710.9855799674988,178.0,642.0,246.0
0,1763435490.252947,715.7139925956726,178.0,642.0,249.0
0,1763435490.297982,722.9225187301636,178.0,654.0,253.0
0,1763435490.3391893,727.6412038803101,178.0,672.0,255.0
0,1763435490.3774176,734.8893551826477,178.0,682.0,251.0
0,1763435490.4080312,739.6734147071838,178.0,683.0,248.0
0,1763435490.4501398,744.4932370185852,178.0,686.0,248.0
0,1763435490.5101337,754.0141134262085,178.0,693.0,242.0
0,1763435490.55984,761.2184910774231,178.0,699.0,232.0
0,1763435490.6031308,768.4127478599548,178.0,710.0,239.0
0,1763435490.6482224,775.5895881652832,178.0,715.0,251.0
0,1763435490.6959145,782.8782587051392,178.0,733.0,235.0
0,1763435490.7229104,785.3281168937683,178.0,739.0,225.0
0,1763435490.7613027,792.452314376831,178.0,742.0,219.0
0,1763435490.8036594,797.2588329315186,178.0,758.0,220.0
0,1763435490.8435688,804.4845967292786,178.0,763.0,222.0
0,1763435490.8836257,809.3130378723145,178.0,762.0,219.0
0,1763435490.923143,816.5132312774658,178.0,750.0,221.0
0,1763435490.970551,823.7067728042603,178.0,753.0,208.0
0,1763435491.0430386,833.2821159362793,178.0,765.0,204.0
0,1763435491.1127682,845.1995639801025,178.0,793.0,211.0
0,1763435491.1985395,857.2592763900757,178.0,805.0,225.0
0,1763435491.2582405,866.8836860656738,178.0,810.0,232.0
0,1763435491.2978795,871.6571598052979,178.0,814.0,231.0
0,1763435491.3378816,878.8422255516052,178.0,831.0,226.0
0,1763435491.3829062,886.0134868621826,178.0,846.0,231.0
0,1763435491.414994,890.9083395004272,178.0,844.0,230.0
0,1763435491.4492707,895.6764488220215,178.0,840.0,227.0
0,1763435491.4879725,900.4769949913025,178.0,847.0,238.0
0,1763435491.5180259,905.2555470466614,178.0,848.0,239.0
0,1763435491.5528214,910.1324467658997,178.0,838.0,244.0
0,1763435491.5881975,917.3387913703918,178.0,832.0,241.0
0,1763435491.6265502,922.0923810005188,178.0,832.0,238.0
0,1763435491.6552377,926.918354511261,178.0,841.0,243.0
0,1763435491.6930804,931.6368250846863,178.0,848.0,250.0
0,1763435491.7230413,936.4095478057861,178.0,843.0,248.0
0,1763435491.7581775,941.2412791252136,178.0,847.0,258.0
0,1763435491.8002431,948.5180764198303,178.0,846.0,247.0
0,1763435491.8477361,953.2846837043762,178.0,844.0,238.0
0,1763435491.883276,960.5104117393494,178.0,855.0,225.0
0,1763435491.9236822,965.1954798698425,178.0,859.0,222.0
0,1763435491.9531052,970.1816349029541,178.0,858.0,222.0
0,1763435491.9881923,977.3380188941956,178.0,866.0,230.0
0,1763435492.0281427,982.050087928772,178.0,878.0,232.0
0,1763435492.0580044,986.9367508888245,178.0,886.0,233.0
0,1763435492.0888867,991.6853337287903,178.0,906.0,223.0
0,1763435492.123517,996.4032320976257,178.0,916.0,227.0
0,1763435492.1693027,1003.5943417549133,178.0,900.0,224.0
0,1763435492.2188027,1010.8864097595215,178.0,898.0,226.0
0,1763435492.2537751,1015.7094864845276,178.0,909.0,232.0
0,1763435492.2982671,1022.8734879493713,178.0,905.0,238.0
0,1763435492.3432696,1030.062487602234,178.0,905.0,251.0
0,1763435492.3878365,1037.2846393585205,178.0,908.0,249.0
0,1763435492.443451,1044.4739966392517,178.0,924.0,250.0
0,1763435492.4736092,1049.3485717773438,178.0,941.0,266.0
0,1763435492.4984171,1051.6181497573853,178.0,962.0,279.0
0,1763435492.5288696,1056.502380847931,178.0,965.0,278.0
0,1763435492.568901,1063.615599155426,178.0,962.0,275.0
0,1763435492.5935946,1066.0559086799622,178.0,961.0,283.0
0,1763435492.6282685,1073.3494429588318,178.0,978.0,276.0
0,1763435492.6613874,1075.7068543434143,178.0,988.0,277.0
0,1763435492.695775,1082.7947525978088,178.0,992.0,283.0
0,1763435492.7297082,1087.7535848617554,178.0,995.0,297.0
0,1763435492.7631452,1092.5907878875732,178.0,1010.0,297.0
0,1763435492.7930615,1097.2437410354614,178.0,1007.0,279.0
0,1763435492.8281887,1102.1694927215576,178.0,1018.0,277.0
0,1763435492.8585646,1106.8412928581238,178.0,1030.0,283.0
0,1763435492.8884928,1111.6700201034546,178.0,1035.0,288.0
0,1763435492.92027,1116.4734988212585,178.0,1033.0,299.0
0,1763435492.9533298,1121.3320879936218,178.0,1040.0,307.0
0,1763435492.9837625,1126.0252027511597,178.0,1037.0,301.0
0,1763435493.0238972,1130.8989911079407,178.0,1032.0,298.0
0,1763435493.053843,1135.7366948127747,178.0,1032.0,289.0
0,1763435493.0879273,1140.509846687317,178.0,1038.0,295.0
0,1763435493.1188986,1145.327380180359,178.0,1057.0,295.0
0,1763435493.1532915,1150.1421599388123,178.0,1076.0,285.0
0,1763435493.1933138,1157.2811274528503,178.0,1080.0,282.0
0,1763435493.2479956,1164.4990234375,178.0,1084.0,281.0
0,1763435493.2831948,1169.2713527679443,178.0,1088.0,287.0
0,1763435493.3290796,1176.4805583953857,178.0,1088.0,305.0
0,1763435493.3640058,1181.2552480697632,178.0,1091.0,319.0
0,1763435493.3988554,1188.4755759239197,178.0,1090.0,309.0
0,1763435493.4316707,1193.236210823059,178.0,1087.0,308.0
0,1763435493.4795768,1200.4400520324707,178.0,1100.0,304.0
0,1763435493.5181134,1205.3792147636414,178.0,1116.0,312.0
0,1763435493.5474327,1210.1878790855408,178.0,1127.0,323.0
0,1763435493.5762854,1214.9336366653442,178.0,1132.0,317.0
0,1763435493.608658,1219.801130771637,178.0,1141.0,300.0
0,1763435493.6401176,1224.5069770812988,178.0,1124.0,300.0
0,1763435493.678863,1229.2186884880066,178.0,1125.0,305.0
0,1763435493.7088296,1234.0093641281128,178.0,1139.0,324.0
0,1763435493.7435598,1238.7903480529785,178.0,1149.0,322.0
0,1763435493.7793162,1243.6953573226929,178.0,1163.0,308.0
0,1763435493.8091633,1248.5848455429077,178.0,1169.0,310.0
0,1763435493.8430953,1253.265085697174,178.0,1173.0,330.0
0,1763435493.8740053,1258.0684571266174,178.0,1176.0,345.0
0,1763435493.9080377,1265.3148202896118,178.0,1186.0,338.0
0,1763435493.939157,1267.6769881248474,178.0,1187.0,329.0
0,1763435493.9786623,1274.9868302345276,178.0,1199.0,332.0
0,1763435494.007869,1279.6402125358582,178.0,1199.0,328.0
0,1763435494.0436995,1284.4218401908875,178.0,1199.0,326.0
0,1763435494.0718749,1289.2412333488464,178.0,1190.0,331.0
0,1763435494.1091228,1294.074824333191,178.0,1197.0,349.0
0,1763435494.1380682,1298.7881450653076,178.0,1205.0,347.0
0,1763435494.1733356,1303.6641507148743,178.0,1215.0,344.0
0,1763435494.2164688,1310.9415917396545,178.0,1210.0,332.0
0,1763435494.250222,1315.6588463783264,178.0,1201.0,319.0
0,1763435494.2732098,1318.0898933410645,178.0,1202.0,330.0
0,1763435494.3156686,1325.2564339637756,178.0,1205.0,329.0
0,1763435494.3483741,1330.0838379859924,178.0,1210.0,331.0
0,1763435494.3982718,1337.2546701431274,178.0,1224.0,347.0
0,1763435494.4397347,1344.467559337616,178.0,1239.0,338.0
0,1763435494.4787393,1349.2722539901733,178.0,1256.0,315.0
0,1763435494.504209,1354.1269450187683,178.0,1278.0,291.0
0,1763435494.5381668,1358.9940457344055,178.0,1277.0,282.0
0,1763435494.5734322,1363.6704592704773,178.0,1276.0,303.0
0,1763435494.6173813,1370.8438663482666,178.0,1272.0,315.0
0,1763435494.6537323,1375.6924061775208,178.0,1278.0,320.0
0,1763435494.683184,1380.4707794189453,178.0,1268.0,329.0
0,1763435494.7284222,1387.5914721488953,178.0,1281.0,323.0
0,1763435494.7695649,1392.4315719604492,178.0,1288.0,323.0
0,1763435494.807844,1399.6564774513245,178.0,1282.0,339.0
0,1763435494.848568,1404.3870358467102,178.0,1290.0,342.0
0,1763435494.8779235,1409.2515616416931,178.0,1295.0,349.0
0,1763435494.9085107,1414.189079284668,178.0,1304.0,352.0
0,1763435494.9438055,1418.8779382705688,178.0,1302.0,348.0
0,1763435494.9786825,1423.7206845283508,178.0,1354.0,352.0
0,1763435495.0082266,1428.5073547363281,178.0,1382.0,328.0
0,1763435495.0383928,1433.324137210846,178.0,1387.0,327.0
0,1763435495.0735621,1438.1208567619324,178.0,1390.0,314.0
0,1763435495.1078377,1445.2848224639893,178.0,1389.0,307.0
0,1763435495.1535478,1450.151243686676,178.0,1389.0,302.0
0,1763435495.1971066,1457.2891025543213,178.0,1393.0,326.0
0,1763435495.22882,1462.1063141822815,178.0,1389.0,319.0
0,1763435495.2630663,1466.9323234558105,178.0,1391.0,314.0
0,1763435495.2880437,1471.6370611190796,178.0,1387.0,301.0
0,1763435495.3236887,1476.5754013061523,178.0,1397.0,283.0
0,1763435495.3586211,1481.2370805740356,178.0,1399.0,278.0
0,1763435495.3930864,1486.0923795700073,178.0,1437.0,302.0
0,1763435495.4380157,1493.2003049850464,178.0,1452.0,297.0
0,1763435495.479935,1500.4360466003418,178.0,1461.0,292.0
0,1763435495.513288,1505.2835493087769,178.0,1472.0,293.0
0,1763435495.5442224,1510.060170173645,178.0,1481.0,293.0
0,1763435495.5747867,1514.8062138557434,178.0,1494.0,286.0
0,1763435495.6081157,1519.7282104492188,178.0,1494.0,305.0
0,1763435495.640596,1524.5798258781433,178.0,1494.0,303.0
0,1763435495.6730053,1529.2263417243958,178.0,1495.0,302.0
0,1763435495.7039537,1534.103777885437,178.0,1510.0,293.0
0,1763435495.7382312,1538.8814358711243,178.0,1504.0,291.0
0,1763435495.7734542,1543.7099843025208,178.0,1512.0,284.0
0,1763435495.8083272,1548.5218315124512,178.0,1533.0,292.0
0,1763435495.8438454,1553.3371477127075,178.0,1544.0,288.0
0,1763435495.8736145,1558.0464987754822,178.0,1545.0,285.0
0,1763435495.908404,1565.3697876930237,178.0,2623.0,2408.0
0,1763435495.9439847,1570.0920491218567,178.0,1548.0,284.0
0,1763435495.9760866,1574.9062566757202,178.0,1555.0,280.0
0,1763435496.0134208,1579.6637444496155,178.0,1594.0,280.0
0,1763435496.0484226,1584.5648913383484,178.0,2625.0,2410.0
0,1763435496.0831995,1589.2850785255432,178.0,2625.0,2410.0
0,1763435496.118909,1596.4153199195862,178.0,2623.0,2409.0
0,1763435496.154024,1601.34303855896,178.0,2623.0,2410.0
0,1763435496.2002757,1608.5145859718323,178.0,2621.0,2410.0
0,1763435496.2435691,1613.2600932121277,178.0,2616.0,2409.0
0,1763435496.268812,1618.057384967804,178.0,-2701.0,1119.0
0,1763435496.3038402,1622.875955581665,178.0,-1402.0,1627.0
0,1763435496.338012,1627.7156620025635,178.0,2628.0,2411.0
0,1763435496.3934867,1637.2243075370789,178.0,2633.0,2416.0
0,1763435496.413774,1639.647379398346,178.0,2635.0,2417.0
0,1763435496.4548182,1646.7929272651672,178.0,1464.0,-12232.0
0,1763435496.489836,1651.6721873283386,178.0,1804.0,-6193.0
0,1763435496.536751,1658.8175921440125,178.0,2049.0,-2804.0
0,1763435496.578275,1663.6886267662048,178.0,2248.0,-1318.0
0,1763435496.6088295,1668.5251860618591,178.0,2640.0,2426.0
0,1763435496.6431918,1673.1869368553162,178.0,2640.0,2431.0
0,1763435496.6807246,1680.517592906952,178.0,2641.0,2432.0
0,1763435496.7118518,1685.2251200675964,178.0,2645.0,2435.0
0,1763435496.748192,1690.0344281196594,178.0,2646.0,2436.0
0,1763435496.7829595,1694.890549659729,178.0,2643.0,2435.0
0,1763435496.8138046,1699.653652191162,178.0,2641.0,2433.0
0,1763435496.8488967,1704.439607143402,178.0,1746.0,-17018.0
0,1763435496.8783917,1709.2687635421753,178.0,41.0,-20476.0
0,1763435496.9135036,1714.0866904258728,178.0,-597.0,-5810.0
0,1763435496.943662,1718.893316268921,178.0,281.0,-3457.0
0,1763435496.9780247,1723.65087556839,178.0,2640.0,2428.0
1,1763435497.013118,1726.036503791809,178.0,2637.0,2425.0
1,1763435497.053315,1726.036503791809,178.0,2636.0,2424.0
1,1763435497.0930274,1726.036503791809,178.0,2636.0,2423.0
1,1763435497.1185935,1726.036503791809,178.0,2635.0,2422.0
1,1763435497.1431408,1726.036503791809,178.0,2637.0,2422.0
1,1763435497.183124,1726.036503791809,178.0,2640.0,2423.0
1,1763435497.2087343,1726.036503791809,178.0,2640.0,2424.0
1,1763435497.238521,1726.036503791809,178.0,2640.0,2425.0
1,1763435497.2731817,1726.036503791809,178.0,2641.0,2425.0
1,1763435497.303546,1726.036503791809,178.0,2643.0,2428.0
1,1763435497.3430078,1726.036503791809,178.0,2646.0,2435.0
1,1763435497.368807,1726.036503791809,178.0,2647.0,2438.0
1,1763435497.4030533,1726.036503791809,178.0,2646.0,2442.0
1,1763435497.4436328,1726.036503791809,178.0,1696.0,369.0
1,1763435497.4685633,1726.036503791809,178.0,2642.0,2447.0
1,1763435497.5088544,180.54026651382446,270.0,2082.0,1787.0
1,1763435497.5435143,185.3419213294983,270.0,2634.0,2448.0
1,1763435497.5880775,192.55169916152954,270.0,530.0,547.0
1,1763435497.6323354,199.65197134017944,270.0,431.0,425.0
1,1763435497.6761513,206.88059616088867,270.0,325.0,336.0
1,1763435497.698268,209.22026920318604,270.0,319.0,355.0
1,1763435497.7400446,216.508939743042,270.0,312.0,351.0
1,1763435497.7657654,218.88670015335083,270.0,372.0,410.0
1,1763435497.8040955,226.09808731079102,270.0,916.0,836.0
1,1763435497.8363438,230.81519889831543,270.0,245.0,435.0
1,1763435497.8640819,233.31076192855835,270.0,256.0,389.0
1,1763435497.8929548,238.03588438034058,270.0,218.0,358.0
1,1763435497.923843,242.86918926239014,270.0,218.0,359.0
1,1763435497.9583008,247.67796087265015,270.0,230.0,366.0
1,1763435497.9880133,252.45601224899292,270.0,237.0,360.0
1,1763435498.0182462,257.3308734893799,270.0,241.0,360.0
1,1763435498.0541754,262.0774893760681,270.0,250.0,364.0
1,1763435498.0928736,269.23237133026123,270.0,262.0,370.0
1,1763435498.1329987,274.06367349624634,270.0,263.0,370.0
1,1763435498.1585312,278.8067488670349,270.0,275.0,372.0
1,1763435498.1940503,283.70435523986816,270.0,273.0,365.0
1,1763435498.2285519,288.5584383010864,270.0,269.0,356.0
1,1763435498.263689,293.2452230453491,270.0,271.0,349.0
1,1763435498.293511,298.21528482437134,270.0,281.0,352.0
1,1763435498.3288558,302.83848333358765,270.0,334.0,358.0
1,1763435498.3665478,310.14160203933716,270.0,340.0,342.0
1,1763435498.3928928,314.91221475601196,270.0,332.0,321.0
1,1763435498.4233036,317.2945170402527,270.0,327.0,326.0
1,1763435498.4602263,324.5086579322815,270.0,327.0,327.0
1,1763435498.4929798,329.3253331184387,270.0,333.0,328.0
1,1763435498.5286984,334.13696575164795,270.0,330.0,320.0
1,1763435498.563126,338.9043598175049,270.0,328.0,317.0
1,1763435498.5939867,343.6917452812195,270.0,339.0,311.0
1,1763435498.6286376,348.5113887786865,270.0,347.0,315.0
1,1763435498.6701794,355.7334690093994,270.0,355.0,325.0
1,1763435498.7182634,362.8888158798218,270.0,364.0,331.0
1,1763435498.748072,367.6902561187744,270.0,369.0,319.0
1,1763435498.7803009,372.52903270721436,270.0,373.0,312.0
1,1763435498.8090353,374.84860706329346,270.0,382.0,317.0
1,1763435498.8437202,382.00846004486084,270.0,397.0,329.0
1,1763435498.8791955,386.83893966674805,270.0,403.0,332.0
1,1763435498.9141326,391.6396288871765,270.0,402.0,328.0
1,1763435498.9436486,396.54259967803955,270.0,402.0,328.0
1,1763435498.9789784,401.30641746520996,270.0,405.0,339.0
1,1763435499.0088582,406.1149387359619,270.0,419.0,349.0
1,1763435499.0435593,410.8482151031494,270.0,424.0,349.0
1,1763435499.078313,415.78923749923706,270.0,429.0,351.0
1,1763435499.113045,422.9350357055664,270.0,425.0,339.0
1,1763435499.1517663,427.6130585670471,270.0,418.0,337.0
1,1763435499.1882865,432.56148386001587,270.0,431.0,327.0
1,1763435499.2130623,437.2802047729492,270.0,434.0,327.0
1,1763435499.2481406,442.04287815093994,270.0,439.0,328.0
1,1763435499.2830753,446.8418507575989,270.0,445.0,328.0
1,1763435499.3157265,451.6596345901489,270.0,444.0,326.0
1,1763435499.3478146,456.4194827079773,270.0,447.0,327.0
1,1763435499.378615,461.3473801612854,270.0,448.0,326.0
1,1763435499.413731,466.04811239242554,270.0,456.0,323.0
1,1763435499.4529305,473.319402217865,270.0,469.0,317.0
1,1763435499.478108,475.63293266296387,270.0,483.0,316.0
1,1763435499.5128806,482.91037368774414,270.0,488.0,321.0
1,1763435499.5538855,487.7186803817749,270.0,485.0,324.0
1,1763435499.5995328,494.9218063354492,270.0,483.0,325.0
1,1763435499.628221,499.71562910079956,270.0,493.0,314.0
1,1763435499.6631286,504.4584541320801,270.0,495.0,299.0
1,1763435499.6934888,509.2464475631714,270.0,504.0,300.0
1,1763435499.726207,514.1323595046997,270.0,508.0,311.0
1,1763435499.7779813,521.2112812995911,270.0,511.0,320.0
1,1763435499.8206203,528.4400134086609,270.0,511.0,330.0
1,1763435499.8483443,530.8013229370117,270.0,508.0,340.0
1,1763435499.8890395,538.0262641906738,270.0,519.0,329.0
1,1763435499.9169152,542.8969769477844,270.0,521.0,314.0
1,1763435499.9541671,547.602644443512,270.0,527.0,305.0
1,1763435499.9884384,552.5751023292542,270.0,531.0,314.0
1,1763435500.0237792,557.3374180793762,270.0,538.0,331.0
1,1763435500.0531213,562.0912222862244,270.0,543.0,337.0
1,1763435500.0887191,566.9039635658264,270.0,575.0,333.0
1,1763435500.133357,574.1347341537476,270.0,586.0,324.0
1,1763435500.1728816,581.2122611999512,270.0,599.0,317.0
1,1763435500.198916,583.6119799613953,270.0,611.0,317.0
1,1763435500.236264,590.8085970878601,270.0,623.0,318.0
1,1763435500.2629616,593.2302384376526,270.0,629.0,328.0
1,1763435500.3031023,600.5027799606323,270.0,629.0,332.0
1,1763435500.3437114,605.3058652877808,270.0,631.0,322.0
1,1763435500.3867493,612.415864944458,270.0,633.0,314.0
1,1763435500.4285142,619.6488170623779,270.0,605.0,325.0
1,1763435500.463361,624.5577602386475,270.0,613.0,324.0
1,1763435500.5012457,629.2727975845337,270.0,633.0,323.0
1,1763435500.5329633,634.0440897941589,270.0,643.0,322.0
1,1763435500.5638564,638.9629392623901,270.0,641.0,323.0
1,1763435500.6049109,646.0849552154541,270.0,637.0,323.0
1,1763435500.6368887,650.8797435760498,270.0,675.0,313.0
1,1763435500.6629708,653.4007339477539,270.0,674.0,297.0
1,1763435500.700998,660.5577974319458,270.0,667.0,275.0
1,1763435500.7286477,662.9088430404663,270.0,669.0,276.0
1,1763435500.772898,670.1038866043091,270.0,671.0,281.0
1,1763435500.808783,674.8924880027771,270.0,675.0,289.0
1,1763435500.848258,682.1670680046082,270.0,684.0,291.0
1,1763435500.8884666,686.897054195404,270.0,685.0,287.0
1,1763435500.9334197,694.1377310752869,270.0,686.0,291.0
1,1763435500.9583592,698.9604501724243,270.0,682.0,314.0
1,1763435500.9981143,703.6664395332336,270.0,688.0,319.0
1,1763435501.033092,710.9420924186707,270.0,706.0,319.0
1,1763435501.0690181,715.7227544784546,270.0,725.0,317.0
1,1763435501.1029274,720.4272418022156,270.0,719.0,325.0
1,1763435501.1335905,725.2097277641296,270.0,713.0,325.0
1,1763435501.1670291,730.1435618400574,270.0,711.0,326.0
1,1763435501.208829,734.866717338562,270.0,716.0,326.0
1,1763435501.2534034,742.0204191207886,270.0,719.0,326.0
1,1763435501.2779243,746.8043713569641,270.0,724.0,326.0
1,1763435501.313801,751.7539768218994,270.0,732.0,331.0
1,1763435501.3428726,756.5303831100464,270.0,727.0,318.0
1,1763435501.3779078,761.2589030265808,270.0,719.0,313.0
1,1763435501.4087954,766.1207823753357,270.0,716.0,313.0
1,1763435501.4533107,773.3443288803101,270.0,724.0,316.0
1,1763435501.488749,778.0311493873596,270.0,755.0,325.0
1,1763435501.52319,782.8231482505798,270.0,750.0,321.0
1,1763435501.5725088,790.1131420135498,270.0,758.0,324.0
1,1763435501.6192439,797.262158870697,270.0,771.0,331.0
1,1763435501.653707,802.063241481781,270.0,784.0,333.0
1,1763435501.683623,806.8437962532043,270.0,789.0,332.0
1,1763435501.7185397,811.6781740188599,270.0,802.0,331.0
1,1763435501.7478137,816.4978890419006,270.0,805.0,322.0
1,1763435501.783348,821.2707905769348,270.0,798.0,323.0
1,1763435501.8130648,826.0671167373657,270.0,796.0,325.0
1,1763435501.8488226,830.8788208961487,270.0,804.0,339.0
1,1763435501.8782544,835.6657772064209,270.0,805.0,338.0
1,1763435501.920985,842.9441838264465,270.0,807.0,336.0
1,1763435501.970048,850.0250010490417,270.0,812.0,330.0
1,1763435502.0036235,854.815140247345,270.0,819.0,327.0
1,1763435502.033538,859.7311644554138,270.0,824.0,318.0
1,1763435502.0689104,864.4077925682068,270.0,829.0,321.0
1,1763435502.0982225,869.208803653717,270.0,829.0,319.0
1,1763435502.1393712,876.4219431877136,270.0,822.0,322.0
1,1763435502.1691031,878.8345007896423,270.0,831.0,326.0
1,1763435502.1990504,883.6218504905701,270.0,844.0,322.0
1,1763435502.2381465,890.9127740859985,270.0,846.0,320.0
1,1763435502.2685742,895.664647102356,270.0,844.0,321.0
1,1763435502.3169293,902.878180027008,270.0,845.0,317.0
1,1763435502.3585055,907.7483563423157,270.0,842.0,321.0
1,1763435502.3878102,912.4582796096802,270.0,892.0,332.0
1,1763435502.4132168,917.3140077590942,270.0,909.0,326.0
1,1763435502.4485857,922.0222859382629,270.0,909.0,323.0
1,1763435502.4942303,929.314389705658,270.0,917.0,324.0
1,1763435502.543592,936.4639430046082,270.0,926.0,324.0
1,1763435502.5789726,941.3238911628723,270.0,925.0,324.0
1,1763435502.6086752,946.0448651313782,270.0,923.0,328.0
1,1763435502.643724,950.8662610054016,270.0,921.0,333.0
1,1763435502.6784759,955.6042938232422,270.0,924.0,336.0
1,1763435502.7083251,960.4672102928162,270.0,938.0,330.0
1,1763435502.7379405,965.2265934944153,270.0,939.0,314.0
1,1763435502.773067,970.1377539634705,270.0,943.0,306.0
1,1763435502.8036163,974.8763589859009,270.0,952.0,307.0
1,1763435502.8387465,979.6786932945251,270.0,957.0,308.0
1,1763435502.8682458,984.4109683036804,270.0,965.0,313.0
1,1763435502.9029875,989.2775683403015,270.0,980.0,315.0
1,1763435502.9397247,996.4613466262817,270.0,969.0,318.0
1,1763435502.9684236,998.8261966705322,270.0,970.0,310.0
1,1763435503.0059986,1006.0424475669861,270.0,974.0,313.0
1,1763435503.0533686,1013.2757573127747,270.0,972.0,309.0
1,1763435503.1006746,1020.5953269004822,270.0,968.0,307.0
1,1763435503.1231399,1022.9269890785217,270.0,975.0,302.0
1,1763435503.1528676,1027.6882677078247,270.0,985.0,305.0
1,1763435503.1806777,1032.4507265090942,270.0,988.0,300.0
1,1763435503.2178578,1037.253168106079,270.0,997.0,296.0
1,1763435503.245021,1042.1093969345093,270.0,1005.0,293.0
1,1763435503.2785733,1046.9440250396729,270.0,1007.0,296.0
1,1763435503.3132493,1051.7010478973389,270.0,1010.0,302.0
1,1763435503.3529572,1058.9218764305115,270.0,1005.0,304.0
1,1763435503.3939195,1063.6053352355957,270.0,1005.0,302.0
1,1763435503.4197326,1068.449047088623,270.0,1001.0,292.0
1,1763435503.455471,1073.3952550888062,270.0,1016.0,282.0
1,1763435503.4880867,1078.0998854637146,270.0,1022.0,296.0
1,1763435503.52314,1082.9059391021729,270.0,1018.0,309.0
1,1763435503.558108,1087.6144318580627,270.0,1017.0,306.0
1,1763435503.588309,1092.415442943573,270.0,1018.0,311.0
1,1763435503.6232548,1097.389295578003,270.0,1025.0,311.0
1,1763435503.653714,1102.104118347168,270.0,1033.0,304.0
1,1763435503.6882336,1107.0064454078674,270.0,1027.0,300.0
1,1763435503.724078,1114.127495765686,270.0,1019.0,308.0
1,1763435503.7580974,1118.8853769302368,270.0,1026.0,311.0
1,1763435503.7889142,1123.633888244629,270.0,1020.0,321.0
1,1763435503.8232267,1128.4799604415894,270.0,1017.0,322.0
1,1763435503.853153,1133.2539348602295,270.0,1027.0,325.0
1,1763435503.8845901,1138.1976037025452,270.0,1039.0,310.0
1,1763435503.9131649,1142.9530172348022,270.0,1041.0,305.0
1,1763435503.9479349,1147.7181940078735,270.0,1036.0,318.0
1,1763435503.9801326,1152.5298981666565,270.0,1022.0,332.0
1,1763435504.013345,1157.3293714523315,270.0,1034.0,336.0
1,1763435504.0481234,1162.1224431991577,270.0,1039.0,330.0
1,1763435504.087857,1166.8636589050293,270.0,1036.0,334.0
1,1763435504.1330252,1174.1929202079773,270.0,1034.0,336.0
1,1763435504.1835988,1181.2974123954773,270.0,1048.0,326.0
1,1763435504.2079675,1186.1262826919556,270.0,1052.0,315.0
1,1763435504.2437453,1190.8787994384766,270.0,1055.0,315.0
1,1763435504.2737012,1195.6510572433472,270.0,1061.0,311.0
1,1763435504.3037684,1200.4417686462402,270.0,1059.0,312.0
1,1763435504.3329437,1205.4076104164124,270.0,1063.0,322.0
1,1763435504.3686178,1210.1100234985352,270.0,1068.0,329.0
1,1763435504.39848,1214.9361758232117,270.0,1116.0,341.0
1,1763435504.4282944,1219.6239261627197,270.0,1122.0,350.0
1,1763435504.4611146,1224.5207815170288,270.0,1127.0,361.0
1,1763435504.499013,1229.2731909751892,270.0,1140.0,353.0
1,1763435504.5337698,1234.1371088027954,270.0,1139.0,348.0
1,1763435504.5639408,1238.8285784721375,270.0,1143.0,364.0
1,1763435504.597861,1243.642535686493,270.0,1155.0,376.0
1,1763435504.628059,1248.473837852478,270.0,1171.0,374.0
1,1763435504.658697,1253.2504587173462,270.0,1140.0,389.0
1,1763435504.693038,1258.013132095337,270.0,1133.0,382.0
1,1763435504.723709,1262.8039507865906,270.0,1137.0,360.0
1,1763435504.759093,1267.6599292755127,270.0,1146.0,352.0
1,1763435504.788692,1272.5936918258667,270.0,1147.0,370.0
1,1763435504.8185856,1277.2939591407776,270.0,1144.0,369.0
1,1763435504.853674,1282.0211915969849,270.0,1144.0,373.0
1,1763435504.8833103,1286.9186191558838,270.0,1162.0,380.0
1,1763435504.9133317,1291.7234926223755,270.0,1201.0,381.0
1,1763435504.9486368,1296.4311628341675,270.0,1194.0,384.0
1,1763435504.9787807,1301.2387900352478,270.0,1195.0,401.0
1,1763435505.013927,1306.1359314918518,270.0,1210.0,395.0
1,1763435505.0535119,1313.3146314620972,270.0,1214.0,397.0
1,1763435505.0854945,1318.008533000946,270.0,1215.0,405.0
1,1763435505.1279407,1322.897484779358,270.0,1221.0,415.0
1,1763435505.1733112,1330.000868320465,270.0,1216.0,411.0
1,1763435505.2237258,1337.3328833580017,270.0,1218.0,421.0
1,1763435505.2554991,1342.1522407531738,270.0,1205.0,435.0
1,1763435505.2990386,1349.2021231651306,270.0,1207.0,428.0
1,1763435505.3329675,1354.064395904541,270.0,1210.0,422.0
1,1763435505.3738282,1361.3130836486816,270.0,1216.0,406.0
1,1763435505.4229808,1368.4775857925415,270.0,1227.0,397.0
1,1763435505.4533358,1373.3467965126038,270.0,1253.0,401.0
1,1763435505.4943225,1378.0827193260193,270.0,1291.0,421.0
1,1763435505.5215242,1382.930830001831,270.0,1282.0,429.0
1,1763435505.5537496,1387.6766948699951,270.0,1284.0,402.0
1,1763435505.5886931,1392.5422220230103,270.0,1284.0,415.0
1,1763435505.6231377,1397.31734085083,270.0,1296.0,433.0
1,1763435505.6537652,1402.2225646972656,270.0,1309.0,407.0
1,1763435505.6880486,1406.8713693618774,270.0,1308.0,410.0
1,1763435505.7181203,1411.6047172546387,270.0,1310.0,404.0
1,1763435505.7482064,1416.5337591171265,270.0,1322.0,420.0
1,1763435505.7838178,1421.2739734649658,270.0,1284.0,438.0
1,1763435505.8235514,1428.514006614685,270.0,1277.0,437.0
1,1763435505.8536308,1433.2204608917236,270.0,1279.0,425.0
1,1763435505.8845444,1438.1596593856812,270.0,1293.0,428.0
1,1763435505.92285,1442.8213744163513,270.0,1307.0,428.0
1,1763435505.9487817,1447.6935892105103,270.0,1324.0,438.0
1,1763435505.983541,1452.4235754013062,270.0,1328.0,442.0
1,1763435506.0187538,1457.2818784713745,270.0,1332.0,427.0
1,1763435506.0535872,1462.1520547866821,270.0,1329.0,412.0
1,1763435506.0836496,1466.860297203064,270.0,1337.0,431.0
1,1763435506.1264105,1474.2664127349854,270.0,1341.0,438.0
1,1763435506.1556559,1478.8373975753784,270.0,1388.0,440.0
1,1763435506.183455,1481.3132195472717,270.0,1411.0,436.0
1,1763435506.2287247,1488.4510068893433,270.0,1427.0,424.0
1,1763435506.273158,1495.6099300384521,270.0,1439.0,426.0
1,1763435506.3083382,1500.433865070343,270.0,1468.0,432.0
1,1763435506.343167,1505.2496819496155,270.0,1481.0,410.0
1,1763435506.3731277,1510.0738315582275,270.0,1480.0,406.0
1,1763435506.4038563,1514.8764519691467,270.0,1485.0,418.0
1,1763435506.4338417,1519.7121529579163,270.0,1455.0,414.0
1,1763435506.4686959,1524.4258670806885,270.0,1451.0,386.0
1,1763435506.5036945,1529.2483716011047,270.0,1450.0,346.0
1,1763435506.5337887,1534.0791373252869,270.0,1450.0,358.0
1,1763435506.563768,1538.8455657958984,270.0,1455.0,383.0
1,1763435506.598133,1543.6943559646606,270.0,1452.0,407.0
1,1763435506.6287332,1548.4269528388977,270.0,1451.0,416.0
1,1763435506.6631978,1553.3915071487427,270.0,1482.0,409.0
1,1763435506.7028415,1560.4966788291931,270.0,1512.0,412.0
1,1763435506.7280402,1562.842324256897,270.0,1518.0,419.0
1,1763435506.757937,1567.7258758544922,270.0,1516.0,422.0
1,1763435506.7928295,1574.9027161598206,270.0,1515.0,434.0
1,1763435506.8234973,1577.3568658828735,270.0,1516.0,444.0
1,1763435506.8535993,1582.131841659546,270.0,1526.0,423.0
1,1763435506.8886323,1586.8608264923096,270.0,1533.0,414.0
1,1763435506.9244287,1594.0260081291199,270.0,1541.0,402.0
1,1763435506.9585814,1598.9290146827698,270.0,1541.0,411.0
1,1763435506.9932783,1603.6834268569946,270.0,1554.0,411.0
1,1763435507.0237565,1608.408763885498,270.0,1552.0,416.0
1,1763435507.055136,1613.3152751922607,270.0,1556.0,421.0
1,1763435507.0937314,1618.0258421897888,270.0,1548.0,414.0
1,1763435507.123093,1622.9138641357422,270.0,1538.0,402.0
1,1763435507.1586266,1627.6120929718018,270.0,1547.0,384.0
1,1763435507.1957622,1634.8452596664429,270.0,1548.0,370.0
1,1763435507.2288456,1639.7990851402283,270.0,1573.0,353.0
1,1763435507.2571456,1642.0841841697693,270.0,1571.0,368.0
1,1763435507.2934492,1649.3137030601501,270.0,1586.0,376.0
1,1763435507.3336473,1654.1268377304077,270.0,1582.0,360.0
1,1763435507.3758087,1661.2855820655823,270.0,1604.0,340.0
1,1763435507.407845,1666.0551934242249,270.0,1610.0,352.0
1,1763435507.4383645,1670.9216504096985,270.0,1655.0,366.0
1,1763435507.4698148,1675.7830648422241,270.0,1657.0,366.0
1,1763435507.5036361,1680.5224208831787,270.0,1661.0,359.0
1,1763435507.5533512,1687.7359895706177,270.0,1664.0,368.0
1,1763435507.5969253,1694.8853998184204,270.0,1666.0,368.0
1,1763435507.6236942,1697.2561149597168,270.0,1653.0,379.0
1,1763435507.648846,1702.0179300308228,270.0,1655.0,380.0
1,1763435507.6831563,1706.9026618003845,270.0,1648.0,378.0
1,1763435507.7283437,1714.0386967658997,270.0,1647.0,379.0
1,1763435507.7741091,1721.3353066444397,270.0,1652.0,383.0
1,1763435507.7979746,1723.7486152648926,270.0,1652.0,374.0
2,1763435507.8278606,1726.1918931007385,270.0,1644.0,379.0
2,1763435507.8579595,1726.1918931007385,270.0,1647.0,375.0
2,1763435507.9034066,1726.1918931007385,270.0,1645.0,376.0
2,1763435507.9435132,1726.1918931007385,270.0,1640.0,372.0
2,1763435507.9637556,1726.1918931007385,270.0,1644.0,358.0
2,1763435507.993749,1726.1918931007385,270.0,1646.0,363.0
2,1763435508.028945,1726.1918931007385,270.0,1646.0,367.0
2,1763435508.058389,1726.1918931007385,270.0,1646.0,374.0
2,1763435508.0988328,1726.1918931007385,270.0,1644.0,402.0
2,1763435508.1286075,1726.1918931007385,270.0,1649.0,410.0
2,1763435508.1733387,1726.1918931007385,270.0,1654.0,406.0
2,1763435508.213373,1726.1918931007385,270.0,1653.0,391.0
2,1763435508.2339005,1726.1918931007385,270.0,1663.0,366.0
2,1763435508.2688344,1726.1918931007385,270.0,1662.0,373.0
2,1763435508.2983327,1726.1918931007385,270.0,1673.0,362.0
2,1763435508.3330586,180.48697996139526,363.0,1561.0,439.0
2,1763435508.3778217,187.60187911987305,363.0,1337.0,260.0
2,1763435508.413515,192.4286036491394,363.0,1696.0,388.0
2,1763435508.4538028,199.6273307800293,363.0,1830.0,1585.0
2,1763435508.4981418,206.88882160186768,363.0,2076.0,512.0
2,1763435508.5304704,211.61237049102783,363.0,408.0,558.0
2,1763435508.5635993,216.49481344223022,363.0,377.0,424.0
2,1763435508.5943947,221.35243701934814,363.0,238.0,393.0
2,1763435508.630161,226.14532995224,363.0,242.0,408.0
2,1763435508.6630976,230.92574167251587,363.0,281.0,448.0
2,1763435508.6984203,235.71015882492065,363.0,728.0,878.0
2,1763435508.7284875,240.52286434173584,363.0,251.0,437.0
2,1763435508.7578073,245.2163724899292,363.0,253.0,360.0
2,1763435508.7933404,250.02922105789185,363.0,268.0,363.0
2,1763435508.8230336,254.85909271240234,363.0,239.0,376.0
2,1763435508.8581583,259.76424503326416,363.0,256.0,384.0
2,1763435508.8929508,264.53475046157837,363.0,258.0,369.0
2,1763435508.9240487,269.2562966346741,363.0,270.0,365.0
2,1763435508.9638162,276.53620529174805,363.0,274.0,355.0
2,1763435508.988316,278.814688205719,363.0,286.0,353.0
2,1763435509.0184374,283.66526651382446,363.0,291.0,351.0
2,1763435509.0528843,288.44546365737915,363.0,300.0,353.0
2,1763435509.0828457,293.31206369400024,363.0,305.0,352.0
2,1763435509.1191854,298.0300693511963,363.0,310.0,352.0
2,1763435509.1560822,305.22182273864746,363.0,311.0,359.0
2,1763435509.183221,310.1441054344177,363.0,322.0,357.0
2,1763435509.2288508,314.87877655029297,363.0,356.0,378.0
2,1763435509.2780004,322.0246105194092,363.0,364.0,387.0
2,1763435509.308667,326.83928298950195,363.0,359.0,391.0
2,1763435509.3385954,331.61236333847046,363.0,362.0,393.0
2,1763435509.3688312,336.44781398773193,363.0,369.0,392.0
2,1763435509.4087136,343.96797704696655,363.0,374.0,384.0
2,1763435509.4384143,346.0097818374634,363.0,380.0,382.0
2,1763435509.4748003,353.2079367637634,363.0,387.0,386.0
2,1763435509.5108364,358.00837564468384,363.0,408.0,408.0
2,1763435509.555218,365.28710412979126,363.0,430.0,405.0
2,1763435509.5933514,370.1181917190552,363.0,420.0,397.0
2,1763435509.6231658,374.93082571029663,363.0,419.0,397.0
2,1763435509.6585405,379.7561197280884,363.0,431.0,396.0
2,1763435509.6884608,384.41372203826904,363.0,431.0,391.0
2,1763435509.7180364,389.2134099006653,363.0,426.0,399.0
2,1763435509.763324,396.5443878173828,363.0,425.0,397.0
2,1763435509.8102639,403.7382869720459,363.0,430.0,398.0
2,1763435509.8482742,408.5142283439636,363.0,441.0,399.0
2,1763435509.8737202,413.2235794067383,363.0,458.0,385.0
2,1763435509.9138334,418.03249406814575,363.0,453.0,373.0
2,1763435509.9437215,422.9047803878784,363.0,452.0,359.0
2,1763435509.9728484,427.7340440750122,363.0,451.0,361.0
2,1763435510.0078034,432.53773736953735,363.0,459.0,377.0
2,1763435510.0436695,437.3218684196472,363.0,463.0,392.0
2,1763435510.0731745,442.1674757003784,363.0,479.0,389.0
2,1763435510.1154451,449.30662202835083,363.0,486.0,382.0
2,1763435510.1481092,454.0517358779907,363.0,485.0,398.0
2,1763435510.1733902,456.550124168396,363.0,500.0,400.0
2,1763435510.2105453,463.7306480407715,363.0,502.0,391.0
2,1763435510.23834,466.1358027458191,363.0,493.0,383.0
2,1763435510.276685,473.35648822784424,363.0,489.0,376.0
2,1763435510.3085396,478.0872611999512,363.0,491.0,374.0
2,1763435510.3429837,482.92063760757446,363.0,493.0,377.0
2,1763435510.3778584,487.67687368392944,363.0,508.0,384.0
2,1763435510.4134684,492.50449228286743,363.0,514.0,392.0
2,1763435510.4437153,497.2640542984009,363.0,513.0,404.0
2,1763435510.4736636,502.11309480667114,363.0,510.0,403.0
2,1763435510.5092654,506.8217306137085,363.0,518.0,396.0
2,1763435510.5469556,514.0652327537537,363.0,524.0,383.0
2,1763435510.5878315,518.9693479537964,363.0,535.0,389.0
2,1763435510.6382706,526.0959415435791,363.0,536.0,392.0
2,1763435510.6828194,533.2990674972534,363.0,539.0,393.0
2,1763435510.7131739,538.084056854248,363.0,538.0,398.0
2,1763435510.7438195,542.8881435394287,363.0,544.0,401.0
2,1763435510.7741392,547.7302103042603,363.0,531.0,412.0
2,1763435510.8082705,552.4909167289734,363.0,533.0,406.0
2,1763435510.851505,559.7408919334412,363.0,536.0,383.0
2,1763435510.8935823,564.3998889923096,363.0,537.0,379.0
2,1763435510.923711,569.3020730018616,363.0,519.0,375.0
2,1763435510.953439,574.0771918296814,363.0,516.0,379.0
2,1763435510.9885814,578.86590051651,363.0,532.0,385.0
2,1763435511.0229936,586.109974861145,363.0,551.0,389.0
2,1763435511.0610483,590.7999067306519,363.0,584.0,382.0
2,1763435511.0937564,595.682957649231,363.0,598.0,391.0
2,1763435511.1286871,600.4848985671997,363.0,610.0,396.0
2,1763435511.158468,605.2072672843933,363.0,621.0,393.0
2,1763435511.1938539,610.0649981498718,363.0,625.0,382.0
2,1763435511.2289038,614.8716597557068,363.0,624.0,383.0
2,1763435511.2591307,619.7343974113464,363.0,636.0,387.0
2,1763435511.2934034,624.5387344360352,363.0,650.0,385.0
2,1763435511.3238866,629.334023475647,363.0,658.0,389.0
2,1763435511.352893,634.1357855796814,363.0,649.0,390.0
2,1763435511.38863,638.8446002006531,363.0,642.0,399.0
2,1763435511.4185133,643.6427502632141,363.0,634.0,392.0
2,1763435511.4536788,648.4624652862549,363.0,627.0,389.0
2,1763435511.4835885,653.3749489784241,363.0,628.0,382.0
2,1763435511.5249593,660.5000047683716,363.0,638.0,382.0
2,1763435511.5543869,665.3544454574585,363.0,648.0,374.0
2,1763435511.5885737,670.1246290206909,363.0,638.0,394.0
2,1763435511.6345534,677.3616938591003,363.0,649.0,410.0
2,1763435511.68526,684.683087348938,363.0,652.0,398.0
2,1763435511.7170186,689.412787437439,363.0,647.0,390.0
2,1763435511.7534118,694.0972833633423,363.0,650.0,395.0
2,1763435511.7938788,701.2483744621277,363.0,662.0,402.0
2,1763435511.8336482,706.0706286430359,363.0,666.0,418.0
2,1763435511.8530374,708.5073261260986,363.0,671.0,426.0
2,1763435511.8940697,715.665069103241,363.0,675.0,425.0
2,1763435511.918645,718.1008009910583,363.0,675.0,421.0
2,1763435511.9578469,725.3289966583252,363.0,683.0,406.0
2,1763435511.985896,730.0313382148743,363.0,706.0,403.0
2,1763435512.0229676,734.879734992981,363.0,709.0,400.0
2,1763435512.0587897,739.6939783096313,363.0,714.0,398.0
2,1763435512.0880063,744.5554285049438,363.0,718.0,393.0
2,1763435512.116899,749.280837059021,363.0,715.0,385.0
2,1763435512.153487,754.1113882064819,363.0,721.0,390.0
2,1763435512.1888947,758.9042453765869,363.0,727.0,396.0
2,1763435512.2291389,766.056230545044,363.0,734.0,402.0
2,1763435512.253115,768.5358076095581,363.0,743.0,397.0
2,1763435512.2899754,775.6900458335876,363.0,731.0,391.0
2,1763435512.3228192,780.4126291275024,363.0,757.0,387.0
2,1763435512.3539171,785.397997379303,363.0,757.0,390.0
2,1763435512.3857443,790.0363593101501,363.0,753.0,390.0
2,1763435512.4190776,794.8920516967773,363.0,745.0,389.0
2,1763435512.4523382,799.7169523239136,363.0,750.0,381.0
2,1763435512.4886935,804.4318823814392,363.0,762.0,387.0
2,1763435512.5232906,809.3623189926147,363.0,791.0,388.0
2,1763435512.554241,814.1385107040405,363.0,802.0,390.0
2,1763435512.5885527,818.9966349601746,363.0,802.0,391.0
2,1763435512.6233974,826.17054271698,363.0,801.0,392.0
2,1763435512.654094,828.4737019538879,363.0,805.0,386.0
2,1763435512.6970289,835.6884508132935,363.0,803.0,371.0
2,1763435512.7329323,840.4650716781616,363.0,808.0,359.0
2,1763435512.7724092,847.647741317749,363.0,806.0,360.0
2,1763435512.813699,852.4931697845459,363.0,787.0,368.0
2,1763435512.8529012,859.7426085472107,363.0,781.0,372.0
2,1763435512.8790376,862.1793417930603,363.0,795.0,373.0
2,1763435512.9142058,869.2836194038391,363.0,805.0,378.0
2,1763435512.9432688,874.1512565612793,363.0,818.0,377.0
2,1763435512.9784267,878.9305238723755,363.0,823.0,369.0
2,1763435513.0129733,883.7570695877075,363.0,855.0,381.0
2,1763435513.043316,888.4480028152466,363.0,828.0,385.0
2,1763435513.0757666,893.3913140296936,363.0,831.0,389.0
2,1763435513.109199,898.0111508369446,363.0,849.0,405.0
2,1763435513.1380913,902.8167395591736,363.0,850.0,404.0
2,1763435513.1706674,907.7356963157654,363.0,855.0,400.0
2,1763435513.2039459,912.4469428062439,363.0,864.0,393.0
2,1763435513.2379124,917.2014980316162,363.0,868.0,385.0
2,1763435513.2669213,922.0602660179138,363.0,867.0,376.0
2,1763435513.3126,926.9301562309265,363.0,860.0,377.0
2,1763435513.3583696,934.0539245605469,363.0,884.0,380.0
2,1763435513.3888235,938.9629034996033,363.0,900.0,372.0
2,1763435513.418796,943.799355506897,363.0,909.0,371.0
2,1763435513.4468884,948.521867275238,363.0,922.0,381.0
2,1763435513.4831202,953.361967086792,363.0,922.0,384.0
2,1763435513.5190704,958.1551461219788,363.0,932.0,385.0
2,1763435513.5563529,965.2364282608032,363.0,941.0,392.0
2,1763435513.5886075,970.0251727104187,363.0,941.0,391.0
2,1763435513.618276,974.9318985939026,363.0,942.0,390.0
2,1763435513.6539352,979.6229391098022,363.0,949.0,391.0
2,1763435513.68873,984.4263820648193,363.0,956.0,384.0
2,1763435513.7178469,989.3336443901062,363.0,956.0,386.0
2,1763435513.7578273,994.0713195800781,363.0,960.0,392.0
2,1763435513.7957718,1001.2470870018005,363.0,968.0,400.0
2,1763435513.8313727,1006.0428409576416,363.0,981.0,392.0
2,1763435513.8628979,1010.8987836837769,363.0,971.0,390.0
2,1763435513.9134774,1018.0273084640503,363.0,964.0,391.0
2,1763435513.948005,1022.8787808418274,363.0,969.0,385.0
2,1763435513.9882739,1030.1327257156372,363.0,972.0,383.0
2,1763435514.0283306,1034.9716811180115,363.0,970.0,390.0
2,1763435514.0537646,1039.6758465766907,363.0,982.0,399.0
2,1763435514.088372,1044.5517807006836,363.0,997.0,383.0
2,1763435514.122945,1049.2249755859375,363.0,1008.0,372.0
2,1763435514.1536787,1054.0456919670105,363.0,1002.0,375.0
2,1763435514.1886873,1058.8256030082703,363.0,993.0,382.0
2,1763435514.222847,1066.0879878997803,363.0,990.0,396.0
2,1763435514.2581432,1070.9192185401917,363.0,1003.0,379.0
2,1763435514.2837632,1073.3870296478271,363.0,1005.0,375.0
2,1763435514.3180678,1078.1118659973145,363.0,998.0,368.0
2,1763435514.3487291,1082.8618793487549,363.0,1000.0,375.0
2,1763435514.3857903,1090.0654344558716,363.0,1006.0,380.0
2,1763435514.4134383,1092.5387530326843,363.0,1008.0,373.0
2,1763435514.443769,1097.3742036819458,363.0,1008.0,368.0
2,1763435514.4782171,1102.103045463562,363.0,1010.0,368.0
2,1763435514.5083191,1106.8219451904297,363.0,1000.0,377.0
2,1763435514.545742,1114.0342264175415,363.0,1006.0,380.0
2,1763435514.5808642,1118.9242510795593,363.0,1019.0,373.0
2,1763435514.6132052,1123.6209421157837,363.0,1038.0,382.0
2,1763435514.6429737,1128.5910754203796,363.0,1040.0,378.0
2,1763435514.675379,1133.2018284797668,363.0,1043.0,370.0
2,1763435514.7081165,1138.2078676223755,363.0,1050.0,378.0
2,1763435514.7478278,1142.9550199508667,363.0,1057.0,397.0
2,1763435514.7870789,1150.0528960227966,363.0,1084.0,384.0
2,1763435514.8291645,1154.8363118171692,363.0,1091.0,374.0
2,1763435514.853582,1159.7136406898499,363.0,1089.0,361.0
2,1763435514.888083,1164.5684390068054,363.0,1092.0,366.0
2,1763435514.9383233,1172.135594367981,363.0,1106.0,365.0
2,1763435514.9798717,1178.8745551109314,363.0,1118.0,365.0
2,1763435515.019133,1183.6854367256165,363.0,1132.0,372.0
2,1763435515.0482094,1188.4019045829773,363.0,1151.0,369.0
2,1763435515.0830274,1193.217649936676,363.0,1145.0,372.0
2,1763435515.1137094,1198.094120502472,363.0,1145.0,368.0
2,1763435515.142966,1202.9057173728943,363.0,1122.0,374.0
2,1763435515.1795554,1207.7818660736084,363.0,1133.0,372.0
2,1763435515.2130227,1212.4727277755737,363.0,1124.0,383.0
2,1763435515.2435336,1217.3950462341309,363.0,1119.0,379.0
2,1763435515.2778926,1222.0926671028137,363.0,1123.0,382.0
2,1763435515.3081157,1226.8062381744385,363.0,1129.0,377.0
2,1763435515.3428283,1234.085181236267,363.0,1133.0,380.0
2,1763435515.382165,1238.8283996582031,363.0,1130.0,383.0
2,1763435515.4135976,1243.7992839813232,363.0,1165.0,386.0
2,1763435515.4467716,1248.4587817192078,363.0,1170.0,379.0
2,1763435515.4781961,1253.2323985099792,363.0,1173.0,375.0
2,1763435515.5132096,1258.1921606063843,363.0,1161.0,381.0
2,1763435515.5432692,1262.8700404167175,363.0,1153.0,399.0
2,1763435515.5784452,1267.7905707359314,363.0,1152.0,401.0
2,1763435515.6087012,1272.5294260978699,363.0,1153.0,411.0
2,1763435515.6531777,1279.6358137130737,363.0,1143.0,411.0
2,1763435515.6928573,1284.4003825187683,363.0,1143.0,413.0
2,1763435515.723865,1289.2597942352295,363.0,1159.0,423.0
2,1763435515.764601,1296.459951877594,363.0,1170.0,424.0
2,1763435515.7990243,1301.3075618743896,363.0,1169.0,435.0
2,1763435515.8290768,1306.0513882637024,363.0,1167.0,429.0
2,1763435515.8637154,1310.9034328460693,363.0,1187.0,411.0
2,1763435515.8931932,1315.6002669334412,363.0,1203.0,400.0
2,1763435515.923425,1320.4612164497375,363.0,1203.0,410.0
2,1763435515.9581783,1325.2665905952454,363.0,1198.0,418.0
2,1763435515.988886,1330.1465301513672,363.0,1190.0,425.0
2,1763435516.0285602,1334.8565249443054,363.0,1190.0,433.0
2,1763435516.0738823,1342.0119433403015,363.0,1193.0,430.0
2,1763435516.1184735,1349.2735056877136,363.0,1203.0,414.0
2,1763435516.1539824,1354.1111378669739,363.0,1208.0,399.0
2,1763435516.1886,1358.842912197113,363.0,1224.0,425.0
2,1763435516.2179508,1363.6342673301697,363.0,1215.0,455.0
2,1763435516.247949,1368.4127836227417,363.0,1222.0,450.0
2,1763435516.2839944,1373.2791690826416,363.0,1229.0,438.0
2,1763435516.3136618,1378.128173828125,363.0,1234.0,437.0
2,1763435516.3436775,1382.8097729682922,363.0,1235.0,449.0
2,1763435516.3733943,1387.8348379135132,363.0,1237.0,461.0
2,1763435516.408021,1392.5138263702393,363.0,1242.0,459.0
2,1763435516.4382794,1397.3856835365295,363.0,1255.0,461.0
2,1763435516.4733484,1402.0135312080383,363.0,1278.0,455.0
2,1763435516.5078905,1406.8360357284546,363.0,1292.0,443.0
2,1763435516.538106,1411.7045669555664,363.0,1296.0,433.0
2,1763435516.5735009,1416.5023593902588,363.0,1297.0,444.0
2,1763435516.618582,1423.7301616668701,363.0,1340.0,476.0
2,1763435516.6487708,1428.4920482635498,363.0,1336.0,477.0
2,1763435516.6780593,1433.2369475364685,363.0,1335.0,466.0
2,1763435516.7081897,1438.17746925354,363.0,1331.0,458.0
2,1763435516.7388248,1442.801025390625,363.0,1338.0,461.0
2,1763435516.777912,1447.6715950965881,363.0,1337.0,482.0
2,1763435516.8088508,1452.4495749473572,363.0,1329.0,492.0
2,1763435516.8398767,1457.380190372467,363.0,1327.0,487.0
2,1763435516.87829,1462.0768098831177,363.0,1353.0,466.0
2,1763435516.9084518,1466.8871908187866,363.0,1353.0,480.0
2,1763435516.948453,1474.060562133789,363.0,1369.0,483.0
2,1763435516.9784136,1478.920581817627,363.0,1402.0,464.0
2,1763435517.0168223,1483.668556690216,363.0,1425.0,445.0
2,1763435517.0482123,1488.551142692566,363.0,1423.0,454.0
2,1763435517.0829647,1493.3151035308838,363.0,1403.0,496.0
2,1763435517.1229675,1500.4911570549011,363.0,1420.0,493.0
2,1763435517.1637993,1505.2656679153442,363.0,1424.0,497.0
2,1763435517.2034664,1512.484350681305,363.0,1418.0,508.0
2,1763435517.2336636,1517.2529249191284,363.0,1424.0,510.0
2,1763435517.263089,1522.1242814064026,363.0,1436.0,515.0
2,1763435517.2989092,1526.8876700401306,363.0,1438.0,523.0
2,1763435517.3297958,1531.6165833473206,363.0,1447.0,513.0
2,1763435517.357912,1534.0981631278992,363.0,1449.0,496.0
2,1763435517.3880868,1538.8652710914612,363.0,1458.0,475.0
2,1763435517.4278631,1546.1820511817932,363.0,1459.0,444.0
2,1763435517.4593174,1550.9406476020813,363.0,1452.0,429.0
2,1763435517.491144,1555.6490330696106,363.0,1435.0,459.0
2,1763435517.528798,1560.4581623077393,363.0,1430.0,492.0
2,1763435517.5580106,1565.317395210266,363.0,1425.0,519.0
2,1763435517.592799,1570.0912265777588,363.0,1445.0,525.0
2,1763435517.623366,1574.836268901825,363.0,1463.0,505.0
2,1763435517.667504,1582.0103197097778,363.0,1474.0,500.0
2,1763435517.6991928,1586.8342189788818,363.0,1480.0,509.0
2,1763435517.7308865,1591.619351387024,363.0,1490.0,522.0
2,1763435517.7585304,1594.0993576049805,363.0,1514.0,544.0
2,1763435517.788576,1598.8402872085571,363.0,1521.0,534.0
2,1763435517.8280067,1606.1429052352905,363.0,1524.0,520.0
2,1763435517.859054,1610.8648805618286,363.0,1527.0,529.0
2,1763435517.893095,1615.7627730369568,363.0,1545.0,528.0
2,1763435517.9228435,1620.411470413208,363.0,1551.0,538.0
2,1763435517.9553063,1625.2801089286804,363.0,1564.0,547.0
2,1763435517.9891875,1630.190089225769,363.0,1586.0,547.0
2,1763435518.0286946,1634.8989753723145,363.0,1594.0,550.0
2,1763435518.0582426,1639.7233395576477,363.0,1566.0,555.0
2,1763435518.0940282,1644.528856754303,363.0,1561.0,552.0
2,1763435518.1339188,1651.6918926239014,363.0,1579.0,538.0
2,1763435518.1633873,1656.4007787704468,363.0,1587.0,522.0
2,1763435518.199909,1661.343231678009,363.0,1592.0,549.0
2,1763435518.2380772,1666.130795955658,363.0,1596.0,546.0
2,1763435518.278,1673.2436208724976,363.0,1648.0,518.0
2,1763435518.3179753,1678.1863598823547,363.0,1682.0,511.0
2,1763435518.3489244,1682.950499534607,363.0,1680.0,534.0
2,1763435518.378362,1687.7216486930847,363.0,1673.0,529.0
2,1763435518.40868,1692.4815683364868,363.0,1664.0,534.0
2,1763435518.4536755,1700.0775127410889,363.0,1659.0,532.0
2,1763435518.503492,1706.9237976074219,363.0,1656.0,546.0
2,1763435518.5537274,1714.1439108848572,363.0,1672.0,552.0
2,1763435518.5974202,1721.2089924812317,363.0,1675.0,531.0
2,1763435518.617966,1723.7490801811218,363.0,1671.0,532.0
3,1763435518.6580496,1726.1351733207703,363.0,1667.0,516.0
3,1763435518.6881623,1726.1351733207703,363.0,1651.0,514.0
3,1763435518.7181582,1726.1351733207703,363.0,1651.0,539.0
3,1763435518.7536168,1726.1351733207703,363.0,1664.0,538.0
3,1763435518.7832446,1726.1351733207703,363.0,1658.0,521.0
3,1763435518.8228033,1726.1351733207703,363.0,1650.0,530.0
3,1763435518.8481834,1726.1351733207703,363.0,1657.0,541.0
3,1763435518.883562,1726.1351733207703,363.0,1644.0,520.0
3,1763435518.9235833,1726.1351733207703,363.0,1648.0,521.0
3,1763435518.9487424,1726.1351733207703,363.0,1657.0,526.0
3,1763435518.9887266,1726.1351733207703,363.0,1668.0,530.0
3,1763435519.0185401,1726.1351733207703,363.0,1661.0,538.0
3,1763435519.0531695,1726.1351733207703,363.0,1666.0,541.0
3,1763435519.0887427,1726.1351733207703,363.0,1674.0,541.0
3,1763435519.1237454,1726.1351733207703,363.0,1611.0,573.0
3,1763435519.1482813,180.50818729400635,456.0,1655.0,849.0
3,1763435519.1880085,187.6394658088684,456.0,2284.0,556.0
3,1763435519.2184324,190.0434045791626,456.0,1992.0,877.0
3,1763435519.2585876,197.32878494262695,456.0,492.0,711.0
3,1763435519.3084111,204.42204761505127,456.0,385.0,561.0
3,1763435519.3481495,211.66061449050903,456.0,348.0,473.0
3,1763435519.378485,214.07163429260254,456.0,321.0,470.0
3,1763435519.408835,218.89921712875366,456.0,319.0,469.0
3,1763435519.4436748,223.77490091323853,456.0,311.0,482.0
3,1763435519.4832573,230.9417634010315,456.0,322.0,481.0
3,1763435519.51712,235.60555267333984,456.0,332.0,468.0
3,1763435519.5541499,240.48838901519775,456.0,297.0,489.0
3,1763435519.6028626,247.64656114578247,456.0,277.0,509.0
3,1763435519.6428845,254.85548067092896,456.0,298.0,520.0
3,1763435519.6735156,259.6474437713623,456.0,318.0,526.0
3,1763435519.7131116,264.43107414245605,456.0,328.0,531.0
3,1763435519.7432265,269.3367986679077,456.0,323.0,532.0
3,1763435519.7783132,274.00294828414917,456.0,326.0,525.0
3,1763435519.8149354,281.2046437263489,456.0,329.0,524.0
3,1763435519.8435507,283.79190254211426,456.0,323.0,533.0
3,1763435519.8832064,290.91420459747314,456.0,329.0,528.0
3,1763435519.9086175,295.73080825805664,456.0,346.0,522.0
3,1763435519.9529717,300.50460386276245,456.0,353.0,517.0
3,1763435519.9929292,307.7454237937927,456.0,349.0,514.0
3,1763435520.0179615,310.12558031082153,456.0,338.0,516.0
3,1763435520.056157,317.26347494125366,456.0,340.0,519.0
3,1763435520.0936775,322.0751075744629,456.0,342.0,503.0
3,1763435520.128289,326.9636301994324,456.0,343.0,493.0
3,1763435520.1582406,331.76256704330444,456.0,347.0,484.0
3,1763435520.1941404,336.486545085907,456.0,399.0,488.0
3,1763435520.2288907,343.7717823982239,456.0,394.0,479.0
3,1763435520.267346,348.4033851623535,456.0,388.0,491.0
3,1763435520.3108413,355.60629653930664,456.0,404.0,504.0
3,1763435520.3482213,360.48255252838135,456.0,427.0,498.0
3,1763435520.3935156,367.6250247955322,456.0,433.0,503.0
3,1763435520.4286616,372.45146322250366,456.0,426.0,505.0
3,1763435520.463422,377.32289123535156,456.0,413.0,500.0
3,1763435520.4929268,382.1038393974304,456.0,404.0,486.0
3,1763435520.5354242,389.27957105636597,456.0,401.0,488.0
3,1763435520.573591,394.0930633544922,456.0,402.0,480.0
3,1763435520.5998209,398.95208168029785,456.0,410.0,481.0
3,1763435520.6280122,403.64001083374023,456.0,423.0,489.0
3,1763435520.6683154,408.40987253189087,456.0,431.0,487.0
3,1763435520.7082193,415.6710772514343,456.0,428.0,477.0
3,1763435520.745102,420.58395433425903,456.0,421.0,467.0
3,1763435520.7791386,425.288978099823,456.0,429.0,453.0
3,1763435520.8128936,430.11859941482544,456.0,482.0,461.0
3,1763435520.8438942,434.92951679229736,456.0,491.0,466.0
3,1763435520.8791132,439.63833141326904,456.0,498.0,464.0
3,1763435520.9132607,444.51240587234497,456.0,490.0,478.0
3,1763435520.9434967,449.400249004364,456.0,491.0,487.0
3,1763435520.9791284,454.06414556503296,456.0,495.0,488.0
3,1763435521.016449,461.2373023033142,456.0,502.0,489.0
3,1763435521.0435848,463.7666611671448,456.0,505.0,488.0
3,1763435521.0808337,470.9265856742859,456.0,510.0,479.0
3,1763435521.1134186,475.6109743118286,456.0,508.0,468.0
3,1763435521.1445065,480.4917006492615,456.0,513.0,459.0
3,1763435521.176035,485.3421001434326,456.0,537.0,460.0
3,1763435521.2089217,490.1212601661682,456.0,578.0,467.0
3,1763435521.2525442,494.841983795166,456.0,572.0,465.0
3,1763435521.279234,499.64463996887207,456.0,566.0,441.0
3,1763435521.3131425,504.52955055236816,456.0,578.0,435.0
3,1763435521.3436875,509.3177227973938,456.0,578.0,429.0
3,1763435521.3791234,514.0437035560608,456.0,581.0,441.0
3,1763435521.420713,521.2955384254456,456.0,554.0,468.0
3,1763435521.4582644,526.1162190437317,456.0,535.0,465.0
3,1763435521.5140398,535.7232480049133,456.0,538.0,442.0
3,1763435521.542995,540.4223351478577,456.0,557.0,431.0
3,1763435521.5692744,542.8059606552124,456.0,560.0,438.0
3,1763435521.598253,547.6717739105225,456.0,569.0,456.0
3,1763435521.6337852,552.4871973991394,456.0,563.0,462.0
3,1763435521.6686823,559.7405343055725,456.0,609.0,469.0
3,1763435521.7040842,564.5107893943787,456.0,616.0,452.0
3,1763435521.7374663,569.2826180458069,456.0,621.0,449.0
3,1763435521.7728124,574.0150003433228,456.0,612.0,456.0
3,1763435521.8030019,578.8935809135437,456.0,612.0,460.0
3,1763435521.8385477,583.607008934021,456.0,620.0,465.0
3,1763435521.868131,588.4990005493164,456.0,633.0,460.0
3,1763435521.9035954,593.3058767318726,456.0,640.0,455.0
3,1763435521.937888,598.1287746429443,456.0,645.0,452.0
3,1763435521.9678361,602.8139500617981,456.0,657.0,456.0
3,1763435522.0037692,607.6822667121887,456.0,623.0,459.0
3,1763435522.040249,614.9378566741943,456.0,616.0,451.0
3,1763435522.073315,619.7340397834778,456.0,621.0,435.0
3,1763435522.1047754,624.4048385620117,456.0,622.0,437.0
3,1763435522.135555,629.3137817382812,456.0,620.0,458.0
3,1763435522.170659,634.0139775276184,456.0,621.0,468.0
3,1763435522.2082417,638.9148025512695,456.0,630.0,474.0
3,1763435522.238163,643.7263278961182,456.0,641.0,468.0
3,1763435522.2737634,648.4628586769104,456.0,646.0,458.0
3,1763435522.3087518,655.7509570121765,456.0,652.0,446.0
3,1763435522.3378718,658.0635576248169,456.0,657.0,444.0
3,1763435522.376954,665.3193621635437,456.0,670.0,450.0
3,1763435522.403629,667.661717414856,456.0,670.0,449.0
3,1763435522.4328022,672.5343255996704,456.0,673.0,450.0
3,1763435522.4741256,679.646900177002,456.0,672.0,455.0
3,1763435522.5129564,684.5281987190247,456.0,672.0,461.0
3,1763435522.5582504,691.7304663658142,456.0,677.0,470.0
3,1763435522.6016133,698.8786964416504,456.0,684.0,462.0
3,1763435522.6281228,703.6566047668457,456.0,689.0,455.0
3,1763435522.673318,708.3999662399292,456.0,693.0,452.0
3,1763435522.7081273,715.6572728157043,456.0,702.0,453.0
3,1763435522.738251,718.0474429130554,456.0,701.0,452.0
3,1763435522.7685015,722.8003172874451,456.0,704.0,457.0
3,1763435522.8029883,727.7026443481445,456.0,706.0,446.0
3,1763435522.833546,732.5281529426575,456.0,701.0,441.0
3,1763435522.8690643,739.797833442688,456.0,700.0,441.0
3,1763435522.8987756,742.1795635223389,456.0,707.0,434.0
3,1763435522.936011,749.3504672050476,456.0,722.0,430.0
3,1763435522.9630995,751.7259387969971,456.0,727.0,439.0
3,1763435523.0030217,758.8587908744812,456.0,726.0,455.0
3,1763435523.0278735,763.6192111968994,456.0,728.0,460.0
3,1763435523.0634978,768.4628157615662,456.0,747.0,459.0
3,1763435523.096277,773.2518463134766,456.0,761.0,460.0
3,1763435523.128757,778.0680923461914,456.0,777.0,472.0
3,1763435523.163723,782.847002029419,456.0,791.0,477.0
3,1763435523.1936383,787.7762227058411,456.0,799.0,471.0
3,1763435523.229129,792.422345161438,456.0,794.0,471.0
3,1763435523.2588036,797.3865776062012,456.0,790.0,476.0
3,1763435523.308415,804.4128565788269,456.0,794.0,464.0
3,1763435523.3429446,809.2132239341736,456.0,788.0,460.0
3,1763435523.378412,814.1546039581299,456.0,788.0,458.0
3,1763435523.4087431,818.8494353294373,456.0,778.0,455.0
3,1763435523.4484105,826.022198677063,456.0,773.0,459.0
3,1763435523.4791596,830.8046488761902,456.0,789.0,466.0
3,1763435523.513407,835.6348781585693,456.0,807.0,466.0
3,1763435523.5443387,840.4901413917542,456.0,814.0,465.0
3,1763435523.583983,845.3514127731323,456.0,816.0,465.0
3,1763435523.6286185,852.4760394096375,456.0,802.0,466.0
3,1763435523.6689024,859.7735433578491,456.0,796.0,469.0
3,1763435523.7051735,864.5371823310852,456.0,814.0,470.0
3,1763435523.7361636,869.241204738617,456.0,817.0,469.0
3,1763435523.7628837,871.6503291130066,456.0,812.0,476.0
3,1763435523.7998111,878.8005619049072,456.0,808.0,485.0
3,1763435523.8282025,883.6685566902161,456.0,815.0,487.0
3,1763435523.8643303,888.4884505271912,456.0,820.0,477.0
3,1763435523.8980196,893.3468608856201,456.0,826.0,468.0
3,1763435523.9330528,898.1313495635986,456.0,837.0,469.0
3,1763435523.9636028,902.8142719268799,456.0,843.0,478.0
3,1763435523.9937172,907.7475337982178,456.0,844.0,482.0
3,1763435524.0248497,912.4892501831055,456.0,836.0,485.0
3,1763435524.0640266,917.2967343330383,456.0,835.0,481.0
3,1763435524.0936997,922.1159129142761,456.0,833.0,472.0
3,1763435524.1328156,929.3605237007141,456.0,839.0,475.0
3,1763435524.157895,931.6826014518738,456.0,881.0,485.0
3,1763435524.187139,936.4287524223328,456.0,891.0,473.0
3,1763435524.2155213,941.2954239845276,456.0,891.0,476.0
3,1763435524.253312,946.0481910705566,456.0,893.0,480.0
3,1763435524.2837899,950.8371143341064,456.0,916.0,491.0
3,1763435524.318892,955.6618719100952,456.0,924.0,489.0
3,1763435524.348557,960.4407815933228,456.0,930.0,493.0
3,1763435524.3836846,965.2365713119507,456.0,939.0,482.0
3,1763435524.4139075,970.1106457710266,456.0,937.0,481.0
3,1763435524.4483395,974.818995475769,456.0,926.0,480.0
3,1763435524.4836695,979.6189336776733,456.0,934.0,488.0
3,1763435524.520025,986.8716626167297,456.0,932.0,484.0
3,1763435524.5561972,991.7255311012268,456.0,933.0,479.0
3,1763435524.5934453,996.4941411018372,456.0,941.0,476.0
3,1763435524.6388433,1003.7357478141785,456.0,941.0,479.0
3,1763435524.6652133,1008.5326819419861,456.0,942.0,497.0
3,1763435524.7133138,1015.664532661438,456.0,931.0,498.0
3,1763435524.7603025,1022.8284268379211,456.0,936.0,486.0
3,1763435524.7981095,1027.69402551651,456.0,933.0,482.0
3,1763435524.8243475,1032.4599175453186,456.0,950.0,496.0
3,1763435524.8572097,1037.3563795089722,456.0,955.0,511.0
3,1763435524.888735,1042.0660524368286,456.0,961.0,502.0
3,1763435524.9288063,1046.8591599464417,456.0,964.0,486.0
3,1763435524.9588788,1051.6268401145935,456.0,973.0,479.0
3,1763435524.9882133,1056.5000920295715,456.0,985.0,493.0
3,1763435525.0234632,1061.341658115387,456.0,1007.0,514.0
3,1763435525.0529628,1066.1752490997314,456.0,1004.0,505.0
3,1763435525.083833,1070.8936123847961,456.0,1011.0,498.0
3,1763435525.1209934,1075.647488117218,456.0,1015.0,491.0
3,1763435525.1534934,1080.481186389923,456.0,1021.0,491.0
3,1763435525.1837738,1085.2988629341125,456.0,1029.0,482.0
3,1763435525.2247357,1092.510715007782,456.0,1032.0,479.0
3,1763435525.2564187,1097.2360877990723,456.0,1036.0,475.0
3,1763435525.2882414,1102.025583267212,456.0,1037.0,482.0
3,1763435525.3364162,1109.2082529067993,456.0,1048.0,485.0
3,1763435525.3851068,1116.573706150055,456.0,1056.0,484.0
3,1763435525.4029953,1118.9257888793945,456.0,1056.0,465.0
3,1763435525.438386,1123.72172164917,456.0,1055.0,462.0
3,1763435525.4730444,1128.4980206489563,456.0,1058.0,468.0
3,1763435525.5034764,1133.2898406982422,456.0,1074.0,502.0
3,1763435525.5383642,1138.007631778717,456.0,1084.0,491.0
3,1763435525.56823,1142.8563504219055,456.0,1094.0,485.0
3,1763435525.6045125,1147.6975231170654,456.0,1104.0,483.0
3,1763435525.6395814,1154.8416047096252,456.0,1115.0,488.0
3,1763435525.6686895,1159.7416071891785,456.0,1114.0,494.0
3,1763435525.705283,1164.5294575691223,456.0,1099.0,491.0
3,1763435525.742803,1169.213059425354,456.0,1101.0,493.0
3,1763435525.7853029,1176.4145760536194,456.0,1115.0,491.0
3,1763435525.82818,1183.6651949882507,456.0,1113.0,479.0
3,1763435525.8638856,1188.5514645576477,456.0,1110.0,482.0
3,1763435525.8949962,1193.2158617973328,456.0,1123.0,493.0
3,1763435525.923375,1195.6037788391113,456.0,1129.0,491.0
3,1763435525.9538684,1200.5499868392944,456.0,1140.0,491.0
3,1763435525.9931347,1207.7208905220032,456.0,1150.0,502.0
3,1763435526.0282586,1212.4099283218384,456.0,1166.0,509.0
3,1763435526.0635927,1217.3011689186096,456.0,1175.0,487.0
3,1763435526.0930915,1222.0041899681091,456.0,1194.0,477.0
3,1763435526.1231847,1226.8831996917725,456.0,1182.0,482.0
3,1763435526.1583602,1231.6037802696228,456.0,1175.0,479.0
3,1763435526.20335,1238.934579372406,456.0,1182.0,470.0
3,1763435526.243486,1243.634846687317,456.0,1199.0,478.0
3,1763435526.2729495,1248.5301642417908,456.0,1220.0,495.0
3,1763435526.3030987,1253.3750205039978,456.0,1218.0,484.0
3,1763435526.3386343,1258.07732629776,456.0,1201.0,472.0
3,1763435526.3682659,1262.8602414131165,456.0,1205.0,452.0
3,1763435526.4036388,1267.6105408668518,456.0,1206.0,449.0
3,1763435526.4398944,1274.8932747840881,456.0,1211.0,454.0
3,1763435526.4732366,1279.7331957817078,456.0,1220.0,454.0
3,1763435526.5087774,1284.4022421836853,456.0,1217.0,450.0
3,1763435526.5361545,1289.2629055976868,456.0,1211.0,443.0
3,1763435526.5680726,1294.136658191681,456.0,1210.0,455.0
3,1763435526.6037095,1298.9653854370117,456.0,1216.0,478.0
3,1763435526.648444,1306.0996322631836,456.0,1225.0,477.0
3,1763435526.6883278,1310.960295677185,456.0,1225.0,469.0
3,1763435526.713615,1315.690281867981,456.0,1234.0,460.0
3,1763435526.7487402,1320.445158958435,456.0,1234.0,464.0
3,1763435526.783731,1325.2737789154053,456.0,1242.0,475.0
3,1763435526.8188288,1330.0528674125671,456.0,1259.0,476.0
3,1763435526.8598552,1337.3183994293213,456.0,1272.0,468.0
3,1763435526.9086528,1344.5127992630005,456.0,1277.0,471.0
3,1763435526.9486425,1351.7345576286316,456.0,1283.0,470.0
3,1763435526.9931188,1356.5467267036438,456.0,1295.0,458.0
3,1763435527.0281398,1363.6591582298279,456.0,1303.0,458.0
3,1763435527.065012,1368.550434589386,456.0,1311.0,463.0
3,1763435527.0952442,1373.2369689941406,456.0,1300.0,461.0
3,1763435527.123799,1375.6208806037903,456.0,1296.0,469.0
3,1763435527.1596353,1382.920744895935,456.0,1301.0,474.0
3,1763435527.1887949,1387.75741147995,456.0,1312.0,473.0
3,1763435527.2183373,1390.0012760162354,456.0,1314.0,469.0
3,1763435527.2568538,1397.3068265914917,456.0,1304.0,474.0
3,1763435527.288824,1402.0997910499573,456.0,1298.0,476.0
3,1763435527.3285441,1406.976833820343,456.0,1294.0,481.0
3,1763435527.3581507,1411.7194442749023,456.0,1313.0,471.0
3,1763435527.3842247,1416.468098640442,456.0,1317.0,474.0
3,1763435527.4184597,1421.2461500167847,456.0,1308.0,487.0
3,1763435527.4485278,1426.1189370155334,456.0,1296.0,494.0
3,1763435527.4835124,1430.9130816459656,456.0,1293.0,499.0
3,1763435527.523621,1435.6838374137878,456.0,1295.0,503.0
3,1763435527.5598638,1442.8196578025818,456.0,1297.0,488.0
3,1763435527.5983186,1447.710612297058,456.0,1315.0,498.0
3,1763435527.6281378,1452.4950652122498,456.0,1315.0,519.0
3,1763435527.6636455,1457.2771935462952,456.0,1304.0,525.0
3,1763435527.6983628,1462.0434432029724,456.0,1303.0,512.0
3,1763435527.7280235,1466.8417720794678,456.0,1304.0,514.0
3,1763435527.7637424,1471.7374114990234,456.0,1308.0,517.0
3,1763435527.7999873,1478.9360671043396,456.0,1308.0,522.0
3,1763435527.8329551,1483.7392597198486,456.0,1301.0,516.0
3,1763435527.8642745,1488.4473948478699,456.0,1302.0,516.0
3,1763435527.9028502,1493.2048110961914,456.0,1365.0,526.0
3,1763435527.9378097,1498.0631856918335,456.0,1383.0,523.0
3,1763435527.9781349,1505.2965669631958,456.0,1391.0,527.0
3,1763435528.0179698,1510.1438550949097,456.0,1392.0,522.0
3,1763435528.0578609,1517.3035650253296,456.0,1407.0,524.0
3,1763435528.0887218,1522.0516114234924,456.0,1424.0,532.0
3,1763435528.1233356,1526.915672302246,456.0,1427.0,530.0
3,1763435528.1531968,1531.6219120025635,456.0,1423.0,528.0
3,1763435528.1838362,1536.481752872467,456.0,1420.0,551.0
3,1763435528.2184253,1541.4087204933167,456.0,1419.0,573.0
3,1763435528.2485728,1546.0514812469482,456.0,1421.0,567.0
3,1763435528.2829328,1550.8612899780273,456.0,1418.0,555.0
3,1763435528.3178465,1555.649748325348,456.0,1405.0,558.0
3,1763435528.35317,1560.4573397636414,456.0,1398.0,577.0
3,1763435528.3931098,1567.7056698799133,456.0,1398.0,582.0
3,1763435528.4332898,1572.5019960403442,456.0,1433.0,565.0
3,1763435528.4788969,1579.7654180526733,456.0,1454.0,562.0
3,1763435528.512862,1584.4330339431763,456.0,1436.0,553.0
3,1763435528.5438652,1589.3270282745361,456.0,1425.0,526.0
3,1763435528.5761132,1594.062843799591,456.0,1431.0,537.0
3,1763435528.6236908,1601.3873128890991,456.0,1426.0,546.0
3,1763435528.6582797,1606.0391216278076,456.0,1421.0,553.0
3,1763435528.6884131,1610.9403042793274,456.0,1443.0,549.0
3,1763435528.7236538,1615.6023411750793,456.0,1456.0,553.0
3,1763435528.7529037,1620.4487709999084,456.0,1454.0,570.0
3,1763435528.7828386,1625.3270654678345,456.0,1450.0,587.0
3,1763435528.8189669,1630.1727800369263,456.0,1442.0,600.0
3,1763435528.8482294,1634.8842768669128,456.0,1448.0,588.0
3,1763435528.890371,1642.000678062439,456.0,1486.0,570.0
3,1763435528.919642,1646.9305424690247,456.0,1513.0,582.0
3,1763435528.9482687,1651.678481578827,456.0,1527.0,572.0
3,1763435528.9856136,1656.5262703895569,456.0,1529.0,574.0
3,1763435529.0286462,1663.7351183891296,456.0,1540.0,570.0
3,1763435529.0684202,1668.4683589935303,456.0,1526.0,586.0
3,1763435529.102866,1673.2758073806763,456.0,1536.0,588.0
3,1763435529.133809,1678.0821828842163,456.0,1550.0,589.0
3,1763435529.1679308,1682.9055814743042,456.0,1545.0,585.0
3,1763435529.203654,1687.6495866775513,456.0,1560.0,582.0
3,1763435529.23352,1692.5299196243286,456.0,1552.0,599.0
3,1763435529.2681637,1699.6627359390259,456.0,1547.0,592.0
3,1763435529.2981691,1702.0577340126038,456.0,1550.0,565.0
3,1763435529.3485432,1711.7196588516235,456.0,1547.0,559.0
3,1763435529.3830597,1716.4482502937317,456.0,1525.0,578.0
3,1763435529.4178317,1721.3329463005066,456.0,1549.0,594.0
4,1763435529.4541233,1726.1526970863342,456.0,1563.0,626.0
4,1763435529.4830244,1726.1526970863342,456.0,1558.0,617.0
4,1763435529.5089054,1726.1526970863342,456.0,1535.0,591.0
4,1763435529.5435688,1726.1526970863342,456.0,1531.0,585.0
4,1763435529.573659,1726.1526970863342,456.0,1558.0,583.0
4,1763435529.6035175,1726.1526970863342,456.0,1568.0,587.0
4,1763435529.652826,1726.1526970863342,456.0,1581.0,584.0
4,1763435529.6938303,1726.1526970863342,456.0,1586.0,587.0
4,1763435529.7187681,1726.1526970863342,456.0,1589.0,586.0
4,1763435529.7428167,1726.1526970863342,456.0,1581.0,579.0
4,1763435529.7778018,1726.1526970863342,456.0,1588.0,574.0
4,1763435529.8131893,1726.1526970863342,456.0,1607.0,555.0
4,1763435529.843004,1726.1526970863342,456.0,1630.0,584.0
4,1763435529.8736699,1726.1526970863342,456.0,1478.0,530.0
4,1763435529.9127944,1726.1526970863342,456.0,1931.0,910.0
4,1763435529.943489,1726.1526970863342,456.0,2603.0,462.0
4,1763435529.9780054,182.87185716629028,549.0,2515.0,-116.0
4,1763435530.01326,187.66625213623047,549.0,683.0,851.0
4,1763435530.044797,192.44036960601807,549.0,557.0,686.0
4,1763435530.096018,199.63197994232178,549.0,383.0,524.0
4,1763435530.1450298,206.83871793746948,549.0,361.0,533.0
4,1763435530.1790388,211.67778062820435,549.0,360.0,530.0
4,1763435530.2078564,216.51548433303833,549.0,372.0,547.0
4,1763435530.2383275,221.29979419708252,549.0,381.0,549.0
4,1763435530.2689433,226.04898500442505,549.0,313.0,560.0
4,1763435530.3034613,230.90528535842896,549.0,269.0,548.0
4,1763435530.338655,235.66441822052002,549.0,282.0,534.0
4,1763435530.368133,240.54457235336304,549.0,304.0,537.0
4,1763435530.4028168,245.2452688217163,549.0,304.0,560.0
4,1763435530.4338038,250.07653522491455,549.0,297.0,567.0
4,1763435530.4680893,254.90140008926392,549.0,298.0,564.0
4,1763435530.5130196,262.0684771537781,549.0,319.0,562.0
4,1763435530.5482748,266.86358737945557,549.0,326.0,553.0
4,1763435530.5803149,271.62947940826416,549.0,332.0,549.0
4,1763435530.6181242,278.8896827697754,549.0,327.0,559.0
4,1763435530.6529946,283.64223527908325,549.0,333.0,603.0
4,1763435530.6850715,288.4601979255676,549.0,352.0,616.0
4,1763435530.7184584,293.265429019928,549.0,354.0,624.0
4,1763435530.766244,300.4932312965393,549.0,353.0,618.0
4,1763435530.79349,302.9414801597595,549.0,353.0,618.0
4,1763435530.8328824,310.1560859680176,549.0,364.0,622.0
4,1763435530.8617878,314.8090748786926,549.0,368.0,616.0
4,1763435530.8937187,319.7598247528076,549.0,353.0,606.0
4,1763435530.928613,324.4775085449219,549.0,350.0,612.0
4,1763435530.9628065,329.34010314941406,549.0,378.0,600.0
4,1763435530.9985242,334.1421513557434,549.0,376.0,575.0
4,1763435531.0287862,338.8461380004883,549.0,374.0,556.0
4,1763435531.0636406,343.6261205673218,549.0,386.0,556.0
4,1763435531.0929852,348.46715021133423,549.0,384.0,553.0
4,1763435531.1283524,353.2089023590088,549.0,393.0,547.0
4,1763435531.1579013,358.025577545166,549.0,400.0,547.0
4,1763435531.2035172,365.2422933578491,549.0,400.0,556.0
4,1763435531.2450078,372.4175958633423,549.0,390.0,560.0
4,1763435531.2811391,377.4976997375488,549.0,388.0,558.0
4,1763435531.3090096,382.0064215660095,549.0,400.0,552.0
4,1763435531.3380952,386.88532400131226,549.0,446.0,569.0
4,1763435531.3736942,391.73651027679443,549.0,424.0,578.0
4,1763435531.4066427,396.48366260528564,549.0,443.0,550.0
4,1763435531.4437509,401.23145866394043,549.0,452.0,539.0
4,1763435531.4697542,406.0333995819092,549.0,449.0,550.0
4,1763435531.503266,410.8699231147766,549.0,460.0,570.0
4,1763435531.538041,415.73205280303955,549.0,464.0,578.0
4,1763435531.5733142,420.42613315582275,549.0,467.0,563.0
4,1763435531.6150556,427.76783990859985,549.0,469.0,557.0
4,1763435531.6537666,432.4476866722107,549.0,467.0,548.0
4,1763435531.6832428,437.365177154541,549.0,478.0,549.0
4,1763435531.7180333,442.1045331954956,549.0,497.0,561.0
4,1763435531.7478235,446.86173486709595,549.0,504.0,564.0
4,1763435531.7890828,454.0677933692932,549.0,492.0,564.0
4,1763435531.823282,458.86233139038086,549.0,488.0,556.0
4,1763435531.8584716,463.6216788291931,549.0,488.0,551.0
4,1763435531.88841,468.4814124107361,549.0,486.0,551.0
4,1763435531.9237823,473.3528046607971,549.0,495.0,537.0
4,1763435531.95874,478.1090407371521,549.0,506.0,536.0
4,1763435531.9878335,482.8413157463074,549.0,511.0,546.0
4,1763435532.0332434,490.09583282470703,549.0,512.0,548.0
4,1763435532.073296,494.8748140335083,549.0,510.0,548.0
4,1763435532.113318,502.0362763404846,549.0,520.0,546.0
4,1763435532.1486418,506.8837790489197,549.0,524.0,539.0
4,1763435532.194648,514.1833930015564,549.0,559.0,543.0
4,1763435532.233019,518.8931732177734,549.0,573.0,538.0
4,1763435532.2631352,523.6438660621643,549.0,571.0,547.0
4,1763435532.3130016,530.967369556427,549.0,564.0,553.0
4,1763435532.3491132,538.0787997245789,549.0,573.0,558.0
4,1763435532.3808322,542.8069977760315,549.0,586.0,559.0
4,1763435532.4080727,545.2802448272705,549.0,588.0,553.0
4,1763435532.453761,552.4018316268921,549.0,596.0,557.0
4,1763435532.4961925,559.6577434539795,549.0,597.0,560.0
4,1763435532.5337224,564.4322900772095,549.0,593.0,558.0
4,1763435532.5836685,571.7541484832764,549.0,576.0,563.0
4,1763435532.6143336,576.5145330429077,549.0,575.0,568.0
4,1763435532.643099,581.2538175582886,549.0,584.0,571.0
4,1763435532.6786005,586.0212116241455,549.0,589.0,565.0
4,1763435532.7235324,593.3101325035095,549.0,603.0,564.0
4,1763435532.76897,600.4436640739441,549.0,607.0,575.0
4,1763435532.8155303,607.6711087226868,549.0,585.0,574.0
4,1763435532.8580172,614.8736267089844,549.0,578.0,551.0
4,1763435532.8965957,619.7579650878906,549.0,592.0,564.0
4,1763435532.9380918,626.8848090171814,549.0,612.0,573.0
4,1763435532.9781208,631.6409378051758,549.0,636.0,548.0
4,1763435533.025013,638.8156323432922,549.0,634.0,541.0
4,1763435533.0583868,643.6197547912598,549.0,665.0,547.0
4,1763435533.0928779,648.4296708106995,549.0,679.0,555.0
4,1763435533.1338043,655.643346786499,549.0,683.0,562.0
4,1763435533.1784306,662.9356293678284,549.0,691.0,545.0
4,1763435533.2138352,667.6275997161865,549.0,687.0,536.0
4,1763435533.2489636,672.427502155304,549.0,685.0,555.0
4,1763435533.2793093,677.2326259613037,549.0,683.0,558.0
4,1763435533.3135352,682.0043115615845,549.0,680.0,557.0
4,1763435533.3486109,686.8428735733032,549.0,680.0,563.0
4,1763435533.390838,694.028082370758,549.0,684.0,549.0
4,1763435533.4283857,698.9668517112732,549.0,683.0,543.0
4,1763435533.4636333,703.7155060768127,549.0,693.0,545.0
4,1763435533.4931967,708.43133020401,549.0,710.0,552.0
4,1763435533.5288122,713.2452158927917,549.0,715.0,550.0
4,1763435533.558151,718.0244116783142,549.0,704.0,563.0
4,1763435533.5883055,722.8560357093811,549.0,710.0,558.0
4,1763435533.618538,727.6496438980103,549.0,712.0,546.0
4,1763435533.6530163,732.5299053192139,549.0,709.0,546.0
4,1763435533.6954186,739.7358207702637,549.0,717.0,567.0
4,1763435533.7417817,746.8260436058044,549.0,725.0,573.0
4,1763435533.7788393,751.6912488937378,549.0,738.0,573.0
4,1763435533.81366,756.5649657249451,549.0,738.0,571.0
4,1763435533.8384776,761.2502126693726,549.0,739.0,574.0
4,1763435533.8709974,766.1270051002502,549.0,737.0,575.0
4,1763435533.908509,770.8832411766052,549.0,742.0,571.0
4,1763435533.938763,775.7494120597839,549.0,751.0,566.0
4,1763435533.9740548,780.4500370025635,549.0,745.0,558.0
4,1763435534.0036416,785.313060760498,549.0,742.0,553.0
4,1763435534.0470407,793.2271509170532,549.0,749.0,555.0
4,1763435534.0886486,797.241452217102,549.0,761.0,559.0
4,1763435534.1336787,804.5394926071167,549.0,769.0,558.0
4,1763435534.1631906,809.2679767608643,549.0,772.0,551.0
4,1763435534.1984963,814.0791444778442,549.0,782.0,544.0
4,1763435534.2478018,821.2946085929871,549.0,783.0,536.0
4,1763435534.2732577,826.1099247932434,549.0,817.0,557.0
4,1763435534.2987025,830.9764175415039,549.0,819.0,551.0
4,1763435534.3354733,835.695209980011,549.0,817.0,534.0
4,1763435534.3838532,842.9248361587524,549.0,816.0,530.0
4,1763435534.4179382,847.7469472885132,549.0,816.0,528.0
4,1763435534.4644675,854.8294811248779,549.0,831.0,531.0
4,1763435534.5028722,859.6043853759766,549.0,854.0,550.0
4,1763435534.5383947,866.9302492141724,549.0,862.0,557.0
4,1763435534.5787451,871.624758720398,549.0,856.0,554.0
4,1763435534.6140552,876.4883904457092,549.0,858.0,540.0
4,1763435534.652913,883.6139469146729,549.0,852.0,547.0
4,1763435534.6781943,886.1199884414673,549.0,858.0,558.0
4,1763435534.7133706,890.9216074943542,549.0,865.0,553.0
4,1763435534.7535796,898.138680934906,549.0,869.0,560.0
4,1763435534.7837143,902.8960971832275,549.0,876.0,573.0
4,1763435534.8182342,908.0658226013184,549.0,883.0,578.0
4,1763435534.8636887,914.8577837944031,549.0,890.0,575.0
4,1763435534.898722,919.7518854141235,549.0,889.0,562.0
4,1763435534.9332244,924.5474247932434,549.0,886.0,537.0
4,1763435534.9683783,929.2130737304688,549.0,889.0,541.0
4,1763435535.0075426,936.5632562637329,549.0,898.0,545.0
4,1763435535.0383565,941.2708191871643,549.0,912.0,542.0
4,1763435535.0696778,946.0082440376282,549.0,921.0,547.0
4,1763435535.0980647,950.880744934082,549.0,928.0,548.0
4,1763435535.1278365,953.3223061561584,549.0,937.0,556.0
4,1763435535.158276,958.0108432769775,549.0,965.0,558.0
4,1763435535.193427,962.8096013069153,549.0,967.0,555.0
4,1763435535.223094,967.6604657173157,549.0,979.0,560.0
4,1763435535.2578988,974.8558669090271,549.0,987.0,559.0
4,1763435535.2975194,979.6332387924194,549.0,992.0,561.0
4,1763435535.3282764,984.4323902130127,549.0,983.0,558.0
4,1763435535.3738983,991.6574745178223,549.0,979.0,549.0
4,1763435535.4140728,996.4546589851379,549.0,969.0,543.0
4,1763435535.4549139,1003.7302403450012,549.0,978.0,551.0
4,1763435535.4986515,1010.9687714576721,549.0,994.0,555.0
4,1763435535.5282698,1013.2291584014893,549.0,994.0,559.0
4,1763435535.573083,1020.5910711288452,549.0,976.0,560.0
4,1763435535.6086645,1025.2043633460999,549.0,981.0,551.0
4,1763435535.6474316,1032.4703960418701,549.0,982.0,551.0
4,1763435535.6731884,1034.9033741950989,549.0,980.0,563.0
4,1763435535.7165837,1042.1402959823608,549.0,987.0,578.0
4,1763435535.733213,1044.5212750434875,549.0,988.0,575.0
4,1763435535.783101,1051.7095594406128,549.0,993.0,567.0
4,1763435535.8185403,1058.9520959854126,549.0,1001.0,566.0
4,1763435535.8484662,1061.2953453063965,549.0,1006.0,575.0
4,1763435535.8867905,1068.5465364456177,549.0,1007.0,576.0
4,1763435535.9131124,1070.913568019867,549.0,1016.0,572.0
4,1763435535.9496472,1078.1525282859802,549.0,1019.0,559.0
4,1763435535.978231,1082.9056887626648,549.0,1035.0,549.0
4,1763435536.0158195,1087.78684425354,549.0,1046.0,556.0
4,1763435536.047822,1092.460825920105,549.0,1069.0,569.0
4,1763435536.0790837,1097.3023204803467,549.0,1080.0,578.0
4,1763435536.1130662,1102.102759361267,549.0,1088.0,563.0
4,1763435536.1435847,1106.8583874702454,549.0,1094.0,561.0
4,1763435536.1791193,1111.7313175201416,549.0,1091.0,576.0
4,1763435536.2137403,1116.4575128555298,549.0,1088.0,587.0
4,1763435536.2481015,1121.25852394104,549.0,1084.0,586.0
4,1763435536.2788985,1126.0749130249023,549.0,1089.0,578.0
4,1763435536.3130236,1130.8512835502625,549.0,1089.0,574.0
4,1763435536.3435493,1135.6614141464233,549.0,1107.0,582.0
4,1763435536.3838038,1142.9385690689087,549.0,1121.0,586.0
4,1763435536.4129515,1147.6144104003906,549.0,1123.0,588.0
4,1763435536.4478126,1152.5239973068237,549.0,1117.0,581.0
4,1763435536.4835021,1157.2627811431885,549.0,1114.0,555.0
4,1763435536.5178564,1162.0577840805054,549.0,1127.0,551.0
4,1763435536.547935,1166.8840794563293,549.0,1119.0,542.0
4,1763435536.5837655,1171.6435341835022,549.0,1119.0,539.0
4,1763435536.627987,1178.8063554763794,549.0,1132.0,540.0
4,1763435536.6704955,1186.1168413162231,549.0,1142.0,546.0
4,1763435536.713482,1190.8918170928955,549.0,1151.0,558.0
4,1763435536.7434084,1195.7199363708496,549.0,1157.0,572.0
4,1763435536.7837675,1202.8065829277039,549.0,1161.0,570.0
4,1763435536.8152306,1207.6277284622192,549.0,1200.0,570.0
4,1763435536.848435,1212.4467639923096,549.0,1212.0,570.0
4,1763435536.88361,1217.3502354621887,549.0,1226.0,568.0
4,1763435536.9186273,1222.1251397132874,549.0,1237.0,578.0
4,1763435536.953362,1226.960268497467,549.0,1243.0,572.0
4,1763435536.993032,1234.022310256958,549.0,1246.0,558.0
4,1763435537.0229473,1238.9074711799622,549.0,1252.0,552.0
4,1763435537.0590608,1243.6803727149963,549.0,1258.0,554.0
4,1763435537.0873044,1248.518934726715,549.0,1257.0,567.0
4,1763435537.11869,1253.281035900116,549.0,1255.0,573.0
4,1763435537.1528246,1258.0654888153076,549.0,1227.0,567.0
4,1763435537.1893444,1262.9498271942139,549.0,1229.0,552.0
4,1763435537.2240508,1267.7176504135132,549.0,1223.0,546.0
4,1763435537.2530222,1272.4729208946228,549.0,1216.0,541.0
4,1763435537.2828236,1277.2852687835693,549.0,1226.0,533.0
4,1763435537.3187933,1282.1631698608398,549.0,1235.0,537.0
4,1763435537.3532684,1286.8728427886963,549.0,1246.0,538.0
4,1763435537.3835666,1291.5996460914612,549.0,1247.0,534.0
4,1763435537.4185731,1298.9570169448853,549.0,1245.0,537.0
4,1763435537.4531114,1303.6579279899597,549.0,1258.0,543.0
4,1763435537.4854763,1308.5343985557556,549.0,1290.0,541.0
4,1763435537.5184143,1313.2655291557312,549.0,1305.0,539.0
4,1763435537.55356,1318.405535697937,549.0,1307.0,544.0
4,1763435537.5889103,1322.9630379676819,549.0,1298.0,554.0
4,1763435537.6233935,1327.6876955032349,549.0,1298.0,544.0
4,1763435537.6538112,1332.4816613197327,549.0,1316.0,528.0
4,1763435537.696213,1339.7939710617065,549.0,1325.0,521.0
4,1763435537.7417371,1346.8095927238464,549.0,1324.0,532.0
4,1763435537.7749546,1351.7058401107788,549.0,1320.0,543.0
4,1763435537.8158226,1356.4024596214294,549.0,1312.0,557.0
4,1763435537.8430889,1361.311152458191,549.0,1314.0,568.0
4,1763435537.873483,1366.0027651786804,549.0,1317.0,573.0
4,1763435537.9088678,1370.988634109497,549.0,1323.0,563.0
4,1763435537.9536898,1378.1149415969849,549.0,1315.0,544.0
4,1763435537.9934843,1382.817533493042,549.0,1317.0,535.0
4,1763435538.0230381,1387.7230434417725,549.0,1318.0,547.0
4,1763435538.0533233,1392.5543456077576,549.0,1308.0,540.0
4,1763435538.0889513,1397.2452430725098,549.0,1319.0,543.0
4,1763435538.1339858,1404.4671444892883,549.0,1329.0,556.0
4,1763435538.1631184,1409.2581419944763,549.0,1337.0,558.0
4,1763435538.193362,1414.0634446144104,549.0,1339.0,559.0
4,1763435538.2283149,1418.8467531204224,549.0,1356.0,562.0
4,1763435538.2657926,1423.672869682312,549.0,1385.0,556.0
4,1763435538.3010547,1430.8370141983032,549.0,1388.0,567.0
4,1763435538.3282206,1433.281150341034,549.0,1384.0,576.0
4,1763435538.3650734,1440.4655723571777,549.0,1383.0,576.0
4,1763435538.3929396,1442.8943662643433,549.0,1388.0,573.0
4,1763435538.4383495,1450.1383690834045,549.0,1393.0,575.0
4,1763435538.4655604,1454.917815208435,549.0,1397.0,577.0
4,1763435538.4892275,1457.3276190757751,549.0,1388.0,582.0
4,1763435538.5245922,1464.4020347595215,549.0,1396.0,587.0
4,1763435538.5658169,1469.2948489189148,549.0,1373.0,580.0
4,1763435538.5980163,1474.0505485534668,549.0,1378.0,575.0
4,1763435538.6328804,1478.9181499481201,549.0,1374.0,579.0
4,1763435538.6687279,1486.0033659934998,549.0,1381.0,594.0
4,1763435538.6988945,1491.0052208900452,549.0,1396.0,590.0
4,1763435538.7340076,1495.614185810089,549.0,1406.0,582.0
4,1763435538.7687273,1500.4454522132874,549.0,1464.0,592.0
4,1763435538.8180275,1507.7189593315125,549.0,1498.0,573.0
4,1763435538.8577874,1514.8391513824463,549.0,1515.0,580.0
4,1763435538.898649,1519.6401624679565,549.0,1503.0,627.0
4,1763435538.9282758,1524.4272260665894,549.0,1510.0,620.0
4,1763435538.9742823,1531.6572813987732,549.0,1524.0,598.0
4,1763435539.0220137,1538.8341574668884,549.0,1537.0,601.0
4,1763435539.042836,1541.29106092453,549.0,1514.0,624.0
4,1763435539.0735805,1546.0487632751465,549.0,1501.0,623.0
4,1763435539.108469,1550.8676199913025,549.0,1458.0,630.0
4,1763435539.138247,1555.652645111084,549.0,1451.0,626.0
4,1763435539.1783712,1562.926724433899,549.0,1455.0,620.0
4,1763435539.2031605,1565.2785568237305,549.0,1453.0,612.0
4,1763435539.2391145,1570.0380115509033,549.0,1452.0,608.0
4,1763435539.2685177,1574.7999339103699,549.0,1470.0,606.0
4,1763435539.298424,1579.6140341758728,549.0,1470.0,590.0
4,1763435539.3333924,1584.4104676246643,549.0,1462.0,585.0
4,1763435539.3682039,1589.2929821014404,549.0,1444.0,604.0
4,1763435539.4068472,1596.5755729675293,549.0,1428.0,622.0
4,1763435539.433002,1598.9030508995056,549.0,1439.0,634.0
4,1763435539.46978,1606.1167268753052,549.0,1482.0,630.0
4,1763435539.508876,1610.816207408905,549.0,1503.0,625.0
4,1763435539.5378032,1615.6558423042297,549.0,1509.0,615.0
4,1763435539.5727994,1620.5301671028137,549.0,1495.0,608.0
4,1763435539.6033127,1625.1997499465942,549.0,1476.0,624.0
4,1763435539.6479416,1632.4044494628906,549.0,1487.0,635.0
4,1763435539.6830382,1637.298837184906,549.0,1507.0,649.0
4,1763435539.7132106,1642.12935256958,549.0,1503.0,661.0
4,1763435539.748246,1646.8589811325073,549.0,1501.0,658.0
4,1763435539.783247,1651.6417531967163,549.0,1504.0,641.0
4,1763435539.8208122,1658.8213829994202,549.0,1546.0,650.0
4,1763435539.848344,1661.2789659500122,549.0,1558.0,661.0
4,1763435539.8881087,1668.4091358184814,549.0,1578.0,642.0
4,1763435539.9330497,1675.6492762565613,549.0,1562.0,634.0
4,1763435539.9737585,1680.5346159934998,549.0,1555.0,648.0
4,1763435539.9981189,1685.3576927185059,549.0,1561.0,687.0
4,1763435540.0335395,1690.0641827583313,549.0,1575.0,711.0
4,1763435540.063782,1694.8830394744873,549.0,1572.0,705.0
4,1763435540.0984845,1699.661913394928,549.0,1570.0,704.0
4,1763435540.1333492,1704.4894247055054,549.0,1564.0,713.0
4,1763435540.16812,1709.2403678894043,549.0,1566.0,701.0
4,1763435540.1987658,1714.0153079032898,549.0,1557.0,712.0
4,1763435540.23294,1718.8288717269897,549.0,1559.0,708.0
5,1763435540.270238,1726.2205033302307,549.0,1558.0,701.0
5,1763435540.2987232,1726.2205033302307,549.0,1576.0,699.0
5,1763435540.328524,1726.2205033302307,549.0,1580.0,696.0
5,1763435540.368761,1726.2205033302307,549.0,1597.0,693.0
5,1763435540.3978338,1726.2205033302307,549.0,1597.0,695.0
5,1763435540.4333203,1726.2205033302307,549.0,1602.0,706.0
5,1763435540.4687197,1726.2205033302307,549.0,1601.0,712.0
5,1763435540.4984102,1726.2205033302307,549.0,1615.0,692.0
5,1763435540.5329697,1726.2205033302307,549.0,1623.0,690.0
5,1763435540.5679715,1726.2205033302307,549.0,1636.0,679.0
5,1763435540.603311,1726.2205033302307,549.0,1648.0,706.0
5,1763435540.639743,1726.2205033302307,549.0,1506.0,600.0
5,1763435540.6686094,1726.2205033302307,549.0,2362.0,980.0
5,1763435540.6988342,1726.2205033302307,549.0,2484.0,609.0
5,1763435540.7379084,1726.2205033302307,549.0,1824.0,1345.0
5,1763435540.7637286,1726.2205033302307,549.0,577.0,894.0
5,1763435540.7987828,180.4217128753662,642.0,528.0,753.0
5,1763435540.8379607,187.71957445144653,642.0,302.0,629.0
5,1763435540.8691843,192.54397439956665,642.0,273.0,631.0
5,1763435540.9034553,197.29523944854736,642.0,275.0,618.0
5,1763435540.9536827,204.4203667640686,642.0,264.0,622.0
5,1763435541.00308,211.74615907669067,642.0,272.0,630.0
5,1763435541.0537295,218.85437059402466,642.0,291.0,625.0
5,1763435541.0787256,223.6040620803833,642.0,244.0,643.0
5,1763435541.1028152,226.00485372543335,642.0,258.0,644.0
5,1763435541.1403701,233.37281036376953,642.0,267.0,642.0
5,1763435541.172891,238.00709533691406,642.0,275.0,636.0
5,1763435541.2050004,242.95909690856934,642.0,274.0,626.0
5,1763435541.2383025,247.73482370376587,642.0,279.0,631.0
5,1763435541.2732306,252.4733214378357,642.0,281.0,632.0
5,1763435541.308917,257.33119535446167,642.0,282.0,616.0
5,1763435541.337851,262.0641498565674,642.0,289.0,610.0
5,1763435541.3732772,266.91608715057373,642.0,306.0,614.0
5,1763435541.4084973,271.6222195625305,642.0,341.0,637.0
5,1763435541.444418,278.8530616760254,642.0,353.0,635.0
5,1763435541.4732316,283.774450302124,642.0,364.0,636.0
5,1763435541.5033536,286.0032229423523,642.0,365.0,647.0
5,1763435541.5399156,293.2887463569641,642.0,356.0,648.0
5,1763435541.5736728,298.0208067893982,642.0,363.0,659.0
5,1763435541.6051018,302.93168115615845,642.0,380.0,664.0
5,1763435541.6433606,307.71287965774536,642.0,390.0,664.0
5,1763435541.6700237,312.4215512275696,642.0,397.0,671.0
5,1763435541.7086525,317.321231842041,642.0,415.0,677.0
5,1763435541.7433631,322.132399559021,642.0,408.0,667.0
5,1763435541.7809043,329.2496590614319,642.0,386.0,657.0
5,1763435541.8129268,334.0537815093994,642.0,377.0,654.0
5,1763435541.8480089,338.86612939834595,642.0,376.0,651.0
5,1763435541.883394,343.6815528869629,642.0,387.0,658.0
5,1763435541.9137475,348.5550193786621,642.0,401.0,662.0
5,1763435541.9478853,353.3461956977844,642.0,420.0,662.0
5,1763435541.9857898,358.06420135498047,642.0,419.0,651.0
5,1763435542.0217042,365.3753309249878,642.0,389.0,661.0
5,1763435542.0638065,370.03962087631226,642.0,380.0,661.0
5,1763435542.1013377,377.2423176765442,642.0,369.0,655.0
5,1763435542.1381056,382.12139892578125,642.0,382.0,651.0
5,1763435542.1681974,386.86054039001465,642.0,405.0,647.0
5,1763435542.2030275,391.6781096458435,642.0,417.0,646.0
5,1763435542.2332294,396.4209704399109,642.0,418.0,640.0
5,1763435542.2680655,401.2259511947632,642.0,410.0,641.0
5,1763435542.3039494,406.1666159629822,642.0,399.0,642.0
5,1763435542.343603,413.2767586708069,642.0,450.0,667.0
5,1763435542.3873212,418.06882905960083,642.0,446.0,654.0
5,1763435542.4236917,425.2018599510193,642.0,457.0,637.0
5,1763435542.4582672,430.06838846206665,642.0,464.0,636.0
5,1763435542.488796,434.93663358688354,642.0,466.0,646.0
5,1763435542.5185778,439.6309642791748,642.0,468.0,661.0
5,1763435542.5529535,444.4819002151489,642.0,480.0,739.0
5,1763435542.5835285,449.22082710266113,642.0,498.0,740.0
5,1763435542.6136832,454.1147141456604,642.0,493.0,749.0
5,1763435542.6480737,458.8635115623474,642.0,503.0,743.0
5,1763435542.6783648,463.61370372772217,642.0,510.0,734.0
5,1763435542.7248418,470.88134574890137,642.0,515.0,729.0
5,1763435542.770071,475.62431383132935,642.0,512.0,723.0
5,1763435542.8082454,482.9846887588501,642.0,515.0,722.0
5,1763435542.8430946,487.6477270126343,642.0,522.0,725.0
5,1763435542.8734202,492.48854207992554,642.0,575.0,709.0
5,1763435542.919919,499.68530225753784,642.0,581.0,703.0
5,1763435542.9489307,504.5027642250061,642.0,573.0,697.0
5,1763435542.9930487,511.74701738357544,642.0,570.0,699.0
5,1763435543.0380511,516.4945273399353,642.0,570.0,696.0
5,1763435543.0633047,521.2227969169617,642.0,571.0,701.0
5,1763435543.098007,526.1127858161926,642.0,575.0,702.0
5,1763435543.133382,530.9746651649475,642.0,573.0,678.0
5,1763435543.1787152,538.1343393325806,642.0,576.0,682.0
5,1763435543.213399,542.8008823394775,642.0,583.0,682.0
5,1763435543.253082,550.1389770507812,642.0,572.0,682.0
5,1763435543.2875285,554.9539713859558,642.0,564.0,689.0
5,1763435543.3238397,559.704843044281,642.0,570.0,694.0
5,1763435543.3478725,564.4164113998413,642.0,582.0,645.0
5,1763435543.3831933,569.219174861908,642.0,588.0,628.0
5,1763435543.4179487,574.1040496826172,642.0,585.0,612.0
5,1763435543.4487743,578.9454011917114,642.0,570.0,606.0
5,1763435543.4841778,583.7360768318176,642.0,569.0,598.0
5,1763435543.517984,588.4507207870483,642.0,581.0,591.0
5,1763435543.552897,595.7242636680603,642.0,590.0,579.0
5,1763435543.5835946,598.0758814811707,642.0,600.0,597.0
5,1763435543.6142168,602.9128341674805,642.0,599.0,611.0
5,1763435543.6530554,610.097864151001,642.0,597.0,620.0
5,1763435543.688593,614.8009924888611,642.0,607.0,615.0
5,1763435543.7229576,619.6311860084534,642.0,619.0,608.0
5,1763435543.7580667,624.5667724609375,642.0,630.0,609.0
5,1763435543.79577,631.6255955696106,642.0,632.0,623.0
5,1763435543.8233597,634.1272740364075,642.0,625.0,625.0
5,1763435543.8593047,641.219678401947,642.0,624.0,625.0
5,1763435543.8937442,646.0153250694275,642.0,626.0,633.0
5,1763435543.9254704,650.9497313499451,642.0,635.0,619.0
5,1763435543.9585047,655.7380108833313,642.0,633.0,609.0
5,1763435543.9992347,660.4377059936523,642.0,634.0,606.0
5,1763435544.038567,667.7280216217041,642.0,643.0,606.0
5,1763435544.0736995,672.4514632225037,642.0,655.0,594.0
5,1763435544.103026,677.2250442504883,642.0,660.0,597.0
5,1763435544.1331933,682.1093111038208,642.0,703.0,607.0
5,1763435544.1684134,686.9069247245789,642.0,711.0,589.0
5,1763435544.203154,691.6472821235657,642.0,709.0,558.0
5,1763435544.2532713,698.9267973899841,642.0,716.0,555.0
5,1763435544.2886105,703.6063580513,642.0,721.0,584.0
5,1763435544.3243392,710.9669117927551,642.0,723.0,607.0
5,1763435544.3569663,715.6628160476685,642.0,736.0,604.0
5,1763435544.3891907,720.5278067588806,642.0,734.0,592.0
5,1763435544.428799,725.2619414329529,642.0,687.0,621.0
5,1763435544.4552681,730.0668506622314,642.0,698.0,633.0
5,1763435544.4882796,734.894862651825,642.0,714.0,624.0
5,1763435544.5232708,739.6679072380066,642.0,722.0,607.0
5,1763435544.5536118,744.4863705635071,642.0,726.0,604.0
5,1763435544.596956,751.7048029899597,642.0,732.0,606.0
5,1763435544.6237614,754.0280251502991,642.0,721.0,602.0
5,1763435544.6597924,761.2458138465881,642.0,704.0,600.0
5,1763435544.6932693,766.1370544433594,642.0,700.0,615.0
5,1763435544.7248373,770.8247690200806,642.0,716.0,619.0
5,1763435544.7586617,775.7145791053772,642.0,723.0,617.0
5,1763435544.7933514,780.4866938591003,642.0,722.0,624.0
5,1763435544.8238547,785.2999715805054,642.0,725.0,632.0
5,1763435544.8635638,790.0257377624512,642.0,728.0,645.0
5,1763435544.9001966,797.3019270896912,642.0,748.0,649.0
5,1763435544.9437792,802.1246461868286,642.0,764.0,643.0
5,1763435544.981102,809.2991976737976,642.0,765.0,646.0
5,1763435545.013636,814.0424518585205,642.0,768.0,659.0
5,1763435545.0534654,818.913987159729,642.0,765.0,650.0
5,1763435545.08372,823.7627773284912,642.0,776.0,633.0
5,1763435545.1178603,828.5180478096008,642.0,796.0,622.0
5,1763435545.1480548,833.3483843803406,642.0,806.0,624.0
5,1763435545.1836712,838.0473642349243,642.0,809.0,630.0
5,1763435545.221859,845.2492384910583,642.0,813.0,634.0
5,1763435545.248606,847.6293234825134,642.0,830.0,644.0
5,1763435545.2847252,854.8226146697998,642.0,839.0,648.0
5,1763435545.3334472,862.0433716773987,642.0,816.0,639.0
5,1763435545.373362,866.8492465019226,642.0,839.0,622.0
5,1763435545.407975,871.6264038085938,642.0,837.0,610.0
5,1763435545.4435618,878.8549213409424,642.0,833.0,603.0
5,1763435545.4727905,883.7082891464233,642.0,853.0,599.0
5,1763435545.5036097,886.1543207168579,642.0,872.0,601.0
5,1763435545.5401828,893.3550148010254,642.0,881.0,617.0
5,1763435545.573611,898.0019240379333,642.0,884.0,631.0
5,1763435545.6081831,902.9865412712097,642.0,898.0,629.0
5,1763435545.6391485,907.6205043792725,642.0,915.0,618.0
5,1763435545.6713352,912.430742263794,642.0,888.0,624.0
5,1763435545.700944,917.3100380897522,642.0,887.0,611.0
5,1763435545.7378118,922.1407322883606,642.0,895.0,595.0
5,1763435545.773178,926.9091277122498,642.0,900.0,594.0
5,1763435545.8189883,934.043553352356,642.0,889.0,609.0
5,1763435545.860769,941.2089853286743,642.0,879.0,609.0
5,1763435545.8837128,943.7927751541138,642.0,891.0,633.0
5,1763435545.9180071,948.445191860199,642.0,890.0,635.0
5,1763435545.948544,953.2401232719421,642.0,900.0,630.0
5,1763435545.983112,958.0729990005493,642.0,904.0,624.0
5,1763435546.0230205,965.2118949890137,642.0,901.0,614.0
5,1763435546.048749,967.711320400238,642.0,900.0,608.0
5,1763435546.084241,974.9460964202881,642.0,910.0,628.0
5,1763435546.1284819,979.7075896263123,642.0,908.0,617.0
5,1763435546.163747,986.810293674469,642.0,907.0,629.0
5,1763435546.1887531,989.2483501434326,642.0,910.0,616.0
5,1763435546.219052,994.0816550254822,642.0,921.0,617.0
5,1763435546.26051,1001.2322096824646,642.0,912.0,626.0
5,1763435546.2828875,1003.6009936332703,642.0,913.0,612.0
5,1763435546.3335202,1010.8536868095398,642.0,916.0,606.0
5,1763435546.3686733,1015.6874923706055,642.0,913.0,606.0
5,1763435546.4077313,1022.8379755020142,642.0,911.0,609.0
5,1763435546.448769,1027.6418476104736,642.0,918.0,625.0
5,1763435546.4881155,1034.8815231323242,642.0,933.0,634.0
5,1763435546.5162735,1039.6497039794922,642.0,951.0,610.0
5,1763435546.5536945,1044.5040373802185,642.0,956.0,601.0
5,1763435546.5886877,1049.2660312652588,642.0,962.0,609.0
5,1763435546.6231449,1054.0700106620789,642.0,965.0,620.0
5,1763435546.6536272,1058.8186650276184,642.0,968.0,629.0
5,1763435546.6834826,1063.6854438781738,642.0,983.0,624.0
5,1763435546.7189636,1068.490174293518,642.0,996.0,622.0
5,1763435546.7578845,1075.7107524871826,642.0,995.0,617.0
5,1763435546.79364,1080.5391221046448,642.0,987.0,627.0
5,1763435546.8229458,1085.27618932724,642.0,981.0,628.0
5,1763435546.8595624,1090.0613932609558,642.0,987.0,617.0
5,1763435546.8882234,1094.8737769126892,642.0,988.0,607.0
5,1763435546.9184825,1099.7368006706238,642.0,996.0,607.0
5,1763435546.9537373,1104.4760494232178,642.0,1004.0,612.0
5,1763435546.9798982,1109.3109636306763,642.0,1017.0,613.0
5,1763435547.0132148,1114.0154509544373,642.0,1030.0,608.0
5,1763435547.053501,1118.8568382263184,642.0,1038.0,611.0
5,1763435547.0832942,1123.6825256347656,642.0,1037.0,603.0
5,1763435547.1133065,1128.554382801056,642.0,1032.0,606.0
5,1763435547.1484082,1133.2655577659607,642.0,1028.0,607.0
5,1763435547.1831126,1138.1412057876587,642.0,1028.0,621.0
5,1763435547.2281559,1145.2343611717224,642.0,1023.0,634.0
5,1763435547.2579455,1150.1428394317627,642.0,1039.0,639.0
5,1763435547.2834237,1154.8407464027405,642.0,1031.0,638.0
5,1763435547.3128543,1159.7178606987,642.0,1031.0,643.0
5,1763435547.343034,1162.1070294380188,642.0,1047.0,640.0
5,1763435547.3735843,1166.8067960739136,642.0,1060.0,638.0
5,1763435547.4089413,1171.6679601669312,642.0,1074.0,641.0
5,1763435547.4384205,1176.496651649475,642.0,1075.0,638.0
5,1763435547.4784186,1183.721664428711,642.0,1062.0,633.0
5,1763435547.5247648,1190.8317713737488,642.0,1051.0,633.0
5,1763435547.5685177,1195.611539363861,642.0,1064.0,645.0
5,1763435547.5935092,1200.4945187568665,642.0,1078.0,628.0
5,1763435547.6410804,1207.729723930359,642.0,1119.0,642.0
5,1763435547.6686435,1212.4069600105286,642.0,1149.0,635.0
5,1763435547.700522,1217.2383337020874,642.0,1164.0,625.0
5,1763435547.738363,1222.1308975219727,642.0,1149.0,626.0
5,1763435547.7681725,1226.876976966858,642.0,1149.0,627.0
5,1763435547.8039176,1231.708279132843,642.0,1153.0,627.0
5,1763435547.8331456,1236.554494380951,642.0,1140.0,640.0
5,1763435547.868417,1241.385546207428,642.0,1149.0,660.0
5,1763435547.9029572,1246.135166168213,642.0,1152.0,656.0
5,1763435547.9402163,1253.2975940704346,642.0,1158.0,645.0
5,1763435547.9679227,1255.7120471000671,642.0,1150.0,633.0
5,1763435548.0043614,1262.951364994049,642.0,1147.0,638.0
5,1763435548.0484352,1267.6092534065247,642.0,1151.0,636.0
5,1763435548.0731835,1272.4308280944824,642.0,1146.0,644.0
5,1763435548.1156898,1279.6524076461792,642.0,1150.0,639.0
5,1763435548.1586185,1284.4723014831543,642.0,1158.0,629.0
5,1763435548.183117,1289.2443447113037,642.0,1161.0,615.0
5,1763435548.2178862,1294.053295135498,642.0,1152.0,620.0
5,1763435548.2528503,1298.8712935447693,642.0,1141.0,611.0
5,1763435548.2837243,1303.6162285804749,642.0,1147.0,636.0
5,1763435548.313511,1308.4834008216858,642.0,1170.0,651.0
5,1763435548.3482332,1313.36376953125,642.0,1182.0,635.0
5,1763435548.3831258,1318.0498747825623,642.0,1185.0,623.0
5,1763435548.4200997,1325.341549396515,642.0,1184.0,629.0
5,1763435548.454238,1330.047610282898,642.0,1182.0,639.0
5,1763435548.48834,1334.8153977394104,642.0,1189.0,666.0
5,1763435548.5171945,1339.6575717926025,642.0,1204.0,674.0
5,1763435548.55359,1344.467559337616,642.0,1211.0,670.0
5,1763435548.5976515,1351.6363172531128,642.0,1210.0,658.0
5,1763435548.640755,1356.5065650939941,642.0,1222.0,658.0
5,1763435548.678591,1363.7778906822205,642.0,1222.0,667.0
5,1763435548.7127852,1368.4584884643555,642.0,1226.0,660.0
5,1763435548.7487135,1373.356810092926,642.0,1241.0,655.0
5,1763435548.788368,1380.445137500763,642.0,1239.0,680.0
5,1763435548.8229454,1385.3817253112793,642.0,1237.0,688.0
5,1763435548.8579478,1390.1505856513977,642.0,1242.0,672.0
5,1763435548.8936508,1394.8595433235168,642.0,1287.0,675.0
5,1763435548.9231973,1399.7143416404724,642.0,1294.0,688.0
5,1763435548.968033,1406.8217663764954,642.0,1305.0,657.0
5,1763435549.0080166,1411.7300300598145,642.0,1302.0,631.0
5,1763435549.033149,1416.448178768158,642.0,1310.0,622.0
5,1763435549.068435,1421.3314800262451,642.0,1317.0,631.0
5,1763435549.1036494,1426.032569885254,642.0,1320.0,636.0
5,1763435549.1424694,1433.3527474403381,642.0,1320.0,644.0
5,1763435549.168715,1435.6901316642761,642.0,1325.0,646.0
5,1763435549.2045932,1442.9824500083923,642.0,1329.0,650.0
5,1763435549.232971,1447.7353601455688,642.0,1338.0,635.0
5,1763435549.2634785,1450.0925211906433,642.0,1335.0,622.0
5,1763435549.3031309,1457.30988073349,642.0,1331.0,619.0
5,1763435549.3335483,1462.0309262275696,642.0,1341.0,634.0
5,1763435549.3651578,1466.9323949813843,642.0,1368.0,637.0
5,1763435549.4127831,1474.0432887077332,642.0,1368.0,612.0
5,1763435549.4478703,1478.897765159607,642.0,1381.0,605.0
5,1763435549.476872,1483.6604385375977,642.0,1385.0,619.0
5,1763435549.5134325,1488.416603088379,642.0,1368.0,628.0
5,1763435549.543398,1493.2828454971313,642.0,1369.0,629.0
5,1763435549.5836205,1498.0610756874084,642.0,1381.0,628.0
5,1763435549.6139934,1502.901282787323,642.0,1396.0,609.0
5,1763435549.654281,1510.0343494415283,642.0,1413.0,582.0
5,1763435549.7013333,1517.3701195716858,642.0,1411.0,581.0
5,1763435549.7383344,1522.1817164421082,642.0,1404.0,608.0
5,1763435549.7683356,1526.804771900177,642.0,1463.0,593.0
5,1763435549.8030703,1531.6372542381287,642.0,1472.0,577.0
5,1763435549.833131,1536.473527431488,642.0,1453.0,585.0
5,1763435549.8683937,1541.2350206375122,642.0,1446.0,594.0
5,1763435549.9035165,1546.1071996688843,642.0,1449.0,583.0
5,1763435549.9405277,1553.2550721168518,642.0,1456.0,583.0
5,1763435549.9734468,1558.2078247070312,642.0,1451.0,589.0
5,1763435549.997856,1560.4841260910034,642.0,1447.0,595.0
5,1763435550.0478525,1567.6822452545166,642.0,1448.0,598.0
5,1763435550.088206,1574.958327293396,642.0,1452.0,618.0
5,1763435550.1179261,1579.633882522583,642.0,1494.0,621.0
5,1763435550.1539888,1584.412935256958,642.0,1523.0,631.0
5,1763435550.183448,1589.340081691742,642.0,1540.0,600.0
5,1763435550.2334003,1596.5503959655762,642.0,1526.0,596.0
5,1763435550.2769866,1603.686502456665,642.0,1531.0,594.0
5,1763435550.303076,1606.1895756721497,642.0,1538.0,591.0
5,1763435550.3332374,1610.84410238266,642.0,1542.0,599.0
5,1763435550.374177,1618.0961518287659,642.0,1545.0,614.0
5,1763435550.4133956,1622.846773147583,642.0,1521.0,627.0
5,1763435550.4591312,1630.1463871002197,642.0,1500.0,603.0
5,1763435550.488721,1634.874406337738,642.0,1508.0,594.0
5,1763435550.5330245,1642.1449809074402,642.0,1513.0,622.0
5,1763435550.5884044,1649.2164998054504,642.0,1510.0,623.0
5,1763435550.6381395,1656.4439444541931,642.0,1512.0,607.0
5,1763435550.676916,1663.6937408447266,642.0,1531.0,595.0
5,1763435550.7081115,1668.403413772583,642.0,1531.0,604.0
5,1763435550.7485652,1673.290219783783,642.0,1575.0,586.0
5,1763435550.7936013,1680.5291085243225,642.0,1580.0,560.0
5,1763435550.82367,1685.386302947998,642.0,1592.0,554.0
5,1763435550.8593671,1690.0209455490112,642.0,1609.0,567.0
5,1763435550.8934186,1694.9205904006958,642.0,1610.0,575.0
5,1763435550.9228826,1699.651005744934,642.0,1605.0,574.0
5,1763435550.9585311,1704.572072505951,642.0,1610.0,567.0
5,1763435550.9887447,1709.2064290046692,642.0,1609.0,555.0
5,1763435551.027778,1716.476824760437,642.0,1612.0,552.0
5,1763435551.0602677,1721.3518290519714,642.0,1600.0,530.0
5,1763435551.0884323,1723.6205487251282,642.0,1610.0,523.0
6,1763435551.1236043,1726.054563999176,642.0,1615.0,536.0
6,1763435551.153326,1726.054563999176,642.0,1610.0,530.0
6,1763435551.1885166,1726.054563999176,642.0,1603.0,531.0
6,1763435551.2434099,1726.054563999176,642.0,1615.0,526.0
6,1763435551.2833004,1726.054563999176,642.0,1645.0,529.0
6,1763435551.3037355,1726.054563999176,642.0,1629.0,503.0
6,1763435551.3390517,1726.054563999176,642.0,1610.0,495.0
6,1763435551.3836055,1726.054563999176,642.0,1609.0,491.0
6,1763435551.4256327,1726.054563999176,642.0,1617.0,495.0
6,1763435551.4637487,1726.054563999176,642.0,1648.0,521.0
6,1763435551.4940474,1726.054563999176,642.0,1619.0,551.0
6,1763435551.5278177,1726.054563999176,642.0,2293.0,660.0
6,1763435551.5741796,1726.054563999176,642.0,49.0,2555.0
6,1763435551.603203,178.0,735.0,1406.0,1901.0
6,1763435551.6486526,185.3233962059021,735.0,280.0,653.0
6,1763435551.6828725,190.11096048355103,735.0,203.0,597.0
6,1763435551.721635,197.2713499069214,735.0,315.0,695.0
6,1763435551.7489223,199.62439823150635,735.0,315.0,695.0
6,1763435551.7855792,206.90759706497192,735.0,313.0,709.0
6,1763435551.823651,211.7457299232483,735.0,315.0,731.0
6,1763435551.8678486,218.91556072235107,735.0,316.0,734.0
6,1763435551.9032366,223.6157922744751,735.0,302.0,720.0
6,1763435551.9379349,228.446879863739,735.0,299.0,722.0
6,1763435551.9685152,233.32506704330444,735.0,307.0,703.0
6,1763435552.0031412,238.07121801376343,735.0,309.0,691.0
6,1763435552.0335133,242.93957042694092,735.0,319.0,691.0
6,1763435552.068175,247.69083547592163,735.0,305.0,756.0
6,1763435552.108863,254.8250823020935,735.0,306.0,752.0
6,1763435552.1378067,259.65706396102905,735.0,313.0,754.0
6,1763435552.1840365,266.8191342353821,735.0,330.0,732.0
6,1763435552.2233362,271.71087551116943,735.0,343.0,728.0
6,1763435552.2432137,274.0400700569153,735.0,349.0,748.0
6,1763435552.2803392,281.20775508880615,735.0,352.0,756.0
6,1763435552.3087683,283.6067943572998,735.0,355.0,750.0
6,1763435552.3395364,288.48115491867065,735.0,351.0,750.0
6,1763435552.3736627,293.276837348938,735.0,337.0,748.0
6,1763435552.403648,298.16063928604126,735.0,333.0,733.0
6,1763435552.4405022,305.29188203811646,735.0,351.0,726.0
6,1763435552.468997,307.68190908432007,735.0,361.0,715.0
6,1763435552.5047011,314.9209408760071,735.0,361.0,713.0
6,1763435552.5428934,319.730535030365,735.0,352.0,722.0
6,1763435552.574042,324.57793045043945,735.0,342.0,743.0
6,1763435552.6084237,329.30730867385864,735.0,343.0,744.0
6,1763435552.6386642,334.0389757156372,735.0,345.0,731.0
6,1763435552.683824,341.2291555404663,735.0,344.0,726.0
6,1763435552.7333422,348.5172538757324,735.0,348.0,736.0
6,1763435552.7578175,353.35252571105957,735.0,406.0,729.0
6,1763435552.7889965,355.64989137649536,735.0,398.0,710.0
6,1763435552.8178012,360.57768154144287,735.0,397.0,726.0
6,1763435552.8583884,367.61490392684937,735.0,411.0,741.0
6,1763435552.8997343,372.425106048584,735.0,425.0,754.0
6,1763435552.9481533,379.6043424606323,735.0,427.0,745.0
6,1763435552.9842503,386.8498830795288,735.0,415.0,737.0
6,1763435553.0234587,391.730788230896,735.0,397.0,757.0
6,1763435553.0532982,396.4766173362732,735.0,407.0,751.0
6,1763435553.0881498,401.23782444000244,735.0,415.0,743.0
6,1763435553.1340377,408.49877882003784,735.0,416.0,742.0
6,1763435553.179947,415.8145933151245,735.0,412.0,739.0
6,1763435553.2111578,420.5266623497009,735.0,407.0,752.0
6,1763435553.2335565,422.94065046310425,735.0,427.0,752.0
6,1763435553.2680583,427.74738359451294,735.0,436.0,736.0
6,1763435553.3137732,434.818687915802,735.0,430.0,717.0
6,1763435553.3578944,442.0118360519409,735.0,428.0,717.0
6,1763435553.3978202,449.3529348373413,735.0,474.0,733.0
6,1763435553.424059,451.6772656440735,735.0,469.0,731.0
6,1763435553.460269,456.4186601638794,735.0,470.0,726.0
6,1763435553.4936886,461.3571791648865,735.0,480.0,732.0
6,1763435553.523314,466.13419342041016,735.0,484.0,742.0
6,1763435553.5608256,473.3431487083435,735.0,486.0,746.0
6,1763435553.603141,478.0786066055298,735.0,495.0,740.0
6,1763435553.653742,485.2131395339966,735.0,512.0,744.0
6,1763435553.6740394,490.02659606933594,735.0,468.0,750.0
6,1763435553.7080631,494.9291377067566,735.0,465.0,748.0
6,1763435553.7385907,499.65393829345703,735.0,463.0,740.0
6,1763435553.7737403,504.526939868927,735.0,465.0,720.0
6,1763435553.808211,509.32208585739136,735.0,471.0,704.0
6,1763435553.8453546,514.139976978302,735.0,482.0,701.0
6,1763435553.8806684,521.3164954185486,735.0,487.0,706.0
6,1763435553.9082856,523.7273721694946,735.0,489.0,725.0
6,1763435553.9461477,530.9587149620056,735.0,491.0,745.0
6,1763435553.9787996,535.6347708702087,735.0,498.0,759.0
6,1763435554.0184581,540.4186873435974,735.0,537.0,750.0
6,1763435554.0588357,547.6455240249634,735.0,534.0,726.0
6,1763435554.0933132,552.5536804199219,735.0,533.0,726.0
6,1763435554.1236513,557.2634963989258,735.0,548.0,729.0
6,1763435554.1585572,562.1298818588257,735.0,552.0,746.0
6,1763435554.1883543,566.9134049415588,735.0,557.0,753.0
6,1763435554.2187197,571.677544593811,735.0,552.0,752.0
6,1763435554.2579885,576.5472917556763,735.0,552.0,735.0
6,1763435554.2879694,581.2761693000793,735.0,561.0,726.0
6,1763435554.3234096,586.0307245254517,735.0,564.0,711.0
6,1763435554.3682485,593.2921438217163,735.0,558.0,698.0
6,1763435554.399007,598.1573491096497,735.0,569.0,706.0
6,1763435554.4379125,605.3667693138123,735.0,576.0,704.0
6,1763435554.4737654,610.062566280365,735.0,583.0,708.0
6,1763435554.5081823,614.9566321372986,735.0,583.0,707.0
6,1763435554.5540397,622.1989541053772,735.0,579.0,701.0
6,1763435554.5954947,626.9238977432251,735.0,585.0,697.0
6,1763435554.6231394,631.6617517471313,735.0,598.0,695.0
6,1763435554.6579006,636.6695790290833,735.0,597.0,697.0
6,1763435554.6887999,641.3248567581177,735.0,596.0,694.0
6,1763435554.7237668,646.1349873542786,735.0,599.0,700.0
6,1763435554.7535913,650.8158712387085,735.0,637.0,722.0
6,1763435554.8035433,658.1175594329834,735.0,645.0,720.0
6,1763435554.8449535,665.2361421585083,735.0,644.0,705.0
6,1763435554.8741891,670.1136856079102,735.0,652.0,712.0
6,1763435554.9087532,674.9042181968689,735.0,652.0,725.0
6,1763435554.938572,679.6770124435425,735.0,642.0,722.0
6,1763435554.972946,684.4662218093872,735.0,635.0,713.0
6,1763435555.0087225,689.2560391426086,735.0,645.0,721.0
6,1763435555.033504,694.0586953163147,735.0,662.0,725.0
6,1763435555.068481,698.8809852600098,735.0,676.0,728.0
6,1763435555.118471,706.0476331710815,735.0,680.0,731.0
6,1763435555.1635876,713.2349877357483,735.0,673.0,730.0
6,1763435555.1928709,718.1540875434875,735.0,686.0,708.0
6,1763435555.226642,722.856607913971,735.0,696.0,722.0
6,1763435555.2631342,727.6393442153931,735.0,688.0,730.0
6,1763435555.289,732.4570922851562,735.0,671.0,726.0
6,1763435555.3233776,737.360134601593,735.0,673.0,712.0
6,1763435555.3580341,742.124345779419,735.0,681.0,714.0
6,1763435555.3880918,746.88108253479,735.0,684.0,719.0
6,1763435555.4237611,751.619544506073,735.0,689.0,743.0
6,1763435555.4581335,756.4637212753296,735.0,690.0,738.0
6,1763435555.4890666,761.2207083702087,735.0,709.0,738.0
6,1763435555.5231588,766.102650642395,735.0,709.0,756.0
6,1763435555.5652852,773.3254461288452,735.0,710.0,759.0
6,1763435555.6033459,778.0882267951965,735.0,722.0,762.0
6,1763435555.6480386,785.2723269462585,735.0,733.0,749.0
6,1763435555.6831293,790.0599627494812,735.0,724.0,722.0
6,1763435555.727873,797.3229556083679,735.0,726.0,726.0
6,1763435555.7582946,802.1185307502747,735.0,739.0,744.0
6,1763435555.8028173,809.2649369239807,735.0,730.0,754.0
6,1763435555.8498886,816.542377948761,735.0,734.0,739.0
6,1763435555.8802755,821.2591676712036,735.0,752.0,734.0
6,1763435555.908652,823.6947922706604,735.0,752.0,734.0
6,1763435555.9387033,828.4360437393188,735.0,749.0,723.0
6,1763435555.9737215,833.2054405212402,735.0,745.0,717.0
6,1763435556.0246513,842.848268032074,735.0,755.0,729.0
6,1763435556.0580287,847.6945905685425,735.0,768.0,747.0
6,1763435556.1045184,854.8395304679871,735.0,801.0,731.0
6,1763435556.1380844,859.6946148872375,735.0,790.0,712.0
6,1763435556.1710918,864.448347568512,735.0,782.0,722.0
6,1763435556.2190073,871.750786781311,735.0,799.0,736.0
6,1763435556.2589638,876.5749363899231,735.0,813.0,726.0
6,1763435556.2832804,881.3402562141418,735.0,816.0,735.0
6,1763435556.3179405,886.0260038375854,735.0,806.0,733.0
6,1763435556.3656218,893.2800559997559,735.0,812.0,736.0
6,1763435556.3882122,895.7390336990356,735.0,816.0,747.0
6,1763435556.4253883,902.9647974967957,735.0,835.0,744.0
6,1763435556.4587753,907.6802639961243,735.0,838.0,734.0
6,1763435556.4890077,912.4296336174011,735.0,831.0,721.0
6,1763435556.5385234,919.6484236717224,735.0,831.0,721.0
6,1763435556.5854928,926.8727569580078,735.0,834.0,725.0
6,1763435556.608142,929.2203693389893,735.0,808.0,743.0
6,1763435556.6436324,933.9997081756592,735.0,823.0,731.0
6,1763435556.6740544,938.911762714386,735.0,831.0,710.0
6,1763435556.7087803,943.6178593635559,735.0,821.0,699.0
6,1763435556.7458107,950.9158997535706,735.0,818.0,701.0
6,1763435556.7730765,953.288188457489,735.0,834.0,713.0
6,1763435556.8029873,958.0608396530151,735.0,858.0,716.0
6,1763435556.8537169,965.265682220459,735.0,864.0,709.0
6,1763435556.8936837,972.4820046424866,735.0,873.0,713.0
6,1763435556.9201179,977.2121338844299,735.0,902.0,735.0
6,1763435556.9528072,982.0565609931946,735.0,906.0,732.0
6,1763435556.9851136,986.8316082954407,735.0,911.0,731.0
6,1763435557.0183163,991.7183427810669,735.0,922.0,720.0
6,1763435557.0646377,998.8834171295166,735.0,914.0,725.0
6,1763435557.0989506,1003.651741027832,735.0,905.0,736.0
6,1763435557.145271,1010.9952716827393,735.0,931.0,732.0
6,1763435557.184793,1015.7295136451721,735.0,940.0,720.0
6,1763435557.2265317,1022.9709415435791,735.0,929.0,707.0
6,1763435557.2686727,1027.643313884735,735.0,942.0,711.0
6,1763435557.3146734,1034.8832755088806,735.0,935.0,718.0
6,1763435557.35289,1042.1513466835022,735.0,929.0,715.0
6,1763435557.3803496,1044.5217399597168,735.0,951.0,722.0
6,1763435557.4183657,1051.602557182312,735.0,956.0,714.0
6,1763435557.4495583,1056.43918800354,735.0,962.0,695.0
6,1763435557.482075,1061.2049369812012,735.0,956.0,691.0
6,1763435557.5156739,1066.1712079048157,735.0,948.0,696.0
6,1763435557.5487201,1070.931091785431,735.0,940.0,707.0
6,1763435557.5936053,1078.0029683113098,735.0,942.0,707.0
6,1763435557.6331768,1082.9420952796936,735.0,973.0,708.0
6,1763435557.6784997,1090.1036291122437,735.0,985.0,712.0
6,1763435557.7234075,1097.245171546936,735.0,993.0,702.0
6,1763435557.758144,1102.0052342414856,735.0,1022.0,699.0
6,1763435557.8001857,1109.5351247787476,735.0,1033.0,713.0
6,1763435557.838307,1114.0214948654175,735.0,1031.0,698.0
6,1763435557.8831356,1121.211567401886,735.0,1043.0,690.0
6,1763435557.91694,1126.077130317688,735.0,1062.0,699.0
6,1763435557.9446778,1130.9159784317017,735.0,1037.0,719.0
6,1763435557.9781938,1135.6126337051392,735.0,1023.0,722.0
6,1763435558.0093105,1140.4770164489746,735.0,1035.0,724.0
6,1763435558.0480793,1145.279851436615,735.0,1043.0,718.0
6,1763435558.078048,1150.0746040344238,735.0,1046.0,719.0
6,1763435558.1086204,1154.9492149353027,735.0,1043.0,722.0
6,1763435558.1435142,1159.6276669502258,735.0,1055.0,720.0
6,1763435558.1788855,1164.497986316681,735.0,1058.0,724.0
6,1763435558.2080543,1169.2633419036865,735.0,1054.0,719.0
6,1763435558.243027,1174.1145997047424,735.0,1060.0,721.0
6,1763435558.2778466,1181.3568859100342,735.0,1077.0,715.0
6,1763435558.3137505,1186.1294655799866,735.0,1087.0,718.0
6,1763435558.353546,1190.9307985305786,735.0,1095.0,723.0
6,1763435558.3988702,1198.1632857322693,735.0,1099.0,731.0
6,1763435558.4411852,1205.2056937217712,735.0,1105.0,729.0
6,1763435558.468705,1207.7630906105042,735.0,1108.0,711.0
6,1763435558.5053608,1214.9567036628723,735.0,1094.0,711.0
6,1763435558.5328233,1217.2532467842102,735.0,1086.0,715.0
6,1763435558.5690284,1224.5491771697998,735.0,1093.0,712.0
6,1763435558.6013548,1229.333487033844,735.0,1105.0,722.0
6,1763435558.6287713,1231.6059975624084,735.0,1122.0,717.0
6,1763435558.6662428,1238.9760284423828,735.0,1135.0,713.0
6,1763435558.7035546,1243.7317996025085,735.0,1132.0,715.0
6,1763435558.7305925,1248.4004883766174,735.0,1115.0,719.0
6,1763435558.7629464,1253.3478050231934,735.0,1106.0,718.0
6,1763435558.7983396,1258.12353181839,735.0,1119.0,710.0
6,1763435558.8327963,1262.8052740097046,735.0,1138.0,703.0
6,1763435558.868515,1267.715576171875,735.0,1155.0,722.0
6,1763435558.9064605,1274.9772815704346,735.0,1153.0,740.0
6,1763435558.9285736,1277.2387056350708,735.0,1168.0,736.0
6,1763435558.9633403,1282.1024446487427,735.0,1164.0,743.0
6,1763435558.9983325,1289.4297747612,735.0,1173.0,736.0
6,1763435559.0332668,1294.0534024238586,735.0,1187.0,746.0
6,1763435559.0667088,1298.8571672439575,735.0,1201.0,745.0
6,1763435559.1034076,1303.6566047668457,735.0,1200.0,736.0
6,1763435559.138103,1308.5838584899902,735.0,1207.0,736.0
6,1763435559.1684058,1313.293996334076,735.0,1220.0,740.0
6,1763435559.2030463,1318.0566339492798,735.0,1225.0,729.0
6,1763435559.2336736,1322.8238134384155,735.0,1231.0,719.0
6,1763435559.2689333,1327.7923731803894,735.0,1238.0,721.0
6,1763435559.2997208,1332.5063018798828,735.0,1249.0,740.0
6,1763435559.3338754,1337.3591690063477,735.0,1247.0,741.0
6,1763435559.373445,1344.5502429008484,735.0,1241.0,728.0
6,1763435559.4007676,1349.3274002075195,735.0,1239.0,720.0
6,1763435559.443509,1354.045548915863,735.0,1261.0,719.0
6,1763435559.482993,1361.3183765411377,735.0,1271.0,707.0
6,1763435559.5231366,1366.086450099945,735.0,1280.0,712.0
6,1763435559.5532086,1370.8765535354614,735.0,1286.0,705.0
6,1763435559.5882373,1375.6974844932556,735.0,1299.0,698.0
6,1763435559.6188264,1380.5311827659607,735.0,1302.0,707.0
6,1763435559.658346,1387.6254467964172,735.0,1299.0,714.0
6,1763435559.6936526,1392.410936832428,735.0,1296.0,729.0
6,1763435559.7287302,1397.2288637161255,735.0,1294.0,722.0
6,1763435559.7728715,1404.5276551246643,735.0,1299.0,726.0
6,1763435559.8130145,1409.6110491752625,735.0,1311.0,736.0
6,1763435559.8388374,1414.0242128372192,735.0,1322.0,739.0
6,1763435559.8693516,1418.9260392189026,735.0,1336.0,745.0
6,1763435559.903136,1423.7088470458984,735.0,1347.0,739.0
6,1763435559.9378061,1428.4261016845703,735.0,1346.0,731.0
6,1763435559.968449,1433.4026007652283,735.0,1349.0,722.0
6,1763435560.0034776,1438.172176361084,735.0,1367.0,704.0
6,1763435560.0402656,1445.257285118103,735.0,1378.0,701.0
6,1763435560.0731912,1450.0300793647766,735.0,1368.0,716.0
6,1763435560.1086466,1454.8198251724243,735.0,1366.0,722.0
6,1763435560.1428773,1459.6284537315369,735.0,1383.0,711.0
6,1763435560.1780941,1464.5095734596252,735.0,1394.0,709.0
6,1763435560.2087476,1469.22074842453,735.0,1384.0,708.0
6,1763435560.2429879,1474.0962176322937,735.0,1382.0,700.0
6,1763435560.2813516,1481.2804250717163,735.0,1371.0,706.0
6,1763435560.3234003,1486.0750346183777,735.0,1368.0,699.0
6,1763435560.3736115,1493.2793765068054,735.0,1387.0,692.0
6,1763435560.402789,1498.006287097931,735.0,1380.0,697.0
6,1763435560.440945,1505.3167371749878,735.0,1375.0,697.0
6,1763435560.4828324,1510.1526169776917,735.0,1396.0,687.0
6,1763435560.5135882,1514.8573546409607,735.0,1413.0,690.0
6,1763435560.5632234,1522.044315814972,735.0,1424.0,696.0
6,1763435560.6038074,1529.2096405029297,735.0,1429.0,695.0
6,1763435560.6349688,1534.0052156448364,735.0,1433.0,722.0
6,1763435560.6834025,1541.2665634155273,735.0,1450.0,729.0
6,1763435560.7184894,1546.0676460266113,735.0,1462.0,719.0
6,1763435560.7480361,1550.8237390518188,735.0,1466.0,704.0
6,1763435560.7732172,1553.2836108207703,735.0,1457.0,696.0
6,1763435560.8091931,1560.4544787406921,735.0,1488.0,708.0
6,1763435560.8435235,1565.2060298919678,735.0,1489.0,714.0
6,1763435560.878436,1570.1308875083923,735.0,1502.0,708.0
6,1763435560.9088526,1574.8858361244202,735.0,1504.0,685.0
6,1763435560.943782,1579.7348408699036,735.0,1504.0,688.0
6,1763435560.9783306,1584.5690755844116,735.0,1496.0,693.0
6,1763435561.017819,1591.6431336402893,735.0,1495.0,699.0
6,1763435561.0485132,1596.4240460395813,735.0,1499.0,680.0
6,1763435561.0803077,1601.2357144355774,735.0,1503.0,671.0
6,1763435561.1191034,1606.160035610199,735.0,1515.0,677.0
6,1763435561.1481526,1610.901680469513,735.0,1522.0,669.0
6,1763435561.1885724,1615.6508355140686,735.0,1539.0,673.0
6,1763435561.233598,1622.9379682540894,735.0,1551.0,691.0
6,1763435561.2586322,1627.7049689292908,735.0,1545.0,675.0
6,1763435561.2890892,1632.4329166412354,735.0,1535.0,679.0
6,1763435561.3233879,1637.296691417694,735.0,1524.0,685.0
6,1763435561.3586445,1642.1267776489258,735.0,1524.0,683.0
6,1763435561.3933842,1646.8968896865845,735.0,1521.0,693.0
6,1763435561.435031,1654.062285900116,735.0,1538.0,705.0
6,1763435561.4732573,1658.8953404426575,735.0,1541.0,699.0
6,1763435561.5029402,1663.7158064842224,735.0,1565.0,676.0
6,1763435561.5336754,1668.4000520706177,735.0,1573.0,670.0
6,1763435561.5681858,1673.2877879142761,735.0,1571.0,664.0
6,1763435561.610289,1680.4820446968079,735.0,1569.0,664.0
6,1763435561.6537867,1685.3962807655334,735.0,1578.0,662.0
6,1763435561.6995566,1692.4384026527405,735.0,1573.0,666.0
6,1763435561.7277856,1697.2743182182312,735.0,1561.0,673.0
6,1763435561.759223,1702.1478204727173,735.0,1569.0,671.0
6,1763435561.7868524,1706.813362121582,735.0,1586.0,667.0
6,1763435561.8187697,1711.6392641067505,735.0,1601.0,655.0
6,1763435561.8497572,1716.5091543197632,735.0,1590.0,637.0
6,1763435561.8855002,1721.2144284248352,735.0,1582.0,630.0
7,1763435561.9180584,1726.0134725570679,735.0,1582.0,631.0
7,1763435561.9636886,1726.0134725570679,735.0,1587.0,599.0
7,1763435562.0033822,1726.0134725570679,735.0,1595.0,585.0
7,1763435562.028017,1726.0134725570679,735.0,1637.0,642.0
7,1763435562.052776,1726.0134725570679,735.0,1634.0,661.0
7,1763435562.0828497,1726.0134725570679,735.0,1614.0,654.0
7,1763435562.1132038,1726.0134725570679,735.0,1618.0,647.0
7,1763435562.1480913,1726.0134725570679,735.0,1598.0,660.0
7,1763435562.1783895,1726.0134725570679,735.0,1598.0,651.0
7,1763435562.218325,1726.0134725570679,735.0,1599.0,639.0
7,1763435562.2585287,1726.0134725570679,735.0,1616.0,654.0
7,1763435562.292803,1726.0134725570679,735.0,1618.0,673.0
7,1763435562.3230274,1726.0134725570679,735.0,1651.0,675.0
7,1763435562.3536925,1726.0134725570679,735.0,1649.0,670.0
7,1763435562.3881276,1726.0134725570679,735.0,1654.0,734.0
7,1763435562.4181216,178.0,828.0,1712.0,805.0
7,1763435562.4582098,185.3218584060669,828.0,2431.0,782.0
7,1763435562.503471,190.0548129081726,828.0,2314.0,1193.0
7,1763435562.5287528,194.93668365478516,828.0,434.0,680.0
7,1763435562.563635,199.62225246429443,828.0,318.0,640.0
7,1763435562.5984204,204.4046311378479,828.0,279.0,787.0
7,1763435562.6281188,209.2784194946289,828.0,234.0,775.0
7,1763435562.663512,214.0570788383484,828.0,204.0,779.0
7,1763435562.7040586,221.26117038726807,828.0,190.0,793.0
7,1763435562.7507925,228.512433052063,828.0,198.0,808.0
7,1763435562.7928019,233.264413356781,828.0,218.0,792.0
7,1763435562.818502,238.05419492721558,828.0,246.0,796.0
7,1763435562.8535688,242.8342490196228,828.0,278.0,809.0
7,1763435562.8881042,247.72037553787231,828.0,304.0,811.0
7,1763435562.9247148,254.8210768699646,828.0,304.0,815.0
7,1763435562.953373,257.2898893356323,828.0,304.0,856.0
7,1763435562.9888508,264.46411895751953,828.0,322.0,846.0
7,1763435563.0215406,269.20590686798096,828.0,334.0,831.0
7,1763435563.057857,274.4368939399719,828.0,340.0,814.0
7,1763435563.0934348,278.9613513946533,828.0,333.0,811.0
7,1763435563.1235564,283.6058645248413,828.0,338.0,830.0
7,1763435563.1528556,288.41563749313354,828.0,360.0,842.0
7,1763435563.187888,293.29239416122437,828.0,374.0,858.0
7,1763435563.231111,300.5284934043884,828.0,370.0,853.0
7,1763435563.2607853,305.20927000045776,828.0,373.0,834.0
7,1763435563.2931764,310.058846950531,828.0,379.0,821.0
7,1763435563.341756,317.25421237945557,828.0,372.0,803.0
7,1763435563.3780363,322.1554665565491,828.0,360.0,803.0
7,1763435563.406565,326.94986152648926,828.0,366.0,826.0
7,1763435563.4537773,334.02402687072754,828.0,377.0,834.0
7,1763435563.4934573,338.9361171722412,828.0,373.0,833.0
7,1763435563.5214288,343.69474935531616,828.0,367.0,841.0
7,1763435563.5695655,350.87702560424805,828.0,367.0,842.0
7,1763435563.5928342,353.2721667289734,828.0,366.0,825.0
7,1763435563.629823,360.5339078903198,828.0,366.0,815.0
7,1763435563.6687684,365.299120426178,828.0,379.0,833.0
7,1763435563.7033515,370.00743436813354,828.0,400.0,842.0
7,1763435563.7335768,374.84417247772217,828.0,438.0,860.0
7,1763435563.7751577,382.0973663330078,828.0,451.0,854.0
7,1763435563.813749,386.82009267807007,828.0,456.0,853.0
7,1763435563.853578,394.024112701416,828.0,448.0,849.0
7,1763435563.8866198,398.9073781967163,828.0,444.0,848.0
7,1763435563.9231038,403.7174015045166,828.0,441.0,846.0
7,1763435563.9535162,408.5043935775757,828.0,433.0,826.0
7,1763435563.9884264,413.27371883392334,828.0,447.0,816.0
7,1763435564.021071,418.0140047073364,828.0,458.0,822.0
7,1763435564.0527892,422.82871294021606,828.0,458.0,839.0
7,1763435564.0984766,430.06077098846436,828.0,440.0,834.0
7,1763435564.1407304,437.2280626296997,828.0,440.0,830.0
7,1763435564.163232,439.67166233062744,828.0,471.0,828.0
7,1763435564.198163,444.42428636550903,828.0,473.0,820.0
7,1763435564.232998,449.23942375183105,828.0,468.0,809.0
7,1763435564.2637615,454.03946924209595,828.0,469.0,809.0
7,1763435564.3030713,461.22510719299316,828.0,482.0,814.0
7,1763435564.3380713,466.1359100341797,828.0,491.0,813.0
7,1763435564.3740535,470.8321361541748,828.0,490.0,810.0
7,1763435564.3981118,475.6251721382141,828.0,508.0,810.0
7,1763435564.4334733,480.44213342666626,828.0,517.0,813.0
7,1763435564.4635947,485.2200059890747,828.0,519.0,801.0
7,1763435564.4989727,490.10495233535767,828.0,532.0,806.0
7,1763435564.541024,497.23662424087524,828.0,529.0,808.0
7,1763435564.588864,504.458740234375,828.0,526.0,820.0
7,1763435564.6180334,509.2954068183899,828.0,522.0,810.0
7,1763435564.6484137,511.6615800857544,828.0,522.0,797.0
7,1763435564.6855237,518.9167408943176,828.0,531.0,805.0
7,1763435564.718491,523.7330942153931,828.0,536.0,807.0
7,1763435564.751187,528.5827784538269,828.0,534.0,812.0
7,1763435564.78863,533.3474545478821,828.0,544.0,805.0
7,1763435564.818089,538.1441025733948,828.0,552.0,810.0
7,1763435564.8540583,542.9305939674377,828.0,555.0,810.0
7,1763435564.8952837,550.0168113708496,828.0,551.0,805.0
7,1763435564.9377935,557.2594194412231,828.0,563.0,796.0
7,1763435564.9753392,562.1469407081604,828.0,550.0,774.0
7,1763435565.0038428,567.1668200492859,828.0,548.0,773.0
7,1763435565.0386834,571.6014413833618,828.0,557.0,787.0
7,1763435565.071514,576.5085248947144,828.0,567.0,814.0
7,1763435565.1080534,581.3549189567566,828.0,579.0,828.0
7,1763435565.1350193,586.1466317176819,828.0,590.0,826.0
7,1763435565.1837163,593.2737259864807,828.0,582.0,862.0
7,1763435565.2228928,598.0802445411682,828.0,599.0,844.0
7,1763435565.2531009,602.8103380203247,828.0,636.0,817.0
7,1763435565.2834322,607.6034455299377,828.0,644.0,817.0
7,1763435565.3188524,612.5067024230957,828.0,660.0,832.0
7,1763435565.3537054,617.3480896949768,828.0,640.0,842.0
7,1763435565.3898013,624.5820074081421,828.0,636.0,838.0
7,1763435565.422258,629.2057065963745,828.0,647.0,815.0
7,1763435565.453234,634.0476303100586,828.0,675.0,795.0
7,1763435565.4893956,638.8257532119751,828.0,685.0,798.0
7,1763435565.5187752,643.6707882881165,828.0,671.0,808.0
7,1763435565.5529556,648.5350995063782,828.0,651.0,793.0
7,1763435565.5885296,653.2953052520752,828.0,650.0,782.0
7,1763435565.6301181,660.5835824012756,828.0,655.0,788.0
7,1763435565.6733413,665.2678995132446,828.0,669.0,805.0
7,1763435565.6979337,670.1253442764282,828.0,663.0,806.0
7,1763435565.73297,674.941876411438,828.0,665.0,801.0
7,1763435565.7637413,679.6616702079773,828.0,670.0,793.0
7,1763435565.798063,684.6009044647217,828.0,684.0,786.0
7,1763435565.8333735,689.349093914032,828.0,691.0,780.0
7,1763435565.8710802,696.5848355293274,828.0,686.0,791.0
7,1763435565.8979812,701.287570476532,828.0,686.0,802.0
7,1763435565.9378793,706.0295014381409,828.0,703.0,803.0
7,1763435565.9735458,710.8965663909912,828.0,702.0,810.0
7,1763435566.0152204,718.0512337684631,828.0,698.0,807.0
7,1763435566.0598507,725.246241569519,828.0,709.0,801.0
7,1763435566.103409,730.0296216011047,828.0,720.0,797.0
7,1763435566.1430368,737.324836730957,828.0,710.0,793.0
7,1763435566.1687026,739.6137266159058,828.0,702.0,797.0
7,1763435566.2080483,746.9285397529602,828.0,722.0,809.0
7,1763435566.2534277,754.116144657135,828.0,733.0,816.0
7,1763435566.2986288,761.3847165107727,828.0,732.0,804.0
7,1763435566.3229723,763.6702089309692,828.0,734.0,789.0
7,1763435566.353586,768.4207944869995,828.0,735.0,776.0
7,1763435566.388773,773.2390432357788,828.0,742.0,768.0
7,1763435566.4233162,778.113582611084,828.0,745.0,758.0
7,1763435566.4530551,782.8017621040344,828.0,744.0,749.0
7,1763435566.4879963,787.7840547561646,828.0,739.0,750.0
7,1763435566.5185988,792.4782781600952,828.0,739.0,759.0
7,1763435566.5486202,797.313657283783,828.0,744.0,772.0
7,1763435566.5829954,802.0492582321167,828.0,732.0,791.0
7,1763435566.6180952,809.304669380188,828.0,741.0,805.0
7,1763435566.6549277,814.134684085846,828.0,752.0,804.0
7,1763435566.6877644,818.9448504447937,828.0,768.0,793.0
7,1763435566.7131498,821.3542251586914,828.0,776.0,779.0
7,1763435566.7556252,828.4307866096497,828.0,770.0,786.0
7,1763435566.7839491,833.3471326828003,828.0,766.0,800.0
7,1763435566.8234081,838.0983619689941,828.0,767.0,788.0
7,1763435566.8577986,845.2601819038391,828.0,784.0,780.0
7,1763435566.894128,850.0348358154297,828.0,800.0,800.0
7,1763435566.9264457,854.9119143486023,828.0,799.0,810.0
7,1763435566.9561148,857.3869853019714,828.0,787.0,796.0
7,1763435566.9888105,864.4013195037842,828.0,780.0,794.0
7,1763435567.024255,869.2571907043457,828.0,797.0,800.0
7,1763435567.0723717,876.5139608383179,828.0,806.0,805.0
7,1763435567.1237602,883.6606531143188,828.0,822.0,815.0
7,1763435567.1490521,888.418176651001,828.0,841.0,832.0
7,1763435567.180562,893.2055978775024,828.0,847.0,833.0
7,1763435567.2230647,898.0589656829834,828.0,855.0,828.0
7,1763435567.2636578,905.3544669151306,828.0,858.0,829.0
7,1763435567.2885423,907.6954989433289,828.0,857.0,790.0
7,1763435567.3253474,914.9240880012512,828.0,853.0,785.0
7,1763435567.3586898,919.7335391044617,828.0,858.0,806.0
7,1763435567.3929138,924.4609503746033,828.0,861.0,804.0
7,1763435567.4282355,929.3517618179321,828.0,851.0,789.0
7,1763435567.4585028,934.0572862625122,828.0,845.0,785.0
7,1763435567.4932263,938.9114408493042,828.0,861.0,786.0
7,1763435567.53846,946.2122349739075,828.0,878.0,797.0
7,1763435567.5820346,953.2300024032593,828.0,894.0,798.0
7,1763435567.6037157,955.67413854599,828.0,887.0,793.0
7,1763435567.6390674,960.4045181274414,828.0,882.0,782.0
7,1763435567.6732008,965.3122811317444,828.0,884.0,781.0
7,1763435567.702969,970.0630812644958,828.0,883.0,790.0
7,1763435567.7399163,977.5778441429138,828.0,886.0,789.0
7,1763435567.7731168,982.0357112884521,828.0,902.0,791.0
7,1763435567.8075316,986.8916897773743,828.0,913.0,788.0
7,1763435567.8382778,991.6556148529053,828.0,925.0,789.0
7,1763435567.8851695,998.8721876144409,828.0,930.0,789.0
7,1763435567.9230094,1003.6777763366699,828.0,919.0,779.0
7,1763435567.950973,1008.5572867393494,828.0,901.0,772.0
7,1763435567.9838889,1013.2990388870239,828.0,911.0,780.0
7,1763435568.018334,1018.1394248008728,828.0,916.0,797.0
7,1763435568.0582674,1025.3304986953735,828.0,922.0,806.0
7,1763435568.0882025,1027.6519684791565,828.0,952.0,811.0
7,1763435568.1337984,1034.9067358970642,828.0,959.0,807.0
7,1763435568.1752515,1042.1085028648376,828.0,959.0,789.0
7,1763435568.2141037,1046.8958168029785,828.0,964.0,785.0
7,1763435568.24858,1051.6828446388245,828.0,972.0,799.0
7,1763435568.2778304,1056.5508394241333,828.0,972.0,801.0
7,1763435568.313849,1061.304214477539,828.0,970.0,805.0
7,1763435568.3437698,1066.1022930145264,828.0,983.0,803.0
7,1763435568.3810499,1073.250415802002,828.0,1003.0,799.0
7,1763435568.4086614,1075.7417945861816,828.0,1011.0,800.0
7,1763435568.4446666,1082.8213958740234,828.0,1001.0,811.0
7,1763435568.4734135,1085.2869181632996,828.0,994.0,815.0
7,1763435568.5120296,1092.734447002411,828.0,985.0,809.0
7,1763435568.540932,1097.213628768921,828.0,994.0,807.0
7,1763435568.5689273,1099.707797050476,828.0,1010.0,806.0
7,1763435568.6045961,1106.8234114646912,828.0,1029.0,804.0
7,1763435568.6331234,1109.3374996185303,828.0,1036.0,806.0
7,1763435568.6699867,1116.4272575378418,828.0,1039.0,802.0
7,1763435568.6979146,1121.2775855064392,828.0,1029.0,791.0
7,1763435568.7340477,1126.1428265571594,828.0,1016.0,778.0
7,1763435568.7658632,1130.8376936912537,828.0,1023.0,769.0
7,1763435568.802909,1135.6272249221802,828.0,1036.0,772.0
7,1763435568.8335245,1140.4395728111267,828.0,1043.0,772.0
7,1763435568.8682015,1145.2845721244812,828.0,1040.0,777.0
7,1763435568.8980963,1150.0291137695312,828.0,1035.0,791.0
7,1763435568.933618,1154.8069505691528,828.0,1050.0,799.0
7,1763435568.9684043,1159.6415429115295,828.0,1057.0,789.0
7,1763435569.005811,1166.8023972511292,828.0,1056.0,778.0
7,1763435569.0378714,1171.7398076057434,828.0,1043.0,777.0
7,1763435569.0686247,1176.4109997749329,828.0,1039.0,796.0
7,1763435569.1137745,1181.2758831977844,828.0,1049.0,801.0
7,1763435569.1493342,1188.4724645614624,828.0,1051.0,787.0
7,1763435569.1850705,1193.3037309646606,828.0,1062.0,792.0
7,1763435569.230425,1200.5003123283386,828.0,1071.0,799.0
7,1763435569.273087,1205.2740721702576,828.0,1067.0,797.0
7,1763435569.3035555,1210.0767283439636,828.0,1060.0,795.0
7,1763435569.333583,1214.8757009506226,828.0,1078.0,792.0
7,1763435569.3684373,1219.6919827461243,828.0,1096.0,791.0
7,1763435569.404748,1226.831021785736,828.0,1110.0,799.0
7,1763435569.4333866,1229.3191103935242,828.0,1127.0,798.0
7,1763435569.463493,1234.0035705566406,828.0,1129.0,640.0
7,1763435569.498298,1241.3350849151611,828.0,1127.0,627.0
7,1763435569.5341213,1246.1090593338013,828.0,1138.0,630.0
7,1763435569.5683043,1250.8007793426514,828.0,1154.0,632.0
7,1763435569.6027904,1255.6549339294434,828.0,1178.0,617.0
7,1763435569.6336246,1260.5456738471985,828.0,1177.0,580.0
7,1763435569.6678476,1265.288498878479,828.0,1169.0,579.0
7,1763435569.7036576,1270.019772529602,828.0,1170.0,590.0
7,1763435569.7437868,1277.3829369544983,828.0,1162.0,771.0
7,1763435569.7678993,1279.7391324043274,828.0,1170.0,770.0
7,1763435569.8048291,1286.832037448883,828.0,1175.0,776.0
7,1763435569.8416328,1291.7496709823608,828.0,1174.0,789.0
7,1763435569.8732564,1296.432092666626,828.0,1170.0,790.0
7,1763435569.9181721,1303.6231307983398,828.0,1163.0,784.0
7,1763435569.9610116,1308.4664134979248,828.0,1180.0,778.0
7,1763435569.9981318,1315.6357436180115,828.0,1202.0,780.0
7,1763435570.0382628,1320.5269484519958,828.0,1198.0,780.0
7,1763435570.0636091,1325.2806096076965,828.0,1209.0,789.0
7,1763435570.09399,1330.0548701286316,828.0,1223.0,785.0
7,1763435570.1250844,1334.8662881851196,828.0,1247.0,777.0
7,1763435570.1598701,1339.7437601089478,828.0,1257.0,790.0
7,1763435570.192917,1344.406226158142,828.0,1262.0,795.0
7,1763435570.2284524,1349.2451100349426,828.0,1269.0,799.0
7,1763435570.2737515,1356.4501314163208,828.0,1273.0,798.0
7,1763435570.3132951,1361.2605123519897,828.0,1277.0,799.0
7,1763435570.350035,1368.4619216918945,828.0,1286.0,793.0
7,1763435570.3835287,1373.2036023139954,828.0,1298.0,784.0
7,1763435570.417955,1378.147306919098,828.0,1302.0,779.0
7,1763435570.4527967,1382.9255013465881,828.0,1296.0,795.0
7,1763435570.4965472,1390.299931049347,828.0,1300.0,816.0
7,1763435570.5330677,1394.8139815330505,828.0,1308.0,827.0
7,1763435570.5628915,1399.7223525047302,828.0,1322.0,805.0
7,1763435570.598263,1404.4427185058594,828.0,1327.0,792.0
7,1763435570.643386,1411.6781740188599,828.0,1341.0,805.0
7,1763435570.6776,1416.5116577148438,828.0,1349.0,818.0
7,1763435570.7089221,1421.2058453559875,828.0,1346.0,813.0
7,1763435570.7436426,1426.0362176895142,828.0,1357.0,807.0
7,1763435570.7735238,1430.8231024742126,828.0,1382.0,796.0
7,1763435570.808708,1435.603943347931,828.0,1381.0,791.0
7,1763435570.8448246,1442.8438334465027,828.0,1376.0,798.0
7,1763435570.873423,1445.2151565551758,828.0,1378.0,799.0
7,1763435570.9091382,1452.480402469635,828.0,1367.0,811.0
7,1763435570.9377754,1457.2567014694214,828.0,1369.0,808.0
7,1763435570.9682634,1459.6449761390686,828.0,1374.0,808.0
7,1763435571.013194,1466.8805389404297,828.0,1379.0,818.0
7,1763435571.03338,1469.2997841835022,828.0,1390.0,819.0
7,1763435571.0733972,1476.4378218650818,828.0,1381.0,816.0
7,1763435571.1086369,1481.4148931503296,828.0,1375.0,799.0
7,1763435571.1381435,1486.0142378807068,828.0,1387.0,801.0
7,1763435571.1735916,1490.8246188163757,828.0,1414.0,810.0
7,1763435571.203697,1495.6714777946472,828.0,1417.0,805.0
7,1763435571.233752,1500.5341796875,828.0,1426.0,809.0
7,1763435571.268922,1505.37478017807,828.0,1437.0,800.0
7,1763435571.3034601,1510.0004105567932,828.0,1450.0,793.0
7,1763435571.3382485,1517.3276691436768,828.0,1453.0,793.0
7,1763435571.3779736,1522.0919518470764,828.0,1456.0,790.0
7,1763435571.417791,1529.2590289115906,828.0,1479.0,590.0
7,1763435571.453916,1534.12051486969,828.0,1507.0,590.0
7,1763435571.4885795,1538.8105897903442,828.0,1530.0,589.0
7,1763435571.523353,1543.729010105133,828.0,1513.0,583.0
7,1763435571.5533822,1548.4194068908691,828.0,1482.0,775.0
7,1763435571.5890505,1553.2022504806519,828.0,1482.0,791.0
7,1763435571.6331666,1560.4298024177551,828.0,1486.0,799.0
7,1763435571.6681554,1565.42196559906,828.0,1493.0,624.0
7,1763435571.7032685,1570.0543193817139,828.0,1501.0,637.0
7,1763435571.7333927,1574.9394445419312,828.0,1504.0,650.0
7,1763435571.7832158,1582.0930390357971,828.0,1508.0,638.0
7,1763435571.8282773,1589.2487077713013,828.0,1530.0,627.0
7,1763435571.858644,1594.001045703888,828.0,1522.0,794.0
7,1763435571.8880134,1598.8513021469116,828.0,1515.0,613.0
7,1763435571.9228573,1603.6988406181335,828.0,1523.0,609.0
7,1763435571.9540076,1608.5253505706787,828.0,1521.0,618.0
7,1763435571.983848,1613.2942824363708,828.0,1525.0,645.0
7,1763435572.0240364,1618.063714981079,828.0,1528.0,651.0
7,1763435572.0631235,1625.283148765564,828.0,1521.0,651.0
7,1763435572.1034353,1630.0499348640442,828.0,1519.0,663.0
7,1763435572.1284897,1634.8849205970764,828.0,1528.0,633.0
7,1763435572.158414,1639.7058873176575,828.0,1523.0,633.0
7,1763435572.1933248,1644.4585828781128,828.0,1525.0,618.0
7,1763435572.2237694,1649.264886856079,828.0,1548.0,620.0
7,1763435572.254738,1654.1244773864746,828.0,1552.0,591.0
7,1763435572.2884288,1658.8070063591003,828.0,1565.0,589.0
7,1763435572.3228064,1663.6638431549072,828.0,1563.0,571.0
7,1763435572.3529935,1668.449869632721,828.0,1563.0,571.0
7,1763435572.3889277,1673.385491847992,828.0,1569.0,586.0
7,1763435572.422872,1678.0954508781433,828.0,1585.0,593.0
7,1763435572.4631917,1685.270896434784,828.0,1591.0,597.0
7,1763435572.502889,1690.1259093284607,828.0,1588.0,617.0
7,1763435572.543235,1697.2035794258118,828.0,1609.0,603.0
7,1763435572.5683644,1699.6124892234802,828.0,1620.0,564.0
7,1763435572.6054184,1706.8906812667847,828.0,1619.0,527.0
7,1763435572.6436083,1711.6355447769165,828.0,1615.0,515.0
7,1763435572.6731634,1716.4995698928833,828.0,1618.0,516.0
7,1763435572.718471,1723.7409620285034,828.0,1623.0,532.0
8,1763435572.757824,1726.1027364730835,828.0,1625.0,534.0
8,1763435572.783095,1726.1027364730835,828.0,1629.0,530.0
8,1763435572.8137884,1726.1027364730835,828.0,1637.0,522.0
8,1763435572.8434558,1726.1027364730835,828.0,1649.0,537.0
8,1763435572.873902,1726.1027364730835,828.0,1639.0,572.0
8,1763435572.9034665,1726.1027364730835,828.0,1630.0,590.0
8,1763435572.9436119,1726.1027364730835,828.0,1630.0,588.0
8,1763435572.9685237,1726.1027364730835,828.0,1631.0,592.0
8,1763435573.0030317,1726.1027364730835,828.0,1632.0,564.0
8,1763435573.0379357,1726.1027364730835,828.0,1630.0,579.0
8,1763435573.0742257,1726.1027364730835,828.0,1634.0,603.0
8,1763435573.1032093,1726.1027364730835,828.0,1625.0,613.0
8,1763435573.1441507,1726.1027364730835,828.0,1622.0,605.0
8,1763435573.1729784,1726.1027364730835,828.0,1612.0,601.0
8,1763435573.2085917,1726.1027364730835,828.0,1537.0,666.0
8,1763435573.2428038,178.0,921.0,1298.0,613.0
8,1763435573.2737615,182.93948459625244,921.0,2270.0,901.0
8,1763435573.3082814,187.7053050994873,921.0,2208.0,447.0
8,1763435573.3434684,192.55219984054565,921.0,571.0,739.0
8,1763435573.3734748,197.20150518417358,921.0,413.0,700.0
8,1763435573.4128852,204.41818523406982,921.0,315.0,728.0
8,1763435573.4379842,206.8265585899353,921.0,257.0,893.0
8,1763435573.4784136,214.07549667358398,921.0,261.0,881.0
8,1763435573.5132053,218.89374542236328,921.0,265.0,879.0
8,1763435573.5678852,228.54501295089722,921.0,279.0,888.0
8,1763435573.6029208,233.23769855499268,921.0,289.0,910.0
8,1763435573.636102,238.13805866241455,921.0,282.0,895.0
8,1763435573.6783915,242.80703353881836,921.0,280.0,888.0
8,1763435573.717816,250.10103273391724,921.0,289.0,879.0
8,1763435573.7429404,252.50100183486938,921.0,298.0,921.0
8,1763435573.7828922,259.6856384277344,921.0,315.0,909.0
8,1763435573.8180547,264.40536069869995,921.0,327.0,890.0
8,1763435573.8591113,271.61385107040405,921.0,337.0,894.0
8,1763435573.892709,276.50326776504517,921.0,347.0,909.0
8,1763435573.918386,278.8807063102722,921.0,348.0,909.0
8,1763435573.9549525,286.088481426239,921.0,346.0,904.0
8,1763435573.998315,290.85505294799805,921.0,358.0,898.0
8,1763435574.0383403,298.15620470046997,921.0,408.0,772.0
8,1763435574.0634906,300.43436574935913,921.0,413.0,772.0
8,1763435574.0985963,307.6855926513672,921.0,450.0,784.0
8,1763435574.1302636,312.4196915626526,921.0,410.0,821.0
8,1763435574.1636226,317.2089009284973,921.0,407.0,922.0
8,1763435574.1966848,322.0713882446289,921.0,414.0,915.0
8,1763435574.2287042,326.82651567459106,921.0,421.0,907.0
8,1763435574.262162,331.62037420272827,921.0,415.0,904.0
8,1763435574.3030457,336.4870457649231,921.0,409.0,908.0
8,1763435574.3391244,343.7622694969177,921.0,417.0,913.0
8,1763435574.3636644,346.0023789405823,921.0,418.0,909.0
8,1763435574.3983798,350.85531759262085,921.0,411.0,897.0
8,1763435574.4284892,355.68651247024536,921.0,417.0,884.0
8,1763435574.468837,362.8077416419983,921.0,444.0,882.0
8,1763435574.4982493,367.6494150161743,921.0,438.0,885.0
8,1763435574.5284355,372.6275591850281,921.0,435.0,892.0
8,1763435574.5688791,377.2205023765564,921.0,456.0,773.0
8,1763435574.603523,382.1285514831543,921.0,455.0,757.0
8,1763435574.649113,389.2334728240967,921.0,464.0,739.0
8,1763435574.6916065,396.44568252563477,921.0,486.0,741.0
8,1763435574.7180376,398.8857774734497,921.0,508.0,753.0
8,1763435574.7479298,403.65202713012695,921.0,525.0,774.0
8,1763435574.7828405,408.46398162841797,921.0,512.0,770.0
8,1763435574.8192728,415.74449825286865,921.0,507.0,747.0
8,1763435574.851705,420.5195813179016,921.0,505.0,737.0
8,1763435574.8877664,425.2418785095215,921.0,497.0,750.0
8,1763435574.9182553,430.098286151886,921.0,489.0,750.0
8,1763435574.9486952,434.82365894317627,921.0,473.0,874.0
8,1763435574.988886,439.70949935913086,921.0,468.0,885.0
8,1763435575.0179057,444.41026735305786,921.0,462.0,896.0
8,1763435575.0529096,449.28777503967285,921.0,461.0,888.0
8,1763435575.1029248,456.50849628448486,921.0,458.0,866.0
8,1763435575.1439757,463.60866117477417,921.0,555.0,877.0
8,1763435575.1706548,468.40716886520386,921.0,559.0,877.0
8,1763435575.2182624,475.627317905426,921.0,552.0,877.0
8,1763435575.2535925,480.55929231643677,921.0,565.0,869.0
8,1763435575.2832594,485.2204351425171,921.0,572.0,872.0
8,1763435575.314643,490.047016620636,921.0,572.0,880.0
8,1763435575.364139,497.36182975769043,921.0,573.0,884.0
8,1763435575.4043906,502.0315914154053,921.0,571.0,881.0
8,1763435575.443779,509.25410079956055,921.0,590.0,888.0
8,1763435575.4830582,514.0234618186951,921.0,594.0,894.0
8,1763435575.5079868,518.8854484558105,921.0,566.0,898.0
8,1763435575.5433981,523.666253566742,921.0,569.0,883.0
8,1763435575.5739625,528.5085349082947,921.0,594.0,746.0
8,1763435575.6088214,533.2112340927124,921.0,572.0,867.0
8,1763435575.643682,538.1022958755493,921.0,558.0,855.0
8,1763435575.684927,545.2280311584473,921.0,551.0,848.0
8,1763435575.731622,552.4372010231018,921.0,559.0,867.0
8,1763435575.7641041,557.2656421661377,921.0,578.0,893.0
8,1763435575.8127437,564.4172697067261,921.0,569.0,890.0
8,1763435575.8528886,569.2518620491028,921.0,572.0,873.0
8,1763435575.8832297,574.07093334198,921.0,550.0,886.0
8,1763435575.9178693,578.8748412132263,921.0,543.0,901.0
8,1763435575.948894,583.6337594985962,921.0,558.0,898.0
8,1763435575.979807,588.4351997375488,921.0,572.0,885.0
8,1763435576.013214,593.321147441864,921.0,638.0,896.0
8,1763435576.047835,600.5375056266785,921.0,646.0,899.0
8,1763435576.078257,602.9017834663391,921.0,636.0,893.0
8,1763435576.1089506,607.6982169151306,921.0,637.0,894.0
8,1763435576.143246,612.4562411308289,921.0,639.0,900.0
8,1763435576.182247,619.6369080543518,921.0,652.0,906.0
8,1763435576.2106981,624.4270114898682,921.0,666.0,905.0
8,1763435576.2471552,629.2740850448608,921.0,660.0,907.0
8,1763435576.2748747,634.0688018798828,921.0,640.0,916.0
8,1763435576.3086653,638.8072638511658,921.0,629.0,921.0
8,1763435576.3435261,643.6196475028992,921.0,628.0,921.0
8,1763435576.372545,648.4949736595154,921.0,638.0,916.0
8,1763435576.4037707,653.3283143043518,921.0,627.0,906.0
8,1763435576.4380965,658.0941348075867,921.0,627.0,901.0
8,1763435576.4810662,662.802770614624,921.0,635.0,890.0
8,1763435576.5085123,667.723014831543,921.0,643.0,891.0
8,1763435576.5429657,672.5182681083679,921.0,641.0,889.0
8,1763435576.5732782,677.2074489593506,921.0,668.0,903.0
8,1763435576.6149123,684.4264178276062,921.0,677.0,907.0
8,1763435576.6379514,686.9054942131042,921.0,676.0,912.0
8,1763435576.6759553,694.0866975784302,921.0,689.0,908.0
8,1763435576.7032142,696.4874534606934,921.0,704.0,902.0
8,1763435576.7391798,703.6642580032349,921.0,710.0,883.0
8,1763435576.7890053,710.9480648040771,921.0,709.0,874.0
8,1763435576.8282502,715.6052379608154,921.0,700.0,886.0
8,1763435576.8631585,720.4359321594238,921.0,701.0,898.0
8,1763435576.8993368,727.6631979942322,921.0,704.0,889.0
8,1763435576.9305105,732.4628143310547,921.0,703.0,871.0
8,1763435576.9645572,737.2726230621338,921.0,706.0,869.0
8,1763435576.9979734,742.1443371772766,921.0,730.0,762.0
8,1763435577.0428987,749.3463187217712,921.0,745.0,779.0
8,1763435577.082997,754.0438680648804,921.0,756.0,775.0
8,1763435577.1083229,758.8262467384338,921.0,760.0,740.0
8,1763435577.143125,763.754144191742,921.0,763.0,747.0
8,1763435577.1732092,768.548038482666,921.0,766.0,767.0
8,1763435577.2079868,773.2981233596802,921.0,777.0,786.0
8,1763435577.2437396,778.1309275627136,921.0,787.0,797.0
8,1763435577.2737372,782.909873008728,921.0,780.0,762.0
8,1763435577.3085217,787.7332715988159,921.0,777.0,732.0
8,1763435577.343495,792.4351840019226,921.0,775.0,735.0
8,1763435577.3793685,799.637773513794,921.0,778.0,735.0
8,1763435577.4112287,804.432454586029,921.0,785.0,737.0
8,1763435577.443636,809.266438961029,921.0,795.0,739.0
8,1763435577.4780178,814.1220240592957,921.0,798.0,728.0
8,1763435577.508509,818.8095598220825,921.0,810.0,743.0
8,1763435577.543555,823.6797003746033,921.0,803.0,764.0
8,1763435577.5733953,828.4893660545349,921.0,800.0,765.0
8,1763435577.608743,833.2112340927124,921.0,814.0,756.0
8,1763435577.6437438,838.044252872467,921.0,832.0,745.0
8,1763435577.6784203,842.8710131645203,921.0,831.0,748.0
8,1763435577.708008,847.6254253387451,921.0,839.0,746.0
8,1763435577.7430959,852.4427800178528,921.0,845.0,739.0
8,1763435577.7728324,857.3348431587219,921.0,858.0,742.0
8,1763435577.807789,864.530601978302,921.0,863.0,738.0
8,1763435577.847963,869.2185668945312,921.0,852.0,736.0
8,1763435577.8921525,876.4044551849365,921.0,847.0,719.0
8,1763435577.9328418,881.3328175544739,921.0,868.0,722.0
8,1763435577.9637175,886.0830812454224,921.0,878.0,734.0
8,1763435577.9927897,890.9067301750183,921.0,866.0,756.0
8,1763435578.023798,895.6329612731934,921.0,881.0,762.0
8,1763435578.0537856,900.4074006080627,921.0,884.0,760.0
8,1763435578.0993462,907.6408176422119,921.0,899.0,749.0
8,1763435578.138486,912.5199346542358,921.0,894.0,729.0
8,1763435578.1786983,919.6366219520569,921.0,908.0,731.0
8,1763435578.2182105,924.5315818786621,921.0,922.0,734.0
8,1763435578.2387116,926.9559054374695,921.0,918.0,867.0
8,1763435578.2787118,934.0072898864746,921.0,916.0,873.0
8,1763435578.3088214,938.8868360519409,921.0,912.0,873.0
8,1763435578.339255,943.7320499420166,921.0,909.0,879.0
8,1763435578.3735576,948.5028772354126,921.0,911.0,887.0
8,1763435578.4085622,953.2645492553711,921.0,908.0,885.0
8,1763435578.4533608,960.7280282974243,921.0,911.0,880.0
8,1763435578.4882205,965.2419714927673,921.0,927.0,730.0
8,1763435578.5162582,970.1296000480652,921.0,920.0,720.0
8,1763435578.548865,974.8531489372253,921.0,908.0,742.0
8,1763435578.5830312,979.6791582107544,921.0,911.0,758.0
8,1763435578.612867,984.5147876739502,921.0,910.0,882.0
8,1763435578.6485183,989.2752079963684,921.0,900.0,881.0
8,1763435578.6938095,996.4298396110535,921.0,900.0,876.0
8,1763435578.7329507,1001.3222961425781,921.0,906.0,889.0
8,1763435578.758654,1006.0081868171692,921.0,901.0,889.0
8,1763435578.7930036,1010.829761505127,921.0,904.0,893.0
8,1763435578.8236988,1015.7367377281189,921.0,915.0,903.0
8,1763435578.8579657,1020.5072431564331,921.0,901.0,903.0
8,1763435578.8932087,1025.342836856842,921.0,912.0,897.0
8,1763435578.9331381,1032.474401473999,921.0,923.0,906.0
8,1763435578.9851072,1039.7921829223633,921.0,935.0,795.0
8,1763435579.023422,1044.5225625038147,921.0,939.0,781.0
8,1763435579.063319,1051.7004399299622,921.0,931.0,901.0
8,1763435579.0903666,1056.4592866897583,921.0,938.0,910.0
8,1763435579.1233902,1061.2066893577576,921.0,946.0,915.0
8,1763435579.1558156,1066.0293369293213,921.0,959.0,911.0
8,1763435579.1940246,1070.920470237732,921.0,1015.0,919.0
8,1763435579.2386043,1078.016701221466,921.0,1034.0,789.0
8,1763435579.2787695,1082.904294013977,921.0,1028.0,775.0
8,1763435579.316128,1090.0397210121155,921.0,1013.0,781.0
8,1763435579.359723,1094.9294953346252,921.0,1020.0,777.0
8,1763435579.3998828,1102.14892911911,921.0,1041.0,797.0
8,1763435579.4431977,1109.3472986221313,921.0,1051.0,818.0
8,1763435579.4685812,1111.6660504341125,921.0,1038.0,780.0
8,1763435579.4982114,1116.5785698890686,921.0,1025.0,896.0
8,1763435579.543123,1123.6945061683655,921.0,1028.0,915.0
8,1763435579.5864341,1128.4226326942444,921.0,1034.0,915.0
8,1763435579.6239522,1135.624864578247,921.0,1072.0,886.0
8,1763435579.662972,1140.4423623085022,921.0,1078.0,864.0
8,1763435579.6879704,1145.2225952148438,921.0,1063.0,873.0
8,1763435579.719111,1150.0308661460876,921.0,1087.0,894.0
8,1763435579.7504323,1154.8988966941833,921.0,1105.0,889.0
8,1763435579.788787,1159.650447845459,921.0,1105.0,854.0
8,1763435579.8184216,1164.4394068717957,921.0,1090.0,835.0
8,1763435579.8480234,1169.3494944572449,921.0,1080.0,839.0
8,1763435579.8833997,1174.0803389549255,921.0,1091.0,856.0
8,1763435579.9186962,1178.944721698761,921.0,1110.0,873.0
8,1763435579.955402,1186.064341545105,921.0,1162.0,879.0
8,1763435579.983622,1188.5204224586487,921.0,1168.0,869.0
8,1763435580.0219927,1195.736315727234,921.0,1161.0,862.0
8,1763435580.073496,1202.8926639556885,921.0,1150.0,857.0
8,1763435580.1084366,1207.7255754470825,921.0,1162.0,882.0
8,1763435580.139052,1212.450340270996,921.0,1164.0,881.0
8,1763435580.1833267,1219.623318195343,921.0,1154.0,862.0
8,1763435580.222968,1224.4178919792175,921.0,1167.0,856.0
8,1763435580.2590668,1231.734314441681,921.0,1195.0,870.0
8,1763435580.3029835,1236.479356765747,921.0,1188.0,866.0
8,1763435580.3436177,1243.667462348938,921.0,1186.0,869.0
8,1763435580.3786366,1248.4920768737793,921.0,1208.0,882.0
8,1763435580.4084604,1253.2512097358704,921.0,1215.0,899.0
8,1763435580.4430985,1258.0674557685852,921.0,1206.0,904.0
8,1763435580.4778087,1262.8065257072449,921.0,1201.0,888.0
8,1763435580.515811,1270.085039615631,921.0,1201.0,881.0
8,1763435580.5583386,1274.9532489776611,921.0,1216.0,889.0
8,1763435580.5977676,1282.1471481323242,921.0,1222.0,908.0
8,1763435580.6287456,1286.9051365852356,921.0,1197.0,886.0
8,1763435580.6628346,1291.7983441352844,921.0,1187.0,884.0
8,1763435580.6982043,1296.4075593948364,921.0,1196.0,887.0
8,1763435580.728665,1301.3725786209106,921.0,1225.0,911.0
8,1763435580.7637465,1306.0775666236877,921.0,1229.0,910.0
8,1763435580.7938004,1310.8260779380798,921.0,1219.0,918.0
8,1763435580.8230922,1315.606918811798,921.0,1221.0,930.0
8,1763435580.853775,1320.475163936615,921.0,1222.0,928.0
8,1763435580.888371,1325.3355054855347,921.0,1216.0,914.0
8,1763435580.9235866,1330.0458936691284,921.0,1222.0,904.0
8,1763435580.9535494,1334.8875670433044,921.0,1246.0,907.0
8,1763435580.9830909,1339.646807193756,921.0,1248.0,929.0
8,1763435581.0193129,1344.4260745048523,921.0,1258.0,916.0
8,1763435581.0630627,1351.6116766929626,921.0,1267.0,908.0
8,1763435581.1027992,1356.508746623993,921.0,1300.0,900.0
8,1763435581.1485136,1363.721206665039,921.0,1323.0,912.0
8,1763435581.182846,1368.4452562332153,921.0,1296.0,912.0
8,1763435581.2189069,1375.7457284927368,921.0,1273.0,919.0
8,1763435581.2482035,1380.5927662849426,921.0,1271.0,923.0
8,1763435581.2887642,1385.270359992981,921.0,1289.0,909.0
8,1763435581.3151212,1390.0307445526123,921.0,1303.0,920.0
8,1763435581.3479135,1394.9157266616821,921.0,1316.0,924.0
8,1763435581.397928,1402.0312337875366,921.0,1337.0,921.0
8,1763435581.4378872,1406.9215087890625,921.0,1335.0,922.0
8,1763435581.4637263,1411.6201667785645,921.0,1315.0,926.0
8,1763435581.5009327,1416.4828329086304,921.0,1305.0,926.0
8,1763435581.5334547,1421.3408498764038,921.0,1317.0,941.0
8,1763435581.5739415,1428.5436182022095,921.0,1334.0,943.0
8,1763435581.5985868,1430.9290676116943,921.0,1347.0,935.0
8,1763435581.6345289,1438.0842714309692,921.0,1346.0,924.0
8,1763435581.6678119,1442.9044871330261,921.0,1352.0,929.0
8,1763435581.7033148,1447.658613204956,921.0,1354.0,934.0
8,1763435581.7431836,1452.5116233825684,921.0,1345.0,931.0
8,1763435581.7682517,1457.2102098464966,921.0,1328.0,918.0
8,1763435581.7986841,1462.0128660202026,921.0,1326.0,916.0
8,1763435581.833672,1466.9002084732056,921.0,1336.0,916.0
8,1763435581.8629692,1471.6195731163025,921.0,1354.0,911.0
8,1763435581.8988674,1476.56299161911,921.0,1395.0,922.0
8,1763435581.9283755,1481.2920479774475,921.0,1399.0,932.0
8,1763435581.9568028,1486.2358598709106,921.0,1401.0,926.0
8,1763435581.9938,1490.8767251968384,921.0,1405.0,909.0
8,1763435582.028606,1495.717432975769,921.0,1415.0,885.0
8,1763435582.0641222,1500.4895119667053,921.0,1428.0,870.0
8,1763435582.0937235,1505.2358775138855,921.0,1444.0,865.0
8,1763435582.1305914,1512.4217658042908,921.0,1443.0,864.0
8,1763435582.1683686,1517.3396139144897,921.0,1441.0,859.0
8,1763435582.21297,1524.4944958686829,921.0,1445.0,866.0
8,1763435582.253643,1529.2258768081665,921.0,1463.0,910.0
8,1763435582.2829757,1534.0862183570862,921.0,1461.0,898.0
8,1763435582.3180015,1538.8283281326294,921.0,1447.0,870.0
8,1763435582.3480976,1543.6312704086304,921.0,1437.0,847.0
8,1763435582.3838482,1548.4784512519836,921.0,1446.0,861.0
8,1763435582.4186103,1555.6925921440125,921.0,1443.0,873.0
8,1763435582.4536045,1560.4244737625122,921.0,1451.0,896.0
8,1763435582.4835322,1565.278950214386,921.0,1463.0,895.0
8,1763435582.5183418,1570.1660780906677,921.0,1471.0,881.0
8,1763435582.5486643,1574.8589782714844,921.0,1511.0,878.0
8,1763435582.5833151,1579.60813331604,921.0,1502.0,861.0
8,1763435582.6135948,1584.435751914978,921.0,1499.0,861.0
8,1763435582.6485672,1589.2358689308167,921.0,1512.0,872.0
8,1763435582.685159,1594.13529920578,921.0,1520.0,877.0
8,1763435582.7134135,1598.7994103431702,921.0,1526.0,886.0
8,1763435582.747761,1603.6175518035889,921.0,1528.0,887.0
8,1763435582.778418,1608.53457736969,921.0,1510.0,881.0
8,1763435582.8129413,1613.224187374115,921.0,1513.0,881.0
8,1763435582.8564532,1620.4073219299316,921.0,1530.0,893.0
8,1763435582.893449,1625.3302841186523,921.0,1555.0,893.0
8,1763435582.9366813,1632.5215010643005,921.0,1571.0,899.0
8,1763435582.9585514,1634.9033026695251,921.0,1566.0,919.0
8,1763435582.9955852,1642.036476612091,921.0,1549.0,928.0
8,1763435583.0280023,1646.9233183860779,921.0,1538.0,915.0
8,1763435583.062855,1651.6878871917725,921.0,1531.0,899.0
8,1763435583.0936894,1656.5499811172485,921.0,1530.0,888.0
8,1763435583.1401188,1663.7197403907776,921.0,1529.0,888.0
8,1763435583.1827636,1668.485954284668,921.0,1541.0,895.0
8,1763435583.22151,1675.6062536239624,921.0,1564.0,883.0
8,1763435583.2631521,1680.4054050445557,921.0,1559.0,865.0
8,1763435583.3081238,1687.6346378326416,921.0,1563.0,870.0
8,1763435583.348256,1694.919982433319,921.0,1579.0,890.0
8,1763435583.3732965,1697.2960977554321,921.0,1590.0,889.0
8,1763435583.4034555,1702.0554451942444,921.0,1593.0,889.0
8,1763435583.4387233,1706.950011730194,921.0,1597.0,896.0
8,1763435583.476448,1714.1115455627441,921.0,1610.0,906.0
8,1763435583.5029185,1716.461196422577,921.0,1608.0,911.0
8,1763435583.5389938,1723.6600308418274,921.0,1598.0,892.0
9,1763435583.5685277,1726.1213331222534,921.0,1584.0,856.0
9,1763435583.5986369,1726.1213331222534,921.0,1633.0,852.0
9,1763435583.628077,1726.1213331222534,921.0,1632.0,838.0
9,1763435583.658534,1726.1213331222534,921.0,1634.0,863.0
9,1763435583.698751,1726.1213331222534,921.0,1632.0,889.0
9,1763435583.738001,1726.1213331222534,921.0,1653.0,903.0
9,1763435583.7781491,1726.1213331222534,921.0,1656.0,888.0
9,1763435583.8037171,1726.1213331222534,921.0,1665.0,877.0
9,1763435583.8435006,1726.1213331222534,921.0,1668.0,886.0
9,1763435583.8781447,1726.1213331222534,921.0,1667.0,889.0
9,1763435583.912787,1726.1213331222534,921.0,1687.0,893.0
9,1763435583.9378781,1726.1213331222534,921.0,1590.0,834.0
9,1763435583.9679172,1726.1213331222534,921.0,2178.0,491.0
9,1763435584.0130153,1726.1213331222534,921.0,2194.0,-317.0
9,1763435584.0535657,178.0,1014.0,2858.0,-1234.0
9,1763435584.073332,180.44327783584595,1014.0,2859.0,2744.0
9,1763435584.1046042,185.32722282409668,1014.0,2857.0,2748.0
9,1763435584.1378188,190.12916374206543,1014.0,725.0,974.0
9,1763435584.1708753,194.88861846923828,1014.0,502.0,936.0
9,1763435584.2077644,199.72625064849854,1014.0,443.0,905.0
9,1763435584.2329683,204.54739618301392,1014.0,362.0,971.0
9,1763435584.2683682,209.23053312301636,1014.0,356.0,982.0
9,1763435584.2984993,214.08490228652954,1014.0,357.0,986.0
9,1763435584.3327637,218.8417820930481,1014.0,366.0,994.0
9,1763435584.3778005,226.03671836853027,1014.0,372.0,993.0
9,1763435584.4184575,230.9518485069275,1014.0,367.0,989.0
9,1763435584.4485517,235.6009750366211,1014.0,366.0,984.0
9,1763435584.4830523,240.52797842025757,1014.0,373.0,978.0
9,1763435584.5137315,245.32298135757446,1014.0,386.0,979.0
9,1763435584.5484874,250.08901643753052,1014.0,340.0,1005.0
9,1763435584.5885231,257.2639970779419,1014.0,359.0,992.0
9,1763435584.6178856,262.0327858924866,1014.0,387.0,1005.0
9,1763435584.6533282,266.927960395813,1014.0,393.0,991.0
9,1763435584.6798494,271.6320185661316,1014.0,413.0,995.0
9,1763435584.7139118,276.5511898994446,1014.0,407.0,1000.0
9,1763435584.761396,283.7202339172363,1014.0,409.0,1006.0
9,1763435584.8029983,288.4339838027954,1014.0,396.0,1003.0
9,1763435584.8329484,293.2494788169861,1014.0,409.0,998.0
9,1763435584.8736722,300.4990248680115,1014.0,405.0,996.0
9,1763435584.8982992,302.8649835586548,1014.0,423.0,982.0
9,1763435584.9435756,310.0494771003723,1014.0,422.0,968.0
9,1763435584.9782338,314.82881593704224,1014.0,417.0,966.0
9,1763435585.009019,319.71565771102905,1014.0,413.0,979.0
9,1763435585.0436916,324.56476974487305,1014.0,417.0,996.0
9,1763435585.0840394,331.7197232246399,1014.0,419.0,1014.0
9,1763435585.1083803,334.07523918151855,1014.0,425.0,1012.0
9,1763435585.1385326,338.90357303619385,1014.0,450.0,998.0
9,1763435585.1757746,346.0127501487732,1014.0,469.0,997.0
9,1763435585.2032056,348.5126762390137,1014.0,465.0,981.0
9,1763435585.2329397,353.37816762924194,1014.0,465.0,983.0
9,1763435585.2689543,358.1643371582031,1014.0,466.0,978.0
9,1763435585.3046823,365.3545527458191,1014.0,463.0,973.0
9,1763435585.3382537,370.0464515686035,1014.0,453.0,968.0
9,1763435585.372889,374.83133363723755,1014.0,449.0,976.0
9,1763435585.4082541,379.7687797546387,1014.0,466.0,981.0
9,1763435585.4555538,386.85088443756104,1014.0,480.0,971.0
9,1763435585.495865,394.01359844207764,1014.0,479.0,964.0
9,1763435585.533786,398.85444927215576,1014.0,490.0,984.0
9,1763435585.5782738,406.08622121810913,1014.0,488.0,996.0
9,1763435585.6217303,410.94373750686646,1014.0,480.0,995.0
9,1763435585.6588318,418.25315046310425,1014.0,473.0,965.0
9,1763435585.6984217,422.87738609313965,1014.0,463.0,940.0
9,1763435585.7252572,428.24030208587646,1014.0,462.0,918.0
9,1763435585.7578502,432.55000400543213,1014.0,474.0,922.0
9,1763435585.788595,437.2386841773987,1014.0,489.0,941.0
9,1763435585.8189704,442.1847491264343,1014.0,501.0,943.0
9,1763435585.864333,449.28058671951294,1014.0,500.0,935.0
9,1763435585.9056325,454.0476589202881,1014.0,494.0,926.0
9,1763435585.9330218,458.93528747558594,1014.0,520.0,955.0
9,1763435585.9686909,463.71906089782715,1014.0,525.0,958.0
9,1763435585.9983833,468.5390977859497,1014.0,549.0,964.0
9,1763435586.0282056,473.30112743377686,1014.0,567.0,976.0
9,1763435586.0636046,478.16719102859497,1014.0,568.0,981.0
9,1763435586.0979433,482.82332706451416,1014.0,565.0,971.0
9,1763435586.1394856,490.0449423789978,1014.0,573.0,965.0
9,1763435586.1634803,492.44634199142456,1014.0,576.0,959.0
9,1763435586.1932266,497.38754320144653,1014.0,571.0,969.0
9,1763435586.2334118,504.49686336517334,1014.0,562.0,962.0
9,1763435586.2730906,509.3796639442444,1014.0,559.0,967.0
9,1763435586.3035822,514.0765695571899,1014.0,565.0,973.0
9,1763435586.3382676,518.8848404884338,1014.0,572.0,979.0
9,1763435586.3683317,523.7641363143921,1014.0,575.0,983.0
9,1763435586.4034681,528.5789160728455,1014.0,569.0,990.0
9,1763435586.4330757,533.2292943000793,1014.0,565.0,979.0
9,1763435586.4680753,538.1325154304504,1014.0,574.0,971.0
9,1763435586.508171,545.2102928161621,1014.0,613.0,972.0
9,1763435586.5479949,550.1071481704712,1014.0,619.0,974.0
9,1763435586.602091,559.6527366638184,1014.0,632.0,992.0
9,1763435586.6237755,562.0968012809753,1014.0,635.0,984.0
9,1763435586.6536896,566.8909459114075,1014.0,638.0,965.0
9,1763435586.6887677,571.6171054840088,1014.0,629.0,951.0
9,1763435586.7139983,576.550009727478,1014.0,618.0,939.0
9,1763435586.7484639,581.292441368103,1014.0,626.0,953.0
9,1763435586.7832592,586.0802917480469,1014.0,640.0,958.0
9,1763435586.8139043,590.8228306770325,1014.0,644.0,964.0
9,1763435586.8568053,598.0065016746521,1014.0,621.0,963.0
9,1763435586.8832908,600.4653005599976,1014.0,617.0,975.0
9,1763435586.9202933,607.6830177307129,1014.0,632.0,993.0
9,1763435586.9555655,612.4551682472229,1014.0,649.0,983.0
9,1763435586.987946,617.2746686935425,1014.0,660.0,969.0
9,1763435587.018166,622.0133810043335,1014.0,661.0,968.0
9,1763435587.0496686,626.9001870155334,1014.0,655.0,986.0
9,1763435587.080283,631.6778092384338,1014.0,638.0,1000.0
9,1763435587.113858,636.5554599761963,1014.0,629.0,1001.0
9,1763435587.1482253,641.2709264755249,1014.0,659.0,1000.0
9,1763435587.1835995,646.0102109909058,1014.0,678.0,1006.0
9,1763435587.2184594,650.970974445343,1014.0,688.0,1006.0
9,1763435587.2485027,655.7248859405518,1014.0,697.0,1013.0
9,1763435587.283536,660.5156331062317,1014.0,703.0,1011.0
9,1763435587.3253214,667.7642850875854,1014.0,708.0,997.0
9,1763435587.3633845,672.4148778915405,1014.0,712.0,978.0
9,1763435587.4131956,682.0952920913696,1014.0,706.0,971.0
9,1763435587.4436107,684.4428687095642,1014.0,699.0,976.0
9,1763435587.4884365,691.7603282928467,1014.0,708.0,969.0
9,1763435587.5133827,696.4351325035095,1014.0,736.0,951.0
9,1763435587.5528784,701.3341336250305,1014.0,750.0,958.0
9,1763435587.5879252,706.0190229415894,1014.0,740.0,974.0
9,1763435587.6328661,713.2147459983826,1014.0,739.0,977.0
9,1763435587.6685722,718.1468634605408,1014.0,745.0,967.0
9,1763435587.712774,725.242021560669,1014.0,748.0,955.0
9,1763435587.7481925,730.1262884140015,1014.0,746.0,937.0
9,1763435587.7842903,737.2956900596619,1014.0,745.0,924.0
9,1763435587.8130817,742.0782117843628,1014.0,760.0,934.0
9,1763435587.8581405,746.8182473182678,1014.0,776.0,941.0
9,1763435587.895796,754.0172247886658,1014.0,776.0,936.0
9,1763435587.9235241,756.4035682678223,1014.0,793.0,944.0
9,1763435587.960966,763.649573802948,1014.0,806.0,951.0
9,1763435587.9879985,766.0932092666626,1014.0,811.0,950.0
9,1763435588.0180566,770.7996635437012,1014.0,814.0,951.0
9,1763435588.0530028,778.0663757324219,1014.0,812.0,950.0
9,1763435588.088915,782.9813270568848,1014.0,808.0,936.0
9,1763435588.1281116,787.7599506378174,1014.0,803.0,931.0
9,1763435588.1528842,792.5917177200317,1014.0,809.0,931.0
9,1763435588.1896687,797.2808628082275,1014.0,801.0,946.0
9,1763435588.2237551,802.0368843078613,1014.0,797.0,952.0
9,1763435588.2536528,806.9965391159058,1014.0,784.0,952.0
9,1763435588.2880964,811.6456298828125,1014.0,783.0,958.0
9,1763435588.3241134,816.45454454422,1014.0,786.0,952.0
9,1763435588.3600779,823.6434011459351,1014.0,811.0,937.0
9,1763435588.3883286,826.068904876709,1014.0,827.0,931.0
9,1763435588.4288058,833.3482055664062,1014.0,820.0,943.0
9,1763435588.453842,838.1922392845154,1014.0,807.0,962.0
9,1763435588.4911392,842.8103594779968,1014.0,848.0,959.0
9,1763435588.519913,847.6077585220337,1014.0,856.0,954.0
9,1763435588.559756,852.4922399520874,1014.0,864.0,949.0
9,1763435588.593851,857.2291641235352,1014.0,863.0,952.0
9,1763435588.6230855,862.0873599052429,1014.0,866.0,965.0
9,1763435588.6581082,866.8943791389465,1014.0,875.0,965.0
9,1763435588.7030225,874.1013317108154,1014.0,869.0,948.0
9,1763435588.7441797,881.2715559005737,1014.0,859.0,936.0
9,1763435588.7783372,886.0196380615234,1014.0,869.0,955.0
9,1763435588.8247912,893.3343439102173,1014.0,770.0,892.0
9,1763435588.8666844,898.0563192367554,1014.0,1601.0,976.0
9,1763435588.9058516,905.337908744812,1014.0,935.0,859.0
9,1763435588.9538074,912.5098495483398,1014.0,933.0,847.0
9,1763435588.977803,914.8798494338989,1014.0,890.0,960.0
9,1763435589.017899,922.0529346466064,1014.0,888.0,984.0
9,1763435589.0577917,926.8051652908325,1014.0,874.0,989.0
9,1763435589.083128,931.6054253578186,1014.0,877.0,980.0
9,1763435589.1184273,936.5769176483154,1014.0,877.0,972.0
9,1763435589.1637394,943.6338095664978,1014.0,875.0,964.0
9,1763435589.2027597,948.5448627471924,1014.0,865.0,962.0
9,1763435589.240483,955.6256442070007,1014.0,871.0,966.0
9,1763435589.2690043,958.1246404647827,1014.0,881.0,963.0
9,1763435589.3049362,965.3678207397461,1014.0,883.0,946.0
9,1763435589.338205,970.1251654624939,1014.0,899.0,940.0
9,1763435589.3684075,974.8032240867615,1014.0,899.0,954.0
9,1763435589.4006667,979.6174674034119,1014.0,914.0,950.0
9,1763435589.4341042,984.4889311790466,1014.0,935.0,947.0
9,1763435589.468203,989.2498164176941,1014.0,940.0,941.0
9,1763435589.5040834,994.1515712738037,1014.0,944.0,940.0
9,1763435589.533568,998.8287358283997,1014.0,934.0,948.0
9,1763435589.568547,1003.677239894867,1014.0,938.0,959.0
9,1763435589.6028113,1008.4762482643127,1014.0,944.0,966.0
9,1763435589.6403043,1015.6699686050415,1014.0,954.0,978.0
9,1763435589.6739337,1020.5113201141357,1014.0,961.0,979.0
9,1763435589.709637,1025.3880052566528,1014.0,961.0,967.0
9,1763435589.7434828,1030.057409286499,1014.0,966.0,971.0
9,1763435589.7883785,1037.2278480529785,1014.0,965.0,969.0
9,1763435589.8344116,1044.5087223052979,1014.0,960.0,954.0
9,1763435589.867899,1049.2947845458984,1014.0,967.0,952.0
9,1763435589.8935878,1054.154124736786,1014.0,980.0,976.0
9,1763435589.9287813,1058.9406518936157,1014.0,989.0,977.0
9,1763435589.96228,1063.7239603996277,1014.0,994.0,965.0
9,1763435589.9985836,1068.6001448631287,1014.0,1006.0,963.0
9,1763435590.0433667,1075.6460933685303,1014.0,1028.0,989.0
9,1763435590.0836573,1080.509081363678,1014.0,1046.0,979.0
9,1763435590.114212,1085.373571395874,1014.0,1055.0,972.0
9,1763435590.1530478,1092.4734501838684,1014.0,1044.0,996.0
9,1763435590.1995986,1099.6068744659424,1014.0,1039.0,1006.0
9,1763435590.242973,1104.4089941978455,1014.0,1048.0,1009.0
9,1763435590.2684956,1109.2569975852966,1014.0,1064.0,1004.0
9,1763435590.3036568,1114.1675143241882,1014.0,1057.0,1000.0
9,1763435590.3377967,1118.9462809562683,1014.0,1044.0,996.0
9,1763435590.3679633,1123.7043766975403,1014.0,1050.0,1003.0
9,1763435590.397869,1128.4425883293152,1014.0,1052.0,994.0
9,1763435590.4418058,1135.697033882141,1014.0,1060.0,988.0
9,1763435590.475714,1140.4634623527527,1014.0,1066.0,990.0
9,1763435590.4989262,1142.8045301437378,1014.0,1115.0,988.0
9,1763435590.5337045,1150.1716284751892,1014.0,1113.0,978.0
9,1763435590.5732398,1154.899254322052,1014.0,1110.0,975.0
9,1763435590.6079438,1159.6476225852966,1014.0,1112.0,963.0
9,1763435590.6431592,1164.4843606948853,1014.0,1122.0,959.0
9,1763435590.672956,1169.2046194076538,1014.0,1132.0,901.0
9,1763435590.7180474,1176.4683632850647,1014.0,1130.0,892.0
9,1763435590.7609687,1183.6069731712341,1014.0,1153.0,880.0
9,1763435590.7832494,1186.1122636795044,1014.0,1157.0,925.0
9,1763435590.8247628,1193.2166485786438,1014.0,1161.0,932.0
9,1763435590.8603013,1198.1054573059082,1014.0,1170.0,948.0
9,1763435590.9085596,1205.2018671035767,1014.0,1173.0,949.0
9,1763435590.9434228,1210.1258306503296,1014.0,1142.0,954.0
9,1763435590.9734018,1214.8282079696655,1014.0,1141.0,949.0
9,1763435591.0031757,1219.6175246238708,1014.0,1148.0,953.0
9,1763435591.0390112,1224.573281288147,1014.0,1155.0,954.0
9,1763435591.0728362,1229.2860655784607,1014.0,1168.0,949.0
9,1763435591.1078093,1234.1180114746094,1014.0,1175.0,942.0
9,1763435591.138154,1238.846209526062,1014.0,1179.0,949.0
9,1763435591.1734667,1246.135952949524,1014.0,1206.0,963.0
9,1763435591.210336,1250.80775308609,1014.0,1219.0,954.0
9,1763435591.2478502,1255.662193775177,1014.0,1221.0,937.0
9,1763435591.2729087,1260.5278639793396,1014.0,1225.0,937.0
9,1763435591.3074172,1265.2938990592957,1014.0,1238.0,951.0
9,1763435591.3385906,1270.1085000038147,1014.0,1240.0,950.0
9,1763435591.3685236,1274.8050837516785,1014.0,1231.0,942.0
9,1763435591.4030743,1279.7394542694092,1014.0,1238.0,936.0
9,1763435591.442767,1284.4844608306885,1014.0,1222.0,946.0
9,1763435591.4730194,1289.338222026825,1014.0,1230.0,941.0
9,1763435591.508776,1294.0433888435364,1014.0,1237.0,937.0
9,1763435591.5377738,1298.9340929985046,1014.0,1244.0,945.0
9,1763435591.5681436,1303.6454467773438,1014.0,1251.0,959.0
9,1763435591.6035857,1308.5744171142578,1014.0,1237.0,979.0
9,1763435591.6481574,1315.7482175827026,1014.0,1231.0,972.0
9,1763435591.6778822,1320.4336075782776,1014.0,1220.0,963.0
9,1763435591.7080936,1325.2076892852783,1014.0,1255.0,949.0
9,1763435591.7430425,1330.1535396575928,1014.0,1280.0,945.0
9,1763435591.7737305,1334.810176372528,1014.0,1285.0,942.0
9,1763435591.8180065,1342.1786336898804,1014.0,1268.0,933.0
9,1763435591.8578105,1346.8077330589294,1014.0,1265.0,935.0
9,1763435591.8990016,1354.1898875236511,1014.0,1268.0,945.0
9,1763435591.9455771,1361.3379745483398,1014.0,1275.0,955.0
9,1763435591.988599,1366.016140460968,1014.0,1281.0,970.0
9,1763435592.0284991,1373.3068852424622,1014.0,1275.0,949.0
9,1763435592.0584424,1378.0377297401428,1014.0,1272.0,946.0
9,1763435592.08783,1382.8005104064941,1014.0,1280.0,956.0
9,1763435592.1231964,1387.7875595092773,1014.0,1306.0,962.0
9,1763435592.1580877,1392.4093990325928,1014.0,1301.0,964.0
9,1763435592.2037005,1399.7469215393066,1014.0,1301.0,954.0
9,1763435592.243737,1404.4764785766602,1014.0,1314.0,960.0
9,1763435592.268839,1409.3149333000183,1014.0,1311.0,983.0
9,1763435592.3029907,1414.1674785614014,1014.0,1311.0,997.0
9,1763435592.3385274,1418.8760786056519,1014.0,1351.0,988.0
9,1763435592.3779695,1426.0220913887024,1014.0,1362.0,910.0
9,1763435592.411891,1430.8120517730713,1014.0,1379.0,919.0
9,1763435592.4410245,1435.6561570167542,1014.0,1395.0,986.0
9,1763435592.4686837,1438.1542592048645,1014.0,1385.0,990.0
9,1763435592.5209756,1447.7567462921143,1014.0,1364.0,1011.0
9,1763435592.5579255,1452.5536804199219,1014.0,1356.0,1015.0
9,1763435592.588095,1457.2882800102234,1014.0,1369.0,995.0
9,1763435592.6184168,1462.089756011963,1014.0,1379.0,991.0
9,1763435592.6645546,1469.3058280944824,1014.0,1380.0,1006.0
9,1763435592.6986773,1474.0509777069092,1014.0,1376.0,1017.0
9,1763435592.7339978,1478.9799122810364,1014.0,1402.0,1026.0
9,1763435592.7635,1483.7103991508484,1014.0,1434.0,1027.0
9,1763435592.7984684,1488.4548335075378,1014.0,1447.0,1038.0
9,1763435592.842813,1495.6228046417236,1014.0,1454.0,1050.0
9,1763435592.8830683,1500.4420189857483,1014.0,1453.0,1046.0
9,1763435592.9287527,1507.6589851379395,1014.0,1449.0,1029.0
9,1763435592.968765,1514.9085669517517,1014.0,1461.0,1008.0
9,1763435593.0133286,1522.1152334213257,1014.0,1470.0,981.0
9,1763435593.0583818,1526.8550186157227,1014.0,1440.0,1009.0
9,1763435593.1035016,1534.0587167739868,1014.0,1432.0,1032.0
9,1763435593.1383364,1538.8056545257568,1014.0,1452.0,1025.0
9,1763435593.178806,1546.0140376091003,1014.0,1462.0,1014.0
9,1763435593.2032201,1548.4594254493713,1014.0,1473.0,1022.0
9,1763435593.2339003,1553.2129077911377,1014.0,1481.0,1035.0
9,1763435593.2788813,1560.4036598205566,1014.0,1496.0,1004.0
9,1763435593.3136437,1565.251341342926,1014.0,1503.0,1006.0
9,1763435593.344302,1570.1449065208435,1014.0,1502.0,997.0
9,1763435593.3784008,1574.9351172447205,1014.0,1493.0,1008.0
9,1763435593.4085023,1579.6791224479675,1014.0,1510.0,999.0
9,1763435593.4436774,1584.4616441726685,1014.0,1520.0,993.0
9,1763435593.4731765,1589.3812446594238,1014.0,1500.0,986.0
9,1763435593.50891,1594.0128831863403,1014.0,1490.0,972.0
9,1763435593.5381026,1598.9288001060486,1014.0,1496.0,988.0
9,1763435593.5790548,1606.0052542686462,1014.0,1500.0,1016.0
9,1763435593.6084325,1610.9148411750793,1014.0,1507.0,1033.0
9,1763435593.6340718,1613.263204574585,1014.0,1526.0,1010.0
9,1763435593.6630175,1618.0537014007568,1014.0,1529.0,1011.0
9,1763435593.698457,1622.947874546051,1014.0,1520.0,1013.0
9,1763435593.72845,1627.7417330741882,1014.0,1529.0,1021.0
9,1763435593.7636163,1632.4551968574524,1014.0,1541.0,1015.0
9,1763435593.7935848,1637.332275390625,1014.0,1533.0,1023.0
9,1763435593.827934,1642.1725540161133,1014.0,1530.0,1022.0
9,1763435593.864485,1649.303367614746,1014.0,1529.0,1004.0
9,1763435593.8978908,1654.1244773864746,1014.0,1526.0,992.0
9,1763435593.9285443,1658.9184432029724,1014.0,1532.0,957.0
9,1763435593.9619212,1663.6334447860718,1014.0,1523.0,938.0
9,1763435593.994135,1668.5319809913635,1014.0,1516.0,933.0
9,1763435594.0286481,1673.3797340393066,1014.0,1554.0,941.0
9,1763435594.0627596,1678.0530004501343,1014.0,1575.0,934.0
9,1763435594.1066575,1685.3306560516357,1014.0,1582.0,917.0
9,1763435594.1428125,1690.1659994125366,1014.0,1578.0,933.0
9,1763435594.1848748,1697.3528890609741,1014.0,1585.0,954.0
9,1763435594.2131026,1702.0813374519348,1014.0,1616.0,942.0
9,1763435594.2435827,1704.4155387878418,1014.0,1608.0,934.0
9,1763435594.2800903,1711.6655139923096,1014.0,1622.0,966.0
9,1763435594.3087482,1714.0913395881653,1014.0,1639.0,975.0
9,1763435594.338669,1718.9532189369202,1014.0,1646.0,965.0
