line_idx,timestamp,dot_x,dot_y,gaze_x,gaze_y
0,1763601714.7597852,178.0,178.0,172.0,227.0
0,1763601714.800274,182.8328399658203,178.0,174.0,224.0
0,1763601714.830434,187.64279174804688,178.0,181.0,220.0
0,1763601714.865577,192.33250904083252,178.0,183.0,217.0
0,1763601714.910048,199.605122089386,178.0,178.0,206.0
0,1763601714.9370682,202.04611110687256,178.0,175.0,202.0
0,1763601714.9704947,209.29479885101318,178.0,182.0,198.0
0,1763601715.014765,214.01144552230835,178.0,193.0,205.0
0,1763601715.0540457,221.15838813781738,178.0,201.0,212.0
0,1763601715.0946631,226.12365770339966,178.0,198.0,212.0
0,1763601715.13477,233.11760711669922,178.0,191.0,211.0
0,1763601715.1699388,237.98334884643555,178.0,194.0,218.0
0,1763601715.2000751,242.85538482666016,178.0,201.0,222.0
0,1763601715.2302275,247.5522904396057,178.0,208.0,228.0
0,1763601715.2704995,252.3538737297058,178.0,218.0,230.0
0,1763601715.315215,259.6470503807068,178.0,227.0,232.0
0,1763601715.3410492,264.40135526657104,178.0,233.0,231.0
0,1763601715.365751,266.74335289001465,178.0,203.0,233.0
0,1763601715.4004169,271.5954689979553,178.0,204.0,229.0
0,1763601715.4387865,278.7333993911743,178.0,208.0,219.0
0,1763601715.4698238,283.64348697662354,178.0,210.0,222.0
0,1763601715.5052097,288.34446954727173,178.0,206.0,236.0
0,1763601715.535664,293.21936655044556,178.0,220.0,253.0
0,1763601715.564992,297.9663043022156,178.0,228.0,249.0
0,1763601715.6152346,305.18427181243896,178.0,245.0,236.0
0,1763601715.654787,309.93514347076416,178.0,253.0,241.0
0,1763601715.6797957,314.8386149406433,178.0,251.0,242.0
0,1763601715.7097447,319.58287048339844,178.0,255.0,241.0
0,1763601715.7414327,324.4005470275879,178.0,271.0,230.0
0,1763601715.7751591,329.2182950973511,178.0,255.0,220.0
0,1763601715.8102345,333.9189558029175,178.0,243.0,193.0
0,1763601715.8382192,338.85379123687744,178.0,246.0,194.0
0,1763601715.8864493,345.9388642311096,178.0,267.0,209.0
0,1763601715.934466,353.1425266265869,178.0,278.0,221.0
0,1763601715.9568136,355.6299715042114,178.0,279.0,225.0
0,1763601715.9853644,360.3566675186157,178.0,286.0,230.0
0,1763601716.0203142,365.2852087020874,178.0,298.0,231.0
0,1763601716.0462842,370.0016407966614,178.0,306.0,225.0
0,1763601716.0851429,374.84799909591675,178.0,315.0,215.0
0,1763601716.1268072,381.9411187171936,178.0,324.0,213.0
0,1763601716.170176,389.24699115753174,178.0,317.0,229.0
0,1763601716.2155073,394.0338044166565,178.0,322.0,239.0
0,1763601716.2557416,401.2386112213135,178.0,325.0,239.0
0,1763601716.2800317,403.58600902557373,178.0,327.0,235.0
0,1763601716.3242838,410.72544145584106,178.0,327.0,238.0
0,1763601716.3507836,415.6490831375122,178.0,325.0,239.0
0,1763601716.3915982,420.3706650733948,178.0,326.0,234.0
0,1763601716.41465,425.2339391708374,178.0,332.0,219.0
0,1763601716.4505408,429.960813999176,178.0,346.0,226.0
0,1763601716.4899442,434.82018995285034,178.0,344.0,229.0
0,1763601716.5261908,441.9928460121155,178.0,338.0,234.0
0,1763601716.5579958,446.78366470336914,178.0,381.0,237.0
0,1763601716.5858235,449.2530493736267,178.0,367.0,249.0
0,1763601716.61545,454.0381817817688,178.0,360.0,251.0
0,1763601716.6561081,461.1219673156738,178.0,353.0,250.0
0,1763601716.705473,468.43073654174805,178.0,369.0,252.0
0,1763601716.7299573,473.21418809890747,178.0,390.0,256.0
0,1763601716.766331,478.009548664093,178.0,396.0,247.0
0,1763601716.8101273,485.2396755218506,178.0,403.0,249.0
0,1763601716.8350213,487.63470935821533,178.0,410.0,264.0
0,1763601716.8723063,492.3519639968872,178.0,403.0,259.0
0,1763601716.9105108,499.56317234039307,178.0,396.0,235.0
0,1763601716.9349902,501.9137530326843,178.0,401.0,213.0
0,1763601716.9654741,506.77341508865356,178.0,412.0,215.0
0,1763601716.9997492,511.6734890937805,178.0,415.0,228.0
0,1763601717.0304608,516.3522272109985,178.0,421.0,240.0
0,1763601717.0654461,521.2177901268005,178.0,420.0,247.0
0,1763601717.0956132,526.0535268783569,178.0,425.0,246.0
0,1763601717.1256192,530.7437806129456,178.0,428.0,240.0
0,1763601717.1664698,538.0312352180481,178.0,432.0,237.0
0,1763601717.2050505,542.8136496543884,178.0,446.0,232.0
0,1763601717.2505376,550.0551133155823,178.0,457.0,222.0
0,1763601717.2851505,554.7603874206543,178.0,472.0,246.0
0,1763601717.324947,561.9835405349731,178.0,474.0,259.0
0,1763601717.3498025,564.5151882171631,178.0,474.0,254.0
0,1763601717.3857286,569.1508321762085,178.0,472.0,245.0
0,1763601717.4146416,573.9687232971191,178.0,473.0,233.0
0,1763601717.4564576,581.195059299469,178.0,477.0,232.0
0,1763601717.4800956,583.5654168128967,178.0,478.0,243.0
0,1763601717.5256495,590.7233743667603,178.0,473.0,251.0
0,1763601717.5598989,595.6951169967651,178.0,481.0,249.0
0,1763601717.5850263,600.3510026931763,178.0,504.0,238.0
0,1763601717.61541,605.2618055343628,178.0,512.0,232.0
0,1763601717.6501951,609.9891810417175,178.0,516.0,226.0
0,1763601717.680562,614.8072867393494,178.0,530.0,230.0
0,1763601717.7255826,621.959379196167,178.0,538.0,241.0
0,1763601717.7596855,626.8916754722595,178.0,530.0,244.0
0,1763601717.7900877,631.6206603050232,178.0,522.0,238.0
0,1763601717.8210294,636.4086894989014,178.0,527.0,232.0
0,1763601717.8524523,641.1395697593689,178.0,533.0,216.0
0,1763601717.8803937,643.5603528022766,178.0,540.0,210.0
0,1763601717.9246366,650.8346467018127,178.0,540.0,216.0
0,1763601717.9560583,655.5575160980225,178.0,549.0,230.0
0,1763601717.9900742,660.3173642158508,178.0,563.0,228.0
0,1763601718.020164,665.2700095176697,178.0,561.0,235.0
0,1763601718.0507028,669.9903039932251,178.0,567.0,227.0
0,1763601718.0850453,674.7152833938599,178.0,570.0,222.0
0,1763601718.1154683,679.5222668647766,178.0,577.0,219.0
0,1763601718.1503232,684.4135789871216,178.0,583.0,220.0
0,1763601718.1851594,689.2554669380188,178.0,592.0,222.0
0,1763601718.2244322,696.4038043022156,178.0,600.0,221.0
0,1763601718.2604923,701.1468796730042,178.0,611.0,217.0
0,1763601718.2946868,706.036904335022,178.0,621.0,221.0
0,1763601718.3301253,713.2393865585327,178.0,627.0,216.0
0,1763601718.37516,718.0740146636963,178.0,634.0,208.0
0,1763601718.4005086,722.8089718818665,178.0,642.0,217.0
0,1763601718.4352834,727.6004343032837,178.0,643.0,227.0
0,1763601718.4804106,734.7896127700806,178.0,629.0,225.0
0,1763601718.5197608,739.5947008132935,178.0,630.0,214.0
0,1763601718.5411994,744.399896144867,178.0,633.0,203.0
0,1763601718.5706053,749.3113784790039,178.0,633.0,207.0
0,1763601718.6055574,754.0471940040588,178.0,641.0,201.0
0,1763601718.645433,758.7459950447083,178.0,654.0,202.0
0,1763601718.6902533,765.9253387451172,178.0,667.0,209.0
0,1763601718.7249365,770.7752733230591,178.0,672.0,211.0
0,1763601718.750235,775.6341485977173,178.0,665.0,189.0
0,1763601718.775238,778.0243544578552,178.0,659.0,174.0
0,1763601718.8055196,782.8607349395752,178.0,667.0,180.0
0,1763601718.8349402,787.6568465232849,178.0,682.0,200.0
0,1763601718.8698444,792.3694162368774,178.0,695.0,211.0
0,1763601718.9007537,797.2198872566223,178.0,696.0,210.0
0,1763601718.9359732,801.9731192588806,178.0,691.0,208.0
0,1763601718.9646385,806.8254141807556,178.0,679.0,212.0
0,1763601718.999822,811.5782527923584,178.0,689.0,221.0
0,1763601719.0372612,818.7780528068542,178.0,702.0,232.0
0,1763601719.059904,821.118691444397,178.0,724.0,228.0
0,1763601719.094865,825.9308247566223,178.0,730.0,225.0
0,1763601719.124744,830.721893787384,178.0,731.0,227.0
0,1763601719.1601985,835.5860977172852,178.0,722.0,240.0
0,1763601719.1903403,840.4367117881775,178.0,716.0,237.0
0,1763601719.2197416,845.224383354187,178.0,715.0,228.0
0,1763601719.254664,850.0245003700256,178.0,722.0,217.0
0,1763601719.2901473,857.2426824569702,178.0,728.0,218.0
0,1763601719.325134,862.3270778656006,178.0,743.0,224.0
0,1763601719.3705423,869.1503672599792,178.0,750.0,228.0
0,1763601719.4002404,871.6362028121948,178.0,749.0,233.0
0,1763601719.4456625,878.8540987968445,178.0,756.0,242.0
0,1763601719.4863055,886.0358386039734,178.0,760.0,239.0
0,1763601719.510245,888.3420376777649,178.0,778.0,234.0
0,1763601719.5406964,893.1418685913086,178.0,797.0,231.0
0,1763601719.5751204,898.0179815292358,178.0,785.0,230.0
0,1763601719.6050253,902.8581528663635,178.0,766.0,216.0
0,1763601719.634849,907.6164631843567,178.0,763.0,225.0
0,1763601719.6702294,912.3699812889099,178.0,781.0,240.0
0,1763601719.6996453,917.197850227356,178.0,794.0,252.0
0,1763601719.7352228,922.0445303916931,178.0,804.0,254.0
0,1763601719.765185,926.8376021385193,178.0,803.0,265.0
0,1763601719.8105345,933.953323841095,178.0,810.0,271.0
0,1763601719.8554716,941.2189989089966,178.0,820.0,268.0
0,1763601719.8951232,946.1128144264221,178.0,823.0,255.0
0,1763601719.9202986,950.7591156959534,178.0,814.0,267.0
0,1763601719.9571671,955.5972485542297,178.0,822.0,280.0
0,1763601719.9980025,962.7597122192383,178.0,823.0,274.0
0,1763601720.040623,967.6580338478088,178.0,824.0,268.0
0,1763601720.07983,974.857476234436,178.0,820.0,261.0
0,1763601720.105432,977.2411017417908,178.0,835.0,273.0
0,1763601720.1351008,982.0157198905945,178.0,840.0,284.0
0,1763601720.1753995,989.1959218978882,178.0,843.0,291.0
0,1763601720.2147973,994.0368084907532,178.0,844.0,292.0
0,1763601720.239954,998.7219839096069,178.0,856.0,288.0
0,1763601720.2799482,1003.6238102912903,178.0,875.0,284.0
0,1763601720.3204513,1010.8585863113403,178.0,878.0,278.0
0,1763601720.344625,1013.2108120918274,178.0,888.0,286.0
0,1763601720.375874,1018.0915384292603,178.0,901.0,286.0
0,1763601720.4046283,1022.7129845619202,178.0,907.0,291.0
0,1763601720.4400167,1027.5617389678955,178.0,908.0,278.0
0,1763601720.475521,1035.048749923706,178.0,909.0,277.0
0,1763601720.5297198,1042.064335823059,178.0,914.0,282.0
0,1763601720.5715024,1049.2966084480286,178.0,927.0,295.0
0,1763601720.6063137,1054.057529449463,178.0,939.0,276.0
0,1763601720.6554642,1061.2209587097168,178.0,963.0,264.0
0,1763601720.67544,1063.5449676513672,178.0,968.0,268.0
0,1763601720.7048876,1068.469253063202,178.0,958.0,276.0
0,1763601720.7351465,1073.2306389808655,178.0,957.0,288.0
0,1763601720.7656443,1078.04802942276,178.0,960.0,289.0
0,1763601720.8001523,1082.7308444976807,178.0,956.0,286.0
0,1763601720.8351479,1087.5744848251343,178.0,957.0,272.0
0,1763601720.8620636,1092.4177317619324,178.0,967.0,263.0
0,1763601720.89659,1097.5474028587341,178.0,960.0,275.0
0,1763601720.9305499,1101.9283442497253,178.0,965.0,288.0
0,1763601720.9803307,1109.2288522720337,178.0,978.0,283.0
0,1763601721.0154214,1113.954511165619,178.0,988.0,262.0
0,1763601721.0503993,1121.2804822921753,178.0,995.0,259.0
0,1763601721.079623,1123.58424949646,178.0,999.0,276.0
0,1763601721.1099885,1128.4619359970093,178.0,990.0,278.0
0,1763601721.1405516,1133.1129937171936,178.0,993.0,267.0
0,1763601721.1750221,1137.9214792251587,178.0,993.0,257.0
0,1763601721.2154853,1145.1602249145508,178.0,1012.0,251.0
0,1763601721.2405102,1147.5163488388062,178.0,1023.0,256.0
0,1763601721.2696984,1152.439024925232,178.0,1021.0,266.0
0,1763601721.3051198,1157.2314171791077,178.0,1020.0,280.0
0,1763601721.335095,1161.9989185333252,178.0,1019.0,280.0
0,1763601721.3778923,1169.1505818367004,178.0,1024.0,285.0
0,1763601721.4055429,1174.051299571991,178.0,1023.0,284.0
0,1763601721.4455705,1178.7541418075562,178.0,1023.0,281.0
0,1763601721.4806092,1183.5187821388245,178.0,1032.0,283.0
0,1763601721.5098655,1188.4124546051025,178.0,1046.0,282.0
0,1763601721.540182,1193.1238441467285,178.0,1041.0,276.0
0,1763601721.5838528,1200.3937034606934,178.0,1044.0,273.0
0,1763601721.63052,1207.647934436798,178.0,1046.0,272.0
0,1763601721.664905,1212.33039188385,178.0,1049.0,268.0
0,1763601721.695604,1217.2828226089478,178.0,1045.0,288.0
0,1763601721.745304,1224.3751912117004,178.0,1046.0,295.0
0,1763601721.785096,1229.1530995368958,178.0,1055.0,283.0
0,1763601721.8154001,1234.057357788086,178.0,1078.0,278.0
0,1763601721.85571,1241.2383823394775,178.0,1077.0,279.0
0,1763601721.8802316,1243.5997276306152,178.0,1087.0,294.0
0,1763601721.9104724,1248.496153831482,178.0,1092.0,291.0
0,1763601721.9464023,1253.2040386199951,178.0,1111.0,273.0
0,1763601721.9755986,1258.0557971000671,178.0,1122.0,264.0
0,1763601722.0100136,1265.2226238250732,178.0,1133.0,260.0
0,1763601722.0352807,1267.60542678833,178.0,1145.0,265.0
0,1763601722.0852964,1274.860909461975,178.0,1141.0,266.0
0,1763601722.1147106,1279.6117453575134,178.0,1147.0,258.0
0,1763601722.1438131,1284.444013118744,178.0,1158.0,256.0
0,1763601722.1758142,1289.170494556427,178.0,1172.0,258.0
0,1763601722.2056599,1294.112768650055,178.0,1175.0,268.0
0,1763601722.2366097,1298.7390069961548,178.0,1177.0,272.0
0,1763601722.286445,1306.0537128448486,178.0,1175.0,294.0
0,1763601722.3333378,1313.1591348648071,178.0,1172.0,295.0
0,1763601722.3712595,1318.0123953819275,178.0,1172.0,285.0
0,1763601722.4048243,1322.7365522384644,178.0,1183.0,280.0
0,1763601722.4464812,1329.9261240959167,178.0,1188.0,281.0
0,1763601722.4702208,1332.4615626335144,178.0,1203.0,286.0
0,1763601722.5000665,1337.2686533927917,178.0,1206.0,294.0
0,1763601722.5308914,1342.0463829040527,178.0,1221.0,303.0
0,1763601722.5647776,1346.7312006950378,178.0,1228.0,304.0
0,1763601722.6063185,1354.0147213935852,178.0,1212.0,303.0
0,1763601722.6499317,1361.2103371620178,178.0,1212.0,310.0
0,1763601722.6746352,1363.5295896530151,178.0,1222.0,314.0
0,1763601722.7181914,1370.7616834640503,178.0,1219.0,319.0
0,1763601722.760525,1375.6122975349426,178.0,1211.0,316.0
0,1763601722.7976203,1382.8226118087769,178.0,1223.0,317.0
0,1763601722.8200836,1385.1791291236877,178.0,1266.0,333.0
0,1763601722.8555474,1390.0782017707825,178.0,1279.0,331.0
0,1763601722.890101,1397.2357301712036,178.0,1284.0,329.0
0,1763601722.9201498,1399.6424226760864,178.0,1288.0,335.0
0,1763601722.9606955,1406.733217716217,178.0,1293.0,330.0
0,1763601723.0001502,1411.6329340934753,178.0,1288.0,318.0
0,1763601723.025251,1416.4043335914612,178.0,1300.0,305.0
0,1763601723.065675,1421.235993385315,178.0,1316.0,301.0
0,1763601723.1050546,1428.5029201507568,178.0,1315.0,309.0
0,1763601723.1302443,1433.257225036621,178.0,1319.0,308.0
0,1763601723.1603975,1435.576870918274,178.0,1322.0,295.0
0,1763601723.189859,1440.3506665229797,178.0,1323.0,294.0
0,1763601723.2247074,1445.161226272583,178.0,1329.0,299.0
0,1763601723.2546403,1450.056257724762,178.0,1335.0,302.0
0,1763601723.2847705,1454.8916368484497,178.0,1344.0,311.0
0,1763601723.3204565,1459.5594673156738,178.0,1356.0,323.0
0,1763601723.3657482,1466.738489151001,178.0,1365.0,326.0
0,1763601723.401019,1471.5857772827148,178.0,1375.0,318.0
0,1763601723.42521,1476.372197151184,178.0,1370.0,303.0
0,1763601723.455202,1481.1703472137451,178.0,1359.0,298.0
0,1763601723.5014,1488.4230403900146,178.0,1350.0,291.0
0,1763601723.5401244,1493.1435852050781,178.0,1354.0,286.0
0,1763601723.5651693,1498.0267434120178,178.0,1380.0,285.0
0,1763601723.6050467,1502.7726440429688,178.0,1398.0,280.0
0,1763601723.6448007,1509.970763206482,178.0,1402.0,270.0
0,1763601723.6706994,1512.3968033790588,178.0,1391.0,253.0
0,1763601723.7132428,1519.6630506515503,178.0,1393.0,246.0
0,1763601723.7507262,1524.5059399604797,178.0,1393.0,250.0
0,1763601723.795551,1531.6191582679749,178.0,1404.0,258.0
0,1763601723.8307111,1536.4341168403625,178.0,1456.0,269.0
0,1763601723.8706431,1543.5636072158813,178.0,1473.0,255.0
0,1763601723.8952107,1545.977488040924,178.0,1477.0,260.0
0,1763601723.9297833,1553.1880884170532,178.0,1486.0,281.0
0,1763601723.9607115,1555.589201927185,178.0,1482.0,284.0
0,1763601723.9908836,1560.4043035507202,178.0,1479.0,285.0
0,1763601724.0323164,1567.8651719093323,178.0,1476.0,273.0
0,1763601724.0702538,1572.4221019744873,178.0,1481.0,261.0
0,1763601724.1001885,1577.1405725479126,178.0,1496.0,248.0
0,1763601724.1249194,1581.981852531433,178.0,1502.0,254.0
0,1763601724.1571834,1586.8112592697144,178.0,1518.0,258.0
0,1763601724.1850436,1589.2745642662048,178.0,1526.0,268.0
0,1763601724.221437,1596.4009790420532,178.0,1531.0,274.0
0,1763601724.259957,1601.223626613617,178.0,1535.0,278.0
0,1763601724.3014495,1608.3139925003052,178.0,1532.0,275.0
0,1763601724.3257444,1610.84592628479,178.0,1529.0,271.0
0,1763601724.3604972,1615.5658631324768,178.0,1539.0,275.0
0,1763601724.390319,1620.3992395401,178.0,1553.0,284.0
0,1763601724.425283,1625.1476435661316,178.0,1554.0,287.0
0,1763601724.4553974,1629.9692182540894,178.0,1576.0,286.0
0,1763601724.485646,1634.847870349884,178.0,1589.0,284.0
0,1763601724.5196402,1639.5601181983948,178.0,1594.0,284.0
0,1763601724.5655715,1646.7187910079956,178.0,1595.0,288.0
0,1763601724.5950031,1651.634958267212,178.0,1604.0,293.0
0,1763601724.630024,1656.3480286598206,178.0,1628.0,309.0
0,1763601724.6601954,1661.1995010375977,178.0,1632.0,310.0
0,1763601724.6901243,1665.917935848236,178.0,1658.0,312.0
0,1763601724.7173939,1670.7722692489624,178.0,1652.0,312.0
0,1763601724.7549417,1675.5830078125,178.0,1644.0,306.0
0,1763601724.7901657,1680.3727893829346,178.0,1647.0,311.0
0,1763601724.8206246,1685.25519657135,178.0,1663.0,321.0
0,1763601724.8705542,1692.419412612915,178.0,1674.0,329.0
0,1763601724.9141536,1699.5367794036865,178.0,1683.0,339.0
0,1763601724.9504223,1704.3575315475464,178.0,1686.0,346.0
0,1763601724.985787,1709.2254190444946,178.0,1692.0,344.0
0,1763601725.015379,1714.108684539795,178.0,1691.0,349.0
0,1763601725.0549395,1721.2648539543152,178.0,1694.0,348.0
0,1763601725.0899706,1725.9978799819946,178.0,1700.0,344.0
1,1763601725.1205268,1728.4897236824036,178.0,1701.0,342.0
1,1763601725.1499848,1728.4897236824036,178.0,1700.0,349.0
1,1763601725.195666,1728.4897236824036,178.0,1691.0,354.0
1,1763601725.2296822,1728.4897236824036,178.0,1695.0,359.0
1,1763601725.255142,1728.4897236824036,178.0,1684.0,356.0
1,1763601725.3006198,1728.4897236824036,178.0,1694.0,350.0
1,1763601725.3401086,1728.4897236824036,178.0,1698.0,336.0
1,1763601725.3800232,1728.4897236824036,178.0,1690.0,331.0
1,1763601725.4008324,1728.4897236824036,178.0,1692.0,326.0
1,1763601725.4302921,1728.4897236824036,178.0,1692.0,309.0
1,1763601725.4602706,1728.4897236824036,178.0,1687.0,301.0
1,1763601725.4946816,1728.4897236824036,178.0,1684.0,300.0
1,1763601725.5198576,1728.4897236824036,178.0,1670.0,358.0
1,1763601725.5556138,1728.4897236824036,178.0,1461.0,451.0
1,1763601725.590136,1728.4897236824036,178.0,1825.0,797.0
1,1763601725.6257856,180.44066715240479,270.0,2004.0,2029.0
1,1763601725.6669316,187.7520112991333,270.0,1911.0,698.0
1,1763601725.7101762,192.51915502548218,270.0,399.0,914.0
1,1763601725.7354748,197.34924125671387,270.0,203.0,672.0
1,1763601725.763668,202.14309978485107,270.0,251.0,612.0
1,1763601725.7958055,206.92483472824097,270.0,252.0,377.0
1,1763601725.831111,211.73922109603882,270.0,245.0,379.0
1,1763601725.8584566,216.98279666900635,270.0,249.0,380.0
1,1763601725.9005172,221.33759546279907,270.0,250.0,375.0
1,1763601725.945331,228.53614377975464,270.0,251.0,377.0
1,1763601725.994852,235.62532949447632,270.0,249.0,382.0
1,1763601726.036289,242.87866640090942,270.0,240.0,384.0
1,1763601726.0755823,247.7345733642578,270.0,163.0,365.0
1,1763601726.10546,252.4451403617859,270.0,177.0,359.0
1,1763601726.1401477,257.34324741363525,270.0,193.0,375.0
1,1763601726.1808355,264.48293018341064,270.0,191.0,379.0
1,1763601726.2197268,269.27721786499023,270.0,195.0,373.0
1,1763601726.2457426,274.0882067680359,270.0,199.0,356.0
1,1763601726.2755134,278.9128928184509,270.0,206.0,352.0
1,1763601726.3059402,283.63883781433105,270.0,221.0,355.0
1,1763601726.35025,288.43208837509155,270.0,252.0,339.0
1,1763601726.3951232,295.61661767959595,270.0,258.0,334.0
1,1763601726.436704,303.03639459609985,270.0,279.0,344.0
1,1763601726.4597135,305.25340127944946,270.0,287.0,361.0
1,1763601726.4903812,310.0927858352661,270.0,282.0,350.0
1,1763601726.531081,317.24412727355957,270.0,277.0,339.0
1,1763601726.5624301,322.11423206329346,270.0,277.0,320.0
1,1763601726.5983613,326.8312005996704,270.0,277.0,315.0
1,1763601726.6294453,331.69458198547363,270.0,277.0,320.0
1,1763601726.66477,336.5406184196472,270.0,285.0,315.0
1,1763601726.700054,341.2554054260254,270.0,299.0,301.0
1,1763601726.730373,346.05362701416016,270.0,307.0,298.0
1,1763601726.7599711,350.89429903030396,270.0,317.0,311.0
1,1763601726.8048494,358.1595091819763,270.0,316.0,317.0
1,1763601726.8516984,365.3496890068054,270.0,320.0,326.0
1,1763601726.8946898,372.4177746772766,270.0,328.0,328.0
1,1763601726.9353538,377.3787169456482,270.0,341.0,327.0
1,1763601726.9560418,379.70254707336426,270.0,343.0,319.0
1,1763601726.98535,384.4190864562988,270.0,344.0,319.0
1,1763601727.0149004,389.3168001174927,270.0,346.0,313.0
1,1763601727.0501332,394.0792946815491,270.0,344.0,313.0
1,1763601727.0850568,398.92268466949463,270.0,338.0,328.0
1,1763601727.1252568,406.042733669281,270.0,355.0,333.0
1,1763601727.1700933,413.2319121360779,270.0,372.0,332.0
1,1763601727.2028282,418.1552677154541,270.0,374.0,326.0
1,1763601727.245232,422.83314752578735,270.0,379.0,324.0
1,1763601727.28609,430.2929072380066,270.0,395.0,335.0
1,1763601727.310425,432.4050931930542,270.0,401.0,335.0
1,1763601727.3404052,437.3243718147278,270.0,398.0,329.0
1,1763601727.3753586,444.51809215545654,270.0,404.0,326.0
1,1763601727.4046838,446.920636177063,270.0,411.0,321.0
1,1763601727.4505582,454.15015506744385,270.0,405.0,314.0
1,1763601727.4851873,458.87456226348877,270.0,399.0,310.0
1,1763601727.5105877,463.73025465011597,270.0,397.0,313.0
1,1763601727.539988,468.4053807258606,270.0,403.0,317.0
1,1763601727.570635,473.35688161849976,270.0,414.0,316.0
1,1763601727.6159537,480.60735750198364,270.0,423.0,321.0
1,1763601727.6618927,485.29650259017944,270.0,420.0,308.0
1,1763601727.695475,492.5355701446533,270.0,417.0,297.0
1,1763601727.730055,497.22571659088135,270.0,427.0,291.0
1,1763601727.7554932,499.73454761505127,270.0,438.0,284.0
1,1763601727.7900352,504.5349864959717,270.0,449.0,291.0
1,1763601727.8268569,511.75431299209595,270.0,462.0,303.0
1,1763601727.860619,516.4466052055359,270.0,466.0,315.0
1,1763601727.8910701,521.3552622795105,270.0,463.0,327.0
1,1763601727.9220288,526.140823841095,270.0,458.0,339.0
1,1763601727.949772,528.4830360412598,270.0,461.0,335.0
1,1763601727.9947824,535.6357007026672,270.0,468.0,327.0
1,1763601728.0353339,542.8553848266602,270.0,473.0,322.0
1,1763601728.060302,545.2608971595764,270.0,486.0,322.0
1,1763601728.0904746,550.1033573150635,270.0,489.0,320.0
1,1763601728.1258814,554.9217848777771,270.0,488.0,312.0
1,1763601728.167613,562.055495262146,270.0,491.0,306.0
1,1763601728.2005804,566.9795303344727,270.0,496.0,314.0
1,1763601728.239835,574.189558506012,270.0,501.0,329.0
1,1763601728.2846856,578.8669018745422,270.0,510.0,333.0
1,1763601728.3100996,583.730140209198,270.0,527.0,321.0
1,1763601728.3554754,590.9171371459961,270.0,528.0,321.0
1,1763601728.4022236,598.0714826583862,270.0,526.0,313.0
1,1763601728.4348938,602.816632270813,270.0,528.0,316.0
1,1763601728.4667304,607.7536492347717,270.0,544.0,325.0
1,1763601728.4955122,612.5411419868469,270.0,549.0,318.0
1,1763601728.5254464,614.9365334510803,270.0,549.0,317.0
1,1763601728.5644858,622.1330790519714,270.0,553.0,319.0
1,1763601728.602215,626.902153968811,270.0,556.0,327.0
1,1763601728.6352432,631.6912560462952,270.0,555.0,316.0
1,1763601728.6651227,636.5340738296509,270.0,549.0,303.0
1,1763601728.7001693,641.33909034729,270.0,565.0,301.0
1,1763601728.7307746,646.1339859962463,270.0,571.0,305.0
1,1763601728.7599595,650.884464263916,270.0,583.0,312.0
1,1763601728.803213,658.0807237625122,270.0,597.0,328.0
1,1763601728.8451264,662.9275827407837,270.0,597.0,326.0
1,1763601728.8752427,667.818286895752,270.0,599.0,311.0
1,1763601728.9177074,674.8798995018005,270.0,604.0,319.0
1,1763601728.9399273,677.3208885192871,270.0,614.0,318.0
1,1763601728.970007,682.0436863899231,270.0,622.0,303.0
1,1763601729.005224,686.8288187980652,270.0,614.0,296.0
1,1763601729.055004,696.4648871421814,270.0,615.0,291.0
1,1763601729.0947645,701.3485817909241,270.0,622.0,306.0
1,1763601729.1246307,706.1456232070923,270.0,623.0,319.0
1,1763601729.1602335,710.9387307167053,270.0,641.0,315.0
1,1763601729.1878967,715.7560138702393,270.0,642.0,317.0
1,1763601729.220047,720.5395011901855,270.0,650.0,314.0
1,1763601729.2546995,725.6143479347229,270.0,653.0,317.0
1,1763601729.2958634,732.593813419342,270.0,658.0,317.0
1,1763601729.3343377,737.2506647109985,270.0,659.0,316.0
1,1763601729.383271,744.4025068283081,270.0,669.0,311.0
1,1763601729.4047272,746.8704609870911,270.0,679.0,301.0
1,1763601729.450139,754.0606408119202,270.0,689.0,295.0
1,1763601729.485784,758.8163404464722,270.0,690.0,293.0
1,1763601729.5154119,763.7486009597778,270.0,679.0,290.0
1,1763601729.5457413,768.5776858329773,270.0,670.0,290.0
1,1763601729.5866475,775.7165818214417,270.0,664.0,291.0
1,1763601729.6257772,780.5583982467651,270.0,660.0,297.0
1,1763601729.6515973,785.2393894195557,270.0,687.0,302.0
1,1763601729.6946435,792.4108295440674,270.0,703.0,297.0
1,1763601729.7359722,797.2518949508667,270.0,732.0,290.0
1,1763601729.7632012,802.047863483429,270.0,728.0,283.0
1,1763601729.7899163,804.4045596122742,270.0,733.0,290.0
1,1763601729.8179116,809.2315702438354,270.0,732.0,296.0
1,1763601729.8546453,816.4110927581787,270.0,723.0,295.0
1,1763601729.8802524,818.8787608146667,270.0,713.0,295.0
1,1763601729.9151256,823.6721544265747,270.0,725.0,304.0
1,1763601729.9550157,830.8314709663391,270.0,736.0,305.0
1,1763601730.0046086,838.1564407348633,270.0,753.0,314.0
1,1763601730.025641,840.446939945221,270.0,776.0,314.0
1,1763601730.0604954,845.3221588134766,270.0,789.0,307.0
1,1763601730.095748,852.5764970779419,270.0,779.0,312.0
1,1763601730.1206899,854.8318772315979,270.0,779.0,328.0
1,1763601730.1502042,859.6062808036804,270.0,789.0,327.0
1,1763601730.1848032,864.4693403244019,270.0,791.0,326.0
1,1763601730.2275813,871.7467455863953,270.0,789.0,323.0
1,1763601730.2662547,876.5528707504272,270.0,784.0,325.0
1,1763601730.290945,881.3929705619812,270.0,802.0,314.0
1,1763601730.3349488,888.4566216468811,270.0,817.0,301.0
1,1763601730.3838263,893.2663230895996,270.0,827.0,295.0
1,1763601730.424721,900.5080013275146,270.0,842.0,316.0
1,1763601730.4673152,907.7137022018433,270.0,856.0,324.0
1,1763601730.495774,912.580409526825,270.0,853.0,309.0
1,1763601730.525099,914.820375919342,270.0,836.0,301.0
1,1763601730.5665333,922.0454959869385,270.0,820.0,311.0
1,1763601730.605241,926.8089561462402,270.0,804.0,318.0
1,1763601730.6356688,931.6689758300781,270.0,829.0,309.0
1,1763601730.6646383,936.5628986358643,270.0,846.0,317.0
1,1763601730.69553,941.2646679878235,270.0,847.0,321.0
1,1763601730.725402,946.1400299072266,270.0,842.0,318.0
1,1763601730.77091,953.2436995506287,270.0,832.0,310.0
1,1763601730.8047957,958.0316214561462,270.0,825.0,305.0
1,1763601730.8397233,962.9369525909424,270.0,852.0,304.0
1,1763601730.8667028,967.6850347518921,270.0,884.0,307.0
1,1763601730.8958464,972.5912599563599,270.0,890.0,306.0
1,1763601730.9315681,977.2520809173584,270.0,892.0,309.0
1,1763601730.9628704,982.0137887001038,270.0,888.0,304.0
1,1763601730.9902585,984.613028049469,270.0,879.0,298.0
1,1763601731.0269713,991.7495994567871,270.0,877.0,300.0
1,1763601731.0602107,996.5492873191833,270.0,888.0,312.0
1,1763601731.0909789,1001.2154369354248,270.0,911.0,314.0
1,1763601731.124733,1006.13560962677,270.0,924.0,316.0
1,1763601731.1499183,1008.4139852523804,270.0,928.0,322.0
1,1763601731.185156,1015.6853823661804,270.0,932.0,332.0
1,1763601731.2198517,1020.5418972969055,270.0,925.0,332.0
1,1763601731.2692573,1027.6097326278687,270.0,914.0,330.0
1,1763601731.303098,1032.6143054962158,270.0,903.0,339.0
1,1763601731.325704,1034.8331003189087,270.0,896.0,353.0
1,1763601731.3704946,1042.0899777412415,270.0,881.0,348.0
1,1763601731.4106882,1049.3366627693176,270.0,908.0,348.0
1,1763601731.4355948,1051.7610220909119,270.0,917.0,337.0
1,1763601731.4706993,1056.5446524620056,270.0,906.0,349.0
1,1763601731.5152812,1063.6839776039124,270.0,906.0,356.0
1,1763601731.5505943,1068.5578017234802,270.0,921.0,343.0
1,1763601731.5801175,1073.2132940292358,270.0,931.0,321.0
1,1763601731.6153605,1080.518379688263,270.0,949.0,312.0
1,1763601731.6449163,1082.8041939735413,270.0,967.0,322.0
1,1763601731.674793,1087.6522688865662,270.0,971.0,331.0
1,1763601731.7048461,1092.5260572433472,270.0,974.0,335.0
1,1763601731.7400599,1097.282042980194,270.0,987.0,333.0
1,1763601731.7805874,1104.520037651062,270.0,983.0,331.0
1,1763601731.8199403,1109.2732696533203,270.0,977.0,325.0
1,1763601731.8498657,1114.019241809845,270.0,987.0,338.0
1,1763601731.892209,1121.3575868606567,270.0,998.0,334.0
1,1763601731.9355192,1128.5421876907349,270.0,1001.0,316.0
1,1763601731.9605756,1130.8605103492737,270.0,1022.0,332.0
1,1763601731.9947836,1135.7512860298157,270.0,1036.0,332.0
1,1763601732.0297961,1140.792408466339,270.0,1049.0,330.0
1,1763601732.0670323,1147.759464263916,270.0,1036.0,327.0
1,1763601732.0901551,1150.0468878746033,270.0,1035.0,348.0
1,1763601732.1305737,1157.3375968933105,270.0,1045.0,364.0
1,1763601732.1652358,1162.0076088905334,270.0,1058.0,372.0
1,1763601732.1953325,1166.89741897583,270.0,1057.0,359.0
1,1763601732.2269864,1171.7618374824524,270.0,1060.0,348.0
1,1763601732.2599533,1176.5369563102722,270.0,1063.0,350.0
1,1763601732.3063197,1183.6904792785645,270.0,1067.0,358.0
1,1763601732.34061,1188.4663133621216,270.0,1065.0,355.0
1,1763601732.3726275,1193.280842781067,270.0,1055.0,350.0
1,1763601732.4027681,1198.139217376709,270.0,1061.0,358.0
1,1763601732.430208,1200.4956274032593,270.0,1070.0,355.0
1,1763601732.4602094,1205.2478938102722,270.0,1073.0,355.0
1,1763601732.4952347,1212.4995141029358,270.0,1079.0,353.0
1,1763601732.5328536,1217.3221616744995,270.0,1090.0,350.0
1,1763601732.5701168,1222.0204620361328,270.0,1111.0,340.0
1,1763601732.6187117,1229.2198686599731,270.0,1116.0,334.0
1,1763601732.6456745,1234.0893297195435,270.0,1119.0,337.0
1,1763601732.6801074,1238.825002193451,270.0,1121.0,337.0
1,1763601732.7099135,1243.7135963439941,270.0,1131.0,329.0
1,1763601732.744733,1248.4991936683655,270.0,1130.0,319.0
1,1763601732.7749834,1253.2936959266663,270.0,1135.0,325.0
1,1763601732.8046672,1258.0780057907104,270.0,1136.0,331.0
1,1763601732.8370552,1262.8690748214722,270.0,1127.0,336.0
1,1763601732.8672328,1267.6072149276733,270.0,1122.0,326.0
1,1763601732.899746,1272.5369720458984,270.0,1129.0,322.0
1,1763601732.9310622,1277.2223978042603,270.0,1145.0,311.0
1,1763601732.9656012,1282.015040397644,270.0,1153.0,315.0
1,1763601732.995687,1286.9401125907898,270.0,1163.0,335.0
1,1763601733.027005,1291.7831449508667,270.0,1170.0,342.0
1,1763601733.05994,1296.439781665802,270.0,1182.0,340.0
1,1763601733.102772,1301.2063174247742,270.0,1177.0,337.0
1,1763601733.1302364,1306.1699061393738,270.0,1181.0,357.0
1,1763601733.1650903,1310.8771114349365,270.0,1169.0,364.0
1,1763601733.1955018,1315.6867055892944,270.0,1160.0,354.0
1,1763601733.225121,1320.502236366272,270.0,1172.0,356.0
1,1763601733.2750704,1327.661946296692,270.0,1182.0,364.0
1,1763601733.3056152,1332.5348405838013,270.0,1203.0,385.0
1,1763601733.3307362,1337.3382477760315,270.0,1201.0,393.0
1,1763601733.362266,1342.1031384468079,270.0,1196.0,395.0
1,1763601733.3957026,1346.8799381256104,270.0,1200.0,399.0
1,1763601733.4366462,1351.7344861030579,270.0,1199.0,400.0
1,1763601733.4655073,1356.611421585083,270.0,1183.0,404.0
1,1763601733.4949408,1361.3385825157166,270.0,1188.0,402.0
1,1763601733.5356278,1368.5584812164307,270.0,1205.0,376.0
1,1763601733.5606818,1370.860209941864,270.0,1232.0,362.0
1,1763601733.603876,1378.0086903572083,270.0,1239.0,361.0
1,1763601733.6450167,1382.832375049591,270.0,1248.0,375.0
1,1763601733.7025857,1392.61900472641,270.0,1247.0,361.0
1,1763601733.7331007,1397.2170977592468,270.0,1257.0,336.0
1,1763601733.7633083,1402.0389585494995,270.0,1283.0,335.0
1,1763601733.7852561,1404.4499425888062,270.0,1295.0,348.0
1,1763601733.8154435,1409.2336087226868,270.0,1301.0,343.0
1,1763601733.8498695,1414.1428380012512,270.0,1305.0,353.0
1,1763601733.8853807,1418.8407092094421,270.0,1323.0,361.0
1,1763601733.9249196,1426.1069207191467,270.0,1319.0,361.0
1,1763601733.9650714,1430.941620349884,270.0,1312.0,352.0
1,1763601733.9907339,1435.606053352356,270.0,1328.0,356.0
1,1763601734.02219,1440.5997185707092,270.0,1338.0,361.0
1,1763601734.0681422,1447.65754032135,270.0,1338.0,357.0
1,1763601734.1059113,1452.5543956756592,270.0,1325.0,350.0
1,1763601734.1298563,1457.2439699172974,270.0,1350.0,349.0
1,1763601734.1626372,1462.140396118164,270.0,1380.0,344.0
1,1763601734.1959774,1466.945233821869,270.0,1393.0,348.0
1,1763601734.2426026,1474.1037635803223,270.0,1398.0,353.0
1,1763601734.2746892,1478.9217619895935,270.0,1390.0,350.0
1,1763601734.2999735,1481.380310535431,270.0,1383.0,345.0
1,1763601734.335434,1488.5293989181519,270.0,1391.0,343.0
1,1763601734.37073,1493.3062343597412,270.0,1401.0,339.0
1,1763601734.4055269,1498.0209140777588,270.0,1394.0,339.0
1,1763601734.4449627,1502.8129487037659,270.0,1409.0,336.0
1,1763601734.4898942,1510.0228338241577,270.0,1418.0,345.0
1,1763601734.520616,1514.9006633758545,270.0,1430.0,329.0
1,1763601734.554645,1519.7802095413208,270.0,1441.0,311.0
1,1763601734.5907123,1524.461272239685,270.0,1449.0,322.0
1,1763601734.6203496,1529.2563109397888,270.0,1452.0,329.0
1,1763601734.6604295,1536.5237741470337,270.0,1450.0,321.0
1,1763601734.7001011,1541.3236408233643,270.0,1452.0,315.0
1,1763601734.7309685,1546.0292010307312,270.0,1458.0,330.0
1,1763601734.77169,1553.3170132637024,270.0,1463.0,339.0
1,1763601734.8148015,1560.4345231056213,270.0,1472.0,327.0
1,1763601734.851648,1565.319254875183,270.0,1475.0,340.0
1,1763601734.8863866,1570.01819896698,270.0,1481.0,350.0
1,1763601734.910512,1572.5149421691895,270.0,1482.0,343.0
1,1763601734.9480555,1579.788306236267,270.0,1493.0,346.0
1,1763601734.984764,1584.4322471618652,270.0,1490.0,348.0
1,1763601735.0113482,1589.2534999847412,270.0,1492.0,354.0
1,1763601735.05473,1594.1188125610352,270.0,1489.0,350.0
1,1763601735.080002,1598.978581905365,270.0,1499.0,340.0
1,1763601735.1152313,1603.7496237754822,270.0,1508.0,347.0
1,1763601735.1396985,1608.5058598518372,270.0,1544.0,358.0
1,1763601735.1717842,1613.29714345932,270.0,1589.0,361.0
1,1763601735.2150333,1620.469298839569,270.0,1582.0,365.0
1,1763601735.2605867,1625.2257852554321,270.0,1565.0,374.0
1,1763601735.2852283,1630.108871936798,270.0,1552.0,380.0
1,1763601735.3154159,1634.9283366203308,270.0,1559.0,378.0
1,1763601735.346847,1639.739432811737,270.0,1552.0,376.0
1,1763601735.379984,1644.5434837341309,270.0,1558.0,372.0
1,1763601735.4100757,1649.2211847305298,270.0,1571.0,366.0
1,1763601735.4455664,1654.0452628135681,270.0,1580.0,369.0
1,1763601735.4810023,1658.9165477752686,270.0,1562.0,370.0
1,1763601735.5105217,1663.7828259468079,270.0,1555.0,384.0
1,1763601735.5502646,1668.496325492859,270.0,1568.0,392.0
1,1763601735.588105,1675.6182699203491,270.0,1578.0,390.0
1,1763601735.6157146,1680.5714874267578,270.0,1600.0,388.0
1,1763601735.6447306,1682.8858404159546,270.0,1606.0,377.0
1,1763601735.6868057,1690.0233416557312,270.0,1608.0,358.0
1,1763601735.7097821,1692.426028728485,270.0,1603.0,354.0
1,1763601735.752432,1699.7560768127441,270.0,1608.0,359.0
1,1763601735.780374,1704.5341639518738,270.0,1615.0,371.0
1,1763601735.8202276,1709.2675833702087,270.0,1616.0,369.0
1,1763601735.8652232,1716.4334087371826,270.0,1615.0,369.0
1,1763601735.9069574,1723.7777261734009,270.0,1613.0,363.0
2,1763601735.9408727,1726.0248093605042,270.0,1612.0,353.0
2,1763601735.965092,1726.0248093605042,270.0,1606.0,353.0
2,1763601735.9951005,1726.0248093605042,270.0,1606.0,355.0
2,1763601736.0210657,1726.0248093605042,270.0,1629.0,362.0
2,1763601736.0499794,1726.0248093605042,270.0,1656.0,379.0
2,1763601736.0800653,1726.0248093605042,270.0,1672.0,386.0
2,1763601736.119974,1726.0248093605042,270.0,1665.0,380.0
2,1763601736.1601675,1726.0248093605042,270.0,1653.0,370.0
2,1763601736.18017,1726.0248093605042,270.0,1637.0,348.0
2,1763601736.2248724,1726.0248093605042,270.0,1632.0,338.0
2,1763601736.2656162,1726.0248093605042,270.0,1624.0,327.0
2,1763601736.2849338,1726.0248093605042,270.0,1622.0,338.0
2,1763601736.3249621,1726.0248093605042,270.0,1630.0,343.0
2,1763601736.3651273,1726.0248093605042,270.0,1642.0,346.0
2,1763601736.405405,1726.0248093605042,270.0,1646.0,351.0
2,1763601736.4298215,178.0,363.0,1634.0,363.0
2,1763601736.4561863,182.9731731414795,363.0,1632.0,370.0
2,1763601736.4897788,187.62036848068237,363.0,1634.0,375.0
2,1763601736.5249043,192.5018458366394,363.0,1614.0,376.0
2,1763601736.5674846,199.65533304214478,363.0,1403.0,345.0
2,1763601736.590795,202.07779693603516,363.0,868.0,431.0
2,1763601736.6156232,206.87895107269287,363.0,2003.0,390.0
2,1763601736.6603599,214.11247539520264,363.0,404.0,563.0
2,1763601736.6997845,218.97081422805786,363.0,312.0,232.0
2,1763601736.7202873,221.22422742843628,363.0,303.0,389.0
2,1763601736.7550733,226.09969663619995,363.0,285.0,412.0
2,1763601736.7857194,230.90932655334473,363.0,260.0,407.0
2,1763601736.8155646,235.62954950332642,363.0,247.0,406.0
2,1763601736.8504272,240.44676113128662,363.0,245.0,403.0
2,1763601736.88045,245.29801893234253,363.0,246.0,405.0
2,1763601736.915606,250.04402685165405,363.0,245.0,407.0
2,1763601736.9612353,257.2109966278076,363.0,242.0,412.0
2,1763601736.9954903,262.0057849884033,363.0,209.0,402.0
2,1763601737.0247355,266.92359733581543,363.0,228.0,404.0
2,1763601737.0598812,274.040678024292,363.0,244.0,415.0
2,1763601737.0903733,276.5005855560303,363.0,252.0,412.0
2,1763601737.1204703,281.39404344558716,363.0,260.0,409.0
2,1763601737.1605425,288.5239272117615,363.0,259.0,414.0
2,1763601737.2001033,293.2502655982971,363.0,255.0,413.0
2,1763601737.2255847,298.10728120803833,363.0,283.0,409.0
2,1763601737.260794,302.96604919433594,363.0,293.0,407.0
2,1763601737.3005853,310.1462869644165,363.0,324.0,402.0
2,1763601737.340018,314.83807849884033,363.0,322.0,400.0
2,1763601737.3756428,319.66330099105835,363.0,315.0,401.0
2,1763601737.425195,326.9604115486145,363.0,315.0,404.0
2,1763601737.4689536,334.1096429824829,363.0,328.0,407.0
2,1763601737.4852738,336.4218144416809,363.0,337.0,404.0
2,1763601737.516345,341.2503628730774,363.0,343.0,401.0
2,1763601737.5406432,346.15497875213623,363.0,349.0,399.0
2,1763601737.5700045,348.43371200561523,363.0,357.0,396.0
2,1763601737.6102524,355.60350704193115,363.0,357.0,391.0
2,1763601737.6501114,360.4090242385864,363.0,350.0,404.0
2,1763601737.6752214,365.3031258583069,363.0,353.0,430.0
2,1763601737.7008014,370.17870235443115,363.0,359.0,429.0
2,1763601737.745697,374.8467116355896,363.0,362.0,423.0
2,1763601737.7953305,382.03038263320923,363.0,369.0,415.0
2,1763601737.824638,386.9724063873291,363.0,373.0,414.0
2,1763601737.8647788,394.108763217926,363.0,365.0,419.0
2,1763601737.9123735,401.3161449432373,363.0,368.0,412.0
2,1763601737.9457605,406.0795693397522,363.0,371.0,407.0
2,1763601737.9763572,410.9136610031128,363.0,385.0,407.0
2,1763601738.0082483,415.6372456550598,363.0,413.0,400.0
2,1763601738.0501075,420.43671894073486,363.0,425.0,377.0
2,1763601738.1092331,430.1731734275818,363.0,426.0,376.0
2,1763601738.1374443,434.8410396575928,363.0,436.0,393.0
2,1763601738.1690137,439.6392254829407,363.0,460.0,408.0
2,1763601738.19009,442.07105922698975,363.0,464.0,424.0
2,1763601738.2248847,446.89123916625977,363.0,448.0,427.0
2,1763601738.2556272,451.7098813056946,363.0,439.0,415.0
2,1763601738.290102,456.47176790237427,363.0,436.0,412.0
2,1763601738.3356776,463.6824040412903,363.0,439.0,413.0
2,1763601738.3787532,471.0649518966675,363.0,448.0,403.0
2,1763601738.4005175,473.30341625213623,363.0,462.0,386.0
2,1763601738.4350364,478.10807514190674,363.0,463.0,379.0
2,1763601738.4655535,482.87393140792847,363.0,464.0,391.0
2,1763601738.499907,490.0445489883423,363.0,469.0,418.0
2,1763601738.536767,494.9012427330017,363.0,498.0,421.0
2,1763601738.5606022,497.23354864120483,363.0,486.0,402.0
2,1763601738.5954432,502.1839051246643,363.0,484.0,381.0
2,1763601738.6247282,506.9990782737732,363.0,484.0,390.0
2,1763601738.6554756,511.6090087890625,363.0,486.0,398.0
2,1763601738.7056882,518.8666729927063,363.0,488.0,409.0
2,1763601738.739772,526.024308681488,363.0,489.0,408.0
2,1763601738.7732298,528.4043579101562,363.0,494.0,402.0
2,1763601738.8079963,535.6046943664551,363.0,504.0,398.0
2,1763601738.8352664,538.0883483886719,363.0,514.0,403.0
2,1763601738.8764966,545.2069311141968,363.0,512.0,415.0
2,1763601738.9066422,550.098958492279,363.0,513.0,409.0
2,1763601738.9520354,557.3261170387268,363.0,509.0,390.0
2,1763601738.9753783,559.6434025764465,363.0,518.0,378.0
2,1763601739.0048673,564.4403009414673,363.0,530.0,403.0
2,1763601739.035035,569.29878282547,363.0,521.0,416.0
2,1763601739.0658689,574.0156083106995,363.0,517.0,417.0
2,1763601739.1123354,581.2586455345154,363.0,525.0,407.0
2,1763601739.160734,588.4207158088684,363.0,532.0,405.0
2,1763601739.20027,593.3460741043091,363.0,538.0,404.0
2,1763601739.235665,598.0242042541504,363.0,543.0,401.0
2,1763601739.2660098,602.8090863227844,363.0,559.0,405.0
2,1763601739.3102436,610.1398138999939,363.0,576.0,404.0
2,1763601739.3446834,614.9015216827393,363.0,574.0,402.0
2,1763601739.375506,619.601574420929,363.0,572.0,401.0
2,1763601739.4106793,624.4197874069214,363.0,582.0,390.0
2,1763601739.4405973,629.3397455215454,363.0,584.0,380.0
2,1763601739.4696517,634.0766696929932,363.0,591.0,373.0
2,1763601739.5053644,638.9706282615662,363.0,595.0,368.0
2,1763601739.5352042,643.6156063079834,363.0,595.0,363.0
2,1763601739.5646784,648.5051302909851,363.0,595.0,386.0
2,1763601739.5997462,653.5919218063354,363.0,587.0,391.0
2,1763601739.6354315,658.1153779029846,363.0,605.0,388.0
2,1763601739.6650689,662.8440408706665,363.0,610.0,381.0
2,1763601739.7105565,670.002284526825,363.0,617.0,389.0
2,1763601739.7399716,674.8982815742493,363.0,616.0,386.0
2,1763601739.7684078,679.6032695770264,363.0,628.0,380.0
2,1763601739.79489,682.0748000144958,363.0,637.0,378.0
2,1763601739.8352916,689.2832546234131,363.0,643.0,382.0
2,1763601739.865081,694.0895943641663,363.0,662.0,387.0
2,1763601739.8951063,698.8622455596924,363.0,633.0,401.0
2,1763601739.9309256,703.7294178009033,363.0,622.0,401.0
2,1763601739.9651687,708.5184483528137,363.0,615.0,408.0
2,1763601740.0000646,713.2607727050781,363.0,621.0,408.0
2,1763601740.0354588,718.0609612464905,363.0,617.0,398.0
2,1763601740.070699,725.2028613090515,363.0,609.0,390.0
2,1763601740.1003368,730.1090149879456,363.0,614.0,383.0
2,1763601740.1351612,734.8794131278992,363.0,627.0,388.0
2,1763601740.1600628,737.2542052268982,363.0,663.0,390.0
2,1763601740.2010748,744.4707779884338,363.0,662.0,386.0
2,1763601740.2476838,751.611319065094,363.0,656.0,378.0
2,1763601740.2855196,756.4343957901001,363.0,646.0,381.0
2,1763601740.3200915,761.279287815094,363.0,648.0,383.0
2,1763601740.354725,766.1158828735352,363.0,653.0,376.0
2,1763601740.385608,770.8737640380859,363.0,657.0,366.0
2,1763601740.4152355,775.6509928703308,363.0,669.0,373.0
2,1763601740.4499128,780.4688482284546,363.0,686.0,371.0
2,1763601740.4952796,787.6368551254272,363.0,701.0,380.0
2,1763601740.5160325,790.0956540107727,363.0,720.0,394.0
2,1763601740.5605037,797.296383857727,363.0,729.0,409.0
2,1763601740.5958836,802.1364121437073,363.0,735.0,411.0
2,1763601740.6253138,806.8722276687622,363.0,726.0,406.0
2,1763601740.6556997,811.6296796798706,363.0,713.0,409.0
2,1763601740.6855896,816.4268999099731,363.0,706.0,392.0
2,1763601740.7202947,821.2191491127014,363.0,709.0,383.0
2,1763601740.750704,826.075520992279,363.0,725.0,380.0
2,1763601740.7848291,830.9305696487427,363.0,738.0,390.0
2,1763601740.815102,835.746422290802,363.0,746.0,398.0
2,1763601740.8557596,842.8910760879517,363.0,755.0,397.0
2,1763601740.888259,847.6341514587402,363.0,760.0,388.0
2,1763601740.9148903,850.0770716667175,363.0,772.0,392.0
2,1763601740.9508615,857.2253017425537,363.0,772.0,390.0
2,1763601740.9807878,862.1766595840454,363.0,775.0,393.0
2,1763601741.0097294,864.468517780304,363.0,773.0,395.0
2,1763601741.0554266,871.6024785041809,363.0,769.0,400.0
2,1763601741.091598,876.4183669090271,363.0,765.0,405.0
2,1763601741.115945,881.2791018486023,363.0,759.0,402.0
2,1763601741.1499383,886.1508159637451,363.0,758.0,394.0
2,1763601741.185957,890.9106283187866,363.0,759.0,379.0
2,1763601741.2299223,898.0944423675537,363.0,773.0,373.0
2,1763601741.2806244,905.3488521575928,363.0,775.0,381.0
2,1763601741.3069391,910.0253014564514,363.0,779.0,396.0
2,1763601741.3384686,914.995005607605,363.0,791.0,403.0
2,1763601741.3754654,919.6184186935425,363.0,800.0,400.0
2,1763601741.4168966,926.9385962486267,363.0,794.0,395.0
2,1763601741.4406245,929.3271927833557,363.0,788.0,399.0
2,1763601741.475452,934.0465574264526,363.0,803.0,398.0
2,1763601741.5142124,941.3935213088989,363.0,832.0,393.0
2,1763601741.5401614,946.0827021598816,363.0,854.0,403.0
2,1763601741.585007,950.8918313980103,363.0,852.0,414.0
2,1763601741.630443,958.0482869148254,363.0,838.0,410.0
2,1763601741.6574004,962.9207162857056,363.0,837.0,395.0
2,1763601741.6870809,967.6126866340637,363.0,843.0,401.0
2,1763601741.7206044,972.4776058197021,363.0,855.0,404.0
2,1763601741.7523308,977.3353724479675,363.0,857.0,403.0
2,1763601741.7899866,982.1445732116699,363.0,861.0,396.0
2,1763601741.8324823,989.2735271453857,363.0,863.0,394.0
2,1763601741.8769524,994.1046504974365,363.0,883.0,397.0
2,1763601741.9002225,998.9530472755432,363.0,898.0,407.0
2,1763601741.9304674,1003.6409406661987,363.0,896.0,412.0
2,1763601741.9610808,1008.4095506668091,363.0,891.0,415.0
2,1763601741.9961667,1013.2930665016174,363.0,891.0,419.0
2,1763601742.0404174,1020.4625039100647,363.0,890.0,417.0
2,1763601742.0887563,1027.7143387794495,363.0,886.0,417.0
2,1763601742.1253085,1032.4198989868164,363.0,896.0,424.0
2,1763601742.1524005,1037.3982577323914,363.0,910.0,416.0
2,1763601742.1947343,1042.1798853874207,363.0,913.0,415.0
2,1763601742.235717,1049.2876319885254,363.0,910.0,424.0
2,1763601742.2601051,1054.0742664337158,363.0,926.0,425.0
2,1763601742.2903125,1056.4127950668335,363.0,930.0,417.0
2,1763601742.330062,1063.6102347373962,363.0,942.0,403.0
2,1763601742.3702807,1068.4235124588013,363.0,943.0,400.0
2,1763601742.395798,1073.2710509300232,363.0,959.0,414.0
2,1763601742.4417605,1080.5334000587463,363.0,959.0,419.0
2,1763601742.4883187,1087.7079873085022,363.0,977.0,422.0
2,1763601742.5302975,1092.4520282745361,363.0,988.0,426.0
2,1763601742.5682092,1099.6221809387207,363.0,983.0,428.0
2,1763601742.5898285,1102.0590572357178,363.0,970.0,431.0
2,1763601742.6250458,1106.9086699485779,363.0,961.0,435.0
2,1763601742.6547139,1111.7180495262146,363.0,962.0,433.0
2,1763601742.6902602,1116.491666316986,363.0,979.0,417.0
2,1763601742.7277985,1123.603096485138,363.0,1022.0,416.0
2,1763601742.7548301,1126.0859637260437,363.0,1035.0,416.0
2,1763601742.7856731,1130.9071807861328,363.0,1040.0,413.0
2,1763601742.81545,1135.6189279556274,363.0,1040.0,410.0
2,1763601742.845594,1140.5032663345337,363.0,1036.0,425.0
2,1763601742.8956368,1147.697666168213,363.0,1025.0,436.0
2,1763601742.9389732,1154.8550872802734,363.0,1024.0,440.0
2,1763601742.9768887,1159.6692233085632,363.0,1039.0,432.0
2,1763601743.0152209,1166.8797163963318,363.0,1049.0,423.0
2,1763601743.0486689,1171.7451362609863,363.0,1053.0,405.0
2,1763601743.0804842,1176.4619975090027,363.0,1054.0,397.0
2,1763601743.105361,1178.9121775627136,363.0,1059.0,394.0
2,1763601743.1347456,1183.6336164474487,363.0,1077.0,402.0
2,1763601743.1655118,1188.4191422462463,363.0,1092.0,408.0
2,1763601743.1956186,1193.2056694030762,363.0,1096.0,394.0
2,1763601743.225174,1198.166254043579,363.0,1085.0,384.0
2,1763601743.255989,1202.9941229820251,363.0,1073.0,390.0
2,1763601743.3000453,1210.0652842521667,363.0,1078.0,403.0
2,1763601743.33685,1214.8139028549194,363.0,1084.0,406.0
2,1763601743.3674362,1219.654109954834,363.0,1108.0,409.0
2,1763601743.3949924,1222.0206050872803,363.0,1118.0,417.0
2,1763601743.4251838,1226.937702178955,363.0,1122.0,421.0
2,1763601743.4659853,1234.1885714530945,363.0,1124.0,428.0
2,1763601743.5178392,1241.7877702713013,363.0,1125.0,432.0
2,1763601743.5610628,1248.4116106033325,363.0,1129.0,437.0
2,1763601743.604888,1255.791690826416,363.0,1115.0,444.0
2,1763601743.6416903,1260.4846982955933,363.0,1142.0,434.0
2,1763601743.68147,1265.3000144958496,363.0,1150.0,431.0
2,1763601743.7146988,1270.16650724411,363.0,1147.0,431.0
2,1763601743.7608252,1277.2820858955383,363.0,1147.0,428.0
2,1763601743.7907412,1282.1343808174133,363.0,1152.0,430.0
2,1763601743.8250265,1286.9098930358887,363.0,1162.0,437.0
2,1763601743.8554354,1291.7214183807373,363.0,1176.0,446.0
2,1763601743.8855054,1296.5293674468994,363.0,1189.0,435.0
2,1763601743.9291,1303.6061434745789,363.0,1172.0,429.0
2,1763601743.9792643,1310.9102277755737,363.0,1173.0,426.0
2,1763601744.0077598,1315.730050086975,363.0,1174.0,428.0
2,1763601744.030137,1318.1084184646606,363.0,1172.0,430.0
2,1763601744.0657678,1322.9315667152405,363.0,1174.0,438.0
2,1763601744.0949817,1327.676537513733,363.0,1192.0,454.0
2,1763601744.125152,1332.5483231544495,363.0,1189.0,461.0
2,1763601744.1602507,1337.2885732650757,363.0,1201.0,453.0
2,1763601744.1897233,1342.0207052230835,363.0,1228.0,457.0
2,1763601744.2199962,1346.9001083374023,363.0,1245.0,466.0
2,1763601744.2659917,1354.291310787201,363.0,1250.0,462.0
2,1763601744.3053365,1358.9566378593445,363.0,1251.0,456.0
2,1763601744.3307247,1363.6460332870483,363.0,1261.0,428.0
2,1763601744.3605266,1368.4815196990967,363.0,1269.0,424.0
2,1763601744.3925924,1373.2986240386963,363.0,1265.0,436.0
2,1763601744.4202425,1378.0948786735535,363.0,1269.0,442.0
2,1763601744.4558787,1382.9166321754456,363.0,1277.0,448.0
2,1763601744.4873812,1387.6731901168823,363.0,1262.0,461.0
2,1763601744.5365553,1394.9049620628357,363.0,1271.0,462.0
2,1763601744.5865953,1402.2014288902283,363.0,1276.0,440.0
2,1763601744.6175828,1406.8817048072815,363.0,1284.0,432.0
2,1763601744.6601121,1414.0753178596497,363.0,1281.0,445.0
2,1763601744.7005067,1418.8090233802795,363.0,1322.0,451.0
2,1763601744.7397487,1426.0208039283752,363.0,1339.0,442.0
2,1763601744.7848206,1430.9372572898865,363.0,1350.0,449.0
2,1763601744.8203518,1438.1112723350525,363.0,1353.0,464.0
2,1763601744.8557935,1442.9539828300476,363.0,1358.0,462.0
2,1763601744.887137,1447.6532487869263,363.0,1369.0,454.0
2,1763601744.9105575,1450.1296787261963,363.0,1369.0,460.0
2,1763601744.9450674,1454.9435286521912,363.0,1370.0,455.0
2,1763601744.9751947,1459.6174745559692,363.0,1367.0,447.0
2,1763601745.0056424,1464.4894390106201,363.0,1370.0,442.0
2,1763601745.039941,1469.3188099861145,363.0,1369.0,442.0
2,1763601745.0699055,1474.104371547699,363.0,1377.0,444.0
2,1763601745.1005266,1478.9616017341614,363.0,1379.0,449.0
2,1763601745.1348038,1483.6096196174622,363.0,1360.0,458.0
2,1763601745.1624687,1488.555648803711,363.0,1362.0,462.0
2,1763601745.1924558,1493.291178226471,363.0,1373.0,466.0
2,1763601745.239966,1500.4067211151123,363.0,1375.0,467.0
2,1763601745.2802463,1505.2435665130615,363.0,1374.0,451.0
2,1763601745.305487,1510.0208311080933,363.0,1363.0,440.0
2,1763601745.3352466,1514.8210196495056,363.0,1351.0,447.0
2,1763601745.3677564,1519.617774963379,363.0,1411.0,445.0
2,1763601745.4100957,1524.507728099823,363.0,1430.0,418.0
2,1763601745.448507,1531.7362098693848,363.0,1434.0,409.0
2,1763601745.4751291,1534.0906529426575,363.0,1431.0,432.0
2,1763601745.5047662,1538.8865141868591,363.0,1424.0,435.0
2,1763601745.5355258,1543.6368494033813,363.0,1432.0,428.0
2,1763601745.570596,1548.4072833061218,363.0,1441.0,428.0
2,1763601745.6001482,1553.2757787704468,363.0,1396.0,431.0
2,1763601745.6457455,1560.4045181274414,363.0,1397.0,432.0
2,1763601745.689004,1567.7514462471008,363.0,1400.0,429.0
2,1763601745.7299213,1572.4321155548096,363.0,1405.0,435.0
2,1763601745.7755098,1579.6411066055298,363.0,1420.0,431.0
2,1763601745.8144178,1584.5200090408325,363.0,1434.0,433.0
2,1763601745.8470578,1591.6499285697937,363.0,1471.0,437.0
2,1763601745.880379,1596.4152126312256,363.0,1476.0,435.0
2,1763601745.9287326,1603.6202340126038,363.0,1480.0,445.0
2,1763601745.9705203,1608.5617928504944,363.0,1469.0,446.0
2,1763601745.9956212,1613.2765798568726,363.0,1466.0,427.0
2,1763601746.0354154,1618.151047706604,363.0,1483.0,434.0
2,1763601746.071454,1625.2954511642456,363.0,1492.0,443.0
2,1763601746.0958893,1627.6049761772156,363.0,1492.0,440.0
2,1763601746.1452055,1634.8658590316772,363.0,1491.0,425.0
2,1763601746.1797588,1642.0223145484924,363.0,1489.0,413.0
2,1763601746.2134001,1644.4875149726868,363.0,1499.0,422.0
2,1763601746.255434,1651.6372113227844,363.0,1513.0,429.0
2,1763601746.2901604,1656.5026669502258,363.0,1523.0,439.0
2,1763601746.3348646,1663.6274008750916,363.0,1512.0,442.0
2,1763601746.378726,1670.8919315338135,363.0,1507.0,440.0
2,1763601746.4255166,1678.0536799430847,363.0,1523.0,439.0
2,1763601746.4651573,1682.876148700714,363.0,1528.0,444.0
2,1763601746.4903374,1687.8264336585999,363.0,1539.0,463.0
2,1763601746.5254264,1692.4246697425842,363.0,1543.0,473.0
2,1763601746.55566,1697.2187786102295,363.0,1552.0,477.0
2,1763601746.5904658,1702.0874886512756,363.0,1547.0,479.0
2,1763601746.6259212,1706.9076328277588,363.0,1551.0,471.0
2,1763601746.6555195,1711.7049961090088,363.0,1551.0,474.0
2,1763601746.6904578,1716.4893774986267,363.0,1571.0,463.0
2,1763601746.720246,1721.2989716529846,363.0,1576.0,446.0
3,1763601746.7651875,1726.0924367904663,363.0,1567.0,420.0
3,1763601746.8055766,1726.0924367904663,363.0,1568.0,388.0
3,1763601746.8454385,1726.0924367904663,363.0,1572.0,382.0
3,1763601746.8800066,1726.0924367904663,363.0,1579.0,405.0
3,1763601746.9103036,1726.0924367904663,363.0,1585.0,421.0
3,1763601746.9405432,1726.0924367904663,363.0,1596.0,425.0
3,1763601746.97021,1726.0924367904663,363.0,1620.0,427.0
3,1763601747.0100176,1726.0924367904663,363.0,1626.0,423.0
3,1763601747.0555024,1726.0924367904663,363.0,1635.0,424.0
3,1763601747.0952551,1726.0924367904663,363.0,1636.0,395.0
3,1763601747.114996,1726.0924367904663,363.0,1609.0,391.0
3,1763601747.1456046,1726.0924367904663,363.0,1602.0,403.0
3,1763601747.1758442,1726.0924367904663,363.0,1613.0,403.0
3,1763601747.204857,1726.0924367904663,363.0,1623.0,410.0
3,1763601747.2355876,1726.0924367904663,363.0,1618.0,415.0
3,1763601747.2765224,182.8190712928772,456.0,1618.0,413.0
3,1763601747.317061,187.6218705177307,456.0,1478.0,435.0
3,1763601747.3412733,192.53853845596313,456.0,1566.0,931.0
3,1763601747.3751268,197.35492753982544,456.0,1322.0,928.0
3,1763601747.406395,202.09807443618774,456.0,575.0,430.0
3,1763601747.4496727,209.262469291687,456.0,395.0,397.0
3,1763601747.4901917,214.1823558807373,456.0,372.0,406.0
3,1763601747.5102594,216.52113485336304,456.0,303.0,427.0
3,1763601747.5450883,221.30519437789917,456.0,303.0,415.0
3,1763601747.574804,226.10116291046143,456.0,302.0,409.0
3,1763601747.6059077,230.83340215682983,456.0,299.0,410.0
3,1763601747.6487973,238.11048555374146,456.0,300.0,413.0
3,1763601747.6901882,245.33978986740112,456.0,227.0,469.0
3,1763601747.715053,247.75932121276855,456.0,240.0,467.0
3,1763601747.7457676,252.4030475616455,456.0,235.0,455.0
3,1763601747.7749906,257.206919670105,456.0,235.0,461.0
3,1763601747.8100836,262.16128158569336,456.0,243.0,468.0
3,1763601747.840053,266.9214515686035,456.0,252.0,466.0
3,1763601747.875309,271.6560869216919,456.0,256.0,462.0
3,1763601747.917835,278.8064270019531,456.0,268.0,455.0
3,1763601747.9605777,283.6121230125427,456.0,277.0,454.0
3,1763601747.9988918,290.8753662109375,456.0,264.0,467.0
3,1763601748.0340798,295.62949228286743,456.0,270.0,481.0
3,1763601748.0641844,300.54812717437744,456.0,328.0,481.0
3,1763601748.105437,305.26752758026123,456.0,314.0,475.0
3,1763601748.13024,310.1250796318054,456.0,331.0,475.0
3,1763601748.1571527,314.91471815109253,456.0,345.0,479.0
3,1763601748.189889,319.658079624176,456.0,352.0,480.0
3,1763601748.2223592,324.5022563934326,456.0,343.0,462.0
3,1763601748.260122,329.2280583381653,456.0,336.0,453.0
3,1763601748.2897518,334.1424732208252,456.0,340.0,456.0
3,1763601748.320811,338.9415531158447,456.0,334.0,470.0
3,1763601748.3505814,343.61717987060547,456.0,335.0,466.0
3,1763601748.3820093,348.43707370758057,456.0,347.0,461.0
3,1763601748.419999,353.3476619720459,456.0,358.0,458.0
3,1763601748.4502954,358.13612031936646,456.0,366.0,456.0
3,1763601748.4777195,362.8711848258972,456.0,364.0,463.0
3,1763601748.5149279,367.60442543029785,456.0,376.0,469.0
3,1763601748.5497334,372.41044330596924,456.0,381.0,475.0
3,1763601748.5801065,377.3267893791199,456.0,370.0,463.0
3,1763601748.616676,382.1654944419861,456.0,403.0,469.0
3,1763601748.6548383,389.3541007041931,456.0,425.0,480.0
3,1763601748.6988564,394.0591244697571,456.0,441.0,495.0
3,1763601748.7250264,398.9153890609741,456.0,444.0,501.0
3,1763601748.7605784,403.66826343536377,456.0,445.0,505.0
3,1763601748.7904527,408.4504632949829,456.0,448.0,503.0
3,1763601748.8198218,413.2712869644165,456.0,444.0,492.0
3,1763601748.852532,418.1413559913635,456.0,435.0,492.0
3,1763601748.900242,425.2098708152771,456.0,443.0,488.0
3,1763601748.9265718,430.1527886390686,456.0,454.0,487.0
3,1763601748.94988,432.45584058761597,456.0,451.0,478.0
3,1763601748.9900255,439.6720199584961,456.0,457.0,467.0
3,1763601749.038339,446.9449191093445,456.0,457.0,461.0
3,1763601749.0755901,451.6518383026123,456.0,446.0,463.0
3,1763601749.1046793,456.40789556503296,456.0,453.0,471.0
3,1763601749.1358352,461.28611850738525,456.0,464.0,480.0
3,1763601749.1860373,468.4996871948242,456.0,473.0,485.0
3,1763601749.2317147,475.6331830024719,456.0,482.0,489.0
3,1763601749.2640235,480.49760150909424,456.0,490.0,479.0
3,1763601749.3050497,485.23198652267456,456.0,487.0,473.0
3,1763601749.329838,490.1295213699341,456.0,483.0,464.0
3,1763601749.360067,494.84370040893555,456.0,483.0,451.0
3,1763601749.3898077,499.7334032058716,456.0,497.0,454.0
3,1763601749.4252305,504.54703855514526,456.0,499.0,451.0
3,1763601749.4654236,509.2026381492615,456.0,500.0,446.0
3,1763601749.5051124,516.5711312294006,456.0,503.0,448.0
3,1763601749.533181,521.2577729225159,456.0,498.0,466.0
3,1763601749.570614,526.1240510940552,456.0,491.0,467.0
3,1763601749.616826,533.2083730697632,456.0,495.0,459.0
3,1763601749.640298,535.6514363288879,456.0,514.0,439.0
3,1763601749.6661458,540.4062418937683,456.0,521.0,446.0
3,1763601749.7004638,545.2858953475952,456.0,534.0,459.0
3,1763601749.7361143,550.0374822616577,456.0,541.0,462.0
3,1763601749.7654424,554.8337368965149,456.0,535.0,449.0
3,1763601749.8000195,559.609857082367,456.0,534.0,449.0
3,1763601749.8304772,564.5047097206116,456.0,539.0,455.0
3,1763601749.8600285,569.2732124328613,456.0,545.0,464.0
3,1763601749.9055593,576.8142609596252,456.0,543.0,460.0
3,1763601749.9407277,581.2573580741882,456.0,539.0,468.0
3,1763601749.970456,586.1288933753967,456.0,560.0,479.0
3,1763601750.017141,593.2389287948608,456.0,571.0,474.0
3,1763601750.0555568,598.1272010803223,456.0,566.0,464.0
3,1763601750.0856137,602.8914480209351,456.0,555.0,450.0
3,1763601750.1297505,610.1570158004761,456.0,560.0,447.0
3,1763601750.1647146,614.9144678115845,456.0,580.0,446.0
3,1763601750.1951475,619.6700959205627,456.0,586.0,430.0
3,1763601750.2297213,624.4593768119812,456.0,587.0,426.0
3,1763601750.260512,629.2642502784729,456.0,598.0,433.0
3,1763601750.2954738,634.1209082603455,456.0,606.0,443.0
3,1763601750.335517,641.2909178733826,456.0,613.0,452.0
3,1763601750.38098,648.4919338226318,456.0,615.0,463.0
3,1763601750.420581,653.3342509269714,456.0,615.0,474.0
3,1763601750.4555535,658.0017595291138,456.0,629.0,453.0
3,1763601750.4968302,665.2853875160217,456.0,634.0,439.0
3,1763601750.521005,667.6254897117615,456.0,662.0,454.0
3,1763601750.5500863,672.5562839508057,456.0,669.0,462.0
3,1763601750.5798087,677.35142993927,456.0,670.0,454.0
3,1763601750.6165092,682.1637420654297,456.0,663.0,444.0
3,1763601750.6452544,686.9037418365479,456.0,669.0,441.0
3,1763601750.6758962,691.6679887771606,456.0,676.0,448.0
3,1763601750.7102342,696.4387445449829,456.0,680.0,444.0
3,1763601750.740475,701.3448624610901,456.0,670.0,446.0
3,1763601750.7697823,706.0235648155212,456.0,659.0,450.0
3,1763601750.8049917,710.931113243103,456.0,677.0,463.0
3,1763601750.854966,718.1036977767944,456.0,686.0,468.0
3,1763601750.9133415,727.6333360671997,456.0,684.0,464.0
3,1763601750.9354393,730.0832300186157,456.0,676.0,454.0
3,1763601750.960002,734.8807363510132,456.0,681.0,450.0
3,1763601750.9955926,739.771297454834,456.0,684.0,457.0
3,1763601751.0213814,744.5642261505127,456.0,690.0,458.0
3,1763601751.055568,749.2124228477478,456.0,699.0,461.0
3,1763601751.0900133,754.016902923584,456.0,701.0,467.0
3,1763601751.1255136,758.8234572410583,456.0,699.0,473.0
3,1763601751.1600285,763.7214570045471,456.0,704.0,469.0
3,1763601751.2156723,773.203959941864,456.0,708.0,459.0
3,1763601751.2504427,778.0580787658691,456.0,733.0,448.0
3,1763601751.2853444,782.9939155578613,456.0,739.0,438.0
3,1763601751.319684,787.6203684806824,456.0,737.0,450.0
3,1763601751.3452256,792.4734859466553,456.0,725.0,459.0
3,1763601751.3754811,797.3093299865723,456.0,716.0,456.0
3,1763601751.4181848,802.1186380386353,456.0,717.0,461.0
3,1763601751.460146,809.2791347503662,456.0,735.0,464.0
3,1763601751.4850771,814.0333323478699,456.0,753.0,461.0
3,1763601751.518199,818.9337639808655,456.0,753.0,461.0
3,1763601751.5503132,823.7220435142517,456.0,754.0,470.0
3,1763601751.5862336,828.5340695381165,456.0,759.0,468.0
3,1763601751.61555,833.2698493003845,456.0,773.0,457.0
3,1763601751.6503994,838.1343393325806,456.0,795.0,454.0
3,1763601751.6802776,842.9333477020264,456.0,806.0,464.0
3,1763601751.7249997,850.040843963623,456.0,786.0,469.0
3,1763601751.7600956,854.8911719322205,456.0,785.0,461.0
3,1763601751.785878,857.3574452400208,456.0,799.0,461.0
3,1763601751.8231215,864.4425182342529,456.0,812.0,468.0
3,1763601751.8527899,869.2468552589417,456.0,807.0,473.0
3,1763601751.886547,874.1209654808044,456.0,807.0,470.0
3,1763601751.9097733,876.5044121742249,456.0,821.0,466.0
3,1763601751.9402742,881.2917618751526,456.0,823.0,467.0
3,1763601751.975164,886.0318689346313,456.0,831.0,482.0
3,1763601752.0106473,893.4086589813232,456.0,829.0,483.0
3,1763601752.050666,898.1145052909851,456.0,836.0,477.0
3,1763601752.0770724,902.86172914505,456.0,844.0,460.0
3,1763601752.104999,905.2652745246887,456.0,847.0,453.0
3,1763601752.135464,910.1929931640625,456.0,841.0,448.0
3,1763601752.176169,917.2147660255432,456.0,841.0,447.0
3,1763601752.2012014,919.621994972229,456.0,860.0,444.0
3,1763601752.2302215,924.5471029281616,456.0,859.0,448.0
3,1763601752.2713993,931.7421822547913,456.0,872.0,464.0
3,1763601752.31026,936.4337592124939,456.0,866.0,472.0
3,1763601752.3546767,943.6273007392883,456.0,880.0,460.0
3,1763601752.3906693,948.4719066619873,456.0,891.0,465.0
3,1763601752.4156656,953.2154469490051,456.0,883.0,480.0
3,1763601752.445749,958.1663398742676,456.0,870.0,476.0
3,1763601752.4797168,962.9198937416077,456.0,866.0,460.0
3,1763601752.509802,967.6123647689819,456.0,856.0,449.0
3,1763601752.5414183,972.5067524909973,456.0,859.0,452.0
3,1763601752.5702255,977.3453860282898,456.0,879.0,462.0
3,1763601752.610125,982.047441482544,456.0,897.0,463.0
3,1763601752.659846,989.3173723220825,456.0,901.0,460.0
3,1763601752.6861715,994.587233543396,456.0,902.0,478.0
3,1763601752.710465,996.5410261154175,456.0,908.0,483.0
3,1763601752.7448459,1001.228132724762,456.0,918.0,472.0
3,1763601752.7847672,1008.5875778198242,456.0,936.0,458.0
3,1763601752.8103743,1013.3677034378052,456.0,946.0,451.0
3,1763601752.8350227,1015.6466870307922,456.0,946.0,456.0
3,1763601752.8701632,1020.4917936325073,456.0,936.0,453.0
3,1763601752.9002693,1025.211229801178,456.0,933.0,454.0
3,1763601752.9302845,1030.079439163208,456.0,930.0,453.0
3,1763601752.969874,1037.2926502227783,456.0,926.0,455.0
3,1763601753.0006597,1039.6212725639343,456.0,933.0,462.0
3,1763601753.030075,1044.4689898490906,456.0,943.0,463.0
3,1763601753.06971,1051.7074851989746,456.0,959.0,460.0
3,1763601753.1030195,1056.5401821136475,456.0,975.0,455.0
3,1763601753.1355877,1061.344054222107,456.0,975.0,454.0
3,1763601753.1740983,1066.0389213562012,456.0,990.0,449.0
3,1763601753.213064,1073.2589631080627,456.0,1001.0,455.0
3,1763601753.2517033,1078.1910090446472,456.0,1009.0,457.0
3,1763601753.285418,1082.9874067306519,456.0,1009.0,455.0
3,1763601753.3151238,1087.6266984939575,456.0,1005.0,449.0
3,1763601753.3498313,1092.512574672699,456.0,1000.0,446.0
3,1763601753.3948822,1099.7681646347046,456.0,998.0,449.0
3,1763601753.43747,1106.9631009101868,456.0,1004.0,449.0
3,1763601753.470319,1111.7225198745728,456.0,1010.0,453.0
3,1763601753.5040848,1116.429045677185,456.0,1021.0,453.0
3,1763601753.5402262,1121.3512926101685,456.0,1033.0,469.0
3,1763601753.5754201,1126.125946521759,456.0,1037.0,482.0
3,1763601753.605935,1130.8085112571716,456.0,1040.0,486.0
3,1763601753.6351693,1135.7206015586853,456.0,1042.0,469.0
3,1763601753.6766057,1142.8019194602966,456.0,1044.0,459.0
3,1763601753.7049904,1145.278778553009,456.0,1045.0,465.0
3,1763601753.741061,1152.4882702827454,456.0,1064.0,475.0
3,1763601753.772775,1157.252052307129,456.0,1086.0,474.0
3,1763601753.8052475,1162.1407537460327,456.0,1102.0,453.0
3,1763601753.845264,1166.8547897338867,456.0,1105.0,446.0
3,1763601753.8712606,1171.7487125396729,456.0,1097.0,463.0
3,1763601753.9030232,1176.46932888031,456.0,1085.0,465.0
3,1763601753.9403477,1181.2998442649841,456.0,1085.0,457.0
3,1763601753.9886963,1188.4110598564148,456.0,1097.0,455.0
3,1763601754.0253646,1193.2846336364746,456.0,1091.0,466.0
3,1763601754.0557663,1198.0808882713318,456.0,1093.0,480.0
3,1763601754.0853004,1202.872350692749,456.0,1108.0,481.0
3,1763601754.1199934,1207.784119129181,456.0,1115.0,476.0
3,1763601754.1502612,1212.537672996521,456.0,1123.0,465.0
3,1763601754.1853983,1217.3240928649902,456.0,1122.0,470.0
3,1763601754.2158418,1222.0080881118774,456.0,1096.0,478.0
3,1763601754.2447805,1226.8654613494873,456.0,1088.0,477.0
3,1763601754.2806344,1231.7434339523315,456.0,1092.0,474.0
3,1763601754.3100717,1236.5524559020996,456.0,1131.0,476.0
3,1763601754.3404815,1241.3138060569763,456.0,1127.0,479.0
3,1763601754.3859599,1248.4887509346008,456.0,1124.0,484.0
3,1763601754.4147704,1253.3342509269714,456.0,1127.0,475.0
3,1763601754.4506652,1258.0866603851318,456.0,1142.0,470.0
3,1763601754.5048022,1265.3372435569763,456.0,1151.0,471.0
3,1763601754.5351102,1270.0845746994019,456.0,1148.0,469.0
3,1763601754.5753226,1277.3538618087769,456.0,1141.0,466.0
3,1763601754.5957987,1279.6708254814148,456.0,1134.0,469.0
3,1763601754.6299613,1284.4383268356323,456.0,1141.0,463.0
3,1763601754.6602583,1289.3179445266724,456.0,1150.0,444.0
3,1763601754.705335,1296.4235095977783,456.0,1161.0,444.0
3,1763601754.7353554,1301.3535170555115,456.0,1165.0,457.0
3,1763601754.7604444,1303.6877899169922,456.0,1158.0,460.0
3,1763601754.800613,1310.9177021980286,456.0,1151.0,459.0
3,1763601754.8251383,1313.2724313735962,456.0,1157.0,460.0
3,1763601754.8552349,1318.1422142982483,456.0,1170.0,458.0
3,1763601754.8851905,1322.8442339897156,456.0,1168.0,457.0
3,1763601754.914949,1327.747884273529,456.0,1175.0,453.0
3,1763601754.9449315,1332.4294834136963,456.0,1173.0,444.0
3,1763601754.9757183,1337.2029571533203,456.0,1182.0,449.0
3,1763601755.0212724,1344.4985299110413,456.0,1159.0,456.0
3,1763601755.0601661,1349.3010787963867,456.0,1165.0,461.0
3,1763601755.0857308,1354.1131048202515,456.0,1173.0,456.0
3,1763601755.1211512,1358.8361530303955,456.0,1158.0,461.0
3,1763601755.1455526,1361.3420872688293,456.0,1169.0,462.0
3,1763601755.1814935,1368.4367089271545,456.0,1179.0,457.0
3,1763601755.2155664,1373.2976942062378,456.0,1185.0,461.0
3,1763601755.24592,1378.0346183776855,456.0,1179.0,465.0
3,1763601755.2798615,1382.8623085021973,456.0,1207.0,464.0
3,1763601755.3098164,1387.657061100006,456.0,1233.0,455.0
3,1763601755.3497546,1392.4662261009216,456.0,1234.0,455.0
3,1763601755.380234,1397.2505359649658,456.0,1245.0,474.0
3,1763601755.4150138,1402.084484577179,456.0,1251.0,484.0
3,1763601755.4452007,1407.2493104934692,456.0,1242.0,477.0
3,1763601755.480178,1411.73042345047,456.0,1241.0,468.0
3,1763601755.5204551,1418.8352375030518,456.0,1242.0,469.0
3,1763601755.5546365,1423.7276940345764,456.0,1253.0,474.0
3,1763601755.5989738,1430.9082536697388,456.0,1278.0,480.0
3,1763601755.6397955,1435.6424956321716,456.0,1291.0,476.0
3,1763601755.665407,1440.5502228736877,456.0,1297.0,464.0
3,1763601755.700666,1445.3132181167603,456.0,1303.0,454.0
3,1763601755.72973,1450.1641182899475,456.0,1310.0,449.0
3,1763601755.7651975,1454.9313335418701,456.0,1318.0,449.0
3,1763601755.8104212,1462.0936541557312,456.0,1315.0,452.0
3,1763601755.844731,1466.8992071151733,456.0,1334.0,462.0
3,1763601755.871373,1471.6414241790771,456.0,1345.0,458.0
3,1763601755.9018002,1476.5674977302551,456.0,1341.0,456.0
3,1763601755.9355779,1481.3511281013489,456.0,1347.0,446.0
3,1763601755.9698248,1486.0788969993591,456.0,1356.0,436.0
3,1763601755.9974635,1490.91846036911,456.0,1358.0,424.0
3,1763601756.0306916,1495.7507996559143,456.0,1354.0,431.0
3,1763601756.06258,1500.5473046302795,456.0,1356.0,454.0
3,1763601756.0947993,1505.2196769714355,456.0,1368.0,471.0
3,1763601756.1307092,1510.153046131134,456.0,1370.0,468.0
3,1763601756.1647122,1514.9477987289429,456.0,1356.0,445.0
3,1763601756.195856,1519.7645454406738,456.0,1359.0,444.0
3,1763601756.2301693,1524.5072989463806,456.0,1385.0,472.0
3,1763601756.2608266,1529.2337803840637,456.0,1419.0,472.0
3,1763601756.2902884,1534.174910068512,456.0,1428.0,459.0
3,1763601756.3357308,1541.3237481117249,456.0,1420.0,458.0
3,1763601756.3816068,1548.5531239509583,456.0,1415.0,454.0
3,1763601756.4247005,1553.3077507019043,456.0,1429.0,464.0
3,1763601756.4658318,1560.4912786483765,456.0,1446.0,472.0
3,1763601756.492815,1565.2544527053833,456.0,1441.0,473.0
3,1763601756.5199175,1567.7507667541504,456.0,1439.0,481.0
3,1763601756.549867,1572.5446968078613,456.0,1453.0,492.0
3,1763601756.585528,1577.5571732521057,456.0,1446.0,495.0
3,1763601756.624686,1584.411325931549,456.0,1423.0,489.0
3,1763601756.6574428,1589.271095275879,456.0,1413.0,484.0
3,1763601756.7064452,1596.445646762848,456.0,1419.0,495.0
3,1763601756.7357702,1601.3307719230652,456.0,1429.0,511.0
3,1763601756.7697341,1606.1561732292175,456.0,1450.0,529.0
3,1763601756.7982285,1610.931399345398,456.0,1466.0,528.0
3,1763601756.8306231,1615.7447843551636,456.0,1481.0,498.0
3,1763601756.8613317,1620.5091743469238,456.0,1494.0,470.0
3,1763601756.8901095,1625.327995300293,456.0,1504.0,452.0
3,1763601756.9236233,1627.774706363678,456.0,1513.0,450.0
3,1763601756.96536,1634.8448305130005,456.0,1505.0,457.0
3,1763601757.0001695,1639.6729497909546,456.0,1501.0,473.0
3,1763601757.0301569,1644.549813747406,456.0,1512.0,482.0
3,1763601757.059721,1649.2198615074158,456.0,1524.0,483.0
3,1763601757.0948136,1654.1368870735168,456.0,1527.0,479.0
3,1763601757.1225955,1658.908465385437,456.0,1544.0,482.0
3,1763601757.1600962,1663.633373260498,456.0,1560.0,486.0
3,1763601757.1852086,1668.506625175476,456.0,1563.0,489.0
3,1763601757.2259908,1673.3445076942444,456.0,1583.0,492.0
3,1763601757.2553282,1678.1423001289368,456.0,1596.0,490.0
3,1763601757.292691,1685.24675655365,456.0,1607.0,491.0
3,1763601757.3247924,1690.0484113693237,456.0,1594.0,498.0
3,1763601757.356937,1694.8782114982605,456.0,1590.0,479.0
3,1763601757.3966517,1699.632695198059,456.0,1581.0,490.0
3,1763601757.4371572,1706.8572072982788,456.0,1582.0,495.0
3,1763601757.4753268,1711.6291790008545,456.0,1593.0,497.0
3,1763601757.5011666,1716.5266423225403,456.0,1605.0,501.0
3,1763601757.5355442,1721.3413863182068,456.0,1600.0,489.0
4,1763601757.565254,1726.107349872589,456.0,1611.0,488.0
4,1763601757.595016,1726.107349872589,456.0,1625.0,487.0
4,1763601757.640165,1726.107349872589,456.0,1641.0,491.0
4,1763601757.6755843,1726.107349872589,456.0,1633.0,495.0
4,1763601757.7004406,1726.107349872589,456.0,1616.0,506.0
4,1763601757.730647,1726.107349872589,456.0,1623.0,512.0
4,1763601757.7650185,1726.107349872589,456.0,1644.0,520.0
4,1763601757.7997591,1726.107349872589,456.0,1655.0,515.0
4,1763601757.8398433,1726.107349872589,456.0,1663.0,520.0
4,1763601757.8597276,1726.107349872589,456.0,1667.0,518.0
4,1763601757.8907979,1726.107349872589,456.0,1652.0,513.0
4,1763601757.9256098,1726.107349872589,456.0,1635.0,504.0
4,1763601757.960468,1726.107349872589,456.0,1623.0,487.0
4,1763601757.9947743,1726.107349872589,456.0,1624.0,464.0
4,1763601758.025582,1726.107349872589,456.0,1354.0,557.0
4,1763601758.0648017,178.0,549.0,1484.0,855.0
4,1763601758.095042,182.931902885437,549.0,2023.0,961.0
4,1763601758.1404908,187.65977907180786,549.0,580.0,600.0
4,1763601758.1855931,194.8818235397339,549.0,487.0,562.0
4,1763601758.2297893,202.0074872970581,549.0,361.0,546.0
4,1763601758.2703657,206.8102149963379,549.0,334.0,536.0
4,1763601758.3102267,214.07571125030518,549.0,329.0,523.0
4,1763601758.3514693,218.80133438110352,549.0,333.0,519.0
4,1763601758.390207,226.09168577194214,549.0,342.0,538.0
4,1763601758.4356294,233.2338719367981,549.0,344.0,533.0
4,1763601758.4902449,240.43274211883545,549.0,292.0,582.0
4,1763601758.5302157,247.7240948677063,549.0,303.0,557.0
4,1763601758.5547323,250.09806442260742,549.0,304.0,563.0
4,1763601758.5906768,254.8619179725647,549.0,310.0,577.0
4,1763601758.6210334,259.80633783340454,549.0,323.0,570.0
4,1763601758.6508,264.607563495636,549.0,336.0,565.0
4,1763601758.6857488,269.3335084915161,549.0,339.0,560.0
4,1763601758.715524,274.01306915283203,549.0,337.0,566.0
4,1763601758.7451632,278.8466958999634,549.0,344.0,574.0
4,1763601758.7891898,286.0248951911926,549.0,351.0,579.0
4,1763601758.8384023,293.3103470802307,549.0,343.0,595.0
4,1763601758.8747337,298.07752656936646,549.0,335.0,607.0
4,1763601758.9108355,302.86283779144287,549.0,339.0,602.0
4,1763601758.9457753,310.01149702072144,549.0,347.0,594.0
4,1763601758.9774466,314.8147611618042,549.0,364.0,593.0
4,1763601759.0056543,317.266836643219,549.0,369.0,595.0
4,1763601759.0354853,322.00254487991333,549.0,388.0,585.0
4,1763601759.0658095,327.19108152389526,549.0,403.0,574.0
4,1763601759.1081212,334.08686208724976,549.0,410.0,565.0
4,1763601759.1306117,336.54315757751465,549.0,412.0,557.0
4,1763601759.1752808,343.6157851219177,549.0,398.0,549.0
4,1763601759.2198882,350.84265756607056,549.0,386.0,548.0
4,1763601759.2401724,353.25492906570435,549.0,389.0,563.0
4,1763601759.2673883,358.1314353942871,549.0,392.0,573.0
4,1763601759.3010647,362.8386764526367,549.0,396.0,583.0
4,1763601759.3353033,367.60392475128174,549.0,413.0,586.0
4,1763601759.3705482,372.4136619567871,549.0,420.0,587.0
4,1763601759.4000545,377.3471026420593,549.0,422.0,576.0
4,1763601759.4356766,382.0204048156738,549.0,421.0,556.0
4,1763601759.4704397,386.90581607818604,549.0,424.0,560.0
4,1763601759.500662,391.60740661621094,549.0,423.0,571.0
4,1763601759.5505624,398.8694338798523,549.0,436.0,567.0
4,1763601759.5803812,403.65027475357056,549.0,458.0,559.0
4,1763601759.6254756,410.8621983528137,549.0,463.0,559.0
4,1763601759.6516716,415.67014741897583,549.0,475.0,566.0
4,1763601759.6748865,418.0023102760315,549.0,458.0,578.0
4,1763601759.7098403,422.8469877243042,549.0,434.0,575.0
4,1763601759.7398806,427.73089694976807,549.0,423.0,570.0
4,1763601759.770282,432.58598136901855,549.0,460.0,559.0
4,1763601759.8113348,439.7338538169861,549.0,483.0,563.0
4,1763601759.8351912,442.06329870224,549.0,494.0,574.0
4,1763601759.869852,446.8389539718628,549.0,495.0,571.0
4,1763601759.908986,454.18623971939087,549.0,504.0,578.0
4,1763601759.949794,458.8172345161438,549.0,498.0,585.0
4,1763601759.9901402,466.04296255111694,549.0,514.0,579.0
4,1763601760.0250823,470.8132176399231,549.0,525.0,562.0
4,1763601760.055677,475.82315492630005,549.0,529.0,551.0
4,1763601760.0902443,480.4113416671753,549.0,521.0,552.0
4,1763601760.1207244,485.2405695915222,549.0,519.0,558.0
4,1763601760.1576521,490.0599627494812,549.0,514.0,546.0
4,1763601760.1909108,494.9390797615051,549.0,516.0,537.0
4,1763601760.2204506,499.71194553375244,549.0,527.0,541.0
4,1763601760.250476,504.49643421173096,549.0,527.0,551.0
4,1763601760.2850966,509.28042221069336,549.0,526.0,574.0
4,1763601760.3225994,516.4482145309448,549.0,531.0,589.0
4,1763601760.355566,521.2408213615417,549.0,536.0,577.0
4,1763601760.3902483,526.1286644935608,549.0,536.0,559.0
4,1763601760.421155,530.8329014778137,549.0,545.0,551.0
4,1763601760.467114,538.1338028907776,549.0,569.0,563.0
4,1763601760.5050275,542.8547410964966,549.0,566.0,557.0
4,1763601760.534828,547.7444438934326,549.0,561.0,566.0
4,1763601760.578992,554.8564105033875,549.0,561.0,570.0
4,1763601760.6154356,559.9288969039917,549.0,557.0,572.0
4,1763601760.6576495,566.8463497161865,549.0,564.0,561.0
4,1763601760.6948464,571.7332272529602,549.0,580.0,553.0
4,1763601760.7301831,576.4473705291748,549.0,593.0,541.0
4,1763601760.7604969,581.2473802566528,549.0,583.0,546.0
4,1763601760.7952752,586.1041812896729,549.0,574.0,547.0
4,1763601760.8307116,590.8383159637451,549.0,574.0,548.0
4,1763601760.855292,595.6669359207153,549.0,584.0,538.0
4,1763601760.8829927,600.4550724029541,549.0,576.0,534.0
4,1763601760.910497,602.8154163360596,549.0,587.0,533.0
4,1763601760.9457889,610.0050239562988,549.0,594.0,535.0
4,1763601760.9779055,614.8692636489868,549.0,593.0,529.0
4,1763601761.0124693,619.7161583900452,549.0,600.0,526.0
4,1763601761.0507467,624.5727090835571,549.0,600.0,522.0
4,1763601761.095335,631.6818146705627,549.0,593.0,516.0
4,1763601761.1352744,638.9667658805847,549.0,607.0,517.0
4,1763601761.1652663,641.3672714233398,549.0,644.0,514.0
4,1763601761.190853,646.0724024772644,549.0,649.0,507.0
4,1763601761.2206516,650.8094696998596,549.0,650.0,507.0
4,1763601761.2549317,655.6967763900757,549.0,657.0,518.0
4,1763601761.2853117,660.4806213378906,549.0,677.0,519.0
4,1763601761.314983,665.2419714927673,549.0,691.0,523.0
4,1763601761.349746,670.1224474906921,549.0,695.0,534.0
4,1763601761.3852494,674.9225287437439,549.0,687.0,533.0
4,1763601761.4156754,679.6269087791443,549.0,692.0,519.0
4,1763601761.4504435,684.7302584648132,549.0,699.0,512.0
4,1763601761.480619,689.3391160964966,549.0,693.0,513.0
4,1763601761.5158637,694.057014465332,549.0,689.0,514.0
4,1763601761.5441628,698.9034442901611,549.0,698.0,507.0
4,1763601761.5879428,706.1450867652893,549.0,700.0,500.0
4,1763601761.6175704,710.8351259231567,549.0,693.0,506.0
4,1763601761.645508,713.2946758270264,549.0,688.0,506.0
4,1763601761.682022,720.509138584137,549.0,691.0,496.0
4,1763601761.7148082,725.2091913223267,549.0,707.0,498.0
4,1763601761.7507274,730.0958185195923,549.0,697.0,519.0
4,1763601761.7854064,734.8715810775757,549.0,708.0,536.0
4,1763601761.8207374,739.6368651390076,549.0,716.0,537.0
4,1763601761.8501613,744.50550365448,549.0,717.0,533.0
4,1763601761.8847187,749.2660670280457,549.0,705.0,532.0
4,1763601761.9247966,756.4586429595947,549.0,714.0,533.0
4,1763601761.950029,758.9038162231445,549.0,746.0,534.0
4,1763601761.9855206,766.0365252494812,549.0,766.0,525.0
4,1763601762.0177455,770.8590297698975,549.0,762.0,516.0
4,1763601762.0502474,775.7373957633972,549.0,741.0,529.0
4,1763601762.0819468,780.4630188941956,549.0,733.0,532.0
4,1763601762.1200342,785.2868466377258,549.0,735.0,543.0
4,1763601762.1647933,792.5113587379456,549.0,734.0,539.0
4,1763601762.205466,797.2384123802185,549.0,747.0,539.0
4,1763601762.2361157,802.0330219268799,549.0,760.0,515.0
4,1763601762.2706194,806.947114944458,549.0,750.0,503.0
4,1763601762.306003,814.0058665275574,549.0,750.0,510.0
4,1763601762.3350458,818.9324765205383,549.0,751.0,522.0
4,1763601762.3802164,823.7197904586792,549.0,759.0,549.0
4,1763601762.4177244,830.8695583343506,549.0,763.0,557.0
4,1763601762.4456122,833.268132686615,549.0,755.0,564.0
4,1763601762.4754305,838.1175665855408,549.0,745.0,561.0
4,1763601762.5106492,842.8270964622498,549.0,754.0,538.0
4,1763601762.5408983,847.6513891220093,549.0,760.0,527.0
4,1763601762.5706418,852.6240258216858,549.0,764.0,528.0
4,1763601762.599812,857.2567372322083,549.0,765.0,540.0
4,1763601762.6348128,862.0234875679016,549.0,778.0,543.0
4,1763601762.680176,869.2543296813965,549.0,785.0,548.0
4,1763601762.710418,874.0052371025085,549.0,794.0,538.0
4,1763601762.7457187,878.8308172225952,549.0,790.0,525.0
4,1763601762.7706885,883.6207776069641,549.0,798.0,510.0
4,1763601762.8097646,888.5368733406067,549.0,838.0,520.0
4,1763601762.8522856,895.7936434745789,549.0,850.0,524.0
4,1763601762.8748453,898.1447606086731,549.0,843.0,532.0
4,1763601762.9097779,902.9433040618896,549.0,841.0,538.0
4,1763601762.9402642,907.6233296394348,549.0,847.0,538.0
4,1763601762.9702132,912.546971321106,549.0,858.0,541.0
4,1763601763.0006452,917.2856478691101,549.0,860.0,543.0
4,1763601763.03109,922.0242886543274,549.0,853.0,547.0
4,1763601763.0789924,929.3416409492493,549.0,855.0,547.0
4,1763601763.1229627,936.4494590759277,549.0,864.0,539.0
4,1763601763.1454153,938.8227491378784,549.0,877.0,512.0
4,1763601763.187773,946.1844115257263,549.0,862.0,510.0
4,1763601763.2303154,950.8730916976929,549.0,863.0,520.0
4,1763601763.2657564,958.0719618797302,549.0,864.0,527.0
4,1763601763.3006628,962.8300218582153,549.0,878.0,532.0
4,1763601763.3297863,967.6854639053345,549.0,881.0,526.0
4,1763601763.3622139,972.5385098457336,549.0,883.0,517.0
4,1763601763.3907857,974.8245029449463,549.0,886.0,523.0
4,1763601763.4281862,982.2100548744202,549.0,889.0,531.0
4,1763601763.4576967,986.8724136352539,549.0,888.0,523.0
4,1763601763.491317,991.7020349502563,549.0,913.0,521.0
4,1763601763.5251865,996.4898138046265,549.0,935.0,518.0
4,1763601763.5554001,1001.2373237609863,549.0,948.0,531.0
4,1763601763.5863817,1006.0198097229004,549.0,945.0,538.0
4,1763601763.6251512,1010.907223701477,549.0,932.0,545.0
4,1763601763.6555889,1015.6721501350403,549.0,925.0,552.0
4,1763601763.6909175,1020.4661159515381,549.0,920.0,556.0
4,1763601763.7325723,1027.71204996109,549.0,917.0,561.0
4,1763601763.7569325,1030.0930647850037,549.0,927.0,551.0
4,1763601763.7952387,1037.32959318161,549.0,947.0,541.0
4,1763601763.8276942,1042.131784439087,549.0,957.0,538.0
4,1763601763.8655572,1046.9017534255981,549.0,951.0,522.0
4,1763601763.8950794,1051.6372470855713,549.0,944.0,499.0
4,1763601763.9259512,1056.406322002411,549.0,939.0,497.0
4,1763601763.9601998,1061.2546830177307,549.0,958.0,503.0
4,1763601763.995122,1066.034451007843,549.0,978.0,531.0
4,1763601764.025747,1070.859959602356,549.0,980.0,531.0
4,1763601764.060023,1075.7329969406128,549.0,978.0,534.0
4,1763601764.0902963,1080.5149464607239,549.0,985.0,538.0
4,1763601764.1251574,1085.3418140411377,549.0,994.0,542.0
4,1763601764.1613438,1092.4282817840576,549.0,1001.0,542.0
4,1763601764.1955721,1097.3368315696716,549.0,999.0,537.0
4,1763601764.2297463,1102.0325570106506,549.0,996.0,527.0
4,1763601764.2600005,1106.8459777832031,549.0,1005.0,535.0
4,1763601764.3121986,1114.0856533050537,549.0,1037.0,551.0
4,1763601764.360201,1121.2957172393799,549.0,1047.0,554.0
4,1763601764.396053,1126.0405449867249,549.0,1042.0,548.0
4,1763601764.419989,1130.8392314910889,549.0,1031.0,532.0
4,1763601764.4510515,1135.718026638031,549.0,1048.0,534.0
4,1763601764.4986625,1142.8380756378174,549.0,1057.0,539.0
4,1763601764.5356913,1147.818615913391,549.0,1059.0,546.0
4,1763601764.5708227,1152.5561122894287,549.0,1061.0,556.0
4,1763601764.6000447,1157.2907118797302,549.0,1076.0,566.0
4,1763601764.6292446,1162.031891822815,549.0,1071.0,577.0
4,1763601764.6705284,1166.9053225517273,549.0,1074.0,563.0
4,1763601764.695432,1171.6598777770996,549.0,1054.0,556.0
4,1763601764.7302096,1176.5473275184631,549.0,1066.0,558.0
4,1763601764.7715588,1183.7196259498596,549.0,1078.0,550.0
4,1763601764.794864,1186.1406950950623,549.0,1084.0,539.0
4,1763601764.8255923,1190.9409909248352,549.0,1066.0,536.0
4,1763601764.8657932,1198.0055360794067,549.0,1068.0,536.0
4,1763601764.897729,1202.8318314552307,549.0,1093.0,542.0
4,1763601764.9314744,1207.7483563423157,549.0,1114.0,556.0
4,1763601764.965906,1212.4167947769165,549.0,1110.0,557.0
4,1763601764.9950142,1217.2261028289795,549.0,1128.0,566.0
4,1763601765.0347562,1222.121813774109,549.0,1112.0,557.0
4,1763601765.0655541,1226.8780498504639,549.0,1116.0,556.0
4,1763601765.0998702,1231.6871790885925,549.0,1114.0,561.0
4,1763601765.13481,1238.8970999717712,549.0,1121.0,575.0
4,1763601765.1656797,1241.3190631866455,549.0,1128.0,578.0
4,1763601765.2050924,1248.6009030342102,549.0,1131.0,573.0
4,1763601765.2303007,1250.9223370552063,549.0,1133.0,575.0
4,1763601765.2608254,1255.8037786483765,549.0,1131.0,575.0
4,1763601765.3105555,1262.8573088645935,549.0,1122.0,593.0
4,1763601765.3498769,1270.1136856079102,549.0,1126.0,595.0
4,1763601765.381061,1274.8298316001892,549.0,1138.0,613.0
4,1763601765.4140813,1279.7622351646423,549.0,1149.0,620.0
4,1763601765.4601278,1286.8701248168945,549.0,1147.0,605.0
4,1763601765.490617,1291.703966140747,549.0,1151.0,594.0
4,1763601765.522613,1296.596065044403,549.0,1171.0,610.0
4,1763601765.5548806,1301.3003377914429,549.0,1192.0,600.0
4,1763601765.6038313,1308.552101135254,549.0,1221.0,596.0
4,1763601765.6359775,1313.2148532867432,549.0,1225.0,607.0
4,1763601765.6598425,1315.6388907432556,549.0,1239.0,591.0
4,1763601765.689741,1320.4112558364868,549.0,1243.0,582.0
4,1763601765.7202592,1325.2124457359314,549.0,1241.0,579.0
4,1763601765.7553277,1330.0262598991394,549.0,1232.0,594.0
4,1763601765.78495,1334.8491220474243,549.0,1224.0,597.0
4,1763601765.815929,1339.6728782653809,549.0,1230.0,594.0
4,1763601765.8506982,1344.440737247467,549.0,1227.0,583.0
4,1763601765.8802469,1349.2737202644348,549.0,1230.0,586.0
4,1763601765.9155457,1354.0215878486633,549.0,1240.0,596.0
4,1763601765.9548967,1361.2937359809875,549.0,1246.0,584.0
4,1763601765.9968097,1366.170063495636,549.0,1249.0,582.0
4,1763601766.019972,1370.9362416267395,549.0,1275.0,590.0
4,1763601766.0660114,1378.1245617866516,549.0,1280.0,589.0
4,1763601766.1056561,1382.8572301864624,549.0,1266.0,568.0
4,1763601766.130207,1387.716784954071,549.0,1265.0,569.0
4,1763601766.1553204,1390.1781587600708,549.0,1270.0,586.0
4,1763601766.190183,1394.8895483016968,549.0,1272.0,578.0
4,1763601766.231965,1402.1778254508972,549.0,1278.0,564.0
4,1763601766.2665567,1406.9456486701965,549.0,1277.0,561.0
4,1763601766.291473,1411.7761998176575,549.0,1289.0,575.0
4,1763601766.3258076,1416.5138750076294,549.0,1294.0,572.0
4,1763601766.3598342,1421.2465076446533,549.0,1304.0,568.0
4,1763601766.4054127,1428.4458785057068,549.0,1313.0,574.0
4,1763601766.4460428,1433.2890181541443,549.0,1328.0,588.0
4,1763601766.4757223,1438.0851655006409,549.0,1335.0,582.0
4,1763601766.5161524,1445.349910736084,549.0,1334.0,571.0
4,1763601766.5649219,1452.450969696045,549.0,1356.0,571.0
4,1763601766.6127474,1459.7450761795044,549.0,1364.0,570.0
4,1763601766.635066,1462.025239944458,549.0,1372.0,536.0
4,1763601766.6554716,1466.9963388442993,549.0,1396.0,538.0
4,1763601766.6901278,1471.685269355774,549.0,1401.0,541.0
4,1763601766.7224066,1476.5218286514282,549.0,1409.0,535.0
4,1763601766.7550592,1481.2637238502502,549.0,1420.0,545.0
4,1763601766.7906172,1486.1664443016052,549.0,1432.0,553.0
4,1763601766.8249035,1490.8445029258728,549.0,1429.0,568.0
4,1763601766.8642833,1495.6398634910583,549.0,1433.0,579.0
4,1763601766.8907423,1500.4958062171936,549.0,1438.0,590.0
4,1763601766.9251761,1505.3036479949951,549.0,1439.0,596.0
4,1763601766.9556966,1510.2025060653687,549.0,1443.0,584.0
4,1763601766.9904287,1514.8777751922607,549.0,1454.0,575.0
4,1763601767.0202923,1519.6817545890808,549.0,1456.0,568.0
4,1763601767.0575995,1526.8581657409668,549.0,1447.0,559.0
4,1763601767.0902328,1531.7266254425049,549.0,1430.0,581.0
4,1763601767.115547,1534.1092853546143,549.0,1426.0,585.0
4,1763601767.150753,1538.810947418213,549.0,1443.0,570.0
4,1763601767.1801019,1543.6268000602722,549.0,1472.0,560.0
4,1763601767.210314,1548.4102158546448,549.0,1475.0,568.0
4,1763601767.2450953,1553.2429127693176,549.0,1455.0,575.0
4,1763601767.2751212,1558.133330821991,549.0,1441.0,572.0
4,1763601767.3047202,1562.8493337631226,549.0,1463.0,582.0
4,1763601767.3484504,1570.089831829071,549.0,1475.0,588.0
4,1763601767.3902018,1574.824824810028,549.0,1475.0,593.0
4,1763601767.4154024,1579.624047756195,549.0,1461.0,596.0
4,1763601767.4457352,1584.5276622772217,549.0,1465.0,610.0
4,1763601767.4901323,1591.6708498001099,549.0,1476.0,620.0
4,1763601767.5259714,1596.5216069221497,549.0,1475.0,619.0
4,1763601767.561162,1601.2401847839355,549.0,1480.0,601.0
4,1763601767.5975053,1606.01194190979,549.0,1490.0,618.0
4,1763601767.6401863,1613.2548360824585,549.0,1495.0,630.0
4,1763601767.6816487,1620.4546003341675,549.0,1500.0,605.0
4,1763601767.7153487,1625.3557114601135,549.0,1518.0,579.0
4,1763601767.7400093,1627.7321844100952,549.0,1519.0,571.0
4,1763601767.7847443,1634.8668961524963,549.0,1533.0,606.0
4,1763601767.815147,1639.7544531822205,549.0,1547.0,612.0
4,1763601767.845894,1644.4302945137024,549.0,1532.0,630.0
4,1763601767.880086,1649.3550806045532,549.0,1526.0,631.0
4,1763601767.9147758,1654.117467880249,549.0,1532.0,632.0
4,1763601767.9506242,1658.9117913246155,549.0,1547.0,629.0
4,1763601767.9812002,1663.699462890625,549.0,1563.0,634.0
4,1763601768.0105627,1668.5680298805237,549.0,1562.0,639.0
4,1763601768.0500667,1675.6430892944336,549.0,1544.0,640.0
4,1763601768.090393,1680.4420976638794,549.0,1521.0,629.0
4,1763601768.1316853,1687.6437573432922,549.0,1511.0,617.0
4,1763601768.1659155,1692.4546389579773,549.0,1540.0,618.0
4,1763601768.2032025,1697.2111611366272,549.0,1574.0,627.0
4,1763601768.23572,1702.1201758384705,549.0,1592.0,629.0
4,1763601768.2748024,1709.2536358833313,549.0,1591.0,633.0
4,1763601768.3059344,1714.031723022461,549.0,1585.0,638.0
4,1763601768.3498418,1718.8682465553284,549.0,1578.0,640.0
5,1763601768.3918169,1726.1152176856995,549.0,1589.0,628.0
5,1763601768.4260252,1726.1152176856995,549.0,1582.0,612.0
5,1763601768.4647126,1726.1152176856995,549.0,1572.0,604.0
5,1763601768.4858055,1726.1152176856995,549.0,1591.0,610.0
5,1763601768.5147414,1726.1152176856995,549.0,1601.0,620.0
5,1763601768.545478,1726.1152176856995,549.0,1618.0,622.0
5,1763601768.5905254,1726.1152176856995,549.0,1612.0,623.0
5,1763601768.6155822,1726.1152176856995,549.0,1596.0,621.0
5,1763601768.6447744,1726.1152176856995,549.0,1590.0,625.0
5,1763601768.690595,1726.1152176856995,549.0,1581.0,632.0
5,1763601768.7310467,1726.1152176856995,549.0,1583.0,654.0
5,1763601768.770102,1726.1152176856995,549.0,1592.0,663.0
5,1763601768.8001037,1726.1152176856995,549.0,1615.0,660.0
5,1763601768.826078,1726.1152176856995,549.0,1614.0,657.0
5,1763601768.8656557,1726.1152176856995,549.0,1423.0,630.0
5,1763601768.8907766,178.0,642.0,971.0,643.0
5,1763601768.9155936,180.53751277923584,642.0,1130.0,994.0
5,1763601768.9555383,187.85532999038696,642.0,863.0,427.0
5,1763601768.9951334,192.41762447357178,642.0,560.0,333.0
5,1763601769.0328014,199.65250778198242,642.0,537.0,425.0
5,1763601769.0601697,204.47361755371094,642.0,324.0,635.0
5,1763601769.095797,209.32741451263428,642.0,303.0,628.0
5,1763601769.1202238,211.61973762512207,642.0,287.0,626.0
5,1763601769.1554415,216.43448162078857,642.0,284.0,618.0
5,1763601769.1853938,221.25058460235596,642.0,289.0,616.0
5,1763601769.2255113,228.46082735061646,642.0,291.0,626.0
5,1763601769.249935,230.92681455612183,642.0,284.0,628.0
5,1763601769.2905023,238.15636920928955,642.0,254.0,661.0
5,1763601769.3262074,242.90405797958374,642.0,260.0,661.0
5,1763601769.360186,247.74680423736572,642.0,266.0,679.0
5,1763601769.389893,252.54144954681396,642.0,273.0,670.0
5,1763601769.4254284,257.26074266433716,642.0,281.0,661.0
5,1763601769.4557855,262.11829471588135,642.0,296.0,658.0
5,1763601769.4857228,266.80672454833984,642.0,303.0,662.0
5,1763601769.5199685,271.613600730896,642.0,296.0,655.0
5,1763601769.5601974,278.8798837661743,642.0,301.0,651.0
5,1763601769.5960352,283.67731857299805,642.0,306.0,650.0
5,1763601769.6261044,288.5554699897766,642.0,309.0,644.0
5,1763601769.65606,293.3511881828308,642.0,315.0,656.0
5,1763601769.686833,298.02280950546265,642.0,326.0,675.0
5,1763601769.7254505,302.93135929107666,642.0,333.0,656.0
5,1763601769.7602985,307.6776533126831,642.0,335.0,630.0
5,1763601769.8025815,314.85349225997925,642.0,349.0,622.0
5,1763601769.8478317,322.1434860229492,642.0,356.0,614.0
5,1763601769.8899262,326.9267945289612,642.0,366.0,626.0
5,1763601769.9148598,331.6404013633728,642.0,392.0,652.0
5,1763601769.9400065,336.44913721084595,642.0,398.0,661.0
5,1763601769.9748929,341.2183909416199,642.0,395.0,657.0
5,1763601770.0202742,348.4892873764038,642.0,384.0,657.0
5,1763601770.0569508,353.20596981048584,642.0,376.0,658.0
5,1763601770.0801346,355.69609689712524,642.0,398.0,671.0
5,1763601770.1103384,360.43337869644165,642.0,413.0,668.0
5,1763601770.1403368,365.3347043991089,642.0,416.0,657.0
5,1763601770.167942,370.1510577201843,642.0,418.0,650.0
5,1763601770.2048054,374.81692123413086,642.0,418.0,644.0
5,1763601770.23537,379.71971321105957,642.0,420.0,644.0
5,1763601770.2678626,384.4751625061035,642.0,418.0,646.0
5,1763601770.2956522,389.3041400909424,642.0,422.0,656.0
5,1763601770.3298664,394.05193614959717,642.0,437.0,668.0
5,1763601770.3601022,398.83832025527954,642.0,438.0,678.0
5,1763601770.3914638,403.650417804718,642.0,419.0,676.0
5,1763601770.4250526,408.55721521377563,642.0,421.0,659.0
5,1763601770.465581,413.27883291244507,642.0,430.0,647.0
5,1763601770.495869,418.1363134384155,642.0,448.0,640.0
5,1763601770.5333493,422.86472606658936,642.0,444.0,647.0
5,1763601770.5679803,430.00387239456177,642.0,443.0,674.0
5,1763601770.5956862,432.4700026512146,642.0,440.0,653.0
5,1763601770.6311896,439.6201639175415,642.0,442.0,646.0
5,1763601770.6766295,444.53754711151123,642.0,440.0,650.0
5,1763601770.712543,451.66782426834106,642.0,442.0,659.0
5,1763601770.7549422,456.4562110900879,642.0,444.0,662.0
5,1763601770.7803333,461.3566427230835,642.0,454.0,645.0
5,1763601770.8254888,468.4088854789734,642.0,462.0,630.0
5,1763601770.8612545,473.2559232711792,642.0,495.0,642.0
5,1763601770.8951635,478.0770330429077,642.0,469.0,664.0
5,1763601770.9361043,485.20494985580444,642.0,481.0,657.0
5,1763601770.9756794,490.13492155075073,642.0,481.0,639.0
5,1763601771.0169058,497.35245990753174,642.0,482.0,639.0
5,1763601771.0602627,504.4875650405884,642.0,482.0,650.0
5,1763601771.1037595,509.3183307647705,642.0,475.0,648.0
5,1763601771.1276672,514.1301422119141,642.0,494.0,641.0
5,1763601771.1607625,518.9206748008728,642.0,494.0,633.0
5,1763601771.2081926,526.0774879455566,642.0,502.0,622.0
5,1763601771.244986,530.816379070282,642.0,509.0,623.0
5,1763601771.271816,535.7447772026062,642.0,526.0,641.0
5,1763601771.3005176,540.5257968902588,642.0,536.0,652.0
5,1763601771.3351972,545.2038912773132,642.0,534.0,650.0
5,1763601771.3758857,550.0833659172058,642.0,528.0,641.0
5,1763601771.4207852,557.3755769729614,642.0,526.0,624.0
5,1763601771.4560628,562.1481924057007,642.0,560.0,625.0
5,1763601771.4811635,566.8357996940613,642.0,554.0,624.0
5,1763601771.5117314,571.6938524246216,642.0,569.0,625.0
5,1763601771.540025,576.4519124031067,642.0,578.0,613.0
5,1763601771.5764034,581.222918510437,642.0,588.0,616.0
5,1763601771.6104252,586.0124497413635,642.0,591.0,612.0
5,1763601771.6402547,590.858521938324,642.0,592.0,602.0
5,1763601771.675673,595.6039934158325,642.0,590.0,607.0
5,1763601771.7098634,600.5957274436951,642.0,587.0,610.0
5,1763601771.7398646,605.3237824440002,642.0,592.0,611.0
5,1763601771.780202,612.4784498214722,642.0,602.0,607.0
5,1763601771.816441,617.2841100692749,642.0,620.0,601.0
5,1763601771.8402965,619.6581869125366,642.0,626.0,592.0
5,1763601771.8804135,626.8174319267273,642.0,628.0,596.0
5,1763601771.9150026,631.7392854690552,642.0,630.0,613.0
5,1763601771.9453804,636.4365487098694,642.0,636.0,605.0
5,1763601771.9936793,643.7512903213501,642.0,617.0,612.0
5,1763601772.0419192,650.9880332946777,642.0,623.0,607.0
5,1763601772.0802095,655.6172757148743,642.0,634.0,597.0
5,1763601772.1057224,660.4613809585571,642.0,637.0,600.0
5,1763601772.1363602,665.3024463653564,642.0,626.0,610.0
5,1763601772.1755953,670.0695543289185,642.0,618.0,607.0
5,1763601772.216038,677.2425322532654,642.0,634.0,608.0
5,1763601772.260315,684.4954042434692,642.0,648.0,606.0
5,1763601772.2854116,686.9504480361938,642.0,649.0,612.0
5,1763601772.3118944,691.7006402015686,642.0,633.0,611.0
5,1763601772.3404856,696.520998954773,642.0,640.0,604.0
5,1763601772.3797555,701.2258796691895,642.0,650.0,600.0
5,1763601772.404754,706.1612515449524,642.0,667.0,593.0
5,1763601772.4348722,708.4874420166016,642.0,672.0,594.0
5,1763601772.4712381,715.6435399055481,642.0,674.0,602.0
5,1763601772.5055053,720.4792051315308,642.0,671.0,615.0
5,1763601772.5353968,725.2804307937622,642.0,673.0,616.0
5,1763601772.5761843,730.017068862915,642.0,676.0,611.0
5,1763601772.6058106,734.9292664527893,642.0,684.0,597.0
5,1763601772.6447191,742.1560316085815,642.0,693.0,599.0
5,1763601772.675793,744.4883375167847,642.0,696.0,608.0
5,1763601772.7109978,751.6043095588684,642.0,698.0,602.0
5,1763601772.74519,756.5488367080688,642.0,692.0,586.0
5,1763601772.7757154,761.2737445831299,642.0,699.0,595.0
5,1763601772.810715,766.0988240242004,642.0,708.0,609.0
5,1763601772.8449664,770.8573489189148,642.0,727.0,615.0
5,1763601772.8798213,775.6043939590454,642.0,734.0,621.0
5,1763601772.910024,780.5741696357727,642.0,725.0,625.0
5,1763601772.9454694,785.3280453681946,642.0,720.0,632.0
5,1763601772.985652,792.4737005233765,642.0,737.0,632.0
5,1763601773.0102654,794.8113350868225,642.0,751.0,627.0
5,1763601773.0561275,802.0713596343994,642.0,762.0,610.0
5,1763601773.1136281,811.7086796760559,642.0,746.0,614.0
5,1763601773.155715,816.4044766426086,642.0,745.0,615.0
5,1763601773.179858,821.319821357727,642.0,741.0,589.0
5,1763601773.2154052,826.1240153312683,642.0,740.0,584.0
5,1763601773.2406213,830.8326153755188,642.0,744.0,586.0
5,1763601773.2751114,835.7234983444214,642.0,749.0,584.0
5,1763601773.3101997,840.4273419380188,642.0,747.0,585.0
5,1763601773.34,845.2064304351807,642.0,758.0,598.0
5,1763601773.3868513,852.4070529937744,642.0,772.0,612.0
5,1763601773.4197268,857.3410301208496,642.0,794.0,624.0
5,1763601773.4500434,862.0028882026672,642.0,805.0,618.0
5,1763601773.4809294,866.9455556869507,642.0,814.0,607.0
5,1763601773.5149271,871.7064409255981,642.0,823.0,596.0
5,1763601773.5451453,876.4971880912781,642.0,818.0,588.0
5,1763601773.5763488,881.3154368400574,642.0,813.0,603.0
5,1763601773.610048,886.0065488815308,642.0,812.0,609.0
5,1763601773.645133,890.8411054611206,642.0,814.0,603.0
5,1763601773.6808157,895.7501916885376,642.0,827.0,599.0
5,1763601773.7105796,900.5263833999634,642.0,841.0,590.0
5,1763601773.7454188,905.3133754730225,642.0,843.0,585.0
5,1763601773.7802427,912.4845652580261,642.0,845.0,581.0
5,1763601773.8157423,917.333963394165,642.0,848.0,598.0
5,1763601773.860142,924.4694619178772,642.0,839.0,602.0
5,1763601773.9003167,929.3741850852966,642.0,843.0,592.0
5,1763601773.920058,931.7182927131653,642.0,856.0,602.0
5,1763601773.955656,936.5095405578613,642.0,866.0,610.0
5,1763601773.9859228,941.3029699325562,642.0,879.0,618.0
5,1763601774.0157146,946.1032657623291,642.0,885.0,616.0
5,1763601774.0501554,950.8295683860779,642.0,893.0,613.0
5,1763601774.0801294,955.6304364204407,642.0,899.0,617.0
5,1763601774.109898,960.5281858444214,642.0,894.0,616.0
5,1763601774.1456983,965.2953295707703,642.0,890.0,626.0
5,1763601774.1877782,972.4758176803589,642.0,899.0,634.0
5,1763601774.240507,979.7017602920532,642.0,908.0,630.0
5,1763601774.2716856,984.4611792564392,642.0,915.0,609.0
5,1763601774.2964113,989.2788200378418,642.0,923.0,604.0
5,1763601774.3275025,994.062593460083,642.0,918.0,620.0
5,1763601774.3606656,998.840322971344,642.0,905.0,637.0
5,1763601774.3915443,1003.6740212440491,642.0,904.0,644.0
5,1763601774.4355724,1008.478036403656,642.0,906.0,640.0
5,1763601774.4754114,1015.9151225090027,642.0,912.0,634.0
5,1763601774.4999847,1020.4458742141724,642.0,917.0,624.0
5,1763601774.530683,1022.871199131012,642.0,926.0,632.0
5,1763601774.5598726,1027.6882677078247,642.0,923.0,628.0
5,1763601774.590359,1032.4661045074463,642.0,925.0,618.0
5,1763601774.624922,1037.3804121017456,642.0,921.0,612.0
5,1763601774.6597302,1044.4076924324036,642.0,921.0,615.0
5,1763601774.6853747,1046.9218878746033,642.0,935.0,617.0
5,1763601774.7199407,1051.7257599830627,642.0,952.0,614.0
5,1763601774.7505805,1056.5280585289001,642.0,959.0,614.0
5,1763601774.7849104,1061.2886576652527,642.0,960.0,628.0
5,1763601774.8159204,1066.0361318588257,642.0,955.0,630.0
5,1763601774.8600512,1073.3725457191467,642.0,948.0,620.0
5,1763601774.9000554,1080.4564743041992,642.0,945.0,600.0
5,1763601774.9250598,1082.857337474823,642.0,968.0,600.0
5,1763601774.9553096,1087.6315622329712,642.0,970.0,620.0
5,1763601774.9858088,1092.4993424415588,642.0,973.0,634.0
5,1763601775.020273,1097.212806224823,642.0,983.0,620.0
5,1763601775.0507474,1102.1740345954895,642.0,986.0,610.0
5,1763601775.0852325,1106.8467645645142,642.0,1001.0,619.0
5,1763601775.1148987,1111.6663007736206,642.0,1012.0,638.0
5,1763601775.1556962,1116.4050488471985,642.0,1015.0,638.0
5,1763601775.1856005,1121.3229327201843,642.0,1025.0,626.0
5,1763601775.2149577,1126.043441772461,642.0,1033.0,621.0
5,1763601775.257645,1133.3224205970764,642.0,1042.0,616.0
5,1763601775.3054447,1140.4884963035583,642.0,1055.0,622.0
5,1763601775.3598852,1147.7057127952576,642.0,1079.0,637.0
5,1763601775.3851635,1152.5429515838623,642.0,1084.0,634.0
5,1763601775.410523,1154.8583059310913,642.0,1085.0,635.0
5,1763601775.4540875,1162.0742349624634,642.0,1087.0,647.0
5,1763601775.48044,1166.9158368110657,642.0,1069.0,659.0
5,1763601775.514776,1171.6975359916687,642.0,1078.0,649.0
5,1763601775.5451517,1176.5954999923706,642.0,1076.0,647.0
5,1763601775.577577,1181.402054309845,642.0,1058.0,643.0
5,1763601775.6148188,1186.1567883491516,642.0,1065.0,644.0
5,1763601775.6447768,1190.92564868927,642.0,1090.0,653.0
5,1763601775.68014,1195.6201939582825,642.0,1106.0,654.0
5,1763601775.715084,1200.482967376709,642.0,1117.0,660.0
5,1763601775.7508,1207.6056270599365,642.0,1129.0,657.0
5,1763601775.7756803,1210.0227265357971,642.0,1138.0,648.0
5,1763601775.815443,1217.2913341522217,642.0,1149.0,636.0
5,1763601775.847649,1222.1169500350952,642.0,1160.0,625.0
5,1763601775.8798223,1226.8941431045532,642.0,1150.0,620.0
5,1763601775.9198368,1231.6206245422363,642.0,1134.0,646.0
5,1763601775.9504201,1236.5416197776794,642.0,1123.0,660.0
5,1763601775.9803786,1241.314127922058,642.0,1129.0,655.0
5,1763601776.010785,1246.0590987205505,642.0,1135.0,662.0
5,1763601776.0503793,1250.9238033294678,642.0,1137.0,670.0
5,1763601776.0891445,1258.005407333374,642.0,1141.0,671.0
5,1763601776.1297717,1262.9266171455383,642.0,1150.0,672.0
5,1763601776.1555302,1267.7562384605408,642.0,1152.0,654.0
5,1763601776.1901393,1272.5338249206543,642.0,1149.0,633.0
5,1763601776.2158377,1277.315094947815,642.0,1163.0,636.0
5,1763601776.2478533,1282.0266275405884,642.0,1164.0,638.0
5,1763601776.2806585,1286.8250637054443,642.0,1167.0,637.0
5,1763601776.3118458,1291.6253237724304,642.0,1178.0,635.0
5,1763601776.3554258,1296.5033679008484,642.0,1197.0,646.0
5,1763601776.4000976,1303.7415413856506,642.0,1196.0,654.0
5,1763601776.4457233,1310.9520344734192,642.0,1199.0,639.0
5,1763601776.4708853,1315.6244068145752,642.0,1204.0,643.0
5,1763601776.4961674,1318.0219082832336,642.0,1194.0,653.0
5,1763601776.5310152,1322.8033571243286,642.0,1192.0,653.0
5,1763601776.5650334,1330.2031784057617,642.0,1190.0,650.0
5,1763601776.5997698,1334.894326210022,642.0,1196.0,649.0
5,1763601776.631202,1339.8067026138306,642.0,1199.0,664.0
5,1763601776.664246,1344.4055109024048,642.0,1195.0,657.0
5,1763601776.7126572,1351.722505569458,642.0,1201.0,642.0
5,1763601776.7402105,1356.4797430038452,642.0,1220.0,624.0
5,1763601776.77018,1358.9448719024658,642.0,1236.0,622.0
5,1763601776.8003283,1363.7372641563416,642.0,1222.0,623.0
5,1763601776.8299892,1368.426230430603,642.0,1224.0,644.0
5,1763601776.8660417,1373.2157616615295,642.0,1239.0,636.0
5,1763601776.900546,1380.5300741195679,642.0,1258.0,623.0
5,1763601776.940733,1385.310128211975,642.0,1283.0,628.0
5,1763601776.9698527,1390.0713710784912,642.0,1266.0,648.0
5,1763601776.9958587,1392.4055724143982,642.0,1241.0,646.0
5,1763601777.0329125,1399.7095136642456,642.0,1240.0,642.0
5,1763601777.065664,1404.5029072761536,642.0,1279.0,629.0
5,1763601777.0965178,1409.2607884407043,642.0,1304.0,628.0
5,1763601777.130989,1414.0170245170593,642.0,1309.0,634.0
5,1763601777.1652315,1418.931761264801,642.0,1311.0,634.0
5,1763601777.19551,1423.6797003746033,642.0,1316.0,633.0
5,1763601777.2299845,1428.4610419273376,642.0,1315.0,625.0
5,1763601777.2653415,1433.3341507911682,642.0,1318.0,623.0
5,1763601777.3007298,1440.5576257705688,642.0,1341.0,627.0
5,1763601777.3397658,1445.3551321029663,642.0,1369.0,606.0
5,1763601777.374781,1450.1124410629272,642.0,1382.0,608.0
5,1763601777.400633,1454.866066455841,642.0,1383.0,613.0
5,1763601777.433689,1459.7099571228027,642.0,1369.0,618.0
5,1763601777.4755206,1464.6209745407104,642.0,1346.0,630.0
5,1763601777.5157666,1471.7498211860657,642.0,1338.0,653.0
5,1763601777.5622005,1478.9774088859558,642.0,1353.0,655.0
5,1763601777.6124048,1486.4444999694824,642.0,1370.0,654.0
5,1763601777.645893,1490.9755020141602,642.0,1401.0,654.0
5,1763601777.6882298,1498.0290322303772,642.0,1397.0,635.0
5,1763601777.7102022,1500.4125504493713,642.0,1375.0,627.0
5,1763601777.7400465,1505.2947430610657,642.0,1385.0,641.0
5,1763601777.7699432,1510.0911407470703,642.0,1397.0,627.0
5,1763601777.8004754,1514.8949055671692,642.0,1399.0,607.0
5,1763601777.8401802,1519.6097283363342,642.0,1400.0,609.0
5,1763601777.8855343,1526.8428592681885,642.0,1418.0,627.0
5,1763601777.9060335,1529.3907074928284,642.0,1414.0,643.0
5,1763601777.9356396,1534.0297846794128,642.0,1422.0,647.0
5,1763601777.9651113,1538.8728528022766,642.0,1442.0,644.0
5,1763601778.0074577,1546.0627465248108,642.0,1455.0,627.0
5,1763601778.0361295,1548.6004738807678,642.0,1438.0,646.0
5,1763601778.0737596,1555.7443051338196,642.0,1442.0,660.0
5,1763601778.1002915,1560.4918866157532,642.0,1456.0,655.0
5,1763601778.1305869,1562.8234057426453,642.0,1451.0,658.0
5,1763601778.169903,1570.1231985092163,642.0,1440.0,657.0
5,1763601778.2001164,1574.8172788619995,642.0,1452.0,672.0
5,1763601778.2489767,1582.1197180747986,642.0,1455.0,678.0
5,1763601778.2964063,1589.2938046455383,642.0,1455.0,681.0
5,1763601778.3204236,1591.6737823486328,642.0,1450.0,670.0
5,1763601778.355468,1596.4579491615295,642.0,1443.0,658.0
5,1763601778.3854628,1601.2813119888306,642.0,1447.0,652.0
5,1763601778.4148784,1606.0339002609253,642.0,1456.0,664.0
5,1763601778.445703,1610.9520344734192,642.0,1470.0,691.0
5,1763601778.4756165,1615.6774787902832,642.0,1495.0,721.0
5,1763601778.5052922,1620.4095034599304,642.0,1503.0,724.0
5,1763601778.5457244,1625.298276424408,642.0,1494.0,707.0
5,1763601778.5882666,1632.5257568359375,642.0,1469.0,683.0
5,1763601778.6315975,1639.710286140442,642.0,1469.0,672.0
5,1763601778.6605732,1644.534149646759,642.0,1507.0,679.0
5,1763601778.690622,1646.8440322875977,642.0,1536.0,696.0
5,1763601778.7202933,1651.7215042114258,642.0,1559.0,707.0
5,1763601778.7499173,1656.4750938415527,642.0,1563.0,691.0
5,1763601778.785352,1661.3250999450684,642.0,1554.0,677.0
5,1763601778.8151634,1666.012671470642,642.0,1563.0,678.0
5,1763601778.8500285,1670.8117156028748,642.0,1568.0,683.0
5,1763601778.8926294,1678.062370300293,642.0,1569.0,692.0
5,1763601778.9152687,1680.5138020515442,642.0,1559.0,696.0
5,1763601778.952001,1687.7218990325928,642.0,1549.0,692.0
5,1763601778.9850945,1692.5598530769348,642.0,1546.0,686.0
5,1763601779.0167496,1697.3430542945862,642.0,1549.0,687.0
5,1763601779.0485632,1702.116313457489,642.0,1592.0,695.0
5,1763601779.0799997,1706.8051009178162,642.0,1609.0,698.0
5,1763601779.11147,1711.6257457733154,642.0,1612.0,688.0
5,1763601779.140235,1716.4834051132202,642.0,1598.0,686.0
5,1763601779.1783464,1721.4428811073303,642.0,1590.0,676.0
6,1763601779.2105713,1726.2016205787659,642.0,1587.0,680.0
6,1763601779.239882,1726.2016205787659,642.0,1580.0,681.0
6,1763601779.2698698,1726.2016205787659,642.0,1583.0,673.0
6,1763601779.311098,1726.2016205787659,642.0,1586.0,675.0
6,1763601779.3408403,1726.2016205787659,642.0,1589.0,677.0
6,1763601779.370081,1726.2016205787659,642.0,1580.0,679.0
6,1763601779.404735,1726.2016205787659,642.0,1575.0,673.0
6,1763601779.4402359,1726.2016205787659,642.0,1574.0,678.0
6,1763601779.4698515,1726.2016205787659,642.0,1577.0,682.0
6,1763601779.510069,1726.2016205787659,642.0,1567.0,681.0
6,1763601779.5402563,1726.2016205787659,642.0,1571.0,690.0
6,1763601779.580236,1726.2016205787659,642.0,1580.0,689.0
6,1763601779.6109138,1726.2016205787659,642.0,1547.0,697.0
6,1763601779.650328,1726.2016205787659,642.0,1205.0,686.0
6,1763601779.6852582,1726.2016205787659,642.0,947.0,640.0
6,1763601779.7150817,178.0,735.0,1924.0,1353.0
6,1763601779.7500587,182.94563579559326,735.0,649.0,659.0
6,1763601779.785364,187.70512628555298,735.0,497.0,558.0
6,1763601779.829752,194.94233417510986,735.0,402.0,557.0
6,1763601779.8937962,204.49435997009277,735.0,277.0,699.0
6,1763601779.9248548,209.23679161071777,735.0,270.0,717.0
6,1763601779.9513888,214.14673614501953,735.0,280.0,711.0
6,1763601779.985685,218.84253311157227,735.0,296.0,705.0
6,1763601780.0154707,223.6364631652832,735.0,304.0,701.0
6,1763601780.0504377,228.52402019500732,735.0,237.0,744.0
6,1763601780.084867,233.32149076461792,735.0,230.0,719.0
6,1763601780.1202707,238.0666046142578,735.0,220.0,710.0
6,1763601780.1500041,242.85878229141235,735.0,231.0,721.0
6,1763601780.1856208,247.67145204544067,735.0,236.0,741.0
6,1763601780.2256017,254.81807279586792,735.0,263.0,761.0
6,1763601780.2606287,259.65087699890137,735.0,322.0,738.0
6,1763601780.295663,264.48529052734375,735.0,320.0,719.0
6,1763601780.3247669,269.3210988044739,735.0,304.0,707.0
6,1763601780.3552759,274.08445167541504,735.0,296.0,714.0
6,1763601780.3950193,281.3400058746338,735.0,308.0,717.0
6,1763601780.4349246,286.10210704803467,735.0,308.0,722.0
6,1763601780.462883,290.8427505493164,735.0,320.0,723.0
6,1763601780.4998665,295.76217222213745,735.0,340.0,725.0
6,1763601780.5356603,300.42774963378906,735.0,351.0,723.0
6,1763601780.5653343,305.3411989212036,735.0,348.0,715.0
6,1763601780.594893,310.11374282836914,735.0,355.0,713.0
6,1763601780.630335,314.9385361671448,735.0,361.0,714.0
6,1763601780.6602173,319.63798093795776,735.0,378.0,711.0
6,1763601780.6958098,324.4559078216553,735.0,386.0,706.0
6,1763601780.7365115,331.66450548171997,735.0,379.0,700.0
6,1763601780.7818213,338.90986728668213,735.0,354.0,700.0
6,1763601780.815336,343.70626497268677,735.0,354.0,696.0
6,1763601780.8553412,348.46600580215454,735.0,372.0,700.0
6,1763601780.9008095,355.82859802246094,735.0,393.0,718.0
6,1763601780.9255483,360.42257833480835,735.0,427.0,731.0
6,1763601780.9548938,365.3211860656738,735.0,443.0,724.0
6,1763601780.9848247,367.65134620666504,735.0,477.0,729.0
6,1763601781.025889,374.8412399291992,735.0,447.0,721.0
6,1763601781.051053,377.30862188339233,735.0,441.0,720.0
6,1763601781.0883954,384.5427899360657,735.0,441.0,715.0
6,1763601781.1173806,389.2207055091858,735.0,427.0,714.0
6,1763601781.151986,394.1314010620117,735.0,424.0,701.0
6,1763601781.1917045,398.94303369522095,735.0,441.0,704.0
6,1763601781.229942,406.10192108154297,735.0,450.0,710.0
6,1763601781.2626054,410.84764289855957,735.0,433.0,713.0
6,1763601781.289903,413.31123399734497,735.0,434.0,707.0
6,1763601781.326025,420.43518114089966,735.0,439.0,708.0
6,1763601781.3649127,425.21401929855347,735.0,443.0,700.0
6,1763601781.3957253,430.05862522125244,735.0,456.0,703.0
6,1763601781.4457629,437.23811197280884,735.0,461.0,707.0
6,1763601781.4720542,442.1111135482788,735.0,461.0,701.0
6,1763601781.490286,444.4379835128784,735.0,468.0,704.0
6,1763601781.5303493,449.3497519493103,735.0,478.0,715.0
6,1763601781.5759497,456.4671187400818,735.0,487.0,726.0
6,1763601781.600163,461.2536816596985,735.0,482.0,707.0
6,1763601781.6254468,463.6901288032532,735.0,489.0,712.0
6,1763601781.6556332,468.4820203781128,735.0,491.0,725.0
6,1763601781.6898587,473.3034520149231,735.0,495.0,738.0
6,1763601781.720579,478.08769035339355,735.0,502.0,745.0
6,1763601781.7603438,485.3212146759033,735.0,508.0,740.0
6,1763601781.795063,490.14979887008667,735.0,503.0,727.0
6,1763601781.8302364,494.8352246284485,735.0,497.0,709.0
6,1763601781.8744128,502.0533709526062,735.0,494.0,714.0
6,1763601781.9106953,506.81726026535034,735.0,508.0,730.0
6,1763601781.9519255,514.0595464706421,735.0,525.0,727.0
6,1763601782.0005753,521.2993292808533,735.0,528.0,697.0
6,1763601782.0399644,526.1318473815918,735.0,526.0,685.0
6,1763601782.0757403,533.4481625556946,735.0,549.0,689.0
6,1763601782.111257,538.0218653678894,735.0,547.0,695.0
6,1763601782.1574838,545.2013521194458,735.0,544.0,703.0
6,1763601782.1850734,547.6616172790527,735.0,541.0,714.0
6,1763601782.22328,554.8729329109192,735.0,544.0,713.0
6,1763601782.2743082,562.0704083442688,735.0,564.0,699.0
6,1763601782.3014297,566.828718662262,735.0,583.0,685.0
6,1763601782.3347476,571.674898147583,735.0,588.0,705.0
6,1763601782.366486,576.6106991767883,735.0,583.0,705.0
6,1763601782.394983,581.3345699310303,735.0,583.0,686.0
6,1763601782.4306967,586.0235362052917,735.0,606.0,689.0
6,1763601782.4614565,590.8355622291565,735.0,610.0,693.0
6,1763601782.4959557,595.6753759384155,735.0,609.0,709.0
6,1763601782.527769,600.4292874336243,735.0,597.0,723.0
6,1763601782.560322,605.309513092041,735.0,616.0,725.0
6,1763601782.5959418,610.1043372154236,735.0,610.0,712.0
6,1763601782.625835,614.8958711624146,735.0,609.0,713.0
6,1763601782.6557202,619.6494607925415,735.0,605.0,715.0
6,1763601782.695033,624.4126706123352,735.0,610.0,730.0
6,1763601782.7299147,629.2884259223938,735.0,614.0,728.0
6,1763601782.7610333,634.0638666152954,735.0,624.0,714.0
6,1763601782.790139,638.920774936676,735.0,638.0,700.0
6,1763601782.8252516,643.7543659210205,735.0,651.0,688.0
6,1763601782.870672,650.9040265083313,735.0,664.0,681.0
6,1763601782.9155555,658.0973892211914,735.0,671.0,675.0
6,1763601782.9500983,662.9382042884827,735.0,674.0,674.0
6,1763601782.9928195,670.1188354492188,735.0,704.0,679.0
6,1763601783.0253923,674.951961517334,735.0,702.0,674.0
6,1763601783.054814,679.6628503799438,735.0,695.0,665.0
6,1763601783.0857396,684.4152240753174,735.0,691.0,672.0
6,1763601783.118353,689.2066864967346,735.0,686.0,678.0
6,1763601783.1507275,694.0604476928711,735.0,678.0,685.0
6,1763601783.197858,701.2599258422852,735.0,692.0,698.0
6,1763601783.2400675,706.1349301338196,735.0,698.0,712.0
6,1763601783.2654552,710.819390296936,735.0,713.0,710.0
6,1763601783.3119774,718.2193903923035,735.0,703.0,706.0
6,1763601783.358778,725.218668460846,735.0,697.0,712.0
6,1763601783.3998947,730.1157383918762,735.0,703.0,715.0
6,1763601783.4376762,737.2333912849426,735.0,727.0,694.0
6,1763601783.4860525,744.4674162864685,735.0,733.0,686.0
6,1763601783.5151768,749.363627910614,735.0,732.0,693.0
6,1763601783.545193,751.6867427825928,735.0,731.0,690.0
6,1763601783.5762205,756.4215211868286,735.0,738.0,690.0
6,1763601783.6049807,761.2751393318176,735.0,728.0,688.0
6,1763601783.6505392,768.457808971405,735.0,728.0,688.0
6,1763601783.6897442,773.2426910400391,735.0,738.0,719.0
6,1763601783.7156374,778.1404762268066,735.0,768.0,731.0
6,1763601783.7502258,782.8354506492615,735.0,760.0,730.0
6,1763601783.784744,787.7548723220825,735.0,760.0,716.0
6,1763601783.8283565,794.9120073318481,735.0,759.0,716.0
6,1763601783.855765,799.7282176017761,735.0,766.0,724.0
6,1763601783.902912,806.8962960243225,735.0,769.0,721.0
6,1763601783.935867,811.6458802223206,735.0,769.0,726.0
6,1763601783.9607396,814.0271453857422,735.0,772.0,722.0
6,1763601783.990322,818.9080147743225,735.0,801.0,720.0
6,1763601784.0323863,826.1676459312439,735.0,814.0,721.0
6,1763601784.0800745,833.2659511566162,735.0,803.0,719.0
6,1763601784.1152458,838.054624080658,735.0,792.0,719.0
6,1763601784.1587389,845.225170135498,735.0,796.0,725.0
6,1763601784.2054973,852.4058012962341,735.0,806.0,731.0
6,1763601784.2507868,857.3478965759277,735.0,822.0,726.0
6,1763601784.2702801,862.0296030044556,735.0,821.0,713.0
6,1763601784.312055,866.8955950737,735.0,833.0,703.0
6,1763601784.3403902,871.6472535133362,735.0,843.0,703.0
6,1763601784.370479,876.5722541809082,735.0,844.0,712.0
6,1763601784.4049869,881.3649682998657,735.0,849.0,714.0
6,1763601784.4357312,886.1308960914612,735.0,855.0,724.0
6,1763601784.4700077,890.8643870353699,735.0,864.0,709.0
6,1763601784.505161,895.6807045936584,735.0,858.0,693.0
6,1763601784.542791,902.8794317245483,735.0,844.0,704.0
6,1763601784.5654743,905.3476719856262,735.0,840.0,726.0
6,1763601784.6107836,912.535026550293,735.0,838.0,729.0
6,1763601784.639922,917.2576098442078,735.0,838.0,727.0
6,1763601784.6756058,922.0901637077332,735.0,839.0,731.0
6,1763601784.7048097,926.8801598548889,735.0,845.0,729.0
6,1763601784.740594,931.72394323349,735.0,841.0,714.0
6,1763601784.769812,936.4246397018433,735.0,847.0,692.0
6,1763601784.8053834,941.3826851844788,735.0,857.0,684.0
6,1763601784.8402033,946.1320905685425,735.0,894.0,688.0
6,1763601784.8700256,950.8271007537842,735.0,911.0,684.0
6,1763601784.9053953,955.6419878005981,735.0,924.0,674.0
6,1763601784.947344,962.8446488380432,735.0,916.0,667.0
6,1763601784.9747927,967.6974802017212,735.0,913.0,687.0
6,1763601785.0064292,972.5704460144043,735.0,912.0,700.0
6,1763601785.0403469,977.3001103401184,735.0,913.0,702.0
6,1763601785.0801206,982.129159450531,735.0,925.0,697.0
6,1763601785.1206203,989.2985610961914,735.0,933.0,685.0
6,1763601785.1620073,994.0152077674866,735.0,974.0,696.0
6,1763601785.2047467,1001.2658982276917,735.0,956.0,690.0
6,1763601785.235458,1006.1311750411987,735.0,927.0,678.0
6,1763601785.2785547,1013.2308034896851,735.0,932.0,703.0
6,1763601785.3267,1020.5726532936096,735.0,940.0,717.0
6,1763601785.3653283,1025.2819685935974,735.0,954.0,731.0
6,1763601785.3904932,1030.009630203247,735.0,958.0,727.0
6,1763601785.430891,1034.8946480751038,735.0,960.0,711.0
6,1763601785.4653487,1039.6722345352173,735.0,962.0,705.0
6,1763601785.4956923,1044.4377331733704,735.0,973.0,727.0
6,1763601785.5253625,1049.2711453437805,735.0,976.0,736.0
6,1763601785.5610867,1054.069688796997,735.0,977.0,743.0
6,1763601785.590331,1058.9355020523071,735.0,1000.0,758.0
6,1763601785.6209228,1063.73397397995,735.0,996.0,754.0
6,1763601785.6556592,1068.5391335487366,735.0,997.0,755.0
6,1763601785.6909149,1073.2537417411804,735.0,1001.0,755.0
6,1763601785.7325552,1080.5291800498962,735.0,1004.0,740.0
6,1763601785.7707176,1085.2356343269348,735.0,1001.0,737.0
6,1763601785.810321,1092.4046068191528,735.0,999.0,735.0
6,1763601785.8402648,1097.3694472312927,735.0,990.0,749.0
6,1763601785.8704014,1102.0339875221252,735.0,999.0,768.0
6,1763601785.9029667,1106.851342201233,735.0,1011.0,781.0
6,1763601785.935344,1111.6478114128113,735.0,1031.0,773.0
6,1763601785.9750135,1116.5082602500916,735.0,1035.0,763.0
6,1763601786.0051956,1121.3235049247742,735.0,1023.0,744.0
6,1763601786.0398574,1126.0549931526184,735.0,1032.0,738.0
6,1763601786.0703855,1130.9365062713623,735.0,1045.0,739.0
6,1763601786.1005902,1135.6780080795288,735.0,1077.0,744.0
6,1763601786.1324167,1140.4229788780212,735.0,1069.0,741.0
6,1763601786.1651394,1145.2941207885742,735.0,1068.0,763.0
6,1763601786.2125337,1152.4768619537354,735.0,1086.0,776.0
6,1763601786.2630205,1159.7209720611572,735.0,1090.0,759.0
6,1763601786.3057606,1166.8272881507874,735.0,1065.0,728.0
6,1763601786.334786,1171.6351299285889,735.0,1059.0,741.0
6,1763601786.3822834,1178.8747339248657,735.0,1054.0,769.0
6,1763601786.4161458,1183.692982673645,735.0,1046.0,769.0
6,1763601786.440374,1186.163297176361,735.0,1056.0,761.0
6,1763601786.478886,1193.2788043022156,735.0,1059.0,762.0
6,1763601786.5057425,1195.7120327949524,735.0,1064.0,767.0
6,1763601786.5355651,1200.4259614944458,735.0,1070.0,770.0
6,1763601786.5804563,1207.9105763435364,735.0,1074.0,775.0
6,1763601786.6214368,1214.809504032135,735.0,1080.0,772.0
6,1763601786.6451747,1217.2037510871887,735.0,1088.0,758.0
6,1763601786.6872153,1224.5401649475098,735.0,1082.0,744.0
6,1763601786.7105145,1226.9079117774963,735.0,1075.0,730.0
6,1763601786.7449718,1231.657066822052,735.0,1099.0,724.0
6,1763601786.7849119,1238.8159184455872,735.0,1111.0,724.0
6,1763601786.8148277,1243.6543731689453,735.0,1131.0,742.0
6,1763601786.8491557,1248.410394668579,735.0,1129.0,760.0
6,1763601786.9037983,1255.6200652122498,735.0,1134.0,763.0
6,1763601786.942208,1262.9374175071716,735.0,1140.0,750.0
6,1763601786.975716,1267.6105766296387,735.0,1145.0,752.0
6,1763601787.0071633,1272.465446472168,735.0,1156.0,764.0
6,1763601787.0376933,1277.2601990699768,735.0,1164.0,774.0
6,1763601787.0699854,1282.0641069412231,735.0,1155.0,774.0
6,1763601787.102998,1286.9243054389954,735.0,1150.0,754.0
6,1763601787.1498466,1294.0662412643433,735.0,1166.0,747.0
6,1763601787.18708,1298.8416819572449,735.0,1177.0,755.0
6,1763601787.2255669,1304.0806798934937,735.0,1192.0,763.0
6,1763601787.2644966,1310.9266786575317,735.0,1202.0,749.0
6,1763601787.2905912,1313.3124141693115,735.0,1200.0,729.0
6,1763601787.3307822,1320.4508810043335,735.0,1207.0,733.0
6,1763601787.3759968,1327.6357679367065,735.0,1231.0,769.0
6,1763601787.4157143,1332.4225454330444,735.0,1227.0,796.0
6,1763601787.4410563,1337.2645406723022,735.0,1193.0,794.0
6,1763601787.4752426,1342.0206694602966,735.0,1190.0,783.0
6,1763601787.5048363,1346.8278317451477,735.0,1200.0,770.0
6,1763601787.5407853,1351.6208319664001,735.0,1209.0,765.0
6,1763601787.570639,1356.6007285118103,735.0,1212.0,750.0
6,1763601787.600107,1361.2054018974304,735.0,1208.0,769.0
6,1763601787.6323273,1366.1106972694397,735.0,1202.0,773.0
6,1763601787.6654272,1370.8859233856201,735.0,1214.0,772.0
6,1763601787.694995,1375.6983785629272,735.0,1211.0,759.0
6,1763601787.7266445,1380.4654507637024,735.0,1217.0,748.0
6,1763601787.7607467,1385.2571992874146,735.0,1226.0,729.0
6,1763601787.7906656,1390.015724182129,735.0,1231.0,738.0
6,1763601787.82289,1394.8792486190796,735.0,1231.0,751.0
6,1763601787.8551276,1399.6949939727783,735.0,1229.0,756.0
6,1763601787.8905034,1404.4108896255493,735.0,1280.0,748.0
6,1763601787.9207387,1409.2228441238403,735.0,1284.0,744.0
6,1763601787.975191,1416.415277004242,735.0,1270.0,750.0
6,1763601788.0206592,1423.6751585006714,735.0,1264.0,752.0
6,1763601788.0470767,1428.517761707306,735.0,1267.0,756.0
6,1763601788.0699375,1430.9329299926758,735.0,1262.0,744.0
6,1763601788.1179292,1438.0568413734436,735.0,1285.0,743.0
6,1763601788.149875,1442.8709058761597,735.0,1285.0,739.0
6,1763601788.179872,1447.7243452072144,735.0,1298.0,735.0
6,1763601788.2100139,1452.501645565033,735.0,1309.0,744.0
6,1763601788.2405994,1457.2914986610413,735.0,1315.0,744.0
6,1763601788.2718244,1462.1870307922363,735.0,1321.0,742.0
6,1763601788.3176937,1469.2365913391113,735.0,1325.0,755.0
6,1763601788.3502994,1474.1232542991638,735.0,1325.0,771.0
6,1763601788.3822818,1479.4293789863586,735.0,1298.0,779.0
6,1763601788.4199498,1483.6894421577454,735.0,1300.0,770.0
6,1763601788.476297,1493.5316472053528,735.0,1316.0,761.0
6,1763601788.5048583,1495.7097082138062,735.0,1337.0,773.0
6,1763601788.5349543,1500.491443157196,735.0,1337.0,777.0
6,1763601788.5651238,1505.2578358650208,735.0,1335.0,783.0
6,1763601788.5979311,1510.121467590332,735.0,1330.0,782.0
6,1763601788.6310947,1514.928951740265,735.0,1311.0,781.0
6,1763601788.6657085,1519.610872745514,735.0,1313.0,773.0
6,1763601788.697539,1524.585762500763,735.0,1323.0,742.0
6,1763601788.730199,1529.2145400047302,735.0,1359.0,741.0
6,1763601788.760554,1534.0922622680664,735.0,1371.0,753.0
6,1763601788.7978666,1541.2477164268494,735.0,1390.0,783.0
6,1763601788.839985,1546.0539846420288,735.0,1383.0,795.0
6,1763601788.9000108,1555.7174472808838,735.0,1366.0,801.0
6,1763601788.929991,1560.4258685112,735.0,1361.0,757.0
6,1763601788.9551754,1565.3634219169617,735.0,1395.0,737.0
6,1763601788.9912686,1570.1375393867493,735.0,1411.0,745.0
6,1763601789.0304284,1574.853220462799,735.0,1429.0,759.0
6,1763601789.0555308,1579.6254782676697,735.0,1431.0,776.0
6,1763601789.0827503,1582.1012287139893,735.0,1462.0,785.0
6,1763601789.1179175,1589.298382282257,735.0,1467.0,780.0
6,1763601789.145821,1591.718020915985,735.0,1475.0,790.0
6,1763601789.1816125,1599.3289856910706,735.0,1475.0,778.0
6,1763601789.214909,1603.6452679634094,735.0,1470.0,782.0
6,1763601789.26252,1610.818102836609,735.0,1459.0,791.0
6,1763601789.2997577,1615.6116037368774,735.0,1461.0,791.0
6,1763601789.3258939,1620.4588918685913,735.0,1482.0,777.0
6,1763601789.3573265,1625.2340106964111,735.0,1486.0,781.0
6,1763601789.3914704,1630.1442413330078,735.0,1494.0,794.0
6,1763601789.4303443,1635.119596004486,735.0,1495.0,795.0
6,1763601789.4550917,1639.6737365722656,735.0,1479.0,772.0
6,1763601789.505059,1646.981397151947,735.0,1516.0,774.0
6,1763601789.5407817,1651.751938343048,735.0,1529.0,777.0
6,1763601789.583734,1658.8172702789307,735.0,1550.0,779.0
6,1763601789.6207063,1663.6595516204834,735.0,1532.0,789.0
6,1763601789.650051,1668.4699683189392,735.0,1524.0,779.0
6,1763601789.6958046,1675.6532101631165,735.0,1548.0,780.0
6,1763601789.7357535,1680.4052262306213,735.0,1558.0,777.0
6,1763601789.759819,1685.375144958496,735.0,1559.0,768.0
6,1763601789.7954674,1690.0810270309448,735.0,1563.0,763.0
6,1763601789.8255696,1694.914188861847,735.0,1567.0,756.0
6,1763601789.860742,1699.7081189155579,735.0,1574.0,760.0
6,1763601789.890494,1704.4878511428833,735.0,1572.0,782.0
6,1763601789.925503,1709.287968158722,735.0,1574.0,797.0
6,1763601789.9557157,1714.1079335212708,735.0,1577.0,799.0
6,1763601789.9991114,1721.2301998138428,735.0,1558.0,792.0
7,1763601790.039969,1726.0980515480042,735.0,1546.0,793.0
7,1763601790.0649173,1726.0980515480042,735.0,1547.0,802.0
7,1763601790.095638,1726.0980515480042,735.0,1552.0,817.0
7,1763601790.1399298,1726.0980515480042,735.0,1579.0,828.0
7,1763601790.1761425,1726.0980515480042,735.0,1592.0,830.0
7,1763601790.1955955,1726.0980515480042,735.0,1586.0,824.0
7,1763601790.2348888,1726.0980515480042,735.0,1576.0,825.0
7,1763601790.2703593,1726.0980515480042,735.0,1574.0,829.0
7,1763601790.3105917,1726.0980515480042,735.0,1568.0,822.0
7,1763601790.329997,1726.0980515480042,735.0,1561.0,790.0
7,1763601790.3754797,1726.0980515480042,735.0,1561.0,775.0
7,1763601790.4151325,1726.0980515480042,735.0,1298.0,786.0
7,1763601790.4499135,1726.0980515480042,735.0,831.0,792.0
7,1763601790.4902003,1726.0980515480042,735.0,657.0,825.0
7,1763601790.5101132,1726.0980515480042,735.0,453.0,873.0
7,1763601790.5356486,178.0,828.0,423.0,861.0
7,1763601790.5679271,182.89299297332764,828.0,399.0,855.0
7,1763601790.6156793,190.08657026290894,828.0,366.0,852.0
7,1763601790.6502419,194.9289231300354,828.0,357.0,847.0
7,1763601790.693545,202.02812242507935,828.0,341.0,858.0
7,1763601790.720297,206.8993000984192,828.0,329.0,858.0
7,1763601790.7508945,209.2136173248291,828.0,312.0,844.0
7,1763601790.7805574,214.13743782043457,828.0,300.0,825.0
7,1763601790.8148916,218.86449146270752,828.0,311.0,822.0
7,1763601790.8457336,223.60760259628296,828.0,332.0,828.0
7,1763601790.8905401,230.93890237808228,828.0,347.0,838.0
7,1763601790.9340618,238.0758671760559,828.0,340.0,844.0
7,1763601790.975342,242.85320329666138,828.0,306.0,833.0
7,1763601791.0052252,247.79175806045532,828.0,310.0,810.0
7,1763601791.0274842,252.52038526535034,828.0,327.0,805.0
7,1763601791.0748572,259.6344618797302,828.0,343.0,802.0
7,1763601791.115201,264.4768147468567,828.0,356.0,801.0
7,1763601791.1399229,269.3388729095459,828.0,348.0,807.0
7,1763601791.1729734,274.1493253707886,828.0,325.0,804.0
7,1763601791.2154214,278.92419385910034,828.0,320.0,810.0
7,1763601791.2682116,288.47006845474243,828.0,328.0,814.0
7,1763601791.3055062,293.2124285697937,828.0,346.0,807.0
7,1763601791.335257,298.0274586677551,828.0,348.0,805.0
7,1763601791.375356,302.94122982025146,828.0,354.0,785.0
7,1763601791.4055429,307.7318696975708,828.0,365.0,778.0
7,1763601791.4348037,312.46425199508667,828.0,389.0,784.0
7,1763601791.4798336,319.6456699371338,828.0,382.0,785.0
7,1763601791.5150757,324.53680324554443,828.0,378.0,810.0
7,1763601791.550327,329.2296676635742,828.0,374.0,827.0
7,1763601791.5890498,336.5371136665344,828.0,377.0,835.0
7,1763601791.61763,338.8786463737488,828.0,388.0,836.0
7,1763601791.6553295,346.1069493293762,828.0,388.0,836.0
7,1763601791.7030838,353.3446936607361,828.0,397.0,835.0
7,1763601791.7548735,360.54953622817993,828.0,423.0,835.0
7,1763601791.7979474,367.74153995513916,828.0,423.0,818.0
7,1763601791.8272865,372.4527864456177,828.0,434.0,823.0
7,1763601791.8609183,377.3351936340332,828.0,433.0,817.0
7,1763601791.9003174,382.0762662887573,828.0,425.0,805.0
7,1763601791.9298117,386.94519090652466,828.0,415.0,808.0
7,1763601791.9647756,391.6226773262024,828.0,406.0,813.0
7,1763601791.999837,398.83027362823486,828.0,386.0,819.0
7,1763601792.0297606,401.26107025146484,828.0,399.0,812.0
7,1763601792.0604875,406.1438708305359,828.0,409.0,806.0
7,1763601792.0956326,410.92925357818604,828.0,419.0,796.0
7,1763601792.1407838,418.11396169662476,828.0,421.0,776.0
7,1763601792.180182,425.2715973854065,828.0,426.0,771.0
7,1763601792.2299018,432.41657304763794,828.0,425.0,768.0
7,1763601792.2652512,437.28778648376465,828.0,423.0,763.0
7,1763601792.3084996,444.5185213088989,828.0,434.0,764.0
7,1763601792.3356388,446.8081622123718,828.0,487.0,802.0
7,1763601792.375417,454.05477571487427,828.0,490.0,840.0
7,1763601792.4231431,461.4952235221863,828.0,482.0,854.0
7,1763601792.4608881,466.0466103553772,828.0,512.0,837.0
7,1763601792.5004952,473.29794454574585,828.0,540.0,820.0
7,1763601792.535492,478.06927251815796,828.0,545.0,822.0
7,1763601792.5803957,485.2607755661011,828.0,536.0,831.0
7,1763601792.6204233,490.06618547439575,828.0,526.0,833.0
7,1763601792.6609166,497.23991441726685,828.0,540.0,809.0
7,1763601792.6950457,502.0869164466858,828.0,537.0,805.0
7,1763601792.741468,509.2405824661255,828.0,539.0,803.0
7,1763601792.7855082,516.6809587478638,828.0,538.0,796.0
7,1763601792.8303828,521.2937145233154,828.0,522.0,790.0
7,1763601792.8702374,528.4364728927612,828.0,518.0,783.0
7,1763601792.9169512,535.7670931816101,828.0,534.0,779.0
7,1763601792.953132,540.4091029167175,828.0,561.0,773.0
7,1763601792.9897678,545.2193050384521,828.0,576.0,781.0
7,1763601793.0275288,552.5269656181335,828.0,560.0,780.0
7,1763601793.0612442,557.2335987091064,828.0,561.0,786.0
7,1763601793.107232,564.4558935165405,828.0,578.0,794.0
7,1763601793.145289,569.2221074104309,828.0,583.0,793.0
7,1763601793.1800265,574.091890335083,828.0,576.0,793.0
7,1763601793.221015,581.3257722854614,828.0,577.0,788.0
7,1763601793.2609904,586.1379413604736,828.0,585.0,775.0
7,1763601793.3032079,593.3365969657898,828.0,599.0,766.0
7,1763601793.3352053,598.068621635437,828.0,601.0,784.0
7,1763601793.3808954,605.2953867912292,828.0,610.0,811.0
7,1763601793.4153693,610.018792629242,828.0,631.0,809.0
7,1763601793.4610023,617.2552852630615,828.0,629.0,799.0
7,1763601793.5095367,624.4290499687195,828.0,623.0,817.0
7,1763601793.5415165,629.2611746788025,828.0,620.0,820.0
7,1763601793.5915744,636.5173726081848,828.0,621.0,814.0
7,1763601793.6253376,641.2847309112549,828.0,621.0,810.0
7,1763601793.6724048,648.4272031784058,828.0,617.0,799.0
7,1763601793.7359753,658.1320433616638,828.0,621.0,786.0
7,1763601793.7753143,662.9298715591431,828.0,646.0,773.0
7,1763601793.817659,670.0974493026733,828.0,662.0,779.0
7,1763601793.8657312,677.2974638938904,828.0,654.0,781.0
7,1763601793.9151583,684.4473390579224,828.0,651.0,795.0
7,1763601793.9604964,691.7337565422058,828.0,654.0,789.0
7,1763601794.015138,698.8247661590576,828.0,655.0,782.0
7,1763601794.0540764,706.0452370643616,828.0,666.0,785.0
7,1763601794.095475,710.8300476074219,828.0,679.0,800.0
7,1763601794.1347997,718.0199770927429,828.0,668.0,808.0
7,1763601794.1759007,722.847846031189,828.0,679.0,790.0
7,1763601794.2156618,730.0679593086243,828.0,700.0,788.0
7,1763601794.2607691,737.2020273208618,828.0,695.0,801.0
7,1763601794.2998662,742.150059223175,828.0,692.0,803.0
7,1763601794.3417912,749.3154554367065,828.0,699.0,793.0
7,1763601794.3886926,756.5118222236633,828.0,690.0,783.0
7,1763601794.4299028,761.2023978233337,828.0,683.0,787.0
7,1763601794.4679856,768.4370307922363,828.0,709.0,790.0
7,1763601794.5014114,773.2713370323181,828.0,754.0,804.0
7,1763601794.5405865,778.1103281974792,828.0,762.0,804.0
7,1763601794.5855577,785.2290897369385,828.0,754.0,805.0
7,1763601794.6202798,790.0992660522461,828.0,741.0,801.0
7,1763601794.6605895,797.2399501800537,828.0,745.0,783.0
7,1763601794.7002795,802.0878462791443,828.0,751.0,777.0
7,1763601794.740202,809.3690781593323,828.0,753.0,789.0
7,1763601794.7749586,814.0397338867188,828.0,746.0,773.0
7,1763601794.8107228,818.9218549728394,828.0,763.0,769.0
7,1763601794.8457155,823.6995129585266,828.0,775.0,807.0
7,1763601794.8758278,828.4064679145813,828.0,781.0,812.0
7,1763601794.910979,833.2175283432007,828.0,789.0,789.0
7,1763601794.9500568,840.4796986579895,828.0,800.0,771.0
7,1763601794.9801135,845.2722339630127,828.0,795.0,754.0
7,1763601795.028423,852.4830846786499,828.0,790.0,771.0
7,1763601795.0656407,857.3097019195557,828.0,807.0,799.0
7,1763601795.0998013,862.2016935348511,828.0,843.0,791.0
7,1763601795.1307173,866.886547088623,828.0,833.0,768.0
7,1763601795.1657395,871.69056224823,828.0,814.0,763.0
7,1763601795.1960192,876.5298037528992,828.0,807.0,770.0
7,1763601795.2400708,883.6767106056213,828.0,800.0,778.0
7,1763601795.275331,888.4453206062317,828.0,811.0,797.0
7,1763601795.3164902,895.6866054534912,828.0,822.0,784.0
7,1763601795.3554442,900.4527478218079,828.0,836.0,780.0
7,1763601795.380163,905.241849899292,828.0,863.0,797.0
7,1763601795.4116964,910.0922136306763,828.0,874.0,799.0
7,1763601795.4448197,914.8370771408081,828.0,868.0,800.0
7,1763601795.4809442,919.7223811149597,828.0,855.0,810.0
7,1763601795.515108,924.4329123497009,828.0,863.0,815.0
7,1763601795.5579305,931.8849830627441,828.0,849.0,777.0
7,1763601795.6002991,938.8996033668518,828.0,849.0,778.0
7,1763601795.625929,941.2242918014526,828.0,855.0,802.0
7,1763601795.6607032,946.1995749473572,828.0,857.0,805.0
7,1763601795.7005448,953.281822681427,828.0,880.0,797.0
7,1763601795.7484539,960.4149250984192,828.0,895.0,794.0
7,1763601795.7857733,965.2692584991455,828.0,911.0,793.0
7,1763601795.8112566,970.0882940292358,828.0,913.0,773.0
7,1763601795.8455784,974.9172716140747,828.0,911.0,765.0
7,1763601795.8804114,979.6854524612427,828.0,909.0,767.0
7,1763601795.9249828,986.9444398880005,828.0,916.0,773.0
7,1763601795.9653687,991.7547135353088,828.0,905.0,790.0
7,1763601795.9955142,996.4599876403809,828.0,911.0,804.0
7,1763601796.0250912,1001.2905745506287,828.0,933.0,785.0
7,1763601796.0557687,1006.0130863189697,828.0,926.0,767.0
7,1763601796.0904603,1010.9833626747131,828.0,915.0,770.0
7,1763601796.1326942,1018.1457190513611,828.0,912.0,771.0
7,1763601796.1698134,1022.8961973190308,828.0,926.0,769.0
7,1763601796.212154,1030.008593082428,828.0,924.0,766.0
7,1763601796.2349236,1032.410207271576,828.0,956.0,770.0
7,1763601796.2653663,1037.3309164047241,828.0,979.0,782.0
7,1763601796.3004909,1042.1117215156555,828.0,992.0,794.0
7,1763601796.3302736,1047.0073251724243,828.0,990.0,803.0
7,1763601796.3651946,1051.6774444580078,828.0,989.0,799.0
7,1763601796.395912,1056.4103274345398,828.0,973.0,766.0
7,1763601796.429922,1061.2164883613586,828.0,961.0,749.0
7,1763601796.4748392,1068.5019044876099,828.0,963.0,762.0
7,1763601796.510814,1073.273518562317,828.0,970.0,764.0
7,1763601796.5379705,1078.0308275222778,828.0,986.0,785.0
7,1763601796.586119,1085.2233319282532,828.0,1003.0,794.0
7,1763601796.6151779,1090.1354937553406,828.0,1005.0,790.0
7,1763601796.6602776,1097.2488193511963,828.0,1004.0,775.0
7,1763601796.6948526,1102.1328358650208,828.0,1009.0,785.0
7,1763601796.7202542,1106.8928627967834,828.0,1035.0,788.0
7,1763601796.7504966,1109.2180161476135,828.0,1045.0,801.0
7,1763601796.7901413,1116.5236740112305,828.0,1057.0,822.0
7,1763601796.8156288,1118.9046530723572,828.0,1067.0,809.0
7,1763601796.8456469,1123.812702178955,828.0,1078.0,804.0
7,1763601796.8906155,1130.8025031089783,828.0,1073.0,803.0
7,1763601796.9332638,1138.196316242218,828.0,1060.0,811.0
7,1763601796.9553444,1140.4605655670166,828.0,1056.0,816.0
7,1763601796.9899347,1145.3536658287048,828.0,1053.0,802.0
7,1763601797.0215695,1150.073495388031,828.0,1069.0,793.0
7,1763601797.050744,1154.9605159759521,828.0,1083.0,803.0
7,1763601797.085612,1159.7030906677246,828.0,1093.0,824.0
7,1763601797.1152685,1164.5034937858582,828.0,1087.0,831.0
7,1763601797.145506,1169.221284866333,828.0,1078.0,832.0
7,1763601797.187953,1176.408281803131,828.0,1071.0,827.0
7,1763601797.2256615,1181.2930850982666,828.0,1069.0,827.0
7,1763601797.2693527,1188.5421304702759,828.0,1068.0,818.0
7,1763601797.3007798,1193.3119206428528,828.0,1058.0,791.0
7,1763601797.3390377,1198.0711250305176,828.0,1076.0,785.0
7,1763601797.3755386,1202.853754043579,828.0,1098.0,809.0
7,1763601797.4054003,1207.6807289123535,828.0,1103.0,829.0
7,1763601797.4401593,1214.8786334991455,828.0,1112.0,831.0
7,1763601797.465842,1217.243984222412,828.0,1116.0,820.0
7,1763601797.5070562,1224.448791027069,828.0,1123.0,802.0
7,1763601797.5360901,1226.953115940094,828.0,1105.0,809.0
7,1763601797.565595,1231.6855340003967,828.0,1093.0,825.0
7,1763601797.6158223,1238.9538912773132,828.0,1117.0,840.0
7,1763601797.6565218,1246.2054042816162,828.0,1159.0,818.0
7,1763601797.6829426,1250.8191256523132,828.0,1164.0,791.0
7,1763601797.7101486,1253.2371907234192,828.0,1171.0,790.0
7,1763601797.7407713,1258.0556540489197,828.0,1176.0,802.0
7,1763601797.7752953,1262.9541187286377,828.0,1161.0,801.0
7,1763601797.8053696,1267.6929383277893,828.0,1171.0,794.0
7,1763601797.8353596,1272.5217728614807,828.0,1179.0,796.0
7,1763601797.8754225,1279.7050862312317,828.0,1196.0,805.0
7,1763601797.9073203,1284.485390663147,828.0,1183.0,804.0
7,1763601797.935731,1286.8024973869324,828.0,1175.0,804.0
7,1763601797.973276,1294.186010837555,828.0,1196.0,806.0
7,1763601798.0060327,1298.930802822113,828.0,1200.0,816.0
7,1763601798.040355,1303.6056070327759,828.0,1196.0,813.0
7,1763601798.0754817,1308.453896522522,828.0,1194.0,814.0
7,1763601798.105665,1313.2575540542603,828.0,1214.0,825.0
7,1763601798.1407397,1318.073049068451,828.0,1232.0,828.0
7,1763601798.1852236,1325.2199201583862,828.0,1228.0,811.0
7,1763601798.2293897,1332.5134902000427,828.0,1231.0,798.0
7,1763601798.2782905,1339.6720914840698,828.0,1217.0,803.0
7,1763601798.3256147,1346.8388109207153,828.0,1205.0,799.0
7,1763601798.3657339,1351.6541986465454,828.0,1222.0,792.0
7,1763601798.399814,1358.8268189430237,828.0,1226.0,807.0
7,1763601798.4303918,1361.2189917564392,828.0,1220.0,813.0
7,1763601798.4598346,1366.0099534988403,828.0,1214.0,807.0
7,1763601798.4900641,1370.8938269615173,828.0,1216.0,799.0
7,1763601798.520814,1375.8038430213928,828.0,1226.0,785.0
7,1763601798.5553153,1380.5142312049866,828.0,1234.0,795.0
7,1763601798.5857222,1385.2758674621582,828.0,1250.0,796.0
7,1763601798.628107,1392.4723773002625,828.0,1266.0,807.0
7,1763601798.6705043,1397.3028926849365,828.0,1273.0,798.0
7,1763601798.709845,1404.4736533164978,828.0,1286.0,803.0
7,1763601798.7409856,1409.334638595581,828.0,1287.0,802.0
7,1763601798.7743607,1414.0287547111511,828.0,1277.0,802.0
7,1763601798.8055735,1418.9119486808777,828.0,1264.0,816.0
7,1763601798.8395915,1423.6137895584106,828.0,1274.0,837.0
7,1763601798.8722649,1428.4883289337158,828.0,1288.0,848.0
7,1763601798.9003806,1433.2807927131653,828.0,1300.0,841.0
7,1763601798.9309843,1438.004985332489,828.0,1306.0,829.0
7,1763601798.9653528,1442.8479104042053,828.0,1293.0,816.0
7,1763601798.9965189,1447.6702718734741,828.0,1283.0,808.0
7,1763601799.0275009,1452.5312929153442,828.0,1284.0,811.0
7,1763601799.0554967,1454.8764019012451,828.0,1317.0,812.0
7,1763601799.1091194,1464.4766359329224,828.0,1314.0,813.0
7,1763601799.145731,1469.2036895751953,828.0,1302.0,825.0
7,1763601799.1756516,1474.062171459198,828.0,1311.0,816.0
7,1763601799.2105076,1478.867259502411,828.0,1315.0,819.0
7,1763601799.2447922,1483.714511871338,828.0,1313.0,842.0
7,1763601799.279971,1490.8503680229187,828.0,1325.0,869.0
7,1763601799.3154821,1495.6237344741821,828.0,1336.0,857.0
7,1763601799.3511145,1500.483217716217,828.0,1336.0,845.0
7,1763601799.3902922,1505.3467779159546,828.0,1336.0,843.0
7,1763601799.4304733,1512.576654434204,828.0,1366.0,865.0
7,1763601799.4763865,1519.6851878166199,828.0,1370.0,858.0
7,1763601799.50773,1524.551787853241,828.0,1347.0,835.0
7,1763601799.535329,1526.8038420677185,828.0,1354.0,836.0
7,1763601799.5777967,1534.0046076774597,828.0,1369.0,847.0
7,1763601799.6081612,1538.8891248703003,828.0,1410.0,840.0
7,1763601799.6407864,1543.7294750213623,828.0,1418.0,835.0
7,1763601799.667411,1548.4626441001892,828.0,1423.0,836.0
7,1763601799.710532,1553.3217339515686,828.0,1422.0,853.0
7,1763601799.7547777,1560.4750781059265,828.0,1429.0,860.0
7,1763601799.7756572,1562.9219679832458,828.0,1421.0,862.0
7,1763601799.8062158,1567.7193312644958,828.0,1416.0,865.0
7,1763601799.8352988,1572.5574283599854,828.0,1437.0,866.0
7,1763601799.8699977,1577.3276476860046,828.0,1461.0,857.0
7,1763601799.900147,1582.1261196136475,828.0,1465.0,879.0
7,1763601799.943275,1589.214518547058,828.0,1458.0,879.0
7,1763601799.99014,1596.5431003570557,828.0,1458.0,880.0
7,1763601800.0148463,1598.9030508995056,828.0,1475.0,858.0
7,1763601800.045398,1603.7121801376343,828.0,1474.0,874.0
7,1763601800.0757418,1608.4134488105774,828.0,1469.0,897.0
7,1763601800.1106112,1613.218107700348,828.0,1480.0,911.0
7,1763601800.1398652,1618.0846362113953,828.0,1504.0,914.0
7,1763601800.174939,1622.85764503479,828.0,1506.0,921.0
7,1763601800.2056878,1627.62797164917,828.0,1509.0,930.0
7,1763601800.2352173,1632.5302987098694,828.0,1499.0,930.0
7,1763601800.2704444,1637.3416094779968,828.0,1508.0,938.0
7,1763601800.309208,1644.4579391479492,828.0,1516.0,925.0
7,1763601800.3349755,1646.9072966575623,828.0,1519.0,913.0
7,1763601800.3730187,1654.1971831321716,828.0,1517.0,909.0
7,1763601800.4011116,1659.0214757919312,828.0,1519.0,913.0
7,1763601800.4403212,1663.641598701477,828.0,1527.0,910.0
7,1763601800.4697926,1668.4967904090881,828.0,1578.0,925.0
7,1763601800.5048745,1673.226812362671,828.0,1576.0,917.0
7,1763601800.549264,1680.4325132369995,828.0,1568.0,908.0
7,1763601800.5859702,1685.3115229606628,828.0,1568.0,889.0
7,1763601800.619903,1690.0085716247559,828.0,1556.0,895.0
7,1763601800.650676,1694.8305397033691,828.0,1537.0,906.0
7,1763601800.685429,1699.6864109039307,828.0,1543.0,901.0
7,1763601800.7202165,1706.8872122764587,828.0,1553.0,882.0
7,1763601800.7501893,1709.3207626342773,828.0,1573.0,877.0
7,1763601800.7948675,1716.4620189666748,828.0,1572.0,872.0
7,1763601800.8362918,1723.7001209259033,828.0,1573.0,878.0
8,1763601800.8598094,1726.0117559432983,828.0,1572.0,877.0
8,1763601800.8903656,1726.0117559432983,828.0,1565.0,879.0
8,1763601800.9199035,1726.0117559432983,828.0,1564.0,877.0
8,1763601800.95044,1726.0117559432983,828.0,1561.0,882.0
8,1763601801.0006378,1726.0117559432983,828.0,1562.0,883.0
8,1763601801.0402043,1726.0117559432983,828.0,1573.0,884.0
8,1763601801.060608,1726.0117559432983,828.0,1585.0,879.0
8,1763601801.0902803,1726.0117559432983,828.0,1582.0,884.0
8,1763601801.1201997,1726.0117559432983,828.0,1596.0,883.0
8,1763601801.1556444,1726.0117559432983,828.0,1614.0,857.0
8,1763601801.1902003,1726.0117559432983,828.0,1619.0,842.0
8,1763601801.2206736,1726.0117559432983,828.0,1627.0,847.0
8,1763601801.2557056,1726.0117559432983,828.0,1538.0,842.0
8,1763601801.290408,1726.0117559432983,828.0,1143.0,805.0
8,1763601801.3361082,1726.0117559432983,828.0,1725.0,1404.0
8,1763601801.3798172,180.4053692817688,921.0,1027.0,1005.0
8,1763601801.4207008,187.6013069152832,921.0,683.0,907.0
8,1763601801.4487839,192.4043207168579,921.0,495.0,924.0
8,1763601801.4755073,194.89276695251465,921.0,336.0,982.0
8,1763601801.5052562,199.7279314994812,921.0,310.0,968.0
8,1763601801.5504024,206.8307785987854,921.0,313.0,957.0
8,1763601801.5945756,214.14230155944824,921.0,316.0,970.0
8,1763601801.6351929,218.88973999023438,921.0,313.0,996.0
8,1763601801.6757123,226.01583290100098,921.0,316.0,991.0
8,1763601801.7003486,228.49465894699097,921.0,330.0,966.0
8,1763601801.7353919,235.6162815093994,921.0,296.0,945.0
8,1763601801.7704651,240.5137448310852,921.0,299.0,939.0
8,1763601801.810303,245.26922988891602,921.0,300.0,951.0
8,1763601801.8448138,252.4944930076599,921.0,296.0,963.0
8,1763601801.8751566,254.92461013793945,921.0,295.0,961.0
8,1763601801.910737,262.017014503479,921.0,307.0,955.0
8,1763601801.9403346,264.5550994873047,921.0,291.0,933.0
8,1763601801.970069,269.2154197692871,921.0,287.0,923.0
8,1763601802.0114365,276.4389305114746,921.0,286.0,932.0
8,1763601802.0437374,281.3209443092346,921.0,302.0,944.0
8,1763601802.0714858,286.02900791168213,921.0,323.0,937.0
8,1763601802.1054769,290.818968296051,921.0,334.0,915.0
8,1763601802.1377728,295.7495837211609,921.0,337.0,891.0
8,1763601802.180753,300.4595785140991,921.0,344.0,874.0
8,1763601802.225535,307.716420173645,921.0,350.0,877.0
8,1763601802.2500272,312.6059799194336,921.0,356.0,880.0
8,1763601802.2966504,319.65239334106445,921.0,366.0,885.0
8,1763601802.3404214,324.47271633148193,921.0,381.0,900.0
8,1763601802.376957,331.6619305610657,921.0,409.0,916.0
8,1763601802.4154463,336.6063504219055,921.0,415.0,919.0
8,1763601802.4411752,341.27714920043945,921.0,414.0,917.0
8,1763601802.4718664,346.02412271499634,921.0,417.0,904.0
8,1763601802.500356,348.42791843414307,921.0,416.0,900.0
8,1763601802.54576,355.6578664779663,921.0,423.0,909.0
8,1763601802.5856814,362.949254989624,921.0,435.0,915.0
8,1763601802.610221,365.3637795448303,921.0,449.0,919.0
8,1763601802.6407604,370.0554280281067,921.0,434.0,908.0
8,1763601802.677448,374.81384563446045,921.0,453.0,909.0
8,1763601802.7198784,382.05280590057373,921.0,441.0,921.0
8,1763601802.7616377,389.23268604278564,921.0,431.0,940.0
8,1763601802.7955723,394.07428789138794,921.0,437.0,935.0
8,1763601802.8205283,396.41310262680054,921.0,450.0,910.0
8,1763601802.849779,401.39850664138794,921.0,449.0,879.0
8,1763601802.879803,406.07953357696533,921.0,447.0,867.0
8,1763601802.935807,415.61653900146484,921.0,456.0,870.0
8,1763601802.9705079,420.4328923225403,921.0,460.0,894.0
8,1763601802.9947886,422.8337912559509,921.0,488.0,917.0
8,1763601803.0248184,427.66312646865845,921.0,492.0,906.0
8,1763601803.0549355,432.51860427856445,921.0,479.0,900.0
8,1763601803.0899413,437.24941301345825,921.0,466.0,908.0
8,1763601803.120193,442.11880254745483,921.0,465.0,913.0
8,1763601803.1554046,446.9063310623169,921.0,481.0,916.0
8,1763601803.1855507,451.6850619316101,921.0,500.0,900.0
8,1763601803.2198133,456.4044623374939,921.0,513.0,894.0
8,1763601803.2500708,461.3078622817993,921.0,518.0,897.0
8,1763601803.2885048,468.406596660614,921.0,508.0,902.0
8,1763601803.3160832,470.90194511413574,921.0,505.0,907.0
8,1763601803.3454561,475.663938999176,921.0,512.0,903.0
8,1763601803.3754542,480.561616897583,921.0,510.0,895.0
8,1763601803.4108696,485.2191834449768,921.0,527.0,879.0
8,1763601803.4405417,490.14979887008667,921.0,542.0,865.0
8,1763601803.4857762,497.2913055419922,921.0,562.0,857.0
8,1763601803.5248942,504.5065550804138,921.0,566.0,845.0
8,1763601803.5506299,506.95262241363525,921.0,550.0,862.0
8,1763601803.5803413,511.6552858352661,921.0,541.0,883.0
8,1763601803.6206331,516.5144829750061,921.0,546.0,892.0
8,1763601803.6651998,523.6611752510071,921.0,553.0,895.0
8,1763601803.6905205,528.520122051239,921.0,561.0,905.0
8,1763601803.7304742,533.3523540496826,921.0,568.0,918.0
8,1763601803.7752461,540.4556303024292,921.0,574.0,920.0
8,1763601803.8099222,545.3194050788879,921.0,592.0,895.0
8,1763601803.8503926,552.591588973999,921.0,612.0,888.0
8,1763601803.89055,557.3076276779175,921.0,616.0,895.0
8,1763601803.9118032,562.0755581855774,921.0,590.0,902.0
8,1763601803.9460032,566.9005303382874,921.0,585.0,893.0
8,1763601803.9799206,571.7423825263977,921.0,597.0,888.0
8,1763601804.0118015,576.4170079231262,921.0,596.0,908.0
8,1763601804.0415373,581.3126473426819,921.0,587.0,914.0
8,1763601804.088733,588.4841232299805,921.0,583.0,913.0
8,1763601804.127742,593.2262330055237,921.0,589.0,901.0
8,1763601804.1607003,598.0369715690613,921.0,607.0,864.0
8,1763601804.2054775,605.2894859313965,921.0,631.0,859.0
8,1763601804.2339978,610.1242570877075,921.0,622.0,859.0
8,1763601804.2609487,612.5159292221069,921.0,625.0,866.0
8,1763601804.2901049,617.3723011016846,921.0,626.0,878.0
8,1763601804.320558,622.0627694129944,921.0,635.0,877.0
8,1763601804.355186,626.8318085670471,921.0,640.0,884.0
8,1763601804.3848464,631.6519169807434,921.0,636.0,893.0
8,1763601804.415019,636.4892630577087,921.0,619.0,903.0
8,1763601804.4568324,643.6133532524109,921.0,618.0,901.0
8,1763601804.4905057,648.4693675041199,921.0,628.0,894.0
8,1763601804.525046,653.3418326377869,921.0,652.0,876.0
8,1763601804.5517828,658.0125598907471,921.0,646.0,871.0
8,1763601804.5849166,662.8701477050781,921.0,644.0,870.0
8,1763601804.6201618,667.6278858184814,921.0,646.0,875.0
8,1763601804.6605413,672.4894790649414,921.0,661.0,882.0
8,1763601804.7122126,682.1133880615234,921.0,665.0,896.0
8,1763601804.746845,686.8529944419861,921.0,670.0,899.0
8,1763601804.7855408,691.7175559997559,921.0,659.0,881.0
8,1763601804.8251777,698.819365978241,921.0,667.0,878.0
8,1763601804.8506925,701.2349276542664,921.0,685.0,892.0
8,1763601804.8908005,708.4948449134827,921.0,684.0,910.0
8,1763601804.9308102,713.2435350418091,921.0,696.0,917.0
8,1763601804.9756005,720.5260543823242,921.0,689.0,883.0
8,1763601805.0026028,725.3831415176392,921.0,692.0,850.0
8,1763601805.0249174,727.7313261032104,921.0,697.0,863.0
8,1763601805.0604844,732.5083045959473,921.0,696.0,880.0
8,1763601805.0907013,737.2645406723022,921.0,698.0,900.0
8,1763601805.120463,742.1436576843262,921.0,688.0,895.0
8,1763601805.1624815,749.3374853134155,921.0,697.0,879.0
8,1763601805.2107387,756.5381078720093,921.0,703.0,878.0
8,1763601805.2506084,761.3753108978271,921.0,717.0,884.0
8,1763601805.2799072,766.1063342094421,921.0,732.0,904.0
8,1763601805.3249128,773.2286005020142,921.0,727.0,916.0
8,1763601805.3533185,778.0146627426147,921.0,720.0,918.0
8,1763601805.3807616,780.5185585021973,921.0,724.0,904.0
8,1763601805.4105372,785.316780090332,921.0,730.0,884.0
8,1763601805.4554253,792.5243048667908,921.0,751.0,871.0
8,1763601805.499324,799.6558694839478,921.0,754.0,852.0
8,1763601805.5201995,802.0177154541016,921.0,748.0,861.0
8,1763601805.5551803,806.8185119628906,921.0,741.0,873.0
8,1763601805.5918586,814.0883712768555,921.0,753.0,893.0
8,1763601805.6277442,818.9011483192444,921.0,778.0,892.0
8,1763601805.6503701,821.314778804779,921.0,784.0,870.0
8,1763601805.6848836,828.5049586296082,921.0,772.0,860.0
8,1763601805.7158022,830.8914451599121,921.0,766.0,870.0
8,1763601805.745873,835.610273361206,921.0,771.0,895.0
8,1763601805.7856488,842.9223327636719,921.0,766.0,911.0
8,1763601805.8101976,845.2738790512085,921.0,776.0,901.0
8,1763601805.8491504,852.4682431221008,921.0,816.0,905.0
8,1763601805.8905513,857.2604565620422,921.0,810.0,908.0
8,1763601805.934922,864.4528179168701,921.0,810.0,882.0
8,1763601805.9566803,866.9119744300842,921.0,834.0,857.0
8,1763601806.0002472,874.0336685180664,921.0,857.0,852.0
8,1763601806.041041,881.3216595649719,921.0,870.0,852.0
8,1763601806.080107,886.1043243408203,921.0,853.0,867.0
8,1763601806.104874,890.8939986228943,921.0,841.0,868.0
8,1763601806.1400306,895.6161527633667,921.0,853.0,865.0
8,1763601806.1704314,900.5257396697998,921.0,864.0,879.0
8,1763601806.2163022,907.7553300857544,921.0,867.0,912.0
8,1763601806.250218,912.55730676651,921.0,865.0,906.0
8,1763601806.280754,917.287257194519,921.0,864.0,879.0
8,1763601806.3322656,924.4873790740967,921.0,884.0,872.0
8,1763601806.376301,931.7265181541443,921.0,898.0,862.0
8,1763601806.4166894,936.5323572158813,921.0,891.0,856.0
8,1763601806.4402893,941.3092284202576,921.0,879.0,849.0
8,1763601806.4717784,946.0212616920471,921.0,883.0,853.0
8,1763601806.5049243,950.8609681129456,921.0,870.0,861.0
8,1763601806.5517106,958.009126663208,921.0,875.0,874.0
8,1763601806.5852087,962.8881721496582,921.0,887.0,884.0
8,1763601806.6102078,965.2706174850464,921.0,914.0,886.0
8,1763601806.6401243,970.1386480331421,921.0,928.0,874.0
8,1763601806.67087,974.8298673629761,921.0,931.0,877.0
8,1763601806.711806,982.0334224700928,921.0,928.0,880.0
8,1763601806.7496746,986.9548826217651,921.0,936.0,877.0
8,1763601806.7806404,991.6339426040649,921.0,947.0,870.0
8,1763601806.8204682,996.4316277503967,921.0,937.0,869.0
8,1763601806.84524,1001.3533382415771,921.0,948.0,865.0
8,1763601806.8749223,1006.0263185501099,921.0,955.0,859.0
8,1763601806.9056225,1010.8331232070923,921.0,953.0,848.0
8,1763601806.9364002,1015.6943945884705,921.0,956.0,848.0
8,1763601806.9675617,1020.4579977989197,921.0,971.0,861.0
8,1763601806.9949963,1022.9451923370361,921.0,969.0,880.0
8,1763601807.033561,1030.1559715270996,921.0,971.0,904.0
8,1763601807.0702968,1034.8209409713745,921.0,965.0,905.0
8,1763601807.1154847,1042.0026092529297,921.0,974.0,893.0
8,1763601807.1554542,1046.8516497612,921.0,987.0,895.0
8,1763601807.2002082,1054.0311007499695,921.0,1003.0,903.0
8,1763601807.2252345,1058.9021711349487,921.0,994.0,896.0
8,1763601807.2605088,1063.7704520225525,921.0,995.0,895.0
8,1763601807.2900298,1068.431272983551,921.0,1008.0,910.0
8,1763601807.320037,1073.3133940696716,921.0,1012.0,921.0
8,1763601807.3558307,1078.1794934272766,921.0,1029.0,935.0
8,1763601807.3979664,1082.9505352973938,921.0,1039.0,936.0
8,1763601807.4257498,1087.7280502319336,921.0,1027.0,904.0
8,1763601807.4598093,1092.460003376007,921.0,1008.0,887.0
8,1763601807.4902248,1097.325029850006,921.0,1002.0,894.0
8,1763601807.524918,1104.5101313591003,921.0,1042.0,913.0
8,1763601807.5637,1109.3360333442688,921.0,1059.0,918.0
8,1763601807.5923538,1114.1528873443604,921.0,1072.0,900.0
8,1763601807.625252,1118.8863067626953,921.0,1070.0,897.0
8,1763601807.6568456,1123.679485797882,921.0,1058.0,924.0
8,1763601807.6898892,1128.4063606262207,921.0,1052.0,937.0
8,1763601807.7251124,1133.3560733795166,921.0,1055.0,925.0
8,1763601807.7648406,1140.4985098838806,921.0,1057.0,921.0
8,1763601807.8053493,1145.3370003700256,921.0,1061.0,913.0
8,1763601807.8324792,1150.024428844452,921.0,1065.0,919.0
8,1763601807.864988,1154.8442511558533,921.0,1076.0,936.0
8,1763601807.8971179,1159.7355275154114,921.0,1081.0,954.0
8,1763601807.9306788,1164.5296721458435,921.0,1093.0,956.0
8,1763601807.9660072,1169.2951707839966,921.0,1096.0,934.0
8,1763601807.9923837,1174.0156798362732,921.0,1100.0,912.0
8,1763601808.0276334,1178.8851408958435,921.0,1097.0,905.0
8,1763601808.0603392,1183.7582139968872,921.0,1092.0,896.0
8,1763601808.095615,1188.4595184326172,921.0,1101.0,895.0
8,1763601808.1258998,1193.3101682662964,921.0,1115.0,879.0
8,1763601808.1649253,1200.5112199783325,921.0,1122.0,882.0
8,1763601808.210405,1205.227759361267,921.0,1135.0,878.0
8,1763601808.245018,1212.5251202583313,921.0,1126.0,884.0
8,1763601808.275467,1214.9396090507507,921.0,1142.0,871.0
8,1763601808.3165927,1222.1345810890198,921.0,1161.0,875.0
8,1763601808.3399804,1224.5064406394958,921.0,1175.0,902.0
8,1763601808.3754122,1231.6141157150269,921.0,1180.0,905.0
8,1763601808.4076307,1236.4465980529785,921.0,1155.0,888.0
8,1763601808.4354317,1238.923671722412,921.0,1153.0,865.0
8,1763601808.4733107,1246.0999040603638,921.0,1161.0,863.0
8,1763601808.5049224,1250.8928685188293,921.0,1152.0,873.0
8,1763601808.5458248,1255.689802646637,921.0,1152.0,866.0
8,1763601808.5705798,1260.490348815918,921.0,1171.0,866.0
8,1763601808.620284,1267.6808862686157,921.0,1199.0,878.0
8,1763601808.6608202,1272.4631934165955,921.0,1204.0,879.0
8,1763601808.6857271,1277.2245435714722,921.0,1195.0,857.0
8,1763601808.7129955,1282.0817737579346,921.0,1197.0,854.0
8,1763601808.7559597,1286.823812007904,921.0,1199.0,867.0
8,1763601808.7918127,1294.0839796066284,921.0,1184.0,883.0
8,1763601808.819974,1296.453335762024,921.0,1181.0,889.0
8,1763601808.8652952,1303.619375705719,921.0,1190.0,900.0
8,1763601808.905077,1310.8267216682434,921.0,1199.0,908.0
8,1763601808.931807,1313.243535041809,921.0,1198.0,887.0
8,1763601808.9606764,1318.0800585746765,921.0,1195.0,898.0
8,1763601808.9992054,1322.8355793952942,921.0,1212.0,923.0
8,1763601809.0314837,1330.0089507102966,921.0,1244.0,927.0
8,1763601809.0699265,1334.916892528534,921.0,1261.0,913.0
8,1763601809.0968924,1339.6238474845886,921.0,1260.0,900.0
8,1763601809.1351652,1344.4519309997559,921.0,1256.0,895.0
8,1763601809.1698651,1349.3380932807922,921.0,1269.0,888.0
8,1763601809.2076118,1356.457248210907,921.0,1275.0,878.0
8,1763601809.2302523,1358.837869644165,921.0,1296.0,861.0
8,1763601809.2741258,1366.1433844566345,921.0,1303.0,863.0
8,1763601809.320318,1373.3113555908203,921.0,1285.0,865.0
8,1763601809.3555815,1378.0365138053894,921.0,1274.0,885.0
8,1763601809.3849847,1382.819679260254,921.0,1282.0,867.0
8,1763601809.4169474,1387.687066078186,921.0,1301.0,859.0
8,1763601809.4510245,1392.4779205322266,921.0,1311.0,869.0
8,1763601809.4798465,1397.2828297615051,921.0,1302.0,881.0
8,1763601809.51145,1402.0086317062378,921.0,1298.0,885.0
8,1763601809.5398908,1404.4856696128845,921.0,1307.0,881.0
8,1763601809.575936,1411.6618304252625,921.0,1363.0,881.0
8,1763601809.6086955,1416.4757161140442,921.0,1368.0,882.0
8,1763601809.6402867,1421.3200001716614,921.0,1382.0,893.0
8,1763601809.6751666,1426.0071783065796,921.0,1385.0,887.0
8,1763601809.7211983,1433.2956342697144,921.0,1392.0,880.0
8,1763601809.7611427,1438.096538066864,921.0,1374.0,855.0
8,1763601809.7853055,1442.8981928825378,921.0,1373.0,857.0
8,1763601809.8173363,1447.708752632141,921.0,1395.0,876.0
8,1763601809.8500628,1452.4292616844177,921.0,1369.0,879.0
8,1763601809.8839335,1457.3378114700317,921.0,1359.0,864.0
8,1763601809.9154332,1462.0100049972534,921.0,1372.0,875.0
8,1763601809.940283,1464.6143226623535,921.0,1383.0,889.0
8,1763601809.976925,1471.712306022644,921.0,1384.0,900.0
8,1763601810.0150182,1476.5031962394714,921.0,1364.0,903.0
8,1763601810.0450354,1481.2281041145325,921.0,1364.0,914.0
8,1763601810.0757842,1486.140230178833,921.0,1374.0,910.0
8,1763601810.1209636,1493.396249294281,921.0,1384.0,898.0
8,1763601810.1549408,1498.1538801193237,921.0,1390.0,887.0
8,1763601810.1850963,1502.9202728271484,921.0,1390.0,914.0
8,1763601810.2178617,1507.6418905258179,921.0,1383.0,935.0
8,1763601810.2479396,1512.4552755355835,921.0,1385.0,942.0
8,1763601810.2754657,1514.8043541908264,921.0,1410.0,921.0
8,1763601810.311297,1522.0090894699097,921.0,1463.0,928.0
8,1763601810.350048,1526.9013671875,921.0,1428.0,914.0
8,1763601810.3983314,1534.1882495880127,921.0,1428.0,919.0
8,1763601810.4353285,1538.8341574668884,921.0,1427.0,917.0
8,1763601810.4718258,1546.080198764801,921.0,1445.0,909.0
8,1763601810.494891,1548.4919695854187,921.0,1469.0,909.0
8,1763601810.525665,1553.295341014862,921.0,1465.0,911.0
8,1763601810.555418,1558.1349401474,921.0,1459.0,888.0
8,1763601810.5854418,1562.8486185073853,921.0,1455.0,859.0
8,1763601810.620336,1567.6632194519043,921.0,1468.0,849.0
8,1763601810.6555638,1572.4424510002136,921.0,1479.0,848.0
8,1763601810.6850395,1577.2522597312927,921.0,1483.0,859.0
8,1763601810.71588,1582.1353464126587,921.0,1487.0,865.0
8,1763601810.7598433,1589.2383008003235,921.0,1481.0,871.0
8,1763601810.8002582,1594.0751104354858,921.0,1467.0,860.0
8,1763601810.82498,1598.8034873008728,921.0,1459.0,847.0
8,1763601810.856527,1603.744616985321,921.0,1486.0,859.0
8,1763601810.8851936,1608.5514574050903,921.0,1519.0,879.0
8,1763601810.9331417,1613.3325486183167,921.0,1538.0,891.0
8,1763601810.9678667,1620.418909072876,921.0,1541.0,893.0
8,1763601810.9950173,1622.9105739593506,921.0,1517.0,912.0
8,1763601811.0328698,1630.0345211029053,921.0,1522.0,924.0
8,1763601811.060029,1632.5303344726562,921.0,1531.0,899.0
8,1763601811.100106,1639.6376519203186,921.0,1562.0,913.0
8,1763601811.127753,1644.4162397384644,921.0,1572.0,913.0
8,1763601811.1556714,1646.8330173492432,921.0,1564.0,912.0
8,1763601811.1860356,1651.6340641975403,921.0,1551.0,907.0
8,1763601811.2198765,1656.540825843811,921.0,1536.0,909.0
8,1763601811.2567363,1663.7742071151733,921.0,1516.0,903.0
8,1763601811.2849932,1668.5213952064514,921.0,1514.0,908.0
8,1763601811.3148928,1670.824947834015,921.0,1523.0,911.0
8,1763601811.345967,1675.6572155952454,921.0,1526.0,917.0
8,1763601811.374879,1680.526354789734,921.0,1536.0,912.0
8,1763601811.4105546,1685.2450399398804,921.0,1542.0,905.0
8,1763601811.4605935,1692.544689655304,921.0,1547.0,907.0
8,1763601811.5147963,1702.18851852417,921.0,1563.0,896.0
8,1763601811.5501678,1706.8091778755188,921.0,1580.0,891.0
8,1763601811.576828,1711.6517453193665,921.0,1574.0,891.0
8,1763601811.600045,1714.0218524932861,921.0,1554.0,892.0
8,1763601811.6353436,1718.910804271698,921.0,1567.0,899.0
8,1763601811.6647966,1723.6313848495483,921.0,1563.0,909.0
9,1763601811.6953096,1726.0069637298584,921.0,1584.0,898.0
9,1763601811.725332,1726.0069637298584,921.0,1591.0,890.0
9,1763601811.7553968,1726.0069637298584,921.0,1607.0,893.0
9,1763601811.7801394,1726.0069637298584,921.0,1610.0,892.0
9,1763601811.8103588,1726.0069637298584,921.0,1594.0,873.0
9,1763601811.8460312,1726.0069637298584,921.0,1580.0,860.0
9,1763601811.885321,1726.0069637298584,921.0,1573.0,846.0
9,1763601811.910402,1726.0069637298584,921.0,1580.0,866.0
9,1763601811.940043,1726.0069637298584,921.0,1588.0,872.0
9,1763601811.9798436,1726.0069637298584,921.0,1598.0,875.0
9,1763601812.0153656,1726.0069637298584,921.0,1597.0,879.0
9,1763601812.0449383,1726.0069637298584,921.0,1379.0,873.0
9,1763601812.0902233,1726.0069637298584,921.0,1203.0,850.0
9,1763601812.1151366,1726.0069637298584,921.0,1206.0,1347.0
9,1763601812.1501856,1726.0069637298584,921.0,1185.0,1280.0
9,1763601812.180249,178.0,1014.0,845.0,722.0
9,1763601812.2216022,185.36241340637207,1014.0,702.0,795.0
9,1763601812.2607472,190.0921492576599,1014.0,551.0,951.0
9,1763601812.2858472,194.81251525878906,1014.0,375.0,1036.0
9,1763601812.317644,199.6596245765686,1014.0,364.0,1023.0
9,1763601812.3508267,204.4115333557129,1014.0,361.0,1015.0
9,1763601812.3820665,209.32505416870117,1014.0,374.0,1023.0
9,1763601812.435755,216.41166496276855,1014.0,381.0,1026.0
9,1763601812.4700553,221.29639673233032,1014.0,374.0,1028.0
9,1763601812.4950411,226.05502891540527,1014.0,346.0,1028.0
9,1763601812.5265024,230.9913306236267,1014.0,324.0,1027.0
9,1763601812.565438,235.6313018798828,1014.0,331.0,1021.0
9,1763601812.6106598,242.90012407302856,1014.0,351.0,1019.0
9,1763601812.6540525,250.02271223068237,1014.0,336.0,992.0
9,1763601812.6807094,252.44571256637573,1014.0,349.0,998.0
9,1763601812.7248757,259.6176176071167,1014.0,358.0,1019.0
9,1763601812.752416,264.49805784225464,1014.0,363.0,1016.0
9,1763601812.7809877,269.3136959075928,1014.0,365.0,999.0
9,1763601812.8098361,274.10633850097656,1014.0,375.0,990.0
9,1763601812.8456767,278.8592128753662,1014.0,391.0,995.0
9,1763601812.8763943,283.6071877479553,1014.0,397.0,999.0
9,1763601812.9100301,288.4867696762085,1014.0,402.0,1001.0
9,1763601812.9571657,295.66793727874756,1014.0,397.0,990.0
9,1763601812.9953704,300.46086597442627,1014.0,403.0,989.0
9,1763601813.0214045,305.36419439315796,1014.0,403.0,999.0
9,1763601813.0540612,310.08770751953125,1014.0,402.0,1001.0
9,1763601813.0861192,314.8353247642517,1014.0,407.0,978.0
9,1763601813.1202507,319.64273738861084,1014.0,415.0,970.0
9,1763601813.1602767,324.43884897232056,1014.0,420.0,968.0
9,1763601813.2019453,331.67369651794434,1014.0,399.0,970.0
9,1763601813.2258737,334.1245918273926,1014.0,414.0,960.0
9,1763601813.255346,338.97720861434937,1014.0,428.0,951.0
9,1763601813.2848675,343.6378507614136,1014.0,443.0,943.0
9,1763601813.3199286,348.5529451370239,1014.0,434.0,935.0
9,1763601813.357875,355.6926636695862,1014.0,432.0,933.0
9,1763601813.3859782,358.05475997924805,1014.0,439.0,948.0
9,1763601813.4211404,365.3083829879761,1014.0,447.0,991.0
9,1763601813.4549956,370.035436630249,1014.0,444.0,1006.0
9,1763601813.490966,374.9090461730957,1014.0,428.0,1014.0
9,1763601813.5254645,379.6954302787781,1014.0,412.0,1002.0
9,1763601813.549866,384.40517473220825,1014.0,433.0,983.0
9,1763601813.5854387,389.3355755805969,1014.0,465.0,979.0
9,1763601813.620227,394.11931324005127,1014.0,468.0,975.0
9,1763601813.6636455,401.34150075912476,1014.0,463.0,979.0
9,1763601813.7052448,406.1009554862976,1014.0,460.0,984.0
9,1763601813.7454138,413.27811765670776,1014.0,456.0,977.0
9,1763601813.773171,418.0859594345093,1014.0,462.0,965.0
9,1763601813.8049605,422.8551058769226,1014.0,455.0,975.0
9,1763601813.8366337,427.63626861572266,1014.0,455.0,975.0
9,1763601813.8722553,432.45258617401123,1014.0,461.0,984.0
9,1763601813.9019814,437.3228340148926,1014.0,462.0,984.0
9,1763601813.9348242,442.17877674102783,1014.0,481.0,968.0
9,1763601813.9702897,446.82869005203247,1014.0,493.0,948.0
9,1763601814.0016868,451.6859202384949,1014.0,499.0,946.0
9,1763601814.035345,456.57515811920166,1014.0,494.0,956.0
9,1763601814.0651305,461.2599401473999,1014.0,495.0,964.0
9,1763601814.0998363,466.11806440353394,1014.0,494.0,965.0
9,1763601814.130577,470.96867847442627,1014.0,503.0,967.0
9,1763601814.1599643,475.60146141052246,1014.0,503.0,977.0
9,1763601814.2005484,480.55868434906006,1014.0,503.0,974.0
9,1763601814.2303421,485.2132468223572,1014.0,502.0,967.0
9,1763601814.2603858,490.2028350830078,1014.0,516.0,967.0
9,1763601814.2951121,494.9040322303772,1014.0,522.0,991.0
9,1763601814.3357785,502.0405321121216,1014.0,526.0,1004.0
9,1763601814.3599622,504.5149235725403,1014.0,522.0,995.0
9,1763601814.405803,511.6413025856018,1014.0,520.0,988.0
9,1763601814.4305747,516.4530425071716,1014.0,519.0,991.0
9,1763601814.4625847,521.3519721031189,1014.0,528.0,988.0
9,1763601814.4951732,526.0647206306458,1014.0,540.0,971.0
9,1763601814.5249846,530.927029132843,1014.0,558.0,974.0
9,1763601814.5735388,538.0083470344543,1014.0,558.0,962.0
9,1763601814.6157398,542.8044943809509,1014.0,549.0,949.0
9,1763601814.6525028,550.0565795898438,1014.0,536.0,938.0
9,1763601814.6898785,554.8877387046814,1014.0,528.0,942.0
9,1763601814.717114,559.6547751426697,1014.0,530.0,946.0
9,1763601814.7551446,564.4453792572021,1014.0,539.0,957.0
9,1763601814.7978687,571.6998605728149,1014.0,548.0,969.0
9,1763601814.8298907,576.4803795814514,1014.0,565.0,964.0
9,1763601814.8613293,581.300416469574,1014.0,608.0,958.0
9,1763601814.9004223,586.0226421356201,1014.0,598.0,940.0
9,1763601814.9358463,590.9110217094421,1014.0,597.0,933.0
9,1763601814.9601483,595.729377746582,1014.0,595.0,938.0
9,1763601815.0007987,600.4584698677063,1014.0,595.0,943.0
9,1763601815.0306005,605.2589445114136,1014.0,588.0,943.0
9,1763601815.0655978,610.1581244468689,1014.0,588.0,932.0
9,1763601815.095621,614.821448802948,1014.0,593.0,931.0
9,1763601815.1348345,622.0309047698975,1014.0,599.0,943.0
9,1763601815.1703885,626.9336252212524,1014.0,608.0,943.0
9,1763601815.1979516,631.7126779556274,1014.0,619.0,936.0
9,1763601815.2304208,636.5647940635681,1014.0,631.0,928.0
9,1763601815.2784522,643.6997203826904,1014.0,633.0,922.0
9,1763601815.3201227,648.5135345458984,1014.0,644.0,928.0
9,1763601815.3451483,653.223958492279,1014.0,623.0,934.0
9,1763601815.380754,658.1209211349487,1014.0,611.0,934.0
9,1763601815.4107041,662.8087430000305,1014.0,622.0,938.0
9,1763601815.4406257,667.731240272522,1014.0,631.0,940.0
9,1763601815.475493,672.5236682891846,1014.0,635.0,945.0
9,1763601815.5013514,677.3117690086365,1014.0,651.0,953.0
9,1763601815.53563,682.1086316108704,1014.0,669.0,955.0
9,1763601815.5653708,686.9313507080078,1014.0,681.0,941.0
9,1763601815.5973442,691.6262893676758,1014.0,687.0,934.0
9,1763601815.6455176,698.8050966262817,1014.0,678.0,943.0
9,1763601815.693699,706.0686974525452,1014.0,673.0,953.0
9,1763601815.73617,710.8555107116699,1014.0,680.0,931.0
9,1763601815.7604003,715.6952171325684,1014.0,682.0,933.0
9,1763601815.7898357,720.5518035888672,1014.0,682.0,954.0
9,1763601815.8231204,725.2493529319763,1014.0,684.0,984.0
9,1763601815.8715284,732.5305848121643,1014.0,676.0,992.0
9,1763601815.910938,737.2135787010193,1014.0,685.0,976.0
9,1763601815.9498231,744.5049314498901,1014.0,706.0,958.0
9,1763601815.9815762,749.2620973587036,1014.0,717.0,959.0
9,1763601816.0256307,754.1291980743408,1014.0,729.0,954.0
9,1763601816.061216,761.2968473434448,1014.0,740.0,943.0
9,1763601816.0923934,766.0187153816223,1014.0,739.0,931.0
9,1763601816.1204064,768.5534386634827,1014.0,745.0,927.0
9,1763601816.1500795,773.3948259353638,1014.0,752.0,946.0
9,1763601816.185801,778.0804662704468,1014.0,749.0,955.0
9,1763601816.2149768,782.8845529556274,1014.0,745.0,943.0
9,1763601816.2456508,787.6250891685486,1014.0,778.0,928.0
9,1763601816.2802846,792.4851088523865,1014.0,789.0,919.0
9,1763601816.3172643,799.7379450798035,1014.0,783.0,928.0
9,1763601816.3458002,802.0231156349182,1014.0,771.0,930.0
9,1763601816.381262,809.3344240188599,1014.0,752.0,933.0
9,1763601816.4156818,814.1048221588135,1014.0,745.0,942.0
9,1763601816.449856,818.8539772033691,1014.0,777.0,950.0
9,1763601816.4801948,823.6974029541016,1014.0,806.0,944.0
9,1763601816.5108247,828.4756331443787,1014.0,805.0,929.0
9,1763601816.5413024,833.2924871444702,1014.0,800.0,920.0
9,1763601816.5748231,838.0062727928162,1014.0,801.0,925.0
9,1763601816.604853,842.8224472999573,1014.0,801.0,928.0
9,1763601816.6393828,847.6978449821472,1014.0,805.0,935.0
9,1763601816.6760044,852.5128750801086,1014.0,821.0,948.0
9,1763601816.7058487,857.3806910514832,1014.0,818.0,942.0
9,1763601816.7400744,862.1731190681458,1014.0,819.0,934.0
9,1763601816.7757704,866.8475656509399,1014.0,815.0,952.0
9,1763601816.8049738,871.6141014099121,1014.0,830.0,964.0
9,1763601816.8352385,876.4280943870544,1014.0,834.0,968.0
9,1763601816.8708014,881.2276391983032,1014.0,838.0,965.0
9,1763601816.9052193,886.1225633621216,1014.0,838.0,968.0
9,1763601816.9456449,893.3170347213745,1014.0,828.0,957.0
9,1763601816.9918776,900.4777460098267,1014.0,840.0,969.0
9,1763601817.0303779,905.2231101989746,1014.0,862.0,982.0
9,1763601817.0703542,912.5142841339111,1014.0,868.0,957.0
9,1763601817.0950034,914.9414329528809,1014.0,872.0,962.0
9,1763601817.1398964,922.0159201622009,1014.0,883.0,975.0
9,1763601817.1761885,926.8261938095093,1014.0,888.0,957.0
9,1763601817.2203164,934.0227394104004,1014.0,892.0,923.0
9,1763601817.2556074,938.8028292655945,1014.0,901.0,930.0
9,1763601817.280385,943.7051920890808,1014.0,915.0,937.0
9,1763601817.3106947,948.4365015029907,1014.0,913.0,931.0
9,1763601817.3581188,955.7424812316895,1014.0,912.0,927.0
9,1763601817.3956401,960.4952840805054,1014.0,911.0,937.0
9,1763601817.421243,965.2119307518005,1014.0,918.0,972.0
9,1763601817.456045,970.1409368515015,1014.0,921.0,994.0
9,1763601817.4853842,974.8265414237976,1014.0,929.0,991.0
9,1763601817.5164683,979.6435384750366,1014.0,947.0,971.0
9,1763601817.5506997,984.4976572990417,1014.0,957.0,947.0
9,1763601817.5810616,989.3012075424194,1014.0,957.0,942.0
9,1763601817.6125011,994.0243988037109,1014.0,940.0,945.0
9,1763601817.6452928,998.9380626678467,1014.0,936.0,934.0
9,1763601817.6768038,1003.6586074829102,1014.0,939.0,921.0
9,1763601817.7059963,1006.0567526817322,1014.0,941.0,925.0
9,1763601817.7452183,1013.2853775024414,1014.0,943.0,929.0
9,1763601817.7902353,1020.5679683685303,1014.0,959.0,931.0
9,1763601817.8300195,1025.3179459571838,1014.0,960.0,933.0
9,1763601817.8556774,1030.0542621612549,1014.0,959.0,925.0
9,1763601817.9021804,1037.2101454734802,1014.0,975.0,925.0
9,1763601817.9455054,1042.0575051307678,1014.0,987.0,935.0
9,1763601817.970239,1046.8373446464539,1014.0,968.0,940.0
9,1763601817.9998746,1051.7179636955261,1014.0,961.0,933.0
9,1763601818.0475776,1058.811870098114,1014.0,974.0,926.0
9,1763601818.0955493,1066.158619403839,1014.0,1001.0,915.0
9,1763601818.141644,1073.237112045288,1014.0,1009.0,900.0
9,1763601818.180235,1078.0636219978333,1014.0,978.0,886.0
9,1763601818.2253752,1085.2227239608765,1014.0,963.0,905.0
9,1763601818.2880795,1094.9819235801697,1014.0,950.0,912.0
9,1763601818.3172219,1099.615707874298,1014.0,953.0,901.0
9,1763601818.3602302,1104.5389204025269,1014.0,989.0,929.0
9,1763601818.398533,1111.7421536445618,1014.0,998.0,958.0
9,1763601818.4308631,1116.5110139846802,1014.0,1002.0,954.0
9,1763601818.470466,1121.2892084121704,1014.0,1027.0,950.0
9,1763601818.5302222,1130.895200252533,1014.0,1025.0,945.0
9,1763601818.5655925,1135.675039768219,1014.0,995.0,958.0
9,1763601818.5956128,1140.4029874801636,1014.0,987.0,979.0
9,1763601818.6309218,1145.3645377159119,1014.0,1017.0,956.0
9,1763601818.6602867,1150.112226486206,1014.0,1028.0,938.0
9,1763601818.6953585,1154.9108057022095,1014.0,1030.0,949.0
9,1763601818.725615,1159.6696166992188,1014.0,1040.0,945.0
9,1763601818.7610595,1164.461579799652,1014.0,1043.0,926.0
9,1763601818.7908218,1169.2373065948486,1014.0,1064.0,928.0
9,1763601818.8258636,1174.1170673370361,1014.0,1048.0,939.0
9,1763601818.8555236,1178.808322429657,1014.0,1048.0,933.0
9,1763601818.8851366,1183.7298183441162,1014.0,1056.0,930.0
9,1763601818.920581,1188.4626655578613,1014.0,1081.0,921.0
9,1763601818.9498546,1193.3104543685913,1014.0,1084.0,923.0
9,1763601818.9858117,1198.0037121772766,1014.0,1089.0,925.0
9,1763601819.0210195,1205.3062944412231,1014.0,1102.0,937.0
9,1763601819.0502348,1210.1661353111267,1014.0,1119.0,961.0
9,1763601819.085543,1214.976444721222,1014.0,1106.0,961.0
9,1763601819.1177762,1219.6821837425232,1014.0,1100.0,947.0
9,1763601819.1599817,1224.5546131134033,1014.0,1109.0,944.0
9,1763601819.205162,1231.760850429535,1014.0,1125.0,953.0
9,1763601819.2358234,1236.4288239479065,1014.0,1127.0,954.0
9,1763601819.2785718,1243.7726764678955,1014.0,1111.0,966.0
9,1763601819.3203557,1248.4314231872559,1014.0,1093.0,970.0
9,1763601819.345457,1253.2886533737183,1014.0,1140.0,966.0
9,1763601819.374861,1258.0155282020569,1014.0,1158.0,950.0
9,1763601819.4078932,1262.8652482032776,1014.0,1158.0,943.0
9,1763601819.4524393,1270.0140147209167,1014.0,1168.0,954.0
9,1763601819.4940677,1274.9531059265137,1014.0,1159.0,970.0
9,1763601819.5183983,1279.742708683014,1014.0,1146.0,970.0
9,1763601819.5653794,1286.918046951294,1014.0,1154.0,967.0
9,1763601819.608573,1291.6700987815857,1014.0,1172.0,948.0
9,1763601819.6455705,1298.8241939544678,1014.0,1214.0,927.0
9,1763601819.6860044,1303.6024241447449,1014.0,1220.0,929.0
9,1763601819.715296,1308.4757475852966,1014.0,1182.0,963.0
9,1763601819.749949,1313.3312253952026,1014.0,1167.0,967.0
9,1763601819.7808607,1318.1364922523499,1014.0,1179.0,948.0
9,1763601819.8157344,1322.8158025741577,1014.0,1177.0,951.0
9,1763601819.8544896,1330.006483078003,1014.0,1185.0,941.0
9,1763601819.8948197,1334.9215059280396,1014.0,1186.0,948.0
9,1763601819.9199023,1339.7821335792542,1014.0,1178.0,978.0
9,1763601819.950289,1344.5560007095337,1014.0,1191.0,999.0
9,1763601819.982257,1349.3003277778625,1014.0,1220.0,988.0
9,1763601820.0210624,1354.1251211166382,1014.0,1221.0,968.0
9,1763601820.0459661,1358.9135794639587,1014.0,1212.0,954.0
9,1763601820.0775821,1363.740840435028,1014.0,1222.0,979.0
9,1763601820.1107867,1368.4045224189758,1014.0,1249.0,991.0
9,1763601820.156923,1375.7061748504639,1014.0,1262.0,984.0
9,1763601820.195109,1380.4060487747192,1014.0,1263.0,983.0
9,1763601820.2242832,1385.3327660560608,1014.0,1285.0,1002.0
9,1763601820.257536,1390.1408581733704,1014.0,1297.0,1005.0
9,1763601820.3021967,1397.3376183509827,1014.0,1288.0,993.0
9,1763601820.344897,1402.0266561508179,1014.0,1282.0,981.0
9,1763601820.3660028,1406.9175748825073,1014.0,1330.0,994.0
9,1763601820.4104307,1414.1955165863037,1014.0,1335.0,982.0
9,1763601820.4554708,1418.9354448318481,1014.0,1331.0,962.0
9,1763601820.4935367,1426.0303883552551,1014.0,1317.0,954.0
9,1763601820.5149922,1428.4662990570068,1014.0,1287.0,971.0
9,1763601820.5503519,1433.2682399749756,1014.0,1295.0,972.0
9,1763601820.5855715,1438.0485444068909,1014.0,1320.0,975.0
9,1763601820.6215856,1445.2455191612244,1014.0,1344.0,989.0
9,1763601820.6498344,1450.1060752868652,1014.0,1362.0,1007.0
9,1763601820.680333,1452.5974898338318,1014.0,1389.0,1000.0
9,1763601820.7108066,1457.375433921814,1014.0,1391.0,991.0
9,1763601820.7401083,1462.0605020523071,1014.0,1383.0,989.0
9,1763601820.7756398,1466.930606842041,1014.0,1401.0,998.0
9,1763601820.8053093,1471.6434984207153,1014.0,1399.0,988.0
9,1763601820.8350458,1476.504912853241,1014.0,1401.0,993.0
9,1763601820.8698783,1481.2763481140137,1014.0,1395.0,1003.0
9,1763601820.9004912,1486.0961346626282,1014.0,1385.0,1012.0
9,1763601820.9303002,1490.960946559906,1014.0,1372.0,996.0
9,1763601820.9655502,1495.6279544830322,1014.0,1341.0,971.0
9,1763601821.0056863,1502.8449921607971,1014.0,1347.0,962.0
9,1763601821.0406444,1507.740059375763,1014.0,1369.0,949.0
9,1763601821.0705168,1512.5007300376892,1014.0,1370.0,929.0
9,1763601821.0956771,1514.8306756019592,1014.0,1376.0,946.0
9,1763601821.1298654,1522.1107273101807,1014.0,1392.0,964.0
9,1763601821.1598916,1524.4977860450745,1014.0,1418.0,974.0
9,1763601821.1977706,1531.6226987838745,1014.0,1417.0,956.0
9,1763601821.2307544,1536.4306836128235,1014.0,1408.0,930.0
9,1763601821.2707477,1541.3912682533264,1014.0,1401.0,923.0
9,1763601821.3111033,1548.4849600791931,1014.0,1395.0,934.0
9,1763601821.3456903,1553.329566001892,1014.0,1391.0,962.0
9,1763601821.3941405,1560.5442433357239,1014.0,1388.0,976.0
9,1763601821.4270887,1565.3261213302612,1014.0,1397.0,988.0
9,1763601821.4603295,1570.1400427818298,1014.0,1416.0,1008.0
9,1763601821.5069258,1577.3155598640442,1014.0,1420.0,999.0
9,1763601821.5347664,1582.0965795516968,1014.0,1439.0,1003.0
9,1763601821.5599308,1584.5102458000183,1014.0,1455.0,997.0
9,1763601821.5860453,1589.3585352897644,1014.0,1470.0,996.0
9,1763601821.6198933,1594.071605682373,1014.0,1482.0,1010.0
9,1763601821.6565719,1598.9216117858887,1014.0,1472.0,1014.0
9,1763601821.6898665,1606.1108975410461,1014.0,1456.0,1019.0
9,1763601821.7200363,1608.4160594940186,1014.0,1446.0,1014.0
9,1763601821.7501965,1613.3477835655212,1014.0,1445.0,1022.0
9,1763601821.7855306,1618.0486946105957,1014.0,1456.0,1030.0
9,1763601821.8308594,1625.2922325134277,1014.0,1469.0,1037.0
9,1763601821.873717,1632.4617772102356,1014.0,1490.0,1022.0
9,1763601821.9027715,1637.3885660171509,1014.0,1491.0,1009.0
9,1763601821.945049,1642.145839214325,1014.0,1497.0,1006.0
9,1763601821.970454,1646.8892722129822,1014.0,1501.0,1011.0
9,1763601822.0002706,1651.6521244049072,1014.0,1492.0,1025.0
9,1763601822.0408175,1656.438937664032,1014.0,1491.0,1040.0
9,1763601822.0702462,1661.3064317703247,1014.0,1505.0,1032.0
9,1763601822.0998943,1666.0173206329346,1014.0,1536.0,1027.0
9,1763601822.1462777,1673.3469395637512,1014.0,1559.0,1018.0
9,1763601822.192804,1680.6358604431152,1014.0,1561.0,1013.0
9,1763601822.2259078,1685.351005077362,1014.0,1546.0,1017.0
9,1763601822.2653866,1690.0980501174927,1014.0,1547.0,1019.0
9,1763601822.2902765,1694.9685125350952,1014.0,1534.0,1025.0
9,1763601822.3201766,1699.6686367988586,1014.0,1524.0,1037.0
9,1763601822.3502934,1704.5510439872742,1014.0,1519.0,1043.0
9,1763601822.385213,1709.323766708374,1014.0,1560.0,1038.0
9,1763601822.4260142,1714.086118221283,1014.0,1565.0,1033.0
9,1763601822.46524,1721.234634399414,1014.0,1570.0,1029.0
