line_idx,timestamp,dot_x,dot_y,gaze_x,gaze_y
0,1764207366.8678918,180.4594783782959,178.0,192.0,152.0
0,1764207366.9014964,185.20266103744507,178.0,192.0,162.0
0,1764207366.928364,187.65845584869385,178.0,195.0,167.0
0,1764207366.9720225,194.7801856994629,178.0,212.0,160.0
0,1764207367.0130217,201.95201921463013,178.0,221.0,152.0
0,1764207367.0547142,206.8926124572754,178.0,228.0,137.0
0,1764207367.10258,214.01655960083008,178.0,227.0,120.0
0,1764207367.1322248,218.7840609550476,178.0,221.0,117.0
0,1764207367.1626012,223.6686496734619,178.0,219.0,118.0
0,1764207367.1978295,228.3650188446045,178.0,221.0,116.0
0,1764207367.238513,235.70647525787354,178.0,219.0,118.0
0,1764207367.2621243,237.97215509414673,178.0,208.0,123.0
0,1764207367.2928905,242.8298144340515,178.0,195.0,127.0
0,1764207367.3274827,247.6641206741333,178.0,188.0,120.0
0,1764207367.364768,254.79461240768433,178.0,193.0,110.0
0,1764207367.4027886,259.627881526947,178.0,215.0,104.0
0,1764207367.4329064,264.37975454330444,178.0,221.0,94.0
0,1764207367.4680603,269.2692070007324,178.0,221.0,105.0
0,1764207367.49747,274.08259201049805,178.0,241.0,117.0
0,1764207367.5318668,278.74498653411865,178.0,241.0,116.0
0,1764207367.5674539,283.55776357650757,178.0,241.0,114.0
0,1764207367.6054006,290.86935806274414,178.0,271.0,163.0
0,1764207367.6323564,293.14662504196167,178.0,385.0,182.0
0,1764207367.6719017,300.40525484085083,178.0,263.0,203.0
0,1764207367.7002485,305.1671772003174,178.0,479.0,-165.0
0,1764207367.7278943,307.5873522758484,178.0,480.0,-136.0
0,1764207367.7632937,314.74166202545166,178.0,346.0,110.0
0,1764207367.7976792,319.61494970321655,178.0,339.0,135.0
0,1764207367.8318515,324.42776250839233,178.0,335.0,143.0
0,1764207367.8677077,329.23960971832275,178.0,352.0,148.0
0,1764207367.8975353,333.9700608253479,178.0,370.0,145.0
0,1764207367.9280448,338.8511447906494,178.0,389.0,148.0
0,1764207367.9770007,346.00159215927124,178.0,401.0,155.0
0,1764207368.0270722,353.2377986907959,178.0,343.0,142.0
0,1764207368.056922,358.06463050842285,178.0,329.0,126.0
0,1764207368.1016352,365.2039198875427,178.0,339.0,124.0
0,1764207368.1424024,369.9450640678406,178.0,344.0,117.0
0,1764207368.1874592,377.2437481880188,178.0,333.0,131.0
0,1764207368.2280653,384.4852833747864,178.0,352.0,155.0
0,1764207368.2620375,389.23515367507935,178.0,403.0,164.0
0,1764207368.2925282,393.98119735717773,178.0,397.0,147.0
0,1764207368.3246405,398.8471179008484,178.0,380.0,151.0
0,1764207368.3720746,405.9659152030945,178.0,392.0,162.0
0,1764207368.4130933,410.75476694107056,178.0,399.0,165.0
0,1764207368.4428003,415.67114877700806,178.0,401.0,160.0
0,1764207368.4719105,420.40095615386963,178.0,411.0,146.0
0,1764207368.4997814,425.22514152526855,178.0,425.0,142.0
0,1764207368.532324,429.94772481918335,178.0,429.0,151.0
0,1764207368.5641103,434.89207315444946,178.0,439.0,147.0
0,1764207368.6077046,439.7292046546936,178.0,427.0,141.0
0,1764207368.6471093,446.859338760376,178.0,457.0,145.0
0,1764207368.6781144,451.59726428985596,178.0,454.0,147.0
0,1764207368.7173493,456.3481001853943,178.0,448.0,147.0
0,1764207368.7623713,463.59128046035767,178.0,438.0,138.0
0,1764207368.7899444,468.3422236442566,178.0,442.0,137.0
0,1764207368.8239684,473.248019695282,178.0,450.0,142.0
0,1764207368.847042,475.63951301574707,178.0,454.0,143.0
0,1764207368.8875756,482.761278629303,178.0,464.0,145.0
0,1764207368.9121795,485.1784496307373,178.0,444.0,150.0
0,1764207368.9568934,492.4821763038635,178.0,431.0,147.0
0,1764207368.9924328,497.29298639297485,178.0,434.0,147.0
0,1764207369.0288937,504.4156103134155,178.0,441.0,149.0
0,1764207369.052615,506.7578582763672,178.0,448.0,151.0
0,1764207369.082367,511.54889154434204,178.0,464.0,156.0
0,1764207369.1250567,518.838885307312,178.0,477.0,162.0
0,1764207369.1521895,521.1412577629089,178.0,514.0,171.0
0,1764207369.1912742,528.4583597183228,178.0,507.0,171.0
0,1764207369.2324626,533.1392436027527,178.0,503.0,168.0
0,1764207369.2733648,540.467610836029,178.0,500.0,172.0
0,1764207369.3127544,545.1834349632263,178.0,503.0,172.0
0,1764207369.3470404,552.3525147438049,178.0,502.0,164.0
0,1764207369.3725412,554.7467260360718,178.0,493.0,181.0
0,1764207369.4082801,559.6320657730103,178.0,497.0,199.0
0,1764207369.437602,564.338198184967,178.0,509.0,209.0
0,1764207369.47212,569.2562966346741,178.0,524.0,200.0
0,1764207369.5020967,574.0841298103333,178.0,512.0,194.0
0,1764207369.5408704,581.2503128051758,178.0,510.0,192.0
0,1764207369.5675032,583.6946277618408,178.0,518.0,186.0
0,1764207369.5973332,588.4676365852356,178.0,543.0,170.0
0,1764207369.6326602,593.1870727539062,178.0,556.0,154.0
0,1764207369.6700704,600.4356174468994,178.0,560.0,149.0
0,1764207369.699802,605.2300124168396,178.0,557.0,148.0
0,1764207369.727905,607.6524047851562,178.0,582.0,156.0
0,1764207369.7671013,614.8014931678772,178.0,586.0,160.0
0,1764207369.8018248,619.6463136672974,178.0,582.0,161.0
0,1764207369.8319445,624.3486194610596,178.0,575.0,147.0
0,1764207369.8671565,629.2932538986206,178.0,559.0,148.0
0,1764207369.8968518,633.9420585632324,178.0,560.0,154.0
0,1764207369.9327383,638.7933163642883,178.0,574.0,168.0
0,1764207369.9672728,643.6033396720886,178.0,575.0,177.0
0,1764207370.0073478,650.8262424468994,178.0,584.0,183.0
0,1764207370.0392072,655.580726146698,178.0,583.0,182.0
0,1764207370.0626154,657.9522638320923,178.0,581.0,171.0
0,1764207370.1003416,665.2034192085266,178.0,576.0,166.0
0,1764207370.1325922,670.0259594917297,178.0,575.0,169.0
0,1764207370.1640174,674.7449307441711,178.0,585.0,173.0
0,1764207370.1974795,679.5801310539246,178.0,584.0,173.0
0,1764207370.2326684,684.3836812973022,178.0,588.0,186.0
0,1764207370.2669208,689.2696290016174,178.0,603.0,178.0
0,1764207370.310727,696.4345602989197,178.0,626.0,177.0
0,1764207370.3473155,701.2034206390381,178.0,624.0,188.0
0,1764207370.392219,708.4912686347961,178.0,635.0,193.0
0,1764207370.4318454,713.2134943008423,178.0,653.0,196.0
0,1764207370.4773352,720.4156188964844,178.0,666.0,196.0
0,1764207370.5025647,725.308075428009,178.0,656.0,186.0
0,1764207370.5381851,730.0029067993164,178.0,683.0,172.0
0,1764207370.5633535,734.7998051643372,178.0,717.0,159.0
0,1764207370.5969775,739.6697311401367,178.0,720.0,152.0
0,1764207370.6318946,744.3391351699829,178.0,706.0,155.0
0,1764207370.6678078,749.1425065994263,178.0,702.0,173.0
0,1764207370.7119503,756.359580039978,178.0,709.0,176.0
0,1764207370.7522929,761.2889080047607,178.0,714.0,169.0
0,1764207370.7775002,765.9416823387146,178.0,701.0,165.0
0,1764207370.8119848,770.873227596283,178.0,706.0,165.0
0,1764207370.8422365,775.6775288581848,178.0,715.0,164.0
0,1764207370.883101,782.7414302825928,178.0,711.0,160.0
0,1764207370.9230008,787.5632553100586,178.0,706.0,163.0
0,1764207370.947325,792.4007802009583,178.0,714.0,162.0
0,1764207370.987024,797.2502856254578,178.0,737.0,150.0
0,1764207371.022923,802.1348743438721,178.0,753.0,136.0
0,1764207371.0568151,809.2739133834839,178.0,754.0,151.0
0,1764207371.088048,811.6406588554382,178.0,760.0,165.0
0,1764207371.1276562,818.8963918685913,178.0,741.0,173.0
0,1764207371.1521108,821.182635307312,178.0,751.0,171.0
0,1764207371.1879518,828.4017114639282,178.0,761.0,169.0
0,1764207371.222425,833.1481485366821,178.0,769.0,179.0
0,1764207371.2574635,837.9363565444946,178.0,768.0,176.0
0,1764207371.2992048,845.1611189842224,178.0,782.0,171.0
0,1764207371.3478591,852.3784785270691,178.0,802.0,162.0
0,1764207371.3874104,857.1642904281616,178.0,824.0,157.0
0,1764207371.4218495,861.936619758606,178.0,805.0,155.0
0,1764207371.4619052,869.2621259689331,178.0,793.0,145.0
0,1764207371.5022953,874.339762210846,178.0,806.0,150.0
0,1764207371.5429115,881.2323956489563,178.0,813.0,159.0
0,1764207371.5675292,883.607795715332,178.0,797.0,153.0
0,1764207371.6041775,890.8664255142212,178.0,834.0,159.0
0,1764207371.63245,893.2673244476318,178.0,853.0,176.0
0,1764207371.6682646,900.4840760231018,178.0,865.0,185.0
0,1764207371.7012954,905.2071242332458,178.0,861.0,179.0
0,1764207371.7482564,912.4679713249207,178.0,865.0,177.0
0,1764207371.7932563,917.3007040023804,178.0,870.0,175.0
0,1764207371.8320413,924.4461803436279,178.0,889.0,170.0
0,1764207371.8611028,929.2466907501221,178.0,913.0,168.0
0,1764207371.8977559,933.9632658958435,178.0,918.0,159.0
0,1764207371.9275618,938.7417464256287,178.0,882.0,159.0
0,1764207371.9723792,945.9923295974731,178.0,879.0,168.0
0,1764207372.019764,953.2454161643982,178.0,882.0,172.0
0,1764207372.0574064,958.043888092041,178.0,906.0,173.0
0,1764207372.0918367,962.7952246665955,178.0,914.0,165.0
0,1764207372.1221347,967.5442008972168,178.0,905.0,152.0
0,1764207372.1526163,972.4482445716858,178.0,893.0,154.0
0,1764207372.1868014,977.1867423057556,178.0,898.0,161.0
0,1764207372.2170372,981.9386510848999,178.0,890.0,170.0
0,1764207372.263463,989.2386584281921,178.0,908.0,177.0
0,1764207372.3026423,993.9528017044067,178.0,921.0,172.0
0,1764207372.3323298,998.8931803703308,178.0,932.0,170.0
0,1764207372.3626611,1003.6597518920898,178.0,942.0,170.0
0,1764207372.397845,1008.3482174873352,178.0,936.0,153.0
0,1764207372.4329371,1013.1392149925232,178.0,935.0,130.0
0,1764207372.4703808,1020.6092386245728,178.0,967.0,147.0
0,1764207372.507009,1025.1665620803833,178.0,991.0,180.0
0,1764207372.5492408,1032.4841289520264,178.0,1003.0,192.0
0,1764207372.5819063,1037.2375040054321,178.0,999.0,184.0
0,1764207372.6224988,1042.0159487724304,178.0,1008.0,175.0
0,1764207372.6568918,1049.2854146957397,178.0,1019.0,168.0
0,1764207372.687634,1051.5880732536316,178.0,1006.0,160.0
0,1764207372.7169137,1056.41157913208,178.0,1022.0,159.0
0,1764207372.7525492,1061.1899881362915,178.0,1015.0,153.0
0,1764207372.7873833,1068.3739094734192,178.0,1019.0,176.0
0,1764207372.8192267,1073.1566815376282,178.0,1027.0,189.0
0,1764207372.8527963,1078.0128030776978,178.0,1038.0,191.0
0,1764207372.8839083,1082.851794242859,178.0,1046.0,181.0
0,1764207372.9226282,1087.6342086791992,178.0,1038.0,168.0
0,1764207372.9523454,1092.469051361084,178.0,1041.0,166.0
0,1764207372.9977465,1099.5945363044739,178.0,1055.0,162.0
0,1764207373.0326827,1104.5001893043518,178.0,1062.0,159.0
0,1764207373.056889,1109.284999847412,178.0,1052.0,164.0
0,1764207373.0877638,1111.5960984230042,178.0,1074.0,170.0
0,1764207373.1170268,1116.462769985199,178.0,1086.0,171.0
0,1764207373.1522286,1121.189537525177,178.0,1104.0,165.0
0,1764207373.187844,1128.4694819450378,178.0,1108.0,158.0
0,1764207373.226304,1133.1755785942078,178.0,1113.0,151.0
0,1764207373.2518306,1138.0290179252625,178.0,1098.0,168.0
0,1764207373.287443,1142.8526310920715,178.0,1097.0,179.0
0,1764207373.317116,1147.6772813796997,178.0,1109.0,187.0
0,1764207373.352132,1152.3995428085327,178.0,1110.0,174.0
0,1764207373.3870883,1157.2104601860046,178.0,1107.0,175.0
0,1764207373.4176972,1161.9533925056458,178.0,1113.0,181.0
0,1764207373.4519362,1166.7865900993347,178.0,1131.0,184.0
0,1764207373.4871886,1171.6277270317078,178.0,1153.0,179.0
0,1764207373.517155,1176.4135389328003,178.0,1168.0,187.0
0,1764207373.5615234,1184.010091304779,178.0,1196.0,186.0
0,1764207373.592313,1188.3347778320312,178.0,1189.0,189.0
0,1764207373.6326718,1193.185821056366,178.0,1198.0,175.0
0,1764207373.6722405,1200.3881244659424,178.0,1195.0,179.0
0,1764207373.7124228,1205.278757095337,178.0,1193.0,175.0
0,1764207373.7628677,1214.7329001426697,178.0,1202.0,191.0
0,1764207373.8069532,1219.5814757347107,178.0,1181.0,207.0
0,1764207373.836872,1224.388566493988,178.0,1206.0,190.0
0,1764207373.867659,1229.134753227234,178.0,1217.0,195.0
0,1764207373.902036,1233.9589385986328,178.0,1204.0,204.0
0,1764207373.9444857,1241.1634950637817,178.0,1207.0,205.0
0,1764207373.9722517,1245.981743812561,178.0,1193.0,204.0
0,1764207374.0077133,1250.7614402770996,178.0,1204.0,206.0
0,1764207374.037738,1255.5840163230896,178.0,1217.0,199.0
0,1764207374.0689192,1260.3469042778015,178.0,1229.0,200.0
0,1764207374.1020932,1265.2316002845764,178.0,1227.0,187.0
0,1764207374.1423588,1269.9955968856812,178.0,1219.0,174.0
0,1764207374.1802034,1277.2483615875244,178.0,1228.0,183.0
0,1764207374.2320216,1284.3754558563232,178.0,1249.0,189.0
0,1764207374.2669077,1289.1642718315125,178.0,1275.0,184.0
0,1764207374.3102055,1296.4631705284119,178.0,1272.0,184.0
0,1764207374.3476932,1301.2540607452393,178.0,1252.0,191.0
0,1764207374.3780215,1306.0292868614197,178.0,1245.0,173.0
0,1764207374.4074183,1310.739818096161,178.0,1291.0,150.0
0,1764207374.4373686,1315.6700043678284,178.0,1302.0,137.0
0,1764207374.4722393,1320.3998832702637,178.0,1291.0,130.0
0,1764207374.5079849,1325.2620129585266,178.0,1287.0,124.0
0,1764207374.5531108,1332.454481601715,178.0,1314.0,142.0
0,1764207374.593851,1337.2193722724915,178.0,1336.0,149.0
0,1764207374.6222687,1341.9363408088684,178.0,1313.0,141.0
0,1764207374.6572425,1349.3380217552185,178.0,1300.0,141.0
0,1764207374.6945655,1353.9862899780273,178.0,1309.0,148.0
0,1764207374.7327702,1358.7473182678223,178.0,1318.0,155.0
0,1764207374.767196,1363.6305480003357,178.0,1316.0,157.0
0,1764207374.8127518,1370.819583415985,178.0,1347.0,168.0
0,1764207374.8626442,1378.067126750946,178.0,1357.0,142.0
0,1764207374.8879855,1382.7709345817566,178.0,1359.0,113.0
0,1764207374.9268544,1387.6325993537903,178.0,1381.0,119.0
0,1764207374.9721746,1394.852605342865,178.0,1387.0,134.0
0,1764207374.9972644,1399.7246413230896,178.0,1365.0,152.0
0,1764207375.0221534,1402.0411758422852,178.0,1370.0,162.0
0,1764207375.0570073,1409.3027381896973,178.0,1386.0,173.0
0,1764207375.0925171,1413.9658479690552,178.0,1389.0,179.0
0,1764207375.1170986,1416.3675694465637,178.0,1405.0,195.0
0,1764207375.1678612,1423.6498742103577,178.0,1416.0,202.0
0,1764207375.212729,1430.788484096527,178.0,1431.0,211.0
0,1764207375.2376733,1435.6005101203918,178.0,1448.0,171.0
0,1764207375.268673,1440.4406814575195,178.0,1459.0,160.0
0,1764207375.3025277,1445.2804951667786,178.0,1445.0,161.0
0,1764207375.3331385,1450.064733505249,178.0,1450.0,176.0
0,1764207375.3677022,1454.7930030822754,178.0,1449.0,182.0
0,1764207375.3969605,1459.6670060157776,178.0,1458.0,190.0
0,1764207375.4288158,1465.0740175247192,178.0,1475.0,174.0
0,1764207375.4628215,1469.1754727363586,178.0,1478.0,162.0
0,1764207375.4956138,1474.0566997528076,178.0,1475.0,164.0
0,1764207375.5256033,1478.7351517677307,178.0,1473.0,179.0
0,1764207375.5619636,1483.6381225585938,178.0,1496.0,192.0
0,1764207375.5874763,1488.37175655365,178.0,1497.0,205.0
0,1764207375.6221797,1493.2891755104065,178.0,1487.0,207.0
0,1764207375.6670766,1500.354543209076,178.0,1477.0,201.0
0,1764207375.7070818,1505.1438956260681,178.0,1472.0,208.0
0,1764207375.73741,1510.0318460464478,178.0,1530.0,189.0
0,1764207375.784289,1517.2308235168457,178.0,1547.0,177.0
0,1764207375.806784,1519.6045784950256,178.0,1555.0,181.0
0,1764207375.8525205,1526.7269163131714,178.0,1562.0,176.0
0,1764207375.8965738,1534.0912609100342,178.0,1574.0,174.0
0,1764207375.942194,1541.161313533783,178.0,1577.0,173.0
0,1764207375.971892,1546.0648922920227,178.0,1569.0,180.0
0,1764207375.9967709,1548.340085029602,178.0,1563.0,198.0
0,1764207376.0276496,1553.1741409301758,178.0,1565.0,210.0
0,1764207376.0624757,1557.9692511558533,178.0,1567.0,206.0
0,1764207376.0941815,1562.7745895385742,178.0,1576.0,188.0
0,1764207376.1276746,1567.5257472991943,178.0,1571.0,176.0
0,1764207376.1574767,1572.3847298622131,178.0,1570.0,180.0
0,1764207376.1875818,1577.2510080337524,178.0,1571.0,180.0
0,1764207376.2222428,1582.0632843971252,178.0,1589.0,188.0
0,1764207376.25259,1586.9110016822815,178.0,1597.0,194.0
0,1764207376.2941806,1593.9265875816345,178.0,1594.0,196.0
0,1764207376.3394942,1601.1350421905518,178.0,1594.0,197.0
0,1764207376.362513,1603.552248954773,178.0,1605.0,194.0
0,1764207376.3921254,1608.3768277168274,178.0,1656.0,201.0
0,1764207376.4228258,1613.158884525299,178.0,1661.0,193.0
0,1764207376.4568703,1618.0277376174927,178.0,1653.0,201.0
0,1764207376.487162,1622.7437047958374,178.0,1654.0,199.0
0,1764207376.5221682,1627.58655834198,178.0,1662.0,192.0
0,1764207376.5577776,1632.3817400932312,178.0,1671.0,171.0
0,1764207376.5873518,1637.2191219329834,178.0,1684.0,176.0
0,1764207376.6319494,1644.471028327942,178.0,1689.0,172.0
0,1764207376.6718624,1649.1678981781006,178.0,1692.0,170.0
0,1764207376.7020233,1653.9915828704834,178.0,1714.0,163.0
0,1764207376.7321396,1658.852496623993,178.0,1696.0,170.0
0,1764207376.7625484,1663.5732917785645,178.0,1687.0,183.0
0,1764207376.7926216,1668.3631448745728,178.0,1693.0,185.0
0,1764207376.8273525,1673.2165842056274,178.0,1714.0,181.0
0,1764207376.8572292,1678.0300407409668,178.0,1716.0,196.0
0,1764207376.9023693,1685.1587085723877,178.0,1716.0,200.0
0,1764207376.9525237,1692.3826127052307,178.0,1719.0,201.0
0,1764207376.987265,1697.197142124176,178.0,1717.0,197.0
0,1764207377.0315197,1704.4437913894653,178.0,1717.0,190.0
0,1764207377.0674052,1709.1383724212646,178.0,1716.0,186.0
0,1764207377.095197,1713.9403133392334,178.0,1714.0,192.0
0,1764207377.1241274,1718.8691763877869,178.0,1701.0,198.0
0,1764207377.1575372,1723.5339670181274,178.0,1708.0,200.0
1,1764207377.2020388,1726.0076789855957,178.0,1693.0,193.0
1,1764207377.2369561,1726.0076789855957,178.0,1692.0,184.0
1,1764207377.2621667,1726.0076789855957,178.0,1680.0,173.0
1,1764207377.2877593,1726.0076789855957,178.0,1676.0,171.0
1,1764207377.337754,1726.0076789855957,178.0,1674.0,172.0
1,1764207377.372245,1726.0076789855957,178.0,1677.0,176.0
1,1764207377.3923125,1726.0076789855957,178.0,1692.0,183.0
1,1764207377.4227307,1726.0076789855957,178.0,1701.0,186.0
1,1764207377.4523706,1726.0076789855957,178.0,1706.0,190.0
1,1764207377.497844,1726.0076789855957,178.0,1707.0,196.0
1,1764207377.53218,1726.0076789855957,178.0,1705.0,206.0
1,1764207377.5571177,1726.0076789855957,178.0,1700.0,219.0
1,1764207377.5879905,1726.0076789855957,178.0,1704.0,223.0
1,1764207377.622606,1726.0076789855957,178.0,1717.0,249.0
1,1764207377.653167,1726.0076789855957,178.0,1601.0,737.0
1,1764207377.7017374,182.90390062332153,270.0,1478.0,655.0
1,1764207377.742327,187.74342823028564,270.0,1477.0,684.0
1,1764207377.7719386,192.48471546173096,270.0,1883.0,800.0
1,1764207377.8024342,197.35220956802368,270.0,455.0,211.0
1,1764207377.8502908,204.46220922470093,270.0,436.0,153.0
1,1764207377.886761,209.2096118927002,270.0,365.0,221.0
1,1764207377.9138784,214.06526851654053,270.0,361.0,255.0
1,1764207377.9469302,218.9052610397339,270.0,357.0,260.0
1,1764207377.9800138,223.66006660461426,270.0,340.0,245.0
1,1764207378.0126395,228.44373273849487,270.0,322.0,226.0
1,1764207378.0638762,235.73236751556396,270.0,310.0,219.0
1,1764207378.1067498,242.90209102630615,270.0,314.0,223.0
1,1764207378.1468499,247.75091695785522,270.0,220.0,258.0
1,1764207378.184398,254.841139793396,270.0,222.0,252.0
1,1764207378.2170477,259.73506259918213,270.0,234.0,244.0
1,1764207378.2487705,264.49466037750244,270.0,254.0,230.0
1,1764207378.2777195,266.8716697692871,270.0,274.0,217.0
1,1764207378.3069608,271.7468886375427,270.0,279.0,213.0
1,1764207378.3442688,278.8209824562073,270.0,284.0,213.0
1,1764207378.3723106,281.22320461273193,270.0,285.0,218.0
1,1764207378.4189205,288.519278049469,270.0,293.0,230.0
1,1764207378.473634,298.0212359428406,270.0,297.0,243.0
1,1764207378.4969296,300.4880814552307,270.0,318.0,259.0
1,1764207378.5275586,305.26759910583496,270.0,348.0,269.0
1,1764207378.5579925,310.14170932769775,270.0,364.0,268.0
1,1764207378.587213,314.8914723396301,270.0,366.0,266.0
1,1764207378.6225197,319.75517559051514,270.0,379.0,256.0
1,1764207378.6574051,324.45501375198364,270.0,380.0,252.0
1,1764207378.6878223,329.29343271255493,270.0,385.0,253.0
1,1764207378.7224166,334.15477561950684,270.0,383.0,250.0
1,1764207378.7576082,338.91480255126953,270.0,368.0,249.0
1,1764207378.7928734,346.0353879928589,270.0,367.0,258.0
1,1764207378.8257961,350.8541374206543,270.0,349.0,245.0
1,1764207378.861771,355.65421867370605,270.0,350.0,236.0
1,1764207378.8926141,360.5507164001465,270.0,350.0,229.0
1,1764207378.9277093,365.29618787765503,270.0,354.0,223.0
1,1764207378.954009,370.13178157806396,270.0,381.0,241.0
1,1764207378.985476,374.86630964279175,270.0,392.0,250.0
1,1764207379.0269923,379.74635648727417,270.0,398.0,246.0
1,1764207379.0575774,384.41082525253296,270.0,442.0,244.0
1,1764207379.091727,389.23286485671997,270.0,439.0,255.0
1,1764207379.132697,396.50064992904663,270.0,430.0,260.0
1,1764207379.1725166,401.3166813850403,270.0,431.0,266.0
1,1764207379.2220185,410.9460620880127,270.0,441.0,243.0
1,1764207379.2626486,415.7721071243286,270.0,437.0,214.0
1,1764207379.2888045,420.48253107070923,270.0,430.0,205.0
1,1764207379.3220792,425.3212718963623,270.0,429.0,230.0
1,1764207379.3483338,427.70428943634033,270.0,444.0,268.0
1,1764207379.3836124,434.8522334098816,270.0,454.0,260.0
1,1764207379.4136074,437.29569005966187,270.0,453.0,250.0
1,1764207379.442019,442.1284942626953,270.0,457.0,238.0
1,1764207379.4775498,446.9401626586914,270.0,463.0,239.0
1,1764207379.5074213,451.69911670684814,270.0,458.0,230.0
1,1764207379.5418282,458.9175133705139,270.0,452.0,226.0
1,1764207379.5724995,461.26566219329834,270.0,463.0,217.0
1,1764207379.609222,468.4763340950012,270.0,486.0,217.0
1,1764207379.6428382,473.3543782234192,270.0,514.0,225.0
1,1764207379.677087,478.0370502471924,270.0,551.0,234.0
1,1764207379.7218835,485.3055148124695,270.0,558.0,225.0
1,1764207379.770091,492.40045833587646,270.0,569.0,224.0
1,1764207379.7920802,494.83740615844727,270.0,565.0,211.0
1,1764207379.82269,499.6789722442627,270.0,561.0,221.0
1,1764207379.857234,504.47011280059814,270.0,519.0,239.0
1,1764207379.8919961,509.2663674354553,270.0,526.0,232.0
1,1764207379.9220335,514.1398696899414,270.0,546.0,215.0
1,1764207379.9571722,518.947675704956,270.0,548.0,219.0
1,1764207379.9920897,526.1419324874878,270.0,542.0,221.0
1,1764207380.0250816,530.868664264679,270.0,541.0,222.0
1,1764207380.0567737,535.6917409896851,270.0,548.0,229.0
1,1764207380.1052382,542.8046374320984,270.0,543.0,237.0
1,1764207380.1525788,550.063159942627,270.0,581.0,253.0
1,1764207380.1770651,552.4025111198425,270.0,619.0,244.0
1,1764207380.2069707,557.2038798332214,270.0,643.0,247.0
1,1764207380.2425313,562.1221213340759,270.0,654.0,252.0
1,1764207380.2877908,569.3296103477478,270.0,651.0,249.0
1,1764207380.3327546,576.3973026275635,270.0,638.0,243.0
1,1764207380.3673794,581.2849669456482,270.0,570.0,241.0
1,1764207380.3970098,586.0577969551086,270.0,574.0,247.0
1,1764207380.4274452,590.8578424453735,270.0,585.0,239.0
1,1764207380.4573026,595.5961971282959,270.0,587.0,222.0
1,1764207380.490092,600.558605670929,270.0,589.0,215.0
1,1764207380.5224626,605.3386240005493,270.0,600.0,225.0
1,1764207380.5578713,610.0885300636292,270.0,615.0,236.0
1,1764207380.5872726,614.8681907653809,270.0,633.0,239.0
1,1764207380.6219647,619.6252136230469,270.0,655.0,242.0
1,1764207380.6500027,624.4639902114868,270.0,668.0,241.0
1,1764207380.6826544,629.2369632720947,270.0,659.0,241.0
1,1764207380.7159784,634.0646176338196,270.0,649.0,252.0
1,1764207380.7419643,638.9379410743713,270.0,640.0,249.0
1,1764207380.7768192,643.6453251838684,270.0,647.0,239.0
1,1764207380.812204,648.554518699646,270.0,678.0,235.0
1,1764207380.8425245,653.2588272094727,270.0,708.0,233.0
1,1764207380.8890653,660.4950337409973,270.0,708.0,235.0
1,1764207380.9322097,665.3771905899048,270.0,672.0,232.0
1,1764207380.9616897,669.9990658760071,270.0,677.0,232.0
1,1764207380.9875681,674.9295382499695,270.0,696.0,233.0
1,1764207381.0222132,679.615035533905,270.0,696.0,239.0
1,1764207381.0569391,684.403386592865,270.0,694.0,251.0
1,1764207381.0868542,689.2147331237793,270.0,677.0,260.0
1,1764207381.1226535,694.0627722740173,270.0,665.0,251.0
1,1764207381.157172,698.8935022354126,270.0,656.0,233.0
1,1764207381.1984587,706.1213045120239,270.0,695.0,236.0
1,1764207381.2326615,710.9832196235657,270.0,718.0,237.0
1,1764207381.2567918,715.6956462860107,270.0,742.0,216.0
1,1764207381.2897365,720.4623966217041,270.0,752.0,210.0
1,1764207381.3272076,725.3221302032471,270.0,763.0,214.0
1,1764207381.3705986,732.5398473739624,270.0,775.0,220.0
1,1764207381.4192507,739.7275238037109,270.0,779.0,202.0
1,1764207381.4574015,744.4062261581421,270.0,776.0,215.0
1,1764207381.4982076,751.6679315567017,270.0,744.0,224.0
1,1764207381.536713,756.587281703949,270.0,758.0,211.0
1,1764207381.5779016,763.6101989746094,270.0,770.0,220.0
1,1764207381.6118228,768.3993368148804,270.0,775.0,235.0
1,1764207381.6476743,773.3409671783447,270.0,760.0,239.0
1,1764207381.6892898,780.5151610374451,270.0,801.0,247.0
1,1764207381.7172213,782.9226403236389,270.0,860.0,221.0
1,1764207381.757172,790.0904684066772,270.0,866.0,228.0
1,1764207381.791715,794.8209552764893,270.0,846.0,223.0
1,1764207381.8336773,802.0565538406372,270.0,857.0,205.0
1,1764207381.8680694,806.913140296936,270.0,861.0,184.0
1,1764207381.9022634,811.7404012680054,270.0,832.0,201.0
1,1764207381.9329145,816.5490655899048,270.0,829.0,234.0
1,1764207381.9616938,821.2613849639893,270.0,846.0,231.0
1,1764207381.9941885,826.0866074562073,270.0,855.0,223.0
1,1764207382.027829,830.9449462890625,270.0,864.0,212.0
1,1764207382.0629623,835.5938940048218,270.0,868.0,221.0
1,1764207382.0918856,840.4678611755371,270.0,852.0,251.0
1,1764207382.1218061,845.2609329223633,270.0,862.0,269.0
1,1764207382.1676464,852.4702100753784,270.0,888.0,276.0
1,1764207382.210382,857.3047308921814,270.0,899.0,267.0
1,1764207382.2350314,862.1352820396423,270.0,880.0,241.0
1,1764207382.2674358,866.9829635620117,270.0,883.0,244.0
1,1764207382.298334,871.6123490333557,270.0,895.0,252.0
1,1764207382.3300607,876.5215783119202,270.0,909.0,239.0
1,1764207382.3622267,881.3069968223572,270.0,913.0,221.0
1,1764207382.3930938,886.1349015235901,270.0,903.0,198.0
1,1764207382.4266684,890.9271864891052,270.0,903.0,186.0
1,1764207382.4670827,895.7169322967529,270.0,888.0,188.0
1,1764207382.5069382,902.822747707367,270.0,875.0,223.0
1,1764207382.5471709,907.7624468803406,270.0,858.0,222.0
1,1764207382.5827405,915.0543718338013,270.0,864.0,229.0
1,1764207382.6125367,917.2781019210815,270.0,922.0,294.0
1,1764207382.6526995,924.5520024299622,270.0,926.0,292.0
1,1764207382.6838505,929.1990904808044,270.0,935.0,266.0
1,1764207382.728555,936.4342241287231,270.0,941.0,259.0
1,1764207382.7671359,941.2307291030884,270.0,962.0,274.0
1,1764207382.7927325,946.0417537689209,270.0,982.0,272.0
1,1764207382.8243659,950.7952003479004,270.0,986.0,245.0
1,1764207382.8530924,953.2548575401306,270.0,992.0,224.0
1,1764207382.8896458,960.4520468711853,270.0,983.0,242.0
1,1764207382.9226549,965.3301267623901,270.0,978.0,254.0
1,1764207382.9687347,972.4673776626587,270.0,983.0,258.0
1,1764207383.0125363,977.3320465087891,270.0,999.0,222.0
1,1764207383.0423439,982.0978312492371,270.0,1001.0,212.0
1,1764207383.0876853,989.204469203949,270.0,997.0,240.0
1,1764207383.1293302,996.5618042945862,270.0,979.0,272.0
1,1764207383.1726909,1001.2304930686951,270.0,973.0,291.0
1,1764207383.2089887,1008.4719924926758,270.0,1059.0,285.0
1,1764207383.2371354,1010.8248977661133,270.0,1074.0,269.0
1,1764207383.266876,1015.6273393630981,270.0,1083.0,267.0
1,1764207383.3070698,1022.8951244354248,270.0,1094.0,275.0
1,1764207383.3555632,1030.2021055221558,270.0,1101.0,261.0
1,1764207383.3897007,1035.3498725891113,270.0,1079.0,259.0
1,1764207383.437533,1042.1332149505615,270.0,1086.0,263.0
1,1764207383.4670656,1046.8965320587158,270.0,1102.0,258.0
1,1764207383.4922051,1049.263349056244,270.0,1113.0,254.0
1,1764207383.5301578,1056.4336805343628,270.0,1108.0,262.0
1,1764207383.567913,1061.3333611488342,270.0,1064.0,258.0
1,1764207383.612438,1068.4362440109253,270.0,1065.0,239.0
1,1764207383.6521077,1073.3015565872192,270.0,1048.0,243.0
1,1764207383.697632,1080.5427341461182,270.0,1038.0,256.0
1,1764207383.7277634,1085.2304129600525,270.0,1089.0,251.0
1,1764207383.7697423,1092.4740223884583,270.0,1123.0,249.0
1,1764207383.812226,1097.2644476890564,270.0,1142.0,260.0
1,1764207383.8377485,1102.1191029548645,270.0,1172.0,233.0
1,1764207383.861966,1106.9381742477417,270.0,1166.0,229.0
1,1764207383.8973045,1111.7465524673462,270.0,1157.0,249.0
1,1764207383.9282267,1116.4169578552246,270.0,1157.0,263.0
1,1764207383.9577098,1118.8613801002502,270.0,1162.0,257.0
1,1764207383.9923909,1126.0233430862427,270.0,1133.0,255.0
1,1764207384.0218117,1130.9150485992432,270.0,1114.0,254.0
1,1764207384.0524302,1133.303716659546,270.0,1132.0,253.0
1,1764207384.0904512,1140.5487208366394,270.0,1150.0,262.0
1,1764207384.1223116,1145.3316359519958,270.0,1148.0,265.0
1,1764207384.157902,1150.15017080307,270.0,1136.0,268.0
1,1764207384.1918356,1154.7898201942444,270.0,1127.0,280.0
1,1764207384.2347143,1162.057855606079,270.0,1135.0,303.0
1,1764207384.2669497,1167.1474723815918,270.0,1151.0,299.0
1,1764207384.3067572,1171.6387777328491,270.0,1187.0,289.0
1,1764207384.3663616,1181.3137917518616,270.0,1195.0,284.0
1,1764207384.3967812,1186.3232998847961,270.0,1211.0,270.0
1,1764207384.4254491,1190.798011302948,270.0,1245.0,229.0
1,1764207384.4672673,1195.6707983016968,270.0,1252.0,213.0
1,1764207384.4916718,1200.4184155464172,270.0,1255.0,223.0
1,1764207384.5267496,1205.2639155387878,270.0,1254.0,243.0
1,1764207384.562529,1209.9998383522034,270.0,1260.0,247.0
1,1764207384.5924726,1214.931025981903,270.0,1275.0,247.0
1,1764207384.6278422,1219.6085481643677,270.0,1286.0,245.0
1,1764207384.6677363,1226.856770992279,270.0,1282.0,247.0
1,1764207384.707396,1231.6028146743774,270.0,1278.0,259.0
1,1764207384.7584164,1238.8390927314758,270.0,1282.0,290.0
1,1764207384.7951188,1246.1373119354248,270.0,1292.0,319.0
1,1764207384.8268788,1250.89057970047,270.0,1275.0,302.0
1,1764207384.8526697,1253.2418041229248,270.0,1274.0,266.0
1,1764207384.882559,1258.1988124847412,270.0,1270.0,259.0
1,1764207384.9168656,1262.9326252937317,270.0,1291.0,253.0
1,1764207384.9477768,1267.661431312561,270.0,1301.0,259.0
1,1764207384.982013,1274.9452381134033,270.0,1283.0,259.0
1,1764207385.017426,1279.5875697135925,270.0,1266.0,272.0
1,1764207385.0573037,1284.4541697502136,270.0,1283.0,272.0
1,1764207385.1017966,1291.7829661369324,270.0,1301.0,273.0
1,1764207385.1298044,1296.4585571289062,270.0,1323.0,280.0
1,1764207385.1569545,1298.8248734474182,270.0,1318.0,264.0
1,1764207385.1875956,1303.7352113723755,270.0,1309.0,242.0
1,1764207385.2177308,1308.4688453674316,270.0,1305.0,244.0
1,1764207385.2526965,1313.3229999542236,270.0,1292.0,247.0
1,1764207385.2775137,1318.0255918502808,270.0,1302.0,241.0
1,1764207385.3223488,1325.3510265350342,270.0,1308.0,238.0
1,1764207385.3625708,1330.033269405365,270.0,1355.0,247.0
1,1764207385.3873503,1334.8141102790833,270.0,1342.0,243.0
1,1764207385.4204884,1339.642301082611,270.0,1334.0,234.0
1,1764207385.452283,1344.5525674819946,270.0,1330.0,244.0
1,1764207385.4819682,1349.2923169136047,270.0,1328.0,246.0
1,1764207385.512388,1354.0395050048828,270.0,1337.0,259.0
1,1764207385.557905,1358.8515310287476,270.0,1337.0,262.0
1,1764207385.5973768,1366.1290078163147,270.0,1355.0,268.0
1,1764207385.6243768,1370.8246974945068,270.0,1366.0,262.0
1,1764207385.6526506,1373.3583478927612,270.0,1354.0,266.0
1,1764207385.6827354,1378.0943422317505,270.0,1367.0,281.0
1,1764207385.7228377,1385.3131322860718,270.0,1377.0,300.0
1,1764207385.753234,1390.005603313446,270.0,1395.0,301.0
1,1764207385.7921023,1394.7956709861755,270.0,1410.0,282.0
1,1764207385.8276315,1399.6305494308472,270.0,1421.0,256.0
1,1764207385.87202,1406.804349899292,270.0,1435.0,251.0
1,1764207385.9026968,1411.6629390716553,270.0,1474.0,259.0
1,1764207385.937404,1416.4528279304504,270.0,1474.0,257.0
1,1764207385.972485,1421.3221817016602,270.0,1463.0,256.0
1,1764207386.0025923,1426.0991959571838,270.0,1459.0,255.0
1,1764207386.036924,1430.9217720031738,270.0,1456.0,253.0
1,1764207386.0675526,1435.6293349266052,270.0,1456.0,248.0
1,1764207386.1017761,1442.9097084999084,270.0,1459.0,242.0
1,1764207386.1370878,1447.6776032447815,270.0,1480.0,250.0
1,1764207386.1710968,1452.5151996612549,270.0,1487.0,266.0
1,1764207386.2126203,1457.300081729889,270.0,1487.0,283.0
1,1764207386.2422564,1462.127950668335,270.0,1510.0,162.0
1,1764207386.2771857,1466.8725280761719,270.0,1533.0,247.0
1,1764207386.3074207,1471.6041951179504,270.0,1464.0,171.0
1,1764207386.3567495,1478.827956199646,270.0,1454.0,156.0
1,1764207386.3966753,1486.002507686615,270.0,1466.0,232.0
1,1764207386.4316854,1490.8328442573547,270.0,1477.0,263.0
1,1764207386.4672866,1495.5957322120667,270.0,1496.0,258.0
1,1764207386.4976137,1500.4538922309875,270.0,1501.0,256.0
1,1764207386.5268848,1505.215600013733,270.0,1491.0,260.0
1,1764207386.5573657,1510.0771932601929,270.0,1484.0,262.0
1,1764207386.5896978,1514.9293808937073,270.0,1492.0,255.0
1,1764207386.6331806,1522.1269636154175,270.0,1505.0,235.0
1,1764207386.6672437,1526.927080631256,270.0,1519.0,233.0
1,1764207386.7135272,1534.0266375541687,270.0,1571.0,237.0
1,1764207386.7471075,1538.8732461929321,270.0,1574.0,226.0
1,1764207386.777524,1543.7999634742737,270.0,1561.0,225.0
1,1764207386.8263483,1550.805893421173,270.0,1575.0,241.0
1,1764207386.8753452,1558.131435394287,270.0,1575.0,258.0
1,1764207386.9016542,1562.891426563263,270.0,1598.0,262.0
1,1764207386.9419289,1567.5846486091614,270.0,1605.0,254.0
1,1764207386.9885454,1574.9382643699646,270.0,1595.0,232.0
1,1764207387.0267434,1579.6735076904297,270.0,1582.0,232.0
1,1764207387.0518875,1584.415295600891,270.0,1591.0,233.0
1,1764207387.0877428,1589.2104415893555,270.0,1588.0,237.0
1,1764207387.1190772,1594.0706043243408,270.0,1586.0,222.0
1,1764207387.151978,1598.9308385849,270.0,1583.0,213.0
1,1764207387.1822424,1603.583040714264,270.0,1590.0,200.0
1,1764207387.2271776,1610.803189754486,270.0,1591.0,216.0
1,1764207387.276078,1618.3303980827332,270.0,1584.0,215.0
1,1764207387.3067534,1622.8700189590454,270.0,1592.0,213.0
1,1764207387.3469584,1627.7212052345276,270.0,1614.0,209.0
1,1764207387.3821485,1634.9655656814575,270.0,1646.0,212.0
1,1764207387.423675,1639.6371870040894,270.0,1717.0,244.0
1,1764207387.4572847,1644.429042816162,270.0,1717.0,275.0
1,1764207387.4926162,1649.2018370628357,270.0,1734.0,284.0
1,1764207387.5284712,1656.44580411911,270.0,1723.0,298.0
1,1764207387.5574172,1658.8332204818726,270.0,1702.0,296.0
1,1764207387.586659,1663.6792569160461,270.0,1710.0,267.0
1,1764207387.6191447,1668.46049118042,270.0,1719.0,242.0
1,1764207387.652432,1673.22362947464,270.0,1737.0,245.0
1,1764207387.6829603,1678.0590443611145,270.0,1748.0,252.0
1,1764207387.7125926,1682.9169182777405,270.0,1745.0,261.0
1,1764207387.7476468,1687.680449962616,270.0,1736.0,265.0
1,1764207387.784123,1694.8684124946594,270.0,1722.0,257.0
1,1764207387.8233268,1699.6439604759216,270.0,1716.0,252.0
1,1764207387.8495848,1704.4681458473206,270.0,1717.0,258.0
1,1764207387.8822544,1709.3362836837769,270.0,1721.0,259.0
1,1764207387.922615,1714.0981345176697,270.0,1721.0,257.0
1,1764207387.967672,1721.1886076927185,270.0,1722.0,248.0
2,1764207387.997413,1726.020875453949,270.0,1704.0,253.0
2,1764207388.0416994,1726.020875453949,270.0,1701.0,258.0
2,1764207388.0875716,1726.020875453949,270.0,1722.0,260.0
2,1764207388.1221297,1726.020875453949,270.0,1739.0,254.0
2,1764207388.1516368,1726.020875453949,270.0,1736.0,257.0
2,1764207388.1866465,1726.020875453949,270.0,1743.0,258.0
2,1764207388.2122245,1726.020875453949,270.0,1748.0,258.0
2,1764207388.2475643,1726.020875453949,270.0,1744.0,261.0
2,1764207388.2770252,1726.020875453949,270.0,1750.0,264.0
2,1764207388.3125162,1726.020875453949,270.0,1747.0,256.0
2,1764207388.3573635,1726.020875453949,270.0,1730.0,248.0
2,1764207388.3924274,1726.020875453949,270.0,1717.0,248.0
2,1764207388.4171708,1726.020875453949,270.0,1519.0,319.0
2,1764207388.4474676,1726.020875453949,270.0,1456.0,691.0
2,1764207388.4774039,1726.020875453949,270.0,1575.0,801.0
2,1764207388.5117366,180.48390436172485,363.0,1646.0,600.0
2,1764207388.554111,185.28484392166138,363.0,1618.0,531.0
2,1764207388.5967236,192.47985172271729,363.0,477.0,-1.0
2,1764207388.6232088,197.28808689117432,363.0,422.0,188.0
2,1764207388.6538422,202.19724464416504,363.0,357.0,292.0
2,1764207388.6823342,206.93595695495605,363.0,350.0,310.0
2,1764207388.7271109,211.66522789001465,363.0,340.0,324.0
2,1764207388.7772214,218.93279838562012,363.0,338.0,332.0
2,1764207388.807729,223.6375002861023,363.0,336.0,319.0
2,1764207388.841972,230.88164615631104,363.0,336.0,319.0
2,1764207388.8718088,233.22392988204956,363.0,321.0,310.0
2,1764207388.9024603,238.01768112182617,363.0,322.0,298.0
2,1764207388.9324527,242.9998664855957,363.0,253.0,302.0
2,1764207388.966975,247.67313289642334,363.0,267.0,293.0
2,1764207389.0012875,252.4928479194641,363.0,270.0,293.0
2,1764207389.032485,257.2927145957947,363.0,273.0,285.0
2,1764207389.071362,264.45997047424316,363.0,265.0,268.0
2,1764207389.112497,269.28483533859253,363.0,270.0,272.0
2,1764207389.1549697,276.4295964241028,363.0,264.0,293.0
2,1764207389.186823,281.3253073692322,363.0,255.0,292.0
2,1764207389.2176404,286.1485986709595,363.0,253.0,284.0
2,1764207389.2627614,293.252161026001,363.0,271.0,286.0
2,1764207389.3111284,300.46901988983154,363.0,272.0,275.0
2,1764207389.331854,302.83766078948975,363.0,299.0,277.0
2,1764207389.3671865,307.646897315979,363.0,331.0,286.0
2,1764207389.4073434,314.8641495704651,363.0,357.0,297.0
2,1764207389.4533405,322.0880537033081,363.0,360.0,317.0
2,1764207389.49255,326.8008737564087,363.0,379.0,356.0
2,1764207389.5178673,331.64859104156494,363.0,364.0,322.0
2,1764207389.548838,336.441698551178,363.0,360.0,305.0
2,1764207389.5866907,341.25515508651733,363.0,349.0,307.0
2,1764207389.622278,346.139386177063,363.0,331.0,316.0
2,1764207389.6577468,350.9290962219238,363.0,335.0,325.0
2,1764207389.68757,355.629292011261,363.0,346.0,336.0
2,1764207389.7167344,360.43194818496704,363.0,357.0,322.0
2,1764207389.7573583,367.6949768066406,363.0,369.0,315.0
2,1764207389.7915146,372.4722056388855,363.0,390.0,330.0
2,1764207389.817031,374.97978496551514,363.0,412.0,338.0
2,1764207389.85686,382.14249897003174,363.0,391.0,320.0
2,1764207389.8875628,386.8122248649597,363.0,408.0,308.0
2,1764207389.9228504,391.75482082366943,363.0,426.0,317.0
2,1764207389.9617965,398.8553075790405,363.0,434.0,336.0
2,1764207390.0018141,403.7417917251587,363.0,429.0,348.0
2,1764207390.028855,408.44055700302124,363.0,445.0,351.0
2,1764207390.0567179,411.0177307128906,363.0,455.0,341.0
2,1764207390.0866587,415.62558698654175,363.0,455.0,327.0
2,1764207390.1274364,422.89279985427856,363.0,468.0,318.0
2,1764207390.15992,427.68143701553345,363.0,472.0,328.0
2,1764207390.196973,432.43692207336426,363.0,486.0,344.0
2,1764207390.2406902,439.7671489715576,363.0,482.0,326.0
2,1764207390.2778876,444.4470314979553,363.0,486.0,313.0
2,1764207390.317865,451.7549424171448,363.0,508.0,312.0
2,1764207390.3567743,456.521192073822,363.0,496.0,322.0
2,1764207390.3866918,461.2470655441284,363.0,472.0,317.0
2,1764207390.4127066,466.0087733268738,363.0,493.0,304.0
2,1764207390.4469748,470.8682565689087,363.0,505.0,293.0
2,1764207390.4819725,475.6667284965515,363.0,497.0,300.0
2,1764207390.5122497,480.44399309158325,363.0,500.0,294.0
2,1764207390.5590138,487.60774421691895,363.0,522.0,281.0
2,1764207390.5915809,492.5150065422058,363.0,528.0,271.0
2,1764207390.623009,497.34845447540283,363.0,530.0,280.0
2,1764207390.66181,502.0272641181946,363.0,521.0,286.0
2,1764207390.6919417,506.875732421875,363.0,539.0,301.0
2,1764207390.7274318,511.68968963623047,363.0,534.0,322.0
2,1764207390.7575476,516.5209560394287,363.0,520.0,329.0
2,1764207390.7924745,521.3282256126404,363.0,512.0,327.0
2,1764207390.8296258,528.4060745239258,363.0,529.0,306.0
2,1764207390.857158,530.9531717300415,363.0,555.0,300.0
2,1764207390.8933766,538.1288676261902,363.0,574.0,302.0
2,1764207390.9270275,542.8654699325562,363.0,579.0,316.0
2,1764207390.9618783,547.7565674781799,363.0,580.0,318.0
2,1764207390.9969332,552.5936632156372,363.0,575.0,322.0
2,1764207391.0324264,557.2845606803894,363.0,567.0,300.0
2,1764207391.0773778,564.5234136581421,363.0,552.0,280.0
2,1764207391.1117148,569.2493944168091,363.0,553.0,282.0
2,1764207391.1368227,574.0872054100037,363.0,571.0,294.0
2,1764207391.1822221,581.3208012580872,363.0,589.0,305.0
2,1764207391.223264,586.0423474311829,363.0,590.0,308.0
2,1764207391.251727,590.8719329833984,363.0,599.0,307.0
2,1764207391.295706,598.2519059181213,363.0,608.0,293.0
2,1764207391.3317096,602.8536825180054,363.0,620.0,278.0
2,1764207391.3745275,610.1497917175293,363.0,616.0,290.0
2,1764207391.412309,614.8961572647095,363.0,618.0,283.0
2,1764207391.4420938,619.7885065078735,363.0,644.0,277.0
2,1764207391.4765563,624.53240442276,363.0,637.0,280.0
2,1764207391.5121505,629.2308120727539,363.0,625.0,280.0
2,1764207391.5422652,634.1107873916626,363.0,628.0,288.0
2,1764207391.5731795,638.799252986908,363.0,633.0,298.0
2,1764207391.601595,643.6725406646729,363.0,653.0,297.0
2,1764207391.6402128,648.5477952957153,363.0,640.0,292.0
2,1764207391.6716633,653.3138303756714,363.0,625.0,286.0
2,1764207391.7023947,658.1045775413513,363.0,627.0,291.0
2,1764207391.7322838,662.8475813865662,363.0,650.0,303.0
2,1764207391.767451,667.5994544029236,363.0,674.0,314.0
2,1764207391.8074245,674.8669891357422,363.0,682.0,318.0
2,1764207391.8415728,679.699435710907,363.0,687.0,313.0
2,1764207391.8726306,684.4756631851196,363.0,694.0,288.0
2,1764207391.9022117,689.2869381904602,363.0,706.0,279.0
2,1764207391.950312,696.5330152511597,363.0,706.0,285.0
2,1764207391.988754,701.2530951499939,363.0,704.0,287.0
2,1764207392.0166283,706.0503153800964,363.0,682.0,309.0
2,1764207392.0423605,710.9399108886719,363.0,684.0,297.0
2,1764207392.0867536,715.7176403999329,363.0,706.0,279.0
2,1764207392.121564,722.8204159736633,363.0,718.0,269.0
2,1764207392.152339,725.3268866539001,363.0,738.0,277.0
2,1764207392.1816125,730.0071983337402,363.0,729.0,292.0
2,1764207392.2121756,734.9109916687012,363.0,724.0,301.0
2,1764207392.2472734,739.7302775382996,363.0,725.0,303.0
2,1764207392.2773204,744.4607644081116,363.0,739.0,307.0
2,1764207392.3069468,749.3420987129211,363.0,746.0,287.0
2,1764207392.351342,756.464150428772,363.0,746.0,296.0
2,1764207392.378884,758.8728814125061,363.0,753.0,320.0
2,1764207392.4224458,766.0299806594849,363.0,758.0,320.0
2,1764207392.4572306,770.9170727729797,363.0,771.0,283.0
2,1764207392.4972944,778.1065731048584,363.0,790.0,273.0
2,1764207392.532338,782.8039436340332,363.0,792.0,282.0
2,1764207392.561869,787.7070217132568,363.0,782.0,281.0
2,1764207392.59712,792.4880771636963,363.0,772.0,285.0
2,1764207392.6266618,797.3396925926208,363.0,779.0,299.0
2,1764207392.656966,802.1171360015869,363.0,793.0,313.0
2,1764207392.6928308,806.8853883743286,363.0,807.0,311.0
2,1764207392.722536,811.7127566337585,363.0,831.0,314.0
2,1764207392.757395,816.4442090988159,363.0,844.0,319.0
2,1764207392.7865906,821.2467579841614,363.0,845.0,317.0
2,1764207392.8173547,826.0868935585022,363.0,820.0,322.0
2,1764207392.8515909,830.8268933296204,363.0,831.0,323.0
2,1764207392.8821957,835.6675295829773,363.0,852.0,310.0
2,1764207392.9178178,840.3974084854126,363.0,837.0,298.0
2,1764207392.9524975,845.2479867935181,363.0,823.0,292.0
2,1764207392.9898202,852.4605541229248,363.0,829.0,307.0
2,1764207393.017571,854.9405603408813,363.0,829.0,328.0
2,1764207393.0471132,859.6392183303833,363.0,829.0,328.0
2,1764207393.0823,866.9308214187622,363.0,831.0,307.0
2,1764207393.1222534,871.6173558235168,363.0,843.0,281.0
2,1764207393.1581273,876.5788702964783,363.0,890.0,287.0
2,1764207393.1821868,881.2512426376343,363.0,895.0,290.0
2,1764207393.216963,886.0726027488708,363.0,886.0,280.0
2,1764207393.2516534,890.9216074943542,363.0,891.0,279.0
2,1764207393.2868385,895.6290273666382,363.0,893.0,310.0
2,1764207393.3273628,902.947988986969,363.0,908.0,323.0
2,1764207393.36727,907.617965221405,363.0,930.0,315.0
2,1764207393.406133,914.7997050285339,363.0,935.0,312.0
2,1764207393.4465475,919.6564345359802,363.0,933.0,324.0
2,1764207393.4777765,924.5133786201477,363.0,945.0,313.0
2,1764207393.5190623,931.6304235458374,363.0,945.0,293.0
2,1764207393.5588176,936.4342241287231,363.0,953.0,302.0
2,1764207393.591742,941.3352279663086,363.0,942.0,304.0
2,1764207393.6316197,948.5441117286682,363.0,943.0,296.0
2,1764207393.6573186,950.9218363761902,363.0,924.0,305.0
2,1764207393.6954308,958.2516341209412,363.0,930.0,321.0
2,1764207393.721632,962.830629825592,363.0,948.0,332.0
2,1764207393.7567978,967.6280646324158,363.0,977.0,333.0
2,1764207393.793393,972.4263219833374,363.0,997.0,330.0
2,1764207393.8168557,974.9439506530762,363.0,997.0,328.0
2,1764207393.8529012,982.04132604599,363.0,980.0,334.0
2,1764207393.8850422,986.811616897583,363.0,971.0,332.0
2,1764207393.9218316,991.5956406593323,363.0,988.0,323.0
2,1764207393.94959,996.4085607528687,363.0,1012.0,321.0
2,1764207393.9983356,1003.6616830825806,363.0,1017.0,316.0
2,1764207394.0372097,1008.4042935371399,363.0,1001.0,306.0
2,1764207394.0630507,1013.321569442749,363.0,1000.0,323.0
2,1764207394.0978332,1018.1174306869507,363.0,1008.0,325.0
2,1764207394.1274095,1022.8651909828186,363.0,1022.0,309.0
2,1764207394.1669793,1027.6182799339294,363.0,1044.0,303.0
2,1764207394.2019265,1034.8747997283936,363.0,1053.0,311.0
2,1764207394.2322867,1037.2001676559448,363.0,1045.0,332.0
2,1764207394.2690294,1044.4279699325562,363.0,1040.0,338.0
2,1764207394.3065848,1049.2180376052856,363.0,1034.0,323.0
2,1764207394.3366196,1054.0101795196533,363.0,1042.0,318.0
2,1764207394.3672364,1058.8858633041382,363.0,1057.0,321.0
2,1764207394.4024904,1063.7531785964966,363.0,1083.0,304.0
2,1764207394.447716,1070.9158210754395,363.0,1097.0,283.0
2,1764207394.4872613,1075.609829902649,363.0,1102.0,274.0
2,1764207394.5172186,1080.4184942245483,363.0,1094.0,294.0
2,1764207394.5524902,1085.2918891906738,363.0,1094.0,316.0
2,1764207394.602432,1094.9506311416626,363.0,1089.0,328.0
2,1764207394.644071,1099.7081189155579,363.0,1082.0,304.0
2,1764207394.6859508,1106.8002371788025,363.0,1084.0,303.0
2,1764207394.7169828,1111.6556792259216,363.0,1112.0,316.0
2,1764207394.7444,1114.0015392303467,363.0,1147.0,311.0
2,1764207394.7769294,1118.8474326133728,363.0,1144.0,305.0
2,1764207394.8072383,1123.6730484962463,363.0,1152.0,304.0
2,1764207394.8365166,1128.4753112792969,363.0,1161.0,293.0
2,1764207394.8718886,1133.297350883484,363.0,1172.0,305.0
2,1764207394.9090035,1140.4366402626038,363.0,1137.0,315.0
2,1764207394.9366221,1142.8481249809265,363.0,1123.0,315.0
2,1764207394.976448,1150.037947177887,363.0,1137.0,319.0
2,1764207395.001589,1154.8241882324219,363.0,1145.0,325.0
2,1764207395.0387874,1159.7572712898254,363.0,1151.0,326.0
2,1764207395.0723119,1164.430823802948,363.0,1144.0,319.0
2,1764207395.1026165,1169.2304401397705,363.0,1156.0,307.0
2,1764207395.1368341,1174.13698720932,363.0,1143.0,295.0
2,1764207395.167731,1178.9398221969604,363.0,1130.0,283.0
2,1764207395.2021663,1183.625069141388,363.0,1140.0,287.0
2,1764207395.2483978,1191.0713820457458,363.0,1155.0,290.0
2,1764207395.2929182,1198.0661540031433,363.0,1174.0,295.0
2,1764207395.32801,1202.8459219932556,363.0,1167.0,302.0
2,1764207395.3526378,1205.2417783737183,363.0,1157.0,305.0
2,1764207395.3977857,1212.524154663086,363.0,1176.0,311.0
2,1764207395.44229,1219.660189628601,363.0,1184.0,301.0
2,1764207395.4690661,1224.4295864105225,363.0,1202.0,300.0
2,1764207395.4933996,1226.82390499115,363.0,1166.0,296.0
2,1764207395.5328403,1234.0413718223572,363.0,1165.0,287.0
2,1764207395.5588324,1236.4438800811768,363.0,1197.0,306.0
2,1764207395.592455,1241.3163809776306,363.0,1225.0,310.0
2,1764207395.6219165,1246.0577754974365,363.0,1243.0,310.0
2,1764207395.6572137,1250.830891609192,363.0,1225.0,295.0
2,1764207395.6976027,1258.042815208435,363.0,1201.0,292.0
2,1764207395.736665,1262.8034501075745,363.0,1209.0,307.0
2,1764207395.782168,1270.0616149902344,363.0,1230.0,330.0
2,1764207395.8172812,1274.9303607940674,363.0,1228.0,324.0
2,1764207395.8472042,1279.6656398773193,363.0,1224.0,300.0
2,1764207395.8819168,1286.8733434677124,363.0,1236.0,302.0
2,1764207395.9124074,1289.252748966217,363.0,1225.0,313.0
2,1764207395.951741,1296.476402759552,363.0,1230.0,315.0
2,1764207395.9774542,1298.856523513794,363.0,1245.0,310.0
2,1764207396.0076249,1303.7081747055054,363.0,1262.0,308.0
2,1764207396.0477738,1310.8070163726807,363.0,1265.0,313.0
2,1764207396.072453,1313.2732181549072,363.0,1266.0,324.0
2,1764207396.1129286,1320.3931956291199,363.0,1275.0,322.0
2,1764207396.136954,1322.8635458946228,363.0,1301.0,296.0
2,1764207396.1737835,1330.0723581314087,363.0,1326.0,295.0
2,1764207396.2019613,1334.8800210952759,363.0,1314.0,313.0
2,1764207396.232272,1337.3339204788208,363.0,1305.0,309.0
2,1764207396.2618783,1342.0596151351929,363.0,1318.0,298.0
2,1764207396.2965584,1346.9050793647766,363.0,1319.0,291.0
2,1764207396.3273342,1351.729693889618,363.0,1331.0,293.0
2,1764207396.3615282,1358.815052986145,363.0,1331.0,295.0
2,1764207396.391978,1361.2350134849548,363.0,1329.0,292.0
2,1764207396.422361,1365.9862427711487,363.0,1325.0,292.0
2,1764207396.4576497,1370.8053140640259,363.0,1334.0,289.0
2,1764207396.4875212,1375.595202922821,363.0,1349.0,281.0
2,1764207396.5325196,1382.849648475647,363.0,1360.0,281.0
2,1764207396.5743248,1390.092936038971,363.0,1357.0,277.0
2,1764207396.59767,1392.5517349243164,363.0,1365.0,283.0
2,1764207396.632257,1397.2838311195374,363.0,1363.0,284.0
2,1764207396.662487,1402.0442156791687,363.0,1366.0,278.0
2,1764207396.6992674,1406.81840467453,363.0,1392.0,286.0
2,1764207396.7346966,1414.08980178833,363.0,1417.0,287.0
2,1764207396.7674112,1418.8616662025452,363.0,1404.0,280.0
2,1764207396.8020406,1423.7080960273743,363.0,1381.0,275.0
2,1764207396.8439977,1431.185486793518,363.0,1374.0,289.0
2,1764207396.8872004,1435.6010823249817,363.0,1381.0,337.0
2,1764207396.9289153,1442.8305654525757,363.0,1393.0,334.0
2,1764207396.9570918,1447.6685552597046,363.0,1408.0,323.0
2,1764207396.98923,1452.4219303131104,363.0,1424.0,340.0
2,1764207397.0389032,1459.7423224449158,363.0,1440.0,351.0
2,1764207397.0767717,1464.3963842391968,363.0,1438.0,339.0
2,1764207397.101705,1469.2111639976501,363.0,1438.0,325.0
2,1764207397.137173,1474.0660338401794,363.0,1441.0,342.0
2,1764207397.1815097,1481.1973838806152,363.0,1444.0,348.0
2,1764207397.2171001,1486.1344366073608,363.0,1441.0,331.0
2,1764207397.2468805,1490.8382444381714,363.0,1436.0,331.0
2,1764207397.2804327,1495.6692247390747,363.0,1447.0,344.0
2,1764207397.313566,1500.434687614441,363.0,1490.0,340.0
2,1764207397.3417304,1505.2059082984924,363.0,1504.0,318.0
2,1764207397.3732805,1510.1109175682068,363.0,1524.0,313.0
2,1764207397.4022582,1514.9245529174805,363.0,1529.0,334.0
2,1764207397.431931,1517.3369317054749,363.0,1504.0,334.0
2,1764207397.4619572,1522.0746068954468,363.0,1489.0,323.0
2,1764207397.497131,1526.8841652870178,363.0,1503.0,321.0
2,1764207397.526746,1531.605031967163,363.0,1528.0,326.0
2,1764207397.5616834,1538.8383417129517,363.0,1541.0,316.0
2,1764207397.5919669,1541.33726644516,363.0,1519.0,311.0
2,1764207397.6307602,1548.3922271728516,363.0,1507.0,314.0
2,1764207397.6620762,1553.2655863761902,363.0,1517.0,325.0
2,1764207397.6942616,1558.1265358924866,363.0,1539.0,335.0
2,1764207397.7270792,1562.9245071411133,363.0,1554.0,334.0
2,1764207397.7622797,1567.6785616874695,363.0,1542.0,343.0
2,1764207397.8074102,1574.8448519706726,363.0,1552.0,357.0
2,1764207397.84687,1579.6838431358337,363.0,1553.0,371.0
2,1764207397.882552,1586.9686155319214,363.0,1582.0,361.0
2,1764207397.9184291,1591.601005077362,363.0,1581.0,364.0
2,1764207397.9649413,1598.7985162734985,363.0,1566.0,371.0
2,1764207397.9966474,1604.0829329490662,363.0,1566.0,359.0
2,1764207398.041846,1610.8627347946167,363.0,1586.0,342.0
2,1764207398.0871167,1615.6112461090088,363.0,1613.0,349.0
2,1764207398.1172624,1620.5058841705322,363.0,1593.0,350.0
2,1764207398.151818,1625.305679321289,363.0,1581.0,330.0
2,1764207398.197315,1632.4447541236877,363.0,1608.0,315.0
2,1764207398.2222486,1637.2849254608154,363.0,1616.0,308.0
2,1764207398.270049,1644.435694694519,363.0,1611.0,314.0
2,1764207398.3017874,1649.234631538391,363.0,1603.0,320.0
2,1764207398.3334281,1654.1289834976196,363.0,1630.0,329.0
2,1764207398.3773782,1658.8553218841553,363.0,1651.0,342.0
2,1764207398.4180293,1666.096034526825,363.0,1664.0,355.0
2,1764207398.442143,1670.9072737693787,363.0,1674.0,357.0
2,1764207398.4719324,1673.3168988227844,363.0,1668.0,342.0
2,1764207398.5139465,1680.4573683738708,363.0,1668.0,321.0
2,1764207398.5376296,1682.8457860946655,363.0,1680.0,311.0
2,1764207398.5728085,1690.0487332344055,363.0,1703.0,314.0
2,1764207398.601529,1694.815161705017,363.0,1715.0,304.0
2,1764207398.657158,1702.1002202033997,363.0,1728.0,291.0
2,1764207398.6971443,1706.843116760254,363.0,1731.0,262.0
2,1764207398.7228637,1711.6644053459167,363.0,1724.0,257.0
2,1764207398.7570717,1716.4412050247192,363.0,1727.0,265.0
2,1764207398.7871265,1721.2809114456177,363.0,1710.0,282.0
3,1764207398.817289,1726.0058550834656,363.0,1705.0,292.0
3,1764207398.8624575,1726.0058550834656,363.0,1696.0,301.0
3,1764207398.9019861,1726.0058550834656,363.0,1688.0,311.0
3,1764207398.9218822,1726.0058550834656,363.0,1697.0,348.0
3,1764207398.9572175,1726.0058550834656,363.0,1710.0,364.0
3,1764207398.9917836,1726.0058550834656,363.0,1716.0,359.0
3,1764207399.022382,1726.0058550834656,363.0,1703.0,340.0
3,1764207399.0571415,1726.0058550834656,363.0,1695.0,327.0
3,1764207399.091956,1726.0058550834656,363.0,1711.0,307.0
3,1764207399.1216693,1726.0058550834656,363.0,1715.0,296.0
3,1764207399.152,1726.0058550834656,363.0,1712.0,287.0
3,1764207399.18266,1726.0058550834656,363.0,1713.0,287.0
3,1764207399.226992,1726.0058550834656,363.0,1720.0,293.0
3,1764207399.2577116,1726.0058550834656,363.0,1734.0,296.0
3,1764207399.2876525,1726.0058550834656,363.0,1714.0,304.0
3,1764207399.3167303,178.0,456.0,1364.0,265.0
3,1764207399.3618894,185.30680227279663,456.0,1623.0,693.0
3,1764207399.4017398,190.02495098114014,456.0,707.0,165.0
3,1764207399.427356,194.82485342025757,456.0,473.0,262.0
3,1764207399.457989,199.60701751708984,456.0,415.0,412.0
3,1764207399.4902227,204.4992594718933,456.0,424.0,388.0
3,1764207399.52648,209.28700256347656,456.0,426.0,372.0
3,1764207399.557738,214.0461711883545,456.0,415.0,409.0
3,1764207399.5919771,218.8290147781372,456.0,398.0,421.0
3,1764207399.6216125,223.66103219985962,456.0,397.0,437.0
3,1764207399.6570203,228.4289984703064,456.0,396.0,431.0
3,1764207399.6920745,233.20933866500854,456.0,338.0,396.0
3,1764207399.7292986,240.4754786491394,456.0,324.0,358.0
3,1764207399.7571313,242.9266242980957,456.0,310.0,345.0
3,1764207399.7983336,250.05986976623535,456.0,310.0,359.0
3,1764207399.8221107,252.50615167617798,456.0,306.0,363.0
3,1764207399.8582907,259.6896080970764,456.0,298.0,371.0
3,1764207399.8921475,264.4485263824463,456.0,298.0,378.0
3,1764207399.9275734,269.2505030632019,456.0,316.0,375.0
3,1764207399.961983,274.0626006126404,456.0,343.0,387.0
3,1764207399.9966145,278.82348585128784,456.0,355.0,392.0
3,1764207400.037163,286.0902338027954,456.0,369.0,381.0
3,1764207400.0772352,290.8371000289917,456.0,391.0,385.0
3,1764207400.11537,298.0282096862793,456.0,394.0,397.0
3,1764207400.1521487,302.9858617782593,456.0,379.0,394.0
3,1764207400.1874392,307.62043285369873,456.0,398.0,368.0
3,1764207400.227227,314.83364391326904,456.0,426.0,350.0
3,1764207400.2576694,319.7263150215149,456.0,439.0,334.0
3,1764207400.3020365,324.4981436729431,456.0,441.0,336.0
3,1764207400.3546803,334.01837635040283,456.0,419.0,341.0
3,1764207400.3923924,338.822856426239,456.0,401.0,349.0
3,1764207400.4221153,344.0539507865906,456.0,414.0,357.0
3,1764207400.450099,348.45345306396484,456.0,422.0,360.0
3,1764207400.4820585,353.2274990081787,456.0,433.0,357.0
3,1764207400.5142348,358.2212357521057,456.0,443.0,357.0
3,1764207400.5564659,362.8767638206482,456.0,444.0,352.0
3,1764207400.5967264,370.10535287857056,456.0,447.0,361.0
3,1764207400.6366665,374.8560814857483,456.0,441.0,378.0
3,1764207400.6767354,382.0329575538635,456.0,443.0,381.0
3,1764207400.7170227,386.95137786865234,456.0,436.0,353.0
3,1764207400.7530336,394.0654902458191,456.0,422.0,337.0
3,1764207400.7818165,396.4662461280823,456.0,421.0,342.0
3,1764207400.8119876,401.22044372558594,456.0,440.0,366.0
3,1764207400.8501225,408.4541826248169,456.0,454.0,382.0
3,1764207400.8764615,410.92689323425293,456.0,476.0,387.0
3,1764207400.9071882,415.6836657524109,456.0,489.0,369.0
3,1764207400.947105,422.9146866798401,456.0,522.0,371.0
3,1764207400.987564,427.6805787086487,456.0,520.0,367.0
3,1764207401.0270665,434.8395733833313,456.0,502.0,359.0
3,1764207401.0522218,437.29737091064453,456.0,496.0,352.0
3,1764207401.0817835,442.10263776779175,456.0,510.0,368.0
3,1764207401.1172523,446.92839670181274,456.0,514.0,371.0
3,1764207401.1567974,454.06403827667236,456.0,508.0,365.0
3,1764207401.1969042,458.92395067214966,456.0,509.0,368.0
3,1764207401.2365773,466.3963346481323,456.0,526.0,386.0
3,1764207401.277069,470.84297227859497,456.0,534.0,396.0
3,1764207401.317898,478.12184381484985,456.0,513.0,396.0
3,1764207401.3417182,480.43884325027466,456.0,517.0,398.0
3,1764207401.3874185,487.64118242263794,456.0,534.0,394.0
3,1764207401.4228673,492.40120935440063,456.0,537.0,381.0
3,1764207401.4521506,497.29945945739746,456.0,537.0,382.0
3,1764207401.4816487,502.1328001022339,456.0,531.0,388.0
3,1764207401.516452,506.9678931236267,456.0,525.0,380.0
3,1764207401.5475702,511.6618661880493,456.0,519.0,365.0
3,1764207401.5864384,518.8720016479492,456.0,535.0,353.0
3,1764207401.6118648,521.1968688964844,456.0,576.0,374.0
3,1764207401.6488938,528.4399061203003,456.0,571.0,368.0
3,1764207401.6920483,533.361545085907,456.0,581.0,363.0
3,1764207401.732476,540.4457240104675,456.0,582.0,336.0
3,1764207401.7577457,542.8088932037354,456.0,590.0,343.0
3,1764207401.797214,550.0202445983887,456.0,591.0,367.0
3,1764207401.8317423,554.9495010375977,456.0,594.0,378.0
3,1764207401.8736954,562.0237379074097,456.0,600.0,378.0
3,1764207401.9066179,566.816237449646,456.0,613.0,370.0
3,1764207401.9468932,571.662703037262,456.0,615.0,371.0
3,1764207401.9873796,578.8803129196167,456.0,601.0,374.0
3,1764207402.0123558,581.2570719718933,456.0,604.0,377.0
3,1764207402.051117,588.4519724845886,456.0,607.0,379.0
3,1764207402.0764847,590.8413915634155,456.0,608.0,370.0
3,1764207402.107052,595.6481604576111,456.0,619.0,365.0
3,1764207402.1468964,602.9343276023865,456.0,631.0,357.0
3,1764207402.1773357,607.644250869751,456.0,632.0,355.0
3,1764207402.212831,612.4467639923096,456.0,626.0,364.0
3,1764207402.2522595,617.2350077629089,456.0,633.0,392.0
3,1764207402.2971592,624.4565873146057,456.0,661.0,396.0
3,1764207402.3320656,629.2798070907593,456.0,671.0,377.0
3,1764207402.3699033,636.5070013999939,456.0,690.0,357.0
3,1764207402.4019363,641.3253931999207,456.0,683.0,346.0
3,1764207402.4465332,648.544183254242,456.0,676.0,345.0
3,1764207402.481725,653.2009272575378,456.0,678.0,342.0
3,1764207402.5070598,655.6490330696106,456.0,674.0,382.0
3,1764207402.5490122,662.8989725112915,456.0,685.0,403.0
3,1764207402.5772734,667.6867871284485,456.0,699.0,399.0
3,1764207402.6219258,672.4562196731567,456.0,693.0,385.0
3,1764207402.662364,679.6674637794495,456.0,687.0,364.0
3,1764207402.682286,682.0950059890747,456.0,689.0,344.0
3,1764207402.7123027,686.872377872467,456.0,688.0,353.0
3,1764207402.7465775,691.723886013031,456.0,693.0,373.0
3,1764207402.7770774,696.416178226471,456.0,696.0,384.0
3,1764207402.8176298,703.5970239639282,456.0,711.0,389.0
3,1764207402.849205,708.4612636566162,456.0,721.0,372.0
3,1764207402.8820772,713.2183938026428,456.0,734.0,359.0
3,1764207402.91447,718.0939345359802,456.0,756.0,355.0
3,1764207402.9567056,722.7944164276123,456.0,769.0,359.0
3,1764207403.0025275,730.0184636116028,456.0,758.0,366.0
3,1764207403.037721,734.819224357605,456.0,741.0,386.0
3,1764207403.0668383,739.7579221725464,456.0,740.0,388.0
3,1764207403.102214,744.4742112159729,456.0,750.0,395.0
3,1764207403.1329257,749.3082671165466,456.0,772.0,408.0
3,1764207403.1690397,756.4179091453552,456.0,784.0,405.0
3,1764207403.1971078,758.8263540267944,456.0,803.0,398.0
3,1764207403.242571,766.1381630897522,456.0,803.0,388.0
3,1764207403.276515,770.9289102554321,456.0,792.0,375.0
3,1764207403.315885,778.1191973686218,456.0,796.0,358.0
3,1764207403.3622417,785.2369575500488,456.0,811.0,345.0
3,1764207403.3941526,790.0476603507996,456.0,822.0,351.0
3,1764207403.4273257,794.8700575828552,456.0,818.0,362.0
3,1764207403.4670484,799.6311573982239,456.0,808.0,378.0
3,1764207403.497312,804.5095233917236,456.0,800.0,386.0
3,1764207403.5315034,809.2011361122131,456.0,827.0,389.0
3,1764207403.5614989,814.023211479187,456.0,839.0,395.0
3,1764207403.592346,818.8230066299438,456.0,828.0,382.0
3,1764207403.6276014,823.7404613494873,456.0,828.0,381.0
3,1764207403.6618612,828.4976272583008,456.0,836.0,380.0
3,1764207403.7005107,835.7042579650879,456.0,827.0,395.0
3,1764207403.7366664,840.5223994255066,456.0,825.0,397.0
3,1764207403.7571876,842.8215889930725,456.0,826.0,379.0
3,1764207403.7971027,850.0169186592102,456.0,815.0,367.0
3,1764207403.8317645,854.8119931221008,456.0,797.0,360.0
3,1764207403.8614974,859.6214084625244,456.0,803.0,372.0
3,1764207403.9127698,866.8128399848938,456.0,821.0,372.0
3,1764207403.9555743,874.110987663269,456.0,849.0,362.0
3,1764207403.9868407,878.9255528450012,456.0,906.0,349.0
3,1764207404.0339077,886.0987095832825,456.0,911.0,358.0
3,1764207404.0774126,890.9131317138672,456.0,907.0,373.0
3,1764207404.1015007,895.6676869392395,456.0,908.0,379.0
3,1764207404.1517208,902.9086499214172,456.0,914.0,380.0
3,1764207404.196611,910.0560932159424,456.0,908.0,390.0
3,1764207404.2218013,912.6114158630371,456.0,906.0,426.0
3,1764207404.2515745,917.2854690551758,456.0,918.0,422.0
3,1764207404.2815797,922.0187454223633,456.0,919.0,403.0
3,1764207404.3169315,926.8510131835938,456.0,937.0,381.0
3,1764207404.3466954,931.631854057312,456.0,927.0,383.0
3,1764207404.3768182,936.4350109100342,456.0,948.0,379.0
3,1764207404.4202852,943.7091975212097,456.0,967.0,380.0
3,1764207404.4572616,948.5257654190063,456.0,975.0,388.0
3,1764207404.4918878,953.2542853355408,456.0,988.0,382.0
3,1764207404.5377505,960.4357032775879,456.0,996.0,370.0
3,1764207404.5780668,967.7565245628357,456.0,1002.0,378.0
3,1764207404.626494,974.8412041664124,456.0,985.0,381.0
3,1764207404.6737084,982.0973663330078,456.0,991.0,353.0
3,1764207404.7114804,986.8875770568848,456.0,1017.0,340.0
3,1764207404.7397203,991.7632608413696,456.0,982.0,358.0
3,1764207404.7719383,996.5567259788513,456.0,978.0,357.0
3,1764207404.8033202,1001.4041929244995,456.0,996.0,362.0
3,1764207404.837125,1006.0457377433777,456.0,1026.0,375.0
3,1764207404.8668027,1010.9746723175049,456.0,1033.0,386.0
3,1764207404.898242,1015.7017617225647,456.0,1050.0,371.0
3,1764207404.9473007,1022.8025345802307,456.0,1060.0,368.0
3,1764207404.9871883,1027.6349096298218,456.0,1040.0,384.0
3,1764207405.0126686,1032.5414209365845,456.0,1045.0,419.0
3,1764207405.0624738,1039.6859674453735,456.0,1053.0,413.0
3,1764207405.1019008,1044.4143443107605,456.0,1045.0,382.0
3,1764207405.131709,1049.208095550537,456.0,1041.0,369.0
3,1764207405.1618893,1054.0471940040588,456.0,1046.0,369.0
3,1764207405.196836,1058.814802646637,456.0,1026.0,369.0
3,1764207405.2263904,1063.7763886451721,456.0,1030.0,367.0
3,1764207405.271966,1070.8722262382507,456.0,1045.0,373.0
3,1764207405.3021655,1075.7346062660217,456.0,1055.0,371.0
3,1764207405.3323374,1080.4824023246765,456.0,1054.0,352.0
3,1764207405.361499,1085.3226809501648,456.0,1075.0,341.0
3,1764207405.3945637,1090.1146082878113,456.0,1094.0,351.0
3,1764207405.427242,1094.8747067451477,456.0,1103.0,375.0
3,1764207405.4623408,1099.7491030693054,456.0,1095.0,375.0
3,1764207405.496874,1104.5597343444824,456.0,1088.0,383.0
3,1764207405.5370674,1111.6435914039612,456.0,1107.0,374.0
3,1764207405.5771823,1116.411271572113,456.0,1108.0,368.0
3,1764207405.6185286,1123.6352472305298,456.0,1100.0,369.0
3,1764207405.6567023,1128.4209876060486,456.0,1102.0,372.0
3,1764207405.6869125,1133.224609375,456.0,1120.0,381.0
3,1764207405.7177324,1138.0875616073608,456.0,1147.0,378.0
3,1764207405.7523916,1142.9062395095825,456.0,1163.0,374.0
3,1764207405.786925,1147.6317911148071,456.0,1166.0,363.0
3,1764207405.821593,1152.5452046394348,456.0,1159.0,343.0
3,1764207405.852214,1157.3203592300415,456.0,1153.0,333.0
3,1764207405.8895755,1164.3901615142822,456.0,1151.0,327.0
3,1764207405.9223127,1169.2885189056396,456.0,1144.0,347.0
3,1764207405.9528499,1174.0137128829956,456.0,1144.0,348.0
3,1764207405.9823325,1176.578155040741,456.0,1153.0,340.0
3,1764207406.0172884,1183.6801080703735,456.0,1170.0,330.0
3,1764207406.0491168,1188.409700870514,456.0,1180.0,330.0
3,1764207406.076802,1190.862241268158,456.0,1189.0,351.0
3,1764207406.1120389,1198.069444179535,456.0,1193.0,379.0
3,1764207406.146618,1202.9419450759888,456.0,1180.0,379.0
3,1764207406.1780984,1207.653513431549,456.0,1153.0,354.0
3,1764207406.21178,1212.4979763031006,456.0,1162.0,345.0
3,1764207406.2473633,1217.2110109329224,456.0,1177.0,366.0
3,1764207406.2770677,1222.1053628921509,456.0,1181.0,367.0
3,1764207406.3117542,1226.8224744796753,456.0,1187.0,363.0
3,1764207406.346979,1231.7111043930054,456.0,1199.0,365.0
3,1764207406.3770025,1236.4436297416687,456.0,1212.0,378.0
3,1764207406.4125059,1241.3543968200684,456.0,1211.0,394.0
3,1764207406.4521751,1248.4601049423218,456.0,1195.0,400.0
3,1764207406.477175,1250.9312062263489,456.0,1203.0,375.0
3,1764207406.5186126,1258.1095843315125,456.0,1209.0,360.0
3,1764207406.5471277,1262.8329186439514,456.0,1216.0,363.0
3,1764207406.5781646,1267.6371841430664,456.0,1252.0,361.0
3,1764207406.6168928,1272.3885207176208,456.0,1279.0,355.0
3,1764207406.6590214,1279.6900658607483,456.0,1293.0,347.0
3,1764207406.691526,1284.4993739128113,456.0,1261.0,350.0
3,1764207406.7392633,1291.7082934379578,456.0,1260.0,358.0
3,1764207406.7769704,1296.4258341789246,456.0,1272.0,365.0
3,1764207406.8073788,1301.3964323997498,456.0,1287.0,374.0
3,1764207406.8501709,1308.436658859253,456.0,1292.0,401.0
3,1764207406.8776379,1310.81592130661,456.0,1263.0,436.0
3,1764207406.9146225,1318.0095343589783,456.0,1273.0,422.0
3,1764207406.9521277,1322.8924779891968,456.0,1293.0,419.0
3,1764207406.9786682,1327.6680974960327,456.0,1298.0,410.0
3,1764207407.0100632,1332.4165015220642,456.0,1293.0,406.0
3,1764207407.0467842,1337.3539118766785,456.0,1302.0,404.0
3,1764207407.0821328,1342.1165137290955,456.0,1316.0,400.0
3,1764207407.1122997,1346.8070178031921,456.0,1314.0,399.0
3,1764207407.1467612,1351.7976789474487,456.0,1307.0,394.0
3,1764207407.18191,1356.441298007965,456.0,1333.0,398.0
3,1764207407.216981,1363.6491446495056,456.0,1330.0,405.0
3,1764207407.2491786,1368.42387008667,456.0,1342.0,417.0
3,1764207407.2826476,1373.2916502952576,456.0,1378.0,402.0
3,1764207407.313146,1378.0778198242188,456.0,1393.0,394.0
3,1764207407.3465307,1382.7956824302673,456.0,1379.0,399.0
3,1764207407.377661,1387.7427129745483,456.0,1363.0,418.0
3,1764207407.4174366,1392.4570708274841,456.0,1361.0,413.0
3,1764207407.4519618,1397.2075490951538,456.0,1352.0,418.0
3,1764207407.4769137,1402.1291522979736,456.0,1360.0,415.0
3,1764207407.5170405,1406.8157224655151,456.0,1387.0,408.0
3,1764207407.5537941,1414.009657382965,456.0,1390.0,392.0
3,1764207407.577566,1416.555932044983,456.0,1395.0,389.0
3,1764207407.6267724,1423.660388469696,456.0,1394.0,383.0
3,1764207407.6613994,1428.4331827163696,456.0,1397.0,369.0
3,1764207407.691718,1433.2356958389282,456.0,1406.0,366.0
3,1764207407.7328813,1440.533450126648,456.0,1420.0,372.0
3,1764207407.7719166,1445.2673344612122,456.0,1420.0,362.0
3,1764207407.8089204,1452.4068384170532,456.0,1445.0,348.0
3,1764207407.8464005,1457.2578101158142,456.0,1456.0,325.0
3,1764207407.882391,1462.0907216072083,456.0,1437.0,325.0
3,1764207407.9117644,1466.8322949409485,456.0,1438.0,328.0
3,1764207407.9473674,1471.7854409217834,456.0,1477.0,341.0
3,1764207407.9919991,1478.8386850357056,456.0,1478.0,337.0
3,1764207408.0394583,1486.0305814743042,456.0,1482.0,342.0
3,1764207408.0678961,1490.8427863121033,456.0,1474.0,368.0
3,1764207408.1130354,1498.0497388839722,456.0,1469.0,395.0
3,1764207408.1418338,1500.5090026855469,456.0,1479.0,388.0
3,1764207408.1817539,1507.6120285987854,456.0,1473.0,388.0
3,1764207408.2114213,1512.3991994857788,456.0,1474.0,401.0
3,1764207408.2471843,1517.224886894226,456.0,1474.0,399.0
3,1764207408.2769132,1522.0624833106995,456.0,1501.0,401.0
3,1764207408.3075163,1526.818325996399,456.0,1520.0,394.0
3,1764207408.3384924,1531.7202596664429,456.0,1513.0,383.0
3,1764207408.3821914,1536.4773540496826,456.0,1489.0,384.0
3,1764207408.4076955,1541.333261013031,456.0,1503.0,401.0
3,1764207408.436816,1546.1036233901978,456.0,1556.0,406.0
3,1764207408.4718702,1550.9188680648804,456.0,1576.0,402.0
3,1764207408.5018113,1555.6899814605713,456.0,1590.0,402.0
3,1764207408.5365448,1560.5666308403015,456.0,1597.0,406.0
3,1764207408.5719938,1565.1958374977112,456.0,1576.0,398.0
3,1764207408.5966923,1570.0037150382996,456.0,1551.0,402.0
3,1764207408.6369512,1574.8076944351196,456.0,1555.0,405.0
3,1764207408.6671662,1579.7455697059631,456.0,1571.0,419.0
3,1764207408.7019138,1584.4570665359497,456.0,1599.0,427.0
3,1764207408.7317965,1589.2839341163635,456.0,1620.0,431.0
3,1764207408.7709458,1596.440818786621,456.0,1626.0,432.0
3,1764207408.8074124,1601.2832789421082,456.0,1636.0,424.0
3,1764207408.852205,1608.4186701774597,456.0,1621.0,393.0
3,1764207408.8830266,1613.267961025238,456.0,1608.0,393.0
3,1764207408.9220974,1618.0810956954956,456.0,1613.0,410.0
3,1764207408.9566786,1622.8302865028381,456.0,1621.0,446.0
3,1764207408.9870775,1627.691665172577,456.0,1613.0,468.0
3,1764207409.0280051,1634.8210124969482,456.0,1631.0,459.0
3,1764207409.0854483,1642.067554473877,456.0,1644.0,447.0
3,1764207409.1229146,1649.21160030365,456.0,1642.0,440.0
3,1764207409.1574268,1654.0832071304321,456.0,1627.0,402.0
3,1764207409.1813438,1656.5170435905457,456.0,1608.0,395.0
3,1764207409.2165678,1663.6669545173645,456.0,1618.0,414.0
3,1764207409.2575214,1668.395188331604,456.0,1631.0,434.0
3,1764207409.2923846,1673.205569267273,456.0,1665.0,425.0
3,1764207409.3213892,1678.0422358512878,456.0,1669.0,401.0
3,1764207409.3517659,1682.9005389213562,456.0,1685.0,379.0
3,1764207409.393606,1690.0115399360657,456.0,1704.0,386.0
3,1764207409.4223897,1692.5469069480896,456.0,1696.0,398.0
3,1764207409.4578865,1699.6299772262573,456.0,1694.0,409.0
3,1764207409.4920824,1704.3970494270325,456.0,1692.0,412.0
3,1764207409.5226011,1709.310534477234,456.0,1721.0,396.0
3,1764207409.5566545,1714.011552810669,456.0,1726.0,375.0
3,1764207409.5915668,1718.8114552497864,456.0,1717.0,375.0
4,1764207409.6346316,1726.143470287323,456.0,1714.0,378.0
4,1764207409.6572516,1726.143470287323,456.0,1707.0,377.0
4,1764207409.687326,1726.143470287323,456.0,1711.0,377.0
4,1764207409.7267675,1726.143470287323,456.0,1715.0,381.0
4,1764207409.75706,1726.143470287323,456.0,1716.0,378.0
4,1764207409.791458,1726.143470287323,456.0,1716.0,379.0
4,1764207409.8272657,1726.143470287323,456.0,1710.0,376.0
4,1764207409.8573568,1726.143470287323,456.0,1705.0,373.0
4,1764207409.89714,1726.143470287323,456.0,1710.0,380.0
4,1764207409.9316607,1726.143470287323,456.0,1716.0,400.0
4,1764207409.966756,1726.143470287323,456.0,1724.0,410.0
4,1764207410.0016992,1726.143470287323,456.0,1659.0,405.0
4,1764207410.0418394,1726.143470287323,456.0,1495.0,682.0
4,1764207410.071719,1726.143470287323,456.0,1432.0,668.0
4,1764207410.0976677,1726.143470287323,456.0,621.0,532.0
4,1764207410.1276379,1726.143470287323,456.0,478.0,321.0
4,1764207410.161378,180.42568254470825,549.0,436.0,335.0
4,1764207410.19255,185.29167461395264,549.0,474.0,446.0
4,1764207410.226464,190.09808588027954,549.0,473.0,442.0
4,1764207410.2665994,197.35642957687378,549.0,449.0,437.0
4,1764207410.2923975,202.20997619628906,549.0,423.0,450.0
4,1764207410.3268762,206.93284559249878,549.0,430.0,460.0
4,1764207410.3667932,211.9196801185608,549.0,370.0,462.0
4,1764207410.3919406,216.500714302063,549.0,411.0,459.0
4,1764207410.4321105,221.28391551971436,549.0,426.0,466.0
4,1764207410.461975,226.05681705474854,549.0,421.0,434.0
4,1764207410.502402,233.21087646484375,549.0,386.0,416.0
4,1764207410.5365126,238.01803874969482,549.0,333.0,424.0
4,1764207410.5674918,242.8319959640503,549.0,331.0,460.0
4,1764207410.6002817,247.73586082458496,549.0,356.0,475.0
4,1764207410.640161,252.49992895126343,549.0,393.0,485.0
4,1764207410.6664436,257.33430671691895,549.0,406.0,509.0
4,1764207410.7023902,262.0307831764221,549.0,389.0,515.0
4,1764207410.7275224,266.87939453125,549.0,406.0,510.0
4,1764207410.7585034,271.6588764190674,549.0,432.0,477.0
4,1764207410.8032076,276.40266704559326,549.0,421.0,471.0
4,1764207410.8319938,281.2636880874634,549.0,408.0,488.0
4,1764207410.8672242,286.0616235733032,549.0,406.0,486.0
4,1764207410.9031074,293.29650688171387,549.0,397.0,457.0
4,1764207410.9363203,298.17451524734497,549.0,390.0,447.0
4,1764207410.9715054,302.9187707901001,549.0,375.0,454.0
4,1764207411.0119145,310.1375250816345,549.0,360.0,454.0
4,1764207411.047998,314.94225549697876,549.0,370.0,442.0
4,1764207411.0871024,319.6709542274475,549.0,368.0,430.0
4,1764207411.127551,326.968243598938,549.0,380.0,422.0
4,1764207411.1621306,331.67780923843384,549.0,399.0,432.0
4,1764207411.2093387,339.5704417228699,549.0,409.0,439.0
4,1764207411.2424707,343.7166361808777,549.0,405.0,438.0
4,1764207411.2665708,346.08634996414185,549.0,388.0,449.0
4,1764207411.303863,353.329065322876,549.0,407.0,468.0
4,1764207411.332149,358.1727056503296,549.0,425.0,473.0
4,1764207411.3674831,362.8428964614868,549.0,442.0,470.0
4,1764207411.4075174,367.6235227584839,549.0,443.0,476.0
4,1764207411.4363286,372.4268226623535,549.0,442.0,473.0
4,1764207411.4794059,379.7346978187561,549.0,436.0,467.0
4,1764207411.511673,384.4319968223572,549.0,446.0,468.0
4,1764207411.5423467,389.2535357475281,549.0,439.0,473.0
4,1764207411.575663,394.0260081291199,549.0,448.0,461.0
4,1764207411.6121676,398.9037661552429,549.0,451.0,438.0
4,1764207411.6470695,403.6718397140503,549.0,440.0,415.0
4,1764207411.6819515,408.54466247558594,549.0,439.0,400.0
4,1764207411.7213435,415.65416145324707,549.0,438.0,402.0
4,1764207411.7521129,420.41923093795776,549.0,448.0,445.0
4,1764207411.7916923,425.2150921821594,549.0,462.0,465.0
4,1764207411.8270385,429.9992232322693,549.0,472.0,467.0
4,1764207411.8629842,437.30241346359253,549.0,490.0,449.0
4,1764207411.9021463,442.0661954879761,549.0,515.0,449.0
4,1764207411.9387243,446.91326904296875,549.0,514.0,449.0
4,1764207411.9718812,454.1325240135193,549.0,496.0,455.0
4,1764207412.007279,458.83765506744385,549.0,496.0,466.0
4,1764207412.0468316,463.62536239624023,549.0,554.0,452.0
4,1764207412.094717,470.910635471344,549.0,531.0,424.0
4,1764207412.126958,475.59888648986816,549.0,526.0,419.0
4,1764207412.1713576,482.867959022522,549.0,548.0,442.0
4,1764207412.2152803,490.0373249053955,549.0,553.0,462.0
4,1764207412.2517717,494.8160557746887,549.0,524.0,483.0
4,1764207412.29139,502.0588426589966,549.0,490.0,492.0
4,1764207412.3216956,504.5006899833679,549.0,510.0,459.0
4,1764207412.361757,511.96023511886597,549.0,530.0,430.0
4,1764207412.3969934,516.4482860565186,549.0,526.0,423.0
4,1764207412.4402757,523.7452178001404,549.0,537.0,428.0
4,1764207412.4720154,528.4277467727661,549.0,568.0,445.0
4,1764207412.5031521,533.3247451782227,549.0,586.0,447.0
4,1764207412.5320919,538.1641297340393,549.0,603.0,451.0
4,1764207412.5681922,542.9371027946472,549.0,564.0,451.0
4,1764207412.6018252,547.7673678398132,549.0,548.0,448.0
4,1764207412.637116,552.4887351989746,549.0,564.0,417.0
4,1764207412.6739073,557.2269825935364,549.0,590.0,417.0
4,1764207412.7073896,562.1416835784912,549.0,616.0,422.0
4,1764207412.7369719,566.8006448745728,549.0,611.0,441.0
4,1764207412.7719789,574.1471796035767,549.0,587.0,444.0
4,1764207412.812399,578.829815864563,549.0,568.0,454.0
4,1764207412.8464067,583.5985331535339,549.0,588.0,459.0
4,1764207412.881665,588.4108452796936,549.0,602.0,463.0
4,1764207412.9196177,595.6355361938477,549.0,612.0,472.0
4,1764207412.9522874,600.5762724876404,549.0,624.0,469.0
4,1764207412.9848304,605.372419834137,549.0,638.0,440.0
4,1764207413.0277321,610.1124196052551,549.0,634.0,402.0
4,1764207413.0575006,614.9961857795715,549.0,662.0,398.0
4,1764207413.0915926,622.0892338752747,549.0,672.0,413.0
4,1764207413.127591,626.8343119621277,549.0,672.0,423.0
4,1764207413.1658885,632.4524312019348,549.0,640.0,420.0
4,1764207413.2083008,638.8160972595215,549.0,650.0,424.0
4,1764207413.2573936,646.1068778038025,549.0,642.0,411.0
4,1764207413.3051264,653.3402233123779,549.0,625.0,402.0
4,1764207413.3316207,658.0934553146362,549.0,641.0,425.0
4,1764207413.3673275,662.8265528678894,549.0,655.0,427.0
4,1764207413.4067836,667.6500945091248,549.0,675.0,419.0
4,1764207413.4479685,674.9268202781677,549.0,702.0,413.0
4,1764207413.4913943,682.0594935417175,549.0,732.0,433.0
4,1764207413.536845,686.8301420211792,549.0,746.0,437.0
4,1764207413.5813808,694.0545825958252,549.0,739.0,439.0
4,1764207413.6168349,698.8832383155823,549.0,712.0,426.0
4,1764207413.660939,706.1729459762573,549.0,700.0,421.0
4,1764207413.696963,710.8637003898621,549.0,704.0,439.0
4,1764207413.7272625,715.692141532898,549.0,713.0,436.0
4,1764207413.7623405,720.4152970314026,549.0,747.0,420.0
4,1764207413.7995212,727.7357249259949,549.0,754.0,414.0
4,1764207413.8329592,732.502260684967,549.0,754.0,418.0
4,1764207413.874784,737.3398571014404,549.0,793.0,427.0
4,1764207413.9062989,742.1018152236938,549.0,782.0,419.0
4,1764207413.9474633,749.2494730949402,549.0,774.0,413.0
4,1764207413.9814713,754.1261940002441,549.0,797.0,423.0
4,1764207414.0170672,758.8646559715271,549.0,804.0,433.0
4,1764207414.059808,766.1281137466431,549.0,803.0,427.0
4,1764207414.0922527,770.9320216178894,549.0,822.0,416.0
4,1764207414.127002,775.7478384971619,549.0,835.0,422.0
4,1764207414.1678545,782.8628807067871,549.0,843.0,426.0
4,1764207414.2167897,790.0252370834351,549.0,836.0,408.0
4,1764207414.2414804,792.4840717315674,549.0,818.0,383.0
4,1764207414.280858,799.692705154419,549.0,811.0,402.0
4,1764207414.312739,804.4247298240662,549.0,821.0,416.0
4,1764207414.3610275,811.6812853813171,549.0,834.0,414.0
4,1764207414.410189,818.8714294433594,549.0,842.0,399.0
4,1764207414.458883,826.0883240699768,549.0,875.0,431.0
4,1764207414.4936333,830.8670191764832,549.0,873.0,424.0
4,1764207414.5201285,835.7356219291687,549.0,876.0,428.0
4,1764207414.5573897,840.4534130096436,549.0,874.0,427.0
4,1764207414.59976,847.7018504142761,549.0,886.0,419.0
4,1764207414.6323643,852.4276523590088,549.0,902.0,431.0
4,1764207414.6718936,857.1923642158508,549.0,885.0,437.0
4,1764207414.7064018,862.1255903244019,549.0,863.0,432.0
4,1764207414.743165,869.3017511367798,549.0,879.0,452.0
4,1764207414.7774675,874.0706114768982,549.0,921.0,454.0
4,1764207414.8164635,878.9534478187561,549.0,943.0,447.0
4,1764207414.8513715,886.0560803413391,549.0,948.0,430.0
4,1764207414.896453,890.9090189933777,549.0,949.0,440.0
4,1764207414.9267492,895.6979780197144,549.0,929.0,453.0
4,1764207414.961765,900.5018858909607,549.0,911.0,453.0
4,1764207414.9997854,907.645037651062,549.0,901.0,442.0
4,1764207415.0270135,910.0937871932983,549.0,899.0,454.0
4,1764207415.0632024,917.2297863960266,549.0,917.0,472.0
4,1764207415.1018376,922.0251111984253,549.0,919.0,473.0
4,1764207415.1446497,929.2616038322449,549.0,910.0,469.0
4,1764207415.1764336,934.0144782066345,549.0,933.0,462.0
4,1764207415.211829,938.8959913253784,549.0,969.0,448.0
4,1764207415.2475157,943.7382011413574,549.0,974.0,455.0
4,1764207415.2868695,950.9075312614441,549.0,972.0,466.0
4,1764207415.3215325,955.6005029678345,549.0,992.0,474.0
4,1764207415.3613622,960.4825882911682,549.0,999.0,473.0
4,1764207415.4001796,967.629316329956,549.0,987.0,464.0
4,1764207415.441871,972.4215655326843,549.0,995.0,485.0
4,1764207415.486294,979.6938924789429,549.0,1004.0,481.0
4,1764207415.5276208,987.4934701919556,549.0,991.0,453.0
4,1764207415.5715933,994.0893440246582,549.0,1008.0,441.0
4,1764207415.6116407,998.86421251297,549.0,996.0,455.0
4,1764207415.6423233,1003.6147265434265,549.0,973.0,455.0
4,1764207415.676989,1008.5203080177307,549.0,968.0,441.0
4,1764207415.7119093,1013.2829456329346,549.0,995.0,431.0
4,1764207415.753485,1020.4817800521851,549.0,1042.0,437.0
4,1764207415.786788,1025.2681283950806,549.0,1058.0,460.0
4,1764207415.8274632,1030.0427107810974,549.0,1053.0,486.0
4,1764207415.86255,1037.2676877975464,549.0,1053.0,486.0
4,1764207415.9016516,1042.017379283905,549.0,1045.0,465.0
4,1764207415.9446516,1049.3788270950317,549.0,1034.0,461.0
4,1764207415.9767911,1054.0336756706238,549.0,1048.0,474.0
4,1764207416.0117507,1058.921232700348,549.0,1066.0,478.0
4,1764207416.0469778,1063.5993270874023,549.0,1047.0,450.0
4,1764207416.0922081,1070.8590655326843,549.0,1041.0,443.0
4,1764207416.1342275,1078.0327944755554,549.0,1054.0,465.0
4,1764207416.1673138,1082.8349499702454,549.0,1070.0,462.0
4,1764207416.2009692,1087.7172141075134,549.0,1105.0,448.0
4,1764207416.2422855,1092.500916004181,549.0,1113.0,464.0
4,1764207416.2787194,1099.6949224472046,549.0,1069.0,489.0
4,1764207416.3171275,1104.4466166496277,549.0,1068.0,454.0
4,1764207416.3526583,1109.2446594238281,549.0,1070.0,420.0
4,1764207416.3925345,1116.5300397872925,549.0,1094.0,435.0
4,1764207416.431258,1121.335521221161,549.0,1103.0,458.0
4,1764207416.4663327,1126.0889320373535,549.0,1110.0,446.0
4,1764207416.4965987,1130.9423356056213,549.0,1131.0,444.0
4,1764207416.542616,1138.0969314575195,549.0,1146.0,455.0
4,1764207416.5855434,1145.250919342041,549.0,1142.0,446.0
4,1764207416.6325738,1152.5081186294556,549.0,1124.0,434.0
4,1764207416.6800938,1159.6082119941711,549.0,1133.0,455.0
4,1764207416.716285,1164.4612579345703,549.0,1155.0,452.0
4,1764207416.7520866,1169.3410902023315,549.0,1180.0,456.0
4,1764207416.7915287,1176.445439338684,549.0,1179.0,460.0
4,1764207416.826717,1181.2529950141907,549.0,1184.0,479.0
4,1764207416.8620648,1186.0638766288757,549.0,1182.0,495.0
4,1764207416.896757,1190.8650307655334,549.0,1192.0,453.0
4,1764207416.9318924,1198.1342105865479,549.0,1200.0,439.0
4,1764207416.9662497,1202.8388051986694,549.0,1220.0,448.0
4,1764207416.9988275,1207.7006845474243,549.0,1230.0,452.0
4,1764207417.0364003,1212.4278454780579,549.0,1220.0,477.0
4,1764207417.0722148,1217.2675876617432,549.0,1199.0,483.0
4,1764207417.1116905,1224.4709281921387,549.0,1189.0,475.0
4,1764207417.1463027,1229.2368202209473,549.0,1202.0,476.0
4,1764207417.1822069,1234.0357213020325,549.0,1237.0,486.0
4,1764207417.2171946,1238.8183860778809,549.0,1234.0,466.0
4,1764207417.2618308,1246.0198669433594,549.0,1230.0,457.0
4,1764207417.2913651,1250.8582859039307,549.0,1232.0,447.0
4,1764207417.3270488,1255.7374744415283,549.0,1253.0,443.0
4,1764207417.3620749,1260.4504375457764,549.0,1258.0,464.0
4,1764207417.3985546,1267.6174788475037,549.0,1257.0,486.0
4,1764207417.431424,1272.4283246994019,549.0,1250.0,502.0
4,1764207417.4668546,1277.3262887001038,549.0,1245.0,501.0
4,1764207417.5062935,1282.0387868881226,549.0,1261.0,485.0
4,1764207417.5461767,1289.2295031547546,549.0,1289.0,469.0
4,1764207417.5816803,1294.1064386367798,549.0,1312.0,480.0
4,1764207417.6111357,1298.921790599823,549.0,1308.0,461.0
4,1764207417.6518838,1306.1329274177551,549.0,1274.0,431.0
4,1764207417.7062159,1313.3837966918945,549.0,1254.0,448.0
4,1764207417.7518947,1320.462432384491,549.0,1297.0,486.0
4,1764207417.7869382,1325.2713112831116,549.0,1299.0,473.0
4,1764207417.8215718,1329.9883513450623,549.0,1282.0,443.0
4,1764207417.8625567,1337.2817068099976,549.0,1296.0,436.0
4,1764207417.8973055,1342.133894443512,549.0,1307.0,470.0
4,1764207417.932176,1346.8953161239624,549.0,1330.0,480.0
4,1764207417.9664707,1351.5943675041199,549.0,1366.0,472.0
4,1764207418.0022037,1356.5219430923462,549.0,1347.0,449.0
4,1764207418.0475304,1363.6650590896606,549.0,1341.0,463.0
4,1764207418.0876648,1370.8505897521973,549.0,1357.0,466.0
4,1764207418.131554,1378.0834345817566,549.0,1362.0,457.0
4,1764207418.1719668,1382.8831224441528,549.0,1352.0,466.0
4,1764207418.2117486,1390.1126413345337,549.0,1354.0,479.0
4,1764207418.247627,1394.8222427368164,549.0,1371.0,485.0
4,1764207418.2817187,1399.710443496704,549.0,1374.0,472.0
4,1764207418.3165228,1404.529836654663,549.0,1382.0,463.0
4,1764207418.3518221,1409.3405752182007,549.0,1377.0,480.0
4,1764207418.3925798,1416.4841918945312,549.0,1400.0,475.0
4,1764207418.4268217,1421.3265089988708,549.0,1411.0,459.0
4,1764207418.462072,1426.1135368347168,549.0,1393.0,470.0
4,1764207418.506669,1433.3035020828247,549.0,1396.0,482.0
4,1764207418.541427,1438.098934173584,549.0,1433.0,453.0
4,1764207418.5797336,1442.9108171463013,549.0,1427.0,447.0
4,1764207418.6225483,1450.1705555915833,549.0,1396.0,461.0
4,1764207418.6564105,1454.9635200500488,549.0,1397.0,481.0
4,1764207418.691303,1462.0458035469055,549.0,1429.0,461.0
4,1764207418.7302165,1466.9342904090881,549.0,1455.0,458.0
4,1764207418.771744,1474.1119532585144,549.0,1446.0,467.0
4,1764207418.8119404,1478.7949829101562,549.0,1457.0,474.0
4,1764207418.8518903,1486.1339001655579,549.0,1463.0,469.0
4,1764207418.89705,1490.813425064087,549.0,1458.0,476.0
4,1764207418.9362931,1498.0249195098877,549.0,1454.0,476.0
4,1764207418.9702744,1503.046157836914,549.0,1449.0,453.0
4,1764207418.999428,1507.6272277832031,549.0,1455.0,443.0
4,1764207419.03711,1512.734869003296,549.0,1472.0,439.0
4,1764207419.0721579,1517.325773715973,549.0,1506.0,431.0
4,1764207419.102158,1522.101107120514,549.0,1503.0,434.0
4,1764207419.1432564,1529.1882901191711,549.0,1491.0,438.0
4,1764207419.1766007,1534.0351848602295,549.0,1498.0,440.0
4,1764207419.2112877,1538.800862312317,549.0,1504.0,436.0
4,1764207419.2513046,1546.0460453033447,549.0,1528.0,422.0
4,1764207419.287407,1550.8628277778625,549.0,1547.0,422.0
4,1764207419.3221025,1555.6478171348572,549.0,1545.0,454.0
4,1764207419.3569553,1560.5297951698303,549.0,1528.0,472.0
4,1764207419.3917475,1565.249767780304,549.0,1518.0,459.0
4,1764207419.4314814,1572.4525361061096,549.0,1548.0,450.0
4,1764207419.4675324,1577.2715001106262,549.0,1562.0,459.0
4,1764207419.501257,1582.0393233299255,549.0,1556.0,473.0
4,1764207419.5367982,1586.873736858368,549.0,1555.0,467.0
4,1764207419.5718706,1594.1309361457825,549.0,1545.0,448.0
4,1764207419.6074693,1598.8104610443115,549.0,1537.0,414.0
4,1764207419.6420531,1603.7227659225464,549.0,1555.0,409.0
4,1764207419.6775804,1608.4914474487305,549.0,1593.0,427.0
4,1764207419.7113736,1613.2270126342773,549.0,1603.0,429.0
4,1764207419.7466817,1618.1292324066162,549.0,1627.0,418.0
4,1764207419.784023,1625.3205924034119,549.0,1637.0,413.0
4,1764207419.8173275,1630.1153807640076,549.0,1625.0,429.0
4,1764207419.8663456,1637.2117547988892,549.0,1632.0,424.0
4,1764207419.9065897,1641.9854073524475,549.0,1658.0,410.0
4,1764207419.9522076,1649.2961435317993,549.0,1663.0,397.0
4,1764207419.9916115,1656.4935474395752,549.0,1653.0,403.0
4,1764207420.032243,1661.2244992256165,549.0,1654.0,410.0
4,1764207420.0766916,1668.4648184776306,549.0,1676.0,430.0
4,1764207420.1062732,1673.369040966034,549.0,1683.0,443.0
4,1764207420.1417775,1678.0197768211365,549.0,1674.0,455.0
4,1764207420.1825776,1685.2879552841187,549.0,1679.0,473.0
4,1764207420.2164843,1690.0750188827515,549.0,1682.0,479.0
4,1764207420.2519467,1694.8403029441833,549.0,1674.0,469.0
4,1764207420.2865896,1699.6270804405212,549.0,1670.0,468.0
4,1764207420.321339,1704.4119625091553,549.0,1650.0,441.0
4,1764207420.3594038,1711.658790588379,549.0,1631.0,449.0
4,1764207420.3968644,1716.4035468101501,549.0,1648.0,449.0
4,1764207420.4268866,1721.2053446769714,549.0,1649.0,461.0
5,1764207420.4613307,1726.1086730957031,549.0,1642.0,467.0
5,1764207420.5013263,1726.1086730957031,549.0,1657.0,473.0
5,1764207420.5314283,1726.1086730957031,549.0,1659.0,475.0
5,1764207420.5666587,1726.1086730957031,549.0,1660.0,484.0
5,1764207420.6013691,1726.1086730957031,549.0,1696.0,492.0
5,1764207420.6370494,1726.1086730957031,549.0,1689.0,483.0
5,1764207420.6668081,1726.1086730957031,549.0,1668.0,470.0
5,1764207420.701662,1726.1086730957031,549.0,1696.0,471.0
5,1764207420.731942,1726.1086730957031,549.0,1704.0,478.0
5,1764207420.7669034,1726.1086730957031,549.0,1692.0,473.0
5,1764207420.802105,1726.1086730957031,549.0,1687.0,487.0
5,1764207420.836513,1726.1086730957031,549.0,1693.0,475.0
5,1764207420.86666,1726.1086730957031,549.0,1680.0,462.0
5,1764207420.896373,1726.1086730957031,549.0,1648.0,435.0
5,1764207420.9268339,1726.1086730957031,549.0,1623.0,371.0
5,1764207420.9671736,178.0,642.0,1607.0,312.0
5,1764207421.006486,185.24003314971924,642.0,1637.0,316.0
5,1764207421.0465965,190.07183599472046,642.0,1650.0,315.0
5,1764207421.0871384,197.2095160484314,642.0,1645.0,315.0
5,1764207421.1331766,204.54571533203125,642.0,1644.0,316.0
5,1764207421.1718698,209.27530813217163,642.0,1634.0,334.0
5,1764207421.2013347,214.04638576507568,642.0,1618.0,342.0
5,1764207421.247677,221.26231479644775,642.0,1630.0,354.0
5,1764207421.2870328,226.05070161819458,642.0,1643.0,365.0
5,1764207421.31627,230.87824869155884,642.0,1451.0,605.0
5,1764207421.3563805,238.09382009506226,642.0,1766.0,1010.0
5,1764207421.388057,242.92093801498413,642.0,805.0,337.0
5,1764207421.4163282,247.62320804595947,642.0,606.0,346.0
5,1764207421.4562302,252.42997694015503,642.0,451.0,540.0
5,1764207421.4912496,257.2158246040344,642.0,436.0,506.0
5,1764207421.5219274,262.14543867111206,642.0,440.0,539.0
5,1764207421.5574572,266.83594274520874,642.0,440.0,543.0
5,1764207421.6014276,274.08545303344727,642.0,384.0,546.0
5,1764207421.6370287,278.8932948112488,642.0,342.0,533.0
5,1764207421.6666064,283.7802081108093,642.0,338.0,557.0
5,1764207421.7020757,288.4972839355469,642.0,336.0,565.0
5,1764207421.741441,295.64211654663086,642.0,345.0,549.0
5,1764207421.771968,300.4952697753906,642.0,347.0,519.0
5,1764207421.8053834,305.23344564437866,642.0,330.0,497.0
5,1764207421.8417356,310.0741891860962,642.0,321.0,487.0
5,1764207421.883819,317.2752766609192,642.0,320.0,484.0
5,1764207421.921348,322.0250754356384,642.0,341.0,491.0
5,1764207421.9569108,326.8574504852295,642.0,375.0,489.0
5,1764207421.9922152,331.73023748397827,642.0,382.0,505.0
5,1764207422.0364172,338.9118700027466,642.0,372.0,521.0
5,1764207422.0671203,343.7460331916809,642.0,369.0,530.0
5,1764207422.111103,350.939395904541,642.0,368.0,510.0
5,1764207422.1517634,355.7291417121887,642.0,378.0,480.0
5,1764207422.19692,362.91578102111816,642.0,387.0,486.0
5,1764207422.2313359,367.68886137008667,642.0,433.0,521.0
5,1764207422.2768207,374.93615436553955,642.0,470.0,527.0
5,1764207422.3116663,379.94190740585327,642.0,490.0,490.0
5,1764207422.3489099,386.80879163742065,642.0,477.0,488.0
5,1764207422.3816292,391.6700987815857,642.0,442.0,521.0
5,1764207422.416188,396.51881742477417,642.0,455.0,503.0
5,1764207422.4503603,401.2327461242676,642.0,471.0,477.0
5,1764207422.4925952,408.46473264694214,642.0,466.0,470.0
5,1764207422.5314891,413.2543354034424,642.0,465.0,498.0
5,1764207422.5612392,418.0391459465027,642.0,465.0,515.0
5,1764207422.5995214,422.93600130081177,642.0,456.0,516.0
5,1764207422.641618,430.0723581314087,642.0,463.0,514.0
5,1764207422.6768854,435.0613741874695,642.0,492.0,532.0
5,1764207422.7163193,442.01848793029785,642.0,512.0,550.0
5,1764207422.7515945,446.8339829444885,642.0,517.0,547.0
5,1764207422.7812123,451.7129211425781,642.0,513.0,535.0
5,1764207422.815073,456.47784757614136,642.0,513.0,553.0
5,1764207422.8567069,463.6800079345703,642.0,514.0,563.0
5,1764207422.8927662,468.4904246330261,642.0,517.0,541.0
5,1764207422.9251194,473.29333114624023,642.0,511.0,527.0
5,1764207422.9622002,478.13067722320557,642.0,525.0,523.0
5,1764207422.9968941,482.9125909805298,642.0,538.0,508.0
5,1764207423.031781,487.6208691596985,642.0,541.0,512.0
5,1764207423.0687876,494.8777823448181,642.0,551.0,541.0
5,1764207423.1017017,499.6807246208191,642.0,581.0,544.0
5,1764207423.136496,504.4216184616089,642.0,590.0,528.0
5,1764207423.1720622,509.23310804367065,642.0,579.0,514.0
5,1764207423.214185,516.4010076522827,642.0,564.0,527.0
5,1764207423.2520373,521.3339834213257,642.0,534.0,538.0
5,1764207423.2962804,528.5077481269836,642.0,569.0,528.0
5,1764207423.3362012,535.6041579246521,642.0,569.0,489.0
5,1764207423.3770647,540.536883354187,642.0,549.0,464.0
5,1764207423.4115076,545.2680497169495,642.0,564.0,486.0
5,1764207423.4469945,550.222089767456,642.0,571.0,489.0
5,1764207423.4845562,557.2335271835327,642.0,590.0,498.0
5,1764207423.5218647,562.0759873390198,642.0,605.0,522.0
5,1764207423.5687714,569.3344383239746,642.0,609.0,537.0
5,1764207423.5921156,571.704617023468,642.0,606.0,518.0
5,1764207423.636356,578.8256316184998,642.0,598.0,517.0
5,1764207423.6721644,583.6650161743164,642.0,584.0,527.0
5,1764207423.7087564,590.8727197647095,642.0,578.0,528.0
5,1764207423.7516963,595.6278829574585,642.0,596.0,519.0
5,1764207423.7882822,602.8937010765076,642.0,631.0,494.0
5,1764207423.8215811,607.6978950500488,642.0,623.0,491.0
5,1764207423.8566697,612.4408988952637,642.0,626.0,533.0
5,1764207423.8969622,619.7183041572571,642.0,638.0,551.0
5,1764207423.9330833,624.4994311332703,642.0,647.0,545.0
5,1764207423.9671519,629.2515902519226,642.0,640.0,524.0
5,1764207424.0014358,634.1115384101868,642.0,645.0,528.0
5,1764207424.0364904,638.795247554779,642.0,646.0,534.0
5,1764207424.076285,646.0838465690613,642.0,671.0,508.0
5,1764207424.1121523,650.9404330253601,642.0,697.0,483.0
5,1764207424.1514494,655.6020407676697,642.0,696.0,498.0
5,1764207424.1913517,662.868860244751,642.0,685.0,511.0
5,1764207424.2313247,667.6226644515991,642.0,683.0,518.0
5,1764207424.2691197,674.8920946121216,642.0,680.0,510.0
5,1764207424.3015919,679.8060088157654,642.0,691.0,506.0
5,1764207424.352983,686.9245200157166,642.0,708.0,510.0
5,1764207424.3992734,694.0868763923645,642.0,703.0,521.0
5,1764207424.4516895,701.2525587081909,642.0,724.0,507.0
5,1764207424.4819992,706.0593276023865,642.0,759.0,501.0
5,1764207424.5117707,710.8056573867798,642.0,753.0,526.0
5,1764207424.5469594,715.6681804656982,642.0,731.0,504.0
5,1764207424.5817769,720.4959063529968,642.0,748.0,513.0
5,1764207424.6169345,727.7141599655151,642.0,748.0,548.0
5,1764207424.6574411,732.5936703681946,642.0,736.0,572.0
5,1764207424.6973314,739.773693561554,642.0,751.0,547.0
5,1764207424.7265658,741.998532295227,642.0,762.0,534.0
5,1764207424.7611597,749.3479280471802,642.0,755.0,551.0
5,1764207424.7920275,751.6967206001282,642.0,784.0,544.0
5,1764207424.828993,758.8623671531677,642.0,786.0,526.0
5,1764207424.8668716,763.7774972915649,642.0,789.0,512.0
5,1764207424.8926327,768.4692530632019,642.0,794.0,508.0
5,1764207424.9265006,773.3200459480286,642.0,799.0,491.0
5,1764207424.957345,778.0168442726135,642.0,828.0,504.0
5,1764207425.0049086,785.2695016860962,642.0,852.0,529.0
5,1764207425.041449,790.1023416519165,642.0,846.0,526.0
5,1764207425.070284,794.9379353523254,642.0,830.0,528.0
5,1764207425.102065,799.6124534606934,642.0,822.0,538.0
5,1764207425.1370711,804.4578104019165,642.0,826.0,545.0
5,1764207425.1720047,809.3293099403381,642.0,829.0,548.0
5,1764207425.2073302,814.0623002052307,642.0,846.0,553.0
5,1764207425.2370481,818.8630967140198,642.0,863.0,548.0
5,1764207425.2765603,826.1269478797913,642.0,873.0,554.0
5,1764207425.3072667,830.9517769813538,642.0,838.0,548.0
5,1764207425.3421392,835.6720356941223,642.0,821.0,551.0
5,1764207425.3878505,842.8917555809021,642.0,839.0,546.0
5,1764207425.426816,847.6675181388855,642.0,859.0,543.0
5,1764207425.4618359,852.505078792572,642.0,846.0,540.0
5,1764207425.5072737,859.7105650901794,642.0,874.0,548.0
5,1764207425.552915,867.0020251274109,642.0,920.0,545.0
5,1764207425.5817513,871.6335206031799,642.0,947.0,543.0
5,1764207425.6124723,876.5012650489807,642.0,925.0,547.0
5,1764207425.6466146,881.3498764038086,642.0,902.0,531.0
5,1764207425.6768334,886.0213189125061,642.0,923.0,516.0
5,1764207425.708735,890.7955436706543,642.0,927.0,499.0
5,1764207425.7413306,895.6171541213989,642.0,942.0,497.0
5,1764207425.7893183,902.9022841453552,642.0,937.0,515.0
5,1764207425.8319912,907.706084728241,642.0,934.0,539.0
5,1764207425.856405,912.5074892044067,642.0,923.0,559.0
5,1764207425.8853846,917.1969919204712,642.0,929.0,553.0
5,1764207425.9213703,922.0317273139954,642.0,939.0,557.0
5,1764207425.9517388,926.9755749702454,642.0,951.0,569.0
5,1764207425.986547,931.6991596221924,642.0,943.0,578.0
5,1764207426.020878,936.5912227630615,642.0,912.0,554.0
5,1764207426.0573328,943.7738924026489,642.0,929.0,519.0
5,1764207426.091844,948.4785585403442,642.0,947.0,522.0
5,1764207426.1244833,953.2190232276917,642.0,947.0,547.0
5,1764207426.1663814,958.0108075141907,642.0,948.0,556.0
5,1764207426.1963995,962.8047375679016,642.0,955.0,560.0
5,1764207426.2314773,967.6064639091492,642.0,975.0,560.0
5,1764207426.2615278,972.4666981697083,642.0,992.0,566.0
5,1764207426.2963724,979.6298413276672,642.0,989.0,546.0
5,1764207426.3370526,984.5277338027954,642.0,1028.0,530.0
5,1764207426.3767986,991.6937737464905,642.0,1055.0,512.0
5,1764207426.401458,994.0827279090881,642.0,1075.0,503.0
5,1764207426.428022,998.9084510803223,642.0,1075.0,501.0
5,1764207426.4621258,1003.6993770599365,642.0,1060.0,507.0
5,1764207426.4937792,1008.5679440498352,642.0,1045.0,493.0
5,1764207426.5427594,1015.6904249191284,642.0,1028.0,507.0
5,1764207426.590856,1022.9172973632812,642.0,1019.0,522.0
5,1764207426.6213336,1027.601399898529,642.0,1020.0,545.0
5,1764207426.6615078,1032.3999075889587,642.0,1046.0,568.0
5,1764207426.6975732,1039.6424083709717,642.0,1085.0,550.0
5,1764207426.734258,1044.5290713310242,642.0,1072.0,529.0
5,1764207426.7765546,1051.6571669578552,642.0,1069.0,534.0
5,1764207426.8014646,1054.0579943656921,642.0,1070.0,526.0
5,1764207426.8277323,1058.8127999305725,642.0,1081.0,528.0
5,1764207426.8616345,1063.7151985168457,642.0,1090.0,539.0
5,1764207426.8968642,1068.4612064361572,642.0,1117.0,534.0
5,1764207426.931829,1073.215654373169,642.0,1106.0,530.0
5,1764207426.961468,1078.0775694847107,642.0,1106.0,546.0
5,1764207427.0055752,1085.2293043136597,642.0,1107.0,564.0
5,1764207427.0464997,1090.104094028473,642.0,1091.0,543.0
5,1764207427.0765748,1094.7940258979797,642.0,1100.0,490.0
5,1764207427.1069589,1099.7064380645752,642.0,1134.0,493.0
5,1764207427.1362355,1104.427447795868,642.0,1146.0,509.0
5,1764207427.1720612,1109.293547153473,642.0,1153.0,532.0
5,1764207427.2017756,1114.0919117927551,642.0,1143.0,531.0
5,1764207427.2318754,1118.8395290374756,642.0,1131.0,529.0
5,1764207427.2769663,1126.0855703353882,642.0,1129.0,517.0
5,1764207427.3121204,1130.8369784355164,642.0,1144.0,520.0
5,1764207427.3365695,1135.659411430359,642.0,1114.0,518.0
5,1764207427.3668232,1138.057520866394,642.0,1103.0,513.0
5,1764207427.3970506,1142.8760557174683,642.0,1119.0,508.0
5,1764207427.4321132,1147.711720943451,642.0,1122.0,512.0
5,1764207427.471393,1154.893961429596,642.0,1135.0,519.0
5,1764207427.5056772,1159.679630279541,642.0,1129.0,523.0
5,1764207427.5415092,1164.3971710205078,642.0,1120.0,535.0
5,1764207427.5711384,1169.2495017051697,642.0,1111.0,540.0
5,1764207427.6062675,1174.1094856262207,642.0,1119.0,531.0
5,1764207427.6461601,1181.2904744148254,642.0,1150.0,548.0
5,1764207427.681887,1185.995355129242,642.0,1164.0,554.0
5,1764207427.7248993,1193.3350949287415,642.0,1146.0,554.0
5,1764207427.7666214,1198.1639652252197,642.0,1116.0,566.0
5,1764207427.7969234,1202.9135851860046,642.0,1139.0,559.0
5,1764207427.8320322,1208.0442218780518,642.0,1163.0,531.0
5,1764207427.8619382,1212.508454799652,642.0,1193.0,530.0
5,1764207427.8973916,1219.7827129364014,642.0,1184.0,539.0
5,1764207427.934697,1224.5081214904785,642.0,1176.0,552.0
5,1764207427.9613802,1229.381015777588,642.0,1209.0,555.0
5,1764207427.9918907,1231.7828087806702,642.0,1214.0,572.0
5,1764207428.0214217,1236.4170579910278,642.0,1214.0,571.0
5,1764207428.0619457,1243.7166004180908,642.0,1208.0,565.0
5,1764207428.101328,1248.4236268997192,642.0,1215.0,554.0
5,1764207428.1365042,1255.6496052742004,642.0,1234.0,545.0
5,1764207428.1749957,1260.5997829437256,642.0,1225.0,548.0
5,1764207428.2214417,1267.5928382873535,642.0,1231.0,565.0
5,1764207428.262047,1272.4784283638,642.0,1269.0,579.0
5,1764207428.296402,1279.6342759132385,642.0,1288.0,620.0
5,1764207428.3231037,1282.1036248207092,642.0,1299.0,630.0
5,1764207428.3663435,1289.2648010253906,642.0,1297.0,609.0
5,1764207428.39627,1293.991711616516,642.0,1277.0,621.0
5,1764207428.429411,1298.9251165390015,642.0,1259.0,628.0
5,1764207428.4614615,1303.703203678131,642.0,1251.0,595.0
5,1764207428.4970658,1308.492341518402,642.0,1254.0,564.0
5,1764207428.537571,1315.8096222877502,642.0,1293.0,545.0
5,1764207428.5733094,1320.5427913665771,642.0,1311.0,539.0
5,1764207428.6120691,1325.2025752067566,642.0,1331.0,548.0
5,1764207428.6414638,1330.0132780075073,642.0,1343.0,553.0
5,1764207428.6718075,1334.8339228630066,642.0,1344.0,570.0
5,1764207428.701489,1339.5935921669006,642.0,1323.0,561.0
5,1764207428.7342715,1344.49169921875,642.0,1307.0,574.0
5,1764207428.7771766,1351.7504720687866,642.0,1308.0,572.0
5,1764207428.8214188,1356.3912658691406,642.0,1327.0,582.0
5,1764207428.8667185,1363.6026887893677,642.0,1357.0,587.0
5,1764207428.897289,1368.4248356819153,642.0,1396.0,548.0
5,1764207428.9313505,1373.1924443244934,642.0,1416.0,537.0
5,1764207428.9774394,1380.4165272712708,642.0,1447.0,540.0
5,1764207429.016778,1387.6906781196594,642.0,1468.0,560.0
5,1764207429.0519648,1392.5053148269653,642.0,1426.0,581.0
5,1764207429.0917075,1397.235122203827,642.0,1399.0,592.0
5,1764207429.1164567,1402.0288734436035,642.0,1367.0,604.0
5,1764207429.1472113,1406.8067817687988,642.0,1357.0,577.0
5,1764207429.176733,1411.6839318275452,642.0,1360.0,579.0
5,1764207429.207109,1414.1102223396301,642.0,1404.0,574.0
5,1764207429.2367308,1418.9473180770874,642.0,1427.0,563.0
5,1764207429.272179,1423.703125,642.0,1458.0,544.0
5,1764207429.3017726,1428.5100727081299,642.0,1459.0,548.0
5,1764207429.3319864,1433.2425265312195,642.0,1462.0,576.0
5,1764207429.3619595,1438.0597023963928,642.0,1445.0,597.0
5,1764207429.397017,1442.9209022521973,642.0,1441.0,591.0
5,1764207429.4311702,1447.6862936019897,642.0,1482.0,578.0
5,1764207429.471416,1454.841962337494,642.0,1517.0,570.0
5,1764207429.5017295,1459.5927982330322,642.0,1525.0,556.0
5,1764207429.5264502,1462.0627551078796,642.0,1524.0,565.0
5,1764207429.5767202,1471.6820149421692,642.0,1511.0,564.0
5,1764207429.6070747,1474.1258292198181,642.0,1496.0,571.0
5,1764207429.644651,1481.2097220420837,642.0,1476.0,573.0
5,1764207429.6718597,1483.7495951652527,642.0,1488.0,574.0
5,1764207429.7016277,1488.3984713554382,642.0,1494.0,569.0
5,1764207429.7374837,1495.796540260315,642.0,1486.0,578.0
5,1764207429.7718093,1500.437083721161,642.0,1515.0,595.0
5,1764207429.8045084,1505.1904230117798,642.0,1522.0,587.0
5,1764207429.8319237,1507.685091972351,642.0,1533.0,562.0
5,1764207429.870689,1514.9585633277893,642.0,1540.0,537.0
5,1764207429.918448,1522.0165996551514,642.0,1525.0,540.0
5,1764207429.9663038,1529.2000560760498,642.0,1537.0,545.0
5,1764207430.0014317,1534.1047077178955,642.0,1531.0,547.0
5,1764207430.036874,1538.8345866203308,642.0,1534.0,569.0
5,1764207430.0671527,1543.6213641166687,642.0,1559.0,574.0
5,1764207430.1017776,1548.3876852989197,642.0,1583.0,567.0
5,1764207430.1321247,1553.2049326896667,642.0,1590.0,585.0
5,1764207430.1667278,1557.9924969673157,642.0,1583.0,582.0
5,1764207430.1970282,1562.8658204078674,642.0,1575.0,572.0
5,1764207430.2404852,1570.0676589012146,642.0,1582.0,556.0
5,1764207430.2733939,1574.7875242233276,642.0,1597.0,548.0
5,1764207430.311437,1579.7906308174133,642.0,1593.0,559.0
5,1764207430.3655345,1589.3196969032288,642.0,1577.0,575.0
5,1764207430.40621,1594.0207867622375,642.0,1578.0,577.0
5,1764207430.4322488,1598.8126783370972,642.0,1576.0,570.0
5,1764207430.4616873,1603.5895137786865,642.0,1592.0,573.0
5,1764207430.5090196,1610.9371571540833,642.0,1607.0,566.0
5,1764207430.5474086,1615.7620935440063,642.0,1603.0,570.0
5,1764207430.5736296,1620.389726638794,642.0,1587.0,583.0
5,1764207430.6049418,1625.2269296646118,642.0,1577.0,593.0
5,1764207430.641241,1630.0014762878418,642.0,1563.0,598.0
5,1764207430.6718135,1634.9237232208252,642.0,1620.0,591.0
5,1764207430.7015758,1639.725914478302,642.0,1634.0,588.0
5,1764207430.7330496,1644.4710998535156,642.0,1638.0,593.0
5,1764207430.771234,1649.2600946426392,642.0,1639.0,588.0
5,1764207430.80159,1654.126515865326,642.0,1636.0,578.0
5,1764207430.846398,1661.3045721054077,642.0,1652.0,568.0
5,1764207430.8815122,1666.0381345748901,642.0,1659.0,564.0
5,1764207430.9098437,1670.9558396339417,642.0,1654.0,573.0
5,1764207430.9577858,1678.0001430511475,642.0,1652.0,589.0
5,1764207430.9966395,1682.835557937622,642.0,1679.0,594.0
5,1764207431.0465183,1690.0333552360535,642.0,1720.0,602.0
5,1764207431.0888557,1697.2028641700745,642.0,1722.0,601.0
5,1764207431.1164987,1702.0088105201721,642.0,1685.0,585.0
5,1764207431.1480258,1706.8843154907227,642.0,1670.0,603.0
5,1764207431.1813548,1711.7241291999817,642.0,1677.0,607.0
5,1764207431.2168908,1716.5076880455017,642.0,1694.0,622.0
5,1764207431.251809,1721.268859386444,642.0,1700.0,629.0
6,1764207431.2921243,1726.093831539154,642.0,1701.0,613.0
6,1764207431.3364253,1726.093831539154,642.0,1698.0,594.0
6,1764207431.3718631,1726.093831539154,642.0,1721.0,569.0
6,1764207431.391764,1726.093831539154,642.0,1725.0,562.0
6,1764207431.4264433,1726.093831539154,642.0,1724.0,563.0
6,1764207431.4520903,1726.093831539154,642.0,1721.0,562.0
6,1764207431.4967685,1726.093831539154,642.0,1726.0,567.0
6,1764207431.5268502,1726.093831539154,642.0,1720.0,567.0
6,1764207431.5611088,1726.093831539154,642.0,1727.0,569.0
6,1764207431.591109,1726.093831539154,642.0,1567.0,553.0
6,1764207431.631088,1726.093831539154,642.0,1744.0,801.0
6,1764207431.6666036,1726.093831539154,642.0,790.0,566.0
6,1764207431.687139,1726.093831539154,642.0,514.0,596.0
6,1764207431.7213125,1726.093831539154,642.0,480.0,647.0
6,1764207431.7516575,1726.093831539154,642.0,462.0,592.0
6,1764207431.7864604,178.0,735.0,446.0,603.0
6,1764207431.8214118,182.80555295944214,735.0,432.0,596.0
6,1764207431.8531764,187.68745946884155,735.0,396.0,578.0
6,1764207431.8873544,195.00724363327026,735.0,374.0,599.0
6,1764207431.9312851,199.63619995117188,735.0,368.0,614.0
6,1764207431.981582,206.8000226020813,735.0,376.0,625.0
6,1764207432.0116572,211.61401557922363,735.0,324.0,634.0
6,1764207432.0465686,218.88938236236572,735.0,348.0,646.0
6,1764207432.0829003,223.6978678703308,735.0,371.0,639.0
6,1764207432.1269686,230.9493808746338,735.0,355.0,645.0
6,1764207432.1619794,235.60101079940796,735.0,313.0,657.0
6,1764207432.2070405,242.9601697921753,735.0,297.0,655.0
6,1764207432.231585,245.266583442688,735.0,283.0,647.0
6,1764207432.261721,250.0541477203369,735.0,293.0,641.0
6,1764207432.2965302,254.8641710281372,735.0,308.0,645.0
6,1764207432.3266332,259.62752389907837,735.0,317.0,635.0
6,1764207432.3570378,264.517870426178,735.0,325.0,620.0
6,1764207432.3911755,269.34223461151123,735.0,295.0,631.0
6,1764207432.4212568,274.0909962654114,735.0,280.0,637.0
6,1764207432.4567673,278.9887456893921,735.0,282.0,643.0
6,1764207432.486967,283.5994987487793,735.0,288.0,633.0
6,1764207432.5167558,288.4557991027832,735.0,316.0,606.0
6,1764207432.5519016,293.2620315551758,735.0,325.0,594.0
6,1764207432.5860903,298.09326219558716,735.0,351.0,600.0
6,1764207432.616621,302.8121976852417,735.0,368.0,611.0
6,1764207432.6514912,307.7163486480713,735.0,375.0,608.0
6,1764207432.6865647,314.88879013061523,735.0,371.0,600.0
6,1764207432.7256076,319.71959161758423,735.0,414.0,595.0
6,1764207432.771182,326.9293694496155,735.0,415.0,582.0
6,1764207432.8131363,331.70631217956543,735.0,412.0,584.0
6,1764207432.847018,338.9567880630493,735.0,407.0,596.0
6,1764207432.8863642,343.7943844795227,735.0,394.0,586.0
6,1764207432.9113457,348.6059455871582,735.0,380.0,579.0
6,1764207432.9413307,350.8435516357422,735.0,416.0,578.0
6,1764207432.979011,358.12667894363403,735.0,449.0,595.0
6,1764207433.0070243,362.9577307701111,735.0,463.0,590.0
6,1764207433.0424442,367.7286653518677,735.0,439.0,597.0
6,1764207433.0751355,372.4530725479126,735.0,395.0,595.0
6,1764207433.1062815,377.3544340133667,735.0,404.0,594.0
6,1764207433.1384206,382.1619539260864,735.0,422.0,598.0
6,1764207433.1869895,389.21459007263184,735.0,419.0,617.0
6,1764207433.236517,396.4881329536438,735.0,431.0,625.0
6,1764207433.2766669,401.23371171951294,735.0,443.0,607.0
6,1764207433.3145688,408.47066926956177,735.0,451.0,581.0
6,1764207433.3510706,413.24221181869507,735.0,457.0,612.0
6,1764207433.3862085,418.1247262954712,735.0,457.0,593.0
6,1764207433.4161985,422.84477043151855,735.0,482.0,588.0
6,1764207433.4514236,427.6552586555481,735.0,483.0,597.0
6,1764207433.4872384,434.989848613739,735.0,483.0,626.0
6,1764207433.5165606,437.3101739883423,735.0,478.0,626.0
6,1764207433.5567162,444.54616594314575,735.0,476.0,640.0
6,1764207433.5865986,449.21410369873047,735.0,466.0,633.0
6,1764207433.6176262,454.0682940483093,735.0,465.0,634.0
6,1764207433.651995,458.87509870529175,735.0,459.0,622.0
6,1764207433.6868668,463.79745292663574,735.0,462.0,595.0
6,1764207433.717049,468.5986785888672,735.0,463.0,576.0
6,1764207433.7517264,473.22262811660767,735.0,495.0,614.0
6,1764207433.7962673,480.4673819541931,735.0,494.0,640.0
6,1764207433.8368022,485.25762844085693,735.0,501.0,637.0
6,1764207433.861321,490.11414337158203,735.0,541.0,611.0
6,1764207433.9062498,497.3647623062134,735.0,549.0,605.0
6,1764207433.9597456,504.53502225875854,735.0,551.0,599.0
6,1764207433.9819813,506.8499116897583,735.0,552.0,593.0
6,1764207434.0062425,511.63726139068604,735.0,527.0,602.0
6,1764207434.0348198,516.4954929351807,735.0,518.0,623.0
6,1764207434.072324,521.2112097740173,735.0,539.0,644.0
6,1764207434.101844,526.0817079544067,735.0,543.0,648.0
6,1764207434.1317563,530.8515338897705,735.0,549.0,643.0
6,1764207434.1774836,538.0141048431396,735.0,574.0,632.0
6,1764207434.2163165,542.900553226471,735.0,589.0,623.0
6,1764207434.246347,547.6066498756409,735.0,598.0,640.0
6,1764207434.286656,554.9024729728699,735.0,577.0,659.0
6,1764207434.316106,557.2089581489563,735.0,562.0,666.0
6,1764207434.3565085,564.5097165107727,735.0,572.0,656.0
6,1764207434.402179,571.768310546875,735.0,590.0,636.0
6,1764207434.4368613,576.5163927078247,735.0,585.0,648.0
6,1764207434.4769766,581.2634735107422,735.0,591.0,649.0
6,1764207434.507258,586.1122279167175,735.0,585.0,641.0
6,1764207434.5364704,590.8336668014526,735.0,570.0,655.0
6,1764207434.578653,598.0937628746033,735.0,568.0,668.0
6,1764207434.6172626,602.8563289642334,735.0,589.0,664.0
6,1764207434.6462116,607.6560525894165,735.0,597.0,632.0
6,1764207434.6942875,614.9653224945068,735.0,600.0,627.0
6,1764207434.7319639,619.6754245758057,735.0,611.0,639.0
6,1764207434.7571425,624.4158177375793,735.0,634.0,648.0
6,1764207434.7916446,629.334023475647,735.0,631.0,639.0
6,1764207434.8216333,634.210458278656,735.0,647.0,628.0
6,1764207434.8569107,638.9754920005798,735.0,645.0,621.0
6,1764207434.8922427,643.6504034996033,735.0,643.0,605.0
6,1764207434.9263635,650.8586077690125,735.0,659.0,611.0
6,1764207434.9718533,655.7975559234619,735.0,670.0,628.0
6,1764207435.0060658,662.8139643669128,735.0,670.0,626.0
6,1764207435.0364807,665.2086048126221,735.0,679.0,615.0
6,1764207435.0766058,672.514799118042,735.0,691.0,617.0
6,1764207435.1016972,674.8239665031433,735.0,707.0,626.0
6,1764207435.131509,679.6608119010925,735.0,720.0,620.0
6,1764207435.1712224,686.7950587272644,735.0,709.0,613.0
6,1764207435.2094648,691.6733531951904,735.0,690.0,610.0
6,1764207435.234236,696.4222936630249,735.0,666.0,641.0
6,1764207435.272163,701.3376026153564,735.0,670.0,651.0
6,1764207435.3017442,706.0620098114014,735.0,692.0,660.0
6,1764207435.3314433,710.948100566864,735.0,697.0,642.0
6,1764207435.371046,715.6538753509521,735.0,695.0,642.0
6,1764207435.4112546,722.8056101799011,735.0,699.0,640.0
6,1764207435.4520192,727.6580123901367,735.0,753.0,642.0
6,1764207435.4963536,734.8790197372437,735.0,780.0,654.0
6,1764207435.5277991,739.7557048797607,735.0,753.0,665.0
6,1764207435.5614498,744.5239930152893,735.0,738.0,665.0
6,1764207435.59187,749.3518977165222,735.0,756.0,648.0
6,1764207435.6338334,756.4951567649841,735.0,755.0,652.0
6,1764207435.6768534,761.2625150680542,735.0,776.0,631.0
6,1764207435.7160292,768.4383897781372,735.0,796.0,633.0
6,1764207435.741455,770.8238391876221,735.0,782.0,665.0
6,1764207435.771587,775.5967049598694,735.0,754.0,681.0
6,1764207435.801795,780.4208188056946,735.0,752.0,683.0
6,1764207435.8375995,785.383406162262,735.0,764.0,669.0
6,1764207435.8712783,792.5958304405212,735.0,798.0,634.0
6,1764207435.9012952,794.8673038482666,735.0,788.0,645.0
6,1764207435.94369,802.1068720817566,735.0,790.0,654.0
6,1764207435.9812968,806.9254426956177,735.0,800.0,655.0
6,1764207436.021535,814.1118674278259,735.0,805.0,652.0
6,1764207436.0461411,818.8252596855164,735.0,820.0,666.0
6,1764207436.0825784,823.6897854804993,735.0,846.0,647.0
6,1764207436.113524,828.4814267158508,735.0,868.0,621.0
6,1764207436.1421933,830.9341816902161,735.0,882.0,614.0
6,1764207436.171276,835.6632022857666,735.0,891.0,619.0
6,1764207436.2070103,842.9556279182434,735.0,887.0,630.0
6,1764207436.2364624,845.2930479049683,735.0,872.0,650.0
6,1764207436.277753,852.3936061859131,735.0,869.0,674.0
6,1764207436.3012347,854.8748641014099,735.0,860.0,686.0
6,1764207436.3417358,862.1262340545654,735.0,870.0,664.0
6,1764207436.3666768,866.9056086540222,735.0,873.0,639.0
6,1764207436.4172914,874.1394906044006,735.0,868.0,650.0
6,1764207436.45128,878.9391069412231,735.0,873.0,659.0
6,1764207436.4913528,883.6475281715393,735.0,900.0,664.0
6,1764207436.5414424,890.8217577934265,735.0,904.0,678.0
6,1764207436.5787854,898.0430512428284,735.0,919.0,659.0
6,1764207436.6164992,902.888801574707,735.0,937.0,656.0
6,1764207436.6613219,910.1428894996643,735.0,916.0,655.0
6,1764207436.6869242,914.942720413208,735.0,897.0,643.0
6,1764207436.7169325,917.2033934593201,735.0,868.0,645.0
6,1764207436.7465355,922.0868735313416,735.0,875.0,656.0
6,1764207436.7814295,926.8662838935852,735.0,877.0,655.0
6,1764207436.8111763,931.5954117774963,735.0,908.0,670.0
6,1764207436.8493156,938.7976078987122,735.0,931.0,676.0
6,1764207436.8769376,941.3459210395813,735.0,944.0,668.0
6,1764207436.9063647,946.0932879447937,735.0,945.0,646.0
6,1764207436.9413917,950.9104280471802,735.0,950.0,638.0
6,1764207436.978932,958.0985336303711,735.0,954.0,648.0
6,1764207437.0065222,962.8824143409729,735.0,966.0,646.0
6,1764207437.0441897,967.6908283233643,735.0,966.0,633.0
6,1764207437.074825,972.5148348808289,735.0,961.0,630.0
6,1764207437.101704,974.8227863311768,735.0,994.0,668.0
6,1764207437.1538217,984.4901828765869,735.0,1019.0,665.0
6,1764207437.1918325,989.2141251564026,735.0,1033.0,638.0
6,1764207437.2177763,994.0624861717224,735.0,1017.0,636.0
6,1764207437.2629707,998.8531975746155,735.0,994.0,675.0
6,1764207437.298606,1006.0907988548279,735.0,971.0,680.0
6,1764207437.3366797,1010.9142332077026,735.0,990.0,675.0
6,1764207437.3622396,1015.7503633499146,735.0,1023.0,680.0
6,1764207437.3960972,1020.5103187561035,735.0,1021.0,667.0
6,1764207437.4263232,1025.2286462783813,735.0,1034.0,668.0
6,1764207437.4625869,1030.0427823066711,735.0,1059.0,652.0
6,1764207437.4868805,1034.9361686706543,735.0,1076.0,644.0
6,1764207437.5222578,1039.7363214492798,735.0,1050.0,629.0
6,1764207437.5560496,1044.5549635887146,735.0,1055.0,626.0
6,1764207437.5967793,1049.2796568870544,735.0,1056.0,640.0
6,1764207437.64117,1056.5993337631226,735.0,1062.0,664.0
6,1764207437.6861732,1063.8250260353088,735.0,1090.0,675.0
6,1764207437.7219574,1068.5179619789124,735.0,1082.0,644.0
6,1764207437.7573977,1073.3178644180298,735.0,1063.0,663.0
6,1764207437.7867725,1078.0686645507812,735.0,1053.0,678.0
6,1764207437.82136,1082.8648476600647,735.0,1048.0,669.0
6,1764207437.8594851,1090.1199369430542,735.0,1091.0,656.0
6,1764207437.8932078,1094.8959856033325,735.0,1119.0,658.0
6,1764207437.9220173,1099.5888500213623,735.0,1130.0,662.0
6,1764207437.962062,1104.467502117157,735.0,1118.0,648.0
6,1764207437.986066,1109.3484072685242,735.0,1128.0,633.0
6,1764207438.0215101,1113.9978199005127,735.0,1147.0,647.0
6,1764207438.0633886,1118.841817855835,735.0,1159.0,660.0
6,1764207438.117478,1128.514829158783,735.0,1158.0,662.0
6,1764207438.1471508,1133.2741408348083,735.0,1148.0,652.0
6,1764207438.1866505,1138.010027885437,735.0,1130.0,644.0
6,1764207438.2166986,1142.9383544921875,735.0,1147.0,642.0
6,1764207438.261961,1150.1718072891235,735.0,1170.0,639.0
6,1764207438.296883,1154.9256114959717,735.0,1146.0,627.0
6,1764207438.3253047,1159.6340327262878,735.0,1110.0,633.0
6,1764207438.3668687,1166.9343976974487,735.0,1118.0,642.0
6,1764207438.4062316,1171.6433553695679,735.0,1134.0,655.0
6,1764207438.4422004,1176.5254406929016,735.0,1177.0,652.0
6,1764207438.4668632,1181.243339061737,735.0,1179.0,647.0
6,1764207438.4912262,1183.726671218872,735.0,1176.0,664.0
6,1764207438.5221462,1188.5365872383118,735.0,1172.0,680.0
6,1764207438.556056,1193.3732538223267,735.0,1170.0,655.0
6,1764207438.5866094,1198.126450061798,735.0,1190.0,632.0
6,1764207438.621204,1203.0005960464478,735.0,1214.0,652.0
6,1764207438.6516721,1207.742705821991,735.0,1236.0,674.0
6,1764207438.6814733,1212.4586372375488,735.0,1227.0,682.0
6,1764207438.7257998,1219.719627380371,735.0,1227.0,669.0
6,1764207438.7618537,1224.4915990829468,735.0,1225.0,650.0
6,1764207438.8071094,1231.6523461341858,735.0,1222.0,639.0
6,1764207438.841223,1236.5224509239197,735.0,1213.0,650.0
6,1764207438.8763494,1241.2566928863525,735.0,1220.0,671.0
6,1764207438.9068353,1246.008279800415,735.0,1232.0,679.0
6,1764207438.9412587,1250.8472352027893,735.0,1239.0,681.0
6,1764207438.9719787,1255.7646899223328,735.0,1237.0,670.0
6,1764207439.0064752,1262.8753690719604,735.0,1274.0,653.0
6,1764207439.046055,1267.781415462494,735.0,1292.0,633.0
6,1764207439.0760355,1272.479787349701,735.0,1293.0,630.0
6,1764207439.112438,1277.2489695549011,735.0,1278.0,646.0
6,1764207439.1467183,1282.1190028190613,735.0,1294.0,658.0
6,1764207439.1788578,1286.9452981948853,735.0,1305.0,652.0
6,1764207439.2110183,1291.7012481689453,735.0,1309.0,628.0
6,1764207439.24129,1296.4965014457703,735.0,1301.0,631.0
6,1764207439.2713656,1301.1955885887146,735.0,1290.0,641.0
6,1764207439.313898,1308.471920967102,735.0,1279.0,646.0
6,1764207439.3560262,1313.3762865066528,735.0,1288.0,655.0
6,1764207439.3949487,1320.397916316986,735.0,1324.0,656.0
6,1764207439.43598,1325.2019672393799,735.0,1328.0,643.0
6,1764207439.4653986,1330.123463153839,735.0,1314.0,656.0
6,1764207439.4967098,1334.8956136703491,735.0,1314.0,666.0
6,1764207439.5414097,1341.9958500862122,735.0,1318.0,664.0
6,1764207439.5918689,1349.2265491485596,735.0,1332.0,637.0
6,1764207439.6336713,1356.4200191497803,735.0,1360.0,618.0
6,1764207439.6565416,1358.884575843811,735.0,1360.0,630.0
6,1764207439.7014036,1366.0218267440796,735.0,1366.0,641.0
6,1764207439.7363665,1370.9312348365784,735.0,1354.0,632.0
6,1764207439.7660234,1375.63525724411,735.0,1354.0,608.0
6,1764207439.8068311,1382.9287557601929,735.0,1387.0,597.0
6,1764207439.846454,1387.6558809280396,735.0,1396.0,609.0
6,1764207439.8865242,1394.8827176094055,735.0,1383.0,618.0
6,1764207439.9238203,1399.723997592926,735.0,1394.0,608.0
6,1764207439.9623241,1404.5089511871338,735.0,1421.0,613.0
6,1764207439.9913113,1409.206715106964,735.0,1429.0,622.0
6,1764207440.0335484,1416.4408473968506,735.0,1411.0,618.0
6,1764207440.071867,1421.2791233062744,735.0,1405.0,633.0
6,1764207440.0978444,1426.113465309143,735.0,1411.0,653.0
6,1764207440.1310995,1430.9274582862854,735.0,1456.0,650.0
6,1764207440.1722052,1435.7093720436096,735.0,1478.0,643.0
6,1764207440.2173102,1442.9773001670837,735.0,1470.0,629.0
6,1764207440.2422857,1447.7842478752136,735.0,1458.0,635.0
6,1764207440.2767503,1452.418318271637,735.0,1467.0,627.0
6,1764207440.311551,1457.1861414909363,735.0,1487.0,623.0
6,1764207440.341494,1462.0214848518372,735.0,1490.0,637.0
6,1764207440.372094,1466.880181312561,735.0,1483.0,649.0
6,1764207440.4060292,1471.6741828918457,735.0,1531.0,647.0
6,1764207440.4518707,1478.8502006530762,735.0,1532.0,654.0
6,1764207440.5012426,1486.1116557121277,735.0,1537.0,691.0
6,1764207440.5267003,1490.9091262817383,735.0,1515.0,671.0
6,1764207440.555991,1493.3486847877502,735.0,1507.0,623.0
6,1764207440.5910802,1500.5661158561707,735.0,1533.0,618.0
6,1764207440.6214101,1502.9876856803894,735.0,1554.0,628.0
6,1764207440.6517622,1507.6175718307495,735.0,1549.0,643.0
6,1764207440.6862614,1514.8432998657227,735.0,1518.0,644.0
6,1764207440.7216659,1519.6439175605774,735.0,1507.0,650.0
6,1764207440.756787,1524.3845610618591,735.0,1512.0,653.0
6,1764207440.792066,1529.287567615509,735.0,1516.0,648.0
6,1764207440.8210056,1534.042194366455,735.0,1526.0,637.0
6,1764207440.856883,1538.9307527542114,735.0,1538.0,638.0
6,1764207440.9016147,1546.0028438568115,735.0,1554.0,639.0
6,1764207440.9412374,1550.8485226631165,735.0,1585.0,652.0
6,1764207440.9866245,1558.1380157470703,735.0,1591.0,662.0
6,1764207441.0221071,1562.8911762237549,735.0,1548.0,651.0
6,1764207441.0613322,1570.1002388000488,735.0,1531.0,654.0
6,1764207441.0959947,1574.906864643097,735.0,1562.0,661.0
6,1764207441.123172,1579.7595529556274,735.0,1581.0,661.0
6,1764207441.1713026,1586.8120818138123,735.0,1582.0,670.0
6,1764207441.2212443,1594.055941581726,735.0,1560.0,686.0
6,1764207441.2468467,1598.931088924408,735.0,1543.0,695.0
6,1764207441.2765512,1601.3801245689392,735.0,1566.0,706.0
6,1764207441.3062851,1606.183138370514,735.0,1598.0,709.0
6,1764207441.3415663,1610.9695224761963,735.0,1587.0,689.0
6,1764207441.3866742,1618.0725483894348,735.0,1615.0,662.0
6,1764207441.4213564,1622.790518283844,735.0,1637.0,644.0
6,1764207441.451975,1627.7174859046936,735.0,1648.0,620.0
6,1764207441.4814787,1632.4073104858398,735.0,1650.0,634.0
6,1764207441.5115924,1637.1939449310303,735.0,1633.0,632.0
6,1764207441.546001,1642.0926599502563,735.0,1620.0,634.0
6,1764207441.5766466,1646.9121961593628,735.0,1617.0,640.0
6,1764207441.6069286,1651.7244367599487,735.0,1618.0,643.0
6,1764207441.6366374,1656.477704524994,735.0,1621.0,649.0
6,1764207441.666621,1661.2796096801758,735.0,1626.0,639.0
6,1764207441.7144718,1668.4573798179626,735.0,1621.0,650.0
6,1764207441.7511487,1673.4161047935486,735.0,1629.0,655.0
6,1764207441.777453,1678.0563621520996,735.0,1644.0,654.0
6,1764207441.8120632,1682.7887802124023,735.0,1656.0,646.0
6,1764207441.841294,1687.6317768096924,735.0,1656.0,673.0
6,1764207441.874698,1692.493191242218,735.0,1670.0,689.0
6,1764207441.911888,1697.2006468772888,735.0,1666.0,697.0
6,1764207441.9418952,1702.0011930465698,735.0,1662.0,687.0
6,1764207441.9763026,1706.926694393158,735.0,1659.0,692.0
6,1764207442.0213661,1714.0950589179993,735.0,1655.0,695.0
6,1764207442.068617,1721.2577013969421,735.0,1666.0,694.0
7,1764207442.1061373,1726.181128501892,735.0,1686.0,688.0
7,1764207442.141285,1726.181128501892,735.0,1679.0,688.0
7,1764207442.180987,1726.181128501892,735.0,1671.0,724.0
7,1764207442.2014985,1726.181128501892,735.0,1677.0,728.0
7,1764207442.2319248,1726.181128501892,735.0,1686.0,711.0
7,1764207442.2610533,1726.181128501892,735.0,1686.0,706.0
7,1764207442.2962735,1726.181128501892,735.0,1682.0,704.0
7,1764207442.3312738,1726.181128501892,735.0,1686.0,710.0
7,1764207442.361831,1726.181128501892,735.0,1671.0,718.0
7,1764207442.4060707,1726.181128501892,735.0,1519.0,730.0
7,1764207442.4359922,1726.181128501892,735.0,1262.0,708.0
7,1764207442.472202,1726.181128501892,735.0,1216.0,651.0
7,1764207442.4963388,1726.181128501892,735.0,991.0,648.0
7,1764207442.5269172,1726.181128501892,735.0,1074.0,1220.0
7,1764207442.5771224,1726.181128501892,735.0,310.0,786.0
7,1764207442.6120703,178.0,828.0,272.0,679.0
7,1764207442.6365318,182.92678880691528,828.0,302.0,685.0
7,1764207442.6719816,187.637713432312,828.0,314.0,699.0
7,1764207442.7016664,192.40378427505493,828.0,273.0,740.0
7,1764207442.7368572,197.32156085968018,828.0,259.0,718.0
7,1764207442.7668974,202.01961088180542,828.0,257.0,728.0
7,1764207442.796823,206.95179986953735,828.0,277.0,694.0
7,1764207442.8313682,211.8052749633789,828.0,260.0,682.0
7,1764207442.866281,216.50525617599487,828.0,246.0,682.0
7,1764207442.8964314,221.21049451828003,828.0,228.0,688.0
7,1764207442.9368632,228.4762053489685,828.0,243.0,671.0
7,1764207442.9677186,233.2252173423767,828.0,300.0,662.0
7,1764207443.011655,238.0493311882019,828.0,343.0,661.0
7,1764207443.0562878,245.27616786956787,828.0,351.0,680.0
7,1764207443.0810013,250.07810878753662,828.0,350.0,678.0
7,1764207443.1166716,254.8941044807434,828.0,348.0,700.0
7,1764207443.1654785,262.06254053115845,828.0,335.0,730.0
7,1764207443.2091613,269.3085460662842,828.0,316.0,703.0
7,1764207443.2490566,274.014928817749,828.0,291.0,679.0
7,1764207443.2812603,278.8667588233948,828.0,256.0,747.0
7,1764207443.3159347,283.6432008743286,828.0,267.0,704.0
7,1764207443.3539164,290.9182815551758,828.0,224.0,743.0
7,1764207443.4015853,298.14275789260864,828.0,317.0,701.0
7,1764207443.4331641,302.9409794807434,828.0,359.0,684.0
7,1764207443.471509,307.63892221450806,828.0,247.0,762.0
7,1764207443.5019283,312.52361822128296,828.0,406.0,680.0
7,1764207443.5370164,317.2865777015686,828.0,257.0,742.0
7,1764207443.571186,322.0928101539612,828.0,255.0,746.0
7,1764207443.6012876,326.96202087402344,828.0,412.0,689.0
7,1764207443.6310532,331.74629497528076,828.0,278.0,762.0
7,1764207443.6664631,336.4044337272644,828.0,433.0,687.0
7,1764207443.696744,341.25007677078247,828.0,455.0,691.0
7,1764207443.736882,348.4233765602112,828.0,431.0,706.0
7,1764207443.776356,353.2033233642578,828.0,433.0,704.0
7,1764207443.8012867,358.1401615142822,828.0,284.0,730.0
7,1764207443.832699,362.95798110961914,828.0,309.0,742.0
7,1764207443.8669653,367.61819410324097,828.0,457.0,701.0
7,1764207443.8997645,372.41816806793213,828.0,451.0,706.0
7,1764207443.9295006,377.2190361022949,828.0,346.0,731.0
7,1764207443.9621654,382.0856719017029,828.0,468.0,700.0
7,1764207443.996946,386.96010398864746,828.0,471.0,673.0
7,1764207444.0414762,394.1334037780762,828.0,478.0,681.0
7,1764207444.0809338,398.9061622619629,828.0,491.0,701.0
7,1764207444.1068397,403.64483880996704,828.0,465.0,702.0
7,1764207444.1366487,408.4101228713989,828.0,459.0,688.0
7,1764207444.1860216,415.6340627670288,828.0,493.0,718.0
7,1764207444.2355278,422.8949456214905,828.0,403.0,738.0
7,1764207444.2664242,427.7507095336914,828.0,495.0,699.0
7,1764207444.3162012,434.9373846054077,828.0,520.0,674.0
7,1764207444.3568292,439.78503036499023,828.0,524.0,698.0
7,1764207444.4016979,446.9016819000244,828.0,496.0,709.0
7,1764207444.445952,454.1660695075989,828.0,500.0,706.0
7,1764207444.4716682,458.8666229248047,828.0,514.0,693.0
7,1764207444.5057356,463.7150197029114,828.0,514.0,693.0
7,1764207444.5311356,466.0839467048645,828.0,533.0,720.0
7,1764207444.5761118,473.3288435935974,828.0,547.0,716.0
7,1764207444.6112258,478.0292897224426,828.0,542.0,728.0
7,1764207444.656859,485.25648403167725,828.0,527.0,729.0
7,1764207444.6917565,490.1803045272827,828.0,536.0,710.0
7,1764207444.721103,494.79781675338745,828.0,552.0,702.0
7,1764207444.7515945,499.6745376586914,828.0,571.0,715.0
7,1764207444.786922,504.4346718788147,828.0,554.0,737.0
7,1764207444.8166769,509.2316060066223,828.0,552.0,745.0
7,1764207444.8462336,514.0754609107971,828.0,537.0,725.0
7,1764207444.8814023,518.9584760665894,828.0,533.0,678.0
7,1764207444.9109955,523.7421779632568,828.0,541.0,668.0
7,1764207444.9546037,531.101122379303,828.0,554.0,675.0
7,1764207444.9911034,535.6879143714905,828.0,554.0,689.0
7,1764207445.016682,540.4408602714539,828.0,538.0,671.0
7,1764207445.0486023,545.2082543373108,828.0,563.0,658.0
7,1764207445.0811086,550.0520377159119,828.0,589.0,667.0
7,1764207445.1121507,554.8569469451904,828.0,588.0,684.0
7,1764207445.1447093,559.5954089164734,828.0,570.0,683.0
7,1764207445.181187,564.4319324493408,828.0,572.0,692.0
7,1764207445.21662,569.2854075431824,828.0,562.0,697.0
7,1764207445.246359,574.0991501808167,828.0,573.0,686.0
7,1764207445.2815883,578.8582830429077,828.0,589.0,680.0
7,1764207445.3116179,583.6601524353027,828.0,609.0,686.0
7,1764207445.3528855,590.8931045532227,828.0,588.0,682.0
7,1764207445.3860788,595.7438259124756,828.0,561.0,686.0
7,1764207445.4329164,602.9079346656799,828.0,567.0,684.0
7,1764207445.476282,607.7228217124939,828.0,616.0,676.0
7,1764207445.506866,612.5398902893066,828.0,635.0,670.0
7,1764207445.5316668,617.2061829566956,828.0,629.0,671.0
7,1764207445.5762222,624.4775800704956,828.0,636.0,671.0
7,1764207445.625694,631.6338925361633,828.0,652.0,680.0
7,1764207445.657067,636.4868669509888,828.0,656.0,693.0
7,1764207445.696101,641.1945371627808,828.0,642.0,694.0
7,1764207445.7211213,646.1248307228088,828.0,627.0,692.0
7,1764207445.7517216,650.8699803352356,828.0,654.0,679.0
7,1764207445.7865303,655.7429103851318,828.0,676.0,671.0
7,1764207445.8178482,660.4780464172363,828.0,668.0,666.0
7,1764207445.848033,665.2980833053589,828.0,665.0,673.0
7,1764207445.8816729,670.0069336891174,828.0,674.0,657.0
7,1764207445.916678,674.7995047569275,828.0,670.0,633.0
7,1764207445.9530618,679.7051935195923,828.0,664.0,631.0
7,1764207446.0079525,689.268949508667,828.0,673.0,653.0
7,1764207446.0517292,694.083300113678,828.0,679.0,674.0
7,1764207446.0919735,701.3332753181458,828.0,674.0,658.0
7,1764207446.1177542,703.7167220115662,828.0,663.0,682.0
7,1764207446.1520047,710.9016089439392,828.0,671.0,718.0
7,1764207446.192953,715.6599907875061,828.0,680.0,721.0
7,1764207446.2168198,720.4753427505493,828.0,703.0,702.0
7,1764207446.25113,725.3086833953857,828.0,713.0,693.0
7,1764207446.285317,730.0183563232422,828.0,727.0,675.0
7,1764207446.3278146,737.2815637588501,828.0,740.0,663.0
7,1764207446.356756,739.722195148468,828.0,744.0,685.0
7,1764207446.3862073,744.4103031158447,828.0,747.0,682.0
7,1764207446.4187663,749.2766170501709,828.0,758.0,667.0
7,1764207446.457503,756.5463333129883,828.0,769.0,651.0
7,1764207446.4914114,761.3110451698303,828.0,780.0,652.0
7,1764207446.5319982,766.1095170974731,828.0,776.0,636.0
7,1764207446.5709908,773.3408241271973,828.0,771.0,626.0
7,1764207446.6172767,780.5335788726807,828.0,803.0,647.0
7,1764207446.6570678,785.2808027267456,828.0,806.0,679.0
7,1764207446.6812267,790.1183276176453,828.0,823.0,715.0
7,1764207446.706901,792.4338965415955,828.0,842.0,690.0
7,1764207446.7370968,797.2805051803589,828.0,852.0,672.0
7,1764207446.7713246,802.1608738899231,828.0,856.0,664.0
7,1764207446.8010108,806.8676142692566,828.0,851.0,651.0
7,1764207446.831241,811.6280345916748,828.0,821.0,630.0
7,1764207446.8661153,816.405442237854,828.0,798.0,642.0
7,1764207446.8970497,821.280303478241,828.0,797.0,673.0
7,1764207446.9311547,826.0584263801575,828.0,807.0,689.0
7,1764207446.9615495,830.9122233390808,828.0,828.0,724.0
7,1764207446.9964511,835.6706409454346,828.0,842.0,745.0
7,1764207447.0207355,840.559986114502,828.0,853.0,720.0
7,1764207447.0681226,847.7096824645996,828.0,842.0,697.0
7,1764207447.0983114,852.5047569274902,828.0,837.0,670.0
7,1764207447.1209693,854.8741846084595,828.0,852.0,652.0
7,1764207447.1509767,859.7764759063721,828.0,862.0,662.0
7,1764207447.1965249,866.8256788253784,828.0,873.0,706.0
7,1764207447.2237725,871.6723589897156,828.0,881.0,733.0
7,1764207447.2671547,876.4239459037781,828.0,882.0,716.0
7,1764207447.306469,883.6352257728577,828.0,875.0,682.0
7,1764207447.3377137,888.5252504348755,828.0,857.0,675.0
7,1764207447.3680863,893.2748346328735,828.0,842.0,688.0
7,1764207447.4013424,898.1000213623047,828.0,843.0,684.0
7,1764207447.431816,902.8409509658813,828.0,885.0,663.0
7,1764207447.4637878,907.6257257461548,828.0,917.0,653.0
7,1764207447.5013807,912.4695091247559,828.0,914.0,650.0
7,1764207447.528564,917.3563508987427,828.0,892.0,662.0
7,1764207447.5666847,922.12921667099,828.0,900.0,650.0
7,1764207447.6094773,929.2233376502991,828.0,926.0,620.0
7,1764207447.6509058,934.05628490448,828.0,938.0,590.0
7,1764207447.6966712,941.4532451629639,828.0,937.0,627.0
7,1764207447.7214801,946.0036306381226,828.0,949.0,662.0
7,1764207447.7463994,948.4572439193726,828.0,959.0,638.0
7,1764207447.7810898,955.7435898780823,828.0,992.0,640.0
7,1764207447.8117645,958.1235318183899,828.0,997.0,647.0
7,1764207447.8480113,965.3045206069946,828.0,997.0,641.0
7,1764207447.8812087,970.0657634735107,828.0,977.0,606.0
7,1764207447.9120717,974.9121932983398,828.0,967.0,622.0
7,1764207447.946265,979.5918612480164,828.0,967.0,665.0
7,1764207447.9816976,984.445837020874,828.0,956.0,710.0
7,1764207448.027013,991.7581825256348,828.0,960.0,689.0
7,1764207448.066306,996.448793888092,828.0,977.0,661.0
7,1764207448.1058955,1003.756561756134,828.0,980.0,642.0
7,1764207448.1419027,1008.4533243179321,828.0,1009.0,654.0
7,1764207448.1879392,1015.6922488212585,828.0,1051.0,638.0
7,1764207448.2262573,1020.4417972564697,828.0,1068.0,620.0
7,1764207448.263506,1027.6238589286804,828.0,1054.0,624.0
7,1764207448.3010263,1032.4205069541931,828.0,1039.0,632.0
7,1764207448.3215518,1034.9303393363953,828.0,1054.0,648.0
7,1764207448.3539507,1039.6582870483398,828.0,1072.0,674.0
7,1764207448.386883,1044.44366979599,828.0,1075.0,705.0
7,1764207448.4173975,1049.2761163711548,828.0,1044.0,712.0
7,1764207448.4468255,1054.0870695114136,828.0,1042.0,705.0
7,1764207448.4817092,1058.8086514472961,828.0,1043.0,698.0
7,1764207448.5113368,1063.6959581375122,828.0,1070.0,685.0
7,1764207448.5469847,1068.538775920868,828.0,1100.0,671.0
7,1764207448.5905807,1075.6814270019531,828.0,1104.0,676.0
7,1764207448.6367424,1082.9394488334656,828.0,1081.0,690.0
7,1764207448.6759095,1087.7044825553894,828.0,1088.0,696.0
7,1764207448.7167788,1094.8825030326843,828.0,1129.0,661.0
7,1764207448.7611284,1102.0603804588318,828.0,1172.0,665.0
7,1764207448.8013184,1106.7906169891357,828.0,1145.0,671.0
7,1764207448.8310297,1111.6611866950989,828.0,1149.0,687.0
7,1764207448.8574579,1116.5523200035095,828.0,1153.0,689.0
7,1764207448.8932924,1121.218219280243,828.0,1137.0,686.0
7,1764207448.921673,1126.0762362480164,828.0,1136.0,698.0
7,1764207448.9693255,1133.3510665893555,828.0,1155.0,726.0
7,1764207449.0113876,1138.122036933899,828.0,1152.0,723.0
7,1764207449.0365906,1142.8318886756897,828.0,1122.0,706.0
7,1764207449.0667903,1147.7562456130981,828.0,1126.0,728.0
7,1764207449.1114583,1154.8276929855347,828.0,1159.0,727.0
7,1764207449.1514728,1159.6694378852844,828.0,1180.0,723.0
7,1764207449.1762571,1164.5102171897888,828.0,1190.0,697.0
7,1764207449.2074442,1169.2036538124084,828.0,1178.0,692.0
7,1764207449.236211,1171.6238288879395,828.0,1162.0,693.0
7,1764207449.266099,1176.4793782234192,828.0,1163.0,705.0
7,1764207449.3009398,1183.721092224121,828.0,1173.0,708.0
7,1764207449.3370173,1188.430371761322,828.0,1178.0,715.0
7,1764207449.3676884,1193.271258354187,828.0,1190.0,706.0
7,1764207449.4067829,1198.0434803962708,828.0,1181.0,704.0
7,1764207449.4408622,1202.8612642288208,828.0,1173.0,713.0
7,1764207449.466038,1207.6035170555115,828.0,1196.0,720.0
7,1764207449.5065444,1212.4228744506836,828.0,1203.0,723.0
7,1764207449.5310962,1217.2042875289917,828.0,1209.0,739.0
7,1764207449.5708735,1222.1498517990112,828.0,1190.0,740.0
7,1764207449.6009164,1226.950719833374,828.0,1199.0,742.0
7,1764207449.6319466,1231.6609292030334,828.0,1212.0,739.0
7,1764207449.6665916,1236.4837555885315,828.0,1202.0,719.0
7,1764207449.7011297,1243.7495737075806,828.0,1186.0,709.0
7,1764207449.7410123,1248.400059223175,828.0,1207.0,724.0
7,1764207449.7698402,1253.2285361289978,828.0,1240.0,717.0
7,1764207449.8112779,1258.0257563591003,828.0,1240.0,711.0
7,1764207449.8564143,1265.2296333312988,828.0,1164.0,799.0
7,1764207449.8967404,1272.4339036941528,828.0,1207.0,799.0
7,1764207449.9211547,1274.8056559562683,828.0,1251.0,773.0
7,1764207449.951822,1279.6744017601013,828.0,1269.0,764.0
7,1764207449.992935,1286.920693397522,828.0,1260.0,746.0
7,1764207450.0308805,1291.6441349983215,828.0,1242.0,747.0
7,1764207450.0570369,1296.4219360351562,828.0,1225.0,773.0
7,1764207450.0913153,1301.3416438102722,828.0,1210.0,805.0
7,1764207450.1225011,1306.0396938323975,828.0,1206.0,822.0
7,1764207450.1682363,1313.1988315582275,828.0,1219.0,834.0
7,1764207450.1962552,1315.6023411750793,828.0,1187.0,823.0
7,1764207450.2213953,1320.4365758895874,828.0,1159.0,811.0
7,1764207450.2488298,1325.2085118293762,828.0,1153.0,802.0
7,1764207450.2816753,1330.0282983779907,828.0,1163.0,776.0
7,1764207450.3209841,1334.891107559204,828.0,1182.0,769.0
7,1764207450.361127,1342.1283512115479,828.0,1269.0,739.0
7,1764207450.386505,1344.3861989974976,828.0,1304.0,704.0
7,1764207450.4210336,1351.7351655960083,828.0,1293.0,717.0
7,1764207450.4509284,1354.1166095733643,828.0,1288.0,728.0
7,1764207450.4816563,1358.8228492736816,828.0,1319.0,700.0
7,1764207450.5112505,1363.720956325531,828.0,1335.0,674.0
7,1764207450.546319,1368.3890013694763,828.0,1325.0,720.0
7,1764207450.5854104,1375.6179480552673,828.0,1304.0,750.0
7,1764207450.6116698,1378.078785419464,828.0,1285.0,737.0
7,1764207450.6417403,1382.8617362976074,828.0,1306.0,729.0
7,1764207450.681728,1390.0147585868835,828.0,1319.0,729.0
7,1764207450.7061791,1392.459216594696,828.0,1310.0,728.0
7,1764207450.7411551,1399.7533946037292,828.0,1299.0,728.0
7,1764207450.7764294,1404.4015197753906,828.0,1307.0,731.0
7,1764207450.8111749,1409.378734111786,828.0,1362.0,724.0
7,1764207450.8414094,1414.041808128357,828.0,1409.0,724.0
7,1764207450.8742633,1418.900719165802,828.0,1422.0,715.0
7,1764207450.9169092,1423.5999851226807,828.0,1429.0,706.0
7,1764207450.961631,1430.796745300293,828.0,1417.0,705.0
7,1764207450.996697,1435.6542615890503,828.0,1369.0,700.0
7,1764207451.0360897,1442.8815631866455,828.0,1363.0,737.0
7,1764207451.0648084,1447.6810007095337,828.0,1356.0,792.0
7,1764207451.1065047,1452.5208144187927,828.0,1345.0,800.0
7,1764207451.1461902,1459.6771984100342,828.0,1356.0,790.0
7,1764207451.1761692,1464.493444442749,828.0,1410.0,773.0
7,1764207451.2081997,1469.2829041481018,828.0,1441.0,782.0
7,1764207451.2361631,1471.686306476593,828.0,1468.0,775.0
7,1764207451.2664711,1476.4356045722961,828.0,1475.0,787.0
7,1764207451.3009043,1483.7157635688782,828.0,1465.0,783.0
7,1764207451.3310769,1486.12349319458,828.0,1453.0,764.0
7,1764207451.3621979,1490.8486514091492,828.0,1453.0,744.0
7,1764207451.4014738,1498.1250910758972,828.0,1452.0,737.0
7,1764207451.4364843,1502.8359084129333,828.0,1471.0,762.0
7,1764207451.4769032,1507.6546578407288,828.0,1508.0,780.0
7,1764207451.5171125,1514.8719816207886,828.0,1494.0,771.0
7,1764207451.5448692,1519.6767120361328,828.0,1450.0,764.0
7,1764207451.5717099,1522.0767526626587,828.0,1464.0,780.0
7,1764207451.600864,1526.9516854286194,828.0,1479.0,794.0
7,1764207451.6362445,1531.7074208259583,828.0,1467.0,808.0
7,1764207451.6667738,1536.4092259407043,828.0,1469.0,815.0
7,1764207451.7048378,1543.6555891036987,828.0,1519.0,786.0
7,1764207451.7314355,1546.0954694747925,828.0,1550.0,747.0
7,1764207451.7718332,1553.2444863319397,828.0,1551.0,731.0
7,1764207451.807847,1558.1039338111877,828.0,1553.0,734.0
7,1764207451.8337512,1562.958267211914,828.0,1557.0,742.0
7,1764207451.8714614,1567.7647857666016,828.0,1571.0,730.0
7,1764207451.8967645,1572.497311115265,828.0,1584.0,709.0
7,1764207451.9308698,1577.3288278579712,828.0,1583.0,705.0
7,1764207451.9713907,1582.1298747062683,828.0,1589.0,715.0
7,1764207452.0099366,1589.2479209899902,828.0,1595.0,747.0
7,1764207452.0460746,1594.043496131897,828.0,1611.0,747.0
7,1764207452.1013825,1603.6263852119446,828.0,1619.0,737.0
7,1764207452.131656,1606.0362963676453,828.0,1607.0,718.0
7,1764207452.1610527,1610.9333662986755,828.0,1582.0,728.0
7,1764207452.1916907,1615.6156449317932,828.0,1562.0,755.0
7,1764207452.2262533,1620.3915147781372,828.0,1571.0,765.0
7,1764207452.256869,1625.3249912261963,828.0,1592.0,761.0
7,1764207452.2866333,1630.032732963562,828.0,1597.0,745.0
7,1764207452.3211644,1634.9451808929443,828.0,1626.0,749.0
7,1764207452.3565612,1639.5894079208374,828.0,1618.0,753.0
7,1764207452.389636,1644.5453791618347,828.0,1617.0,777.0
7,1764207452.4246168,1651.5894680023193,828.0,1605.0,789.0
7,1764207452.4515991,1654.132309436798,828.0,1601.0,784.0
7,1764207452.4814441,1658.7967066764832,828.0,1613.0,779.0
7,1764207452.5317535,1666.1182789802551,828.0,1637.0,775.0
7,1764207452.5728605,1673.1912641525269,828.0,1645.0,777.0
7,1764207452.6021369,1678.2166509628296,828.0,1654.0,758.0
7,1764207452.624945,1680.4277925491333,828.0,1688.0,777.0
7,1764207452.656579,1685.3100924491882,828.0,1681.0,790.0
7,1764207452.6926203,1690.1351718902588,828.0,1666.0,813.0
7,1764207452.7208486,1694.8994188308716,828.0,1657.0,826.0
7,1764207452.751132,1699.6121315956116,828.0,1665.0,827.0
7,1764207452.786531,1704.7050385475159,828.0,1686.0,822.0
7,1764207452.8210542,1711.7382555007935,828.0,1699.0,824.0
7,1764207452.851261,1714.0087275505066,828.0,1699.0,826.0
7,1764207452.8920846,1721.296468257904,828.0,1693.0,813.0
8,1764207452.9309635,1726.0661869049072,828.0,1686.0,795.0
8,1764207452.961665,1726.0661869049072,828.0,1646.0,750.0
8,1764207452.9911962,1726.0661869049072,828.0,1628.0,717.0
8,1764207453.0216897,1726.0661869049072,828.0,1632.0,710.0
8,1764207453.0519445,1726.0661869049072,828.0,1645.0,721.0
8,1764207453.0964756,1726.0661869049072,828.0,1673.0,741.0
8,1764207453.1360056,1726.0661869049072,828.0,1699.0,767.0
8,1764207453.1767762,1726.0661869049072,828.0,1695.0,759.0
8,1764207453.2118757,1726.0661869049072,828.0,1675.0,753.0
8,1764207453.250958,1726.0661869049072,828.0,1561.0,757.0
8,1764207453.286938,1726.0661869049072,828.0,1225.0,736.0
8,1764207453.3158336,1726.0661869049072,828.0,1030.0,734.0
8,1764207453.3465724,1726.0661869049072,828.0,1498.0,1107.0
8,1764207453.3764715,1726.0661869049072,828.0,1168.0,1263.0
8,1764207453.4118593,1726.0661869049072,828.0,1714.0,959.0
8,1764207453.4465816,180.41416692733765,921.0,1213.0,345.0
8,1764207453.4761653,185.39456415176392,921.0,793.0,463.0
8,1764207453.5111172,190.06339597702026,921.0,696.0,342.0
8,1764207453.5366578,194.90807342529297,921.0,1462.0,232.0
8,1764207453.5662127,199.79663181304932,921.0,781.0,1211.0
8,1764207453.598257,204.57543420791626,921.0,792.0,1179.0
8,1764207453.63612,209.25656843185425,921.0,338.0,576.0
8,1764207453.666337,214.08629703521729,921.0,319.0,616.0
8,1764207453.7017837,218.82332849502563,921.0,308.0,620.0
8,1764207453.7369907,223.65037488937378,921.0,306.0,614.0
8,1764207453.7723389,230.87327766418457,921.0,764.0,1183.0
8,1764207453.8064415,235.65340328216553,921.0,776.0,1153.0
8,1764207453.8361106,240.40391731262207,921.0,776.0,1155.0
8,1764207453.871506,245.29565858840942,921.0,777.0,1157.0
8,1764207453.9111085,250.1232771873474,921.0,737.0,1185.0
8,1764207453.941654,254.80519819259644,921.0,737.0,1190.0
8,1764207453.9767578,259.6485524177551,921.0,317.0,794.0
8,1764207454.0133648,266.8489603996277,921.0,735.0,1197.0
8,1764207454.047216,271.741774559021,921.0,747.0,1164.0
8,1764207454.0810418,276.546826839447,921.0,748.0,1166.0
8,1764207454.1165822,281.7256717681885,921.0,737.0,1201.0
8,1764207454.151125,286.05743932724,921.0,779.0,1178.0
8,1764207454.1908665,293.2008056640625,921.0,749.0,1170.0
8,1764207454.2316837,298.060396194458,921.0,750.0,1173.0
8,1764207454.276096,305.30475664138794,921.0,792.0,1152.0
8,1764207454.3116975,310.02587366104126,921.0,722.0,1171.0
8,1764207454.3511224,317.3275260925293,921.0,783.0,1194.0
8,1764207454.386413,322.0881609916687,921.0,752.0,1188.0
8,1764207454.4289696,329.2412905693054,921.0,834.0,1257.0
8,1764207454.4614043,334.0839295387268,921.0,814.0,1215.0
8,1764207454.4966807,338.87814569473267,921.0,815.0,1217.0
8,1764207454.531721,343.80708026885986,921.0,816.0,1220.0
8,1764207454.566836,348.5732583999634,921.0,764.0,1284.0
8,1764207454.6068056,355.6321530342102,921.0,818.0,1226.0
8,1764207454.6417327,360.47464895248413,921.0,416.0,812.0
8,1764207454.676425,365.2234106063843,921.0,818.0,1232.0
8,1764207454.7116432,370.0019268989563,921.0,789.0,1227.0
8,1764207454.75104,377.2040514945984,921.0,790.0,1230.0
8,1764207454.7865026,382.01586294174194,921.0,378.0,807.0
8,1764207454.8211398,386.9163661003113,921.0,380.0,804.0
8,1764207454.856971,391.62425088882446,921.0,437.0,803.0
8,1764207454.8925834,398.93337774276733,921.0,822.0,1250.0
8,1764207454.9215364,403.73596239089966,921.0,823.0,1251.0
8,1764207454.9573824,408.4679870605469,921.0,453.0,781.0
8,1764207454.9916728,413.32707691192627,921.0,782.0,1282.0
8,1764207455.026062,418.1281237602234,921.0,784.0,1285.0
8,1764207455.0614672,422.9411153793335,921.0,785.0,1289.0
8,1764207455.0963593,427.75478649139404,921.0,477.0,774.0
8,1764207455.1334774,434.90916776657104,921.0,482.0,781.0
8,1764207455.1611352,439.67577505111694,921.0,525.0,791.0
8,1764207455.1970615,444.5186285972595,921.0,539.0,808.0
8,1764207455.2320013,449.57130241394043,921.0,861.0,1289.0
8,1764207455.2614412,454.07501745224,921.0,861.0,1293.0
8,1764207455.2966292,458.8816075325012,921.0,861.0,1295.0
8,1764207455.341815,466.1107687950134,921.0,831.0,1288.0
8,1764207455.3777652,470.92229413986206,921.0,531.0,836.0
8,1764207455.4314446,478.1744508743286,921.0,2447.0,-619.0
8,1764207455.4681098,485.2590231895447,921.0,524.0,997.0
8,1764207455.4909537,487.7409248352051,921.0,565.0,1008.0
8,1764207455.5365708,494.94051027297974,921.0,579.0,809.0
8,1764207455.5707915,499.7069745063782,921.0,2494.0,-629.0
8,1764207455.6012156,504.5071630477905,921.0,562.0,765.0
8,1764207455.636721,509.2649369239807,921.0,555.0,757.0
8,1764207455.6710095,514.0931634902954,921.0,2563.0,-651.0
8,1764207455.7087448,521.2158946990967,921.0,2599.0,-666.0
8,1764207455.736483,523.68692445755,921.0,2403.0,-661.0
8,1764207455.7720091,530.8493881225586,921.0,2608.0,-406.0
8,1764207455.8160207,535.7237486839294,921.0,592.0,760.0
8,1764207455.8562446,542.8466229438782,921.0,595.0,746.0
8,1764207455.8816466,547.7524905204773,921.0,607.0,734.0
8,1764207455.9169621,552.5229244232178,921.0,637.0,717.0
8,1764207455.9485984,557.2848110198975,921.0,672.0,706.0
8,1764207455.992239,562.0362548828125,921.0,668.0,704.0
8,1764207456.031009,569.3429498672485,921.0,663.0,727.0
8,1764207456.0513182,571.6396718025208,921.0,649.0,727.0
8,1764207456.086114,576.4470844268799,921.0,661.0,740.0
8,1764207456.1162117,581.2100439071655,921.0,669.0,729.0
8,1764207456.158603,588.4877710342407,921.0,671.0,742.0
8,1764207456.1914113,593.2925372123718,921.0,678.0,734.0
8,1764207456.2369194,600.5030303001404,921.0,671.0,722.0
8,1764207456.2803528,605.2671699523926,921.0,678.0,703.0
8,1764207456.3162656,612.4309568405151,921.0,639.0,734.0
8,1764207456.3566804,617.2040371894836,921.0,634.0,732.0
8,1764207456.381633,622.0906286239624,921.0,657.0,738.0
8,1764207456.4120848,626.8205075263977,921.0,667.0,746.0
8,1764207456.451176,631.6726951599121,921.0,684.0,733.0
8,1764207456.4935162,638.8397364616394,921.0,706.0,726.0
8,1764207456.5283804,643.7959580421448,921.0,704.0,711.0
8,1764207456.5748324,650.8296399116516,921.0,734.0,715.0
8,1764207456.6117063,655.7015328407288,921.0,782.0,720.0
8,1764207456.6377668,660.5066208839417,921.0,751.0,728.0
8,1764207456.6864293,667.6774530410767,921.0,735.0,738.0
8,1764207456.7275138,672.4580435752869,921.0,759.0,740.0
8,1764207456.751927,677.29438829422,921.0,778.0,745.0
8,1764207456.7867768,682.0369272232056,921.0,764.0,763.0
8,1764207456.8212643,686.8541388511658,921.0,735.0,768.0
8,1764207456.8514163,691.6546492576599,921.0,701.0,760.0
8,1764207456.886537,696.4618830680847,921.0,692.0,742.0
8,1764207456.9169846,701.2887864112854,921.0,719.0,733.0
8,1764207456.9517057,706.0893683433533,921.0,753.0,720.0
8,1764207456.9937105,713.3248238563538,921.0,767.0,712.0
8,1764207457.0210726,718.1466131210327,921.0,761.0,726.0
8,1764207457.0520434,722.8495984077454,921.0,772.0,744.0
8,1764207457.096955,727.7329354286194,921.0,784.0,747.0
8,1764207457.1318767,734.9740414619446,921.0,807.0,737.0
8,1764207457.1614468,739.7225170135498,921.0,810.0,720.0
8,1764207457.1965423,744.5290355682373,921.0,788.0,727.0
8,1764207457.2295697,749.3118076324463,921.0,777.0,723.0
8,1764207457.2613282,754.0410070419312,921.0,753.0,704.0
8,1764207457.2965217,758.8386564254761,921.0,756.0,691.0
8,1764207457.32636,763.6601238250732,921.0,744.0,710.0
8,1764207457.3604739,768.4594540596008,921.0,737.0,723.0
8,1764207457.3890405,773.3338146209717,921.0,753.0,754.0
8,1764207457.417066,775.6954817771912,921.0,765.0,774.0
8,1764207457.4521613,782.8620223999023,921.0,778.0,794.0
8,1764207457.4809718,787.6512675285339,921.0,798.0,788.0
8,1764207457.5116673,790.1267318725586,921.0,808.0,770.0
8,1764207457.5420973,794.9164061546326,921.0,804.0,753.0
8,1764207457.5861108,802.0201830863953,921.0,808.0,729.0
8,1764207457.629546,809.2357187271118,921.0,807.0,717.0
8,1764207457.6620448,813.994029045105,921.0,802.0,728.0
8,1764207457.692796,818.9202456474304,921.0,798.0,729.0
8,1764207457.7367208,823.7465410232544,921.0,803.0,733.0
8,1764207457.776152,830.9244899749756,921.0,845.0,734.0
8,1764207457.8066723,835.6783299446106,921.0,872.0,748.0
8,1764207457.841283,840.5028014183044,921.0,886.0,766.0
8,1764207457.8698442,845.3325657844543,921.0,904.0,771.0
8,1764207457.9061391,850.1239566802979,921.0,909.0,765.0
8,1764207457.9357998,854.8672823905945,921.0,896.0,761.0
8,1764207457.977088,859.7379236221313,921.0,893.0,757.0
8,1764207458.0217128,866.8136625289917,921.0,913.0,751.0
8,1764207458.0468657,871.7650561332703,921.0,926.0,724.0
8,1764207458.0860415,876.5195755958557,921.0,907.0,713.0
8,1764207458.1315458,883.6739211082458,921.0,903.0,719.0
8,1764207458.177349,890.8629565238953,921.0,913.0,742.0
8,1764207458.2163763,895.6052451133728,921.0,947.0,761.0
8,1764207458.2461352,900.518265247345,921.0,947.0,738.0
8,1764207458.2714384,905.2486090660095,921.0,947.0,739.0
8,1764207458.3063862,910.1329474449158,921.0,958.0,747.0
8,1764207458.3417437,914.8289947509766,921.0,960.0,738.0
8,1764207458.371844,919.6764616966248,921.0,963.0,733.0
8,1764207458.401564,924.4000105857849,921.0,958.0,751.0
8,1764207458.431274,929.3818383216858,921.0,942.0,759.0
8,1764207458.466721,934.0300350189209,921.0,926.0,773.0
8,1764207458.530947,943.6264781951904,921.0,937.0,759.0
8,1764207458.5819514,950.9455828666687,921.0,957.0,706.0
8,1764207458.626352,958.0527930259705,921.0,934.0,718.0
8,1764207458.6813312,967.7051692008972,921.0,947.0,734.0
8,1764207458.7268083,972.4221019744873,921.0,961.0,747.0
8,1764207458.775916,979.8462419509888,921.0,970.0,733.0
8,1764207458.8059402,984.4708352088928,921.0,992.0,762.0
8,1764207458.8460279,991.6591553688049,921.0,993.0,782.0
8,1764207458.8802698,996.4065937995911,921.0,1011.0,778.0
8,1764207458.9165225,1001.3415722846985,921.0,1019.0,769.0
8,1764207458.9463742,1006.0772089958191,921.0,1007.0,770.0
8,1764207458.9815893,1010.8865885734558,921.0,1002.0,798.0
8,1764207459.0158093,1015.6288771629333,921.0,1015.0,786.0
8,1764207459.0463705,1020.3997044563293,921.0,1026.0,754.0
8,1764207459.0868948,1027.7233867645264,921.0,1038.0,736.0
8,1764207459.1175199,1032.4817686080933,921.0,1034.0,767.0
8,1764207459.1609306,1039.6450905799866,921.0,1031.0,789.0
8,1764207459.2016938,1044.4619445800781,921.0,1055.0,812.0
8,1764207459.2276487,1049.337878704071,921.0,1085.0,777.0
8,1764207459.2560112,1051.7727522850037,921.0,1076.0,773.0
8,1764207459.28645,1056.5646438598633,921.0,1058.0,788.0
8,1764207459.3159082,1061.2275032997131,921.0,1044.0,796.0
8,1764207459.3565226,1068.4172539710999,921.0,1061.0,799.0
8,1764207459.3891988,1073.2870726585388,921.0,1057.0,804.0
8,1764207459.431492,1078.1012086868286,921.0,1069.0,818.0
8,1764207459.470021,1085.2938561439514,921.0,1108.0,810.0
8,1764207459.5113,1090.0506644248962,921.0,1150.0,779.0
8,1764207459.5561025,1097.3314671516418,921.0,1127.0,754.0
8,1764207459.5983818,1104.4392495155334,921.0,1090.0,761.0
8,1764207459.636164,1109.2483429908752,921.0,1073.0,784.0
8,1764207459.6802113,1116.4193181991577,921.0,1067.0,778.0
8,1764207459.716694,1121.270468711853,921.0,1080.0,770.0
8,1764207459.7569544,1128.4398703575134,921.0,1092.0,783.0
8,1764207459.7969,1133.2191734313965,921.0,1112.0,813.0
8,1764207459.8411212,1140.485921382904,921.0,1125.0,854.0
8,1764207459.881067,1147.665551185608,921.0,1119.0,845.0
8,1764207459.9171085,1152.541449546814,921.0,1120.0,837.0
8,1764207459.9486732,1157.295539855957,921.0,1123.0,847.0
8,1764207459.9811065,1162.040081501007,921.0,1127.0,821.0
8,1764207460.0313914,1169.2230014801025,921.0,1156.0,817.0
8,1764207460.066165,1173.9951519966125,921.0,1136.0,818.0
8,1764207460.1015885,1178.8700132369995,921.0,1147.0,809.0
8,1764207460.1311219,1183.689513683319,921.0,1149.0,825.0
8,1764207460.1610496,1188.4978203773499,921.0,1163.0,830.0
8,1764207460.1958983,1193.3000473976135,921.0,1203.0,794.0
8,1764207460.2327328,1198.1348900794983,921.0,1230.0,769.0
8,1764207460.2692964,1205.2610902786255,921.0,1231.0,760.0
8,1764207460.3060565,1210.0038437843323,921.0,1215.0,756.0
8,1764207460.3328846,1214.8396878242493,921.0,1199.0,779.0
8,1764207460.3669715,1219.9211506843567,921.0,1203.0,809.0
8,1764207460.3992524,1224.4248657226562,921.0,1201.0,838.0
8,1764207460.4292006,1229.2554168701172,921.0,1218.0,834.0
8,1764207460.4666853,1234.0249209403992,921.0,1249.0,832.0
8,1764207460.4962227,1238.895311832428,921.0,1267.0,823.0
8,1764207460.5315187,1243.6219720840454,921.0,1294.0,815.0
8,1764207460.5609841,1248.4711198806763,921.0,1352.0,790.0
8,1764207460.591707,1253.2424120903015,921.0,1398.0,806.0
8,1764207460.6374085,1260.517957687378,921.0,1376.0,818.0
8,1764207460.6856146,1267.5997405052185,921.0,1358.0,818.0
8,1764207460.7062273,1270.1258807182312,921.0,1315.0,812.0
8,1764207460.7358806,1274.842885017395,921.0,1286.0,819.0
8,1764207460.7665842,1279.711881160736,921.0,1259.0,818.0
8,1764207460.815681,1286.8523149490356,921.0,1258.0,823.0
8,1764207460.8507597,1291.650643825531,921.0,1243.0,826.0
8,1764207460.881525,1296.473756313324,921.0,1311.0,818.0
8,1764207460.9289405,1303.6593585014343,921.0,1347.0,827.0
8,1764207460.9942787,1313.2808356285095,921.0,1368.0,818.0
8,1764207461.0216386,1318.0892853736877,921.0,1407.0,785.0
8,1764207461.0528836,1322.9170470237732,921.0,1403.0,830.0
8,1764207461.0757582,1325.2609758377075,921.0,1384.0,855.0
8,1764207461.1063933,1330.041494846344,921.0,1396.0,821.0
8,1764207461.1513326,1337.2342853546143,921.0,1409.0,793.0
8,1764207461.191662,1342.0345811843872,921.0,1417.0,800.0
8,1764207461.21584,1346.8599109649658,921.0,1401.0,844.0
8,1764207461.2638752,1354.0789155960083,921.0,1398.0,839.0
8,1764207461.310543,1361.271312713623,921.0,1404.0,808.0
8,1764207461.3409579,1366.0698204040527,921.0,1412.0,785.0
8,1764207461.3813913,1370.838180065155,921.0,1398.0,777.0
8,1764207461.4061732,1375.654640674591,921.0,1423.0,802.0
8,1764207461.4382257,1380.3939967155457,921.0,1453.0,852.0
8,1764207461.476525,1385.2710752487183,921.0,1449.0,868.0
8,1764207461.517628,1392.5217299461365,921.0,1437.0,862.0
8,1764207461.5507324,1397.2547917366028,921.0,1437.0,845.0
8,1764207461.5810614,1402.0164637565613,921.0,1469.0,825.0
8,1764207461.61328,1406.852915763855,921.0,1481.0,837.0
8,1764207461.6468015,1411.6758494377136,921.0,1480.0,840.0
8,1764207461.6816843,1416.446819782257,921.0,1485.0,848.0
8,1764207461.7112358,1421.2575225830078,921.0,1475.0,820.0
8,1764207461.7512715,1426.071050643921,921.0,1461.0,773.0
8,1764207461.7912502,1433.237090587616,921.0,1471.0,751.0
8,1764207461.8158674,1435.6266884803772,921.0,1476.0,823.0
8,1764207461.8457172,1440.4300956726074,921.0,1485.0,875.0
8,1764207461.8766177,1445.254137992859,921.0,1476.0,879.0
8,1764207461.9111702,1449.9865918159485,921.0,1471.0,854.0
8,1764207461.9415424,1454.8342733383179,921.0,1477.0,842.0
8,1764207461.976162,1459.6771984100342,921.0,1496.0,842.0
8,1764207462.0148456,1466.847815990448,921.0,1492.0,854.0
8,1764207462.0620587,1474.132731437683,921.0,1491.0,873.0
8,1764207462.0969112,1478.8389711380005,921.0,1493.0,849.0
8,1764207462.131126,1483.5933833122253,921.0,1493.0,841.0
8,1764207462.157709,1488.5405926704407,921.0,1464.0,853.0
8,1764207462.1916604,1493.319538116455,921.0,1468.0,852.0
8,1764207462.2270107,1497.988477230072,921.0,1529.0,829.0
8,1764207462.256194,1502.8386979103088,921.0,1533.0,831.0
8,1764207462.2916017,1507.6839118003845,921.0,1518.0,827.0
8,1764207462.3257995,1512.4221591949463,921.0,1495.0,792.0
8,1764207462.3660736,1519.5980696678162,921.0,1506.0,773.0
8,1764207462.3911662,1522.0322637557983,921.0,1511.0,803.0
8,1764207462.433756,1529.2835264205933,921.0,1519.0,842.0
8,1764207462.456895,1531.6117911338806,921.0,1539.0,838.0
8,1764207462.492427,1538.909903049469,921.0,1554.0,829.0
8,1764207462.526708,1543.6911373138428,921.0,1543.0,847.0
8,1764207462.5565834,1548.4203367233276,921.0,1540.0,873.0
8,1764207462.5958197,1553.331175327301,921.0,1557.0,870.0
8,1764207462.6365013,1560.5064778327942,921.0,1597.0,853.0
8,1764207462.6706944,1565.301516532898,921.0,1611.0,846.0
8,1764207462.7006972,1570.1335697174072,921.0,1609.0,851.0
8,1764207462.7344236,1574.836519241333,921.0,1618.0,844.0
8,1764207462.7659283,1579.5902519226074,921.0,1599.0,837.0
8,1764207462.799722,1584.462037563324,921.0,1603.0,856.0
8,1764207462.8289237,1589.3317489624023,921.0,1578.0,867.0
8,1764207462.8805633,1596.4738278388977,921.0,1570.0,871.0
8,1764207462.9259217,1603.6259560585022,921.0,1586.0,870.0
8,1764207462.968566,1608.495810508728,921.0,1614.0,870.0
8,1764207463.0010052,1615.6562714576721,921.0,1630.0,890.0
8,1764207463.0413496,1620.5411462783813,921.0,1642.0,896.0
8,1764207463.0692658,1625.2927689552307,921.0,1637.0,884.0
8,1764207463.1047757,1630.355170249939,921.0,1659.0,862.0
8,1764207463.1516569,1637.3148231506348,921.0,1651.0,846.0
8,1764207463.1993623,1644.395390033722,921.0,1662.0,805.0
8,1764207463.2358823,1649.2506890296936,921.0,1710.0,784.0
8,1764207463.260775,1654.0749816894531,921.0,1698.0,842.0
8,1764207463.2923453,1658.8695197105408,921.0,1678.0,859.0
8,1764207463.326011,1663.7084393501282,921.0,1684.0,875.0
8,1764207463.3667114,1668.421438217163,921.0,1702.0,913.0
8,1764207463.4065156,1675.687005996704,921.0,1698.0,925.0
8,1764207463.4307811,1678.0619769096375,921.0,1697.0,912.0
8,1764207463.461708,1682.8396706581116,921.0,1723.0,895.0
8,1764207463.501551,1690.0816349983215,921.0,1723.0,872.0
8,1764207463.5358067,1694.7900204658508,921.0,1723.0,870.0
8,1764207463.5611181,1699.6732144355774,921.0,1709.0,880.0
8,1764207463.590982,1702.0386724472046,921.0,1693.0,886.0
8,1764207463.6357706,1709.2008500099182,921.0,1669.0,899.0
8,1764207463.670821,1714.1404061317444,921.0,1685.0,882.0
8,1764207463.7015557,1718.8680319786072,921.0,1729.0,839.0
9,1764207463.7417352,1726.1005191802979,921.0,1746.0,810.0
9,1764207463.7660747,1726.1005191802979,921.0,1711.0,833.0
9,1764207463.7958696,1726.1005191802979,921.0,1703.0,837.0
9,1764207463.8266687,1726.1005191802979,921.0,1710.0,824.0
9,1764207463.8662188,1726.1005191802979,921.0,1733.0,823.0
9,1764207463.9061801,1726.1005191802979,921.0,1726.0,842.0
9,1764207463.9263825,1726.1005191802979,921.0,1729.0,850.0
9,1764207463.9558015,1726.1005191802979,921.0,1730.0,851.0
9,1764207463.98079,1726.1005191802979,921.0,1734.0,863.0
9,1764207464.0258315,1726.1005191802979,921.0,1742.0,854.0
9,1764207464.061146,1726.1005191802979,921.0,1735.0,850.0
9,1764207464.0862477,1726.1005191802979,921.0,1725.0,839.0
9,1764207464.1158943,1726.1005191802979,921.0,1730.0,833.0
9,1764207464.1512768,1726.1005191802979,921.0,1746.0,825.0
9,1764207464.1915114,1726.1005191802979,921.0,1726.0,818.0
9,1764207464.230918,1726.1005191802979,921.0,1947.0,1275.0
9,1764207464.2663987,180.46652364730835,1014.0,1829.0,1072.0
9,1764207464.3065615,187.6948266029358,1014.0,1759.0,1224.0
9,1764207464.3456755,192.53202962875366,1014.0,1760.0,1393.0
9,1764207464.3757117,197.38371658325195,1014.0,1811.0,430.0
9,1764207464.410988,202.19166564941406,1014.0,1942.0,191.0
9,1764207464.4461036,209.29494190216064,1014.0,358.0,784.0
9,1764207464.4816637,214.0060453414917,1014.0,1479.0,195.0
9,1764207464.5141065,218.89725017547607,1014.0,1477.0,173.0
9,1764207464.550078,223.70387601852417,1014.0,1503.0,179.0
9,1764207464.5946279,230.95971632003784,1014.0,357.0,751.0
9,1764207464.6311202,235.6572299003601,1014.0,1511.0,194.0
9,1764207464.6613448,240.52719163894653,1014.0,1489.0,200.0
9,1764207464.69642,245.31443405151367,1014.0,1818.0,1231.0
9,1764207464.7375708,252.51237440109253,1014.0,1497.0,207.0
9,1764207464.7668207,257.40250635147095,1014.0,1526.0,209.0
9,1764207464.8020847,262.01966094970703,1014.0,1501.0,241.0
9,1764207464.8367186,266.85278701782227,1014.0,1478.0,243.0
9,1764207464.8676023,271.6115264892578,1014.0,1506.0,244.0
9,1764207464.901128,276.45874309539795,1014.0,1509.0,215.0
9,1764207464.9362278,281.32205295562744,1014.0,1487.0,218.0
9,1764207464.9666996,286.07052850723267,1014.0,2554.0,-474.0
9,1764207465.0012627,290.9364490509033,1014.0,1543.0,225.0
9,1764207465.0360742,295.72526502609253,1014.0,1518.0,226.0
9,1764207465.0743942,302.9377965927124,1014.0,1543.0,260.0
9,1764207465.1071033,307.7262907028198,1014.0,1517.0,232.0
9,1764207465.1413765,312.45180654525757,1014.0,1491.0,237.0
9,1764207465.1710005,317.27996158599854,1014.0,1518.0,213.0
9,1764207465.203072,322.8402166366577,1014.0,1517.0,217.0
9,1764207465.2361262,326.9103436470032,1014.0,1518.0,221.0
9,1764207465.2763302,331.6093592643738,1014.0,1545.0,223.0
9,1764207465.3213491,338.95170974731445,1014.0,465.0,759.0
9,1764207465.3557749,343.68706035614014,1014.0,1519.0,229.0
9,1764207465.3939958,350.87949323654175,1014.0,1518.0,231.0
9,1764207465.4265046,355.67635583877563,1014.0,1518.0,232.0
9,1764207465.4609416,360.5339078903198,1014.0,1519.0,202.0
9,1764207465.496783,365.21697330474854,1014.0,1572.0,267.0
9,1764207465.5260708,370.07838773727417,1014.0,1523.0,208.0
9,1764207465.561087,374.8614101409912,1014.0,516.0,943.0
9,1764207465.5957544,379.6632080078125,1014.0,491.0,890.0
9,1764207465.6461527,389.30231618881226,1014.0,1628.0,311.0
9,1764207465.682879,394.01942777633667,1014.0,1550.0,252.0
9,1764207465.716555,398.80692052841187,1014.0,487.0,886.0
9,1764207465.7519116,403.6231665611267,1014.0,491.0,887.0
9,1764207465.7924614,410.7998638153076,1014.0,492.0,896.0
9,1764207465.8307638,415.77157068252563,1014.0,1588.0,304.0
9,1764207465.8660517,420.54071712493896,1014.0,1567.0,278.0
9,1764207465.8961291,425.27874994277954,1014.0,1596.0,280.0
9,1764207465.926372,430.07507610321045,1014.0,1624.0,282.0
9,1764207465.9623122,434.92018270492554,1014.0,1625.0,318.0
9,1764207465.9964483,439.6299629211426,1014.0,525.0,897.0
9,1764207466.0343456,446.8432455062866,1014.0,538.0,885.0
9,1764207466.0711334,451.72965812683105,1014.0,553.0,860.0
9,1764207466.106968,456.52176427841187,1014.0,1655.0,332.0
9,1764207466.1409626,461.318555355072,1014.0,1715.0,333.0
9,1764207466.1812682,468.43277502059937,1014.0,1689.0,335.0
9,1764207466.2111564,473.2047824859619,1014.0,547.0,837.0
9,1764207466.243767,478.0876545906067,1014.0,558.0,826.0
9,1764207466.2815263,482.894495010376,1014.0,557.0,834.0
9,1764207466.310793,487.67315435409546,1014.0,568.0,826.0
9,1764207466.3464746,492.5066738128662,1014.0,571.0,827.0
9,1764207466.3757064,497.24359798431396,1014.0,560.0,862.0
9,1764207466.420049,504.42937898635864,1014.0,565.0,873.0
9,1764207466.4608958,509.31861686706543,1014.0,575.0,900.0
9,1764207466.5014467,516.450038433075,1014.0,1705.0,392.0
9,1764207466.5413988,521.2031631469727,1014.0,593.0,887.0
9,1764207466.5714543,526.0043172836304,1014.0,611.0,867.0
9,1764207466.6018443,530.9485583305359,1014.0,616.0,833.0
9,1764207466.6360111,535.6850533485413,1014.0,562.0,879.0
9,1764207466.6658747,540.4101042747498,1014.0,625.0,820.0
9,1764207466.7012885,545.203962802887,1014.0,623.0,820.0
9,1764207466.7369118,552.421501159668,1014.0,616.0,823.0
9,1764207466.7702494,557.7505855560303,1014.0,629.0,814.0
9,1764207466.8106647,562.0063571929932,1014.0,578.0,880.0
9,1764207466.8528345,569.3698434829712,1014.0,682.0,813.0
9,1764207466.8861501,574.0131406784058,1014.0,691.0,796.0
9,1764207466.9161108,578.8425831794739,1014.0,679.0,797.0
9,1764207466.9514146,583.7489156723022,1014.0,665.0,823.0
9,1764207466.977963,588.4517936706543,1014.0,683.0,831.0
9,1764207467.0064752,593.3506875038147,1014.0,641.0,865.0
9,1764207467.042448,598.1317429542542,1014.0,686.0,819.0
9,1764207467.072812,602.8524308204651,1014.0,668.0,808.0
9,1764207467.1058724,607.6380639076233,1014.0,639.0,812.0
9,1764207467.1463778,612.4061732292175,1014.0,640.0,813.0
9,1764207467.181385,617.2050743103027,1014.0,693.0,871.0
9,1764207467.2266903,624.4422106742859,1014.0,985.0,1363.0
9,1764207467.261378,629.242184638977,1014.0,1965.0,2718.0
9,1764207467.2984583,636.4330797195435,1014.0,867.0,1466.0
9,1764207467.326426,641.3433103561401,1014.0,672.0,1414.0
9,1764207467.3617651,646.1418538093567,1014.0,682.0,819.0
9,1764207467.396222,650.9996204376221,1014.0,689.0,871.0
9,1764207467.431302,655.6722073554993,1014.0,687.0,818.0
9,1764207467.4606533,660.5476765632629,1014.0,693.0,799.0
9,1764207467.5015056,665.3167514801025,1014.0,698.0,793.0
9,1764207467.5463114,672.3983197212219,1014.0,681.0,806.0
9,1764207467.5814369,677.3256092071533,1014.0,683.0,840.0
9,1764207467.626213,684.4131498336792,1014.0,698.0,853.0
9,1764207467.6519368,689.1986041069031,1014.0,711.0,812.0
9,1764207467.686468,693.9972190856934,1014.0,710.0,799.0
9,1764207467.7156742,698.9360241889954,1014.0,718.0,792.0
9,1764207467.7471197,703.7338881492615,1014.0,705.0,792.0
9,1764207467.7777798,708.5222034454346,1014.0,704.0,792.0
9,1764207467.8216975,713.284698009491,1014.0,692.0,792.0
9,1764207467.8606732,720.5403594970703,1014.0,751.0,811.0
9,1764207467.8859272,725.2684860229492,1014.0,778.0,790.0
9,1764207467.9169402,727.7318625450134,1014.0,790.0,771.0
9,1764207467.945685,732.4774770736694,1014.0,816.0,766.0
9,1764207467.9809837,737.2869639396667,1014.0,827.0,770.0
9,1764207468.0187142,744.4979219436646,1014.0,822.0,761.0
9,1764207468.0458968,749.2639212608337,1014.0,786.0,761.0
9,1764207468.0863116,754.1138200759888,1014.0,766.0,764.0
9,1764207468.1334717,761.2278966903687,1014.0,774.0,772.0
9,1764207468.166629,766.0104184150696,1014.0,789.0,818.0
9,1764207468.2025058,770.9420709609985,1014.0,805.0,852.0
9,1764207468.235742,775.7104306221008,1014.0,817.0,853.0
9,1764207468.2656267,780.489161491394,1014.0,780.0,830.0
9,1764207468.3062527,787.7053050994873,1014.0,783.0,794.0
9,1764207468.353985,794.8006062507629,1014.0,791.0,780.0
9,1764207468.3806658,797.2119121551514,1014.0,799.0,786.0
9,1764207468.4108474,802.0349888801575,1014.0,803.0,810.0
9,1764207468.4559617,809.2092900276184,1014.0,816.0,818.0
9,1764207468.4911716,814.0768914222717,1014.0,813.0,818.0
9,1764207468.5265799,821.3663845062256,1014.0,825.0,812.0
9,1764207468.5565295,823.6440806388855,1014.0,819.0,783.0
9,1764207468.5945683,830.8154850006104,1014.0,852.0,782.0
9,1764207468.6311562,835.6859474182129,1014.0,884.0,819.0
9,1764207468.6743855,842.8176550865173,1014.0,875.0,872.0
9,1764207468.7067826,847.7330713272095,1014.0,862.0,911.0
9,1764207468.740734,852.4653105735779,1014.0,869.0,863.0
9,1764207468.770644,857.3421030044556,1014.0,862.0,796.0
9,1764207468.8035963,862.0054273605347,1014.0,871.0,773.0
9,1764207468.846421,869.342556476593,1014.0,886.0,761.0
9,1764207468.8865292,874.1075901985168,1014.0,903.0,804.0
9,1764207468.906372,876.5196828842163,1014.0,924.0,828.0
9,1764207468.936697,881.2530307769775,1014.0,925.0,837.0
9,1764207468.970956,886.0125570297241,1014.0,937.0,838.0
9,1764207469.0056455,893.2262330055237,1014.0,936.0,843.0
9,1764207469.0461316,898.0504183769226,1014.0,949.0,842.0
9,1764207469.0963895,905.2056579589844,1014.0,958.0,848.0
9,1764207469.1307144,910.1361303329468,1014.0,979.0,848.0
9,1764207469.1565573,914.9250178337097,1014.0,971.0,834.0
9,1764207469.1906736,919.6802167892456,1014.0,969.0,814.0
9,1764207469.2208018,924.4816212654114,1014.0,950.0,809.0
9,1764207469.251267,929.2109279632568,1014.0,929.0,838.0
9,1764207469.2868176,934.0367584228516,1014.0,940.0,849.0
9,1764207469.3162045,938.8451008796692,1014.0,939.0,839.0
9,1764207469.3513844,943.628445148468,1014.0,942.0,809.0
9,1764207469.394388,950.8688359260559,1014.0,951.0,811.0
9,1764207469.4390328,955.681291103363,1014.0,946.0,841.0
9,1764207469.472567,962.8156809806824,1014.0,931.0,837.0
9,1764207469.5165033,967.7282361984253,1014.0,945.0,821.0
9,1764207469.5543637,974.864378452301,1014.0,990.0,851.0
9,1764207469.595778,979.6239404678345,1014.0,974.0,834.0
9,1764207469.6208591,984.4687609672546,1014.0,976.0,821.0
9,1764207469.6514454,989.2725973129272,1014.0,991.0,840.0
9,1764207469.6857905,994.0518646240234,1014.0,1006.0,845.0
9,1764207469.7262933,1001.323404788971,1014.0,1020.0,848.0
9,1764207469.7714312,1006.1254172325134,1014.0,1044.0,833.0
9,1764207469.805717,1013.2369546890259,1014.0,1044.0,849.0
9,1764207469.8410356,1018.0713324546814,1014.0,1043.0,862.0
9,1764207469.8745966,1022.8040008544922,1014.0,1032.0,810.0
9,1764207469.9214501,1030.1146297454834,1014.0,1051.0,806.0
9,1764207469.9615908,1034.8532705307007,1014.0,1047.0,860.0
9,1764207469.9864733,1039.7292404174805,1014.0,1037.0,846.0
9,1764207470.02011,1044.5396213531494,1014.0,1053.0,824.0
9,1764207470.0511708,1049.2679266929626,1014.0,1049.0,865.0
9,1764207470.0874972,1054.119577884674,1014.0,1048.0,880.0
9,1764207470.1313064,1061.2600116729736,1014.0,1070.0,878.0
9,1764207470.1715214,1066.1251454353333,1014.0,1089.0,867.0
9,1764207470.1957283,1070.9363131523132,1014.0,1075.0,866.0
9,1764207470.231254,1075.67427444458,1014.0,1062.0,871.0
9,1764207470.2743099,1082.8677802085876,1014.0,1027.0,871.0
9,1764207470.3163369,1087.6956849098206,1014.0,1023.0,879.0
9,1764207470.3416657,1092.5143270492554,1014.0,1070.0,840.0
9,1764207470.3713737,1097.2721366882324,1014.0,1109.0,816.0
9,1764207470.4016948,1102.0217566490173,1014.0,1109.0,848.0
9,1764207470.4331717,1106.8607478141785,1014.0,1121.0,874.0
9,1764207470.4615479,1109.3082098960876,1014.0,1115.0,865.0
9,1764207470.5006394,1116.5477423667908,1014.0,1104.0,835.0
9,1764207470.5310504,1121.2324528694153,1014.0,1069.0,856.0
9,1764207470.5561583,1123.7233667373657,1014.0,1089.0,883.0
9,1764207470.5929172,1130.847707271576,1014.0,1125.0,860.0
9,1764207470.6208758,1133.3515315055847,1014.0,1157.0,836.0
9,1764207470.6509123,1138.0953578948975,1014.0,1179.0,827.0
9,1764207470.6859248,1145.2681212425232,1014.0,1185.0,833.0
9,1764207470.7233963,1150.097671031952,1014.0,1192.0,844.0
9,1764207470.7457693,1152.4954586029053,1014.0,1194.0,825.0
9,1764207470.7908437,1159.6445469856262,1014.0,1176.0,809.0
9,1764207470.8224788,1164.4650130271912,1014.0,1165.0,815.0
9,1764207470.8543737,1169.315197944641,1014.0,1149.0,824.0
9,1764207470.8981872,1176.4604597091675,1014.0,1136.0,833.0
9,1764207470.938396,1181.2080054283142,1014.0,1158.0,850.0
9,1764207470.9709027,1186.0080151557922,1014.0,1205.0,854.0
9,1764207471.001112,1190.8780841827393,1014.0,1240.0,843.0
9,1764207471.0307019,1195.668902873993,1014.0,1232.0,826.0
9,1764207471.0611894,1200.5018858909607,1014.0,1243.0,817.0
9,1764207471.0956097,1205.2956013679504,1014.0,1234.0,824.0
9,1764207471.1309016,1210.0991516113281,1014.0,1212.0,825.0
9,1764207471.1664433,1217.345908164978,1014.0,1210.0,839.0
9,1764207471.1910195,1219.6228890419006,1014.0,1248.0,856.0
9,1764207471.234065,1226.8168597221375,1014.0,1235.0,879.0
9,1764207471.2608714,1229.289677619934,1014.0,1215.0,875.0
9,1764207471.291235,1234.0178399085999,1014.0,1212.0,855.0
9,1764207471.3410609,1241.2667064666748,1014.0,1238.0,836.0
9,1764207471.3759573,1248.4224824905396,1014.0,1262.0,847.0
9,1764207471.4212117,1253.283145904541,1014.0,1256.0,879.0
9,1764207471.458672,1260.53755569458,1014.0,1225.0,877.0
9,1764207471.4897668,1265.197232246399,1014.0,1231.0,856.0
9,1764207471.516711,1267.6859288215637,1014.0,1263.0,837.0
9,1764207471.5573819,1274.8949556350708,1014.0,1294.0,830.0
9,1764207471.586889,1279.693320274353,1014.0,1288.0,823.0
9,1764207471.6177347,1284.3921570777893,1014.0,1294.0,839.0
9,1764207471.657099,1289.195993423462,1014.0,1298.0,834.0
9,1764207471.697263,1296.5040831565857,1014.0,1301.0,823.0
9,1764207471.7361326,1301.1913685798645,1014.0,1279.0,818.0
9,1764207471.7618716,1306.1245946884155,1014.0,1274.0,850.0
9,1764207471.786842,1308.5156588554382,1014.0,1296.0,851.0
9,1764207471.8163865,1313.186743736267,1014.0,1307.0,853.0
9,1764207471.8555894,1320.7178144454956,1014.0,1320.0,837.0
9,1764207471.8858907,1325.2630143165588,1014.0,1334.0,859.0
9,1764207471.9246407,1330.075469493866,1014.0,1339.0,860.0
9,1764207471.9657688,1337.244728088379,1014.0,1332.0,848.0
9,1764207472.0064209,1342.048171043396,1014.0,1339.0,834.0
9,1764207472.0461807,1349.3065147399902,1014.0,1324.0,825.0
9,1764207472.097958,1356.5547733306885,1014.0,1305.0,832.0
9,1764207472.1410363,1361.2918405532837,1014.0,1301.0,854.0
9,1764207472.179118,1368.4849886894226,1014.0,1324.0,873.0
9,1764207472.209861,1373.190191268921,1014.0,1358.0,862.0
9,1764207472.236571,1375.6831436157227,1014.0,1339.0,862.0
9,1764207472.2746677,1382.936408996582,1014.0,1366.0,870.0
9,1764207472.3017313,1385.2572350502014,1014.0,1387.0,842.0
9,1764207472.3415916,1392.5470142364502,1014.0,1384.0,813.0
9,1764207472.3762121,1397.2750692367554,1014.0,1379.0,798.0
9,1764207472.4016924,1402.0338802337646,1014.0,1383.0,793.0
9,1764207472.4416993,1406.888750076294,1014.0,1424.0,782.0
9,1764207472.4764168,1411.7275624275208,1014.0,1440.0,782.0
9,1764207472.5065374,1416.4525418281555,1014.0,1432.0,809.0
9,1764207472.5362437,1421.2698249816895,1014.0,1416.0,811.0
9,1764207472.5710678,1426.121726512909,1014.0,1434.0,817.0
9,1764207472.6059935,1433.2784323692322,1014.0,1414.0,801.0
9,1764207472.636065,1435.662057876587,1014.0,1425.0,813.0
9,1764207472.6733627,1442.9197220802307,1014.0,1428.0,842.0
9,1764207472.7010477,1445.3341393470764,1014.0,1406.0,876.0
9,1764207472.7369518,1452.452829360962,1014.0,1385.0,870.0
9,1764207472.7656682,1457.2296290397644,1014.0,1417.0,864.0
9,1764207472.8015034,1462.1382503509521,1014.0,1434.0,854.0
9,1764207472.833936,1466.8551115989685,1014.0,1434.0,862.0
9,1764207472.871491,1471.6054110527039,1014.0,1437.0,876.0
9,1764207472.8974323,1476.518431186676,1014.0,1427.0,880.0
9,1764207472.9412508,1481.2724142074585,1014.0,1437.0,860.0
9,1764207472.978441,1488.50146818161,1014.0,1447.0,855.0
9,1764207473.0215967,1493.3217911720276,1014.0,1473.0,826.0
9,1764207473.061612,1500.4558234214783,1014.0,1485.0,813.0
9,1764207473.1113396,1507.655945301056,1014.0,1463.0,831.0
9,1764207473.146437,1512.4817399978638,1014.0,1453.0,882.0
9,1764207473.180707,1517.297342300415,1014.0,1470.0,907.0
9,1764207473.2163563,1524.3841676712036,1014.0,1467.0,906.0
9,1764207473.2608547,1529.2898921966553,1014.0,1486.0,893.0
9,1764207473.3006258,1536.5308194160461,1014.0,1509.0,888.0
9,1764207473.3257084,1541.2356643676758,1014.0,1507.0,892.0
9,1764207473.3514996,1543.6354904174805,1014.0,1502.0,906.0
9,1764207473.3864412,1548.447301864624,1014.0,1495.0,915.0
9,1764207473.4315538,1555.7199506759644,1014.0,1485.0,921.0
9,1764207473.473882,1562.848940372467,1014.0,1521.0,927.0
9,1764207473.4961503,1565.3244047164917,1014.0,1544.0,918.0
9,1764207473.5252528,1570.00439453125,1014.0,1532.0,917.0
9,1764207473.5540588,1574.8661665916443,1014.0,1518.0,923.0
9,1764207473.602085,1582.0342450141907,1014.0,1503.0,919.0
9,1764207473.6423004,1586.9174032211304,1014.0,1505.0,905.0
9,1764207473.6861773,1594.1502480506897,1014.0,1540.0,867.0
9,1764207473.7140183,1598.7923650741577,1014.0,1584.0,908.0
9,1764207473.7367277,1601.3790516853333,1014.0,1600.0,927.0
9,1764207473.7712774,1606.0312538146973,1014.0,1599.0,920.0
9,1764207473.806684,1613.3820085525513,1014.0,1599.0,901.0
9,1764207473.8427107,1618.0993704795837,1014.0,1586.0,895.0
9,1764207473.8665068,1620.4178719520569,1014.0,1569.0,901.0
9,1764207473.9016361,1625.2001791000366,1014.0,1566.0,901.0
9,1764207473.9439216,1632.4604539871216,1014.0,1567.0,905.0
9,1764207473.9664195,1637.3423247337341,1014.0,1578.0,905.0
9,1764207474.0013802,1642.1188383102417,1014.0,1611.0,921.0
9,1764207474.0356255,1646.9255356788635,1014.0,1626.0,945.0
9,1764207474.0705862,1651.6239433288574,1014.0,1645.0,935.0
9,1764207474.1087658,1656.4503102302551,1014.0,1638.0,924.0
9,1764207474.1410522,1661.375096321106,1014.0,1625.0,938.0
9,1764207474.1860561,1668.5473232269287,1014.0,1623.0,947.0
9,1764207474.24228,1678.057578086853,1014.0,1626.0,944.0
9,1764207474.275005,1682.8313736915588,1014.0,1638.0,940.0
9,1764207474.3115685,1687.6455454826355,1014.0,1639.0,940.0
9,1764207474.3364236,1692.3900513648987,1014.0,1654.0,948.0
9,1764207474.36586,1697.2584037780762,1014.0,1668.0,947.0
9,1764207474.3963351,1699.6526865959167,1014.0,1683.0,941.0
9,1764207474.4324222,1706.7902235984802,1014.0,1692.0,937.0
9,1764207474.4817786,1714.1366868019104,1014.0,1705.0,935.0
9,1764207474.516335,1718.8533692359924,1014.0,1709.0,924.0
9,1764207474.5409737,1721.181598186493,1014.0,1719.0,920.0
