line_idx,timestamp,dot_x,dot_y,gaze_x,gaze_y
0,1764116551.1861563,178.0,178.0,157.0,274.0
0,1764116551.2196906,182.90901470184326,178.0,151.0,278.0
0,1764116551.2562861,190.06457614898682,178.0,144.0,279.0
0,1764116551.2884598,194.80757999420166,178.0,128.0,277.0
0,1764116551.3216257,199.72271013259888,178.0,117.0,275.0
0,1764116551.3565042,204.4539122581482,178.0,121.0,277.0
0,1764116551.391785,209.34397268295288,178.0,130.0,280.0
0,1764116551.4207127,214.10206842422485,178.0,148.0,291.0
0,1764116551.4560506,218.87740182876587,178.0,154.0,290.0
0,1764116551.4909298,223.66890001296997,178.0,158.0,300.0
0,1764116551.5215895,228.4189133644104,178.0,154.0,300.0
0,1764116551.563783,235.7248215675354,178.0,160.0,297.0
0,1764116551.6013618,240.493896484375,178.0,166.0,299.0
0,1764116551.646782,247.67434883117676,178.0,171.0,302.0
0,1764116551.6809425,252.44077730178833,178.0,167.0,302.0
0,1764116551.7116313,257.2393207550049,178.0,173.0,295.0
0,1764116551.746113,262.0693712234497,178.0,176.0,277.0
0,1764116551.781219,269.28336906433105,178.0,194.0,276.0
0,1764116551.8113632,271.7182426452637,178.0,204.0,272.0
0,1764116551.8510199,278.7960557937622,178.0,213.0,269.0
0,1764116551.8812609,283.6939125061035,178.0,211.0,269.0
0,1764116551.9129167,288.56262254714966,178.0,202.0,273.0
0,1764116551.9558823,293.22265672683716,178.0,204.0,270.0
0,1764116551.9922278,300.4607229232788,178.0,221.0,273.0
0,1764116552.022917,305.19260454177856,178.0,236.0,282.0
0,1764116552.05073,307.5762300491333,178.0,244.0,286.0
0,1764116552.0815413,312.3963384628296,178.0,255.0,287.0
0,1764116552.1158977,317.27584886550903,178.0,271.0,278.0
0,1764116552.1458483,322.08665895462036,178.0,273.0,278.0
0,1764116552.1810937,329.2645721435547,178.0,266.0,280.0
0,1764116552.2113137,331.6784529685974,178.0,261.0,289.0
0,1764116552.2567863,338.81809997558594,178.0,263.0,290.0
0,1764116552.2914593,343.70061445236206,178.0,242.0,296.0
0,1764116552.3408875,353.23365020751953,178.0,247.0,292.0
0,1764116552.3809402,358.1077961921692,178.0,240.0,286.0
0,1764116552.4082935,362.8957896232605,178.0,272.0,274.0
0,1764116552.4408567,367.6786332130432,178.0,286.0,272.0
0,1764116552.4724984,372.39796209335327,178.0,318.0,270.0
0,1764116552.5018368,377.3760347366333,178.0,333.0,264.0
0,1764116552.531601,379.6618490219116,178.0,345.0,257.0
0,1764116552.5705297,386.83604288101196,178.0,346.0,249.0
0,1764116552.611614,391.61849308013916,178.0,344.0,237.0
0,1764116552.652433,398.9177851676941,178.0,348.0,232.0
0,1764116552.6865783,403.72723627090454,178.0,344.0,231.0
0,1764116552.7316096,410.9084038734436,178.0,343.0,224.0
0,1764116552.7663767,415.71417140960693,178.0,351.0,211.0
0,1764116552.7959843,420.5140380859375,178.0,348.0,216.0
0,1764116552.8314967,425.20014333724976,178.0,350.0,213.0
0,1764116552.861176,429.99214220046997,178.0,347.0,215.0
0,1764116552.8911316,434.7925453186035,178.0,343.0,222.0
0,1764116552.9267218,439.61919832229614,178.0,351.0,234.0
0,1764116552.9607284,444.44513607025146,178.0,363.0,242.0
0,1764116552.9964237,449.63785696029663,178.0,401.0,242.0
0,1764116553.0318158,456.41029167175293,178.0,410.0,240.0
0,1764116553.0612166,461.283007144928,178.0,402.0,244.0
0,1764116553.096725,466.12750577926636,178.0,391.0,234.0
0,1764116553.1408958,473.23489475250244,178.0,393.0,243.0
0,1764116553.1875036,478.0859022140503,178.0,401.0,238.0
0,1764116553.221347,485.30258226394653,178.0,435.0,222.0
0,1764116553.2607603,490.06629276275635,178.0,458.0,215.0
0,1764116553.2966845,494.8824315071106,178.0,466.0,211.0
0,1764116553.3264878,499.57747745513916,178.0,461.0,205.0
0,1764116553.3713677,506.87980937957764,178.0,455.0,212.0
0,1764116553.4174123,513.9760761260986,178.0,436.0,211.0
0,1764116553.4613395,521.3014392852783,178.0,428.0,224.0
0,1764116553.4869733,523.5832481384277,178.0,444.0,236.0
0,1764116553.528754,530.880072593689,178.0,446.0,241.0
0,1764116553.577172,537.9847078323364,178.0,446.0,250.0
0,1764116553.6013513,540.4353170394897,178.0,483.0,246.0
0,1764116553.631458,545.2008872032166,178.0,494.0,231.0
0,1764116553.6609526,550.1380829811096,178.0,492.0,234.0
0,1764116553.6961863,555.163827419281,178.0,519.0,230.0
0,1764116553.7377393,561.9905500411987,178.0,533.0,216.0
0,1764116553.772086,566.9253854751587,178.0,541.0,213.0
0,1764116553.8220396,574.0574507713318,178.0,554.0,229.0
0,1764116553.8511777,578.9046673774719,178.0,559.0,229.0
0,1764116553.8863053,583.6611180305481,178.0,545.0,217.0
0,1764116553.9120994,588.4469299316406,178.0,544.0,219.0
0,1764116553.9515402,593.1787400245667,178.0,538.0,229.0
0,1764116553.9816601,598.0490951538086,178.0,524.0,237.0
0,1764116554.0168533,602.8855471611023,178.0,512.0,240.0
0,1764116554.0461662,607.7026515007019,178.0,514.0,234.0
0,1764116554.0767326,612.5178961753845,178.0,540.0,217.0
0,1764116554.1109262,617.33424949646,178.0,567.0,207.0
0,1764116554.1412928,622.1068649291992,178.0,569.0,197.0
0,1764116554.1713605,626.8722205162048,178.0,568.0,219.0
0,1764116554.2048779,631.6749839782715,178.0,604.0,243.0
0,1764116554.2364597,636.4016799926758,178.0,612.0,259.0
0,1764116554.2708561,641.2496476173401,178.0,615.0,260.0
0,1764116554.3069026,646.1175708770752,178.0,619.0,267.0
0,1764116554.335967,650.9138612747192,178.0,610.0,266.0
0,1764116554.370797,655.6600480079651,178.0,599.0,261.0
0,1764116554.4010909,660.4192881584167,178.0,596.0,264.0
0,1764116554.4366937,665.193763256073,178.0,601.0,264.0
0,1764116554.4710722,672.7613477706909,178.0,605.0,257.0
0,1764116554.5012348,677.2857336997986,178.0,608.0,238.0
0,1764116554.5463428,682.1112065315247,178.0,607.0,240.0
0,1764116554.5951004,689.1859798431396,178.0,625.0,248.0
0,1764116554.6163044,694.0066246986389,178.0,629.0,252.0
0,1764116554.6483033,698.8967924118042,178.0,627.0,259.0
0,1764116554.6818235,703.644588470459,178.0,621.0,289.0
0,1764116554.7158453,708.4949879646301,178.0,654.0,287.0
0,1764116554.7461815,713.3533267974854,178.0,694.0,261.0
0,1764116554.793267,720.4911141395569,178.0,700.0,247.0
0,1764116554.8365788,725.2769975662231,178.0,696.0,244.0
0,1764116554.8734796,732.469358921051,178.0,705.0,240.0
0,1764116554.922937,739.6901159286499,178.0,709.0,227.0
0,1764116554.9761724,746.7760829925537,178.0,727.0,216.0
0,1764116555.0113897,751.7586975097656,178.0,742.0,195.0
0,1764116555.0484169,758.8407664299011,178.0,740.0,196.0
0,1764116555.075763,761.2296133041382,178.0,739.0,233.0
0,1764116555.115715,768.5393123626709,178.0,730.0,243.0
0,1764116555.1466181,773.2370047569275,178.0,741.0,231.0
0,1764116555.1807969,778.0752449035645,178.0,756.0,230.0
0,1764116555.215848,782.9623012542725,178.0,760.0,227.0
0,1764116555.2512138,787.7235441207886,178.0,770.0,230.0
0,1764116555.2810187,792.3864750862122,178.0,778.0,240.0
0,1764116555.3159556,797.2197799682617,178.0,770.0,242.0
0,1764116555.3567762,804.4053106307983,178.0,762.0,220.0
0,1764116555.3813708,809.3061356544495,178.0,779.0,195.0
0,1764116555.4179444,814.1726641654968,178.0,797.0,169.0
0,1764116555.448971,818.8468246459961,178.0,795.0,159.0
0,1764116555.4815269,823.6706523895264,178.0,792.0,175.0
0,1764116555.51679,828.4309296607971,178.0,786.0,216.0
0,1764116555.5511966,833.213737487793,178.0,815.0,235.0
0,1764116555.5818245,838.0696086883545,178.0,825.0,234.0
0,1764116555.6166546,842.9757623672485,178.0,839.0,222.0
0,1764116555.656654,850.1311450004578,178.0,845.0,235.0
0,1764116555.681494,852.4037985801697,178.0,825.0,262.0
0,1764116555.7160006,857.2026281356812,178.0,815.0,271.0
0,1764116555.7525454,864.5045666694641,178.0,813.0,244.0
0,1764116555.7959611,869.2397027015686,178.0,812.0,220.0
0,1764116555.8266425,874.1187839508057,178.0,831.0,229.0
0,1764116555.856144,878.8705139160156,178.0,849.0,218.0
0,1764116555.8863387,883.596137046814,178.0,851.0,210.0
0,1764116555.920988,888.3919982910156,178.0,847.0,215.0
0,1764116555.9565346,893.1899695396423,178.0,857.0,240.0
0,1764116555.9960728,900.4991321563721,178.0,870.0,253.0
0,1764116556.0409307,907.7172784805298,178.0,873.0,263.0
0,1764116556.0746014,912.4438314437866,178.0,883.0,259.0
0,1764116556.1108136,917.1817212104797,178.0,901.0,256.0
0,1764116556.1418245,921.9880967140198,178.0,907.0,246.0
0,1764116556.1712039,926.8654255867004,178.0,898.0,236.0
0,1764116556.2016206,931.7154674530029,178.0,919.0,237.0
0,1764116556.2387455,936.4161639213562,178.0,927.0,249.0
0,1764116556.2713406,941.3110880851746,178.0,934.0,250.0
0,1764116556.301859,946.1146025657654,178.0,933.0,253.0
0,1764116556.341796,953.3699064254761,178.0,926.0,257.0
0,1764116556.376781,958.0521850585938,178.0,926.0,256.0
0,1764116556.4061775,963.0271463394165,178.0,935.0,232.0
0,1764116556.451086,967.6309971809387,178.0,943.0,225.0
0,1764116556.473444,972.4185972213745,178.0,955.0,233.0
0,1764116556.5073826,977.3298292160034,178.0,952.0,234.0
0,1764116556.5410159,982.1218996047974,178.0,962.0,234.0
0,1764116556.5713353,986.8362216949463,178.0,977.0,225.0
0,1764116556.6039295,991.6953115463257,178.0,995.0,228.0
0,1764116556.6325653,996.507194519043,178.0,1001.0,230.0
0,1764116556.6668496,1001.284101486206,178.0,1003.0,237.0
0,1764116556.7017097,1005.980649471283,178.0,1000.0,240.0
0,1764116556.7369146,1010.7895998954773,178.0,1001.0,261.0
0,1764116556.7707067,1015.700080871582,178.0,1007.0,265.0
0,1764116556.807792,1022.796097278595,178.0,1006.0,259.0
0,1764116556.836157,1025.2488164901733,178.0,995.0,266.0
0,1764116556.8663006,1030.1666646003723,178.0,1009.0,267.0
0,1764116556.900947,1037.242582321167,178.0,1024.0,259.0
0,1764116556.9420462,1042.11554813385,178.0,1040.0,261.0
0,1764116556.9710195,1046.9168810844421,178.0,1041.0,257.0
0,1764116557.0007823,1051.7141370773315,178.0,1036.0,242.0
0,1764116557.0358224,1056.3874034881592,178.0,1034.0,227.0
0,1764116557.0761673,1061.286190032959,178.0,1035.0,225.0
0,1764116557.1160426,1068.479016304016,178.0,1081.0,223.0
0,1764116557.1563373,1073.3040599822998,178.0,1078.0,213.0
0,1764116557.1861875,1078.0415921211243,178.0,1075.0,213.0
0,1764116557.2159986,1083.2239775657654,178.0,1098.0,211.0
0,1764116557.2613328,1090.088143825531,178.0,1099.0,223.0
0,1764116557.306222,1097.2630171775818,178.0,1097.0,231.0
0,1764116557.3465989,1102.1386651992798,178.0,1091.0,228.0
0,1764116557.3713086,1106.8461565971375,178.0,1094.0,227.0
0,1764116557.4062579,1111.6710572242737,178.0,1098.0,224.0
0,1764116557.4360468,1116.4935975074768,178.0,1096.0,226.0
0,1764116557.4662046,1121.2851314544678,178.0,1092.0,227.0
0,1764116557.5012572,1126.0486989021301,178.0,1094.0,216.0
0,1764116557.536079,1130.7979612350464,178.0,1098.0,201.0
0,1764116557.566802,1135.6308012008667,178.0,1102.0,192.0
0,1764116557.596507,1140.4678254127502,178.0,1111.0,180.0
0,1764116557.636537,1145.2296404838562,178.0,1124.0,176.0
0,1764116557.666142,1150.0551490783691,178.0,1132.0,181.0
0,1764116557.6966693,1154.7783045768738,178.0,1131.0,181.0
0,1764116557.7412577,1162.0209126472473,178.0,1134.0,190.0
0,1764116557.7681816,1166.877785205841,178.0,1127.0,204.0
0,1764116557.8016672,1171.6761140823364,178.0,1143.0,224.0
0,1764116557.8318338,1176.4060645103455,178.0,1144.0,227.0
0,1764116557.8662162,1181.1960248947144,178.0,1143.0,226.0
0,1764116557.9013715,1186.017635345459,178.0,1143.0,214.0
0,1764116557.9365928,1190.803590297699,178.0,1162.0,194.0
0,1764116557.9658284,1195.6515936851501,178.0,1163.0,166.0
0,1764116558.0007071,1200.4291443824768,178.0,1169.0,164.0
0,1764116558.0359595,1205.27872133255,178.0,1174.0,166.0
0,1764116558.0664139,1210.1478247642517,178.0,1192.0,185.0
0,1764116558.095933,1214.830461025238,178.0,1193.0,190.0
0,1764116558.1315532,1219.6968822479248,178.0,1196.0,212.0
0,1764116558.1690345,1226.8572001457214,178.0,1189.0,227.0
0,1764116558.2084527,1231.5867929458618,178.0,1181.0,230.0
0,1764116558.2507548,1238.7780456542969,178.0,1184.0,219.0
0,1764116558.29697,1246.1204319000244,178.0,1203.0,207.0
0,1764116558.3362577,1250.8504180908203,178.0,1214.0,208.0
0,1764116558.361742,1255.695381641388,178.0,1232.0,205.0
0,1764116558.3922496,1260.4634552001953,178.0,1248.0,201.0
0,1764116558.421131,1265.2701525688171,178.0,1247.0,199.0
0,1764116558.4616585,1270.0698761940002,178.0,1238.0,201.0
0,1764116558.4918008,1274.8544721603394,178.0,1251.0,208.0
0,1764116558.531727,1279.6530871391296,178.0,1259.0,204.0
0,1764116558.5709074,1286.9233040809631,178.0,1258.0,195.0
0,1764116558.6059387,1291.6940956115723,178.0,1266.0,188.0
0,1764116558.6485724,1298.8485841751099,178.0,1274.0,189.0
0,1764116558.6811461,1303.6359696388245,178.0,1267.0,194.0
0,1764116558.711787,1308.3970336914062,178.0,1250.0,193.0
0,1764116558.7509608,1313.2819442749023,178.0,1258.0,186.0
0,1764116558.7770698,1318.0413990020752,178.0,1279.0,187.0
0,1764116558.8110325,1322.95187997818,178.0,1289.0,200.0
0,1764116558.8467176,1327.6792197227478,178.0,1291.0,210.0
0,1764116558.8807137,1332.4512271881104,178.0,1284.0,210.0
0,1764116558.9263046,1339.7375016212463,178.0,1315.0,211.0
0,1764116558.961173,1344.43944978714,178.0,1338.0,212.0
0,1764116558.987039,1349.348786354065,178.0,1350.0,214.0
0,1764116559.0220006,1354.033639907837,178.0,1349.0,211.0
0,1764116559.0509715,1358.8220267295837,178.0,1346.0,199.0
0,1764116559.0970054,1366.0531549453735,178.0,1344.0,195.0
0,1764116559.1286926,1370.942464351654,178.0,1352.0,200.0
0,1764116559.16656,1375.6145505905151,178.0,1353.0,202.0
0,1764116559.2012372,1380.4913787841797,178.0,1355.0,200.0
0,1764116559.2430017,1387.647798538208,178.0,1349.0,202.0
0,1764116559.2904713,1394.8903708457947,178.0,1356.0,191.0
0,1764116559.331276,1399.5832710266113,178.0,1368.0,184.0
0,1764116559.368786,1406.7785291671753,178.0,1383.0,192.0
0,1764116559.3909922,1409.3206911087036,178.0,1382.0,194.0
0,1764116559.426682,1414.1202001571655,178.0,1384.0,201.0
0,1764116559.4668527,1421.2673931121826,178.0,1391.0,200.0
0,1764116559.501829,1426.0849981307983,178.0,1405.0,202.0
0,1764116559.5311613,1430.9075741767883,178.0,1422.0,192.0
0,1764116559.5764778,1438.0713968276978,178.0,1430.0,168.0
0,1764116559.616795,1442.7909045219421,178.0,1426.0,170.0
0,1764116559.6422825,1447.7645783424377,178.0,1420.0,188.0
0,1764116559.6879406,1454.8387079238892,178.0,1417.0,211.0
0,1764116559.726934,1459.6226601600647,178.0,1416.0,222.0
0,1764116559.7613776,1464.4705562591553,178.0,1411.0,224.0
0,1764116559.7910233,1469.2351608276367,178.0,1415.0,229.0
0,1764116559.8257642,1474.001160144806,178.0,1429.0,225.0
0,1764116559.8564613,1478.7761001586914,178.0,1444.0,225.0
0,1764116559.8866665,1483.7512044906616,178.0,1454.0,229.0
0,1764116559.920931,1488.3992581367493,178.0,1478.0,224.0
0,1764116559.9514828,1493.3475403785706,178.0,1475.0,225.0
0,1764116559.9870155,1498.1597809791565,178.0,1492.0,215.0
0,1764116560.0263636,1505.3013234138489,178.0,1479.0,209.0
0,1764116560.0658176,1510.0184707641602,178.0,1476.0,219.0
0,1764116560.091091,1514.7794275283813,178.0,1466.0,208.0
0,1764116560.1264234,1519.6143417358398,178.0,1473.0,191.0
0,1764116560.1592247,1524.4277625083923,178.0,1483.0,175.0
0,1764116560.1909907,1529.2612104415894,178.0,1495.0,174.0
0,1764116560.221641,1534.080961227417,178.0,1498.0,181.0
0,1764116560.2565587,1538.9238505363464,178.0,1497.0,196.0
0,1764116560.2913208,1543.7040476799011,178.0,1509.0,210.0
0,1764116560.3211339,1548.5052733421326,178.0,1534.0,226.0
0,1764116560.3563373,1553.295376777649,178.0,1542.0,229.0
0,1764116560.4010465,1560.3838114738464,178.0,1548.0,235.0
0,1764116560.4536672,1567.5803213119507,178.0,1551.0,221.0
0,1764116560.4867656,1574.8022227287292,178.0,1554.0,212.0
0,1764116560.5163782,1577.234127998352,178.0,1577.0,214.0
0,1764116560.5462139,1582.0895700454712,178.0,1584.0,208.0
0,1764116560.5761275,1586.8867902755737,178.0,1578.0,204.0
0,1764116560.6113672,1591.6537551879883,178.0,1586.0,204.0
0,1764116560.6424215,1596.4090614318848,178.0,1578.0,199.0
0,1764116560.6761067,1601.319399356842,178.0,1564.0,192.0
0,1764116560.7064824,1606.0998468399048,178.0,1559.0,180.0
0,1764116560.7410176,1613.2531552314758,178.0,1572.0,173.0
0,1764116560.7714105,1615.5855326652527,178.0,1575.0,197.0
0,1764116560.8020804,1620.4874663352966,178.0,1589.0,220.0
0,1764116560.8361797,1625.3227381706238,178.0,1602.0,227.0
0,1764116560.8816576,1632.4011235237122,178.0,1602.0,221.0
0,1764116560.9162426,1637.276521205902,178.0,1607.0,214.0
0,1764116560.953431,1644.5008187294006,178.0,1643.0,211.0
0,1764116560.9862268,1649.233308315277,178.0,1655.0,205.0
0,1764116561.0168097,1654.0213732719421,178.0,1662.0,218.0
0,1764116561.049024,1658.8065056800842,178.0,1672.0,235.0
0,1764116561.076261,1661.246886730194,178.0,1669.0,242.0
0,1764116561.112515,1668.4580235481262,178.0,1660.0,229.0
0,1764116561.1457303,1673.1807498931885,178.0,1649.0,213.0
0,1764116561.1814022,1678.0447750091553,178.0,1653.0,204.0
0,1764116561.2109134,1682.8282980918884,178.0,1651.0,201.0
0,1764116561.2412713,1687.6892476081848,178.0,1650.0,202.0
0,1764116561.2725627,1692.4768476486206,178.0,1663.0,199.0
0,1764116561.3067372,1697.317877292633,178.0,1687.0,208.0
0,1764116561.335926,1701.9874601364136,178.0,1695.0,217.0
0,1764116561.3775716,1706.7802457809448,178.0,1713.0,216.0
0,1764116561.4113352,1711.6385130882263,178.0,1714.0,202.0
0,1764116561.4511316,1718.8390283584595,178.0,1713.0,201.0
1,1764116561.4979718,1726.0342507362366,178.0,1719.0,195.0
1,1764116561.5413935,1726.0342507362366,178.0,1727.0,203.0
1,1764116561.5760977,1726.0342507362366,178.0,1729.0,211.0
1,1764116561.6109746,1726.0342507362366,178.0,1737.0,206.0
1,1764116561.6411135,1726.0342507362366,178.0,1736.0,201.0
1,1764116561.6768188,1726.0342507362366,178.0,1728.0,201.0
1,1764116561.705773,1726.0342507362366,178.0,1728.0,195.0
1,1764116561.7415159,1726.0342507362366,178.0,1730.0,185.0
1,1764116561.7715702,1726.0342507362366,178.0,1723.0,179.0
1,1764116561.811652,1726.0342507362366,178.0,1710.0,196.0
1,1764116561.841655,1726.0342507362366,178.0,1713.0,208.0
1,1764116561.871576,1726.0342507362366,178.0,1713.0,214.0
1,1764116561.9112816,1726.0342507362366,178.0,1710.0,215.0
1,1764116561.9464297,1726.0342507362366,178.0,1703.0,217.0
1,1764116561.9762738,1726.0342507362366,178.0,1714.0,233.0
1,1764116562.0134473,180.5431990623474,270.0,1616.0,265.0
1,1764116562.0460713,185.22122192382812,270.0,1826.0,698.0
1,1764116562.0791726,190.0660424232483,270.0,1341.0,783.0
1,1764116562.1166775,194.91079139709473,270.0,1374.0,276.0
1,1764116562.1462588,199.7470645904541,270.0,232.0,400.0
1,1764116562.18071,204.44482851028442,270.0,247.0,328.0
1,1764116562.2221463,211.6161971092224,270.0,231.0,332.0
1,1764116562.2615342,216.46774101257324,270.0,208.0,336.0
1,1764116562.2913542,221.20530891418457,270.0,193.0,350.0
1,1764116562.3341696,228.4024624824524,270.0,184.0,360.0
1,1764116562.376321,233.30754327774048,270.0,164.0,354.0
1,1764116562.4008334,238.12979745864868,270.0,149.0,346.0
1,1764116562.431659,242.85034227371216,270.0,157.0,346.0
1,1764116562.461931,247.62066888809204,270.0,156.0,338.0
1,1764116562.494531,252.51562881469727,270.0,249.0,360.0
1,1764116562.5308366,257.23814058303833,270.0,257.0,359.0
1,1764116562.566944,262.1257333755493,270.0,263.0,362.0
1,1764116562.6164467,269.3252115249634,270.0,262.0,349.0
1,1764116562.6572607,276.41071367263794,270.0,267.0,345.0
1,1764116562.6867461,281.2646179199219,270.0,266.0,342.0
1,1764116562.733983,288.4410648345947,270.0,280.0,336.0
1,1764116562.7660084,293.2312397956848,270.0,291.0,334.0
1,1764116562.7972496,298.0213074684143,270.0,299.0,337.0
1,1764116562.826488,302.94856119155884,270.0,314.0,338.0
1,1764116562.8588717,305.2767901420593,270.0,317.0,349.0
1,1764116562.89496,312.5324516296387,270.0,303.0,351.0
1,1764116562.9207566,314.9265913963318,270.0,299.0,346.0
1,1764116562.9616644,322.1312551498413,270.0,310.0,345.0
1,1764116563.0012603,326.8117456436157,270.0,318.0,336.0
1,1764116563.0269935,331.64941358566284,270.0,304.0,340.0
1,1764116563.055963,336.53503942489624,270.0,322.0,342.0
1,1764116563.0916905,341.2535457611084,270.0,342.0,338.0
1,1764116563.121578,346.145215511322,270.0,348.0,346.0
1,1764116563.151473,350.9222297668457,270.0,345.0,344.0
1,1764116563.1996489,358.22230863571167,270.0,348.0,354.0
1,1764116563.242527,362.857702255249,270.0,359.0,361.0
1,1764116563.2665794,367.6445870399475,270.0,371.0,348.0
1,1764116563.2961504,372.45732831954956,270.0,366.0,319.0
1,1764116563.3264496,377.24464225769043,270.0,366.0,322.0
1,1764116563.3583744,382.0725111961365,270.0,375.0,334.0
1,1764116563.3912613,386.8440179824829,270.0,401.0,351.0
1,1764116563.4230804,391.73236179351807,270.0,396.0,346.0
1,1764116563.454365,396.53054761886597,270.0,389.0,343.0
1,1764116563.486668,401.28656911849976,270.0,401.0,338.0
1,1764116563.5209696,406.1739830970764,270.0,407.0,344.0
1,1764116563.5557282,410.8080177307129,270.0,420.0,352.0
1,1764116563.590991,415.6839518547058,270.0,433.0,367.0
1,1764116563.6209831,420.40721464157104,270.0,427.0,374.0
1,1764116563.6628382,427.6017575263977,270.0,417.0,369.0
1,1764116563.7108657,434.9622039794922,270.0,402.0,365.0
1,1764116563.7467163,439.67681217193604,270.0,394.0,377.0
1,1764116563.7812562,444.4000391960144,270.0,397.0,365.0
1,1764116563.8108034,449.2653875350952,270.0,391.0,335.0
1,1764116563.8409152,454.00317001342773,270.0,392.0,329.0
1,1764116563.8764882,458.9838891029358,270.0,393.0,327.0
1,1764116563.9027438,463.68118810653687,270.0,422.0,346.0
1,1764116563.9362354,468.4440760612488,270.0,434.0,331.0
1,1764116563.9760458,473.25052309036255,270.0,437.0,322.0
1,1764116564.0165381,480.85093784332275,270.0,432.0,322.0
1,1764116564.0472605,485.2492241859436,270.0,426.0,317.0
1,1764116564.0868788,490.07183599472046,270.0,428.0,314.0
1,1764116564.1209424,494.95971488952637,270.0,445.0,319.0
1,1764116564.1518369,499.8256711959839,270.0,473.0,324.0
1,1764116564.1817658,504.50054693222046,270.0,470.0,317.0
1,1764116564.2158203,509.2305688858032,270.0,456.0,311.0
1,1764116564.2466302,514.0252499580383,270.0,465.0,319.0
1,1764116564.2765129,518.8186435699463,270.0,471.0,328.0
1,1764116564.3130767,523.6226587295532,270.0,486.0,327.0
1,1764116564.3410885,528.4793882369995,270.0,482.0,318.0
1,1764116564.3767433,533.2463889122009,270.0,476.0,324.0
1,1764116564.4061573,538.0936770439148,270.0,465.0,338.0
1,1764116564.436144,542.9008750915527,270.0,479.0,340.0
1,1764116564.4709892,547.7518467903137,270.0,488.0,340.0
1,1764116564.5160835,554.8969655036926,270.0,493.0,338.0
1,1764116564.5459387,559.6719770431519,270.0,497.0,333.0
1,1764116564.5815358,564.5239858627319,270.0,531.0,319.0
1,1764116564.6108823,569.2502884864807,270.0,540.0,311.0
1,1764116564.641646,574.0355997085571,270.0,539.0,318.0
1,1764116564.675742,578.8709073066711,270.0,534.0,329.0
1,1764116564.7065978,583.7524919509888,270.0,540.0,328.0
1,1764116564.741744,588.4880928993225,270.0,538.0,322.0
1,1764116564.7832632,595.6785230636597,270.0,541.0,316.0
1,1764116564.8330204,602.8108744621277,270.0,542.0,319.0
1,1764116564.8620324,607.7767877578735,270.0,560.0,336.0
1,1764116564.8934948,612.5051646232605,270.0,566.0,332.0
1,1764116564.9309707,617.2268180847168,270.0,564.0,339.0
1,1764116564.9741235,624.5739250183105,270.0,566.0,349.0
1,1764116565.0015876,626.8314867019653,270.0,571.0,336.0
1,1764116565.0316782,631.7191867828369,270.0,590.0,325.0
1,1764116565.0664492,638.9427332878113,270.0,605.0,331.0
1,1764116565.096289,641.2357358932495,270.0,595.0,342.0
1,1764116565.1259613,646.1369185447693,270.0,592.0,338.0
1,1764116565.1571476,651.0641007423401,270.0,591.0,342.0
1,1764116565.201336,658.0509333610535,270.0,583.0,351.0
1,1764116565.2466612,665.2367858886719,270.0,585.0,356.0
1,1764116565.286527,670.0337200164795,270.0,591.0,360.0
1,1764116565.3159204,674.9691276550293,270.0,624.0,341.0
1,1764116565.3582861,682.0529489517212,270.0,636.0,326.0
1,1764116565.4012697,686.8903307914734,270.0,650.0,320.0
1,1764116565.4382644,694.0114884376526,270.0,651.0,316.0
1,1764116565.4757533,698.9514021873474,270.0,649.0,316.0
1,1764116565.506516,703.6390452384949,270.0,643.0,314.0
1,1764116565.5514696,710.9036831855774,270.0,643.0,326.0
1,1764116565.601124,718.132737159729,270.0,648.0,335.0
1,1764116565.6365118,722.9264883995056,270.0,645.0,333.0
1,1764116565.6707973,727.713122844696,270.0,653.0,347.0
1,1764116565.7012458,732.5205354690552,270.0,665.0,344.0
1,1764116565.7308292,737.3100309371948,270.0,675.0,341.0
1,1764116565.781874,744.4590120315552,270.0,669.0,346.0
1,1764116565.8164108,749.2104201316833,270.0,670.0,346.0
1,1764116565.8409598,754.0067820549011,270.0,703.0,330.0
1,1764116565.886151,761.2890510559082,270.0,720.0,332.0
1,1764116565.9262097,766.0843758583069,270.0,720.0,339.0
1,1764116565.9607809,770.9543375968933,270.0,713.0,329.0
1,1764116565.9975228,778.12366771698,270.0,710.0,317.0
1,1764116566.0261614,782.8995733261108,270.0,721.0,321.0
1,1764116566.0666122,787.7814798355103,270.0,736.0,333.0
1,1764116566.0967622,792.4474864006042,270.0,754.0,342.0
1,1764116566.1318424,797.3591833114624,270.0,751.0,344.0
1,1764116566.1615162,802.0637063980103,270.0,742.0,330.0
1,1764116566.205855,809.2137246131897,270.0,741.0,325.0
1,1764116566.2479575,814.0599040985107,270.0,756.0,323.0
1,1764116566.271609,818.8517956733704,270.0,765.0,328.0
1,1764116566.315162,823.6808090209961,270.0,774.0,331.0
1,1764116566.35146,830.8686285018921,270.0,789.0,355.0
1,1764116566.3818507,835.6900601387024,270.0,776.0,371.0
1,1764116566.4261632,842.8998379707336,270.0,762.0,366.0
1,1764116566.4679394,847.7415828704834,270.0,770.0,352.0
1,1764116566.4941423,852.4499325752258,270.0,788.0,327.0
1,1764116566.526678,857.2619585990906,270.0,793.0,322.0
1,1764116566.5578096,862.0264558792114,270.0,801.0,327.0
1,1764116566.591478,866.9021039009094,270.0,801.0,329.0
1,1764116566.6261623,871.6236143112183,270.0,820.0,331.0
1,1764116566.6607287,876.4617114067078,270.0,826.0,328.0
1,1764116566.6908736,881.2271027565002,270.0,831.0,326.0
1,1764116566.7220454,886.1018209457397,270.0,828.0,324.0
1,1764116566.7563968,890.8829121589661,270.0,830.0,321.0
1,1764116566.7862818,895.6392555236816,270.0,843.0,319.0
1,1764116566.8167655,900.4901556968689,270.0,863.0,318.0
1,1764116566.850701,905.28351354599,270.0,860.0,323.0
1,1764116566.8934674,912.5190048217773,270.0,851.0,329.0
1,1764116566.9307346,917.2523169517517,270.0,862.0,332.0
1,1764116566.9587805,922.1428065299988,270.0,892.0,324.0
1,1764116567.0007885,926.9158868789673,270.0,885.0,320.0
1,1764116567.0386145,934.1244130134583,270.0,886.0,303.0
1,1764116567.0761328,938.9227418899536,270.0,899.0,294.0
1,1764116567.1190631,946.1753277778625,270.0,907.0,303.0
1,1764116567.1644437,950.8245973587036,270.0,912.0,302.0
1,1764116567.197813,958.0310850143433,270.0,937.0,296.0
1,1764116567.241263,962.8168611526489,270.0,947.0,292.0
1,1764116567.2788792,970.0445203781128,270.0,952.0,278.0
1,1764116567.3207371,974.9933390617371,270.0,960.0,281.0
1,1764116567.346137,979.6402125358582,270.0,959.0,295.0
1,1764116567.3864944,986.9495182037354,270.0,965.0,302.0
1,1764116567.421685,991.7194871902466,270.0,971.0,300.0
1,1764116567.45418,996.4929609298706,270.0,988.0,307.0
1,1764116567.481211,999.000862121582,270.0,975.0,313.0
1,1764116567.5112722,1003.639009475708,270.0,975.0,316.0
1,1764116567.5462193,1010.9082608222961,270.0,962.0,317.0
1,1764116567.5760927,1013.3547930717468,270.0,963.0,314.0
1,1764116567.6061058,1018.0737285614014,270.0,977.0,315.0
1,1764116567.6512012,1025.241771221161,270.0,994.0,308.0
1,1764116567.6769671,1030.0238995552063,270.0,996.0,303.0
1,1764116567.7059464,1034.8673253059387,270.0,1004.0,294.0
1,1764116567.7427983,1039.7451190948486,270.0,1006.0,279.0
1,1764116567.7730203,1044.4589047431946,270.0,1014.0,267.0
1,1764116567.810957,1049.3114500045776,270.0,1010.0,266.0
1,1764116567.8412488,1054.1395335197449,270.0,1008.0,268.0
1,1764116567.8915377,1061.2446336746216,270.0,1016.0,275.0
1,1764116567.92672,1066.112986087799,270.0,1031.0,280.0
1,1764116567.9560895,1070.8120732307434,270.0,1044.0,291.0
1,1764116568.0000896,1078.0914812088013,270.0,1039.0,293.0
1,1764116568.0363212,1082.8779010772705,270.0,1042.0,296.0
1,1764116568.065954,1087.7066283226013,270.0,1069.0,286.0
1,1764116568.1065066,1094.9513463974,270.0,1087.0,283.0
1,1764116568.1489527,1099.6150283813477,270.0,1080.0,291.0
1,1764116568.1916401,1106.9213299751282,270.0,1062.0,276.0
1,1764116568.2166176,1109.301486492157,270.0,1061.0,301.0
1,1764116568.2610893,1116.5111570358276,270.0,1076.0,326.0
1,1764116568.2961695,1121.3069109916687,270.0,1095.0,337.0
1,1764116568.3265424,1126.1301665306091,270.0,1100.0,330.0
1,1764116568.356113,1130.9249906539917,270.0,1085.0,317.0
1,1764116568.386563,1135.641851902008,270.0,1072.0,309.0
1,1764116568.416727,1140.494146823883,270.0,1068.0,313.0
1,1764116568.44596,1145.2465920448303,270.0,1081.0,322.0
1,1764116568.4786284,1150.1394062042236,270.0,1104.0,321.0
1,1764116568.5061457,1154.8972158432007,270.0,1101.0,318.0
1,1764116568.5443153,1159.6492319107056,270.0,1096.0,304.0
1,1764116568.581017,1164.484932899475,270.0,1093.0,300.0
1,1764116568.6110117,1169.2574410438538,270.0,1110.0,295.0
1,1764116568.6463752,1174.1118817329407,270.0,1117.0,291.0
1,1764116568.675724,1178.866723060608,270.0,1115.0,290.0
1,1764116568.7116427,1183.7389378547668,270.0,1114.0,300.0
1,1764116568.7609386,1190.8361701965332,270.0,1113.0,314.0
1,1764116568.8021822,1198.0431942939758,270.0,1120.0,314.0
1,1764116568.8360865,1202.8942732810974,270.0,1127.0,308.0
1,1764116568.877171,1210.0753693580627,270.0,1156.0,313.0
1,1764116568.9221058,1214.933672428131,270.0,1170.0,314.0
1,1764116568.9569147,1222.02596950531,270.0,1168.0,317.0
1,1764116568.9859183,1226.8631010055542,270.0,1158.0,324.0
1,1764116569.016289,1229.3322710990906,270.0,1172.0,316.0
1,1764116569.0543227,1236.5067510604858,270.0,1191.0,310.0
1,1764116569.0813105,1238.9498858451843,270.0,1198.0,306.0
1,1764116569.111236,1243.7899856567383,270.0,1180.0,318.0
1,1764116569.1462214,1250.9085683822632,270.0,1173.0,323.0
1,1764116569.1864471,1255.6941299438477,270.0,1193.0,311.0
1,1764116569.2207458,1260.4293732643127,270.0,1227.0,300.0
1,1764116569.2623236,1267.7225499153137,270.0,1235.0,297.0
1,1764116569.296134,1272.4509625434875,270.0,1228.0,292.0
1,1764116569.3263419,1277.2391705513,270.0,1225.0,285.0
1,1764116569.357237,1282.0742635726929,270.0,1241.0,279.0
1,1764116569.396011,1286.902132511139,270.0,1237.0,284.0
1,1764116569.4229348,1291.7304306030273,270.0,1232.0,284.0
1,1764116569.4719002,1299.007513999939,270.0,1246.0,281.0
1,1764116569.5117776,1303.730061531067,270.0,1275.0,281.0
1,1764116569.5352466,1308.4141283035278,270.0,1285.0,293.0
1,1764116569.5713327,1313.2253317832947,270.0,1278.0,288.0
1,1764116569.601812,1318.066146850586,270.0,1260.0,269.0
1,1764116569.636035,1322.804322719574,270.0,1279.0,260.0
1,1764116569.6664886,1327.653434753418,270.0,1298.0,274.0
1,1764116569.6935537,1332.4644594192505,270.0,1336.0,285.0
1,1764116569.7265851,1337.3475103378296,270.0,1337.0,290.0
1,1764116569.7583,1342.064121246338,270.0,1340.0,283.0
1,1764116569.7969012,1346.8215732574463,270.0,1330.0,275.0
1,1764116569.8309789,1351.641288280487,270.0,1331.0,274.0
1,1764116569.8621054,1356.488826751709,270.0,1325.0,280.0
1,1764116569.8968217,1361.3447694778442,270.0,1321.0,287.0
1,1764116569.926157,1366.1261110305786,270.0,1339.0,296.0
1,1764116569.9608035,1370.8832054138184,270.0,1362.0,303.0
1,1764116569.99163,1375.9514360427856,270.0,1370.0,294.0
1,1764116570.0266051,1382.966127872467,270.0,1365.0,285.0
1,1764116570.0617237,1387.613287448883,270.0,1355.0,278.0
1,1764116570.1007223,1392.4049644470215,270.0,1348.0,281.0
1,1764116570.1367545,1397.2663073539734,270.0,1354.0,286.0
1,1764116570.168503,1402.1312980651855,270.0,1362.0,289.0
1,1764116570.2012353,1406.9239406585693,270.0,1369.0,285.0
1,1764116570.2310836,1411.649742603302,270.0,1345.0,287.0
1,1764116570.2610476,1416.4226441383362,270.0,1356.0,295.0
1,1764116570.302118,1423.6302404403687,270.0,1368.0,300.0
1,1764116570.3460906,1430.8889417648315,270.0,1386.0,304.0
1,1764116570.3863072,1435.7657341957092,270.0,1405.0,304.0
1,1764116570.4167755,1440.4858140945435,270.0,1414.0,308.0
1,1764116570.4559598,1445.2537446022034,270.0,1421.0,320.0
1,1764116570.4983566,1452.4379878044128,270.0,1438.0,311.0
1,1764116570.5214534,1454.850938796997,270.0,1445.0,279.0
1,1764116570.5527198,1459.673014163971,270.0,1444.0,261.0
1,1764116570.6020257,1466.9004230499268,270.0,1450.0,251.0
1,1764116570.6310198,1471.9983367919922,270.0,1464.0,259.0
1,1764116570.6767893,1478.8545279502869,270.0,1465.0,260.0
1,1764116570.7114294,1483.645990371704,270.0,1455.0,254.0
1,1764116570.753733,1490.8210067749023,270.0,1457.0,248.0
1,1764116570.7767055,1493.6533479690552,270.0,1480.0,245.0
1,1764116570.813326,1500.481107711792,270.0,1493.0,269.0
1,1764116570.8512015,1505.277147769928,270.0,1488.0,282.0
1,1764116570.8817403,1510.1161031723022,270.0,1491.0,299.0
1,1764116570.9059553,1514.86865568161,270.0,1491.0,292.0
1,1764116570.9359484,1517.3005967140198,270.0,1511.0,293.0
1,1764116570.9816022,1524.4595556259155,270.0,1539.0,287.0
1,1764116571.0231326,1531.6572813987732,270.0,1552.0,288.0
1,1764116571.0540824,1536.4689497947693,270.0,1534.0,286.0
1,1764116571.076791,1539.4577174186707,270.0,1520.0,288.0
1,1764116571.1117258,1543.7252192497253,270.0,1529.0,287.0
1,1764116571.1567647,1550.8055715560913,270.0,1544.0,286.0
1,1764116571.190896,1555.7966618537903,270.0,1570.0,281.0
1,1764116571.2299392,1562.8253011703491,270.0,1583.0,289.0
1,1764116571.2657669,1567.698088169098,270.0,1591.0,298.0
1,1764116571.2984183,1572.568693637848,270.0,1600.0,309.0
1,1764116571.3264706,1577.3252158164978,270.0,1590.0,311.0
1,1764116571.3760235,1584.468904018402,270.0,1581.0,316.0
1,1764116571.4264567,1591.7020349502563,270.0,1579.0,319.0
1,1764116571.4665005,1598.950436592102,270.0,1585.0,324.0
1,1764116571.4966855,1601.2905745506287,270.0,1607.0,323.0
1,1764116571.5344055,1608.4827570915222,270.0,1616.0,321.0
1,1764116571.560756,1610.9749941825867,270.0,1623.0,324.0
1,1764116571.598221,1618.058708190918,270.0,1633.0,323.0
1,1764116571.6315172,1622.8944091796875,270.0,1655.0,310.0
1,1764116571.6667778,1627.7665882110596,270.0,1668.0,307.0
1,1764116571.6968825,1632.4017314910889,270.0,1665.0,301.0
1,1764116571.7314496,1637.2523097991943,270.0,1672.0,293.0
1,1764116571.7615867,1642.109218120575,270.0,1656.0,292.0
1,1764116571.797028,1646.886947631836,270.0,1637.0,287.0
1,1764116571.8311868,1651.6672163009644,270.0,1639.0,288.0
1,1764116571.8621755,1656.4073233604431,270.0,1654.0,284.0
1,1764116571.8961813,1661.2320094108582,270.0,1675.0,281.0
1,1764116571.9372258,1668.5694246292114,270.0,1689.0,276.0
1,1764116571.9608028,1671.4099555015564,270.0,1685.0,286.0
1,1764116572.0014105,1678.001037120819,270.0,1686.0,293.0
1,1764116572.0310457,1682.9598336219788,270.0,1708.0,299.0
1,1764116572.0619445,1687.6445441246033,270.0,1714.0,291.0
1,1764116572.0934522,1692.5012378692627,270.0,1727.0,285.0
1,1764116572.136581,1697.2714214324951,270.0,1729.0,285.0
1,1764116572.1841562,1704.4078855514526,270.0,1737.0,295.0
1,1764116572.206362,1709.3039541244507,270.0,1747.0,305.0
1,1764116572.237526,1714.1329317092896,270.0,1748.0,298.0
1,1764116572.2813332,1718.8140301704407,270.0,1748.0,295.0
1,1764116572.306631,1723.6353545188904,270.0,1742.0,292.0
2,1764116572.3364673,1726.1225490570068,270.0,1744.0,289.0
2,1764116572.3662791,1726.1225490570068,270.0,1738.0,288.0
2,1764116572.3959994,1726.1225490570068,270.0,1736.0,292.0
2,1764116572.4416676,1726.1225490570068,270.0,1736.0,293.0
2,1764116572.4816563,1726.1225490570068,270.0,1737.0,296.0
2,1764116572.5160527,1726.1225490570068,270.0,1722.0,270.0
2,1764116572.5508804,1726.1225490570068,270.0,1711.0,265.0
2,1764116572.581718,1726.1225490570068,270.0,1716.0,269.0
2,1764116572.610846,1726.1225490570068,270.0,1714.0,280.0
2,1764116572.6408455,1726.1225490570068,270.0,1715.0,284.0
2,1764116572.671152,1726.1225490570068,270.0,1718.0,287.0
2,1764116572.6960952,1726.1225490570068,270.0,1729.0,270.0
2,1764116572.7312663,1726.1225490570068,270.0,1727.0,269.0
2,1764116572.7657204,1726.1225490570068,270.0,1719.0,275.0
2,1764116572.79642,1726.1225490570068,270.0,1722.0,285.0
2,1764116572.8317988,180.60800123214722,363.0,1722.0,292.0
2,1764116572.8707292,185.2071671485901,363.0,1708.0,310.0
2,1764116572.9058251,190.02470064163208,363.0,1274.0,405.0
2,1764116572.936012,194.9164776802063,363.0,3536.0,203.0
2,1764116572.9787276,202.13111925125122,363.0,779.0,263.0
2,1764116573.0163872,206.8023829460144,363.0,623.0,273.0
2,1764116573.0419676,211.65646600723267,363.0,452.0,438.0
2,1764116573.074115,216.43430280685425,363.0,423.0,423.0
2,1764116573.1018717,218.87189435958862,363.0,419.0,426.0
2,1764116573.1387424,226.03378582000732,363.0,405.0,441.0
2,1764116573.1711469,230.81223058700562,363.0,389.0,448.0
2,1764116573.2066689,235.64811038970947,363.0,376.0,448.0
2,1764116573.2461622,240.4904990196228,363.0,294.0,449.0
2,1764116573.276757,245.3697590827942,363.0,301.0,437.0
2,1764116573.3162937,252.50790405273438,363.0,305.0,439.0
2,1764116573.3546329,257.23656702041626,363.0,314.0,428.0
2,1764116573.3909447,264.4798903465271,363.0,314.0,416.0
2,1764116573.4213166,266.8660192489624,363.0,314.0,411.0
2,1764116573.4612567,274.0947871208191,363.0,328.0,418.0
2,1764116573.5013928,278.92408657073975,363.0,311.0,429.0
2,1764116573.5311935,283.90927600860596,363.0,315.0,438.0
2,1764116573.5732615,290.91366815567017,363.0,329.0,428.0
2,1764116573.6227555,298.04995346069336,363.0,346.0,413.0
2,1764116573.661123,302.879252910614,363.0,324.0,416.0
2,1764116573.6861882,307.6098828315735,363.0,319.0,415.0
2,1764116573.7209768,312.51281785964966,363.0,330.0,414.0
2,1764116573.7549958,317.2936944961548,363.0,340.0,414.0
2,1764116573.7962613,324.4749336242676,363.0,349.0,408.0
2,1764116573.842557,331.73756885528564,363.0,345.0,402.0
2,1764116573.8665588,334.0312867164612,363.0,376.0,403.0
2,1764116573.9013824,338.92209815979004,363.0,392.0,385.0
2,1764116573.9307957,343.70247411727905,363.0,374.0,388.0
2,1764116573.966389,348.40663957595825,363.0,351.0,417.0
2,1764116573.9962344,353.52629709243774,363.0,355.0,437.0
2,1764116574.0310383,360.4939250946045,363.0,371.0,436.0
2,1764116574.0696769,365.31220960617065,363.0,401.0,429.0
2,1764116574.1066196,370.0071840286255,363.0,413.0,421.0
2,1764116574.1314094,374.893846988678,363.0,412.0,422.0
2,1764116574.1658642,379.6927123069763,363.0,410.0,427.0
2,1764116574.196475,384.4745545387268,363.0,404.0,432.0
2,1764116574.2267628,389.22589111328125,363.0,406.0,425.0
2,1764116574.2586658,394.1085844039917,363.0,417.0,408.0
2,1764116574.2913556,398.8779454231262,363.0,415.0,393.0
2,1764116574.3395433,406.14269065856934,363.0,403.0,390.0
2,1764116574.3732734,410.84077644348145,363.0,386.0,394.0
2,1764116574.4019682,415.66024112701416,363.0,394.0,394.0
2,1764116574.4308696,420.46861934661865,363.0,424.0,403.0
2,1764116574.4762607,425.3516345024109,363.0,448.0,401.0
2,1764116574.511372,432.54399585723877,363.0,466.0,392.0
2,1764116574.5412152,434.9780468940735,363.0,453.0,388.0
2,1764116574.5780997,442.09534215927124,363.0,444.0,387.0
2,1764116574.6212819,446.90597343444824,363.0,464.0,388.0
2,1764116574.6661263,454.0751962661743,363.0,463.0,396.0
2,1764116574.709193,461.2400918006897,363.0,464.0,388.0
2,1764116574.7508595,468.46710729599,363.0,473.0,390.0
2,1764116574.7808545,471.43405961990356,363.0,487.0,394.0
2,1764116574.8337731,480.4198532104492,363.0,493.0,394.0
2,1764116574.8768978,485.2636008262634,363.0,482.0,396.0
2,1764116574.9013429,490.04848289489746,363.0,459.0,396.0
2,1764116574.9319453,494.9186592102051,363.0,468.0,398.0
2,1764116574.9636655,499.7586159706116,363.0,468.0,407.0
2,1764116574.9963553,504.5043377876282,363.0,470.0,401.0
2,1764116575.0310278,509.2419056892395,363.0,480.0,396.0
2,1764116575.0612676,514.014449596405,363.0,499.0,385.0
2,1764116575.1015434,518.8673882484436,363.0,502.0,376.0
2,1764116575.1310632,523.6311345100403,363.0,498.0,382.0
2,1764116575.1659079,528.507390499115,363.0,500.0,405.0
2,1764116575.2026172,535.6043725013733,363.0,528.0,411.0
2,1764116575.2366805,540.4945402145386,363.0,541.0,401.0
2,1764116575.2713165,545.2053933143616,363.0,542.0,388.0
2,1764116575.2994478,550.1014618873596,363.0,547.0,398.0
2,1764116575.331782,554.8204689025879,363.0,537.0,393.0
2,1764116575.366652,559.6197991371155,363.0,540.0,407.0
2,1764116575.3964777,564.5517020225525,363.0,562.0,404.0
2,1764116575.4309897,569.3305044174194,363.0,572.0,415.0
2,1764116575.4819489,576.5035181045532,363.0,587.0,438.0
2,1764116575.5167663,581.3291697502136,363.0,587.0,419.0
2,1764116575.5457,586.1106185913086,363.0,584.0,397.0
2,1764116575.5895305,593.3129577636719,363.0,581.0,397.0
2,1764116575.6229115,598.1137542724609,363.0,573.0,401.0
2,1764116575.6539955,602.8739242553711,363.0,573.0,415.0
2,1764116575.68179,607.6238303184509,363.0,580.0,417.0
2,1764116575.7146568,612.4252705574036,363.0,584.0,418.0
2,1764116575.7564828,617.2122626304626,363.0,575.0,420.0
2,1764116575.8008032,624.5737819671631,363.0,573.0,407.0
2,1764116575.8423927,631.6969423294067,363.0,598.0,391.0
2,1764116575.8757632,636.4419131278992,363.0,614.0,390.0
2,1764116575.9014342,638.8858346939087,363.0,620.0,393.0
2,1764116575.9317627,643.6581282615662,363.0,638.0,392.0
2,1764116575.966698,648.5133557319641,363.0,638.0,388.0
2,1764116576.003014,655.8015613555908,363.0,633.0,383.0
2,1764116576.035888,660.474935054779,363.0,640.0,385.0
2,1764116576.0656922,665.2420430183411,363.0,645.0,394.0
2,1764116576.0982342,670.0874714851379,363.0,630.0,396.0
2,1764116576.126988,672.571840763092,363.0,618.0,394.0
2,1764116576.156318,677.2650270462036,363.0,630.0,401.0
2,1764116576.1966026,684.4306735992432,363.0,626.0,402.0
2,1764116576.24634,691.6561870574951,363.0,618.0,414.0
2,1764116576.285703,696.4789061546326,363.0,620.0,428.0
2,1764116576.3240974,703.6731271743774,363.0,639.0,423.0
2,1764116576.3508282,708.4624080657959,363.0,640.0,397.0
2,1764116576.3958328,713.2434277534485,363.0,673.0,388.0
2,1764116576.442986,720.5556302070618,363.0,703.0,373.0
2,1764116576.4767914,725.2760319709778,363.0,721.0,363.0
2,1764116576.506914,730.1265387535095,363.0,726.0,370.0
2,1764116576.5367782,734.8891048431396,363.0,729.0,380.0
2,1764116576.5709279,739.7093920707703,363.0,723.0,402.0
2,1764116576.615778,746.8575148582458,363.0,708.0,416.0
2,1764116576.6597683,754.1281967163086,363.0,705.0,414.0
2,1764116576.6967556,758.9202671051025,363.0,722.0,403.0
2,1764116576.7386427,766.002336025238,363.0,744.0,413.0
2,1764116576.7757752,770.8959012031555,363.0,749.0,412.0
2,1764116576.8186414,778.1375079154968,363.0,753.0,398.0
2,1764116576.8568912,782.8121690750122,363.0,772.0,403.0
2,1764116576.8999157,790.0944380760193,363.0,756.0,422.0
2,1764116576.9366286,794.826319694519,363.0,764.0,424.0
2,1764116576.971604,799.7228889465332,363.0,775.0,416.0
2,1764116577.0010197,804.5072703361511,363.0,796.0,401.0
2,1764116577.0319936,809.3495874404907,363.0,818.0,403.0
2,1764116577.0660753,814.0950231552124,363.0,816.0,400.0
2,1764116577.1008499,818.8381700515747,363.0,809.0,392.0
2,1764116577.1403658,826.0818510055542,363.0,804.0,401.0
2,1764116577.1665397,828.5258083343506,363.0,800.0,411.0
2,1764116577.2114165,835.640278339386,363.0,787.0,412.0
2,1764116577.2374914,840.4594569206238,363.0,791.0,405.0
2,1764116577.2701588,845.2866463661194,363.0,786.0,403.0
2,1764116577.302378,850.1851110458374,363.0,802.0,388.0
2,1764116577.3257246,852.4009733200073,363.0,817.0,380.0
2,1764116577.3711278,859.636643409729,363.0,822.0,390.0
2,1764116577.4108808,866.8505339622498,363.0,816.0,407.0
2,1764116577.441708,871.6270117759705,363.0,814.0,420.0
2,1764116577.4714463,876.5551238059998,363.0,816.0,418.0
2,1764116577.5015323,878.9347081184387,363.0,823.0,394.0
2,1764116577.5419016,886.1832528114319,363.0,859.0,387.0
2,1764116577.573636,890.8909587860107,363.0,849.0,384.0
2,1764116577.6063745,895.6601767539978,363.0,835.0,389.0
2,1764116577.6412456,900.4033951759338,363.0,832.0,393.0
2,1764116577.6836708,907.7322988510132,363.0,846.0,385.0
2,1764116577.707913,910.1240067481995,363.0,877.0,380.0
2,1764116577.7414112,914.8124008178711,363.0,886.0,382.0
2,1764116577.7787442,922.0514326095581,363.0,880.0,396.0
2,1764116577.8113434,926.9266157150269,363.0,872.0,406.0
2,1764116577.860765,934.16614818573,363.0,879.0,400.0
2,1764116577.8964345,938.8025074005127,363.0,882.0,403.0
2,1764116577.9236698,943.7240748405457,363.0,874.0,388.0
2,1764116577.9658363,948.5239057540894,363.0,882.0,380.0
2,1764116578.0116937,955.651035785675,363.0,895.0,381.0
2,1764116578.0613508,962.8807692527771,363.0,898.0,397.0
2,1764116578.0863285,967.6270990371704,363.0,912.0,403.0
2,1764116578.1112278,972.5223450660706,363.0,919.0,399.0
2,1764116578.1470048,977.2305517196655,363.0,919.0,400.0
2,1764116578.1795275,982.1314840316772,363.0,910.0,390.0
2,1764116578.2157605,986.9542746543884,363.0,911.0,382.0
2,1764116578.2433412,991.6578321456909,363.0,930.0,388.0
2,1764116578.280702,996.9089179039001,363.0,936.0,404.0
2,1764116578.3106923,1001.2722997665405,363.0,932.0,411.0
2,1764116578.3469534,1006.1146883964539,363.0,926.0,401.0
2,1764116578.3759112,1010.8488945960999,363.0,955.0,402.0
2,1764116578.4063013,1015.7440690994263,363.0,949.0,401.0
2,1764116578.4414845,1020.4342155456543,363.0,957.0,397.0
2,1764116578.4743083,1025.3363995552063,363.0,977.0,386.0
2,1764116578.5065048,1030.1183133125305,363.0,994.0,377.0
2,1764116578.5369067,1034.839680671692,363.0,1005.0,367.0
2,1764116578.5631242,1039.6254568099976,363.0,1008.0,365.0
2,1764116578.6015813,1044.537868976593,363.0,1012.0,369.0
2,1764116578.6365724,1049.267819404602,363.0,1016.0,377.0
2,1764116578.6661975,1054.1602401733398,363.0,1043.0,380.0
2,1764116578.7012577,1058.9098958969116,363.0,1030.0,389.0
2,1764116578.7407863,1066.1457448005676,363.0,1025.0,409.0
2,1764116578.7765157,1070.848014831543,363.0,1030.0,425.0
2,1764116578.8059866,1075.74751663208,363.0,1057.0,426.0
2,1764116578.8362715,1080.4643421173096,363.0,1069.0,410.0
2,1764116578.8832994,1087.7060918807983,363.0,1080.0,402.0
2,1764116578.9216065,1092.4576787948608,363.0,1088.0,407.0
2,1764116578.951083,1097.3458437919617,363.0,1086.0,408.0
2,1764116578.986013,1102.0280151367188,363.0,1083.0,411.0
2,1764116579.028079,1109.2188386917114,363.0,1095.0,418.0
2,1764116579.0760689,1116.4154200553894,363.0,1091.0,423.0
2,1764116579.1168947,1121.2002305984497,363.0,1090.0,409.0
2,1764116579.1567564,1128.5054593086243,363.0,1096.0,413.0
2,1764116579.187363,1133.2951335906982,363.0,1092.0,429.0
2,1764116579.2220697,1138.021150112152,363.0,1100.0,419.0
2,1764116579.2513056,1142.894723892212,363.0,1131.0,414.0
2,1764116579.2860343,1147.7579979896545,363.0,1134.0,416.0
2,1764116579.3217804,1152.4396686553955,363.0,1123.0,421.0
2,1764116579.3512719,1157.2790532112122,363.0,1118.0,414.0
2,1764116579.395818,1164.5497708320618,363.0,1121.0,414.0
2,1764116579.4367445,1169.2580490112305,363.0,1121.0,411.0
2,1764116579.461482,1174.058702468872,363.0,1149.0,408.0
2,1764116579.4957423,1178.9074568748474,363.0,1145.0,385.0
2,1764116579.5270467,1183.6965589523315,363.0,1144.0,369.0
2,1764116579.5616539,1188.4012250900269,363.0,1153.0,366.0
2,1764116579.5912597,1193.2050256729126,363.0,1179.0,371.0
2,1764116579.621474,1198.079529285431,363.0,1182.0,373.0
2,1764116579.6567895,1202.9778151512146,363.0,1186.0,372.0
2,1764116579.6980011,1210.036030292511,363.0,1197.0,375.0
2,1764116579.7367609,1214.8758797645569,363.0,1195.0,396.0
2,1764116579.7786205,1222.0075516700745,363.0,1191.0,396.0
2,1764116579.8164883,1226.9134907722473,363.0,1195.0,374.0
2,1764116579.8605542,1234.1214089393616,363.0,1187.0,362.0
2,1764116579.901414,1238.908579826355,363.0,1211.0,379.0
2,1764116579.941346,1246.0521249771118,363.0,1229.0,367.0
2,1764116579.9769542,1250.9499459266663,363.0,1242.0,347.0
2,1764116580.019711,1258.1441669464111,363.0,1227.0,362.0
2,1764116580.0464413,1260.4671030044556,363.0,1229.0,383.0
2,1764116580.086315,1267.6529912948608,363.0,1251.0,376.0
2,1764116580.1207283,1272.5898294448853,363.0,1272.0,368.0
2,1764116580.1640568,1279.6987562179565,363.0,1257.0,365.0
2,1764116580.2008157,1284.8385124206543,363.0,1266.0,369.0
2,1764116580.2420719,1291.6999249458313,363.0,1296.0,347.0
2,1764116580.2817307,1296.4024095535278,363.0,1296.0,335.0
2,1764116580.3064835,1301.3436465263367,363.0,1293.0,335.0
2,1764116580.3406096,1306.118872642517,363.0,1304.0,338.0
2,1764116580.375856,1310.9487442970276,363.0,1319.0,344.0
2,1764116580.4062436,1315.7099871635437,363.0,1306.0,342.0
2,1764116580.4467695,1320.5533413887024,363.0,1296.0,342.0
2,1764116580.4941657,1327.601686000824,363.0,1309.0,350.0
2,1764116580.531619,1334.8927884101868,363.0,1343.0,352.0
2,1764116580.5715497,1339.7445468902588,363.0,1342.0,338.0
2,1764116580.6009254,1344.4490699768066,363.0,1333.0,328.0
2,1764116580.6366796,1349.2632060050964,363.0,1326.0,337.0
2,1764116580.671234,1356.5232663154602,363.0,1342.0,354.0
2,1764116580.7111213,1361.353066444397,363.0,1360.0,351.0
2,1764116580.7395763,1366.0819082260132,363.0,1350.0,331.0
2,1764116580.774618,1370.8271651268005,363.0,1337.0,319.0
2,1764116580.8061078,1375.6711630821228,363.0,1348.0,319.0
2,1764116580.8410997,1380.4353384971619,363.0,1372.0,331.0
2,1764116580.8708644,1385.2492599487305,363.0,1374.0,345.0
2,1764116580.9063776,1390.0135068893433,363.0,1366.0,339.0
2,1764116580.9413342,1394.9008135795593,363.0,1373.0,330.0
2,1764116580.9804251,1402.178969860077,363.0,1377.0,347.0
2,1764116581.0107799,1406.8556694984436,363.0,1378.0,371.0
2,1764116581.044138,1411.7744116783142,363.0,1375.0,361.0
2,1764116581.0859272,1416.4403109550476,363.0,1379.0,359.0
2,1764116581.1115046,1421.2629227638245,363.0,1387.0,355.0
2,1764116581.1457062,1426.0408310890198,363.0,1388.0,352.0
2,1764116581.1817207,1430.9457688331604,363.0,1393.0,348.0
2,1764116581.2107387,1435.6055526733398,363.0,1415.0,344.0
2,1764116581.2527268,1442.957344532013,363.0,1419.0,338.0
2,1764116581.2907772,1447.684398174286,363.0,1411.0,336.0
2,1764116581.3364415,1454.9535064697266,363.0,1405.0,328.0
2,1764116581.3713088,1459.7086338996887,363.0,1429.0,331.0
2,1764116581.4058182,1464.5270256996155,363.0,1437.0,332.0
2,1764116581.4366536,1469.305685043335,363.0,1435.0,331.0
2,1764116581.4710772,1476.4997630119324,363.0,1454.0,337.0
2,1764116581.5162961,1481.3112525939941,363.0,1487.0,369.0
2,1764116581.5541809,1488.4211449623108,363.0,1493.0,381.0
2,1764116581.5823958,1490.8045558929443,363.0,1475.0,393.0
2,1764116581.6178977,1498.036220550537,363.0,1488.0,385.0
2,1764116581.6510353,1502.8802185058594,363.0,1508.0,382.0
2,1764116581.6758196,1505.293884754181,363.0,1514.0,385.0
2,1764116581.7164526,1512.4754457473755,363.0,1513.0,378.0
2,1764116581.7468054,1517.2210245132446,363.0,1531.0,373.0
2,1764116581.781407,1522.0977811813354,363.0,1537.0,373.0
2,1764116581.816847,1526.8609552383423,363.0,1538.0,379.0
2,1764116581.8456886,1531.7491202354431,363.0,1536.0,385.0
2,1764116581.8941464,1538.888123512268,363.0,1542.0,375.0
2,1764116581.9561357,1548.4440474510193,363.0,1549.0,353.0
2,1764116582.0027647,1555.6054382324219,363.0,1528.0,365.0
2,1764116582.0458248,1560.5223207473755,363.0,1534.0,383.0
2,1764116582.086071,1567.6193742752075,363.0,1562.0,390.0
2,1764116582.1166735,1572.4327592849731,363.0,1570.0,381.0
2,1764116582.1568942,1577.2251515388489,363.0,1542.0,366.0
2,1764116582.196212,1584.4953327178955,363.0,1538.0,362.0
2,1764116582.2327468,1589.405885219574,363.0,1556.0,365.0
2,1764116582.2819808,1596.4304475784302,363.0,1591.0,367.0
2,1764116582.3294702,1603.7405400276184,363.0,1607.0,367.0
2,1764116582.3661592,1608.4268598556519,363.0,1577.0,358.0
2,1764116582.4194317,1618.0703310966492,363.0,1558.0,344.0
2,1764116582.4610908,1622.9771642684937,363.0,1569.0,343.0
2,1764116582.499279,1630.0854115486145,363.0,1622.0,358.0
2,1764116582.536857,1634.818187236786,363.0,1645.0,382.0
2,1764116582.5666387,1639.7086052894592,363.0,1645.0,391.0
2,1764116582.6008701,1644.5814638137817,363.0,1650.0,384.0
2,1764116582.636691,1649.2043762207031,363.0,1660.0,383.0
2,1764116582.6767795,1656.5579204559326,363.0,1662.0,391.0
2,1764116582.7108505,1661.2058668136597,363.0,1649.0,389.0
2,1764116582.7507014,1668.4433965682983,363.0,1635.0,392.0
2,1764116582.7864141,1673.31010389328,363.0,1637.0,395.0
2,1764116582.811805,1675.6881504058838,363.0,1656.0,386.0
2,1764116582.8529859,1682.9914121627808,363.0,1672.0,376.0
2,1764116582.9006338,1690.1099948883057,363.0,1681.0,370.0
2,1764116582.9359076,1694.8440222740173,363.0,1684.0,365.0
2,1764116582.980037,1702.0251898765564,363.0,1673.0,357.0
2,1764116583.0213268,1706.8891792297363,363.0,1662.0,351.0
2,1764116583.0583355,1714.1173391342163,363.0,1664.0,365.0
2,1764116583.0862873,1716.4216785430908,363.0,1669.0,384.0
2,1764116583.1308668,1723.6254124641418,363.0,1659.0,386.0
3,1764116583.1662214,1726.12251329422,363.0,1657.0,383.0
3,1764116583.1963665,1726.12251329422,363.0,1669.0,370.0
3,1764116583.2266715,1726.12251329422,363.0,1678.0,370.0
3,1764116583.25682,1726.12251329422,363.0,1684.0,367.0
3,1764116583.29121,1726.12251329422,363.0,1686.0,363.0
3,1764116583.3207884,1726.12251329422,363.0,1686.0,349.0
3,1764116583.3511562,1726.12251329422,363.0,1681.0,349.0
3,1764116583.3866577,1726.12251329422,363.0,1673.0,355.0
3,1764116583.426428,1726.12251329422,363.0,1674.0,361.0
3,1764116583.4614565,1726.12251329422,363.0,1681.0,353.0
3,1764116583.4959662,1726.12251329422,363.0,1676.0,357.0
3,1764116583.5361955,1726.12251329422,363.0,1683.0,360.0
3,1764116583.5709422,1726.12251329422,363.0,1685.0,367.0
3,1764116583.6009052,1726.12251329422,363.0,1685.0,372.0
3,1764116583.6365666,178.0,456.0,1685.0,373.0
3,1764116583.666506,180.52403020858765,456.0,1690.0,381.0
3,1764116583.6965156,185.22190141677856,456.0,1504.0,399.0
3,1764116583.7307172,190.0450496673584,456.0,1602.0,879.0
3,1764116583.7610815,194.9295310974121,456.0,1642.0,872.0
3,1764116583.7959151,199.7545747756958,456.0,453.0,412.0
3,1764116583.8261106,204.57768726348877,456.0,372.0,390.0
3,1764116583.8610637,211.67456197738647,456.0,411.0,422.0
3,1764116583.8917851,214.11286878585815,456.0,396.0,410.0
3,1764116583.9285173,221.31531524658203,456.0,381.0,425.0
3,1764116583.9567657,223.7040548324585,456.0,364.0,440.0
3,1764116583.9961557,230.9167652130127,456.0,309.0,482.0
3,1764116584.036938,235.60372877120972,456.0,216.0,542.0
3,1764116584.0726163,242.94711637496948,456.0,229.0,491.0
3,1764116584.1108127,247.71064805984497,456.0,245.0,475.0
3,1764116584.140764,252.47621822357178,456.0,261.0,504.0
3,1764116584.1712968,257.354727268219,456.0,262.0,518.0
3,1764116584.2069106,262.03382301330566,456.0,259.0,515.0
3,1764116584.2358208,266.84549140930176,456.0,274.0,504.0
3,1764116584.2659917,271.788480758667,456.0,281.0,490.0
3,1764116584.2980487,276.5263705253601,456.0,281.0,495.0
3,1764116584.3312316,281.22402715682983,456.0,284.0,475.0
3,1764116584.380877,288.4605555534363,456.0,316.0,492.0
3,1764116584.4207847,295.6327109336853,456.0,316.0,488.0
3,1764116584.4458385,298.0425148010254,456.0,316.0,485.0
3,1764116584.4808261,302.8243570327759,456.0,326.0,482.0
3,1764116584.5162773,307.6154975891113,456.0,334.0,490.0
3,1764116584.5540178,314.86797618865967,456.0,337.0,514.0
3,1764116584.591104,319.718053817749,456.0,349.0,522.0
3,1764116584.6327295,326.9016890525818,456.0,331.0,507.0
3,1764116584.6616561,331.7634253501892,456.0,331.0,476.0
3,1764116584.6913476,334.09004497528076,456.0,340.0,471.0
3,1764116584.7417321,343.7748222351074,456.0,341.0,481.0
3,1764116584.7961617,350.92906045913696,456.0,342.0,488.0
3,1764116584.8312814,355.6930570602417,456.0,355.0,483.0
3,1764116584.8608851,360.46599435806274,456.0,392.0,507.0
3,1764116584.8964877,365.25273609161377,456.0,388.0,532.0
3,1764116584.9271538,370.06851720809937,456.0,395.0,543.0
3,1764116584.9615169,374.826434135437,456.0,394.0,534.0
3,1764116584.9968169,379.71388387680054,456.0,392.0,511.0
3,1764116585.033945,386.9903950691223,456.0,377.0,493.0
3,1764116585.0663662,391.80488872528076,456.0,368.0,487.0
3,1764116585.0975683,396.4835910797119,456.0,376.0,496.0
3,1764116585.1293175,401.2863187789917,456.0,396.0,504.0
3,1764116585.1664457,406.0639410018921,456.0,404.0,505.0
3,1764116585.2009625,410.83369541168213,456.0,403.0,493.0
3,1764116585.2460308,418.09658098220825,456.0,405.0,481.0
3,1764116585.2908795,425.3331093788147,456.0,413.0,474.0
3,1764116585.3160372,427.71330165863037,456.0,418.0,483.0
3,1764116585.352264,434.8384289741516,456.0,421.0,506.0
3,1764116585.3810575,439.67362928390503,456.0,416.0,509.0
3,1764116585.4174619,444.536009311676,456.0,422.0,502.0
3,1764116585.4609542,451.6581325531006,456.0,427.0,508.0
3,1764116585.5051937,456.44494581222534,456.0,442.0,512.0
3,1764116585.5289216,461.2069754600525,456.0,452.0,495.0
3,1764116585.5557575,463.72102785110474,456.0,451.0,488.0
3,1764116585.5980685,470.90802478790283,456.0,444.0,485.0
3,1764116585.6307065,475.63368368148804,456.0,430.0,485.0
3,1764116585.6790938,482.9342632293701,456.0,425.0,485.0
3,1764116585.7262652,490.0618224143982,456.0,421.0,480.0
3,1764116585.7690818,497.35285329818726,456.0,476.0,478.0
3,1764116585.7909276,499.61391973495483,456.0,494.0,476.0
3,1764116585.825889,504.5130281448364,456.0,502.0,480.0
3,1764116585.8642309,512.1496348381042,456.0,522.0,493.0
3,1764116585.9065373,516.4836912155151,456.0,539.0,493.0
3,1764116585.935721,521.2958960533142,456.0,546.0,469.0
3,1764116585.9667256,526.0626106262207,456.0,548.0,460.0
3,1764116586.0248938,535.602334022522,456.0,545.0,456.0
3,1764116586.0570962,540.4103546142578,456.0,537.0,474.0
3,1764116586.088951,545.25914478302,456.0,532.0,498.0
3,1764116586.1160476,547.7468400001526,456.0,527.0,493.0
3,1764116586.146821,552.4897723197937,456.0,533.0,472.0
3,1764116586.1765244,557.2500853538513,456.0,539.0,458.0
3,1764116586.212945,562.0067505836487,456.0,544.0,455.0
3,1764116586.2413306,566.8172030448914,456.0,543.0,459.0
3,1764116586.2763538,571.7308669090271,456.0,522.0,461.0
3,1764116586.3058844,576.5152125358582,456.0,545.0,447.0
3,1764116586.3528817,583.6171655654907,456.0,567.0,447.0
3,1764116586.3866892,588.4142069816589,456.0,571.0,457.0
3,1764116586.421494,595.7391052246094,456.0,577.0,455.0
3,1764116586.4613132,600.5726246833801,456.0,582.0,427.0
3,1764116586.4886687,605.2841215133667,456.0,578.0,417.0
3,1764116586.5265198,610.0898175239563,456.0,579.0,431.0
3,1764116586.5653152,614.8703722953796,456.0,584.0,448.0
3,1764116586.6008224,622.1503882408142,456.0,624.0,451.0
3,1764116586.6439645,626.8307356834412,456.0,637.0,449.0
3,1764116586.6659908,631.7850260734558,456.0,644.0,454.0
3,1764116586.698171,636.4913730621338,456.0,648.0,452.0
3,1764116586.733712,641.3242130279541,456.0,645.0,452.0
3,1764116586.7710173,646.1524753570557,456.0,637.0,462.0
3,1764116586.8167279,653.2496719360352,456.0,627.0,485.0
3,1764116586.8513958,658.0610542297363,456.0,646.0,483.0
3,1764116586.88178,662.9792957305908,456.0,655.0,448.0
3,1764116586.915856,667.6998763084412,456.0,661.0,432.0
3,1764116586.9524503,674.9041466712952,456.0,661.0,440.0
3,1764116586.981315,679.7122387886047,456.0,663.0,449.0
3,1764116587.01181,682.1139245033264,456.0,664.0,441.0
3,1764116587.0460143,689.4171504974365,456.0,661.0,429.0
3,1764116587.0767915,691.6362671852112,456.0,664.0,439.0
3,1764116587.1125073,698.8379626274109,456.0,665.0,446.0
3,1764116587.141323,703.7134675979614,456.0,683.0,452.0
3,1764116587.1866722,708.4190278053284,456.0,702.0,456.0
3,1764116587.2320714,715.676191329956,456.0,705.0,461.0
3,1764116587.2817123,722.9317455291748,456.0,704.0,463.0
3,1764116587.3014164,727.727463722229,456.0,708.0,453.0
3,1764116587.3313587,730.0076632499695,456.0,725.0,443.0
3,1764116587.3657382,737.3757271766663,456.0,733.0,434.0
3,1764116587.3968468,739.7132544517517,456.0,747.0,436.0
3,1764116587.4259634,744.4030432701111,456.0,736.0,446.0
3,1764116587.4611683,751.6902475357056,456.0,727.0,457.0
3,1764116587.490901,754.0692596435547,456.0,726.0,456.0
3,1764116587.5332303,761.2346200942993,456.0,742.0,466.0
3,1764116587.560763,766.0132436752319,456.0,760.0,471.0
3,1764116587.596172,770.8338527679443,456.0,743.0,468.0
3,1764116587.6412854,778.087833404541,456.0,747.0,451.0
3,1764116587.6818037,782.912269115448,456.0,752.0,448.0
3,1764116587.7112758,787.6439719200134,456.0,749.0,463.0
3,1764116587.741281,792.5196914672852,456.0,762.0,458.0
3,1764116587.776496,797.2542195320129,456.0,772.0,458.0
3,1764116587.8115444,802.1762518882751,456.0,781.0,451.0
3,1764116587.851506,809.3429713249207,456.0,799.0,452.0
3,1764116587.8865838,814.0690236091614,456.0,809.0,452.0
3,1764116587.9290986,821.2546615600586,456.0,824.0,446.0
3,1764116587.9658496,826.0818510055542,456.0,819.0,442.0
3,1764116587.993032,830.8144836425781,456.0,799.0,433.0
3,1764116588.0261056,835.6575875282288,456.0,800.0,424.0
3,1764116588.0611134,840.476122379303,456.0,809.0,434.0
3,1764116588.0912762,845.2873973846436,456.0,823.0,458.0
3,1764116588.1264613,850.0286846160889,456.0,819.0,471.0
3,1764116588.1609185,854.8301606178284,456.0,813.0,470.0
3,1764116588.19602,859.6500186920166,456.0,818.0,462.0
3,1764116588.2261124,864.4546418190002,456.0,826.0,450.0
3,1764116588.2566288,869.7736768722534,456.0,827.0,451.0
3,1764116588.290977,874.033775806427,456.0,838.0,450.0
3,1764116588.336661,881.3442258834839,456.0,857.0,457.0
3,1764116588.3762612,888.4405999183655,456.0,876.0,459.0
3,1764116588.4259756,895.6318526268005,456.0,875.0,460.0
3,1764116588.4668922,900.5331783294678,456.0,882.0,463.0
3,1764116588.496843,905.3332595825195,456.0,891.0,453.0
3,1764116588.5265293,910.0902109146118,456.0,888.0,448.0
3,1764116588.5568535,914.8631482124329,456.0,888.0,439.0
3,1764116588.5962534,919.6104793548584,456.0,900.0,436.0
3,1764116588.626855,924.4419603347778,456.0,912.0,435.0
3,1764116588.6612723,931.7058472633362,456.0,927.0,429.0
3,1764116588.7062838,936.5685133934021,456.0,947.0,428.0
3,1764116588.752904,943.7427787780762,456.0,944.0,438.0
3,1764116588.7815068,948.4900026321411,456.0,923.0,438.0
3,1764116588.8157573,953.3391146659851,456.0,942.0,426.0
3,1764116588.8457859,958.1185965538025,456.0,968.0,424.0
3,1764116588.8779821,962.9094152450562,456.0,957.0,426.0
3,1764116588.9112356,967.7223711013794,456.0,938.0,439.0
3,1764116588.9464915,972.4458484649658,456.0,930.0,440.0
3,1764116588.9864807,979.7972469329834,456.0,938.0,442.0
3,1764116589.0332918,986.827531337738,456.0,959.0,443.0
3,1764116589.068817,991.7872934341431,456.0,968.0,428.0
3,1764116589.1062307,996.5118794441223,456.0,974.0,439.0
3,1764116589.136526,1001.2262372970581,456.0,982.0,457.0
3,1764116589.1708567,1006.090512752533,456.0,975.0,438.0
3,1764116589.2058423,1013.3913426399231,456.0,988.0,432.0
3,1764116589.236598,1015.6717567443848,456.0,1006.0,436.0
3,1764116589.271974,1022.8281049728394,456.0,1021.0,438.0
3,1764116589.3016584,1027.7637629508972,456.0,1035.0,421.0
3,1764116589.3306923,1030.1581888198853,456.0,1024.0,422.0
3,1764116589.361064,1034.941819190979,456.0,1012.0,434.0
3,1764116589.3964033,1039.6095423698425,456.0,998.0,435.0
3,1764116589.4266875,1044.4973497390747,456.0,999.0,435.0
3,1764116589.4615529,1051.7479329109192,456.0,1016.0,439.0
3,1764116589.500921,1056.4582495689392,456.0,1042.0,451.0
3,1764116589.5336993,1061.3332180976868,456.0,1043.0,456.0
3,1764116589.5616581,1066.065242767334,456.0,1036.0,455.0
3,1764116589.5930543,1070.9529428482056,456.0,1051.0,454.0
3,1764116589.6367085,1075.690188884735,456.0,1068.0,462.0
3,1764116589.6888576,1085.3348760604858,456.0,1074.0,471.0
3,1764116589.7209516,1090.1487617492676,456.0,1057.0,466.0
3,1764116589.756027,1094.8219566345215,456.0,1057.0,448.0
3,1764116589.801005,1102.1041898727417,456.0,1056.0,452.0
3,1764116589.841237,1106.8959741592407,456.0,1074.0,469.0
3,1764116589.8690343,1111.6949110031128,456.0,1065.0,461.0
3,1764116589.9177966,1118.846824645996,456.0,1072.0,442.0
3,1764116589.950762,1123.749580860138,456.0,1087.0,449.0
3,1764116589.9861903,1128.4802465438843,456.0,1106.0,466.0
3,1764116590.0208533,1135.6429963111877,456.0,1104.0,473.0
3,1764116590.0515985,1138.0201845169067,456.0,1094.0,474.0
3,1764116590.0965266,1145.2242045402527,456.0,1102.0,479.0
3,1764116590.1390643,1152.565052986145,456.0,1114.0,488.0
3,1764116590.171011,1157.3259739875793,456.0,1128.0,482.0
3,1764116590.205983,1162.053921699524,456.0,1124.0,470.0
3,1764116590.2362638,1166.9506697654724,456.0,1133.0,452.0
3,1764116590.268956,1171.7114477157593,456.0,1159.0,431.0
3,1764116590.301187,1176.4055995941162,456.0,1184.0,415.0
3,1764116590.3312657,1181.3912539482117,456.0,1193.0,414.0
3,1764116590.366624,1186.124279975891,456.0,1184.0,428.0
3,1764116590.3958457,1190.8288745880127,456.0,1157.0,435.0
3,1764116590.4368455,1195.6202654838562,456.0,1162.0,439.0
3,1764116590.4715958,1202.8017191886902,456.0,1180.0,433.0
3,1764116590.501039,1207.6708583831787,456.0,1202.0,420.0
3,1764116590.5308392,1210.1437120437622,456.0,1207.0,414.0
3,1764116590.5705879,1217.3130421638489,456.0,1214.0,418.0
3,1764116590.591645,1219.6090846061707,456.0,1204.0,424.0
3,1764116590.62652,1224.4918494224548,456.0,1196.0,429.0
3,1764116590.6671813,1231.6109685897827,456.0,1199.0,433.0
3,1764116590.714081,1238.8597993850708,456.0,1215.0,452.0
3,1764116590.7460275,1243.6164288520813,456.0,1230.0,464.0
3,1764116590.787039,1248.463788509369,456.0,1236.0,461.0
3,1764116590.8312962,1255.7063965797424,456.0,1222.0,453.0
3,1764116590.876048,1262.828805923462,456.0,1222.0,465.0
3,1764116590.926045,1270.1298146247864,456.0,1249.0,464.0
3,1764116590.976518,1277.2872714996338,456.0,1265.0,473.0
3,1764116591.0112896,1282.038643836975,456.0,1282.0,471.0
3,1764116591.0564706,1289.2159848213196,456.0,1298.0,459.0
3,1764116591.102219,1296.4210777282715,456.0,1305.0,469.0
3,1764116591.1287613,1301.3055591583252,456.0,1299.0,483.0
3,1764116591.170773,1306.1270265579224,456.0,1290.0,469.0
3,1764116591.2104087,1313.296356678009,456.0,1306.0,461.0
3,1764116591.24658,1318.2132034301758,456.0,1313.0,470.0
3,1764116591.2809184,1322.9724435806274,456.0,1313.0,465.0
3,1764116591.311431,1327.6768951416016,456.0,1309.0,462.0
3,1764116591.3461251,1332.5498967170715,456.0,1322.0,474.0
3,1764116591.3807049,1339.6207361221313,456.0,1329.0,489.0
3,1764116591.4107862,1342.0674114227295,456.0,1346.0,490.0
3,1764116591.456366,1349.2294816970825,456.0,1343.0,478.0
3,1764116591.4915042,1354.0453701019287,456.0,1341.0,467.0
3,1764116591.5308146,1361.2390904426575,456.0,1333.0,472.0
3,1764116591.566562,1366.0449652671814,456.0,1350.0,482.0
3,1764116591.5962465,1370.9001569747925,456.0,1364.0,474.0
3,1764116591.6314852,1375.6356506347656,456.0,1357.0,465.0
3,1764116591.6667638,1380.5414109230042,456.0,1362.0,479.0
3,1764116591.7109797,1387.724760055542,456.0,1376.0,478.0
3,1764116591.7462008,1392.7176384925842,456.0,1397.0,473.0
3,1764116591.781526,1399.74391746521,456.0,1390.0,470.0
3,1764116591.8173704,1404.4548063278198,456.0,1405.0,466.0
3,1764116591.8515332,1409.2259197235107,456.0,1406.0,463.0
3,1764116591.8860765,1414.0795378684998,456.0,1402.0,471.0
3,1764116591.929678,1421.2616710662842,456.0,1407.0,470.0
3,1764116591.9669776,1426.0772018432617,456.0,1417.0,464.0
3,1764116592.0008726,1430.8262853622437,456.0,1435.0,469.0
3,1764116592.0410786,1438.0155711174011,456.0,1438.0,459.0
3,1764116592.0917614,1445.3226594924927,456.0,1428.0,448.0
3,1764116592.1264753,1450.1516728401184,456.0,1433.0,458.0
3,1764116592.153724,1454.9314408302307,456.0,1453.0,464.0
3,1764116592.1878934,1459.7143559455872,456.0,1457.0,469.0
3,1764116592.2261152,1464.465835571289,456.0,1457.0,466.0
3,1764116592.2695014,1471.7708497047424,456.0,1458.0,446.0
3,1764116592.318336,1478.8431911468506,456.0,1462.0,443.0
3,1764116592.3517349,1483.609905719757,456.0,1473.0,450.0
3,1764116592.3918512,1490.8227233886719,456.0,1502.0,442.0
3,1764116592.426981,1495.663288116455,456.0,1502.0,449.0
3,1764116592.4509795,1498.0611472129822,456.0,1479.0,466.0
3,1764116592.4808192,1502.85933303833,456.0,1478.0,463.0
3,1764116592.5115016,1507.7509670257568,456.0,1495.0,463.0
3,1764116592.5460737,1512.533953666687,456.0,1502.0,458.0
3,1764116592.5763726,1517.3367171287537,456.0,1505.0,473.0
3,1764116592.6113808,1522.1115856170654,456.0,1492.0,483.0
3,1764116592.6416576,1526.9334106445312,456.0,1502.0,483.0
3,1764116592.6760993,1531.7137508392334,456.0,1557.0,466.0
3,1764116592.7060943,1536.4590792655945,456.0,1582.0,452.0
3,1764116592.7413564,1543.7184600830078,456.0,1579.0,452.0
3,1764116592.7713768,1546.0083870887756,456.0,1567.0,441.0
3,1764116592.8078475,1553.2434492111206,456.0,1555.0,437.0
3,1764116592.8366559,1555.6252508163452,456.0,1571.0,439.0
3,1764116592.8764648,1562.9401712417603,456.0,1579.0,428.0
3,1764116592.9065952,1567.6520972251892,456.0,1578.0,418.0
3,1764116592.9380035,1572.43998336792,456.0,1577.0,416.0
3,1764116592.9757154,1577.3637323379517,456.0,1573.0,420.0
3,1764116593.0114112,1582.067325592041,456.0,1577.0,434.0
3,1764116593.0516007,1589.29652261734,456.0,1562.0,445.0
3,1764116593.0768394,1591.6558294296265,456.0,1559.0,436.0
3,1764116593.1065085,1596.5337662696838,456.0,1572.0,425.0
3,1764116593.141005,1603.6657600402832,456.0,1598.0,409.0
3,1764116593.1762042,1608.4787158966064,456.0,1618.0,396.0
3,1764116593.220944,1615.656593322754,456.0,1614.0,409.0
3,1764116593.2612503,1620.5280928611755,456.0,1595.0,429.0
3,1764116593.2909424,1625.2814321517944,456.0,1580.0,437.0
3,1764116593.321771,1630.090346813202,456.0,1592.0,418.0
3,1764116593.3731444,1637.3482971191406,456.0,1603.0,395.0
3,1764116593.4220247,1644.5098667144775,456.0,1599.0,396.0
3,1764116593.4663143,1651.6506938934326,456.0,1613.0,430.0
3,1764116593.5029202,1656.5028457641602,456.0,1641.0,465.0
3,1764116593.5258698,1661.3954811096191,456.0,1643.0,456.0
3,1764116593.5617187,1666.079583644867,456.0,1655.0,452.0
3,1764116593.595846,1670.8290605545044,456.0,1661.0,446.0
3,1764116593.6253695,1675.6163387298584,456.0,1674.0,436.0
3,1764116593.6582365,1680.5813937187195,456.0,1687.0,435.0
3,1764116593.6892357,1685.2330236434937,456.0,1687.0,434.0
3,1764116593.7259228,1690.1100306510925,456.0,1685.0,438.0
3,1764116593.756622,1694.8401956558228,456.0,1681.0,440.0
3,1764116593.786284,1699.6208577156067,456.0,1694.0,438.0
3,1764116593.8209198,1704.524579524994,456.0,1713.0,435.0
3,1764116593.851203,1709.4045190811157,456.0,1706.0,431.0
3,1764116593.8969905,1716.4112358093262,456.0,1684.0,432.0
3,1764116593.9365604,1721.220865726471,456.0,1662.0,447.0
4,1764116593.9657938,1726.1333494186401,456.0,1661.0,462.0
4,1764116594.0065672,1726.1333494186401,456.0,1684.0,453.0
4,1764116594.0462363,1726.1333494186401,456.0,1699.0,439.0
4,1764116594.0707526,1726.1333494186401,456.0,1696.0,446.0
4,1764116594.095971,1726.1333494186401,456.0,1682.0,452.0
4,1764116594.1314557,1726.1333494186401,456.0,1672.0,453.0
4,1764116594.1613514,1726.1333494186401,456.0,1671.0,455.0
4,1764116594.1907718,1726.1333494186401,456.0,1677.0,455.0
4,1764116594.2216508,1726.1333494186401,456.0,1698.0,465.0
4,1764116594.2560515,1726.1333494186401,456.0,1708.0,473.0
4,1764116594.2863522,1726.1333494186401,456.0,1706.0,473.0
4,1764116594.3208904,1726.1333494186401,456.0,1636.0,494.0
4,1764116594.3512683,1726.1333494186401,456.0,1327.0,561.0
4,1764116594.3820777,1726.1333494186401,456.0,1696.0,983.0
4,1764116594.4216535,1726.1333494186401,456.0,1622.0,1014.0
4,1764116594.46091,178.0,549.0,1753.0,1041.0
4,1764116594.4961882,182.8428177833557,549.0,312.0,571.0
4,1764116594.536217,187.6657156944275,549.0,303.0,495.0
4,1764116594.5711145,192.45728540420532,549.0,315.0,511.0
4,1764116594.6074228,199.67993783950806,549.0,298.0,526.0
4,1764116594.6317046,202.4755506515503,549.0,276.0,527.0
4,1764116594.6665409,206.90892028808594,549.0,275.0,524.0
4,1764116594.7064714,214.01123094558716,549.0,287.0,534.0
4,1764116594.7312748,216.44892978668213,549.0,304.0,537.0
4,1764116594.7610903,221.2579517364502,549.0,302.0,536.0
4,1764116594.8000863,228.5202293395996,549.0,281.0,537.0
4,1764116594.8366706,233.34205436706543,549.0,227.0,605.0
4,1764116594.8664029,238.18283367156982,549.0,246.0,589.0
4,1764116594.9007573,242.94461297988892,549.0,261.0,563.0
4,1764116594.9428518,250.00103998184204,549.0,263.0,550.0
4,1764116594.9768407,254.87286138534546,549.0,267.0,537.0
4,1764116595.0259905,262.43554639816284,549.0,263.0,531.0
4,1764116595.076086,269.27135276794434,549.0,252.0,528.0
4,1764116595.110774,274.00924253463745,549.0,263.0,530.0
4,1764116595.1460228,278.86833238601685,549.0,276.0,560.0
4,1764116595.1831644,286.14605951309204,549.0,275.0,570.0
4,1764116595.215756,290.9096984863281,549.0,318.0,595.0
4,1764116595.247238,295.6437258720398,549.0,330.0,591.0
4,1764116595.2787893,300.4307894706726,549.0,348.0,588.0
4,1764116595.3162632,305.22142934799194,549.0,336.0,587.0
4,1764116595.3463297,310.1231484413147,549.0,331.0,603.0
4,1764116595.3857977,314.8079662322998,549.0,326.0,613.0
4,1764116595.4159606,319.852343082428,549.0,350.0,608.0
4,1764116595.456768,326.8610625267029,549.0,366.0,604.0
4,1764116595.495771,331.7316679954529,549.0,384.0,595.0
4,1764116595.5270307,336.4200978279114,549.0,376.0,600.0
4,1764116595.568405,343.63684940338135,549.0,357.0,581.0
4,1764116595.6061897,348.4691171646118,549.0,360.0,569.0
4,1764116595.6516683,355.77552604675293,549.0,358.0,562.0
4,1764116595.6867447,360.6159477233887,549.0,357.0,547.0
4,1764116595.7167923,365.34346628189087,549.0,358.0,538.0
4,1764116595.7618718,372.529926776886,549.0,379.0,541.0
4,1764116595.8010173,377.31602478027344,549.0,399.0,550.0
4,1764116595.8259563,382.0875315666199,549.0,411.0,551.0
4,1764116595.8608732,386.8237762451172,549.0,407.0,541.0
4,1764116595.9040453,394.1633014678955,549.0,404.0,527.0
4,1764116595.941612,398.9089159965515,549.0,399.0,515.0
4,1764116595.9708047,403.7367134094238,549.0,407.0,521.0
4,1764116596.0159228,410.95414447784424,549.0,433.0,537.0
4,1764116596.0566895,415.6556634902954,549.0,466.0,551.0
4,1764116596.0808969,420.4613952636719,549.0,468.0,526.0
4,1764116596.1162245,425.23154306411743,549.0,469.0,497.0
4,1764116596.151532,430.02568769454956,549.0,471.0,500.0
4,1764116596.181818,434.83138370513916,549.0,463.0,507.0
4,1764116596.2157717,439.6173028945923,549.0,469.0,518.0
4,1764116596.2460144,444.43097400665283,549.0,470.0,524.0
4,1764116596.281802,449.2514400482178,549.0,475.0,521.0
4,1764116596.3307981,456.53907346725464,549.0,480.0,527.0
4,1764116596.3662076,463.62368154525757,549.0,462.0,528.0
4,1764116596.3985543,468.442430973053,549.0,472.0,517.0
4,1764116596.4315853,473.2888250350952,549.0,479.0,521.0
4,1764116596.4668472,478.00693798065186,549.0,491.0,524.0
4,1764116596.4970381,482.85143661499023,549.0,494.0,536.0
4,1764116596.5316672,487.6378207206726,549.0,481.0,528.0
4,1764116596.5771003,494.93114042282104,549.0,516.0,514.0
4,1764116596.616796,499.9641447067261,549.0,526.0,502.0
4,1764116596.6463766,504.4608860015869,549.0,535.0,493.0
4,1764116596.691325,511.78714323043823,549.0,545.0,510.0
4,1764116596.731241,516.4499311447144,549.0,546.0,528.0
4,1764116596.7876625,526.0532765388489,549.0,537.0,537.0
4,1764116596.8177838,531.1570196151733,549.0,531.0,523.0
4,1764116596.8417633,533.345630645752,549.0,529.0,500.0
4,1764116596.8666825,538.1534008979797,549.0,519.0,491.0
4,1764116596.8913891,540.4571323394775,549.0,516.0,511.0
4,1764116596.926876,547.6822881698608,549.0,534.0,520.0
4,1764116596.961368,552.5052218437195,549.0,548.0,497.0
4,1764116596.9962947,557.3030858039856,549.0,554.0,488.0
4,1764116597.031302,562.0648293495178,549.0,556.0,496.0
4,1764116597.0664172,566.8817191123962,549.0,541.0,496.0
4,1764116597.107258,574.109664440155,549.0,521.0,506.0
4,1764116597.141704,578.894045829773,549.0,514.0,522.0
4,1764116597.1673658,583.8067798614502,549.0,564.0,522.0
4,1764116597.2018607,588.5693459510803,549.0,587.0,498.0
4,1764116597.2314837,593.2542352676392,549.0,601.0,496.0
4,1764116597.2624817,598.0556397438049,549.0,604.0,515.0
4,1764116597.291529,600.4528193473816,549.0,601.0,535.0
4,1764116597.3429475,610.0651412010193,549.0,604.0,528.0
4,1764116597.381475,615.2165203094482,549.0,625.0,521.0
4,1764116597.4069333,619.6968464851379,549.0,628.0,524.0
4,1764116597.4421885,624.5153098106384,549.0,615.0,522.0
4,1764116597.4666076,626.8341689109802,549.0,612.0,531.0
4,1764116597.5065236,634.1759829521179,549.0,618.0,538.0
4,1764116597.5309846,636.5544586181641,549.0,602.0,541.0
4,1764116597.5611594,641.351321220398,549.0,609.0,530.0
4,1764116597.6017668,648.4253435134888,549.0,613.0,530.0
4,1764116597.6362765,653.2889752388,549.0,617.0,540.0
4,1764116597.6659336,658.0776481628418,549.0,629.0,534.0
4,1764116597.7013254,662.9315524101257,549.0,637.0,526.0
4,1764116597.7366507,667.6229863166809,549.0,633.0,538.0
4,1764116597.7769892,674.8181371688843,549.0,636.0,520.0
4,1764116597.8237298,682.1161417961121,549.0,657.0,497.0
4,1764116597.8714998,686.8030695915222,549.0,675.0,492.0
4,1764116597.9022112,694.0022616386414,549.0,684.0,514.0
4,1764116597.9408925,698.9061980247498,549.0,700.0,507.0
4,1764116597.9713907,703.7424712181091,549.0,694.0,495.0
4,1764116598.006143,708.5200576782227,549.0,700.0,484.0
4,1764116598.036174,713.2370262145996,549.0,702.0,486.0
4,1764116598.0667126,718.1871681213379,549.0,698.0,484.0
4,1764116598.1121082,725.3893284797668,549.0,693.0,476.0
4,1764116598.1514804,730.1048307418823,549.0,687.0,493.0
4,1764116598.1857884,734.8662166595459,549.0,693.0,510.0
4,1764116598.2118936,739.6365790367126,549.0,711.0,502.0
4,1764116598.2459116,744.5400147438049,549.0,721.0,511.0
4,1764116598.2814963,749.2803721427917,549.0,730.0,499.0
4,1764116598.3119092,754.1446475982666,549.0,739.0,500.0
4,1764116598.3464777,758.9192299842834,549.0,746.0,515.0
4,1764116598.3913128,766.1237864494324,549.0,762.0,505.0
4,1764116598.4258788,770.9314494132996,549.0,775.0,477.0
4,1764116598.4561436,775.6824998855591,549.0,782.0,480.0
4,1764116598.491721,780.4742484092712,549.0,798.0,482.0
4,1764116598.5218163,785.4296832084656,549.0,785.0,504.0
4,1764116598.561094,792.5300626754761,549.0,780.0,492.0
4,1764116598.6016815,797.2662715911865,549.0,774.0,483.0
4,1764116598.6266606,802.0328431129456,549.0,752.0,505.0
4,1764116598.6610396,806.8265228271484,549.0,776.0,529.0
4,1764116598.691021,811.810818195343,549.0,817.0,533.0
4,1764116598.741503,818.9069418907166,549.0,827.0,520.0
4,1764116598.7758915,823.7129597663879,549.0,819.0,501.0
4,1764116598.8107412,828.4205584526062,549.0,816.0,487.0
4,1764116598.847988,835.6531171798706,549.0,851.0,491.0
4,1764116598.8859355,840.4064207077026,549.0,860.0,494.0
4,1764116598.9309268,847.6668386459351,549.0,865.0,517.0
4,1764116598.9759254,854.8472194671631,549.0,870.0,502.0
4,1764116599.0007358,857.2513370513916,549.0,892.0,494.0
4,1764116599.0467288,864.5310311317444,549.0,900.0,509.0
4,1764116599.080816,869.4185166358948,549.0,905.0,500.0
4,1764116599.11873,876.4565615653992,549.0,909.0,514.0
4,1764116599.1518044,881.2569289207458,549.0,913.0,514.0
4,1764116599.1866107,886.1234574317932,549.0,903.0,496.0
4,1764116599.2214148,890.8645300865173,549.0,904.0,481.0
4,1764116599.2510536,895.6241278648376,549.0,912.0,504.0
4,1764116599.2962127,902.9370098114014,549.0,909.0,515.0
4,1764116599.33614,907.6025514602661,549.0,915.0,507.0
4,1764116599.3610735,912.512209892273,549.0,944.0,523.0
4,1764116599.3959296,917.2520666122437,549.0,942.0,541.0
4,1764116599.4307477,922.0482139587402,549.0,945.0,530.0
4,1764116599.4608715,926.9059448242188,549.0,939.0,500.0
4,1764116599.4918754,931.6888957023621,549.0,942.0,490.0
4,1764116599.5269244,936.548092842102,549.0,959.0,496.0
4,1764116599.5613554,941.2346987724304,549.0,983.0,500.0
4,1764116599.599282,948.4341411590576,549.0,975.0,489.0
4,1764116599.6482768,955.7979493141174,549.0,956.0,473.0
4,1764116599.6907845,960.6157689094543,549.0,978.0,488.0
4,1764116599.7216175,965.325656414032,549.0,1014.0,503.0
4,1764116599.7593665,972.450569152832,549.0,1001.0,497.0
4,1764116599.7815711,974.8143820762634,549.0,1005.0,499.0
4,1764116599.8232307,982.0250897407532,549.0,1009.0,522.0
4,1764116599.8513095,984.4459800720215,549.0,1015.0,515.0
4,1764116599.8863375,991.6069774627686,549.0,1012.0,490.0
4,1764116599.9187083,996.5206770896912,549.0,1013.0,461.0
4,1764116599.9564679,1001.2560634613037,549.0,1031.0,481.0
4,1764116600.0010505,1008.5415153503418,549.0,1038.0,501.0
4,1764116600.0431652,1013.2077722549438,549.0,1046.0,497.0
4,1764116600.080841,1020.4503445625305,549.0,1062.0,492.0
4,1764116600.1113122,1025.207260131836,549.0,1061.0,484.0
4,1764116600.151804,1030.1264672279358,549.0,1057.0,487.0
4,1764116600.1958265,1037.3032717704773,549.0,1055.0,502.0
4,1764116600.223813,1042.105463027954,549.0,1032.0,525.0
4,1764116600.256389,1046.9008235931396,549.0,1042.0,515.0
4,1764116600.2812831,1049.2429285049438,549.0,1074.0,497.0
4,1764116600.3230743,1056.5160779953003,549.0,1084.0,512.0
4,1764116600.354233,1061.2741379737854,549.0,1049.0,502.0
4,1764116600.382514,1066.069462776184,549.0,1033.0,500.0
4,1764116600.416541,1070.9526209831238,549.0,1033.0,508.0
4,1764116600.4471068,1075.7241277694702,549.0,1073.0,507.0
4,1764116600.4816265,1080.4136662483215,549.0,1098.0,504.0
4,1764116600.513723,1085.603633403778,549.0,1107.0,511.0
4,1764116600.5561385,1092.5923972129822,549.0,1086.0,512.0
4,1764116600.600804,1097.26691532135,549.0,1096.0,491.0
4,1764116600.62235,1102.0593791007996,549.0,1116.0,509.0
4,1764116600.651257,1104.5946745872498,549.0,1114.0,532.0
4,1764116600.6866324,1111.6394786834717,549.0,1112.0,541.0
4,1764116600.7207875,1116.440990447998,549.0,1118.0,534.0
4,1764116600.7561195,1121.2257294654846,549.0,1126.0,518.0
4,1764116600.7984862,1128.4114389419556,549.0,1138.0,515.0
4,1764116600.8315856,1133.3600788116455,549.0,1154.0,531.0
4,1764116600.8663757,1138.0870609283447,549.0,1143.0,532.0
4,1764116600.9012644,1142.8975133895874,549.0,1152.0,519.0
4,1764116600.9511003,1150.032868862152,549.0,1169.0,502.0
4,1764116600.981963,1154.9387364387512,549.0,1177.0,510.0
4,1764116601.0114965,1159.6897511482239,549.0,1167.0,521.0
4,1764116601.045828,1164.5225553512573,549.0,1187.0,527.0
4,1764116601.0893059,1171.7326192855835,549.0,1221.0,524.0
4,1764116601.1308618,1176.4532713890076,549.0,1229.0,516.0
4,1764116601.1707954,1183.602502822876,549.0,1211.0,505.0
4,1764116601.2061753,1188.5685591697693,549.0,1184.0,507.0
4,1764116601.235746,1193.20277261734,549.0,1196.0,498.0
4,1764116601.2717953,1198.101809501648,549.0,1189.0,495.0
4,1764116601.3139224,1205.6229739189148,549.0,1175.0,494.0
4,1764116601.3513331,1210.0915341377258,549.0,1175.0,505.0
4,1764116601.3857222,1214.8663311004639,549.0,1214.0,515.0
4,1764116601.4266603,1222.0632700920105,549.0,1232.0,513.0
4,1764116601.4666305,1226.838210105896,549.0,1229.0,506.0
4,1764116601.4882984,1231.7196159362793,549.0,1216.0,481.0
4,1764116601.520886,1236.475136756897,549.0,1220.0,471.0
4,1764116601.5673058,1243.6042695045471,549.0,1236.0,477.0
4,1764116601.6059794,1248.4424381256104,549.0,1238.0,484.0
4,1764116601.6366494,1253.2393007278442,549.0,1222.0,483.0
4,1764116601.6813242,1260.4558019638062,549.0,1228.0,483.0
4,1764116601.7160444,1265.2398257255554,549.0,1228.0,489.0
4,1764116601.7458675,1270.0668005943298,549.0,1247.0,486.0
4,1764116601.7815723,1274.8560099601746,549.0,1251.0,483.0
4,1764116601.8168411,1279.6355633735657,549.0,1277.0,491.0
4,1764116601.8568885,1286.8586807250977,549.0,1289.0,492.0
4,1764116601.904173,1294.1795735359192,549.0,1295.0,475.0
4,1764116601.9409502,1298.8347082138062,549.0,1301.0,499.0
4,1764116601.9717176,1303.6777048110962,549.0,1301.0,528.0
4,1764116602.001456,1308.412197113037,549.0,1304.0,528.0
4,1764116602.0358307,1313.2142095565796,549.0,1314.0,519.0
4,1764116602.0815005,1320.5599932670593,549.0,1314.0,510.0
4,1764116602.1213212,1325.2801446914673,549.0,1306.0,525.0
4,1764116602.1461577,1330.0410656929016,549.0,1334.0,525.0
4,1764116602.186122,1334.9178223609924,549.0,1332.0,526.0
4,1764116602.2307346,1342.0071868896484,549.0,1350.0,522.0
4,1764116602.2667763,1346.8424944877625,549.0,1335.0,525.0
4,1764116602.29664,1351.727548122406,549.0,1326.0,538.0
4,1764116602.3316731,1356.4811735153198,549.0,1345.0,530.0
4,1764116602.3684363,1363.7600092887878,549.0,1366.0,533.0
4,1764116602.4009287,1368.4369235038757,549.0,1377.0,518.0
4,1764116602.426766,1370.8817391395569,549.0,1374.0,507.0
4,1764116602.4565363,1375.7839589118958,549.0,1355.0,504.0
4,1764116602.4912426,1380.4865865707397,549.0,1352.0,506.0
4,1764116602.5212789,1385.2831988334656,549.0,1366.0,498.0
4,1764116602.5708141,1392.55420255661,549.0,1388.0,485.0
4,1764116602.6063712,1399.6291904449463,549.0,1391.0,479.0
4,1764116602.646242,1404.4840960502625,549.0,1377.0,491.0
4,1764116602.6807287,1409.2577486038208,549.0,1382.0,512.0
4,1764116602.7117372,1414.1399412155151,549.0,1400.0,515.0
4,1764116602.7407305,1418.814709663391,549.0,1384.0,516.0
4,1764116602.7837975,1426.1113195419312,549.0,1380.0,507.0
4,1764116602.8327804,1433.4082870483398,549.0,1385.0,490.0
4,1764116602.8563004,1435.6099514961243,549.0,1421.0,505.0
4,1764116602.8865829,1440.4595642089844,549.0,1422.0,510.0
4,1764116602.9300175,1447.8062062263489,549.0,1412.0,502.0
4,1764116602.9664202,1452.5106935501099,549.0,1397.0,494.0
4,1764116602.9959521,1457.2012691497803,549.0,1400.0,488.0
4,1764116603.026281,1462.16428565979,549.0,1422.0,498.0
4,1764116603.0607386,1466.8222098350525,549.0,1437.0,505.0
4,1764116603.096055,1471.6171412467957,549.0,1449.0,503.0
4,1764116603.1418822,1478.807535648346,549.0,1451.0,494.0
4,1764116603.1787586,1483.6290030479431,549.0,1448.0,494.0
4,1764116603.2067327,1488.5790376663208,549.0,1445.0,500.0
4,1764116603.2480495,1495.6287055015564,549.0,1457.0,493.0
4,1764116603.2916489,1500.4743127822876,549.0,1469.0,484.0
4,1764116603.3307736,1507.6265482902527,549.0,1473.0,523.0
4,1764116603.3660154,1512.4307780265808,549.0,1500.0,557.0
4,1764116603.4071825,1519.6125535964966,549.0,1506.0,560.0
4,1764116603.4521055,1524.4157104492188,549.0,1509.0,563.0
4,1764116603.4907827,1531.6463379859924,549.0,1515.0,560.0
4,1764116603.5310624,1536.4585428237915,549.0,1515.0,560.0
4,1764116603.5567927,1541.2558345794678,549.0,1524.0,559.0
4,1764116603.5912955,1546.0087447166443,549.0,1532.0,545.0
4,1764116603.6218045,1550.925305366516,549.0,1547.0,507.0
4,1764116603.656263,1555.6248216629028,549.0,1551.0,484.0
4,1764116603.6859035,1560.4365973472595,549.0,1554.0,478.0
4,1764116603.7158973,1565.2241616249084,549.0,1555.0,476.0
4,1764116603.750712,1570.1177983283997,549.0,1550.0,475.0
4,1764116603.7811925,1574.8393445014954,549.0,1550.0,480.0
4,1764116603.816756,1579.7024755477905,549.0,1555.0,486.0
4,1764116603.8617103,1586.8951587677002,549.0,1568.0,487.0
4,1764116603.9040418,1594.1046862602234,549.0,1573.0,483.0
4,1764116603.926083,1596.4815883636475,549.0,1560.0,500.0
4,1764116603.9611125,1601.2478022575378,549.0,1582.0,518.0
4,1764116603.9915142,1606.0514240264893,549.0,1612.0,532.0
4,1764116604.021167,1610.9259276390076,549.0,1628.0,530.0
4,1764116604.0559185,1615.645936012268,549.0,1606.0,506.0
4,1764116604.0858212,1621.1392431259155,549.0,1600.0,480.0
4,1764116604.1207204,1625.3006010055542,549.0,1616.0,482.0
4,1764116604.1618345,1632.4933915138245,549.0,1638.0,489.0
4,1764116604.1859548,1634.8774461746216,549.0,1654.0,525.0
4,1764116604.2236428,1642.0811800956726,549.0,1657.0,559.0
4,1764116604.2563128,1646.8459992408752,549.0,1651.0,555.0
4,1764116604.3023324,1654.0433673858643,549.0,1639.0,549.0
4,1764116604.3413591,1658.8615803718567,549.0,1624.0,536.0
4,1764116604.385386,1666.1336569786072,549.0,1626.0,538.0
4,1764116604.420883,1670.9468274116516,549.0,1647.0,537.0
4,1764116604.4564536,1675.7473735809326,549.0,1668.0,544.0
4,1764116604.4919786,1680.4356961250305,549.0,1656.0,558.0
4,1764116604.5214489,1685.2892785072327,549.0,1643.0,564.0
4,1764116604.5631423,1692.5190119743347,549.0,1675.0,556.0
4,1764116604.6160357,1699.6243624687195,549.0,1679.0,539.0
4,1764116604.6613042,1706.8210153579712,549.0,1712.0,534.0
4,1764116604.7046065,1714.0501050949097,549.0,1724.0,564.0
4,1764116604.7261064,1716.438630104065,549.0,1712.0,561.0
4,1764116604.7609985,1721.32754611969,549.0,1697.0,546.0
5,1764116604.7960203,1726.2057690620422,549.0,1692.0,545.0
5,1764116604.8264923,1726.2057690620422,549.0,1684.0,541.0
5,1764116604.8557591,1726.2057690620422,549.0,1680.0,534.0
5,1764116604.895783,1726.2057690620422,549.0,1685.0,539.0
5,1764116604.930758,1726.2057690620422,549.0,1702.0,544.0
5,1764116604.956324,1726.2057690620422,549.0,1709.0,546.0
5,1764116604.9857347,1726.2057690620422,549.0,1704.0,543.0
5,1764116605.016599,1726.2057690620422,549.0,1694.0,555.0
5,1764116605.0465481,1726.2057690620422,549.0,1694.0,556.0
5,1764116605.0766997,1726.2057690620422,549.0,1697.0,568.0
5,1764116605.1065426,1726.2057690620422,549.0,1705.0,573.0
5,1764116605.1366231,1726.2057690620422,549.0,1707.0,571.0
5,1764116605.1716747,1726.2057690620422,549.0,1704.0,551.0
5,1764116605.206007,1726.2057690620422,549.0,1705.0,539.0
5,1764116605.2660027,1726.2057690620422,549.0,1448.0,571.0
5,1764116605.2964637,178.0,642.0,1197.0,529.0
5,1764116605.3266919,182.87514734268188,642.0,1157.0,729.0
5,1764116605.3607514,187.6282720565796,642.0,895.0,208.0
5,1764116605.3907533,192.55620527267456,642.0,366.0,688.0
5,1764116605.4383235,199.6395616531372,642.0,338.0,613.0
5,1764116605.4707854,204.54035091400146,642.0,355.0,610.0
5,1764116605.5160801,211.6078643798828,642.0,331.0,622.0
5,1764116605.5672112,218.86649417877197,642.0,317.0,655.0
5,1764116605.5916576,223.6213355064392,642.0,313.0,650.0
5,1764116605.621695,228.47881603240967,642.0,317.0,646.0
5,1764116605.652298,233.23476600646973,642.0,285.0,650.0
5,1764116605.6857507,238.00065803527832,642.0,275.0,647.0
5,1764116605.7179577,242.9710774421692,642.0,286.0,651.0
5,1764116605.751125,247.74422931671143,642.0,302.0,663.0
5,1764116605.7824416,252.47915077209473,642.0,321.0,653.0
5,1764116605.8288288,259.7153573036194,642.0,326.0,616.0
5,1764116605.866283,264.50732040405273,642.0,332.0,603.0
5,1764116605.8923702,269.27031564712524,642.0,327.0,617.0
5,1764116605.9419827,276.5287308692932,642.0,319.0,628.0
5,1764116605.9816282,281.2443404197693,642.0,332.0,626.0
5,1764116606.0116527,286.08372497558594,642.0,348.0,624.0
5,1764116606.0458412,290.8917098045349,642.0,332.0,644.0
5,1764116606.0765078,295.68141984939575,642.0,326.0,635.0
5,1764116606.1115742,300.40185737609863,642.0,334.0,616.0
5,1764116606.1481225,307.62361574172974,642.0,349.0,607.0
5,1764116606.1767929,310.0244789123535,642.0,354.0,593.0
5,1764116606.2121205,317.21083211898804,642.0,354.0,589.0
5,1764116606.249831,322.19469833374023,642.0,335.0,592.0
5,1764116606.2864757,326.94750118255615,642.0,323.0,592.0
5,1764116606.3209546,331.73263359069824,642.0,321.0,603.0
5,1764116606.3509157,336.5105061531067,642.0,375.0,624.0
5,1764116606.381705,341.34749460220337,642.0,396.0,636.0
5,1764116606.4160552,346.0927515029907,642.0,399.0,651.0
5,1764116606.445809,350.88217544555664,642.0,394.0,650.0
5,1764116606.476919,355.79022455215454,642.0,384.0,660.0
5,1764116606.5121272,360.6166272163391,642.0,381.0,646.0
5,1764116606.5507338,367.66532945632935,642.0,402.0,638.0
5,1764116606.5911016,372.4552540779114,642.0,422.0,613.0
5,1764116606.6341271,379.75265073776245,642.0,426.0,588.0
5,1764116606.6708612,384.45463466644287,642.0,413.0,568.0
5,1764116606.6966336,389.20203733444214,642.0,418.0,579.0
5,1764116606.7308671,394.11366271972656,642.0,440.0,597.0
5,1764116606.761727,398.9411382675171,642.0,436.0,595.0
5,1764116606.790928,403.73392391204834,642.0,429.0,592.0
5,1764116606.8211398,408.4437756538391,642.0,428.0,582.0
5,1764116606.860914,413.35711765289307,642.0,446.0,584.0
5,1764116606.896039,418.0086045265198,642.0,473.0,569.0
5,1764116606.9216328,422.9303150177002,642.0,483.0,560.0
5,1764116606.9513326,427.70643520355225,642.0,469.0,563.0
5,1764116606.9840443,432.5307993888855,642.0,472.0,581.0
5,1764116607.0260243,439.7901086807251,642.0,471.0,585.0
5,1764116607.0670862,444.5270686149597,642.0,477.0,590.0
5,1764116607.1005056,449.27411365509033,642.0,488.0,574.0
5,1764116607.1368587,454.1278748512268,642.0,496.0,553.0
5,1764116607.1663535,458.9243440628052,642.0,508.0,541.0
5,1764116607.2018363,463.7490301132202,642.0,495.0,563.0
5,1764116607.23074,468.4866695404053,642.0,486.0,586.0
5,1764116607.2657983,475.75620698928833,642.0,491.0,576.0
5,1764116607.2963665,478.157105922699,642.0,506.0,568.0
5,1764116607.3333025,485.21049308776855,642.0,511.0,555.0
5,1764116607.3607712,487.70659255981445,642.0,513.0,556.0
5,1764116607.3962803,494.81201457977295,642.0,539.0,565.0
5,1764116607.4337285,499.78107500076294,642.0,553.0,564.0
5,1764116607.4718883,504.52997970581055,642.0,542.0,575.0
5,1764116607.5090246,511.7208390235901,642.0,524.0,578.0
5,1764116607.5367882,514.1585378646851,642.0,518.0,563.0
5,1764116607.566741,518.8137798309326,642.0,521.0,555.0
5,1764116607.5959141,523.7589149475098,642.0,529.0,563.0
5,1764116607.6309383,528.5107879638672,642.0,533.0,570.0
5,1764116607.6757865,535.6447129249573,642.0,547.0,584.0
5,1764116607.7200968,543.2321815490723,642.0,566.0,592.0
5,1764116607.7563205,547.6124076843262,642.0,570.0,585.0
5,1764116607.8007565,554.8509030342102,642.0,563.0,592.0
5,1764116607.8479629,562.0595364570618,642.0,564.0,574.0
5,1764116607.8762548,566.8356566429138,642.0,562.0,557.0
5,1764116607.9079866,571.611204624176,642.0,577.0,593.0
5,1764116607.942045,576.576831817627,642.0,595.0,603.0
5,1764116607.9762921,581.2053589820862,642.0,607.0,589.0
5,1764116608.0060608,586.1278920173645,642.0,598.0,557.0
5,1764116608.041138,590.8133177757263,642.0,612.0,549.0
5,1764116608.0766115,595.7148580551147,642.0,614.0,554.0
5,1764116608.1117547,600.4902629852295,642.0,613.0,582.0
5,1764116608.1413515,605.3084402084351,642.0,589.0,612.0
5,1764116608.1862984,612.4432592391968,642.0,599.0,585.0
5,1764116608.2257502,619.7489886283875,642.0,602.0,569.0
5,1764116608.26081,624.520459651947,642.0,640.0,563.0
5,1764116608.2961662,629.3760805130005,642.0,656.0,564.0
5,1764116608.3209205,631.6853909492493,642.0,652.0,583.0
5,1764116608.3610203,638.913622379303,642.0,645.0,572.0
5,1764116608.3965564,643.7097697257996,642.0,640.0,558.0
5,1764116608.4328606,648.5336689949036,642.0,646.0,545.0
5,1764116608.4712806,655.6904106140137,642.0,652.0,554.0
5,1764116608.500768,660.4991464614868,642.0,670.0,583.0
5,1764116608.5360417,665.2637510299683,642.0,682.0,599.0
5,1764116608.5710843,670.1500563621521,642.0,698.0,590.0
5,1764116608.6060882,674.8557953834534,642.0,1244.0,774.0
5,1764116608.6362114,679.6678929328918,642.0,691.0,561.0
5,1764116608.6664784,684.4871430397034,642.0,685.0,562.0
5,1764116608.696032,689.2998485565186,642.0,699.0,562.0
5,1764116608.7312272,694.0390257835388,642.0,721.0,548.0
5,1764116608.7736769,701.2975482940674,642.0,745.0,558.0
5,1764116608.8157816,706.2113194465637,642.0,749.0,577.0
5,1764116608.853969,713.3462815284729,642.0,731.0,569.0
5,1764116608.881955,715.6505851745605,642.0,729.0,578.0
5,1764116608.911377,720.4100399017334,642.0,726.0,580.0
5,1764116608.940828,725.3744511604309,642.0,733.0,572.0
5,1764116608.9759653,730.0152807235718,642.0,737.0,582.0
5,1764116609.0123694,737.2594623565674,642.0,739.0,568.0
5,1764116609.0459716,742.0416264533997,642.0,738.0,576.0
5,1764116609.0808377,746.8909530639648,642.0,735.0,563.0
5,1764116609.1161509,751.7045168876648,642.0,746.0,551.0
5,1764116609.1579597,758.9373259544373,642.0,762.0,530.0
5,1764116609.2022429,763.6808304786682,642.0,788.0,524.0
5,1764116609.2382023,770.9211139678955,642.0,773.0,529.0
5,1764116609.2762783,775.7347135543823,642.0,760.0,550.0
5,1764116609.3163497,783.3389191627502,642.0,779.0,560.0
5,1764116609.3609786,787.6807360649109,642.0,806.0,562.0
5,1764116609.3856945,792.4803166389465,642.0,822.0,533.0
5,1764116609.4161372,797.205367565155,642.0,807.0,517.0
5,1764116609.445851,802.1023659706116,642.0,807.0,541.0
5,1764116609.4769661,806.9283037185669,642.0,810.0,540.0
5,1764116609.5112882,811.7672591209412,642.0,820.0,526.0
5,1764116609.5411568,816.5000705718994,642.0,822.0,511.0
5,1764116609.5767891,821.2458281517029,642.0,835.0,519.0
5,1764116609.6211183,828.4000663757324,642.0,849.0,533.0
5,1764116609.6608186,833.281400680542,642.0,851.0,524.0
5,1764116609.6865318,838.0302338600159,642.0,840.0,523.0
5,1764116609.7216573,842.8714065551758,642.0,846.0,529.0
5,1764116609.7523928,847.749915599823,642.0,863.0,529.0
5,1764116609.7862098,852.4979977607727,642.0,878.0,510.0
5,1764116609.8217676,857.2455077171326,642.0,884.0,495.0
5,1764116609.8660562,864.4176273345947,642.0,875.0,524.0
5,1764116609.9015007,869.2347674369812,642.0,870.0,552.0
5,1764116609.9417372,876.4215497970581,642.0,873.0,552.0
5,1764116609.9762902,881.2939791679382,642.0,881.0,568.0
5,1764116610.006437,886.0055117607117,642.0,897.0,583.0
5,1764116610.0378277,890.9232168197632,642.0,893.0,577.0
5,1764116610.071437,895.7966475486755,642.0,870.0,567.0
5,1764116610.1015236,900.4584341049194,642.0,865.0,562.0
5,1764116610.1350527,905.2155284881592,642.0,876.0,551.0
5,1764116610.1660757,910.1502566337585,642.0,894.0,571.0
5,1764116610.1970112,914.9111776351929,642.0,900.0,571.0
5,1764116610.2307563,919.7781710624695,642.0,903.0,560.0
5,1764116610.276938,926.8338470458984,642.0,905.0,544.0
5,1764116610.3163815,931.744649887085,642.0,883.0,558.0
5,1764116610.3414223,936.4715604782104,642.0,885.0,563.0
5,1764116610.3897502,943.6919240951538,642.0,909.0,550.0
5,1764116610.426407,948.4803109169006,642.0,919.0,546.0
5,1764116610.4524074,953.2123713493347,642.0,931.0,550.0
5,1764116610.4966116,958.0843000411987,642.0,941.0,547.0
5,1764116610.5442903,965.3205065727234,642.0,974.0,559.0
5,1764116610.5663733,970.0844316482544,642.0,975.0,529.0
5,1764116610.591871,972.5443391799927,642.0,956.0,526.0
5,1764116610.6310394,979.7488241195679,642.0,956.0,517.0
5,1764116610.6615038,984.4053535461426,642.0,991.0,544.0
5,1764116610.6926582,989.3226652145386,642.0,997.0,544.0
5,1764116610.7319288,994.1717414855957,642.0,997.0,514.0
5,1764116610.77296,1001.2321739196777,642.0,1011.0,482.0
5,1764116610.8061347,1006.0003190040588,642.0,1030.0,492.0
5,1764116610.836438,1010.8397035598755,642.0,1023.0,526.0
5,1764116610.871273,1015.7698183059692,642.0,1013.0,552.0
5,1764116610.9064608,1020.4820303916931,642.0,1011.0,561.0
5,1764116610.9519393,1027.6920585632324,642.0,1007.0,550.0
5,1764116610.9975882,1034.8692564964294,642.0,1033.0,570.0
5,1764116611.031162,1039.6326808929443,642.0,1057.0,605.0
5,1764116611.066556,1044.5042877197266,642.0,1030.0,588.0
5,1764116611.1008213,1049.3730692863464,642.0,1024.0,541.0
5,1764116611.1414304,1056.4199833869934,642.0,1046.0,555.0
5,1764116611.1724956,1061.2542896270752,642.0,1057.0,604.0
5,1764116611.2109253,1066.0775451660156,642.0,1066.0,606.0
5,1764116611.2531435,1073.3192234039307,642.0,1073.0,575.0
5,1764116611.2810514,1075.7336406707764,642.0,1061.0,543.0
5,1764116611.3162012,1082.8472166061401,642.0,1072.0,558.0
5,1764116611.3534691,1087.6794843673706,642.0,1098.0,556.0
5,1764116611.3767593,1090.1214747428894,642.0,1098.0,545.0
5,1764116611.412915,1097.351851940155,642.0,1088.0,548.0
5,1764116611.4464495,1102.0055918693542,642.0,1100.0,554.0
5,1764116611.4761589,1106.8441181182861,642.0,1126.0,561.0
5,1764116611.5109253,1111.6794257164001,642.0,1135.0,541.0
5,1764116611.546928,1116.4836912155151,642.0,1118.0,523.0
5,1764116611.5767033,1121.2231545448303,642.0,1109.0,520.0
5,1764116611.6107068,1126.0316042900085,642.0,1109.0,534.0
5,1764116611.6463072,1130.986216545105,642.0,1118.0,542.0
5,1764116611.6766877,1135.6183915138245,642.0,1133.0,550.0
5,1764116611.7118773,1140.4210834503174,642.0,1137.0,555.0
5,1764116611.7558277,1147.6356177330017,642.0,1144.0,557.0
5,1764116611.7860284,1152.5426297187805,642.0,1143.0,544.0
5,1764116611.8128915,1157.2046666145325,642.0,1150.0,524.0
5,1764116611.8466585,1162.0401887893677,642.0,1164.0,532.0
5,1764116611.8797271,1166.8018608093262,642.0,1167.0,569.0
5,1764116611.918428,1171.713092803955,642.0,1143.0,561.0
5,1764116611.950749,1176.483955860138,642.0,1155.0,544.0
5,1764116611.9884386,1183.6320786476135,642.0,1155.0,550.0
5,1764116612.0165386,1186.0768942832947,642.0,1149.0,567.0
5,1764116612.055232,1193.3115630149841,642.0,1162.0,580.0
5,1764116612.1019468,1200.5491285324097,642.0,1162.0,605.0
5,1764116612.1406977,1205.2047281265259,642.0,1158.0,602.0
5,1764116612.1769092,1210.110059261322,642.0,1181.0,559.0
5,1764116612.2126575,1217.3225193023682,642.0,1211.0,546.0
5,1764116612.245986,1222.0982103347778,642.0,1222.0,560.0
5,1764116612.277632,1226.8934993743896,642.0,1221.0,572.0
5,1764116612.316399,1231.6742687225342,642.0,1211.0,553.0
5,1764116612.345881,1236.501386642456,642.0,1221.0,552.0
5,1764116612.3814135,1241.3700966835022,642.0,1256.0,559.0
5,1764116612.410767,1246.1610226631165,642.0,1253.0,556.0
5,1764116612.4410536,1250.8581070899963,642.0,1245.0,555.0
5,1764116612.4758444,1255.6728868484497,642.0,1245.0,533.0
5,1764116612.5115025,1260.4379563331604,642.0,1236.0,523.0
5,1764116612.5508745,1267.6632194519043,642.0,1233.0,526.0
5,1764116612.5913033,1272.495701789856,642.0,1222.0,535.0
5,1764116612.6164544,1277.3128776550293,642.0,1265.0,523.0
5,1764116612.6461155,1282.0269494056702,642.0,1293.0,544.0
5,1764116612.6812327,1286.8440537452698,642.0,1286.0,545.0
5,1764116612.7113335,1291.6428475379944,642.0,1257.0,544.0
5,1764116612.757889,1298.9085583686829,642.0,1263.0,522.0
5,1764116612.796448,1303.712788105011,642.0,1283.0,527.0
5,1764116612.8270025,1308.4652333259583,642.0,1291.0,557.0
5,1764116612.8558,1313.3189945220947,642.0,1283.0,549.0
5,1764116612.8915563,1318.1180744171143,642.0,1282.0,529.0
5,1764116612.921125,1322.9474096298218,642.0,1299.0,521.0
5,1764116612.9567397,1327.753749370575,642.0,1301.0,545.0
5,1764116612.9915473,1332.4816970825195,642.0,1314.0,555.0
5,1764116613.0300245,1339.6809248924255,642.0,1341.0,566.0
5,1764116613.0523157,1342.0611171722412,642.0,1328.0,588.0
5,1764116613.093056,1349.358871459961,642.0,1312.0,601.0
5,1764116613.1267016,1354.0669350624084,642.0,1297.0,579.0
5,1764116613.1746926,1361.2759261131287,642.0,1304.0,573.0
5,1764116613.2211971,1366.420295715332,642.0,1322.0,593.0
5,1764116613.246544,1370.9427862167358,642.0,1346.0,609.0
5,1764116613.2881892,1378.1335382461548,642.0,1349.0,613.0
5,1764116613.3111022,1380.412486076355,642.0,1351.0,589.0
5,1764116613.35228,1387.6076726913452,642.0,1358.0,593.0
5,1764116613.3807924,1392.5082116127014,642.0,1355.0,590.0
5,1764116613.4159484,1397.2472457885742,642.0,1376.0,600.0
5,1764116613.4609642,1404.4964699745178,642.0,1392.0,600.0
5,1764116613.5059237,1411.775019645691,642.0,1374.0,597.0
5,1764116613.5418363,1416.4814023971558,642.0,1373.0,587.0
5,1764116613.573147,1421.3878064155579,642.0,1408.0,614.0
5,1764116613.6008887,1423.6408977508545,642.0,1409.0,623.0
5,1764116613.6314337,1428.4345059394836,642.0,1395.0,606.0
5,1764116613.6609564,1433.6613087654114,642.0,1406.0,598.0
5,1764116613.6967885,1438.189700126648,642.0,1429.0,597.0
5,1764116613.7357848,1445.3014163970947,642.0,1430.0,590.0
5,1764116613.7713788,1450.0321893692017,642.0,1422.0,594.0
5,1764116613.8008714,1454.93372964859,642.0,1453.0,596.0
5,1764116613.8309247,1459.6854238510132,642.0,1461.0,596.0
5,1764116613.8615222,1464.4046454429626,642.0,1447.0,595.0
5,1764116613.89676,1469.3323998451233,642.0,1429.0,589.0
5,1764116613.9315758,1474.1296200752258,642.0,1443.0,599.0
5,1764116613.9661934,1478.9315967559814,642.0,1478.0,601.0
5,1764116613.9962847,1483.6145906448364,642.0,1489.0,597.0
5,1764116614.031342,1488.4823350906372,642.0,1458.0,584.0
5,1764116614.072021,1495.6765203475952,642.0,1444.0,598.0
5,1764116614.0966098,1498.0090765953064,642.0,1473.0,595.0
5,1764116614.1374574,1505.3073315620422,642.0,1497.0,597.0
5,1764116614.181427,1512.486961364746,642.0,1491.0,601.0
5,1764116614.2163787,1517.3446207046509,642.0,1485.0,611.0
5,1764116614.2510564,1522.149923324585,642.0,1487.0,601.0
5,1764116614.2944982,1529.2912511825562,642.0,1489.0,594.0
5,1764116614.3363078,1534.043803691864,642.0,1491.0,604.0
5,1764116614.3662019,1538.9080791473389,642.0,1523.0,602.0
5,1764116614.3956997,1543.8000349998474,642.0,1508.0,586.0
5,1764116614.4312093,1548.4483389854431,642.0,1495.0,562.0
5,1764116614.4659991,1555.7863264083862,642.0,1497.0,550.0
5,1764116614.4961722,1558.144453048706,642.0,1518.0,549.0
5,1764116614.5483081,1567.6274209022522,642.0,1529.0,553.0
5,1764116614.581821,1572.4987058639526,642.0,1529.0,549.0
5,1764116614.6161036,1577.226725101471,642.0,1524.0,565.0
5,1764116614.646212,1582.2022228240967,642.0,1546.0,579.0
5,1764116614.69303,1589.2394094467163,642.0,1572.0,581.0
5,1764116614.731299,1594.1230683326721,642.0,1577.0,592.0
5,1764116614.7665482,1598.882523059845,642.0,1582.0,606.0
5,1764116614.796014,1603.6309986114502,642.0,1576.0,601.0
5,1764116614.8403866,1610.981288433075,642.0,1591.0,593.0
5,1764116614.8818069,1615.7883076667786,642.0,1600.0,583.0
5,1764116614.9110155,1620.49826669693,642.0,1578.0,538.0
5,1764116614.941701,1625.3416209220886,642.0,1568.0,515.0
5,1764116614.971846,1630.1334767341614,642.0,1572.0,529.0
5,1764116615.0119328,1637.2163681983948,642.0,1585.0,531.0
5,1764116615.0369606,1639.74476146698,642.0,1590.0,516.0
5,1764116615.0775957,1646.8623070716858,642.0,1594.0,512.0
5,1764116615.101894,1649.3418126106262,642.0,1600.0,535.0
5,1764116615.1364527,1654.0111808776855,642.0,1623.0,557.0
5,1764116615.1737607,1661.3301067352295,642.0,1646.0,583.0
5,1764116615.2012982,1663.6380224227905,642.0,1641.0,594.0
5,1764116615.2318902,1668.481162071228,642.0,1645.0,590.0
5,1764116615.2683392,1675.6749897003174,642.0,1643.0,590.0
5,1764116615.2958112,1678.1493096351624,642.0,1651.0,591.0
5,1764116615.3370004,1685.308268547058,642.0,1654.0,586.0
5,1764116615.3815231,1692.5078539848328,642.0,1671.0,601.0
5,1764116615.4214973,1697.2309737205505,642.0,1698.0,619.0
5,1764116615.4508622,1702.1893410682678,642.0,1704.0,635.0
5,1764116615.4942987,1709.403625011444,642.0,1684.0,643.0
5,1764116615.5265186,1714.0217809677124,642.0,1674.0,641.0
5,1764116615.5577502,1718.9175634384155,642.0,1674.0,636.0
6,1764116615.6067328,1726.0810642242432,642.0,1680.0,641.0
6,1764116615.6411119,1726.0810642242432,642.0,1682.0,650.0
6,1764116615.671205,1726.0810642242432,642.0,1710.0,638.0
6,1764116615.7013023,1726.0810642242432,642.0,1727.0,624.0
6,1764116615.730952,1726.0810642242432,642.0,1713.0,623.0
6,1764116615.7608666,1726.0810642242432,642.0,1696.0,641.0
6,1764116615.7913098,1726.0810642242432,642.0,1680.0,657.0
6,1764116615.8259912,1726.0810642242432,642.0,1657.0,673.0
6,1764116615.866497,1726.0810642242432,642.0,1641.0,680.0
6,1764116615.8912344,1726.0810642242432,642.0,1645.0,676.0
6,1764116615.9267266,1726.0810642242432,642.0,1658.0,666.0
6,1764116615.9616725,1726.0810642242432,642.0,1666.0,662.0
6,1764116615.9909241,1726.0810642242432,642.0,1672.0,669.0
6,1764116616.026166,1726.0810642242432,642.0,1604.0,669.0
6,1764116616.0667815,1726.0810642242432,642.0,1152.0,678.0
6,1764116616.0907369,1726.0810642242432,642.0,710.0,796.0
6,1764116616.1308832,180.47997045516968,735.0,431.0,915.0
6,1764116616.1611788,185.35397338867188,735.0,376.0,891.0
6,1764116616.202692,192.52598571777344,735.0,346.0,867.0
6,1764116616.2361116,197.37423944473267,735.0,325.0,782.0
6,1764116616.2664876,202.09449815750122,735.0,311.0,770.0
6,1764116616.3018227,206.82258892059326,735.0,314.0,746.0
6,1764116616.3317597,211.64444971084595,735.0,339.0,730.0
6,1764116616.3659623,216.55746984481812,735.0,362.0,710.0
6,1764116616.3966856,221.2315230369568,735.0,365.0,685.0
6,1764116616.4362235,226.05856943130493,735.0,330.0,701.0
6,1764116616.4814627,233.26505708694458,735.0,326.0,711.0
6,1764116616.5162954,238.01875400543213,735.0,315.0,701.0
6,1764116616.5607982,245.21723079681396,735.0,310.0,701.0
6,1764116616.5864954,250.060227394104,735.0,308.0,692.0
6,1764116616.619118,254.9492506980896,735.0,305.0,694.0
6,1764116616.651041,259.65420293807983,735.0,310.0,697.0
6,1764116616.6917257,264.5458369255066,735.0,307.0,693.0
6,1764116616.725962,269.2822961807251,735.0,308.0,689.0
6,1764116616.75595,274.04876041412354,735.0,308.0,690.0
6,1764116616.7868755,278.9480118751526,735.0,316.0,687.0
6,1764116616.8208206,283.6722402572632,735.0,331.0,678.0
6,1764116616.8577564,290.9201054573059,735.0,341.0,670.0
6,1764116616.8810782,293.256130695343,735.0,346.0,675.0
6,1764116616.91634,298.13832330703735,735.0,352.0,677.0
6,1764116616.954875,305.3237466812134,735.0,355.0,671.0
6,1764116616.9818654,307.62987422943115,735.0,362.0,674.0
6,1764116617.0263338,314.8112564086914,735.0,380.0,673.0
6,1764116617.0608065,319.61022901535034,735.0,379.0,665.0
6,1764116617.0910003,324.4658856391907,735.0,366.0,627.0
6,1764116617.1260467,329.22190713882446,735.0,376.0,628.0
6,1764116617.1567996,334.0122609138489,735.0,385.0,645.0
6,1764116617.1869888,338.9379768371582,735.0,407.0,653.0
6,1764116617.2166135,343.6529426574707,735.0,429.0,642.0
6,1764116617.2510257,348.56567668914795,735.0,439.0,662.0
6,1764116617.281911,353.22159814834595,735.0,443.0,692.0
6,1764116617.316045,358.0041198730469,735.0,442.0,689.0
6,1764116617.3466246,362.99059677124023,735.0,432.0,704.0
6,1764116617.3766596,367.63260650634766,735.0,435.0,727.0
6,1764116617.410932,372.4069027900696,735.0,446.0,745.0
6,1764116617.4511454,379.6338109970093,735.0,456.0,733.0
6,1764116617.491481,384.4543128013611,735.0,456.0,713.0
6,1764116617.5262997,389.23204231262207,735.0,440.0,689.0
6,1764116617.5660074,396.4216856956482,735.0,429.0,669.0
6,1764116617.6064978,401.2162594795227,735.0,422.0,653.0
6,1764116617.6462207,408.44466972351074,735.0,439.0,662.0
6,1764116617.6778357,413.3137731552124,735.0,443.0,662.0
6,1764116617.7087955,418.0860667228699,735.0,459.0,671.0
6,1764116617.737629,422.90309953689575,735.0,481.0,684.0
6,1764116617.7813172,427.73286390304565,735.0,485.0,676.0
6,1764116617.8267567,434.81464672088623,735.0,500.0,685.0
6,1764116617.8619514,439.7297053337097,735.0,495.0,674.0
6,1764116617.8914208,444.5587544441223,735.0,491.0,673.0
6,1764116617.9264834,449.36566638946533,735.0,493.0,664.0
6,1764116617.9563768,454.1373519897461,735.0,503.0,670.0
6,1764116617.9909122,461.3690881729126,735.0,487.0,652.0
6,1764116618.02104,463.74427366256714,735.0,493.0,656.0
6,1764116618.0509906,468.83385467529297,735.0,492.0,650.0
6,1764116618.086681,473.28084993362427,735.0,497.0,654.0
6,1764116618.1167922,478.0018239021301,735.0,502.0,652.0
6,1764116618.1567402,485.3976397514343,735.0,521.0,664.0
6,1764116618.1869812,490.15062141418457,735.0,535.0,671.0
6,1764116618.221733,494.9581413269043,735.0,550.0,672.0
6,1764116618.2561855,499.7782497406006,735.0,565.0,674.0
6,1764116618.2990444,506.9746165275574,735.0,550.0,640.0
6,1764116618.340761,511.6568593978882,735.0,552.0,645.0
6,1764116618.3664827,516.4014368057251,735.0,541.0,612.0
6,1764116618.400764,521.2176828384399,735.0,544.0,612.0
6,1764116618.4265118,526.0245590209961,735.0,557.0,618.0
6,1764116618.4590364,530.8157353401184,735.0,560.0,609.0
6,1764116618.4908676,535.6526522636414,735.0,556.0,626.0
6,1764116618.526385,540.4209403991699,735.0,563.0,611.0
6,1764116618.5563552,545.2433018684387,735.0,561.0,617.0
6,1764116618.590837,550.033154964447,735.0,1351.0,2333.0
6,1764116618.6264386,554.9060850143433,735.0,568.0,590.0
6,1764116618.671552,562.041440486908,735.0,580.0,599.0
6,1764116618.7083006,566.8847589492798,735.0,587.0,614.0
6,1764116618.7515717,574.0960388183594,735.0,591.0,602.0
6,1764116618.778944,578.9444355964661,735.0,619.0,603.0
6,1764116618.813074,583.8252692222595,735.0,633.0,626.0
6,1764116618.8421555,588.5534315109253,735.0,1349.0,2331.0
6,1764116618.8813572,593.3119206428528,735.0,630.0,618.0
6,1764116618.9160652,598.156741142273,735.0,638.0,624.0
6,1764116618.9607885,605.2786498069763,735.0,649.0,629.0
6,1764116618.9967818,610.0296287536621,735.0,652.0,630.0
6,1764116619.026266,614.8967652320862,735.0,1351.0,2326.0
6,1764116619.0617409,619.7450547218323,735.0,629.0,617.0
6,1764116619.0920687,624.5155243873596,735.0,613.0,613.0
6,1764116619.120798,629.3267636299133,735.0,605.0,618.0
6,1764116619.1510286,634.1386466026306,735.0,611.0,617.0
6,1764116619.186611,638.8502864837646,735.0,631.0,632.0
6,1764116619.2166715,643.7703518867493,735.0,640.0,627.0
6,1764116619.2463403,648.5345273017883,735.0,654.0,637.0
6,1764116619.2816095,653.2789974212646,735.0,656.0,642.0
6,1764116619.3162644,658.0774693489075,735.0,662.0,661.0
6,1764116619.356569,665.3415350914001,735.0,674.0,643.0
6,1764116619.3812733,667.6976232528687,735.0,684.0,613.0
6,1764116619.4116151,672.4453120231628,735.0,672.0,621.0
6,1764116619.4468722,677.2668151855469,735.0,639.0,647.0
6,1764116619.4818442,684.5587401390076,735.0,636.0,660.0
6,1764116619.5315442,691.7372970581055,735.0,634.0,668.0
6,1764116619.5670235,696.4805154800415,735.0,661.0,654.0
6,1764116619.594538,701.2704401016235,735.0,1355.0,2330.0
6,1764116619.635856,706.099775314331,735.0,690.0,647.0
6,1764116619.6812084,713.2012991905212,735.0,697.0,643.0
6,1764116619.7068229,718.0537729263306,735.0,1351.0,2326.0
6,1764116619.7462103,722.8453068733215,735.0,703.0,604.0
6,1764116619.7926383,730.1103739738464,735.0,711.0,606.0
6,1764116619.825919,734.853449344635,735.0,712.0,608.0
6,1764116619.861124,739.797046661377,735.0,1352.0,2326.0
6,1764116619.8977158,746.9183831214905,735.0,757.0,617.0
6,1764116619.9264333,749.2088108062744,735.0,1354.0,2327.0
6,1764116619.9565022,754.0219812393188,735.0,776.0,640.0
6,1764116619.9868317,758.9027433395386,735.0,1355.0,2325.0
6,1764116620.0217814,763.602080821991,735.0,1354.0,2326.0
6,1764116620.0512252,768.4213666915894,735.0,786.0,613.0
6,1764116620.1011033,775.6257085800171,735.0,1354.0,2330.0
6,1764116620.1466725,782.8120617866516,735.0,795.0,607.0
6,1764116620.1722174,787.620726108551,735.0,787.0,635.0
6,1764116620.1959698,790.0333909988403,735.0,780.0,624.0
6,1764116620.233533,797.2841529846191,735.0,773.0,622.0
6,1764116620.261361,799.6122388839722,735.0,768.0,630.0
6,1764116620.2971904,806.8286328315735,735.0,785.0,621.0
6,1764116620.3261006,809.2885046005249,735.0,804.0,622.0
6,1764116620.3562315,814.0982775688171,735.0,825.0,620.0
6,1764116620.386027,818.8956408500671,735.0,844.0,622.0
6,1764116620.4166117,823.6244111061096,735.0,853.0,612.0
6,1764116620.4518766,828.4679441452026,735.0,837.0,610.0
6,1764116620.4960604,835.6668858528137,735.0,815.0,617.0
6,1764116620.5313241,840.451159954071,735.0,812.0,610.0
6,1764116620.5742657,847.7389364242554,735.0,819.0,629.0
6,1764116620.6117873,852.4135618209839,735.0,824.0,649.0
6,1764116620.636464,857.315459728241,735.0,847.0,634.0
6,1764116620.6720796,862.111750125885,735.0,861.0,615.0
6,1764116620.706726,866.805615901947,735.0,865.0,615.0
6,1764116620.7362926,871.7165260314941,735.0,872.0,620.0
6,1764116620.7712677,876.5039472579956,735.0,881.0,624.0
6,1764116620.8071303,881.2253861427307,735.0,1351.0,2337.0
6,1764116620.8512523,888.5371952056885,735.0,894.0,617.0
6,1764116620.8942242,895.8000807762146,735.0,896.0,634.0
6,1764116620.9308894,900.4882960319519,735.0,881.0,646.0
6,1764116620.9613361,905.2866606712341,735.0,880.0,624.0
6,1764116620.996799,910.0022344589233,735.0,895.0,604.0
6,1764116621.0257854,914.9379281997681,735.0,922.0,604.0
6,1764116621.056267,919.7321801185608,735.0,952.0,618.0
6,1764116621.0911448,924.4840531349182,735.0,955.0,639.0
6,1764116621.1209595,929.3280153274536,735.0,935.0,648.0
6,1764116621.1557698,934.1266660690308,735.0,920.0,652.0
6,1764116621.1967409,941.2767558097839,735.0,918.0,632.0
6,1764116621.2360916,946.105161190033,735.0,949.0,628.0
6,1764116621.261098,950.8767395019531,735.0,975.0,661.0
6,1764116621.2912033,955.6707053184509,735.0,985.0,648.0
6,1764116621.3265266,960.4021220207214,735.0,989.0,617.0
6,1764116621.360788,965.2447967529297,735.0,992.0,600.0
6,1764116621.392904,970.1317100524902,735.0,985.0,619.0
6,1764116621.4220872,974.8101263046265,735.0,982.0,631.0
6,1764116621.4668396,982.010283946991,735.0,978.0,636.0
6,1764116621.5119104,989.3614320755005,735.0,989.0,630.0
6,1764116621.5467944,994.1294341087341,735.0,994.0,667.0
6,1764116621.5817802,998.9810495376587,735.0,989.0,680.0
6,1764116621.6210115,1003.7121086120605,735.0,1005.0,674.0
6,1764116621.6722016,1013.5625033378601,735.0,1008.0,660.0
6,1764116621.7009099,1015.6291632652283,735.0,996.0,638.0
6,1764116621.7382467,1022.8338627815247,735.0,1008.0,657.0
6,1764116621.7759235,1027.7307181358337,735.0,1025.0,676.0
6,1764116621.8116252,1032.5068740844727,735.0,1036.0,674.0
6,1764116621.8515892,1039.6640448570251,735.0,1036.0,658.0
6,1764116621.8916473,1044.5444135665894,735.0,1018.0,648.0
6,1764116621.936447,1051.695433139801,735.0,1033.0,626.0
6,1764116621.9802468,1058.8953404426575,735.0,1056.0,639.0
6,1764116622.0298672,1066.1034016609192,735.0,1068.0,643.0
6,1764116622.057905,1070.9185032844543,735.0,1076.0,625.0
6,1764116622.0915315,1075.7493047714233,735.0,1086.0,629.0
6,1764116622.1309402,1080.5132656097412,735.0,1083.0,611.0
6,1764116622.171241,1087.6426486968994,735.0,1086.0,642.0
6,1764116622.2068214,1092.479672908783,735.0,1096.0,669.0
6,1764116622.2465153,1097.2842602729797,735.0,1107.0,670.0
6,1764116622.2819016,1104.4869570732117,735.0,1111.0,687.0
6,1764116622.3211071,1109.300950050354,735.0,1117.0,687.0
6,1764116622.3559468,1114.0199213027954,735.0,1098.0,673.0
6,1764116622.390861,1121.3614134788513,735.0,1095.0,639.0
6,1764116622.4288604,1126.0525612831116,735.0,1121.0,645.0
6,1764116622.466333,1130.8013944625854,735.0,1118.0,650.0
6,1764116622.495842,1135.6444625854492,735.0,1134.0,657.0
6,1764116622.5315442,1140.4022722244263,735.0,1156.0,658.0
6,1764116622.5716848,1147.6928024291992,735.0,1155.0,669.0
6,1764116622.6069884,1152.474859237671,735.0,1147.0,679.0
6,1764116622.6413178,1157.239821434021,735.0,1121.0,670.0
6,1764116622.6824493,1164.4018559455872,735.0,1129.0,664.0
6,1764116622.714134,1169.253399848938,735.0,1145.0,669.0
6,1764116622.7462258,1174.1386680603027,735.0,1147.0,666.0
6,1764116622.7860472,1178.9435057640076,735.0,1155.0,655.0
6,1764116622.8211946,1183.6562185287476,735.0,1176.0,657.0
6,1764116622.8611996,1190.9262924194336,735.0,1198.0,668.0
6,1764116622.8963227,1195.7533030509949,735.0,1208.0,632.0
6,1764116622.9317114,1200.464942932129,735.0,1231.0,626.0
6,1764116622.9721925,1207.7439217567444,735.0,1237.0,635.0
6,1764116623.005273,1212.512710571289,735.0,1240.0,644.0
6,1764116623.0513794,1219.662085056305,735.0,1245.0,630.0
6,1764116623.0999756,1226.944067955017,735.0,1235.0,614.0
6,1764116623.1321929,1231.8665294647217,735.0,1228.0,621.0
6,1764116623.1667593,1236.5267424583435,735.0,1239.0,637.0
6,1764116623.2061439,1241.2192134857178,735.0,1225.0,671.0
6,1764116623.2425416,1248.487892627716,735.0,1222.0,662.0
6,1764116623.2731655,1253.2337217330933,735.0,1235.0,625.0
6,1764116623.3116388,1258.0541162490845,735.0,1248.0,607.0
6,1764116623.3465824,1262.8089933395386,735.0,1266.0,605.0
6,1764116623.3769362,1267.7187232971191,735.0,1264.0,613.0
6,1764116623.4107594,1272.4151639938354,735.0,1263.0,638.0
6,1764116623.4463143,1277.3522882461548,735.0,1260.0,636.0
6,1764116623.486276,1284.4631819725037,735.0,1266.0,637.0
6,1764116623.5214634,1289.214804649353,735.0,1243.0,651.0
6,1764116623.5509598,1294.1875128746033,735.0,1228.0,669.0
6,1764116623.5932868,1301.2005953788757,735.0,1245.0,672.0
6,1764116623.6305873,1306.1189799308777,735.0,1288.0,653.0
6,1764116623.6665423,1310.806372642517,735.0,1275.0,651.0
6,1764116623.7016535,1315.6365303993225,735.0,1261.0,659.0
6,1764116623.7407582,1322.845700263977,735.0,1285.0,671.0
6,1764116623.7762966,1327.686586856842,735.0,1294.0,660.0
6,1764116623.8112085,1332.5384883880615,735.0,1278.0,646.0
6,1764116623.846176,1337.2308521270752,735.0,1289.0,664.0
6,1764116623.8828967,1344.4901971817017,735.0,1298.0,670.0
6,1764116623.9215987,1349.2998270988464,735.0,1299.0,675.0
6,1764116623.9631524,1356.537106513977,735.0,1304.0,684.0
6,1764116624.0014951,1361.239734172821,735.0,1312.0,667.0
6,1764116624.0358071,1366.1379842758179,735.0,1315.0,667.0
6,1764116624.074586,1373.2723026275635,735.0,1334.0,675.0
6,1764116624.1240556,1380.5794625282288,735.0,1324.0,670.0
6,1764116624.1668105,1385.360339164734,735.0,1313.0,667.0
6,1764116624.210843,1392.4140124320984,735.0,1343.0,669.0
6,1764116624.2458556,1397.2068696022034,735.0,1365.0,663.0
6,1764116624.2822359,1404.4085292816162,735.0,1370.0,659.0
6,1764116624.313445,1409.2458038330078,735.0,1366.0,656.0
6,1764116624.3470194,1414.0267877578735,735.0,1358.0,661.0
6,1764116624.3814352,1418.8024787902832,735.0,1376.0,662.0
6,1764116624.420912,1423.630383491516,735.0,1379.0,658.0
6,1764116624.4667637,1430.838945388794,735.0,1388.0,647.0
6,1764116624.4961927,1435.6650977134705,735.0,1388.0,656.0
6,1764116624.524397,1440.5760793685913,735.0,1397.0,665.0
6,1764116624.5667403,1445.344582080841,735.0,1409.0,650.0
6,1764116624.6068027,1452.5746731758118,735.0,1409.0,639.0
6,1764116624.6415012,1457.2234420776367,735.0,1398.0,622.0
6,1764116624.676396,1462.29696559906,735.0,1399.0,617.0
6,1764116624.7158709,1469.3631200790405,735.0,1420.0,624.0
6,1764116624.7510374,1474.0609197616577,735.0,1449.0,630.0
6,1764116624.799717,1481.3825635910034,735.0,1433.0,619.0
6,1764116624.831417,1486.115267753601,735.0,1453.0,617.0
6,1764116624.8661778,1490.8637790679932,735.0,1499.0,633.0
6,1764116624.897464,1495.6191568374634,735.0,1500.0,652.0
6,1764116624.9387665,1502.8876929283142,735.0,1480.0,661.0
6,1764116624.9713943,1507.6931385993958,735.0,1476.0,661.0
6,1764116625.0109394,1512.4884991645813,735.0,1495.0,682.0
6,1764116625.0409105,1517.3213033676147,735.0,1486.0,688.0
6,1764116625.0815067,1524.4884161949158,735.0,1477.0,687.0
6,1764116625.1160948,1529.3338804244995,735.0,1482.0,692.0
6,1764116625.15134,1534.1185836791992,735.0,1494.0,703.0
6,1764116625.194103,1541.2240056991577,735.0,1521.0,707.0
6,1764116625.2366743,1546.1121349334717,735.0,1528.0,706.0
6,1764116625.280331,1553.2703428268433,735.0,1523.0,718.0
6,1764116625.3257754,1560.5101613998413,735.0,1523.0,714.0
6,1764116625.3620915,1565.224555015564,735.0,1530.0,693.0
6,1764116625.39622,1570.018485069275,735.0,1536.0,695.0
6,1764116625.433478,1577.3048310279846,735.0,1525.0,707.0
6,1764116625.4667635,1582.1481137275696,735.0,1519.0,710.0
6,1764116625.4984176,1586.8250279426575,735.0,1538.0,711.0
6,1764116625.5366838,1591.60182762146,735.0,1571.0,722.0
6,1764116625.5711882,1596.5217142105103,735.0,1585.0,717.0
6,1764116625.6117032,1603.6742000579834,735.0,1594.0,705.0
6,1764116625.6464462,1608.5019617080688,735.0,1617.0,704.0
6,1764116625.6863377,1613.2893114089966,735.0,1609.0,699.0
6,1764116625.7157278,1618.0810241699219,735.0,1595.0,697.0
6,1764116625.7532728,1625.2440958023071,735.0,1595.0,701.0
6,1764116625.786279,1630.0752906799316,735.0,1585.0,703.0
6,1764116625.8266208,1634.9189310073853,735.0,1596.0,711.0
6,1764116625.8618224,1639.7184400558472,735.0,1631.0,707.0
6,1764116625.891111,1644.4199233055115,735.0,1652.0,689.0
6,1764116625.9266067,1649.3295102119446,735.0,1657.0,673.0
6,1764116625.9656398,1656.4456253051758,735.0,1664.0,679.0
6,1764116625.9962773,1661.3420872688293,735.0,1654.0,703.0
6,1764116626.031179,1666.062596321106,735.0,1660.0,712.0
6,1764116626.0661612,1670.852771282196,735.0,1661.0,713.0
6,1764116626.1016774,1675.6119756698608,735.0,1652.0,712.0
6,1764116626.138016,1682.806125164032,735.0,1645.0,707.0
6,1764116626.1766381,1687.6659302711487,735.0,1647.0,712.0
6,1764116626.2109163,1692.4258499145508,735.0,1654.0,715.0
6,1764116626.2459602,1697.2707061767578,735.0,1684.0,716.0
6,1764116626.2908583,1704.4195799827576,735.0,1676.0,716.0
6,1764116626.3361845,1711.684504032135,735.0,1662.0,705.0
6,1764116626.3782208,1718.8296585083008,735.0,1652.0,689.0
6,1764116626.415784,1723.6884980201721,735.0,1668.0,693.0
7,1764116626.450994,1726.11292886734,735.0,1692.0,708.0
7,1764116626.4866383,1726.11292886734,735.0,1700.0,706.0
7,1764116626.5213056,1726.11292886734,735.0,1741.0,707.0
7,1764116626.5563602,1726.11292886734,735.0,1759.0,715.0
7,1764116626.5908942,1726.11292886734,735.0,1763.0,722.0
7,1764116626.621632,1726.11292886734,735.0,1781.0,732.0
7,1764116626.6513743,1726.11292886734,735.0,1794.0,728.0
7,1764116626.6860595,1726.11292886734,735.0,1782.0,721.0
7,1764116626.7162628,1726.11292886734,735.0,1751.0,707.0
7,1764116626.752033,1726.11292886734,735.0,1743.0,703.0
7,1764116626.7864304,1726.11292886734,735.0,1751.0,703.0
7,1764116626.8210478,1726.11292886734,735.0,1760.0,702.0
7,1764116626.855933,1726.11292886734,735.0,1760.0,703.0
7,1764116626.8869402,1726.11292886734,735.0,1744.0,704.0
7,1764116626.9212427,1726.11292886734,735.0,1561.0,765.0
7,1764116626.9588573,182.82865571975708,828.0,1056.0,892.0
7,1764116627.0012722,187.7073793411255,828.0,748.0,946.0
7,1764116627.0387979,194.82002544403076,828.0,923.0,701.0
7,1764116627.072489,199.7239260673523,828.0,965.0,947.0
7,1764116627.1148088,204.5341281890869,828.0,938.0,795.0
7,1764116627.1517637,211.68639945983887,828.0,960.0,1043.0
7,1764116627.1868489,216.43812942504883,828.0,901.0,1195.0
7,1764116627.2219782,221.28713417053223,828.0,328.0,926.0
7,1764116627.255757,226.10949563980103,828.0,288.0,920.0
7,1764116627.3012779,233.253005027771,828.0,853.0,979.0
7,1764116627.3318558,238.06485223770142,828.0,828.0,1040.0
7,1764116627.3660583,242.83439207077026,828.0,814.0,1070.0
7,1764116627.400946,247.6459174156189,828.0,249.0,865.0
7,1764116627.4516568,257.3471097946167,828.0,805.0,684.0
7,1764116627.4914997,262.04083251953125,828.0,247.0,849.0
7,1764116627.5309138,269.23566150665283,828.0,250.0,846.0
7,1764116627.5615456,271.62926483154297,828.0,265.0,823.0
7,1764116627.5992503,278.8876442909241,828.0,620.0,1323.0
7,1764116627.6361642,283.63608407974243,828.0,280.0,828.0
7,1764116627.6711297,288.4265093803406,828.0,846.0,1007.0
7,1764116627.711655,295.73184537887573,828.0,286.0,821.0
7,1764116627.7462926,300.4684476852417,828.0,299.0,820.0
7,1764116627.781308,305.24034786224365,828.0,333.0,866.0
7,1764116627.8159404,310.14882612228394,828.0,315.0,864.0
7,1764116627.861402,317.33539390563965,828.0,337.0,796.0
7,1764116627.8913603,322.1348671913147,828.0,343.0,797.0
7,1764116627.9323537,329.45164728164673,828.0,350.0,771.0
7,1764116627.9683318,334.08489513397217,828.0,369.0,785.0
7,1764116628.005918,338.9164834022522,828.0,300.0,855.0
7,1764116628.041602,343.66585302352905,828.0,469.0,701.0
7,1764116628.0800717,350.94079065322876,828.0,321.0,870.0
7,1764116628.1162798,355.6940584182739,828.0,340.0,847.0
7,1764116628.1517797,360.44224786758423,828.0,357.0,823.0
7,1764116628.1861756,365.2774839401245,828.0,335.0,853.0
7,1764116628.2223067,372.4956302642822,828.0,438.0,698.0
7,1764116628.262007,377.2211103439331,828.0,439.0,698.0
7,1764116628.2962198,382.1386365890503,828.0,446.0,698.0
7,1764116628.3314614,389.3178014755249,828.0,448.0,694.0
7,1764116628.3687217,394.0887360572815,828.0,384.0,847.0
7,1764116628.4058607,398.90888023376465,828.0,376.0,846.0
7,1764116628.4473681,406.0467748641968,828.0,393.0,820.0
7,1764116628.4865205,410.9314351081848,828.0,469.0,693.0
7,1764116628.5363703,418.14081954956055,828.0,476.0,697.0
7,1764116628.5838156,425.3174810409546,828.0,477.0,696.0
7,1764116628.6236126,432.5421004295349,828.0,479.0,700.0
7,1764116628.6608255,437.2371106147766,828.0,478.0,703.0
7,1764116628.6909041,442.1659379005432,828.0,475.0,702.0
7,1764116628.7313735,449.3046193122864,828.0,475.0,706.0
7,1764116628.7668724,454.10992193222046,828.0,451.0,846.0
7,1764116628.8013682,459.0191869735718,828.0,436.0,845.0
7,1764116628.8358738,463.6417775154114,828.0,449.0,848.0
7,1764116628.8708742,468.431272983551,828.0,462.0,852.0
7,1764116628.901402,473.3048825263977,828.0,490.0,699.0
7,1764116628.9370499,478.0506043434143,828.0,454.0,699.0
7,1764116628.9761422,485.26245641708374,828.0,451.0,701.0
7,1764116629.0109866,490.0449423789978,828.0,479.0,848.0
7,1764116629.0461743,494.8769955635071,828.0,383.0,654.0
7,1764116629.0819547,499.66634798049927,828.0,390.0,653.0
7,1764116629.1187177,506.80749702453613,828.0,396.0,648.0
7,1764116629.1523495,511.6804986000061,828.0,399.0,644.0
7,1764116629.1838818,516.5161280632019,828.0,412.0,641.0
7,1764116629.2213569,521.3060884475708,828.0,420.0,635.0
7,1764116629.2557008,526.1424331665039,828.0,430.0,635.0
7,1764116629.2957594,533.2144169807434,828.0,428.0,636.0
7,1764116629.3313196,538.0837349891663,828.0,519.0,816.0
7,1764116629.366688,542.8338913917542,828.0,423.0,628.0
7,1764116629.407146,550.0020055770874,828.0,521.0,829.0
7,1764116629.4461076,554.915454864502,828.0,599.0,749.0
7,1764116629.4814773,559.6721200942993,828.0,562.0,831.0
7,1764116629.5180933,566.8629078865051,828.0,630.0,733.0
7,1764116629.55389,572.0668225288391,828.0,604.0,801.0
7,1764116629.5913496,576.4281301498413,828.0,590.0,828.0
7,1764116629.6343,583.6085824966431,828.0,657.0,729.0
7,1764116629.6712902,588.4913473129272,828.0,599.0,838.0
7,1764116629.7190437,595.6486253738403,828.0,605.0,846.0
7,1764116629.7511287,600.4848985671997,828.0,604.0,852.0
7,1764116629.786947,605.3687362670898,828.0,590.0,822.0
7,1764116629.8224506,612.4442963600159,828.0,634.0,748.0
7,1764116629.8562117,617.2078995704651,828.0,628.0,813.0
7,1764116629.9046261,624.5468168258667,828.0,644.0,783.0
7,1764116629.9380813,629.5089750289917,828.0,620.0,814.0
7,1764116629.9719307,634.1638236045837,828.0,628.0,822.0
7,1764116630.0115044,641.324248790741,828.0,699.0,740.0
7,1764116630.0478039,646.1493639945984,828.0,646.0,841.0
7,1764116630.0832214,650.9793787002563,828.0,660.0,826.0
7,1764116630.1214924,655.7178049087524,828.0,3210.0,-767.0
7,1764116630.1517608,660.5731039047241,828.0,640.0,843.0
7,1764116630.1917996,667.711606502533,828.0,613.0,832.0
7,1764116630.2335508,672.5449829101562,828.0,614.0,827.0
7,1764116630.2659473,677.3416666984558,828.0,594.0,820.0
7,1764116630.3030002,684.5290927886963,828.0,589.0,822.0
7,1764116630.3418758,689.2372279167175,828.0,123.0,599.0
7,1764116630.3764544,694.0374522209167,828.0,164.0,493.0
7,1764116630.4113512,701.3012676239014,828.0,125.0,553.0
7,1764116630.4515378,706.0914783477783,828.0,87.0,613.0
7,1764116630.4862607,710.8443884849548,828.0,2997.0,-578.0
7,1764116630.5262475,718.0530934333801,828.0,84.0,814.0
7,1764116630.56608,722.8735237121582,828.0,119.0,625.0
7,1764116630.6015322,727.6940970420837,828.0,132.0,625.0
7,1764116630.6387339,734.8892121315002,828.0,161.0,539.0
7,1764116630.6713398,739.6522431373596,828.0,667.0,827.0
7,1764116630.7114677,744.5525317192078,828.0,668.0,827.0
7,1764116630.752943,751.7581253051758,828.0,679.0,835.0
7,1764116630.800392,758.8488130569458,828.0,685.0,841.0
7,1764116630.8342996,763.7409477233887,828.0,686.0,844.0
7,1764116630.8712475,768.4806971549988,828.0,169.0,648.0
7,1764116630.9065404,773.3059911727905,828.0,1712.0,482.0
7,1764116630.936348,778.1039624214172,828.0,1487.0,-291.0
7,1764116630.9757576,785.3075890541077,828.0,1553.0,-296.0
7,1764116631.0157628,790.1455788612366,828.0,1992.0,243.0
7,1764116631.0513873,797.3066835403442,828.0,700.0,735.0
7,1764116631.0907016,802.0595579147339,828.0,1520.0,-227.0
7,1764116631.1265204,806.8044214248657,828.0,1556.0,-230.0
7,1764116631.155802,811.709466457367,828.0,770.0,743.0
7,1764116631.1990457,818.9335136413574,828.0,761.0,639.0
7,1764116631.2317736,823.7093477249146,828.0,826.0,780.0
7,1764116631.2709322,828.4752397537231,828.0,1562.0,-278.0
7,1764116631.305765,833.3623676300049,828.0,827.0,769.0
7,1764116631.3456976,840.4329209327698,828.0,826.0,768.0
7,1764116631.387018,845.2504901885986,828.0,841.0,764.0
7,1764116631.41614,850.017240524292,828.0,850.0,750.0
7,1764116631.4510212,857.251766204834,828.0,855.0,735.0
7,1764116631.491244,862.3287229537964,828.0,845.0,743.0
7,1764116631.5311584,869.2723541259766,828.0,863.0,743.0
7,1764116631.5717545,874.0680723190308,828.0,941.0,820.0
7,1764116631.606018,878.8687973022461,828.0,863.0,732.0
7,1764116631.6514518,886.0650568008423,828.0,874.0,731.0
7,1764116631.6910641,893.2582049369812,828.0,888.0,731.0
7,1764116631.7273078,898.0233817100525,828.0,900.0,819.0
7,1764116631.7657042,902.8169898986816,828.0,912.0,821.0
7,1764116631.8022113,907.6888113021851,828.0,905.0,740.0
7,1764116631.8460982,914.8025660514832,828.0,894.0,793.0
7,1764116631.888286,922.0115571022034,828.0,939.0,726.0
7,1764116631.9364672,929.2970089912415,828.0,929.0,732.0
7,1764116631.9716332,934.035327911377,828.0,938.0,730.0
7,1764116632.0061674,938.8447074890137,828.0,965.0,717.0
7,1764116632.041485,943.7451033592224,828.0,974.0,737.0
7,1764116632.0709252,948.474123954773,828.0,992.0,718.0
7,1764116632.1060822,953.3444790840149,828.0,1007.0,706.0
7,1764116632.1434896,960.4329137802124,828.0,1000.0,700.0
7,1764116632.1657507,962.855842590332,828.0,968.0,816.0
7,1764116632.2021244,967.6239519119263,828.0,965.0,818.0
7,1764116632.2308974,972.4183111190796,828.0,994.0,713.0
7,1764116632.2664063,977.3478536605835,828.0,975.0,699.0
7,1764116632.3061566,984.4096450805664,828.0,946.0,678.0
7,1764116632.3415494,989.2083315849304,828.0,955.0,690.0
7,1764116632.3869038,996.5238599777222,828.0,961.0,789.0
7,1764116632.4361544,1003.6674766540527,828.0,961.0,701.0
7,1764116632.4708874,1008.5047869682312,828.0,969.0,722.0
7,1764116632.5013068,1013.2946043014526,828.0,980.0,722.0
7,1764116632.531642,1018.0324583053589,828.0,997.0,728.0
7,1764116632.5659082,1022.8442339897156,828.0,1027.0,702.0
7,1764116632.60742,1030.0823001861572,828.0,1054.0,695.0
7,1764116632.646291,1034.8604946136475,828.0,1066.0,685.0
7,1764116632.6717174,1039.6774559020996,828.0,1056.0,735.0
7,1764116632.7182992,1046.8098430633545,828.0,1061.0,743.0
7,1764116632.7615807,1051.6316680908203,828.0,1074.0,747.0
7,1764116632.7822158,1056.4692645072937,828.0,1079.0,746.0
7,1764116632.8108406,1061.2246780395508,828.0,1063.0,752.0
7,1764116632.8470917,1066.024365901947,828.0,1042.0,763.0
7,1764116632.8807125,1070.8253769874573,828.0,1039.0,737.0
7,1764116632.9167647,1075.6415872573853,828.0,1051.0,724.0
7,1764116632.961215,1082.8236846923828,828.0,1067.0,715.0
7,1764116633.0014331,1087.71120595932,828.0,1092.0,737.0
7,1764116633.0408053,1094.8965578079224,828.0,1099.0,742.0
7,1764116633.066304,1097.318449497223,828.0,1070.0,745.0
7,1764116633.095981,1102.216628074646,828.0,1066.0,761.0
7,1764116633.1418378,1109.3158988952637,828.0,1078.0,746.0
7,1764116633.1768708,1114.0940217971802,828.0,1125.0,740.0
7,1764116633.2193258,1121.3416724205017,828.0,1134.0,712.0
7,1764116633.2458947,1126.0331420898438,828.0,1129.0,757.0
7,1764116633.2793875,1130.9023885726929,828.0,1132.0,779.0
7,1764116633.316686,1135.6109170913696,828.0,1132.0,764.0
7,1764116633.346552,1140.4043107032776,828.0,1137.0,748.0
7,1764116633.3916547,1147.6718454360962,828.0,1142.0,746.0
7,1764116633.4268913,1152.4553685188293,828.0,1125.0,750.0
7,1764116633.4558115,1157.3289065361023,828.0,1138.0,738.0
7,1764116633.4874458,1162.0791702270508,828.0,1144.0,755.0
7,1764116633.5373898,1169.346275806427,828.0,1147.0,755.0
7,1764116633.5713906,1174.1317300796509,828.0,1174.0,779.0
7,1764116633.6059425,1178.8180141448975,828.0,1193.0,800.0
7,1764116633.6474948,1186.1058263778687,828.0,1186.0,783.0
7,1764116633.6813927,1190.8240823745728,828.0,1182.0,774.0
7,1764116633.711041,1195.64976978302,828.0,1166.0,772.0
7,1764116633.7470853,1200.4430203437805,828.0,1158.0,769.0
7,1764116633.7763588,1205.3223876953125,828.0,1168.0,747.0
7,1764116633.8074841,1210.0924997329712,828.0,1200.0,744.0
7,1764116633.8409348,1214.8945121765137,828.0,1202.0,746.0
7,1764116633.876794,1219.7323231697083,828.0,1223.0,753.0
7,1764116633.9064476,1224.5607643127441,828.0,1242.0,761.0
7,1764116633.9357858,1229.2842059135437,828.0,1242.0,752.0
7,1764116633.97112,1234.0228824615479,828.0,1231.0,741.0
7,1764116634.0066504,1239.025094985962,828.0,1237.0,751.0
7,1764116634.0562963,1246.0967569351196,828.0,1249.0,754.0
7,1764116634.0970747,1253.3479480743408,828.0,1250.0,755.0
7,1764116634.1320295,1258.1620125770569,828.0,1243.0,745.0
7,1764116634.1616364,1262.8956823349,828.0,1238.0,729.0
7,1764116634.1961396,1267.680278301239,828.0,1257.0,743.0
7,1764116634.2320836,1272.5220589637756,828.0,1269.0,757.0
7,1764116634.2610514,1277.2686033248901,828.0,1259.0,757.0
7,1764116634.2969155,1282.0139317512512,828.0,1233.0,746.0
7,1764116634.3395605,1289.2779259681702,828.0,1227.0,749.0
7,1764116634.3907778,1296.492031097412,828.0,1234.0,769.0
7,1764116634.4262023,1301.2240200042725,828.0,1256.0,789.0
7,1764116634.4560766,1306.1370043754578,828.0,1269.0,784.0
7,1764116634.495931,1313.333800315857,828.0,1271.0,790.0
7,1764116634.5265815,1318.097439289093,828.0,1297.0,797.0
7,1764116634.558316,1322.813084602356,828.0,1317.0,799.0
7,1764116634.5959659,1327.6883749961853,828.0,1322.0,788.0
7,1764116634.6381292,1335.106864452362,828.0,1314.0,782.0
7,1764116634.6730611,1339.728847026825,828.0,1309.0,780.0
7,1764116634.704457,1344.6105389595032,828.0,1338.0,766.0
7,1764116634.7309074,1349.2347030639648,828.0,1343.0,739.0
7,1764116634.766043,1354.008927822113,828.0,1372.0,739.0
7,1764116634.800697,1358.873453617096,828.0,1385.0,742.0
7,1764116634.8312871,1363.6473922729492,828.0,1365.0,751.0
7,1764116634.8663082,1368.5032277107239,828.0,1352.0,742.0
7,1764116634.896415,1373.2172636985779,828.0,1378.0,752.0
7,1764116634.9314563,1378.1414060592651,828.0,1393.0,763.0
7,1764116634.9660072,1382.8619151115417,828.0,1400.0,768.0
7,1764116634.996262,1387.6279859542847,828.0,1393.0,766.0
7,1764116635.0395246,1394.8651580810547,828.0,1370.0,769.0
7,1764116635.082913,1399.7076539993286,828.0,1368.0,780.0
7,1764116635.1115549,1404.4686465263367,828.0,1396.0,797.0
7,1764116635.1560903,1411.6018562316895,828.0,1398.0,806.0
7,1764116635.1988666,1418.8301949501038,828.0,1396.0,827.0
7,1764116635.2312102,1423.727550983429,828.0,1379.0,816.0
7,1764116635.2664459,1428.518548488617,828.0,1402.0,774.0
7,1764116635.295896,1433.3635120391846,828.0,1444.0,766.0
7,1764116635.3274255,1438.0326657295227,828.0,1467.0,774.0
7,1764116635.3667865,1442.9334192276,828.0,1442.0,776.0
7,1764116635.4014835,1447.6507453918457,828.0,1422.0,755.0
7,1764116635.4308767,1452.511444568634,828.0,1427.0,765.0
7,1764116635.4660625,1457.2548060417175,828.0,1455.0,794.0
7,1764116635.5126534,1464.5365386009216,828.0,1469.0,811.0
7,1764116635.541378,1469.2147760391235,828.0,1475.0,833.0
7,1764116635.5761151,1474.0367441177368,828.0,1457.0,829.0
7,1764116635.6063442,1478.9378910064697,828.0,1459.0,818.0
7,1764116635.6418066,1483.6021451950073,828.0,1473.0,830.0
7,1764116635.6781797,1490.8278732299805,828.0,1490.0,827.0
7,1764116635.7008474,1493.2278780937195,828.0,1492.0,781.0
7,1764116635.7360425,1498.049238204956,828.0,1496.0,781.0
7,1764116635.765734,1502.977707862854,828.0,1498.0,777.0
7,1764116635.800766,1507.6903133392334,828.0,1514.0,757.0
7,1764116635.8403628,1514.8240237236023,828.0,1528.0,758.0
7,1764116635.8661609,1517.2170548439026,828.0,1546.0,785.0
7,1764116635.8964782,1522.0322995185852,828.0,1539.0,796.0
7,1764116635.945788,1529.213002204895,828.0,1523.0,788.0
7,1764116635.9868124,1536.4336161613464,828.0,1525.0,774.0
7,1764116636.016917,1541.3049011230469,828.0,1543.0,760.0
7,1764116636.050762,1546.0248737335205,828.0,1556.0,750.0
7,1764116636.0807188,1550.8686571121216,828.0,1564.0,775.0
7,1764116636.1114213,1555.6418805122375,828.0,1555.0,781.0
7,1764116636.151587,1560.4970364570618,828.0,1550.0,792.0
7,1764116636.1860309,1565.274193763733,828.0,1553.0,798.0
7,1764116636.2436736,1574.8034029006958,828.0,1575.0,799.0
7,1764116636.2902346,1582.1321992874146,828.0,1608.0,785.0
7,1764116636.3344162,1589.7610096931458,828.0,1619.0,784.0
7,1764116636.36146,1591.60422372818,828.0,1627.0,783.0
7,1764116636.3982487,1598.8730459213257,828.0,1635.0,780.0
7,1764116636.4258544,1601.2151508331299,828.0,1635.0,783.0
7,1764116636.466413,1608.5243849754333,828.0,1611.0,783.0
7,1764116636.4908016,1613.2188229560852,828.0,1581.0,765.0
7,1764116636.526549,1618.0540590286255,828.0,1592.0,752.0
7,1764116636.5584383,1622.8928356170654,828.0,1622.0,752.0
7,1764116636.5915928,1627.7122287750244,828.0,1645.0,752.0
7,1764116636.6358433,1634.9750785827637,828.0,1653.0,749.0
7,1764116636.6765134,1639.7029547691345,828.0,1646.0,768.0
7,1764116636.7030442,1644.4655923843384,828.0,1637.0,787.0
7,1764116636.731673,1649.349537372589,828.0,1632.0,768.0
7,1764116636.7843952,1656.5076379776,828.0,1622.0,761.0
7,1764116636.8112237,1661.2821488380432,828.0,1618.0,766.0
7,1764116636.8409257,1663.6966018676758,828.0,1617.0,764.0
7,1764116636.871938,1668.420114994049,828.0,1619.0,763.0
7,1764116636.9066064,1673.325767993927,828.0,1629.0,774.0
7,1764116636.9429486,1680.5367617607117,828.0,1641.0,793.0
7,1764116636.9709852,1685.2463631629944,828.0,1682.0,817.0
7,1764116637.0068314,1690.1175408363342,828.0,1689.0,828.0
7,1764116637.041495,1694.8453812599182,828.0,1692.0,813.0
7,1764116637.0918837,1702.117636680603,828.0,1683.0,798.0
7,1764116637.125817,1706.8673281669617,828.0,1679.0,791.0
7,1764116637.166808,1714.0199928283691,828.0,1687.0,793.0
7,1764116637.2007601,1718.8903121948242,828.0,1662.0,772.0
7,1764116637.236532,1723.657205581665,828.0,1632.0,742.0
8,1764116637.2669697,1726.0535626411438,828.0,1626.0,735.0
8,1764116637.2960389,1726.0535626411438,828.0,1638.0,742.0
8,1764116637.3368542,1726.0535626411438,828.0,1663.0,764.0
8,1764116637.3758588,1726.0535626411438,828.0,1676.0,771.0
8,1764116637.4109747,1726.0535626411438,828.0,1686.0,758.0
8,1764116637.451175,1726.0535626411438,828.0,1693.0,750.0
8,1764116637.48647,1726.0535626411438,828.0,1695.0,765.0
8,1764116637.5110116,1726.0535626411438,828.0,1692.0,799.0
8,1764116637.5557303,1726.0535626411438,828.0,1671.0,811.0
8,1764116637.586831,1726.0535626411438,828.0,1658.0,806.0
8,1764116637.6206949,1726.0535626411438,828.0,1589.0,809.0
8,1764116637.6459298,1726.0535626411438,828.0,1159.0,819.0
8,1764116637.6761162,1726.0535626411438,828.0,808.0,932.0
8,1764116637.7066672,1726.0535626411438,828.0,588.0,965.0
8,1764116637.740826,1726.0535626411438,828.0,496.0,950.0
8,1764116637.7807875,182.81266975402832,921.0,499.0,901.0
8,1764116637.8062208,185.25730657577515,921.0,515.0,887.0
8,1764116637.846268,192.5071029663086,921.0,535.0,889.0
8,1764116637.8817205,197.3429470062256,921.0,544.0,913.0
8,1764116637.9114304,202.1234302520752,921.0,525.0,910.0
8,1764116637.9468043,206.90394926071167,921.0,474.0,926.0
8,1764116637.9765787,211.6928367614746,921.0,558.0,924.0
8,1764116638.023298,218.8491849899292,921.0,362.0,920.0
8,1764116638.0568836,223.698082447052,921.0,347.0,880.0
8,1764116638.0857189,228.40521621704102,921.0,340.0,851.0
8,1764116638.1207857,233.21631240844727,921.0,334.0,862.0
8,1764116638.148737,238.14989614486694,921.0,337.0,866.0
8,1764116638.186025,242.86432552337646,921.0,304.0,860.0
8,1764116638.2165384,247.69072818756104,921.0,859.0,1099.0
8,1764116638.2508202,252.55339431762695,921.0,313.0,875.0
8,1764116638.285942,257.29933071136475,921.0,332.0,877.0
8,1764116638.3166783,262.0212345123291,921.0,354.0,906.0
8,1764116638.3514407,266.8426661491394,921.0,360.0,873.0
8,1764116638.3911796,274.1741805076599,921.0,369.0,885.0
8,1764116638.4240654,278.91432332992554,921.0,378.0,880.0
8,1764116638.4712682,286.1499218940735,921.0,375.0,873.0
8,1764116638.5108821,290.870717048645,921.0,380.0,871.0
8,1764116638.549192,298.04594802856445,921.0,386.0,867.0
8,1764116638.576229,300.497022151947,921.0,363.0,868.0
8,1764116638.6060271,305.2290110588074,921.0,378.0,870.0
8,1764116638.6507006,312.5102787017822,921.0,363.0,850.0
8,1764116638.685897,317.2881155014038,921.0,344.0,894.0
8,1764116638.7209458,324.4992880821228,921.0,354.0,828.0
8,1764116638.758691,329.2811303138733,921.0,372.0,839.0
8,1764116638.7957613,334.2128186225891,921.0,396.0,865.0
8,1764116638.8264883,338.91058254241943,921.0,421.0,876.0
8,1764116638.8567896,343.6764030456543,921.0,470.0,904.0
8,1764116638.8861434,348.4505205154419,921.0,466.0,904.0
8,1764116638.9208028,353.3695487976074,921.0,467.0,899.0
8,1764116638.9510746,358.0406336784363,921.0,434.0,884.0
8,1764116638.9859707,362.846293926239,921.0,424.0,873.0
8,1764116639.0169344,367.60607051849365,921.0,423.0,873.0
8,1764116639.056362,372.4628357887268,921.0,435.0,878.0
8,1764116639.0864558,377.3297576904297,921.0,420.0,900.0
8,1764116639.1208155,384.47974014282227,921.0,448.0,880.0
8,1764116639.1576264,389.2375855445862,921.0,442.0,877.0
8,1764116639.18151,391.69266510009766,921.0,447.0,883.0
8,1764116639.220711,398.8053469657898,921.0,417.0,913.0
8,1764116639.255829,403.730562210083,921.0,455.0,875.0
8,1764116639.2917166,408.42675256729126,921.0,440.0,923.0
8,1764116639.3264742,413.2846622467041,921.0,453.0,927.0
8,1764116639.361215,420.5396800041199,921.0,482.0,894.0
8,1764116639.391356,422.87788677215576,921.0,483.0,875.0
8,1764116639.4310117,430.0581603050232,921.0,483.0,863.0
8,1764116639.4710588,434.8545937538147,921.0,479.0,909.0
8,1764116639.5009146,439.62710189819336,921.0,477.0,833.0
8,1764116639.544876,446.90597343444824,921.0,474.0,915.0
8,1764116639.59116,454.11446380615234,921.0,484.0,920.0
8,1764116639.6210525,458.89483976364136,921.0,434.0,815.0
8,1764116639.6586068,463.7064366340637,921.0,444.0,805.0
8,1764116639.691556,468.6153082847595,921.0,449.0,806.0
8,1764116639.7257965,473.3421115875244,921.0,525.0,904.0
8,1764116639.7607229,480.4658441543579,921.0,456.0,810.0
8,1764116639.7910655,482.8499345779419,921.0,458.0,808.0
8,1764116639.8206975,487.7941756248474,921.0,465.0,814.0
8,1764116639.856553,492.5991563796997,921.0,466.0,813.0
8,1764116639.8946526,499.7484951019287,921.0,465.0,814.0
8,1764116639.9266825,504.4622449874878,921.0,547.0,924.0
8,1764116639.9570208,509.2711238861084,921.0,488.0,811.0
8,1764116639.9914925,514.090338230133,921.0,571.0,903.0
8,1764116640.0265267,518.8883810043335,921.0,579.0,908.0
8,1764116640.061093,523.6100702285767,921.0,497.0,808.0
8,1764116640.0969217,528.4733443260193,921.0,500.0,810.0
8,1764116640.1337328,535.7453851699829,921.0,501.0,811.0
8,1764116640.1667914,540.4033451080322,921.0,500.0,813.0
8,1764116640.2007859,545.2801733016968,921.0,501.0,814.0
8,1764116640.2362297,550.0397353172302,921.0,592.0,927.0
8,1764116640.2715664,554.8290877342224,921.0,605.0,903.0
8,1764116640.311201,562.2114925384521,921.0,511.0,819.0
8,1764116640.3509686,566.9989137649536,921.0,603.0,908.0
8,1764116640.3907373,574.0222959518433,921.0,515.0,815.0
8,1764116640.4263575,578.8224487304688,921.0,618.0,912.0
8,1764116640.4607372,583.6492805480957,921.0,520.0,807.0
8,1764116640.4967942,588.5136275291443,921.0,533.0,794.0
8,1764116640.536261,595.6150441169739,921.0,536.0,800.0
8,1764116640.571515,600.4316835403442,921.0,537.0,794.0
8,1764116640.6063235,605.2340536117554,921.0,541.0,800.0
8,1764116640.6451032,612.4481229782104,921.0,548.0,797.0
8,1764116640.6768286,617.4076347351074,921.0,551.0,802.0
8,1764116640.7095187,622.1606521606445,921.0,561.0,812.0
8,1764116640.7440364,626.8909959793091,921.0,619.0,932.0
8,1764116640.776421,631.6199808120728,921.0,601.0,901.0
8,1764116640.8116546,636.5552096366882,921.0,567.0,798.0
8,1764116640.8465796,641.2516860961914,921.0,2706.0,-506.0
8,1764116640.8810718,648.5181837081909,921.0,548.0,845.0
8,1764116640.9111118,650.8823184967041,921.0,72.0,778.0
8,1764116640.9496233,658.1342964172363,921.0,561.0,849.0
8,1764116640.9763372,660.5132727622986,921.0,571.0,847.0
8,1764116641.0126843,667.7474765777588,921.0,103.0,729.0
8,1764116641.0457878,672.4057941436768,921.0,158.0,650.0
8,1764116641.0808089,677.263596534729,921.0,172.0,625.0
8,1764116641.116163,682.0699005126953,921.0,153.0,623.0
8,1764116641.1606965,689.3389372825623,921.0,172.0,598.0
8,1764116641.195812,694.1557197570801,921.0,586.0,841.0
8,1764116641.2262678,698.8756923675537,921.0,134.0,596.0
8,1764116641.2683756,706.0602216720581,921.0,142.0,758.0
8,1764116641.3063962,710.8122019767761,921.0,143.0,892.0
8,1764116641.3492656,718.0963664054871,921.0,-285.0,171.0
8,1764116641.3858654,722.9074268341064,921.0,632.0,832.0
8,1764116641.4313617,730.1154880523682,921.0,-319.0,92.0
8,1764116641.4767292,737.3802332878113,921.0,-376.0,184.0
8,1764116641.5089636,742.1831755638123,921.0,-413.0,208.0
8,1764116641.5465176,746.8898801803589,921.0,-421.0,130.0
8,1764116641.5915523,754.0980486869812,921.0,-402.0,254.0
8,1764116641.6281934,758.8794617652893,921.0,669.0,818.0
8,1764116641.6533046,763.6764674186707,921.0,735.0,662.0
8,1764116641.691435,768.4989719390869,921.0,-333.0,140.0
8,1764116641.734146,775.7024555206299,921.0,-296.0,159.0
8,1764116641.7721262,780.5256752967834,921.0,739.0,738.0
8,1764116641.814825,787.8331928253174,921.0,-1119.0,-420.0
8,1764116641.836492,790.0336413383484,921.0,-344.0,263.0
8,1764116641.879019,797.4105744361877,921.0,769.0,719.0
8,1764116641.9097636,802.1480350494385,921.0,805.0,732.0
8,1764116641.9406989,806.9354205131531,921.0,814.0,737.0
8,1764116641.972806,811.6826801300049,921.0,-1028.0,-352.0
8,1764116642.0059154,816.4478211402893,921.0,811.0,747.0
8,1764116642.0522027,823.6717252731323,921.0,-827.0,89.0
8,1764116642.0967937,828.4111170768738,921.0,825.0,754.0
8,1764116642.1334558,835.7561855316162,921.0,-955.0,-251.0
8,1764116642.1610143,840.509560585022,921.0,-971.0,-294.0
8,1764116642.1911664,842.861249923706,921.0,853.0,769.0
8,1764116642.2257347,850.2176194190979,921.0,857.0,776.0
8,1764116642.2615075,854.889705657959,921.0,-1044.0,91.0
8,1764116642.3015535,859.7698955535889,921.0,865.0,779.0
8,1764116642.331603,864.4393353462219,921.0,864.0,775.0
8,1764116642.3784156,871.7085151672363,921.0,871.0,775.0
8,1764116642.4070168,876.5469698905945,921.0,870.0,784.0
8,1764116642.446264,881.3156514167786,921.0,-958.0,-263.0
8,1764116642.4760683,886.0757856369019,921.0,7389.0,-4587.0
8,1764116642.506367,890.8838419914246,921.0,-847.0,206.0
8,1764116642.540696,895.6796674728394,921.0,-926.0,216.0
8,1764116642.577583,900.6053833961487,921.0,-1131.0,131.0
8,1764116642.6069353,905.3221015930176,921.0,893.0,769.0
8,1764116642.6452549,912.4585299491882,921.0,902.0,757.0
8,1764116642.6712348,914.9073152542114,921.0,-1116.0,65.0
8,1764116642.7098343,922.1479921340942,921.0,903.0,783.0
8,1764116642.7356946,925.210967540741,921.0,-1006.0,292.0
8,1764116642.7892663,934.0664057731628,921.0,916.0,794.0
8,1764116642.8317015,938.8875513076782,921.0,-897.0,381.0
8,1764116642.8764677,946.0491209030151,921.0,932.0,795.0
8,1764116642.911308,950.9106426239014,921.0,939.0,756.0
8,1764116642.9361396,955.6124477386475,921.0,945.0,752.0
8,1764116642.9711394,960.5659871101379,921.0,951.0,740.0
8,1764116643.0057847,965.3591661453247,921.0,951.0,753.0
8,1764116643.0363126,970.5359725952148,921.0,-973.0,127.0
8,1764116643.071591,974.9370484352112,921.0,971.0,765.0
8,1764116643.1110423,982.0209770202637,921.0,979.0,777.0
8,1764116643.1565616,989.342191696167,921.0,987.0,795.0
8,1764116643.1911242,994.0800457000732,921.0,991.0,811.0
8,1764116643.2311194,998.9474325180054,921.0,987.0,797.0
8,1764116643.267954,1006.0707001686096,921.0,984.0,808.0
8,1764116643.301389,1010.9509973526001,921.0,989.0,804.0
8,1764116643.3320813,1015.6372814178467,921.0,1002.0,803.0
8,1764116643.365717,1020.5525903701782,921.0,991.0,807.0
8,1764116643.4014888,1025.26140499115,921.0,982.0,810.0
8,1764116643.4459445,1032.4288039207458,921.0,1362.0,2515.0
8,1764116643.4710855,1034.885850429535,921.0,998.0,817.0
8,1764116643.5019002,1039.751663684845,921.0,1002.0,831.0
8,1764116643.545892,1046.8781142234802,921.0,1362.0,2517.0
8,1764116643.5811079,1051.7045884132385,921.0,1049.0,821.0
8,1764116643.6164722,1056.51482629776,921.0,1047.0,835.0
8,1764116643.6460285,1061.3177328109741,921.0,1362.0,2522.0
8,1764116643.6763833,1066.002872467041,921.0,1060.0,808.0
8,1764116643.7110374,1070.870831489563,921.0,1085.0,801.0
8,1764116643.750413,1078.1065373420715,921.0,1090.0,771.0
8,1764116643.7767546,1080.4458527565002,921.0,1095.0,757.0
8,1764116643.8142574,1087.7480058670044,921.0,1092.0,764.0
8,1764116643.840794,1092.4765257835388,921.0,1079.0,790.0
8,1764116643.871392,1094.8764233589172,921.0,1079.0,812.0
8,1764116643.916182,1102.0359902381897,921.0,1108.0,804.0
8,1764116643.9595277,1109.309962272644,921.0,1124.0,758.0
8,1764116643.9970436,1114.1891150474548,921.0,1117.0,757.0
8,1764116644.0311294,1118.9114837646484,921.0,1123.0,813.0
8,1764116644.061343,1123.6173658370972,921.0,1141.0,806.0
8,1764116644.1066995,1130.807116508484,921.0,1142.0,769.0
8,1764116644.141769,1135.6106309890747,921.0,1146.0,765.0
8,1764116644.1713865,1140.580406665802,921.0,1135.0,748.0
8,1764116644.2059155,1145.331850528717,921.0,1139.0,767.0
8,1764116644.2473855,1152.5114088058472,921.0,1144.0,779.0
8,1764116644.2858417,1157.2388916015625,921.0,1146.0,822.0
8,1764116644.3366487,1164.4018201828003,921.0,1154.0,863.0
8,1764116644.3717992,1171.6688542366028,921.0,1140.0,831.0
8,1764116644.4062638,1176.6011862754822,921.0,1134.0,843.0
8,1764116644.4416022,1181.2663702964783,921.0,1172.0,848.0
8,1764116644.4840283,1188.4605913162231,921.0,1194.0,830.0
8,1764116644.5273843,1193.3298735618591,921.0,1193.0,815.0
8,1764116644.54821,1198.0793504714966,921.0,1185.0,839.0
8,1764116644.5860527,1202.9510645866394,921.0,1179.0,826.0
8,1764116644.6163054,1207.671323299408,921.0,1189.0,801.0
8,1764116644.6516535,1212.4163656234741,921.0,1191.0,788.0
8,1764116644.6815722,1217.2852544784546,921.0,1199.0,794.0
8,1764116644.7327197,1224.5375900268555,921.0,1206.0,800.0
8,1764116644.78914,1234.1299920082092,921.0,1209.0,810.0
8,1764116644.8167748,1236.4660172462463,921.0,1187.0,844.0
8,1764116644.8463588,1241.214671611786,921.0,1191.0,826.0
8,1764116644.8812125,1248.5392837524414,921.0,1198.0,792.0
8,1764116644.911466,1250.8416919708252,921.0,1231.0,799.0
8,1764116644.948478,1258.1309704780579,921.0,1243.0,826.0
8,1764116644.9983835,1265.3673915863037,921.0,1253.0,805.0
8,1764116645.045039,1272.4314002990723,921.0,1225.0,804.0
8,1764116645.08091,1277.31480884552,921.0,1224.0,784.0
8,1764116645.1289294,1284.4013123512268,921.0,1270.0,786.0
8,1764116645.161268,1289.220097541809,921.0,1275.0,809.0
8,1764116645.1958277,1294.015100479126,921.0,1261.0,816.0
8,1764116645.2211368,1298.8456158638,921.0,1254.0,788.0
8,1764116645.2672932,1306.0061841011047,921.0,1261.0,770.0
8,1764116645.3095329,1310.9000353813171,921.0,1280.0,762.0
8,1764116645.3362613,1315.601661682129,921.0,1274.0,812.0
8,1764116645.370742,1320.5140738487244,921.0,1276.0,845.0
8,1764116645.3981402,1325.3926186561584,921.0,1298.0,848.0
8,1764116645.4459429,1332.5008659362793,921.0,1288.0,847.0
8,1764116645.4896297,1337.3174695968628,921.0,1262.0,860.0
8,1764116645.5110974,1342.0688061714172,921.0,1287.0,872.0
8,1764116645.546168,1346.8610196113586,921.0,1303.0,873.0
8,1764116645.5887616,1354.055669784546,921.0,1283.0,843.0
8,1764116645.630744,1358.8900117874146,921.0,1262.0,845.0
8,1764116645.6565762,1363.6948852539062,921.0,1299.0,859.0
8,1764116645.6918259,1368.5930995941162,921.0,1323.0,849.0
8,1764116645.7263772,1373.2375769615173,921.0,1314.0,840.0
8,1764116645.763858,1380.4425983428955,921.0,1293.0,853.0
8,1764116645.7987678,1385.3674201965332,921.0,1300.0,845.0
8,1764116645.8283172,1390.1563076972961,921.0,1333.0,849.0
8,1764116645.8714867,1394.8464183807373,921.0,1354.0,849.0
8,1764116645.9086623,1402.1454243659973,921.0,1354.0,816.0
8,1764116645.9357615,1404.5730738639832,921.0,1349.0,825.0
8,1764116645.9668636,1409.2109351158142,921.0,1349.0,849.0
8,1764116646.0027206,1416.4521126747131,921.0,1354.0,855.0
8,1764116646.0367937,1421.2000160217285,921.0,1342.0,851.0
8,1764116646.068359,1426.0862855911255,921.0,1340.0,844.0
8,1764116646.1066806,1430.8494954109192,921.0,1376.0,833.0
8,1764116646.151674,1438.1270079612732,921.0,1411.0,836.0
8,1764116646.1910765,1442.9502992630005,921.0,1416.0,857.0
8,1764116646.221913,1447.6827173233032,921.0,1396.0,842.0
8,1764116646.2560806,1452.5781421661377,921.0,1395.0,826.0
8,1764116646.308283,1462.0898633003235,921.0,1431.0,823.0
8,1764116646.3466907,1466.9354348182678,921.0,1451.0,835.0
8,1764116646.37368,1471.7572598457336,921.0,1436.0,835.0
8,1764116646.4114778,1476.5705018043518,921.0,1434.0,838.0
8,1764116646.441885,1481.201675415039,921.0,1475.0,847.0
8,1764116646.4711087,1486.0635905265808,921.0,1477.0,862.0
8,1764116646.5112534,1490.8756880760193,921.0,1445.0,861.0
8,1764116646.540804,1495.7041292190552,921.0,1430.0,868.0
8,1764116646.5765042,1500.46755361557,921.0,1440.0,860.0
8,1764116646.606702,1505.685022354126,921.0,1457.0,866.0
8,1764116646.641074,1512.5185041427612,921.0,1476.0,866.0
8,1764116646.6872404,1517.294195175171,921.0,1483.0,855.0
8,1764116646.7112944,1522.028651714325,921.0,1467.0,853.0
8,1764116646.7418103,1526.9110946655273,921.0,1458.0,844.0
8,1764116646.7765865,1531.7020564079285,921.0,1451.0,854.0
8,1764116646.805971,1536.4312558174133,921.0,1479.0,845.0
8,1764116646.8408384,1541.4055018424988,921.0,1500.0,853.0
8,1764116646.8712907,1546.0108904838562,921.0,1502.0,848.0
8,1764116646.9066024,1550.9507327079773,921.0,1486.0,843.0
8,1764116646.9417706,1555.711045742035,921.0,1500.0,851.0
8,1764116646.9762902,1560.521641254425,921.0,1519.0,877.0
8,1764116647.0057588,1565.3124241828918,921.0,1507.0,894.0
8,1764116647.043904,1572.4447040557861,921.0,1500.0,899.0
8,1764116647.0821354,1577.3344068527222,921.0,1515.0,878.0
8,1764116647.1101468,1582.1114211082458,921.0,1542.0,843.0
8,1764116647.14226,1586.984351158142,921.0,1542.0,848.0
8,1764116647.1815438,1591.6444926261902,921.0,1548.0,830.0
8,1764116647.2223852,1598.9078431129456,921.0,1561.0,831.0
8,1764116647.2682414,1606.1131863594055,921.0,1587.0,841.0
8,1764116647.301486,1610.8794717788696,921.0,1619.0,832.0
8,1764116647.336542,1615.7088069915771,921.0,1617.0,834.0
8,1764116647.3661966,1620.5010919570923,921.0,1608.0,860.0
8,1764116647.397814,1625.2865462303162,921.0,1609.0,883.0
8,1764116647.431012,1630.0174622535706,921.0,1625.0,907.0
8,1764116647.4658625,1634.8666100502014,921.0,1618.0,906.0
8,1764116647.4927402,1639.6597890853882,921.0,1617.0,891.0
8,1764116647.5264754,1644.4444208145142,921.0,1628.0,881.0
8,1764116647.576806,1651.7344145774841,921.0,1630.0,883.0
8,1764116647.6214077,1658.8712720870972,921.0,1627.0,906.0
8,1764116647.6615164,1663.6011152267456,921.0,1639.0,920.0
8,1764116647.686207,1668.5142426490784,921.0,1655.0,892.0
8,1764116647.715894,1673.7415103912354,921.0,1655.0,894.0
8,1764116647.7500257,1678.0845789909363,921.0,1670.0,921.0
8,1764116647.7861416,1682.8267602920532,921.0,1681.0,927.0
8,1764116647.821656,1687.6863865852356,921.0,1676.0,919.0
8,1764116647.8489664,1692.5449042320251,921.0,1658.0,886.0
8,1764116647.8866227,1697.2354083061218,921.0,1686.0,879.0
8,1764116647.9161968,1702.1376996040344,921.0,1702.0,883.0
8,1764116647.9507084,1706.8746237754822,921.0,1713.0,887.0
8,1764116647.9815595,1711.6193442344666,921.0,1715.0,881.0
8,1764116648.0114408,1716.5359048843384,921.0,1708.0,867.0
8,1764116648.0477831,1721.2806611061096,921.0,1712.0,863.0
9,1764116648.0817401,1726.0998396873474,921.0,1712.0,863.0
9,1764116648.1114736,1726.0998396873474,921.0,1718.0,863.0
9,1764116648.1418798,1726.0998396873474,921.0,1722.0,864.0
9,1764116648.166667,1726.0998396873474,921.0,1726.0,864.0
9,1764116648.1958547,1726.0998396873474,921.0,1728.0,875.0
9,1764116648.2260647,1726.0998396873474,921.0,1729.0,881.0
9,1764116648.2712905,1726.0998396873474,921.0,1709.0,887.0
9,1764116648.3108854,1726.0998396873474,921.0,1699.0,889.0
9,1764116648.346002,1726.0998396873474,921.0,1696.0,890.0
9,1764116648.3757787,1726.0998396873474,921.0,1688.0,900.0
9,1764116648.4066012,1726.0998396873474,921.0,1691.0,900.0
9,1764116648.4360955,1726.0998396873474,921.0,1688.0,902.0
9,1764116648.4665227,1726.0998396873474,921.0,1693.0,895.0
9,1764116648.4969273,1726.0998396873474,921.0,1699.0,886.0
9,1764116648.5367029,1726.0998396873474,921.0,1693.0,887.0
9,1764116648.5666285,178.0,1014.0,1420.0,964.0
9,1764116648.605935,182.91427183151245,1014.0,1119.0,1019.0
9,1764116648.6407716,187.6036672592163,1014.0,679.0,1066.0
9,1764116648.6710432,192.53810930252075,1014.0,1367.0,2541.0
9,1764116648.706263,197.27059888839722,1014.0,1367.0,2543.0
9,1764116648.7408433,202.02533292770386,1014.0,1368.0,2542.0
9,1764116648.7716405,206.81897687911987,1014.0,368.0,1076.0
9,1764116648.8064332,214.1281394958496,1014.0,1366.0,2543.0
9,1764116648.8361444,216.42393159866333,1014.0,1365.0,2542.0
9,1764116648.8728054,223.6038475036621,1014.0,1366.0,2542.0
9,1764116648.9014401,226.1053113937378,1014.0,302.0,1035.0
9,1764116648.9416392,233.33357858657837,1014.0,306.0,1022.0
9,1764116648.9769814,238.05390882492065,1014.0,1365.0,2543.0
9,1764116649.0216105,245.26350784301758,1014.0,1366.0,2544.0
9,1764116649.0607302,250.14537858963013,1014.0,308.0,1019.0
9,1764116649.0907562,254.8885612487793,1014.0,5295.0,3317.0
9,1764116649.125778,262.0298533439636,1014.0,1367.0,2543.0
9,1764116649.1562624,264.4610433578491,1014.0,-686.0,2703.0
9,1764116649.1967018,271.6572313308716,1014.0,1363.0,2542.0
9,1764116649.2314184,276.4309196472168,1014.0,1363.0,2544.0
9,1764116649.2617214,281.2804608345032,1014.0,1365.0,2549.0
9,1764116649.3062832,288.46788692474365,1014.0,1368.0,2552.0
9,1764116649.3419592,293.32829999923706,1014.0,1366.0,2552.0
9,1764116649.376146,298.10477781295776,1014.0,342.0,1006.0
9,1764116649.4198267,305.34742164611816,1014.0,337.0,994.0
9,1764116649.4667053,312.5228314399719,1014.0,341.0,988.0
9,1764116649.4974442,317.2964482307434,1014.0,1361.0,2539.0
9,1764116649.5316143,322.0800428390503,1014.0,1362.0,2538.0
9,1764116649.5618057,326.81317615509033,1014.0,-3714.0,-3480.0
9,1764116649.5965917,331.7850260734558,1014.0,-3744.0,-4346.0
9,1764116649.6365912,336.5330009460449,1014.0,1361.0,2540.0
9,1764116649.677621,343.63295125961304,1014.0,1362.0,2541.0
9,1764116649.711368,348.4072833061218,1014.0,1363.0,2542.0
9,1764116649.7562127,355.6644468307495,1014.0,392.0,987.0
9,1764116649.7809527,358.12685775756836,1014.0,1362.0,2542.0
9,1764116649.8182693,365.24461793899536,1014.0,1362.0,2543.0
9,1764116649.8462691,370.10352897644043,1014.0,403.0,970.0
9,1764116649.8765378,372.50210332870483,1014.0,418.0,981.0
9,1764116649.9142897,379.7337679862976,1014.0,419.0,976.0
9,1764116649.9408598,382.1255474090576,1014.0,1363.0,2544.0
9,1764116649.9779913,389.38367652893066,1014.0,1361.0,2543.0
9,1764116650.011388,394.1687731742859,1014.0,1363.0,2545.0
9,1764116650.0466683,398.9556221961975,1014.0,1366.0,2547.0
9,1764116650.076368,403.6008505821228,1014.0,1366.0,2550.0
9,1764116650.1066089,408.507755279541,1014.0,1364.0,2552.0
9,1764116650.1414983,413.323429107666,1014.0,1363.0,2552.0
9,1764116650.172057,418.1079535484314,1014.0,1363.0,2551.0
9,1764116650.2116096,422.83346939086914,1014.0,1363.0,2550.0
9,1764116650.2463431,430.1146297454834,1014.0,459.0,967.0
9,1764116650.2770522,433.15886545181274,1014.0,465.0,967.0
9,1764116650.313293,439.6294264793396,1014.0,1362.0,2548.0
9,1764116650.3414347,442.03905153274536,1014.0,1362.0,2550.0
9,1764116650.395083,451.73892068862915,1014.0,1361.0,2549.0
9,1764116650.4256942,456.52301597595215,1014.0,1362.0,2548.0
9,1764116650.4601088,461.4037780761719,1014.0,1363.0,2547.0
9,1764116650.504013,466.0275845527649,1014.0,1365.0,2546.0
9,1764116650.5539305,475.75917530059814,1014.0,1364.0,2547.0
9,1764116650.5863187,480.51169204711914,1014.0,1363.0,2546.0
9,1764116650.618458,485.31356143951416,1014.0,1365.0,2544.0
9,1764116650.645718,490.0208740234375,1014.0,1367.0,2544.0
9,1764116650.6814575,494.8494939804077,1014.0,1367.0,2545.0
9,1764116650.7158425,499.7562198638916,1014.0,1366.0,2543.0
9,1764116650.7462587,504.40438079833984,1014.0,1365.0,2540.0
9,1764116650.7811987,509.34686946868896,1014.0,1363.0,2540.0
9,1764116650.8115065,514.0525369644165,1014.0,-1339.0,-3577.0
9,1764116650.8466995,518.8139228820801,1014.0,1367.0,2543.0
9,1764116650.8817303,523.7318067550659,1014.0,1368.0,2546.0
9,1764116650.916676,528.5283117294312,1014.0,1366.0,2546.0
9,1764116650.9460647,533.4267764091492,1014.0,1364.0,2544.0
9,1764116650.9807296,538.1134538650513,1014.0,1364.0,2541.0
9,1764116651.020716,545.3326373100281,1014.0,1364.0,2535.0
9,1764116651.0457468,550.0251798629761,1014.0,1364.0,2531.0
9,1764116651.080963,554.8516540527344,1014.0,1364.0,2531.0
9,1764116651.1314003,562.102737903595,1014.0,1364.0,2532.0
9,1764116651.1666322,566.8267517089844,1014.0,1364.0,2532.0
9,1764116651.2012968,571.7496066093445,1014.0,1362.0,2531.0
9,1764116651.240351,576.5026240348816,1014.0,1362.0,2534.0
9,1764116651.2744646,583.7101488113403,1014.0,287893.0,200033.0
9,1764116651.305715,588.5487823486328,1014.0,20232.0,16879.0
9,1764116651.338089,593.3372406959534,1014.0,1363.0,2539.0
9,1764116651.371114,598.1457977294922,1014.0,-1362.0,3238.0
9,1764116651.4060538,602.8950242996216,1014.0,1364.0,2543.0
9,1764116651.4461365,610.0836305618286,1014.0,1365.0,2543.0
9,1764116651.4815888,614.8124008178711,1014.0,1365.0,2543.0
9,1764116651.5109112,619.7998433113098,1014.0,1364.0,2541.0
9,1764116651.5407739,622.1222786903381,1014.0,1362.0,2542.0
9,1764116651.5810635,629.2299537658691,1014.0,1360.0,2541.0
9,1764116651.6282089,636.6013436317444,1014.0,1363.0,2542.0
9,1764116651.6665606,641.2622718811035,1014.0,1360.0,2543.0
9,1764116651.7010934,646.0391430854797,1014.0,-12994.0,5278.0
9,1764116651.7386477,653.3572821617126,1014.0,10312.0,3311.0
9,1764116651.7660506,658.0707459449768,1014.0,3656.0,1783.0
9,1764116651.8026483,662.9279046058655,1014.0,671.0,982.0
9,1764116651.8366632,667.6582841873169,1014.0,-599.0,266.0
9,1764116651.87116,672.4783568382263,1014.0,1352.0,2537.0
9,1764116651.9107795,679.7800807952881,1014.0,1352.0,2538.0
9,1764116651.9414499,682.0547728538513,1014.0,1353.0,2544.0
9,1764116651.977203,689.2656235694885,1014.0,1351.0,2549.0
9,1764116652.0108051,694.0799741744995,1014.0,1349.0,2552.0
9,1764116652.0469563,698.8661079406738,1014.0,1347.0,2554.0
9,1764116652.0808535,703.7485151290894,1014.0,7168.0,-4299.0
9,1764116652.1171138,708.4327607154846,1014.0,1342.0,2556.0
9,1764116652.1462593,713.2430701255798,1014.0,2829.0,-1503.0
9,1764116652.1808257,718.1619911193848,1014.0,2774.0,-1492.0
9,1764116652.2209177,725.266948223114,1014.0,1389.0,-599.0
9,1764116652.2512152,730.2031426429749,1014.0,-223.0,-603.0
9,1764116652.281137,734.8018436431885,1014.0,1337.0,2546.0
9,1764116652.316184,739.6899728775024,1014.0,1336.0,2540.0
9,1764116652.350885,744.4167761802673,1014.0,1336.0,2537.0
9,1764116652.3933268,751.6342072486877,1014.0,1339.0,2535.0
9,1764116652.421762,754.0576367378235,1014.0,1344.0,2541.0
9,1764116652.4573584,761.261227607727,1014.0,1342.0,2546.0
9,1764116652.488857,766.0148887634277,1014.0,1340.0,2551.0
9,1764116652.5268476,770.8908586502075,1014.0,1340.0,2557.0
9,1764116652.5567284,775.8058099746704,1014.0,2656.0,-5072.0
9,1764116652.5916073,780.4484634399414,1014.0,1633.0,-2191.0
9,1764116652.620885,785.2681427001953,1014.0,785.0,909.0
9,1764116652.6611285,790.1160387992859,1014.0,451.0,-3942.0
9,1764116652.7013845,797.2832589149475,1014.0,1341.0,2553.0
9,1764116652.741908,802.0216851234436,1014.0,1340.0,2558.0
9,1764116652.781866,809.2653660774231,1014.0,1342.0,2561.0
9,1764116652.8269486,816.4447455406189,1014.0,825.0,905.0
9,1764116652.8743603,823.6846356391907,1014.0,1021.0,-2555.0
9,1764116652.89688,826.0617165565491,1014.0,851.0,894.0
9,1764116652.930703,830.8924465179443,1014.0,1344.0,2561.0
9,1764116652.9615428,835.6453924179077,1014.0,1342.0,2563.0
9,1764116652.996114,840.5528693199158,1014.0,841.0,903.0
9,1764116653.037184,847.6911931037903,1014.0,1344.0,2567.0
9,1764116653.0707474,852.5492458343506,1014.0,1346.0,2567.0
9,1764116653.0975206,857.2615652084351,1014.0,1346.0,2564.0
9,1764116653.140726,862.0701222419739,1014.0,1348.0,2561.0
9,1764116653.1785243,869.3157343864441,1014.0,5653.0,-6467.0
9,1764116653.2058163,874.0355997085571,1014.0,2823.0,-1748.0
9,1764116653.2411714,878.8466243743896,1014.0,1679.0,-555.0
9,1764116653.2734897,883.6879758834839,1014.0,-98.0,-35.0
9,1764116653.306749,888.481333732605,1014.0,-1226.0,-618.0
9,1764116653.337805,893.29221534729,1014.0,1348.0,2559.0
9,1764116653.3767593,898.0662612915039,1014.0,1347.0,2551.0
9,1764116653.411241,902.8327612876892,1014.0,1347.0,2546.0
9,1764116653.4508142,910.0336699485779,1014.0,1347.0,2542.0
9,1764116653.485934,914.809253692627,1014.0,1347.0,2541.0
9,1764116653.5217896,919.6077613830566,1014.0,1345.0,2540.0
9,1764116653.5516357,924.4043736457825,1014.0,44250.0,-5193.0
9,1764116653.5931559,931.6344647407532,1014.0,5408.0,1247.0
9,1764116653.6208334,934.1314940452576,1014.0,925.0,964.0
9,1764116653.6570306,941.2107734680176,1014.0,285.0,1671.0
9,1764116653.6858842,946.0457949638367,1014.0,1343.0,2538.0
9,1764116653.7220287,950.9423999786377,1014.0,1342.0,2541.0
9,1764116653.7553806,955.7040362358093,1014.0,1341.0,2544.0
9,1764116653.791689,960.5467824935913,1014.0,1340.0,2546.0
9,1764116653.8382258,967.7467970848083,1014.0,1340.0,2547.0
9,1764116653.8760614,972.5232033729553,1014.0,1341.0,2547.0
9,1764116653.9407961,982.0452241897583,1014.0,1344.0,2549.0
9,1764116653.9773123,989.3012075424194,1014.0,-16283.0,-4110.0
9,1764116654.0063448,994.11487865448,1014.0,5629.0,4710.0
9,1764116654.0417807,998.9187865257263,1014.0,1343.0,2556.0
9,1764116654.0728066,1003.618588924408,1014.0,1343.0,2551.0
9,1764116654.1018286,1006.1018137931824,1014.0,1344.0,2545.0
9,1764116654.138602,1013.312557220459,1014.0,1344.0,2541.0
9,1764116654.1662903,1018.1067018508911,1014.0,1344.0,2535.0
9,1764116654.2073057,1022.9348568916321,1014.0,1342.0,2536.0
9,1764116654.2335956,1027.7315764427185,1014.0,1341.0,2537.0
9,1764116654.2609441,1030.1589398384094,1014.0,1339.0,2537.0
9,1764116654.3062675,1037.2715501785278,1014.0,1339.0,2538.0
9,1764116654.331761,1042.1258835792542,1014.0,-3249.0,-5025.0
9,1764116654.3626862,1046.958330154419,1014.0,1341.0,2543.0
9,1764116654.400756,1051.7526535987854,1014.0,1341.0,2548.0
9,1764116654.4310048,1056.4061789512634,1014.0,1343.0,2552.0
9,1764116654.4663186,1061.34641456604,1014.0,1150.0,820.0
9,1764116654.5008361,1066.071322441101,1014.0,1353.0,2561.0
9,1764116654.531072,1070.9112792015076,1014.0,1354.0,2563.0
9,1764116654.5658882,1078.0463843345642,1014.0,1353.0,2558.0
9,1764116654.600758,1082.828155040741,1014.0,1163.0,655.0
9,1764116654.6366518,1087.6476912498474,1014.0,1355.0,2541.0
9,1764116654.6667159,1092.4809246063232,1014.0,1176.0,653.0
9,1764116654.7014601,1097.3310379981995,1014.0,1165.0,645.0
9,1764116654.7359405,1102.0203976631165,1014.0,1358.0,2541.0
9,1764116654.7709644,1106.8721561431885,1014.0,1167.0,642.0
9,1764116654.8060474,1114.0702753067017,1014.0,1355.0,2544.0
9,1764116654.8435953,1119.0216331481934,1014.0,1354.0,2542.0
9,1764116654.8748255,1123.604383945465,1014.0,1353.0,2540.0
9,1764116654.911835,1128.480318069458,1014.0,1352.0,2540.0
9,1764116654.956175,1135.7417373657227,1014.0,1145.0,729.0
9,1764116654.986141,1140.4635696411133,1014.0,1122.0,878.0
9,1764116655.020492,1145.275309562683,1014.0,1351.0,2545.0
9,1764116655.0560927,1150.040057182312,1014.0,1130.0,905.0
9,1764116655.081683,1154.8996477127075,1014.0,1141.0,897.0
9,1764116655.11404,1159.6136479377747,1014.0,1351.0,2544.0
9,1764116655.151857,1164.4359021186829,1014.0,1352.0,2545.0
9,1764116655.1809065,1169.281545162201,1014.0,1146.0,898.0
9,1764116655.216499,1174.0603475570679,1014.0,1144.0,902.0
9,1764116655.2465804,1178.818157196045,1014.0,1140.0,903.0
9,1764116655.280729,1183.6511759757996,1014.0,1158.0,902.0
9,1764116655.3163893,1188.470712184906,1014.0,1355.0,2545.0
9,1764116655.346393,1193.3929591178894,1014.0,1166.0,908.0
9,1764116655.381581,1198.0511693954468,1014.0,1163.0,905.0
9,1764116655.4178455,1205.241563796997,1014.0,1166.0,898.0
9,1764116655.451586,1210.1083426475525,1014.0,1179.0,888.0
9,1764116655.4870026,1214.8763089179993,1014.0,1186.0,888.0
9,1764116655.5218778,1219.609013080597,1014.0,1354.0,2554.0
9,1764116655.5658398,1226.840069770813,1014.0,1174.0,889.0
9,1764116655.606669,1234.163501739502,1014.0,1176.0,893.0
9,1764116655.6308496,1236.4221005439758,1014.0,1195.0,922.0
9,1764116655.665861,1241.230550289154,1014.0,1200.0,905.0
9,1764116655.696428,1246.0750846862793,1014.0,1223.0,917.0
9,1764116655.730908,1250.9014158248901,1014.0,1233.0,923.0
9,1764116655.7767093,1258.0752878189087,1014.0,1234.0,921.0
9,1764116655.8109505,1262.8000168800354,1014.0,1229.0,926.0
9,1764116655.854163,1270.0532822608948,1014.0,1208.0,924.0
9,1764116655.8870077,1274.9226002693176,1014.0,1222.0,916.0
9,1764116655.9135363,1279.7364144325256,1014.0,1253.0,920.0
9,1764116655.956077,1284.4119696617126,1014.0,1258.0,910.0
9,1764116656.0015018,1291.6739253997803,1014.0,1265.0,918.0
9,1764116656.0361605,1296.4982895851135,1014.0,1277.0,915.0
9,1764116656.071013,1303.8151054382324,1014.0,1275.0,895.0
9,1764116656.101775,1306.1192302703857,1014.0,1272.0,883.0
9,1764116656.1423826,1313.2686762809753,1014.0,1281.0,893.0
9,1764116656.1813307,1318.1256918907166,1014.0,1312.0,892.0
9,1764116656.2258859,1325.2472786903381,1014.0,1328.0,896.0
9,1764116656.2607102,1330.0042657852173,1014.0,1326.0,881.0
9,1764116656.2913392,1334.8843126296997,1014.0,1300.0,879.0
9,1764116656.3299909,1342.012622833252,1014.0,1287.0,897.0
9,1764116656.3567498,1344.4325833320618,1014.0,1308.0,887.0
9,1764116656.3932576,1351.6830234527588,1014.0,1334.0,857.0
9,1764116656.4219298,1354.2021899223328,1014.0,1338.0,853.0
9,1764116656.457563,1361.3346486091614,1014.0,1317.0,868.0
9,1764116656.4911323,1366.0281925201416,1014.0,1310.0,859.0
9,1764116656.5372598,1373.2359318733215,1014.0,1326.0,842.0
9,1764116656.5765822,1378.042986869812,1014.0,1356.0,863.0
9,1764116656.6029587,1382.9619436264038,1014.0,1356.0,887.0
9,1764116656.641545,1387.6309900283813,1014.0,1352.0,855.0
9,1764116656.6767585,1392.4514560699463,1014.0,1363.0,864.0
9,1764116656.7062638,1397.249713420868,1014.0,1348.0,905.0
9,1764116656.741851,1402.0594148635864,1014.0,1348.0,913.0
9,1764116656.771037,1406.8690090179443,1014.0,1340.0,911.0
9,1764116656.8007581,1411.6273193359375,1014.0,1346.0,904.0
9,1764116656.831205,1416.5335803031921,1014.0,1378.0,926.0
9,1764116656.8766928,1423.9859013557434,1014.0,1420.0,950.0
9,1764116656.9109094,1428.4514932632446,1014.0,1400.0,960.0
9,1764116656.9412096,1433.228328704834,1014.0,1378.0,955.0
9,1764116656.971095,1438.1508975028992,1014.0,1390.0,946.0
9,1764116657.0019445,1442.9518728256226,1014.0,1417.0,937.0
9,1764116657.036844,1447.6990609169006,1014.0,1413.0,917.0
9,1764116657.076613,1452.4341969490051,1014.0,1420.0,902.0
9,1764116657.1219254,1459.610929965973,1014.0,1406.0,879.0
9,1764116657.1564062,1464.5015625953674,1014.0,1400.0,926.0
9,1764116657.1862657,1469.2536144256592,1014.0,1396.0,969.0
9,1764116657.2157514,1474.1660265922546,1014.0,1401.0,941.0
9,1764116657.2610378,1481.3480525016785,1014.0,1404.0,928.0
9,1764116657.301011,1486.1445574760437,1014.0,1404.0,962.0
9,1764116657.325823,1490.8329515457153,1014.0,1415.0,1002.0
9,1764116657.366515,1498.1403975486755,1014.0,1412.0,999.0
9,1764116657.3968594,1500.4212765693665,1014.0,1404.0,993.0
9,1764116657.437495,1507.6128511428833,1014.0,1408.0,987.0
9,1764116657.4607394,1510.4024558067322,1014.0,1424.0,990.0
9,1764116657.4917917,1514.833107471466,1014.0,1428.0,988.0
9,1764116657.5267322,1522.172990322113,1014.0,1442.0,981.0
9,1764116657.5713422,1526.896610736847,1014.0,1440.0,978.0
9,1764116657.6058865,1534.0461282730103,1014.0,1443.0,975.0
9,1764116657.6366513,1536.4845066070557,1014.0,1460.0,979.0
9,1764116657.666646,1541.2527947425842,1014.0,1491.0,981.0
9,1764116657.7013588,1546.151867389679,1014.0,1498.0,972.0
9,1764116657.731005,1550.8630781173706,1014.0,1507.0,977.0
9,1764116657.7731442,1558.0758600234985,1014.0,1511.0,983.0
9,1764116657.8068805,1562.9534034729004,1014.0,1517.0,982.0
9,1764116657.836778,1567.7496938705444,1014.0,1514.0,980.0
9,1764116657.8713336,1572.4103717803955,1014.0,1506.0,971.0
9,1764116657.8981712,1577.276578426361,1014.0,1504.0,955.0
9,1764116657.9316201,1582.1857361793518,1014.0,1519.0,947.0
9,1764116657.9659507,1586.9407920837402,1014.0,1543.0,962.0
9,1764116658.0014782,1591.6540412902832,1014.0,1549.0,974.0
9,1764116658.0368905,1596.7620043754578,1014.0,1553.0,982.0
9,1764116658.0660124,1601.3877420425415,1014.0,1555.0,1011.0
9,1764116658.1018624,1606.214430809021,1014.0,1565.0,1011.0
9,1764116658.1465204,1613.211706161499,1014.0,1589.0,1020.0
9,1764116658.1926928,1620.4176573753357,1014.0,1607.0,1026.0
9,1764116658.2365296,1627.663233757019,1014.0,1630.0,1019.0
9,1764116658.2658856,1632.556119441986,1014.0,1643.0,986.0
9,1764116658.2992613,1637.3955755233765,1014.0,1648.0,971.0
9,1764116658.3311093,1642.1607880592346,1014.0,1646.0,971.0
9,1764116658.3659923,1646.8909530639648,1014.0,1642.0,992.0
9,1764116658.3967218,1651.6782670021057,1014.0,1650.0,986.0
9,1764116658.4312153,1656.5343170166016,1014.0,1665.0,970.0
9,1764116658.4609416,1661.3041787147522,1014.0,1670.0,955.0
9,1764116658.4957428,1666.0277276039124,1014.0,1678.0,953.0
9,1764116658.5379133,1673.326805114746,1014.0,1680.0,957.0
9,1764116658.5716066,1678.0095844268799,1014.0,1683.0,971.0
9,1764116658.6009564,1682.8460364341736,1014.0,1669.0,1006.0
9,1764116658.6341271,1687.6577048301697,1014.0,1672.0,1036.0
9,1764116658.6662827,1692.4936561584473,1014.0,1679.0,1021.0
9,1764116658.7012398,1697.300639629364,1014.0,1720.0,996.0
9,1764116658.7367551,1702.0309476852417,1014.0,1711.0,978.0
9,1764116658.7661061,1706.9482593536377,1014.0,1689.0,969.0
9,1764116658.7963736,1711.6428761482239,1014.0,1693.0,962.0
9,1764116658.830973,1716.5423064231873,1014.0,1710.0,957.0
9,1764116658.8607512,1721.3129906654358,1014.0,1718.0,969.0
