line_idx,timestamp,dot_x,dot_y,gaze_x,gaze_y
0,1763417651.627274,178.0,247.0,176.0,310.0
0,1763417651.667389,181.78530502319336,247.0,180.0,311.0
0,1763417651.6974392,185.63864517211914,247.0,181.0,317.0
0,1763417651.7374518,189.51453018188477,247.0,177.0,318.0
0,1763417651.7673967,193.29491424560547,247.0,183.0,311.0
0,1763417651.801846,197.1465950012207,247.0,180.0,292.0
0,1763417651.8369436,203.02227783203125,247.0,178.0,299.0
0,1763417651.8722813,206.84260177612305,247.0,186.0,313.0
0,1763417651.9039633,210.57346153259277,247.0,183.0,298.0
0,1763417651.9366994,214.47686958312988,247.0,183.0,318.0
0,1763417651.9716299,218.3311252593994,247.0,186.0,326.0
0,1763417652.0022502,222.18861389160156,247.0,182.0,321.0
0,1763417652.032495,226.037691116333,247.0,191.0,325.0
0,1763417652.062208,230.0539951324463,247.0,204.0,333.0
0,1763417652.1024024,233.63310623168945,247.0,209.0,323.0
0,1763417652.1323822,237.44293022155762,247.0,213.0,304.0
0,1763417652.1671329,241.41809272766113,247.0,208.0,289.0
0,1763417652.2089622,247.10700798034668,247.0,205.0,289.0
0,1763417652.247039,250.9605197906494,247.0,220.0,292.0
0,1763417652.281625,254.72491073608398,247.0,217.0,284.0
0,1763417652.3124073,258.6532096862793,247.0,223.0,278.0
0,1763417652.3520718,264.442174911499,247.0,238.0,276.0
0,1763417652.3993704,270.15171813964844,247.0,248.0,278.0
0,1763417652.416843,272.05964851379395,247.0,259.0,273.0
0,1763417652.4476442,275.93710708618164,247.0,268.0,270.0
0,1763417652.4925618,279.98156356811523,247.0,283.0,262.0
0,1763417652.5374498,285.58007049560547,247.0,283.0,255.0
0,1763417652.56478,289.4141273498535,247.0,272.0,257.0
0,1763417652.5920987,293.2441215515137,247.0,281.0,258.0
0,1763417652.6170814,295.11920738220215,247.0,292.0,253.0
0,1763417652.6465487,298.98164558410645,247.0,297.0,248.0
0,1763417652.6819158,302.7354221343994,247.0,300.0,241.0
0,1763417652.7123077,306.68778228759766,247.0,298.0,240.0
0,1763417652.74187,310.46264457702637,247.0,301.0,242.0
0,1763417652.7766297,314.3190174102783,247.0,309.0,249.0
0,1763417652.8076677,318.2174758911133,247.0,321.0,260.0
0,1763417652.8421953,322.03493881225586,247.0,326.0,268.0
0,1763417652.8793874,328.11552810668945,247.0,327.0,266.0
0,1763417652.917373,331.6171054840088,247.0,338.0,261.0
0,1763417652.952071,335.4365425109863,247.0,342.0,256.0
0,1763417652.9817681,339.27288818359375,247.0,335.0,259.0
0,1763417653.0118732,343.1326370239258,247.0,325.0,252.0
0,1763417653.0622833,348.8525085449219,247.0,325.0,254.0
0,1763417653.1033273,354.6021919250488,247.0,336.0,258.0
0,1763417653.1270602,356.4934711456299,247.0,346.0,260.0
0,1763417653.1680646,362.2671871185303,247.0,353.0,256.0
0,1763417653.2070231,366.0911159515381,247.0,350.0,254.0
0,1763417653.2331157,370.17785835266113,247.0,357.0,253.0
0,1763417653.264515,373.77147483825684,247.0,372.0,259.0
0,1763417653.302469,377.6863842010498,247.0,383.0,262.0
0,1763417653.3480535,383.4641914367676,247.0,382.0,271.0
0,1763417653.3879771,387.2779064178467,247.0,378.0,278.0
0,1763417653.4116583,391.08481216430664,247.0,381.0,272.0
0,1763417653.4424238,394.99809074401855,247.0,385.0,268.0
0,1763417653.4773161,398.78943252563477,247.0,393.0,269.0
0,1763417653.5076318,402.56655502319336,247.0,406.0,268.0
0,1763417653.5421348,406.41142654418945,247.0,418.0,270.0
0,1763417653.5781615,410.2912883758545,247.0,424.0,274.0
0,1763417653.6070466,414.0894966125488,247.0,427.0,286.0
0,1763417653.6422305,417.9398612976074,247.0,432.0,282.0
0,1763417653.67217,421.7822723388672,247.0,442.0,279.0
0,1763417653.7141988,427.6295738220215,247.0,455.0,280.0
0,1763417653.7476351,431.4411430358887,247.0,469.0,271.0
0,1763417653.7820482,435.24693298339844,247.0,476.0,268.0
0,1763417653.8122492,439.07051849365234,247.0,471.0,271.0
0,1763417653.8474803,442.96631622314453,247.0,468.0,285.0
0,1763417653.8765867,446.83936882019043,247.0,460.0,287.0
0,1763417653.9068274,450.6634693145752,247.0,465.0,280.0
0,1763417653.9530284,456.4192180633545,247.0,465.0,275.0
0,1763417653.9924521,460.2015190124512,247.0,466.0,290.0
0,1763417654.0188067,464.20972633361816,247.0,464.0,296.0
0,1763417654.0663517,469.763973236084,247.0,466.0,296.0
0,1763417654.107342,473.63568115234375,247.0,468.0,293.0
0,1763417654.1321478,477.5154571533203,247.0,478.0,284.0
0,1763417654.1616704,481.28516960144043,247.0,487.0,283.0
0,1763417654.1921947,485.13281631469727,247.0,490.0,284.0
0,1763417654.224586,488.9708786010742,247.0,487.0,287.0
0,1763417654.2570455,492.80504989624023,247.0,487.0,278.0
0,1763417654.289199,496.81385803222656,247.0,496.0,273.0
0,1763417654.326997,500.56251335144043,247.0,498.0,274.0
0,1763417654.3526492,504.4154529571533,247.0,502.0,280.0
0,1763417654.4007123,510.1417045593262,247.0,515.0,288.0
0,1763417654.4350445,514.0060882568359,247.0,516.0,301.0
0,1763417654.4827914,519.7230415344238,247.0,511.0,307.0
0,1763417654.5076487,521.6172389984131,247.0,511.0,305.0
0,1763417654.5369709,525.5410175323486,247.0,518.0,294.0
0,1763417654.5767405,531.2877540588379,247.0,509.0,282.0
0,1763417654.6079035,535.1737670898438,247.0,507.0,277.0
0,1763417654.6318126,537.0412712097168,247.0,520.0,285.0
0,1763417654.6624703,540.8772449493408,247.0,532.0,281.0
0,1763417654.697155,544.716251373291,247.0,543.0,271.0
0,1763417654.7265801,548.5807495117188,247.0,546.0,260.0
0,1763417654.7624602,552.3237686157227,247.0,555.0,263.0
0,1763417654.7924845,556.2679176330566,247.0,562.0,267.0
0,1763417654.8266902,560.0441818237305,247.0,567.0,265.0
0,1763417654.85664,563.89111328125,247.0,565.0,265.0
0,1763417654.8985999,569.6152191162109,247.0,560.0,266.0
0,1763417654.9445586,575.4217796325684,247.0,562.0,269.0
0,1763417654.9823337,579.3099098205566,247.0,566.0,272.0
0,1763417655.0081913,583.1663112640381,247.0,580.0,273.0
0,1763417655.036671,586.9895534515381,247.0,583.0,275.0
0,1763417655.0727327,590.8029537200928,247.0,587.0,268.0
0,1763417655.1121824,594.5719223022461,247.0,589.0,256.0
0,1763417655.1525383,600.3878955841064,247.0,587.0,270.0
0,1763417655.1812131,602.3861484527588,247.0,597.0,278.0
0,1763417655.2118795,606.1887912750244,247.0,606.0,278.0
0,1763417655.241961,610.0277118682861,247.0,609.0,277.0
0,1763417655.276831,615.8087520599365,247.0,608.0,278.0
0,1763417655.3116388,619.6192626953125,247.0,608.0,274.0
0,1763417655.336939,621.55637550354,247.0,611.0,279.0
0,1763417655.3799744,627.2873477935791,247.0,612.0,276.0
0,1763417655.4119792,631.132905960083,247.0,616.0,283.0
0,1763417655.4366553,634.9876766204834,247.0,619.0,287.0
0,1763417655.4671562,636.8889408111572,247.0,619.0,289.0
0,1763417655.5067105,642.641170501709,247.0,613.0,283.0
0,1763417655.5471854,646.416748046875,247.0,608.0,293.0
0,1763417655.587332,652.3257904052734,247.0,638.0,302.0
0,1763417655.6123493,654.1668872833252,247.0,654.0,288.0
0,1763417655.6472902,659.900691986084,247.0,661.0,286.0
0,1763417655.672259,661.8642406463623,247.0,667.0,295.0
0,1763417655.7077565,665.6745796203613,247.0,668.0,298.0
0,1763417655.7370536,669.4574241638184,247.0,663.0,301.0
0,1763417655.7724495,673.3939628601074,247.0,667.0,297.0
0,1763417655.7975936,677.2633819580078,247.0,707.0,335.0
0,1763417655.8319323,681.0710887908936,247.0,650.0,314.0
0,1763417655.8671448,684.8511867523193,247.0,673.0,255.0
0,1763417655.897223,688.7129669189453,247.0,661.0,271.0
0,1763417655.9415529,694.4817333221436,247.0,660.0,281.0
0,1763417655.984305,700.1736812591553,247.0,675.0,279.0
0,1763417656.007205,702.1364860534668,247.0,700.0,288.0
0,1763417656.0376177,705.9725170135498,247.0,699.0,303.0
0,1763417656.0675497,709.9093418121338,247.0,686.0,307.0
0,1763417656.1025505,713.640459060669,247.0,701.0,295.0
0,1763417656.1287434,717.5317935943604,247.0,715.0,286.0
0,1763417656.171915,721.3386993408203,247.0,719.0,283.0
0,1763417656.2117417,727.091272354126,247.0,725.0,282.0
0,1763417656.2368448,731.0104160308838,247.0,718.0,281.0
0,1763417656.2623527,732.8818111419678,247.0,719.0,287.0
0,1763417656.296996,736.7881374359131,247.0,721.0,283.0
0,1763417656.3222136,740.5387668609619,247.0,728.0,278.0
0,1763417656.3623095,744.3271617889404,247.0,732.0,284.0
0,1763417656.392338,748.2825832366943,247.0,732.0,291.0
0,1763417656.4280035,752.0477180480957,247.0,737.0,301.0
0,1763417656.4574494,755.9204845428467,247.0,747.0,299.0
0,1763417656.502174,761.6027908325195,247.0,753.0,292.0
0,1763417656.5522985,767.4314098358154,247.0,754.0,288.0
0,1763417656.5765388,771.2350826263428,247.0,747.0,324.0
0,1763417656.6146069,775.0457935333252,247.0,756.0,321.0
0,1763417656.6516929,778.9280014038086,247.0,768.0,322.0
0,1763417656.68918,784.6912174224854,247.0,766.0,327.0
0,1763417656.7206585,788.5109119415283,247.0,758.0,324.0
0,1763417656.7421741,790.4069976806641,247.0,759.0,318.0
0,1763417656.7774785,794.3445663452148,247.0,767.0,314.0
0,1763417656.8075223,798.1429462432861,247.0,778.0,316.0
0,1763417656.8417838,802.0513038635254,247.0,785.0,317.0
0,1763417656.8866382,807.7408771514893,247.0,783.0,301.0
0,1763417656.9219265,811.5321044921875,247.0,776.0,287.0
0,1763417656.951623,815.4411487579346,247.0,769.0,293.0
0,1763417656.986748,819.2502288818359,247.0,764.0,300.0
0,1763417657.0246103,825.0149326324463,247.0,768.0,303.0
0,1763417657.0518928,826.9443778991699,247.0,777.0,300.0
0,1763417657.0833144,830.8336524963379,247.0,777.0,302.0
0,1763417657.1124218,834.6187858581543,247.0,787.0,301.0
0,1763417657.1419446,838.4409408569336,247.0,803.0,306.0
0,1763417657.172522,842.2437267303467,247.0,816.0,307.0
0,1763417657.2020342,846.2143115997314,247.0,821.0,310.0
0,1763417657.235419,849.9692325592041,247.0,811.0,313.0
0,1763417657.2665782,853.8935832977295,247.0,812.0,314.0
0,1763417657.2981045,857.6438407897949,247.0,814.0,312.0
0,1763417657.3321638,861.5263061523438,247.0,831.0,309.0
0,1763417657.3591435,865.3115539550781,247.0,842.0,300.0
0,1763417657.3926766,869.1727333068848,247.0,847.0,295.0
0,1763417657.4337404,872.9752044677734,247.0,823.0,297.0
0,1763417657.4666946,876.8415050506592,247.0,821.0,314.0
0,1763417657.511684,882.641227722168,247.0,832.0,316.0
0,1763417657.537294,886.4234142303467,247.0,844.0,318.0
0,1763417657.577152,890.393798828125,247.0,844.0,322.0
0,1763417657.6122866,894.1243152618408,247.0,837.0,329.0
0,1763417657.6420777,898.0240898132324,247.0,837.0,331.0
0,1763417657.6817653,903.7392406463623,247.0,846.0,315.0
0,1763417657.7175663,907.6099472045898,247.0,849.0,308.0
0,1763417657.7619514,913.3393745422363,247.0,845.0,304.0
0,1763417657.8018963,917.2011260986328,247.0,849.0,300.0
0,1763417657.8410382,922.9391078948975,247.0,864.0,312.0
0,1763417657.866941,924.9195938110352,247.0,861.0,318.0
0,1763417657.8971438,928.7199478149414,247.0,855.0,310.0
0,1763417657.9323914,932.4939517974854,247.0,870.0,304.0
0,1763417657.9621959,936.3243179321289,247.0,888.0,308.0
0,1763417657.9967983,942.2048358917236,247.0,918.0,311.0
0,1763417658.036538,946.0509376525879,247.0,922.0,296.0
0,1763417658.0639145,949.8997859954834,247.0,919.0,281.0
0,1763417658.0974307,953.7339286804199,247.0,915.0,283.0
0,1763417658.1374054,957.5132541656494,247.0,925.0,296.0
0,1763417658.1627712,961.4306526184082,247.0,930.0,292.0
0,1763417658.197025,965.2410488128662,247.0,929.0,285.0
0,1763417658.2402556,970.9444980621338,247.0,937.0,297.0
0,1763417658.2816627,974.7382431030273,247.0,944.0,308.0
0,1763417658.3071327,978.5916404724121,247.0,922.0,313.0
0,1763417658.3369856,982.5245742797852,247.0,918.0,304.0
0,1763417658.3680758,986.3878993988037,247.0,925.0,300.0
0,1763417658.4123957,990.1423625946045,247.0,932.0,307.0
0,1763417658.4521437,995.8420639038086,247.0,940.0,307.0
0,1763417658.480699,999.6866207122803,247.0,953.0,305.0
0,1763417658.50227,1001.6168956756592,247.0,957.0,299.0
0,1763417658.544929,1007.4387340545654,247.0,954.0,294.0
0,1763417658.5723784,1009.3548469543457,247.0,957.0,300.0
0,1763417658.6024296,1013.1530838012695,247.0,970.0,305.0
0,1763417658.6321905,1017.0758323669434,247.0,973.0,309.0
0,1763417658.666971,1020.8440856933594,247.0,980.0,311.0
0,1763417658.6974258,1024.7831993103027,247.0,982.0,311.0
0,1763417658.7343159,1028.5187225341797,247.0,1004.0,333.0
0,1763417658.7715518,1034.2666606903076,247.0,1009.0,329.0
0,1763417658.819429,1040.1113300323486,247.0,1020.0,316.0
0,1763417658.8574078,1043.8704566955566,247.0,1013.0,318.0
0,1763417658.8866432,1047.7098922729492,247.0,1014.0,333.0
0,1763417658.9171195,1051.5522747039795,247.0,1016.0,349.0
0,1763417658.9520578,1055.4221801757812,247.0,984.0,339.0
0,1763417658.982474,1059.2535190582275,247.0,984.0,323.0
0,1763417659.0077982,1063.0861740112305,247.0,1003.0,311.0
0,1763417659.0468426,1067.0202236175537,247.0,1015.0,306.0
0,1763417659.077204,1070.7985191345215,247.0,1023.0,314.0
0,1763417659.120293,1076.5454273223877,247.0,1026.0,323.0
0,1763417659.1625586,1080.4401950836182,247.0,1024.0,332.0
0,1763417659.196537,1086.173484802246,247.0,1052.0,329.0
0,1763417659.2321281,1089.9519233703613,247.0,1090.0,352.0
0,1763417659.262971,1093.7723331451416,247.0,1086.0,334.0
0,1763417659.2925527,1095.7429485321045,247.0,1092.0,339.0
0,1763417659.328566,1101.5184955596924,247.0,1104.0,340.0
0,1763417659.359192,1105.3094940185547,247.0,1108.0,334.0
0,1763417659.3928475,1109.2354469299316,247.0,1112.0,347.0
0,1763417659.4395142,1114.9193840026855,247.0,1111.0,359.0
0,1763417659.472447,1118.7469177246094,247.0,1053.0,340.0
0,1763417659.5117848,1122.5780277252197,247.0,1069.0,322.0
0,1763417659.5472996,1126.4767436981201,247.0,1079.0,330.0
0,1763417659.5766568,1130.2904586791992,247.0,1081.0,338.0
0,1763417659.6198676,1136.0870914459229,247.0,1075.0,331.0
0,1763417659.6640978,1141.8674449920654,247.0,1084.0,320.0
0,1763417659.686653,1143.8036994934082,247.0,1090.0,315.0
0,1763417659.7122576,1147.5274639129639,247.0,1086.0,345.0
0,1763417659.7516112,1151.4227180480957,247.0,1095.0,352.0
0,1763417659.786674,1155.272539138794,247.0,1108.0,353.0
0,1763417659.8166912,1159.1038494110107,247.0,1132.0,352.0
0,1763417659.8468456,1162.8996829986572,247.0,1125.0,352.0
0,1763417659.8904083,1168.7220363616943,247.0,1120.0,344.0
0,1763417659.9319162,1172.5037078857422,247.0,1117.0,345.0
0,1763417659.97239,1178.3978729248047,247.0,1130.0,344.0
0,1763417660.0040894,1182.1315650939941,247.0,1144.0,323.0
0,1763417660.0317903,1186.0407524108887,247.0,1150.0,317.0
0,1763417660.0640666,1189.8888854980469,247.0,1152.0,316.0
0,1763417660.0921693,1191.7222576141357,247.0,1159.0,317.0
0,1763417660.1276953,1197.5267295837402,247.0,1157.0,308.0
0,1763417660.15886,1201.2821083068848,247.0,1160.0,316.0
0,1763417660.1875744,1203.2767848968506,247.0,1174.0,319.0
0,1763417660.2167675,1207.160509109497,247.0,1189.0,316.0
0,1763417660.2473063,1210.9247570037842,247.0,1198.0,319.0
0,1763417660.277389,1214.7312908172607,247.0,1198.0,326.0
0,1763417660.3072026,1218.6330394744873,247.0,1197.0,338.0
0,1763417660.3426619,1222.5241165161133,247.0,1199.0,338.0
0,1763417660.377407,1226.2891654968262,247.0,1193.0,337.0
0,1763417660.4120667,1230.127571105957,247.0,1195.0,333.0
0,1763417660.4482934,1235.9057216644287,247.0,1195.0,325.0
0,1763417660.480868,1239.7697620391846,247.0,1192.0,323.0
0,1763417660.5079987,1241.6401271820068,247.0,1199.0,329.0
0,1763417660.5433724,1247.434757232666,247.0,1213.0,346.0
0,1763417660.5825377,1251.2829475402832,247.0,1224.0,349.0
0,1763417660.6120658,1255.103500366211,247.0,1223.0,333.0
0,1763417660.647308,1258.986680984497,247.0,1258.0,332.0
0,1763417660.676902,1262.7233200073242,247.0,1272.0,332.0
0,1763417660.7126126,1266.7981605529785,247.0,1281.0,334.0
0,1763417660.7474954,1270.4888229370117,247.0,1281.0,341.0
0,1763417660.7847273,1276.2772159576416,247.0,1278.0,353.0
0,1763417660.8121648,1278.1280975341797,247.0,1270.0,356.0
0,1763417660.8415916,1281.9307403564453,247.0,1272.0,350.0
0,1763417660.8825383,1287.7813892364502,247.0,1273.0,342.0
0,1763417660.9136302,1291.6187648773193,247.0,1264.0,332.0
0,1763417660.9517422,1295.3871898651123,247.0,1260.0,330.0
0,1763417660.98699,1299.2067985534668,247.0,1266.0,328.0
0,1763417661.024894,1305.0257472991943,247.0,1264.0,327.0
0,1763417661.0620832,1308.8593463897705,247.0,1275.0,329.0
0,1763417661.0923893,1312.7125720977783,247.0,1285.0,323.0
0,1763417661.1324017,1316.5956954956055,247.0,1282.0,311.0
0,1763417661.1774223,1322.3181991577148,247.0,1288.0,305.0
0,1763417661.2120774,1326.1892204284668,247.0,1295.0,312.0
0,1763417661.242316,1329.9300937652588,247.0,1299.0,305.0
0,1763417661.2877197,1335.7531623840332,247.0,1306.0,301.0
0,1763417661.3222213,1339.5318584442139,247.0,1313.0,301.0
0,1763417661.3568406,1345.4099159240723,247.0,1310.0,301.0
0,1763417661.3822982,1347.3160438537598,247.0,1306.0,300.0
0,1763417661.4171324,1351.11842918396,247.0,1304.0,310.0
0,1763417661.461667,1356.9122581481934,247.0,1322.0,310.0
0,1763417661.5027995,1362.9249839782715,247.0,1328.0,306.0
0,1763417661.5469532,1366.4695053100586,247.0,1333.0,290.0
0,1763417661.5723329,1370.331314086914,247.0,1330.0,281.0
0,1763417661.607491,1374.1393070220947,247.0,1325.0,292.0
0,1763417661.6322496,1378.052785873413,247.0,1331.0,298.0
0,1763417661.6716006,1381.8825798034668,247.0,1346.0,302.0
0,1763417661.707406,1385.6027965545654,247.0,1347.0,296.0
0,1763417661.7373874,1389.5007972717285,247.0,1382.0,299.0
0,1763417661.7626312,1393.3671836853027,247.0,1392.0,295.0
0,1763417661.7975101,1397.2438411712646,247.0,1405.0,291.0
0,1763417661.8321562,1401.012809753418,247.0,1409.0,282.0
0,1763417661.8569448,1404.8688678741455,247.0,1413.0,281.0
0,1763417661.912181,1410.6368618011475,247.0,1401.0,286.0
0,1763417661.942142,1414.4849948883057,247.0,1400.0,292.0
0,1763417661.9721196,1418.3370761871338,247.0,1400.0,290.0
0,1763417662.0123277,1422.1851806640625,247.0,1384.0,293.0
0,1763417662.0516813,1427.8919200897217,247.0,1388.0,294.0
0,1763417662.0871634,1431.7219142913818,247.0,1410.0,307.0
0,1763417662.1287608,1437.5617771148682,247.0,1413.0,312.0
0,1763417662.1616528,1441.358383178711,247.0,1412.0,317.0
0,1763417662.1917143,1445.2307777404785,247.0,1407.0,315.0
0,1763417662.2167306,1447.0954208374023,247.0,1419.0,312.0
0,1763417662.2534385,1450.9265594482422,247.0,1428.0,308.0
0,1763417662.2923098,1456.720474243164,247.0,1466.0,312.0
0,1763417662.3213801,1460.556447982788,247.0,1479.0,302.0
0,1763417662.3622937,1464.4344501495361,247.0,1487.0,303.0
0,1763417662.4066257,1470.1227359771729,247.0,1483.0,306.0
0,1763417662.4351356,1473.938138961792,247.0,1470.0,316.0
0,1763417662.457446,1475.95241355896,247.0,1481.0,318.0
0,1763417662.4917827,1479.7086505889893,247.0,1492.0,318.0
0,1763417662.5220182,1483.587854385376,247.0,1501.0,321.0
0,1763417662.5595968,1489.3469505310059,247.0,1510.0,326.0
0,1763417662.5868437,1491.243522644043,247.0,1508.0,334.0
0,1763417662.6172683,1495.1720790863037,247.0,1525.0,334.0
0,1763417662.6616378,1501.1008911132812,247.0,1563.0,330.0
0,1763417662.6873415,1504.6996002197266,247.0,1585.0,311.0
0,1763417662.7325654,1508.5885601043701,247.0,1575.0,312.0
0,1763417662.7768412,1514.3033390045166,247.0,1567.0,308.0
0,1763417662.8020825,1518.1687812805176,247.0,1585.0,312.0
0,1763417662.833185,1522.0663814544678,247.0,1591.0,299.0
0,1763417662.8649037,1525.8589534759521,247.0,1594.0,296.0
0,1763417662.8975303,1529.6102123260498,247.0,1591.0,301.0
0,1763417662.928124,1533.462350845337,247.0,1603.0,315.0
0,1763417662.961872,1537.3426132202148,247.0,1598.0,332.0
0,1763417662.9970524,1541.1250286102295,247.0,1589.0,335.0
0,1763417663.0319347,1545.0497798919678,247.0,1588.0,330.0
0,1763417663.062435,1548.8235549926758,247.0,1588.0,307.0
0,1763417663.0918741,1552.752540588379,247.0,1599.0,319.0
0,1763417663.1218297,1556.542652130127,247.0,1606.0,325.0
0,1763417663.1621294,1560.3688125610352,247.0,1603.0,316.0
0,1763417663.2022085,1566.194284439087,247.0,1591.0,298.0
0,1763417663.2472522,1571.8608264923096,247.0,1577.0,306.0
0,1763417663.272128,1573.8226871490479,247.0,1600.0,312.0
0,1763417663.3018494,1577.6182346343994,247.0,1615.0,293.0
0,1763417663.337277,1581.55806350708,247.0,1614.0,285.0
0,1763417663.377772,1587.2559909820557,247.0,1612.0,281.0
0,1763417663.4174948,1591.1179428100586,247.0,1612.0,287.0
0,1763417663.4417913,1594.9447040557861,247.0,1650.0,294.0
0,1763417663.472398,1598.7909202575684,247.0,1670.0,289.0
0,1763417663.504626,1602.6286392211914,247.0,1684.0,300.0
0,1763417663.5372512,1606.4109687805176,247.0,1671.0,308.0
0,1763417663.577392,1610.2600746154785,247.0,1655.0,310.0
0,1763417663.6266506,1616.005723953247,247.0,1664.0,310.0
0,1763417663.6574109,1619.8614101409912,247.0,1667.0,306.0
0,1763417663.6916196,1623.780668258667,247.0,1664.0,307.0
0,1763417663.7221518,1627.5331287384033,247.0,1655.0,312.0
0,1763417663.7616556,1633.349702835083,247.0,1660.0,311.0
0,1763417663.7869503,1635.3201179504395,247.0,1655.0,306.0
0,1763417663.8173835,1639.044282913208,247.0,1650.0,299.0
0,1763417663.8465867,1642.8863506317139,247.0,1655.0,295.0
0,1763417663.8822541,1646.8633441925049,247.0,1669.0,294.0
0,1763417663.919547,1652.5570945739746,247.0,1673.0,301.0
0,1763417663.947402,1654.4354419708252,247.0,1680.0,300.0
0,1763417663.9779985,1658.3242874145508,247.0,1683.0,299.0
0,1763417664.0217242,1664.1535930633545,247.0,1702.0,304.0
0,1763417664.0668542,1669.8806457519531,247.0,1701.0,309.0
0,1763417664.0920675,1671.7843132019043,247.0,1691.0,304.0
0,1763417664.117757,1675.5927352905273,247.0,1692.0,304.0
0,1763417664.1522777,1679.4942836761475,247.0,1695.0,299.0
0,1763417664.1818433,1683.2094650268555,247.0,1697.0,294.0
0,1763417664.2117493,1687.087438583374,247.0,1695.0,286.0
0,1763417664.2470467,1691.2118606567383,247.0,1695.0,287.0
0,1763417664.289624,1696.7401294708252,247.0,1696.0,291.0
0,1763417664.3365538,1702.464864730835,247.0,1692.0,294.0
0,1763417664.3702097,1706.299264907837,247.0,1696.0,300.0
0,1763417664.4003685,1710.1165561676025,247.0,1713.0,326.0
0,1763417664.427384,1712.0460872650146,247.0,1727.0,336.0
0,1763417664.4574916,1715.9164505004883,247.0,1734.0,339.0
0,1763417664.4875262,1719.8371105194092,247.0,1732.0,336.0
0,1763417664.517191,1723.5362129211426,247.0,1734.0,327.0
1,1763417664.5519614,1727.3784809112549,247.0,1726.0,322.0
1,1763417664.5776184,1727.3784809112549,247.0,1728.0,324.0
1,1763417664.6069322,1727.3784809112549,247.0,1734.0,322.0
1,1763417664.6371222,1727.3784809112549,247.0,1734.0,321.0
1,1763417664.6618161,1727.3784809112549,247.0,1719.0,319.0
1,1763417664.7021692,1727.3784809112549,247.0,1711.0,310.0
1,1763417664.7323778,1727.3784809112549,247.0,1715.0,316.0
1,1763417664.7621734,1727.3784809112549,247.0,1725.0,312.0
1,1763417664.8116558,1727.3784809112549,247.0,1734.0,300.0
1,1763417664.85248,1727.3784809112549,247.0,1733.0,298.0
1,1763417664.8723705,1727.3784809112549,247.0,1721.0,312.0
1,1763417664.9175713,1727.3784809112549,247.0,1721.0,316.0
1,1763417664.9567568,1727.3784809112549,247.0,1728.0,326.0
1,1763417664.9866476,1727.3784809112549,247.0,1726.0,326.0
1,1763417665.0272884,1727.3784809112549,247.0,1722.0,320.0
1,1763417665.0422997,178.0,296.0,1729.0,328.0
1,1763417665.0725138,180.03784942626953,296.0,1733.0,325.0
1,1763417665.1018345,183.79949378967285,296.0,1746.0,333.0
1,1763417665.142393,189.56883239746094,296.0,1741.0,335.0
1,1763417665.167542,191.56828689575195,296.0,1731.0,347.0
1,1763417665.207053,197.20026779174805,296.0,1723.0,355.0
1,1763417665.2369404,201.05377960205078,296.0,1722.0,348.0
1,1763417665.2734058,204.94637298583984,296.0,1733.0,351.0
1,1763417665.30162,208.78414916992188,296.0,1728.0,341.0
1,1763417665.3419905,212.65431213378906,296.0,1712.0,340.0
1,1763417665.3823092,218.36900520324707,296.0,1715.0,362.0
1,1763417665.4225395,222.2774200439453,296.0,1422.0,386.0
1,1763417665.4519784,226.0795192718506,296.0,947.0,390.0
1,1763417665.4917796,229.9097137451172,296.0,554.0,458.0
1,1763417665.5269334,235.60766983032227,296.0,397.0,445.0
1,1763417665.5619717,239.50904655456543,296.0,334.0,461.0
1,1763417665.605056,245.25340843200684,296.0,306.0,429.0
1,1763417665.642283,249.1486053466797,296.0,292.0,426.0
1,1763417665.6691756,252.91311073303223,296.0,273.0,416.0
1,1763417665.69688,256.7924003601074,296.0,225.0,384.0
1,1763417665.733143,260.6489448547363,296.0,238.0,377.0
1,1763417665.764574,264.4064693450928,296.0,234.0,374.0
1,1763417665.7916691,266.4658622741699,296.0,245.0,377.0
1,1763417665.8166146,270.26183891296387,296.0,272.0,372.0
1,1763417665.851636,274.06173515319824,296.0,286.0,356.0
1,1763417665.882285,277.9118423461914,296.0,292.0,355.0
1,1763417665.9169407,281.721981048584,296.0,284.0,334.0
1,1763417665.958288,287.5050239562988,296.0,304.0,323.0
1,1763417666.0068214,293.21562576293945,296.0,312.0,309.0
1,1763417666.032063,295.2222328186035,296.0,319.0,306.0
1,1763417666.0571308,299.005277633667,296.0,310.0,308.0
1,1763417666.0866194,302.8712348937988,296.0,305.0,311.0
1,1763417666.117158,306.66835594177246,296.0,300.0,306.0
1,1763417666.149327,310.61576652526855,296.0,293.0,297.0
1,1763417666.1905906,314.40636444091797,296.0,292.0,289.0
1,1763417666.2371395,320.0949649810791,296.0,306.0,296.0
1,1763417666.2676883,323.92029571533203,296.0,372.0,318.0
1,1763417666.3023,327.76983070373535,296.0,379.0,327.0
1,1763417666.3317974,331.7129783630371,296.0,381.0,324.0
1,1763417666.362187,335.52171516418457,296.0,384.0,314.0
1,1763417666.3972073,339.3898754119873,296.0,372.0,312.0
1,1763417666.4273345,343.15031814575195,296.0,373.0,312.0
1,1763417666.4618278,347.01347160339355,296.0,380.0,323.0
1,1763417666.506089,352.7755432128906,296.0,399.0,325.0
1,1763417666.5421598,356.6223030090332,296.0,406.0,319.0
1,1763417666.5665877,360.4188804626465,296.0,414.0,309.0
1,1763417666.6018107,364.28211975097656,296.0,415.0,303.0
1,1763417666.6324809,368.1776599884033,296.0,413.0,304.0
1,1763417666.6676571,371.9899730682373,296.0,413.0,302.0
1,1763417666.7097948,377.84851837158203,296.0,421.0,302.0
1,1763417666.7519646,381.53182792663574,296.0,417.0,305.0
1,1763417666.7817595,385.4285125732422,296.0,418.0,296.0
1,1763417666.8118243,389.29289627075195,296.0,430.0,287.0
1,1763417666.8537798,395.06578254699707,296.0,428.0,275.0
1,1763417666.8917885,398.87772369384766,296.0,420.0,272.0
1,1763417666.9172585,402.72445487976074,296.0,407.0,281.0
1,1763417666.950076,406.53776931762695,296.0,409.0,285.0
1,1763417666.992269,410.32948303222656,296.0,412.0,283.0
1,1763417667.0319667,416.1161880493164,296.0,409.0,275.0
1,1763417667.0568063,419.98354721069336,296.0,411.0,275.0
1,1763417667.0870566,421.8825511932373,296.0,424.0,283.0
1,1763417667.117157,425.74447441101074,296.0,482.0,297.0
1,1763417667.1523285,429.5209102630615,296.0,503.0,306.0
1,1763417667.192419,435.3906707763672,296.0,496.0,303.0
1,1763417667.2266316,439.1883354187012,296.0,490.0,301.0
1,1763417667.2525208,443.0326919555664,296.0,508.0,295.0
1,1763417667.2776155,444.9007682800293,296.0,520.0,301.0
1,1763417667.311818,448.7284736633301,296.0,522.0,309.0
1,1763417667.3477323,454.5046787261963,296.0,514.0,312.0
1,1763417667.3796208,458.32623291015625,296.0,505.0,309.0
1,1763417667.412642,462.1872978210449,296.0,505.0,306.0
1,1763417667.447519,466.1208610534668,296.0,475.0,315.0
1,1763417667.487722,469.9470500946045,296.0,448.0,285.0
1,1763417667.5171683,473.77999114990234,296.0,456.0,266.0
1,1763417667.5596912,479.5219211578369,296.0,470.0,281.0
1,1763417667.6069744,485.2188472747803,296.0,471.0,298.0
1,1763417667.6534157,491.07175636291504,296.0,473.0,311.0
1,1763417667.6917636,494.8120861053467,296.0,479.0,300.0
1,1763417667.7166479,498.6554698944092,296.0,485.0,302.0
1,1763417667.7566104,502.5038890838623,296.0,500.0,309.0
1,1763417667.792326,506.4625720977783,296.0,508.0,312.0
1,1763417667.8220181,510.23955154418945,296.0,527.0,312.0
1,1763417667.8521724,514.0918617248535,296.0,536.0,312.0
1,1763417667.8823955,517.873218536377,296.0,524.0,319.0
1,1763417667.9171147,521.8011455535889,296.0,524.0,323.0
1,1763417667.9524283,525.5379848480225,296.0,528.0,328.0
1,1763417667.9931295,531.2995128631592,296.0,534.0,322.0
1,1763417668.0168107,535.1840667724609,296.0,531.0,309.0
1,1763417668.0521398,538.998125076294,296.0,532.0,306.0
1,1763417668.0835166,542.8179626464844,296.0,528.0,307.0
1,1763417668.1271334,546.7260341644287,296.0,531.0,310.0
1,1763417668.16761,552.4947147369385,296.0,537.0,316.0
1,1763417668.191653,554.3617038726807,296.0,543.0,308.0
1,1763417668.22223,558.2224826812744,296.0,555.0,305.0
1,1763417668.261936,563.9764862060547,296.0,541.0,285.0
1,1763417668.3021731,567.8221015930176,296.0,537.0,298.0
1,1763417668.3272815,571.6653423309326,296.0,558.0,302.0
1,1763417668.3619626,575.443265914917,296.0,573.0,297.0
1,1763417668.3896608,579.4280414581299,296.0,576.0,301.0
1,1763417668.4216394,583.1203060150146,296.0,576.0,311.0
1,1763417668.453671,587.0659999847412,296.0,571.0,309.0
1,1763417668.4924948,590.9673480987549,296.0,565.0,303.0
1,1763417668.5226362,594.6543197631836,296.0,571.0,311.0
1,1763417668.556614,598.5550956726074,296.0,573.0,313.0
1,1763417668.5968935,604.3607120513916,296.0,576.0,324.0
1,1763417668.6319058,608.2035236358643,296.0,584.0,327.0
1,1763417668.677957,613.8857440948486,296.0,600.0,322.0
1,1763417668.7169533,617.6809196472168,296.0,611.0,322.0
1,1763417668.752004,621.677167892456,296.0,638.0,329.0
1,1763417668.7775447,625.4400424957275,296.0,644.0,326.0
1,1763417668.8143492,629.3058853149414,296.0,642.0,328.0
1,1763417668.8467462,633.040979385376,296.0,630.0,321.0
1,1763417668.8870342,638.9747695922852,296.0,637.0,308.0
1,1763417668.9123864,640.7395629882812,296.0,646.0,298.0
1,1763417668.9498868,646.5320472717285,296.0,645.0,297.0
1,1763417668.9722478,648.4173469543457,296.0,642.0,303.0
1,1763417669.0065613,652.32204246521,296.0,640.0,303.0
1,1763417669.0367491,656.0883502960205,296.0,632.0,292.0
1,1763417669.0666995,660.0514965057373,296.0,639.0,295.0
1,1763417669.096779,663.8298206329346,296.0,653.0,293.0
1,1763417669.1276,667.6617603302002,296.0,665.0,297.0
1,1763417669.1673007,671.5192203521729,296.0,670.0,305.0
1,1763417669.2116983,677.2627239227295,296.0,673.0,320.0
1,1763417669.240046,681.1493091583252,296.0,682.0,318.0
1,1763417669.262096,683.0276851654053,296.0,692.0,317.0
1,1763417669.300278,688.7204627990723,296.0,677.0,326.0
1,1763417669.3329558,692.7189998626709,296.0,680.0,329.0
1,1763417669.3637848,696.4113216400146,296.0,683.0,323.0
1,1763417669.392263,698.3281497955322,296.0,686.0,329.0
1,1763417669.4222813,702.2708683013916,296.0,680.0,330.0
1,1763417669.462043,707.9451923370361,296.0,679.0,326.0
1,1763417669.4977882,711.81103515625,296.0,680.0,319.0
1,1763417669.5249128,715.7398204803467,296.0,693.0,311.0
1,1763417669.5571487,719.4856147766113,296.0,708.0,304.0
1,1763417669.5916228,723.3593826293945,296.0,712.0,303.0
1,1763417669.6273177,727.1207408905029,296.0,710.0,302.0
1,1763417669.6576045,731.0588531494141,296.0,717.0,310.0
1,1763417669.6922023,734.8917083740234,296.0,729.0,322.0
1,1763417669.7269561,738.683708190918,296.0,749.0,333.0
1,1763417669.772293,744.4012908935547,296.0,753.0,332.0
1,1763417669.8133993,750.1618461608887,296.0,767.0,320.0
1,1763417669.846642,754.0050582885742,296.0,769.0,317.0
1,1763417669.8870046,757.9002552032471,296.0,763.0,327.0
1,1763417669.9276443,763.6149196624756,296.0,761.0,333.0
1,1763417669.9566271,767.5239639282227,296.0,762.0,338.0
1,1763417669.9892077,771.3811378479004,296.0,748.0,325.0
1,1763417670.0221164,775.1523380279541,296.0,753.0,310.0
1,1763417670.052577,778.9774398803711,296.0,759.0,293.0
1,1763417670.1009257,784.7359352111816,296.0,755.0,300.0
1,1763417670.1497471,790.5225830078125,296.0,751.0,313.0
1,1763417670.1821773,794.4144611358643,296.0,769.0,329.0
1,1763417670.2144506,798.363130569458,296.0,774.0,325.0
1,1763417670.2453332,802.0704727172852,296.0,762.0,313.0
1,1763417670.2778602,805.8498554229736,296.0,773.0,310.0
1,1763417670.3086486,809.750602722168,296.0,788.0,316.0
1,1763417670.3367941,813.5820846557617,296.0,800.0,329.0
1,1763417670.3669505,815.5470638275146,296.0,802.0,333.0
1,1763417670.409596,821.280553817749,296.0,812.0,324.0
1,1763417670.4537556,827.0688896179199,296.0,821.0,317.0
1,1763417670.4775953,828.9115028381348,296.0,815.0,319.0
1,1763417670.5075076,832.7612953186035,296.0,804.0,318.0
1,1763417670.5421388,836.634090423584,296.0,826.0,314.0
1,1763417670.5723047,840.5109767913818,296.0,842.0,313.0
1,1763417670.6072378,844.3085269927979,296.0,847.0,321.0
1,1763417670.6367412,848.0943470001221,296.0,828.0,328.0
1,1763417670.6668859,852.0360355377197,296.0,830.0,329.0
1,1763417670.7020493,855.8332710266113,296.0,843.0,319.0
1,1763417670.7368202,861.5852146148682,296.0,858.0,316.0
1,1763417670.7723064,865.4334049224854,296.0,855.0,320.0
1,1763417670.8072724,869.2125015258789,296.0,847.0,331.0
1,1763417670.853347,875.033166885376,296.0,840.0,335.0
1,1763417670.8968666,880.7907752990723,296.0,841.0,338.0
1,1763417670.9273896,882.7354698181152,296.0,838.0,331.0
1,1763417670.9641137,888.4852104187012,296.0,839.0,324.0
1,1763417670.9924796,890.3885631561279,296.0,854.0,321.0
1,1763417671.0222876,894.1811065673828,296.0,860.0,318.0
1,1763417671.0570984,900.0185947418213,296.0,864.0,309.0
1,1763417671.093484,903.8602046966553,296.0,863.0,300.0
1,1763417671.1166122,905.697582244873,296.0,867.0,301.0
1,1763417671.1588714,911.4803676605225,296.0,866.0,311.0
1,1763417671.2052946,917.2035293579102,296.0,883.0,319.0
1,1763417671.2320406,919.1790943145752,296.0,908.0,311.0
1,1763417671.2580106,923.0444507598877,296.0,923.0,288.0
1,1763417671.292116,926.8933277130127,296.0,926.0,295.0
1,1763417671.332246,932.5993518829346,296.0,923.0,299.0
1,1763417671.3717263,936.4894847869873,296.0,915.0,293.0
1,1763417671.3971567,940.3333835601807,296.0,910.0,293.0
1,1763417671.4222503,942.2770767211914,296.0,918.0,297.0
1,1763417671.4573865,948.0531673431396,296.0,926.0,294.0
1,1763417671.4915743,951.7967586517334,296.0,948.0,293.0
1,1763417671.5254738,955.7245712280273,296.0,971.0,289.0
1,1763417671.5518658,957.5278167724609,296.0,976.0,279.0
1,1763417671.5770712,961.4736251831055,296.0,965.0,265.0
1,1763417671.6135786,965.2159576416016,296.0,961.0,268.0
1,1763417671.6468122,969.1041164398193,296.0,960.0,279.0
1,1763417671.6771026,972.8838996887207,296.0,969.0,286.0
1,1763417671.7066412,976.7561511993408,296.0,966.0,300.0
1,1763417671.7422857,980.6693725585938,296.0,958.0,306.0
1,1763417671.7721248,984.4231777191162,296.0,953.0,302.0
1,1763417671.8020766,988.2899074554443,296.0,956.0,301.0
1,1763417671.8377812,992.0936374664307,296.0,966.0,295.0
1,1763417671.876942,997.907865524292,296.0,972.0,292.0
1,1763417671.9134438,1001.7188625335693,296.0,985.0,292.0
1,1763417671.9520192,1005.6578044891357,296.0,992.0,301.0
1,1763417671.9972794,1011.3837985992432,296.0,997.0,308.0
1,1763417672.0275056,1015.270097732544,296.0,1003.0,320.0
1,1763417672.0573518,1019.0092544555664,296.0,1005.0,319.0
1,1763417672.091853,1022.8624515533447,296.0,1012.0,316.0
1,1763417672.1222847,1026.7316989898682,296.0,1017.0,308.0
1,1763417672.156906,1030.6171684265137,296.0,1024.0,307.0
1,1763417672.1866148,1034.4287948608398,296.0,1023.0,302.0
1,1763417672.2169766,1038.1713848114014,296.0,1032.0,302.0
1,1763417672.2517822,1042.0061569213867,296.0,1029.0,298.0
1,1763417672.2824795,1045.9048442840576,296.0,1028.0,300.0
1,1763417672.3177233,1049.6803073883057,296.0,1024.0,298.0
1,1763417672.3573532,1055.5175952911377,296.0,1018.0,291.0
1,1763417672.396818,1059.4116191864014,296.0,1022.0,297.0
1,1763417672.422698,1063.232172012329,296.0,1037.0,320.0
1,1763417672.4533458,1067.024543762207,296.0,1049.0,327.0
1,1763417672.4866025,1070.9670906066895,296.0,1047.0,330.0
1,1763417672.5218277,1074.7219829559326,296.0,1040.0,326.0
1,1763417672.565793,1080.4342441558838,296.0,1040.0,320.0
1,1763417672.6067593,1084.2488460540771,296.0,1041.0,324.0
1,1763417672.6525311,1090.0478248596191,296.0,1046.0,331.0
1,1763417672.6872492,1093.9468841552734,296.0,1067.0,331.0
1,1763417672.7288415,1099.6913604736328,296.0,1069.0,332.0
1,1763417672.7519915,1101.5538864135742,296.0,1076.0,342.0
1,1763417672.7826343,1105.396297454834,296.0,1089.0,336.0
1,1763417672.8274019,1111.2859134674072,296.0,1096.0,335.0
1,1763417672.8628883,1115.001552581787,296.0,1098.0,327.0
1,1763417672.8965988,1120.7586460113525,296.0,1105.0,322.0
1,1763417672.937287,1124.5680980682373,296.0,1109.0,331.0
1,1763417672.9767644,1130.3785209655762,296.0,1118.0,340.0
1,1763417673.0219498,1134.2935733795166,296.0,1122.0,340.0
1,1763417673.0566533,1139.9651794433594,296.0,1099.0,334.0
1,1763417673.097839,1143.7710552215576,296.0,1115.0,334.0
1,1763417673.126829,1147.6857070922852,296.0,1134.0,334.0
1,1763417673.157461,1151.5483741760254,296.0,1135.0,319.0
1,1763417673.1886344,1155.3072147369385,296.0,1128.0,325.0
1,1763417673.22209,1159.1560916900635,296.0,1120.0,339.0
1,1763417673.2530107,1163.0903987884521,296.0,1125.0,339.0
1,1763417673.2873845,1166.877592086792,296.0,1128.0,340.0
1,1763417673.3287165,1170.757167816162,296.0,1137.0,336.0
1,1763417673.3669627,1176.4280014038086,296.0,1143.0,330.0
1,1763417673.392152,1178.361909866333,296.0,1202.0,334.0
1,1763417673.4223824,1182.2323589324951,296.0,1203.0,337.0
1,1763417673.4666805,1187.9314308166504,296.0,1200.0,325.0
1,1763417673.5022333,1191.8673114776611,296.0,1208.0,328.0
1,1763417673.5321605,1195.6734447479248,296.0,1212.0,346.0
1,1763417673.5615628,1199.5288734436035,296.0,1194.0,364.0
1,1763417673.5920699,1203.3997230529785,296.0,1199.0,367.0
1,1763417673.6297245,1207.2192459106445,296.0,1208.0,366.0
1,1763417673.6682327,1212.9499893188477,296.0,1219.0,364.0
1,1763417673.6995747,1216.7489414215088,296.0,1229.0,362.0
1,1763417673.7269156,1218.6958103179932,296.0,1237.0,361.0
1,1763417673.7570624,1222.5885181427002,296.0,1234.0,358.0
1,1763417673.787678,1226.4954738616943,296.0,1241.0,369.0
1,1763417673.8225012,1230.251853942871,296.0,1238.0,369.0
1,1763417673.8518097,1234.0649108886719,296.0,1257.0,356.0
1,1763417673.8867166,1237.9288368225098,296.0,1269.0,343.0
1,1763417673.9255986,1243.6760025024414,296.0,1267.0,357.0
1,1763417673.9521892,1245.5810718536377,296.0,1267.0,372.0
1,1763417673.976625,1249.4536094665527,296.0,1274.0,378.0
1,1763417674.0171857,1255.2290706634521,296.0,1276.0,374.0
1,1763417674.0475245,1257.1114234924316,296.0,1277.0,361.0
1,1763417674.0839612,1262.821481704712,296.0,1284.0,357.0
1,1763417674.119018,1266.6418628692627,296.0,1296.0,367.0
1,1763417674.157208,1270.7893447875977,296.0,1297.0,380.0
1,1763417674.192151,1274.4802360534668,296.0,1269.0,378.0
1,1763417674.232698,1280.156047821045,296.0,1274.0,369.0
1,1763417674.262467,1283.9936809539795,296.0,1270.0,361.0
1,1763417674.293467,1287.8875045776367,296.0,1279.0,363.0
1,1763417674.324349,1291.7296295166016,296.0,1300.0,364.0
1,1763417674.3566713,1295.4790859222412,296.0,1304.0,370.0
1,1763417674.3876772,1299.3206386566162,296.0,1302.0,368.0
1,1763417674.4225116,1303.161533355713,296.0,1302.0,369.0
1,1763417674.457797,1307.0495777130127,296.0,1314.0,356.0
1,1763417674.4916055,1310.8121376037598,296.0,1315.0,367.0
1,1763417674.5267541,1314.762351989746,296.0,1317.0,378.0
1,1763417674.5565994,1318.5124950408936,296.0,1300.0,372.0
1,1763417674.5819356,1322.3663787841797,296.0,1306.0,347.0
1,1763417674.6159837,1326.2683277130127,296.0,1304.0,326.0
1,1763417674.664581,1332.0436744689941,296.0,1317.0,327.0
1,1763417674.7016313,1335.8026580810547,296.0,1331.0,341.0
1,1763417674.7369223,1341.5974597930908,296.0,1319.0,352.0
1,1763417674.7769525,1345.4541187286377,296.0,1315.0,362.0
1,1763417674.8040414,1349.2612533569336,296.0,1331.0,380.0
1,1763417674.832294,1351.125524520874,296.0,1333.0,381.0
1,1763417674.8620963,1355.0460987091064,296.0,1369.0,377.0
1,1763417674.8921776,1358.815668106079,296.0,1369.0,371.0
1,1763417674.9226189,1362.7098636627197,296.0,1373.0,364.0
1,1763417674.9649622,1368.4169178009033,296.0,1379.0,367.0
1,1763417675.002902,1372.3003273010254,296.0,1382.0,369.0
1,1763417675.0298588,1376.1514644622803,296.0,1377.0,355.0
1,1763417675.0615947,1379.9934463500977,296.0,1381.0,349.0
1,1763417675.0921745,1383.8182048797607,296.0,1394.0,355.0
1,1763417675.1238413,1387.6347522735596,296.0,1397.0,376.0
1,1763417675.1565943,1391.4402561187744,296.0,1394.0,384.0
1,1763417675.1974962,1395.353105545044,296.0,1409.0,368.0
1,1763417675.2420623,1401.0671119689941,296.0,1420.0,356.0
1,1763417675.2868013,1406.806209564209,296.0,1414.0,364.0
1,1763417675.3221958,1410.755937576294,296.0,1412.0,352.0
1,1763417675.3517818,1414.578779220581,296.0,1434.0,345.0
1,1763417675.3839974,1418.470027923584,296.0,1448.0,354.0
1,1763417675.416785,1422.2701816558838,296.0,1452.0,364.0
1,1763417675.4443893,1426.1018924713135,296.0,1447.0,354.0
1,1763417675.481663,1429.8859958648682,296.0,1446.0,356.0
1,1763417675.5119712,1433.7541847229004,296.0,1439.0,359.0
1,1763417675.542291,1437.5796585083008,296.0,1437.0,370.0
1,1763417675.5735304,1441.4905338287354,296.0,1440.0,367.0
1,1763417675.6175854,1447.2770385742188,296.0,1442.0,354.0
1,1763417675.6516562,1451.0001735687256,296.0,1440.0,356.0
1,1763417675.6861153,1454.9074440002441,296.0,1439.0,363.0
1,1763417675.7172675,1458.6722927093506,296.0,1450.0,357.0
1,1763417675.7495008,1462.6204471588135,296.0,1464.0,347.0
1,1763417675.7824416,1466.329677581787,296.0,1466.0,346.0
1,1763417675.8134165,1470.2675609588623,296.0,1461.0,342.0
1,1763417675.845343,1474.002197265625,296.0,1461.0,338.0
1,1763417675.8776283,1477.9755573272705,296.0,1479.0,316.0
1,1763417675.9090884,1481.7572860717773,296.0,1481.0,306.0
1,1763417675.9471636,1485.530288696289,296.0,1488.0,311.0
1,1763417675.9772096,1489.3838863372803,296.0,1491.0,327.0
1,1763417676.0066402,1493.288896560669,296.0,1517.0,352.0
1,1763417676.042311,1497.1162872314453,296.0,1579.0,383.0
1,1763417676.0724108,1500.8978729248047,296.0,1572.0,378.0
1,1763417676.1165643,1506.739938735962,296.0,1557.0,378.0
1,1763417676.1519098,1510.5288200378418,296.0,1549.0,382.0
1,1763417676.1821923,1514.4666175842285,296.0,1552.0,376.0
1,1763417676.2134411,1518.2337551116943,296.0,1558.0,376.0
1,1763417676.2474077,1522.0824890136719,296.0,1560.0,378.0
1,1763417676.2768238,1525.8631019592285,296.0,1564.0,375.0
1,1763417676.3173075,1529.7623329162598,296.0,1572.0,376.0
1,1763417676.3582115,1535.5282382965088,296.0,1574.0,371.0
1,1763417676.4054496,1541.2988929748535,296.0,1578.0,365.0
1,1763417676.43743,1545.1613883972168,296.0,1585.0,367.0
1,1763417676.4766014,1548.9967613220215,296.0,1583.0,361.0
1,1763417676.5170486,1554.7144584655762,296.0,1578.0,353.0
1,1763417676.542172,1556.630313873291,296.0,1612.0,368.0
1,1763417676.572146,1560.4001693725586,296.0,1623.0,367.0
1,1763417676.6123283,1566.263463973999,296.0,1622.0,370.0
1,1763417676.6441803,1570.061071395874,296.0,1612.0,384.0
1,1763417676.6767132,1573.9588432312012,296.0,1616.0,381.0
1,1763417676.7079666,1577.6964263916016,296.0,1624.0,365.0
1,1763417676.732362,1579.6125392913818,296.0,1631.0,358.0
1,1763417676.7622602,1583.5405807495117,296.0,1623.0,362.0
1,1763417676.7969193,1587.289150238037,296.0,1616.0,364.0
1,1763417676.8274028,1591.1924438476562,296.0,1605.0,359.0
1,1763417676.8665397,1597.151554107666,296.0,1607.0,350.0
1,1763417676.9021752,1600.7507209777832,296.0,1623.0,352.0
1,1763417676.9329474,1604.6396808624268,296.0,1624.0,357.0
1,1763417676.9645016,1608.5321025848389,296.0,1624.0,353.0
1,1763417676.9977043,1612.2410469055176,296.0,1622.0,350.0
1,1763417677.0321784,1616.1853103637695,296.0,1628.0,352.0
1,1763417677.0622268,1619.991786956787,296.0,1671.0,354.0
1,1763417677.0973692,1623.9187984466553,296.0,1679.0,355.0
1,1763417677.1318352,1627.625654220581,296.0,1670.0,357.0
1,1763417677.1677337,1631.5193347930908,296.0,1669.0,359.0
1,1763417677.19665,1635.2805786132812,296.0,1676.0,354.0
1,1763417677.2424777,1641.1093406677246,296.0,1681.0,358.0
1,1763417677.284496,1646.8296699523926,296.0,1688.0,353.0
1,1763417677.306657,1648.8226871490479,296.0,1697.0,341.0
1,1763417677.336999,1652.6980285644531,296.0,1699.0,339.0
1,1763417677.3716354,1656.4221363067627,296.0,1698.0,332.0
1,1763417677.4021285,1660.3013401031494,296.0,1703.0,331.0
1,1763417677.4368415,1664.0863018035889,296.0,1708.0,325.0
1,1763417677.4774594,1669.945333480835,296.0,1695.0,314.0
1,1763417677.5262163,1675.6562786102295,296.0,1692.0,314.0
1,1763417677.5515943,1677.5337677001953,296.0,1696.0,343.0
1,1763417677.582461,1681.3890533447266,296.0,1682.0,367.0
1,1763417677.6121886,1685.2895431518555,296.0,1680.0,385.0
1,1763417677.642078,1689.2152099609375,296.0,1688.0,376.0
1,1763417677.6720066,1692.8985767364502,296.0,1702.0,366.0
1,1763417677.7173245,1698.7239627838135,296.0,1708.0,348.0
1,1763417677.7572262,1702.596872329712,296.0,1703.0,360.0
1,1763417677.7853067,1706.4578800201416,296.0,1697.0,376.0
1,1763417677.8133337,1710.2227573394775,296.0,1695.0,370.0
1,1763417677.845653,1714.1126041412354,296.0,1696.0,370.0
1,1763417677.8723187,1716.0007362365723,296.0,1687.0,368.0
1,1763417677.9025257,1719.8755912780762,296.0,1689.0,369.0
1,1763417677.9423892,1725.530860900879,296.0,1702.0,364.0
2,1763417677.9669793,1727.4829654693604,296.0,1709.0,368.0
2,1763417678.0065796,1727.4829654693604,296.0,1706.0,374.0
2,1763417678.0366902,1727.4829654693604,296.0,1720.0,371.0
2,1763417678.0674803,1727.4829654693604,296.0,1722.0,360.0
2,1763417678.1116924,1727.4829654693604,296.0,1704.0,353.0
2,1763417678.141565,1727.4829654693604,296.0,1703.0,347.0
2,1763417678.167751,1727.4829654693604,296.0,1710.0,352.0
2,1763417678.2021816,1727.4829654693604,296.0,1702.0,342.0
2,1763417678.23672,1727.4829654693604,296.0,1699.0,335.0
2,1763417678.276531,1727.4829654693604,296.0,1696.0,324.0
2,1763417678.3019435,1727.4829654693604,296.0,1693.0,318.0
2,1763417678.3325074,1727.4829654693604,296.0,1696.0,325.0
2,1763417678.372266,1727.4829654693604,296.0,1699.0,334.0
2,1763417678.401748,1727.4829654693604,296.0,1732.0,344.0
2,1763417678.441664,1727.4829654693604,296.0,1727.0,354.0
2,1763417678.4745228,180.01839447021484,346.0,1731.0,349.0
2,1763417678.5046942,183.77411651611328,346.0,1720.0,357.0
2,1763417678.546845,187.7097110748291,346.0,1714.0,361.0
2,1763417678.5822663,193.4639434814453,346.0,1712.0,373.0
2,1763417678.6217077,197.2942237854004,346.0,1728.0,362.0
2,1763417678.6620238,203.03483772277832,346.0,1741.0,356.0
2,1763417678.6867354,204.9084358215332,346.0,1734.0,360.0
2,1763417678.7146506,208.84606170654297,346.0,1729.0,363.0
2,1763417678.7418234,212.61079597473145,346.0,1726.0,361.0
2,1763417678.7716532,214.480131149292,346.0,1729.0,357.0
2,1763417678.8099153,220.28992462158203,346.0,1722.0,355.0
2,1763417678.8474195,224.15310668945312,346.0,1727.0,356.0
2,1763417678.8740852,227.98882293701172,346.0,1361.0,382.0
2,1763417678.912208,231.83180618286133,346.0,951.0,377.0
2,1763417678.9425318,235.6569652557373,346.0,595.0,347.0
2,1763417678.9767544,239.56131744384766,346.0,430.0,366.0
2,1763417679.0069253,243.28871536254883,346.0,392.0,371.0
2,1763417679.0425134,247.20116424560547,346.0,378.0,374.0
2,1763417679.0771663,251.0191707611084,346.0,371.0,391.0
2,1763417679.121612,256.726282119751,346.0,357.0,380.0
2,1763417679.1565695,260.7219295501709,346.0,355.0,375.0
2,1763417679.182311,264.51458740234375,346.0,274.0,394.0
2,1763417679.2274253,270.18250274658203,346.0,269.0,387.0
2,1763417679.2667923,274.03790283203125,346.0,287.0,380.0
2,1763417679.2931118,277.9914360046387,346.0,298.0,400.0
2,1763417679.3173933,279.8409729003906,346.0,296.0,402.0
2,1763417679.3465784,283.745210647583,346.0,301.0,395.0
2,1763417679.3766665,287.5707416534424,346.0,315.0,384.0
2,1763417679.4070184,291.37504386901855,346.0,318.0,377.0
2,1763417679.4418461,295.2386837005615,346.0,316.0,392.0
2,1763417679.4875057,301.0405521392822,346.0,325.0,403.0
2,1763417679.5225134,304.76076889038086,346.0,335.0,404.0
2,1763417679.5468178,308.67304611206055,346.0,343.0,391.0
2,1763417679.5778897,312.459753036499,346.0,359.0,383.0
2,1763417679.6093385,316.33778381347656,346.0,368.0,372.0
2,1763417679.651772,320.15270042419434,346.0,357.0,370.0
2,1763417679.6912704,325.86121368408203,346.0,340.0,386.0
2,1763417679.7382898,331.6324977874756,346.0,348.0,387.0
2,1763417679.7616413,333.5228042602539,346.0,362.0,390.0
2,1763417679.7919981,337.69712257385254,346.0,374.0,384.0
2,1763417679.8266637,341.311710357666,346.0,383.0,381.0
2,1763417679.8722699,346.9901542663574,346.0,338.0,381.0
2,1763417679.902135,350.93046951293945,346.0,315.0,379.0
2,1763417679.9305024,354.7422103881836,346.0,307.0,380.0
2,1763417679.9521194,356.6234188079834,346.0,310.0,382.0
2,1763417679.9866614,360.4800491333008,346.0,299.0,360.0
2,1763417680.0167792,364.2651538848877,346.0,290.0,333.0
2,1763417680.046633,368.1091957092285,346.0,297.0,343.0
2,1763417680.0770519,371.98107528686523,346.0,303.0,352.0
2,1763417680.1120403,375.7615165710449,346.0,294.0,359.0
2,1763417680.1555283,381.6048126220703,346.0,309.0,358.0
2,1763417680.1822357,385.4602699279785,346.0,403.0,372.0
2,1763417680.2222133,389.2265205383301,346.0,400.0,377.0
2,1763417680.2524834,393.050106048584,346.0,394.0,359.0
2,1763417680.2772667,395.0561122894287,346.0,399.0,351.0
2,1763417680.31749,400.8833866119385,346.0,400.0,353.0
2,1763417680.3470325,404.56274795532227,346.0,401.0,355.0
2,1763417680.3776703,408.42667388916016,346.0,396.0,357.0
2,1763417680.416998,412.3665313720703,346.0,397.0,356.0
2,1763417680.4474025,416.1408500671387,346.0,406.0,358.0
2,1763417680.4821243,419.9779109954834,346.0,416.0,361.0
2,1763417680.512461,423.86031913757324,346.0,416.0,367.0
2,1763417680.554617,429.64570808410645,346.0,415.0,376.0
2,1763417680.5852432,433.82117080688477,346.0,423.0,378.0
2,1763417680.6202664,437.23434257507324,346.0,443.0,367.0
2,1763417680.6509073,441.04030418395996,346.0,442.0,347.0
2,1763417680.687346,444.9791316986084,346.0,442.0,351.0
2,1763417680.7165668,448.7958507537842,346.0,451.0,354.0
2,1763417680.7566733,452.612398147583,346.0,457.0,354.0
2,1763417680.797361,458.35801887512207,346.0,457.0,352.0
2,1763417680.8368156,462.2174243927002,346.0,464.0,346.0
2,1763417680.8778582,468.08323669433594,346.0,485.0,351.0
2,1763417680.9210923,471.86030197143555,346.0,491.0,364.0
2,1763417680.9533184,477.9901866912842,346.0,472.0,374.0
2,1763417680.9915934,481.4141159057617,346.0,465.0,374.0
2,1763417681.020016,485.25372314453125,346.0,458.0,363.0
2,1763417681.0569496,489.140193939209,346.0,454.0,358.0
2,1763417681.0877504,492.97925758361816,346.0,458.0,347.0
2,1763417681.1220045,496.7636470794678,346.0,461.0,345.0
2,1763417681.152338,500.6000213623047,346.0,467.0,342.0
2,1763417681.1817312,504.51899337768555,346.0,477.0,333.0
2,1763417681.2267427,510.2630977630615,346.0,476.0,326.0
2,1763417681.270202,514.1191558837891,346.0,472.0,328.0
2,1763417681.297443,517.8571968078613,346.0,470.0,331.0
2,1763417681.3275216,521.8161659240723,346.0,482.0,343.0
2,1763417681.3712628,527.4923210144043,346.0,493.0,351.0
2,1763417681.411929,531.2976245880127,346.0,525.0,361.0
2,1763417681.452931,537.1343402862549,346.0,538.0,359.0
2,1763417681.4872212,540.9242515563965,346.0,544.0,361.0
2,1763417681.5298886,546.6998271942139,346.0,547.0,356.0
2,1763417681.5521004,548.6300735473633,346.0,557.0,362.0
2,1763417681.5774865,552.4806098937988,346.0,571.0,370.0
2,1763417681.6202552,556.2747840881348,346.0,575.0,366.0
2,1763417681.6618724,562.0709018707275,346.0,566.0,374.0
2,1763417681.6922827,565.8840446472168,346.0,569.0,380.0
2,1763417681.7170477,567.8426151275635,346.0,577.0,383.0
2,1763417681.7470696,571.641767501831,346.0,577.0,378.0
2,1763417681.7775972,575.5693798065186,346.0,565.0,375.0
2,1763417681.8120694,579.3939094543457,346.0,558.0,370.0
2,1763417681.8619719,587.0286064147949,346.0,555.0,363.0
2,1763417681.8875065,588.9117317199707,346.0,577.0,364.0
2,1763417681.9317746,594.6978359222412,346.0,591.0,366.0
2,1763417681.9571688,596.6130332946777,346.0,584.0,363.0
2,1763417681.9972975,602.4187068939209,346.0,579.0,365.0
2,1763417682.0220087,606.2330226898193,346.0,577.0,372.0
2,1763417682.057516,610.1078205108643,346.0,584.0,373.0
2,1763417682.0916238,613.957612991333,346.0,594.0,370.0
2,1763417682.122888,617.8337268829346,346.0,606.0,372.0
2,1763417682.157036,621.6293888092041,346.0,612.0,366.0
2,1763417682.1966875,625.4990367889404,346.0,624.0,359.0
2,1763417682.22656,629.2692070007324,346.0,638.0,358.0
2,1763417682.2576275,633.0528812408447,346.0,672.0,369.0
2,1763417682.2918184,637.0104484558105,346.0,674.0,367.0
2,1763417682.3225484,640.7863693237305,346.0,677.0,363.0
2,1763417682.3567598,644.6870307922363,346.0,679.0,368.0
2,1763417682.3928924,650.337064743042,346.0,690.0,373.0
2,1763417682.4274395,654.2167263031006,346.0,692.0,375.0
2,1763417682.473333,659.9275283813477,346.0,687.0,377.0
2,1763417682.5166326,663.8622074127197,346.0,684.0,363.0
2,1763417682.5375586,667.601879119873,346.0,684.0,367.0
2,1763417682.5772746,671.4705829620361,346.0,683.0,363.0
2,1763417682.6271763,677.2527389526367,346.0,659.0,365.0
2,1763417682.6616266,682.9871730804443,346.0,668.0,370.0
2,1763417682.7071025,686.9149856567383,346.0,669.0,378.0
2,1763417682.7325184,690.6986026763916,346.0,681.0,370.0
2,1763417682.7617424,694.6036987304688,346.0,689.0,359.0
2,1763417682.80368,698.4673385620117,346.0,681.0,344.0
2,1763417682.8521135,704.1428070068359,346.0,667.0,333.0
2,1763417682.892075,709.8874549865723,346.0,663.0,338.0
2,1763417682.9178195,711.8973236083984,346.0,673.0,355.0
2,1763417682.9621572,717.5914173126221,346.0,686.0,359.0
2,1763417683.0075517,723.3527736663818,346.0,694.0,364.0
2,1763417683.0506885,729.1585903167725,346.0,709.0,371.0
2,1763417683.072381,730.9854965209961,346.0,703.0,378.0
2,1763417683.1075313,734.9010925292969,346.0,695.0,385.0
2,1763417683.137259,738.6512355804443,346.0,691.0,369.0
2,1763417683.1696155,742.5218849182129,346.0,702.0,347.0
2,1763417683.201756,746.328275680542,346.0,710.0,331.0
2,1763417683.236709,750.1782398223877,346.0,710.0,333.0
2,1763417683.2666295,754.1015605926514,346.0,705.0,335.0
2,1763417683.2966042,757.8667240142822,346.0,704.0,337.0
2,1763417683.3395054,764.3326358795166,346.0,706.0,342.0
2,1763417683.377401,767.5050239562988,346.0,712.0,338.0
2,1763417683.4116235,771.344087600708,346.0,724.0,343.0
2,1763417683.4421918,775.236795425415,346.0,748.0,356.0
2,1763417683.4721472,779.0735130310059,346.0,753.0,362.0
2,1763417683.517018,784.7999362945557,346.0,738.0,362.0
2,1763417683.5574274,788.6653499603271,346.0,751.0,341.0
2,1763417683.578651,792.4956874847412,346.0,755.0,322.0
2,1763417683.6172013,796.3810138702393,346.0,746.0,329.0
2,1763417683.642149,800.1513843536377,346.0,755.0,355.0
2,1763417683.6741977,804.0049819946289,346.0,775.0,368.0
2,1763417683.70778,807.8382377624512,346.0,785.0,376.0
2,1763417683.738758,811.7465381622314,346.0,784.0,369.0
2,1763417683.7731097,815.5301551818848,346.0,779.0,363.0
2,1763417683.7973838,817.3905639648438,346.0,779.0,364.0
2,1763417683.8332922,823.1732921600342,346.0,771.0,364.0
2,1763417683.8718028,827.052267074585,346.0,768.0,354.0
2,1763417683.901797,830.9452896118164,346.0,787.0,359.0
2,1763417683.9418645,836.61572265625,346.0,798.0,363.0
2,1763417683.986604,840.5000476837158,346.0,798.0,362.0
2,1763417684.0115716,844.3320732116699,346.0,820.0,374.0
2,1763417684.0588853,850.0598983764648,346.0,814.0,382.0
2,1763417684.0919864,853.9700298309326,346.0,794.0,382.0
2,1763417684.1404662,859.9473648071289,346.0,791.0,385.0
2,1763417684.1710756,863.4595565795898,346.0,793.0,383.0
2,1763417684.212497,867.2841148376465,346.0,800.0,383.0
2,1763417684.2504323,873.1589679718018,346.0,816.0,386.0
2,1763417684.2884204,876.8857078552246,346.0,827.0,381.0
2,1763417684.3127112,880.7323532104492,346.0,838.0,386.0
2,1763417684.3470483,884.60964012146,346.0,854.0,385.0
2,1763417684.3816638,888.4774284362793,346.0,863.0,395.0
2,1763417684.4173734,892.4182014465332,346.0,856.0,396.0
2,1763417684.4465387,896.1699466705322,346.0,834.0,403.0
2,1763417684.4816248,899.9466972351074,346.0,843.0,395.0
2,1763417684.512026,903.8566570281982,346.0,859.0,384.0
2,1763417684.547786,907.6956920623779,346.0,876.0,384.0
2,1763417684.5819998,913.431957244873,346.0,878.0,373.0
2,1763417684.6116223,915.3455810546875,346.0,890.0,380.0
2,1763417684.642197,919.1894798278809,346.0,877.0,383.0
2,1763417684.6723099,922.9736404418945,346.0,867.0,385.0
2,1763417684.7071524,926.8451194763184,346.0,869.0,390.0
2,1763417684.736875,930.7011203765869,346.0,867.0,408.0
2,1763417684.7716255,934.5890216827393,346.0,870.0,413.0
2,1763417684.8022168,938.3415393829346,346.0,873.0,405.0
2,1763417684.8419065,944.1988544464111,346.0,874.0,400.0
2,1763417684.8730774,947.9946308135986,346.0,872.0,390.0
2,1763417684.9068155,951.8841342926025,346.0,880.0,379.0
2,1763417684.9371264,955.6101016998291,346.0,902.0,383.0
2,1763417684.9866922,961.4010696411133,346.0,917.0,391.0
2,1763417685.0265853,965.3461627960205,346.0,923.0,398.0
2,1763417685.0672798,971.0983924865723,346.0,940.0,400.0
2,1763417685.1067626,974.8007278442383,346.0,942.0,381.0
2,1763417685.1368322,978.7357501983643,346.0,929.0,366.0
2,1763417685.1785045,984.4138221740723,346.0,918.0,366.0
2,1763417685.21653,988.2462196350098,346.0,931.0,371.0
2,1763417685.2479627,992.1247081756592,346.0,936.0,380.0
2,1763417685.2815351,995.9688358306885,346.0,934.0,380.0
2,1763417685.3123636,999.8277263641357,346.0,942.0,381.0
2,1763417685.341982,1003.7395172119141,346.0,954.0,386.0
2,1763417685.3770638,1007.5009899139404,346.0,957.0,391.0
2,1763417685.4223816,1013.2327919006348,346.0,969.0,400.0
2,1763417685.4624481,1019.0857582092285,346.0,967.0,393.0
2,1763417685.4865339,1020.9762649536133,346.0,974.0,356.0
2,1763417685.52229,1024.7992496490479,346.0,987.0,353.0
2,1763417685.5675404,1030.508306503296,346.0,987.0,369.0
2,1763417685.5965643,1034.4140892028809,346.0,983.0,380.0
2,1763417685.617472,1036.3795261383057,346.0,994.0,384.0
2,1763417685.6520643,1040.1587944030762,346.0,1002.0,388.0
2,1763417685.6816156,1043.9675025939941,346.0,1004.0,402.0
2,1763417685.7173173,1047.8167514801025,346.0,986.0,405.0
2,1763417685.7586803,1053.5856037139893,346.0,979.0,396.0
2,1763417685.7917323,1057.3759727478027,346.0,985.0,392.0
2,1763417685.8368316,1063.146141052246,346.0,1006.0,392.0
2,1763417685.8670108,1067.0850257873535,346.0,1026.0,387.0
2,1763417685.8916109,1068.8818912506104,346.0,1035.0,384.0
2,1763417685.916547,1072.7328853607178,346.0,1025.0,392.0
2,1763417685.9521832,1076.7087059020996,346.0,1019.0,382.0
2,1763417685.9972963,1082.4243144989014,346.0,1018.0,386.0
2,1763417686.0423918,1088.200605392456,346.0,1030.0,381.0
2,1763417686.0670707,1090.0729732513428,346.0,1049.0,365.0
2,1763417686.1055803,1095.7602863311768,346.0,1056.0,362.0
2,1763417686.142871,1099.6714477539062,346.0,1053.0,364.0
2,1763417686.1723673,1103.5315399169922,346.0,1054.0,376.0
2,1763417686.1974387,1105.4891662597656,346.0,1056.0,375.0
2,1763417686.2416315,1111.151388168335,346.0,1074.0,369.0
2,1763417686.2821908,1116.9212703704834,346.0,1089.0,365.0
2,1763417686.3170543,1120.7245712280273,346.0,1092.0,367.0
2,1763417686.3521612,1124.6373920440674,346.0,1083.0,373.0
2,1763417686.3928883,1130.3449325561523,346.0,1094.0,388.0
2,1763417686.4268286,1134.2833881378174,346.0,1106.0,404.0
2,1763417686.4622564,1138.0504398345947,346.0,1120.0,394.0
2,1763417686.4917917,1141.971929550171,346.0,1131.0,382.0
2,1763417686.5252755,1145.6872539520264,346.0,1139.0,383.0
2,1763417686.5537152,1149.629343032837,346.0,1147.0,391.0
2,1763417686.5819788,1153.4294395446777,346.0,1145.0,399.0
2,1763417686.616871,1157.257230758667,346.0,1131.0,403.0
2,1763417686.6507077,1161.1017017364502,346.0,1107.0,394.0
2,1763417686.6821194,1164.9603061676025,346.0,1111.0,393.0
2,1763417686.7220783,1168.7702445983887,346.0,1110.0,399.0
2,1763417686.7470236,1172.6555995941162,346.0,1123.0,389.0
2,1763417686.7825174,1176.4167575836182,346.0,1139.0,380.0
2,1763417686.8175108,1180.2688388824463,346.0,1144.0,388.0
2,1763417686.8468952,1184.0849571228027,346.0,1151.0,402.0
2,1763417686.88169,1187.9238204956055,346.0,1138.0,402.0
2,1763417686.917527,1191.7932968139648,346.0,1142.0,393.0
2,1763417686.954289,1197.606065750122,346.0,1160.0,382.0
2,1763417686.9874086,1201.3994960784912,346.0,1169.0,384.0
2,1763417687.018872,1205.305908203125,346.0,1177.0,393.0
2,1763417687.0567997,1209.125431060791,346.0,1176.0,388.0
2,1763417687.0873969,1212.8943710327148,346.0,1180.0,386.0
2,1763417687.1175,1216.740816116333,346.0,1189.0,389.0
2,1763417687.1522913,1220.6600742340088,346.0,1192.0,388.0
2,1763417687.187022,1224.5218830108643,346.0,1190.0,378.0
2,1763417687.2165935,1228.2412700653076,346.0,1194.0,366.0
2,1763417687.2615666,1234.0250854492188,346.0,1209.0,365.0
2,1763417687.282513,1235.978277206421,346.0,1218.0,388.0
2,1763417687.3275042,1241.789873123169,346.0,1211.0,395.0
2,1763417687.3689802,1247.4583892822266,346.0,1248.0,406.0
2,1763417687.4078536,1251.3465480804443,346.0,1208.0,404.0
2,1763417687.4376595,1255.1916484832764,346.0,1217.0,411.0
2,1763417687.4665449,1258.9899997711182,346.0,1228.0,386.0
2,1763417687.498775,1262.9445343017578,346.0,1231.0,382.0
2,1763417687.5295289,1266.6456394195557,346.0,1245.0,380.0
2,1763417687.562522,1270.531509399414,346.0,1264.0,390.0
2,1763417687.59399,1274.3591575622559,346.0,1267.0,383.0
2,1763417687.622297,1278.267629623413,346.0,1258.0,372.0
2,1763417687.652165,1280.13041305542,346.0,1259.0,375.0
2,1763417687.6920366,1285.8470516204834,346.0,1268.0,396.0
2,1763417687.721808,1289.8077373504639,346.0,1272.0,425.0
2,1763417687.757497,1293.5509567260742,346.0,1260.0,426.0
2,1763417687.7866082,1297.510154724121,346.0,1256.0,433.0
2,1763417687.8224561,1301.337631225586,346.0,1275.0,427.0
2,1763417687.867277,1307.0667724609375,346.0,1273.0,419.0
2,1763417687.9069595,1310.8832912445068,346.0,1267.0,392.0
2,1763417687.9318047,1314.6438484191895,346.0,1274.0,369.0
2,1763417687.9572606,1316.6390686035156,346.0,1282.0,375.0
2,1763417687.9934328,1322.4194507598877,346.0,1296.0,381.0
2,1763417688.0216367,1326.1883907318115,346.0,1308.0,390.0
2,1763417688.0572174,1330.0546054840088,346.0,1308.0,385.0
2,1763417688.0926619,1333.911521911621,346.0,1324.0,409.0
2,1763417688.1231334,1337.7494411468506,346.0,1308.0,416.0
2,1763417688.1625226,1341.5315704345703,346.0,1315.0,432.0
2,1763417688.187032,1345.3997020721436,346.0,1309.0,445.0
2,1763417688.2265387,1349.2056922912598,346.0,1318.0,442.0
2,1763417688.2576962,1353.0864696502686,346.0,1319.0,430.0
2,1763417688.2923708,1357.001636505127,346.0,1325.0,428.0
2,1763417688.3311458,1362.7382736206055,346.0,1327.0,428.0
2,1763417688.3566308,1364.5788269042969,346.0,1332.0,437.0
2,1763417688.410989,1372.3121719360352,346.0,1340.0,446.0
2,1763417688.4602258,1378.0582790374756,346.0,1348.0,441.0
2,1763417688.4866333,1381.987979888916,346.0,1344.0,421.0
2,1763417688.5177412,1383.8656978607178,346.0,1365.0,416.0
2,1763417688.547076,1387.6614456176758,346.0,1362.0,423.0
2,1763417688.5849354,1393.3651237487793,346.0,1359.0,438.0
2,1763417688.6223946,1397.2213535308838,346.0,1350.0,444.0
2,1763417688.649819,1401.0722904205322,346.0,1342.0,441.0
2,1763417688.6920533,1404.976842880249,346.0,1355.0,445.0
2,1763417688.7283735,1410.6416110992432,346.0,1369.0,447.0
2,1763417688.7572567,1412.5710277557373,346.0,1391.0,449.0
2,1763417688.7973306,1418.431604385376,346.0,1395.0,460.0
2,1763417688.8375807,1422.2044067382812,346.0,1392.0,449.0
2,1763417688.8822415,1427.9882221221924,346.0,1388.0,433.0
2,1763417688.9120471,1431.8279724121094,346.0,1388.0,447.0
2,1763417688.937488,1435.6044654846191,346.0,1439.0,463.0
2,1763417688.968505,1439.5710735321045,346.0,1461.0,450.0
2,1763417689.0025969,1443.3211879730225,346.0,1462.0,429.0
2,1763417689.0491507,1449.0865211486816,346.0,1459.0,424.0
2,1763417689.086883,1452.9114227294922,346.0,1472.0,431.0
2,1763417689.1146965,1456.8341426849365,346.0,1488.0,435.0
2,1763417689.136602,1458.7502269744873,346.0,1480.0,422.0
2,1763417689.1822977,1464.440143585205,346.0,1467.0,410.0
2,1763417689.221745,1470.2013854980469,346.0,1465.0,392.0
2,1763417689.2465663,1472.1101169586182,346.0,1483.0,378.0
2,1763417689.27417,1475.9784202575684,346.0,1483.0,375.0
2,1763417689.3023832,1479.877965927124,346.0,1476.0,376.0
2,1763417689.3324993,1481.799114227295,346.0,1460.0,379.0
2,1763417689.3700237,1487.5123195648193,346.0,1455.0,376.0
2,1763417689.3969665,1489.4234256744385,346.0,1458.0,379.0
2,1763417689.4270022,1493.3555583953857,346.0,1472.0,391.0
2,1763417689.4665873,1499.0956859588623,346.0,1492.0,402.0
2,1763417689.4994354,1502.9047946929932,346.0,1517.0,411.0
2,1763417689.5365386,1506.7369918823242,346.0,1528.0,405.0
2,1763417689.5784948,1512.530906677246,346.0,1515.0,403.0
2,1763417689.6116009,1516.3126068115234,346.0,1495.0,407.0
2,1763417689.6421757,1520.1586513519287,346.0,1479.0,397.0
2,1763417689.6744275,1524.0017776489258,346.0,1518.0,403.0
2,1763417689.7069106,1527.8821544647217,346.0,1536.0,414.0
2,1763417689.7369688,1531.6043739318848,346.0,1538.0,420.0
2,1763417689.769142,1535.5151348114014,346.0,1550.0,416.0
2,1763417689.7973473,1537.3959712982178,346.0,1564.0,411.0
2,1763417689.834176,1543.195894241333,346.0,1557.0,411.0
2,1763417689.861865,1547.0157890319824,346.0,1550.0,411.0
2,1763417689.9023054,1550.8673267364502,346.0,1556.0,415.0
2,1763417689.9376893,1554.6506576538086,346.0,1562.0,423.0
2,1763417689.9674566,1558.481252670288,346.0,1562.0,423.0
2,1763417690.0024135,1562.457187652588,346.0,1556.0,418.0
2,1763417690.0374768,1566.2168579101562,346.0,1548.0,411.0
2,1763417690.0770507,1571.924856185913,346.0,1543.0,411.0
2,1763417690.102247,1575.861623764038,346.0,1532.0,412.0
2,1763417690.1317477,1577.7291564941406,346.0,1535.0,409.0
2,1763417690.1705375,1583.5497646331787,346.0,1584.0,418.0
2,1763417690.2026608,1587.391746520996,346.0,1612.0,430.0
2,1763417690.2331223,1591.2011413574219,346.0,1621.0,446.0
2,1763417690.27157,1595.0766830444336,346.0,1608.0,457.0
2,1763417690.301557,1598.9006690979004,346.0,1613.0,450.0
2,1763417690.3373897,1602.6440887451172,346.0,1615.0,428.0
2,1763417690.3672135,1606.590726852417,346.0,1611.0,397.0
2,1763417690.402559,1610.4059295654297,346.0,1602.0,382.0
2,1763417690.4374843,1614.1884307861328,346.0,1602.0,380.0
2,1763417690.467756,1618.0685501098633,346.0,1603.0,383.0
2,1763417690.5028462,1623.9335327148438,346.0,1614.0,386.0
2,1763417690.5418491,1627.7022151947021,346.0,1629.0,395.0
2,1763417690.5666182,1631.5861682891846,346.0,1636.0,415.0
2,1763417690.6022213,1635.3243522644043,346.0,1639.0,414.0
2,1763417690.6499102,1641.0634212493896,346.0,1652.0,413.0
2,1763417690.692443,1644.9890308380127,346.0,1664.0,413.0
2,1763417690.72905,1650.642011642456,346.0,1653.0,414.0
2,1763417690.75712,1652.6625518798828,346.0,1651.0,416.0
2,1763417690.7873867,1656.5156631469727,346.0,1665.0,410.0
2,1763417690.8247437,1662.161777496338,346.0,1666.0,413.0
2,1763417690.8676684,1666.0986881256104,346.0,1656.0,425.0
2,1763417690.9079404,1671.836784362793,346.0,1650.0,430.0
2,1763417690.9367588,1675.621088027954,346.0,1657.0,412.0
2,1763417690.9616966,1677.620714187622,346.0,1668.0,407.0
2,1763417690.9920485,1681.4208393096924,346.0,1689.0,416.0
2,1763417691.026645,1685.230920791626,346.0,1695.0,415.0
2,1763417691.056858,1689.1297225952148,346.0,1690.0,406.0
2,1763417691.1021,1694.8417835235596,346.0,1702.0,406.0
2,1763417691.1435492,1700.5742721557617,346.0,1693.0,407.0
2,1763417691.1617484,1702.4952487945557,346.0,1691.0,401.0
2,1763417691.2015588,1706.3890438079834,346.0,1700.0,390.0
2,1763417691.2368503,1710.2663021087646,346.0,1700.0,397.0
2,1763417691.266629,1714.003656387329,346.0,1699.0,388.0
2,1763417691.2965522,1717.878282546997,346.0,1702.0,362.0
2,1763417691.3274648,1721.7941360473633,346.0,1701.0,359.0
2,1763417691.3569376,1725.669448852539,346.0,1708.0,365.0
3,1763417691.3877487,1727.4431114196777,346.0,1704.0,366.0
3,1763417691.417876,1727.4431114196777,346.0,1692.0,366.0
3,1763417691.452127,1727.4431114196777,346.0,1694.0,364.0
3,1763417691.477307,1727.4431114196777,346.0,1687.0,362.0
3,1763417691.5221305,1727.4431114196777,346.0,1681.0,366.0
3,1763417691.5624208,1727.4431114196777,346.0,1683.0,369.0
3,1763417691.5823627,1727.4431114196777,346.0,1681.0,366.0
3,1763417691.6066334,1727.4431114196777,346.0,1682.0,371.0
3,1763417691.6375923,1727.4431114196777,346.0,1676.0,378.0
3,1763417691.6823492,1727.4431114196777,346.0,1678.0,385.0
3,1763417691.706885,1727.4431114196777,346.0,1701.0,404.0
3,1763417691.7423756,1727.4431114196777,346.0,1697.0,411.0
3,1763417691.7816906,1727.4431114196777,346.0,1495.0,399.0
3,1763417691.8165302,1727.4431114196777,346.0,1114.0,408.0
3,1763417691.8415813,1727.4431114196777,346.0,740.0,465.0
3,1763417691.87208,178.0,396.0,518.0,478.0
3,1763417691.907752,181.89888763427734,396.0,306.0,572.0
3,1763417691.9492583,187.60233688354492,396.0,361.0,442.0
3,1763417691.9765635,189.6338348388672,396.0,349.0,389.0
3,1763417692.0073998,193.52714347839355,396.0,347.0,379.0
3,1763417692.0477571,199.19379997253418,396.0,322.0,397.0
3,1763417692.0791588,203.05492210388184,396.0,241.0,409.0
3,1763417692.121575,206.85802268981934,396.0,240.0,396.0
3,1763417692.1669607,212.64086532592773,396.0,259.0,404.0
3,1763417692.201753,216.42127799987793,396.0,278.0,426.0
3,1763417692.2316673,220.25805282592773,396.0,282.0,422.0
3,1763417692.2705688,226.05059432983398,396.0,287.0,405.0
3,1763417692.3026545,229.93869590759277,396.0,287.0,407.0
3,1763417692.3275096,231.8743495941162,396.0,266.0,399.0
3,1763417692.3575144,235.66331672668457,396.0,275.0,392.0
3,1763417692.3875587,239.52143478393555,396.0,277.0,369.0
3,1763417692.421647,243.48704147338867,396.0,281.0,353.0
3,1763417692.464143,249.0640048980713,396.0,298.0,355.0
3,1763417692.50235,252.88118171691895,396.0,312.0,351.0
3,1763417692.5289707,256.78390312194824,396.0,322.0,340.0
3,1763417692.5735228,262.57183837890625,396.0,316.0,333.0
3,1763417692.611858,266.3799457550049,396.0,317.0,335.0
3,1763417692.6322489,268.33482551574707,396.0,348.0,362.0
3,1763417692.6625063,272.14639472961426,396.0,335.0,365.0
3,1763417692.6971476,275.9748725891113,396.0,333.0,361.0
3,1763417692.728183,279.8560791015625,396.0,343.0,382.0
3,1763417692.7624593,283.7203769683838,396.0,350.0,403.0
3,1763417692.791986,287.5369529724121,396.0,344.0,421.0
3,1763417692.8300934,293.25476455688477,396.0,343.0,420.0
3,1763417692.8671381,297.10547256469727,396.0,353.0,417.0
3,1763417692.9016724,300.9209613800049,396.0,349.0,404.0
3,1763417692.9323058,304.7957305908203,396.0,348.0,393.0
3,1763417692.9625278,308.5614948272705,396.0,353.0,391.0
3,1763417692.997276,312.50072288513184,396.0,360.0,379.0
3,1763417693.032047,316.26720237731934,396.0,370.0,374.0
3,1763417693.0616148,320.0866107940674,396.0,368.0,375.0
3,1763417693.091851,323.9659004211426,396.0,372.0,369.0
3,1763417693.13447,329.7365264892578,396.0,383.0,377.0
3,1763417693.1829162,335.5667476654053,396.0,371.0,385.0
3,1763417693.207014,337.42715644836426,396.0,365.0,383.0
3,1763417693.2421513,341.3143711090088,396.0,376.0,378.0
3,1763417693.2717617,345.08831787109375,396.0,396.0,363.0
3,1763417693.309787,350.8785991668701,396.0,393.0,364.0
3,1763417693.3367133,352.8041820526123,396.0,383.0,380.0
3,1763417693.381857,358.52577018737793,396.0,389.0,401.0
3,1763417693.4227586,364.2973690032959,396.0,417.0,405.0
3,1763417693.4621067,368.15374183654785,396.0,437.0,388.0
3,1763417693.5066724,373.9242820739746,396.0,440.0,390.0
3,1763417693.5345552,377.7303295135498,396.0,443.0,396.0
3,1763417693.557635,379.7189407348633,396.0,436.0,390.0
3,1763417693.5872593,383.559778213501,396.0,438.0,381.0
3,1763417693.6216621,387.37618255615234,396.0,443.0,387.0
3,1763417693.652325,391.1252098083496,396.0,444.0,402.0
3,1763417693.6867876,395.1092700958252,396.0,425.0,413.0
3,1763417693.7266445,400.79566764831543,396.0,422.0,396.0
3,1763417693.7524314,402.68666076660156,396.0,425.0,385.0
3,1763417693.7918835,408.47136306762695,396.0,425.0,382.0
3,1763417693.8174262,410.4275016784668,396.0,419.0,382.0
3,1763417693.8534129,416.16762924194336,396.0,421.0,372.0
3,1763417693.8869061,420.05163955688477,396.0,428.0,373.0
3,1763417693.9269335,423.8857536315918,396.0,435.0,368.0
3,1763417693.9675171,429.57715797424316,396.0,446.0,366.0
3,1763417694.0150528,435.3388862609863,396.0,461.0,376.0
3,1763417694.0370963,437.3080997467041,396.0,460.0,380.0
3,1763417694.0794933,443.0483989715576,396.0,460.0,379.0
3,1763417694.1218684,446.90869140625,396.0,452.0,377.0
3,1763417694.1466947,450.645845413208,396.0,450.0,375.0
3,1763417694.1733277,454.55686378479004,396.0,463.0,374.0
3,1763417694.2018502,456.4393882751465,396.0,479.0,385.0
3,1763417694.2324464,460.24626541137695,396.0,478.0,405.0
3,1763417694.262139,464.0953426361084,396.0,477.0,413.0
3,1763417694.2923038,468.04289627075195,396.0,484.0,407.0
3,1763417694.3275928,471.85729789733887,396.0,496.0,405.0
3,1763417694.357749,475.6477527618408,396.0,498.0,392.0
3,1763417694.3872395,479.44627571105957,396.0,502.0,395.0
3,1763417694.428886,485.20691680908203,396.0,503.0,390.0
3,1763417694.456976,487.24628257751465,396.0,508.0,372.0
3,1763417694.5024207,492.9389171600342,396.0,506.0,370.0
3,1763417694.5424361,498.7199287414551,396.0,497.0,383.0
3,1763417694.5679672,500.6703453063965,396.0,485.0,398.0
3,1763417694.5972943,504.41244888305664,396.0,498.0,401.0
3,1763417694.6320918,508.3602600097656,396.0,516.0,389.0
3,1763417694.6621776,512.1723728179932,396.0,530.0,385.0
3,1763417694.6918728,515.9945278167725,396.0,541.0,384.0
3,1763417694.7277255,519.8436622619629,396.0,549.0,379.0
3,1763417694.756652,523.7081317901611,396.0,554.0,372.0
3,1763417694.7916543,527.5167827606201,396.0,549.0,373.0
3,1763417694.8266344,533.3183937072754,396.0,544.0,368.0
3,1763417694.8617992,537.164924621582,396.0,532.0,369.0
3,1763417694.893682,540.9495429992676,396.0,526.0,378.0
3,1763417694.9222124,542.8336982727051,396.0,531.0,391.0
3,1763417694.9575026,548.5675029754639,396.0,544.0,390.0
3,1763417694.9923391,552.4204998016357,396.0,541.0,397.0
3,1763417695.0320415,556.2492065429688,396.0,549.0,408.0
3,1763417695.0725317,562.0543365478516,396.0,568.0,406.0
3,1763417695.1071599,565.9647541046143,396.0,584.0,387.0
3,1763417695.1422868,569.7074012756348,396.0,591.0,387.0
3,1763417695.171759,573.6363296508789,396.0,595.0,391.0
3,1763417695.2020087,577.7566604614258,396.0,590.0,384.0
3,1763417695.2323306,581.3091640472412,396.0,607.0,375.0
3,1763417695.263013,585.1796703338623,396.0,612.0,367.0
3,1763417695.2944944,588.9555912017822,396.0,605.0,365.0
3,1763417695.332196,592.8272132873535,396.0,591.0,366.0
3,1763417695.3570583,596.5720348358154,396.0,596.0,375.0
3,1763417695.3918333,600.4802207946777,396.0,597.0,376.0
3,1763417695.4271839,604.3514709472656,396.0,594.0,373.0
3,1763417695.4624598,608.1567459106445,396.0,601.0,366.0
3,1763417695.502075,613.9620189666748,396.0,598.0,378.0
3,1763417695.5370996,617.7559070587158,396.0,603.0,383.0
3,1763417695.5624368,619.7025470733643,396.0,598.0,377.0
3,1763417695.598645,625.4625015258789,396.0,598.0,369.0
3,1763417695.626878,629.3476276397705,396.0,606.0,370.0
3,1763417695.6666296,633.0433540344238,396.0,618.0,374.0
3,1763417695.6965747,636.9724540710449,396.0,636.0,391.0
3,1763417695.741658,642.7185611724854,396.0,642.0,409.0
3,1763417695.7821405,646.5341644287109,396.0,644.0,410.0
3,1763417695.8074894,650.3759746551514,396.0,693.0,396.0
3,1763417695.8317108,652.2960357666016,396.0,703.0,394.0
3,1763417695.8618157,656.1411933898926,396.0,705.0,408.0
3,1763417695.8974056,660.0668888092041,396.0,703.0,414.0
3,1763417695.9496288,667.6453952789307,396.0,705.0,409.0
3,1763417695.9836848,671.4923553466797,396.0,696.0,408.0
3,1763417696.0068996,673.4599094390869,396.0,689.0,416.0
3,1763417696.0370953,677.2342281341553,396.0,693.0,407.0
3,1763417696.0839121,683.0243377685547,396.0,697.0,402.0
3,1763417696.1171901,686.8808250427246,396.0,727.0,407.0
3,1763417696.1572206,692.6226119995117,396.0,745.0,416.0
3,1763417696.197023,696.5237884521484,396.0,741.0,422.0
3,1763417696.2322302,700.2574234008789,396.0,741.0,427.0
3,1763417696.2578533,704.2099266052246,396.0,748.0,426.0
3,1763417696.29253,707.9205589294434,396.0,745.0,413.0
3,1763417696.3340743,713.8326053619385,396.0,742.0,406.0
3,1763417696.3670483,717.5251846313477,396.0,740.0,417.0
3,1763417696.3984232,721.4539413452148,396.0,739.0,424.0
3,1763417696.426675,725.3232746124268,396.0,784.0,425.0
3,1763417696.456941,727.1885471343994,396.0,787.0,428.0
3,1763417696.502712,732.9993133544922,396.0,782.0,429.0
3,1763417696.5223753,734.8156337738037,396.0,780.0,428.0
3,1763417696.5636652,740.6425361633301,396.0,783.0,425.0
3,1763417696.5894058,744.482629776001,396.0,771.0,415.0
3,1763417696.6173515,746.3558559417725,396.0,771.0,413.0
3,1763417696.6484659,750.30712890625,396.0,744.0,414.0
3,1763417696.6773543,754.0048294067383,396.0,728.0,413.0
3,1763417696.706724,757.9802780151367,396.0,746.0,421.0
3,1763417696.750289,763.6325149536133,396.0,762.0,421.0
3,1763417696.7974665,769.3650035858154,396.0,760.0,424.0
3,1763417696.8368244,773.3048038482666,396.0,728.0,428.0
3,1763417696.8645308,777.0823841094971,396.0,724.0,419.0
3,1763417696.893313,780.9475402832031,396.0,733.0,406.0
3,1763417696.9173586,782.8784732818604,396.0,748.0,402.0
3,1763417696.959147,788.728178024292,396.0,760.0,414.0
3,1763417696.9869092,790.5272464752197,396.0,770.0,431.0
3,1763417697.031553,796.2647132873535,396.0,771.0,433.0
3,1763417697.069967,802.0303897857666,396.0,772.0,426.0
3,1763417697.0924473,804.0201454162598,396.0,769.0,410.0
3,1763417697.1274471,807.9424648284912,396.0,765.0,409.0
3,1763417697.1679819,813.5279541015625,396.0,777.0,412.0
3,1763417697.206885,817.4961929321289,396.0,790.0,406.0
3,1763417697.242799,821.3331680297852,396.0,792.0,410.0
3,1763417697.2825322,827.0773868560791,396.0,799.0,415.0
3,1763417697.3222728,830.8083324432373,396.0,808.0,419.0
3,1763417697.3522716,834.6964054107666,396.0,820.0,425.0
3,1763417697.3904128,840.4672031402588,396.0,841.0,418.0
3,1763417697.4317746,844.3250923156738,396.0,858.0,411.0
3,1763417697.456538,848.131196975708,396.0,872.0,412.0
3,1763417697.4990451,852.004077911377,396.0,871.0,408.0
3,1763417697.5438404,857.7411727905273,396.0,870.0,400.0
3,1763417697.5765371,861.5867881774902,396.0,860.0,409.0
3,1763417697.613165,867.3066024780273,396.0,847.0,433.0
3,1763417697.6472974,871.1653499603271,396.0,842.0,451.0
3,1763417697.6825292,874.9608688354492,396.0,854.0,444.0
3,1763417697.71735,878.8780097961426,396.0,858.0,438.0
3,1763417697.7425954,882.646806716919,396.0,853.0,439.0
3,1763417697.774668,886.5866928100586,396.0,848.0,444.0
3,1763417697.8116527,890.3897361755371,396.0,874.0,450.0
3,1763417697.8396897,894.2904262542725,396.0,869.0,438.0
3,1763417697.8767624,898.033073425293,396.0,866.0,425.0
3,1763417697.9189053,903.8816909790039,396.0,873.0,427.0
3,1763417697.9618459,908.0787830352783,396.0,881.0,439.0
3,1763417697.9868443,911.5004806518555,396.0,873.0,434.0
3,1763417698.0133348,915.3360824584961,396.0,877.0,423.0
3,1763417698.042549,917.2578029632568,396.0,886.0,442.0
3,1763417698.0773287,923.0427341461182,396.0,891.0,447.0
3,1763417698.109001,926.8219165802002,396.0,895.0,448.0
3,1763417698.1465974,930.7684116363525,396.0,893.0,439.0
3,1763417698.1753314,934.6130542755127,396.0,886.0,429.0
3,1763417698.2121603,938.4509735107422,396.0,888.0,420.0
3,1763417698.2415907,942.2498397827148,396.0,900.0,418.0
3,1763417698.2773917,946.0923652648926,396.0,912.0,426.0
3,1763417698.3120172,949.9430160522461,396.0,927.0,436.0
3,1763417698.3516479,955.7144718170166,396.0,946.0,446.0
3,1763417698.3916562,959.4800357818604,396.0,947.0,454.0
3,1763417698.421894,963.3333473205566,396.0,947.0,452.0
3,1763417698.4518068,967.2677402496338,396.0,941.0,431.0
3,1763417698.4876285,971.0626010894775,396.0,933.0,412.0
3,1763417698.5173965,974.9024085998535,396.0,951.0,408.0
3,1763417698.5468981,978.6676578521729,396.0,963.0,414.0
3,1763417698.5776527,982.5574474334717,396.0,944.0,433.0
3,1763417698.6173656,986.381404876709,396.0,950.0,438.0
3,1763417698.656582,992.1651344299316,396.0,953.0,441.0
3,1763417698.6924388,996.018102645874,396.0,956.0,440.0
3,1763417698.7273636,999.8072128295898,396.0,953.0,438.0
3,1763417698.7616594,1003.6807804107666,396.0,972.0,439.0
3,1763417698.792463,1007.4755268096924,396.0,988.0,438.0
3,1763417698.8341396,1013.297908782959,396.0,990.0,435.0
3,1763417698.8617449,1017.0531158447266,396.0,978.0,433.0
3,1763417698.9065547,1022.9088287353516,396.0,974.0,436.0
3,1763417698.9332254,1024.8812465667725,396.0,978.0,450.0
3,1763417698.9572814,1028.5753135681152,396.0,975.0,452.0
3,1763417699.0016057,1032.432544708252,396.0,972.0,454.0
3,1763417699.0272624,1036.348913192749,396.0,979.0,446.0
3,1763417699.061707,1040.0819473266602,396.0,995.0,462.0
3,1763417699.09166,1043.9684753417969,396.0,1010.0,470.0
3,1763417699.1364458,1049.7047691345215,396.0,1018.0,469.0
3,1763417699.1716805,1053.5700969696045,396.0,1016.0,467.0
3,1763417699.217859,1059.3271045684814,396.0,1013.0,459.0
3,1763417699.2515385,1063.126543045044,396.0,1016.0,447.0
3,1763417699.2773185,1067.0330410003662,396.0,1051.0,444.0
3,1763417699.3122497,1070.9131603240967,396.0,1071.0,439.0
3,1763417699.3518045,1074.722812652588,396.0,1075.0,436.0
3,1763417699.3969755,1080.5073146820068,396.0,1077.0,453.0
3,1763417699.4271822,1084.2757396697998,396.0,1089.0,475.0
3,1763417699.4699557,1090.0380973815918,396.0,1092.0,476.0
3,1763417699.507374,1093.913896560669,396.0,1096.0,472.0
3,1763417699.5355008,1097.7624588012695,396.0,1082.0,468.0
3,1763417699.5624378,1099.6029262542725,396.0,1090.0,479.0
3,1763417699.5916278,1103.4747200012207,396.0,1098.0,494.0
3,1763417699.621909,1107.3534660339355,396.0,1104.0,498.0
3,1763417699.662554,1113.1048946380615,396.0,1100.0,486.0
3,1763417699.6948211,1117.0219497680664,396.0,1103.0,471.0
3,1763417699.7274318,1120.8010749816895,396.0,1091.0,475.0
3,1763417699.757788,1124.6909790039062,396.0,1085.0,482.0
3,1763417699.7967157,1128.460376739502,396.0,1090.0,483.0
3,1763417699.8266983,1132.3047046661377,396.0,1108.0,480.0
3,1763417699.8616924,1136.1917476654053,396.0,1135.0,465.0
3,1763417699.8972895,1140.0089530944824,396.0,1161.0,458.0
3,1763417699.927756,1143.7905673980713,396.0,1169.0,453.0
3,1763417699.956606,1147.6238231658936,396.0,1165.0,453.0
3,1763417699.986559,1151.522481918335,396.0,1162.0,456.0
3,1763417700.0215929,1155.3286724090576,396.0,1164.0,471.0
3,1763417700.065003,1161.1664752960205,396.0,1150.0,495.0
3,1763417700.0870016,1163.0005626678467,396.0,1157.0,480.0
3,1763417700.117504,1166.9147853851318,396.0,1160.0,486.0
3,1763417700.1524632,1170.6950550079346,396.0,1171.0,492.0
3,1763417700.1923926,1176.5234451293945,396.0,1176.0,490.0
3,1763417700.221571,1180.3116397857666,396.0,1187.0,478.0
3,1763417700.254488,1184.2425994873047,396.0,1180.0,482.0
3,1763417700.297344,1188.2911472320557,396.0,1169.0,479.0
3,1763417700.3373442,1193.7452011108398,396.0,1161.0,475.0
3,1763417700.3718338,1197.5977115631104,396.0,1156.0,467.0
3,1763417700.4072452,1201.4514236450195,396.0,1176.0,469.0
3,1763417700.4374895,1205.201738357544,396.0,1201.0,459.0
3,1763417700.471637,1209.1495780944824,396.0,1203.0,450.0
3,1763417700.5108376,1214.8242168426514,396.0,1192.0,451.0
3,1763417700.5477514,1218.7250213623047,396.0,1180.0,456.0
3,1763417700.589248,1224.4660930633545,396.0,1197.0,459.0
3,1763417700.6222837,1228.25972366333,396.0,1217.0,454.0
3,1763417700.6473968,1230.2408962249756,396.0,1229.0,462.0
3,1763417700.6768932,1234.1098861694336,396.0,1230.0,475.0
3,1763417700.7120368,1237.9429416656494,396.0,1269.0,472.0
3,1763417700.7530465,1243.7154560089111,396.0,1275.0,450.0
3,1763417700.7864144,1247.5707702636719,396.0,1262.0,438.0
3,1763417700.8297195,1253.2099323272705,396.0,1257.0,435.0
3,1763417700.8515427,1255.1440410614014,396.0,1268.0,439.0
3,1763417700.8776424,1259.0551452636719,396.0,1263.0,448.0
3,1763417700.9094467,1262.8531818389893,396.0,1264.0,454.0
3,1763417700.947212,1266.734245300293,396.0,1264.0,460.0
3,1763417700.9865649,1272.5100498199463,396.0,1258.0,447.0
3,1763417701.026795,1276.3048248291016,396.0,1260.0,440.0
3,1763417701.0470066,1278.2080631256104,396.0,1275.0,451.0
3,1763417701.0766454,1281.9999771118164,396.0,1284.0,454.0
3,1763417701.106832,1285.9114246368408,396.0,1276.0,448.0
3,1763417701.1419332,1289.7807006835938,396.0,1264.0,434.0
3,1763417701.1696625,1293.646686553955,396.0,1270.0,426.0
3,1763417701.2053037,1297.4571685791016,396.0,1286.0,429.0
3,1763417701.2424695,1301.214349746704,396.0,1276.0,449.0
3,1763417701.27176,1305.1371269226074,396.0,1270.0,457.0
3,1763417701.3020637,1308.8873844146729,396.0,1283.0,454.0
3,1763417701.3322904,1312.8081874847412,396.0,1299.0,456.0
3,1763417701.367623,1316.6606121063232,396.0,1303.0,459.0
3,1763417701.3966231,1320.515811920166,396.0,1287.0,469.0
3,1763417701.4268756,1324.3764190673828,396.0,1277.0,476.0
3,1763417701.4566343,1328.1691341400146,396.0,1279.0,484.0
3,1763417701.4918754,1332.0138912200928,396.0,1289.0,485.0
3,1763417701.5345051,1337.729986190796,396.0,1314.0,485.0
3,1763417701.5566587,1339.723403930664,396.0,1344.0,470.0
3,1763417701.591739,1343.4496574401855,396.0,1364.0,439.0
3,1763417701.632323,1349.2307262420654,396.0,1376.0,413.0
3,1763417701.6717453,1353.1404857635498,396.0,1374.0,417.0
3,1763417701.7117283,1358.896348953247,396.0,1370.0,439.0
3,1763417701.7372842,1360.8500843048096,396.0,1370.0,446.0
3,1763417701.7674675,1364.604175567627,396.0,1382.0,440.0
3,1763417701.7966537,1368.511417388916,396.0,1391.0,434.0
3,1763417701.8420687,1374.2179565429688,396.0,1409.0,440.0
3,1763417701.8870902,1379.969928741455,396.0,1399.0,443.0
3,1763417701.918272,1381.9218044281006,396.0,1377.0,438.0
3,1763417701.9537654,1387.6693134307861,396.0,1389.0,445.0
3,1763417701.9824407,1391.5219383239746,396.0,1408.0,437.0
3,1763417702.0174487,1395.400770187378,396.0,1407.0,439.0
3,1763417702.0468,1399.2178039550781,396.0,1399.0,486.0
3,1763417702.0823917,1403.011863708496,396.0,1405.0,508.0
3,1763417702.1116366,1406.8707256317139,396.0,1403.0,490.0
3,1763417702.1431246,1410.7546215057373,396.0,1408.0,482.0
3,1763417702.176819,1414.5949726104736,396.0,1415.0,473.0
3,1763417702.2121348,1418.3562450408936,396.0,1414.0,458.0
3,1763417702.2424073,1422.2663478851318,396.0,1423.0,444.0
3,1763417702.2772052,1426.0002975463867,396.0,1444.0,456.0
3,1763417702.3078387,1429.8503189086914,396.0,1445.0,476.0
3,1763417702.3419383,1433.7000827789307,396.0,1440.0,472.0
3,1763417702.3716276,1437.643201828003,396.0,1433.0,462.0
3,1763417702.3985157,1441.4430122375488,396.0,1442.0,446.0
3,1763417702.431915,1445.307481765747,396.0,1482.0,454.0
3,1763417702.4716349,1449.2074565887451,396.0,1487.0,446.0
3,1763417702.5124428,1454.9291305541992,396.0,1495.0,461.0
3,1763417702.5372772,1456.7987518310547,396.0,1493.0,497.0
3,1763417702.5668423,1460.567949295044,396.0,1497.0,487.0
3,1763417702.6015851,1464.4176559448242,396.0,1499.0,478.0
3,1763417702.6317813,1468.3518199920654,396.0,1505.0,470.0
3,1763417702.6816292,1474.0490894317627,396.0,1523.0,477.0
3,1763417702.7381783,1481.7296199798584,396.0,1523.0,479.0
3,1763417702.7716558,1485.603588104248,396.0,1477.0,492.0
3,1763417702.822363,1491.285207748413,396.0,1470.0,467.0
3,1763417702.8472466,1495.220115661621,396.0,1473.0,466.0
3,1763417702.8720148,1497.0846729278564,396.0,1469.0,466.0
3,1763417702.8975067,1501.0184936523438,396.0,1472.0,457.0
3,1763417702.9367847,1504.7620849609375,396.0,1486.0,465.0
3,1763417702.9702644,1508.6556224822998,396.0,1481.0,472.0
3,1763417703.0018535,1512.403305053711,396.0,1483.0,485.0
3,1763417703.043782,1518.2470016479492,396.0,1472.0,484.0
3,1763417703.0776489,1522.117021560669,396.0,1483.0,464.0
3,1763417703.111643,1525.9240703582764,396.0,1487.0,451.0
3,1763417703.1420166,1529.7213916778564,396.0,1499.0,457.0
3,1763417703.1671114,1533.6446266174316,396.0,1496.0,477.0
3,1763417703.2066548,1537.4078731536865,396.0,1504.0,491.0
3,1763417703.2478695,1543.1768970489502,396.0,1512.0,491.0
3,1763417703.2883544,1547.0424537658691,396.0,1523.0,464.0
3,1763417703.3117194,1550.9017162322998,396.0,1524.0,456.0
3,1763417703.3422427,1554.665506362915,396.0,1522.0,484.0
3,1763417703.373419,1558.5232524871826,396.0,1523.0,496.0
3,1763417703.404119,1560.479133605957,396.0,1521.0,489.0
3,1763417703.4426472,1566.296422958374,396.0,1534.0,478.0
3,1763417703.482169,1570.0429039001465,396.0,1557.0,477.0
3,1763417703.5257072,1575.8442859649658,396.0,1584.0,481.0
3,1763417703.549119,1579.6336822509766,396.0,1589.0,479.0
3,1763417703.587526,1583.464105606079,396.0,1592.0,472.0
3,1763417703.6148114,1587.3655395507812,396.0,1600.0,480.0
3,1763417703.6477056,1591.1570529937744,396.0,1613.0,478.0
3,1763417703.677306,1594.9791221618652,396.0,1623.0,479.0
3,1763417703.7090504,1598.8251953125,396.0,1622.0,476.0
3,1763417703.7421052,1602.7639656066895,396.0,1602.0,471.0
3,1763417703.7741325,1606.5004901885986,396.0,1595.0,461.0
3,1763417703.8081264,1610.4862957000732,396.0,1593.0,455.0
3,1763417703.8470542,1614.2184715270996,396.0,1596.0,454.0
3,1763417703.887294,1620.056074142456,396.0,1598.0,465.0
3,1763417703.9224117,1623.817232131958,396.0,1590.0,467.0
3,1763417703.9465714,1627.7108268737793,396.0,1591.0,462.0
3,1763417703.9815862,1631.5459423065186,396.0,1600.0,461.0
3,1763417704.0231156,1635.2871589660645,396.0,1606.0,456.0
3,1763417704.0625203,1641.1263637542725,396.0,1614.0,459.0
3,1763417704.0937922,1644.9266319274902,396.0,1638.0,453.0
3,1763417704.1265955,1648.7646083831787,396.0,1632.0,465.0
3,1763417704.1519444,1650.6465892791748,396.0,1623.0,467.0
3,1763417704.189396,1656.467082977295,396.0,1615.0,465.0
3,1763417704.2172923,1658.3496932983398,396.0,1626.0,459.0
3,1763417704.2472038,1662.258279800415,396.0,1631.0,454.0
3,1763417704.2773266,1666.0656719207764,396.0,1631.0,439.0
3,1763417704.3058598,1669.9246196746826,396.0,1639.0,430.0
3,1763417704.3376782,1673.6950187683105,396.0,1644.0,445.0
3,1763417704.382604,1679.4530563354492,396.0,1657.0,445.0
3,1763417704.4077814,1681.380069732666,396.0,1668.0,425.0
3,1763417704.4417784,1685.2150421142578,396.0,1653.0,423.0
3,1763417704.4775767,1691.0432891845703,396.0,1646.0,431.0
3,1763417704.5179543,1694.8301677703857,396.0,1656.0,425.0
3,1763417704.5469697,1698.7621002197266,396.0,1667.0,408.0
3,1763417704.5817873,1702.5810222625732,396.0,1665.0,412.0
3,1763417704.624608,1708.300350189209,396.0,1680.0,417.0
3,1763417704.6625423,1712.1134929656982,396.0,1685.0,423.0
3,1763417704.6877136,1715.981882095337,396.0,1682.0,424.0
3,1763417704.7172825,1719.7915058135986,396.0,1659.0,427.0
3,1763417704.7567458,1723.6932544708252,396.0,1677.0,437.0
4,1763417704.796891,1727.5207023620605,396.0,1683.0,437.0
4,1763417704.821642,1727.5207023620605,396.0,1688.0,435.0
4,1763417704.8477495,1727.5207023620605,396.0,1680.0,432.0
4,1763417704.8769636,1727.5207023620605,396.0,1673.0,431.0
4,1763417704.9173057,1727.5207023620605,396.0,1684.0,426.0
4,1763417704.9571712,1727.5207023620605,396.0,1688.0,426.0
4,1763417704.9921246,1727.5207023620605,396.0,1696.0,428.0
4,1763417705.0119712,1727.5207023620605,396.0,1698.0,419.0
4,1763417705.042073,1727.5207023620605,396.0,1694.0,419.0
4,1763417705.077421,1727.5207023620605,396.0,1689.0,423.0
4,1763417705.1222205,1727.5207023620605,396.0,1693.0,424.0
4,1763417705.1619055,1727.5207023620605,396.0,1709.0,429.0
4,1763417705.1825547,1727.5207023620605,396.0,1716.0,441.0
4,1763417705.2117367,1727.5207023620605,396.0,1713.0,438.0
4,1763417705.2465937,1727.5207023620605,396.0,1690.0,432.0
4,1763417705.2778692,1727.5207023620605,396.0,1339.0,490.0
4,1763417705.3220139,181.89525413513184,446.0,1037.0,538.0
4,1763417705.3635185,187.6445083618164,446.0,861.0,558.0
4,1763417705.3824222,189.61005973815918,446.0,867.0,488.0
4,1763417705.4224868,193.40294647216797,446.0,863.0,480.0
4,1763417705.4673111,199.23711585998535,446.0,868.0,496.0
4,1763417705.4921234,203.05552291870117,446.0,545.0,499.0
4,1763417705.5223277,206.81121635437012,446.0,297.0,490.0
4,1763417705.5575283,210.70426750183105,446.0,255.0,458.0
4,1763417705.5816169,212.68501091003418,446.0,298.0,433.0
4,1763417705.623905,218.33784866333008,446.0,306.0,418.0
4,1763417705.6517987,222.21793937683105,446.0,287.0,431.0
4,1763417705.6830192,226.0820083618164,446.0,263.0,440.0
4,1763417705.711769,229.94727897644043,446.0,265.0,452.0
4,1763417705.7516,233.73407173156738,446.0,273.0,458.0
4,1763417705.78747,237.61341857910156,446.0,289.0,454.0
4,1763417705.8174238,241.3877658843994,446.0,300.0,436.0
4,1763417705.847675,245.2744369506836,446.0,315.0,432.0
4,1763417705.88684,249.079683303833,446.0,308.0,440.0
4,1763417705.9249053,254.8552303314209,446.0,281.0,458.0
4,1763417705.9567254,258.8081912994385,446.0,267.0,447.0
4,1763417705.9901428,262.5229434967041,446.0,267.0,428.0
4,1763417706.0418146,268.24736404418945,446.0,286.0,414.0
4,1763417706.071753,272.0858268737793,446.0,312.0,396.0
4,1763417706.1084855,276.0449676513672,446.0,327.0,386.0
4,1763417706.147369,281.6830425262451,446.0,324.0,388.0
4,1763417706.1825006,285.5835609436035,446.0,317.0,397.0
4,1763417706.2073672,287.5103168487549,446.0,290.0,430.0
4,1763417706.2418282,293.30494689941406,446.0,294.0,452.0
4,1763417706.2744863,297.0805244445801,446.0,339.0,443.0
4,1763417706.3016539,298.9806442260742,446.0,365.0,447.0
4,1763417706.3320463,302.8687744140625,446.0,372.0,436.0
4,1763417706.3666792,306.7488651275635,446.0,377.0,454.0
4,1763417706.3968716,310.55571365356445,446.0,375.0,447.0
4,1763417706.4343703,316.24485778808594,446.0,384.0,440.0
4,1763417706.482322,322.05078887939453,446.0,389.0,433.0
4,1763417706.5216453,325.9491901397705,446.0,386.0,437.0
4,1763417706.546715,329.7240238189697,446.0,369.0,432.0
4,1763417706.5734024,331.7419605255127,446.0,379.0,430.0
4,1763417706.6115358,337.3928527832031,446.0,389.0,428.0
4,1763417706.6369004,339.3243007659912,446.0,395.0,437.0
4,1763417706.6668644,343.1440238952637,446.0,397.0,436.0
4,1763417706.7024782,346.9854621887207,446.0,398.0,434.0
4,1763417706.7429364,352.7254180908203,446.0,407.0,442.0
4,1763417706.762217,354.6568660736084,446.0,433.0,451.0
4,1763417706.7921531,358.6082534790039,446.0,455.0,444.0
4,1763417706.8227596,362.42480087280273,446.0,455.0,432.0
4,1763417706.867054,368.2103614807129,446.0,446.0,454.0
4,1763417706.9118867,373.961389541626,446.0,441.0,464.0
4,1763417706.937199,375.7649211883545,446.0,460.0,459.0
4,1763417706.963588,379.6607189178467,446.0,478.0,448.0
4,1763417706.995153,383.50267219543457,446.0,492.0,436.0
4,1763417707.028058,387.3302631378174,446.0,444.0,436.0
4,1763417707.067483,391.1702423095703,446.0,426.0,426.0
4,1763417707.1165955,396.8912868499756,446.0,412.0,418.0
4,1763417707.1674638,402.6470069885254,446.0,415.0,406.0
4,1763417707.227275,410.36395835876465,446.0,422.0,400.0
4,1763417707.2568128,414.21397972106934,446.0,430.0,429.0
4,1763417707.2866502,418.05066871643066,446.0,474.0,441.0
4,1763417707.3164165,421.85966300964355,446.0,481.0,427.0
4,1763417707.341791,423.868501663208,446.0,483.0,412.0
4,1763417707.3725145,427.7049045562744,446.0,477.0,411.0
4,1763417707.4022472,431.4845161437988,446.0,482.0,407.0
4,1763417707.4373803,435.3145389556885,446.0,482.0,422.0
4,1763417707.467089,439.21554374694824,446.0,484.0,430.0
4,1763417707.4965599,443.0868797302246,446.0,480.0,438.0
4,1763417707.5267637,446.86752128601074,446.0,477.0,441.0
4,1763417707.5617032,450.8081226348877,446.0,476.0,444.0
4,1763417707.5923955,454.50731086730957,446.0,479.0,444.0
4,1763417707.6366425,460.3087787628174,446.0,470.0,444.0
4,1763417707.6684086,464.08750343322754,446.0,468.0,444.0
4,1763417707.6923528,466.1680679321289,446.0,471.0,445.0
4,1763417707.7273257,469.9449043273926,446.0,487.0,449.0
4,1763417707.7629051,475.63885498046875,446.0,502.0,452.0
4,1763417707.7954555,479.45952224731445,446.0,504.0,448.0
4,1763417707.8324904,483.40252685546875,446.0,493.0,445.0
4,1763417707.8595376,487.1469478607178,446.0,492.0,445.0
4,1763417707.8918808,491.01490783691406,446.0,492.0,446.0
4,1763417707.9324038,494.90884590148926,446.0,499.0,438.0
4,1763417707.9669204,498.68299293518066,446.0,506.0,429.0
4,1763417707.9973853,502.561767578125,446.0,508.0,429.0
4,1763417708.0264478,506.3810615539551,446.0,517.0,447.0
4,1763417708.0617247,510.20333099365234,446.0,524.0,452.0
4,1763417708.102406,516.0098342895508,446.0,523.0,465.0
4,1763417708.126566,517.8593425750732,446.0,526.0,458.0
4,1763417708.1572123,521.6829280853271,446.0,538.0,463.0
4,1763417708.197103,527.5640468597412,446.0,543.0,467.0
4,1763417708.2472646,533.3156757354736,446.0,561.0,471.0
4,1763417708.2918518,539.0780906677246,446.0,557.0,467.0
4,1763417708.3274844,542.9091720581055,446.0,554.0,469.0
4,1763417708.3618445,546.6711025238037,446.0,570.0,479.0
4,1763417708.386612,550.5467014312744,446.0,569.0,492.0
4,1763417708.419065,554.3401317596436,446.0,569.0,488.0
4,1763417708.4575043,558.2584171295166,446.0,558.0,474.0
4,1763417708.483163,562.0022945404053,446.0,576.0,465.0
4,1763417708.5075045,563.9411811828613,446.0,586.0,470.0
4,1763417708.5522077,569.7438507080078,446.0,587.0,474.0
4,1763417708.5919356,575.5672626495361,446.0,591.0,477.0
4,1763417708.617273,577.4606018066406,446.0,597.0,487.0
4,1763417708.6600893,583.243730545044,446.0,614.0,484.0
4,1763417708.70227,586.9716148376465,446.0,603.0,483.0
4,1763417708.727232,590.8034973144531,446.0,600.0,473.0
4,1763417708.7566748,594.6587829589844,446.0,605.0,473.0
4,1763417708.7868907,598.4873180389404,446.0,596.0,475.0
4,1763417708.818554,602.3645191192627,446.0,593.0,472.0
4,1763417708.8526146,606.1768035888672,446.0,585.0,463.0
4,1763417708.8870447,610.1193218231201,446.0,583.0,449.0
4,1763417708.9167323,613.9663105010986,446.0,602.0,455.0
4,1763417708.9518874,617.8146438598633,446.0,624.0,460.0
4,1763417708.9824026,621.6121940612793,446.0,637.0,459.0
4,1763417709.0168989,625.4501132965088,446.0,641.0,462.0
4,1763417709.0521426,629.2606239318848,446.0,633.0,459.0
4,1763417709.081657,633.1042938232422,446.0,635.0,449.0
4,1763417709.1172574,636.940839767456,446.0,636.0,445.0
4,1763417709.1469457,640.7598190307617,446.0,641.0,443.0
4,1763417709.1818814,644.6169929504395,446.0,649.0,428.0
4,1763417709.2117486,648.4349136352539,446.0,651.0,414.0
4,1763417709.2420285,652.3279361724854,446.0,652.0,420.0
4,1763417709.2720947,656.1623363494873,446.0,650.0,434.0
4,1763417709.3013914,660.0602512359619,446.0,641.0,440.0
4,1763417709.3425314,663.8295917510986,446.0,639.0,431.0
4,1763417709.3871489,669.5642261505127,446.0,634.0,415.0
4,1763417709.4222226,673.4656600952148,446.0,635.0,412.0
4,1763417709.459929,679.7264652252197,446.0,660.0,420.0
4,1763417709.5090926,684.9533538818359,446.0,681.0,435.0
4,1763417709.5444436,688.8013725280762,446.0,682.0,435.0
4,1763417709.5676227,690.7221488952637,446.0,684.0,429.0
4,1763417709.5918906,694.5794372558594,446.0,675.0,424.0
4,1763417709.6215436,698.4464817047119,446.0,672.0,413.0
4,1763417709.6524944,702.1788864135742,446.0,678.0,421.0
4,1763417709.6842885,706.1087875366211,446.0,684.0,435.0
4,1763417709.7177336,709.9491386413574,446.0,690.0,447.0
4,1763417709.7474165,713.6876945495605,446.0,698.0,456.0
4,1763417709.7781956,717.5419502258301,446.0,700.0,454.0
4,1763417709.8093276,719.5638637542725,446.0,700.0,443.0
4,1763417709.8471506,725.2538948059082,446.0,701.0,437.0
4,1763417709.8762527,729.1171054840088,446.0,715.0,436.0
4,1763417709.9119506,733.0460052490234,446.0,699.0,449.0
4,1763417709.938566,736.7861919403076,446.0,697.0,447.0
4,1763417709.9774249,740.5652313232422,446.0,702.0,459.0
4,1763417710.0033293,744.5049171447754,446.0,702.0,456.0
4,1763417710.0522938,750.1791553497314,446.0,708.0,448.0
4,1763417710.0929577,754.016960144043,446.0,719.0,447.0
4,1763417710.1174228,757.8562812805176,446.0,725.0,446.0
4,1763417710.1618848,763.96116065979,446.0,726.0,440.0
4,1763417710.1971323,767.5515155792236,446.0,720.0,437.0
4,1763417710.237365,771.3325576782227,446.0,727.0,449.0
4,1763417710.2821915,777.1244411468506,446.0,731.0,457.0
4,1763417710.312081,780.903995513916,446.0,745.0,459.0
4,1763417710.3424692,784.7930126190186,446.0,781.0,464.0
4,1763417710.3771098,788.5724239349365,446.0,790.0,460.0
4,1763417710.4126525,792.5641803741455,446.0,790.0,460.0
4,1763417710.451574,798.2417087554932,446.0,789.0,461.0
4,1763417710.4923754,802.168176651001,446.0,795.0,439.0
4,1763417710.5225105,805.8977489471436,446.0,805.0,431.0
4,1763417710.5641658,811.7200450897217,446.0,807.0,441.0
4,1763417710.6068645,815.737922668457,446.0,807.0,451.0
4,1763417710.6315567,819.3976001739502,446.0,818.0,455.0
4,1763417710.6777072,825.0639991760254,446.0,835.0,449.0
4,1763417710.7125132,829.0042572021484,446.0,836.0,453.0
4,1763417710.7420976,832.8378849029541,446.0,847.0,462.0
4,1763417710.7675881,834.6758346557617,446.0,856.0,450.0
4,1763417710.7968867,838.4894351959229,446.0,883.0,449.0
4,1763417710.8271122,842.3424892425537,446.0,885.0,456.0
4,1763417710.8575003,846.2939338684082,446.0,879.0,459.0
4,1763417710.883492,850.0598983764648,446.0,865.0,469.0
4,1763417710.9166708,854.0043048858643,446.0,863.0,468.0
4,1763417710.9470708,857.6886444091797,446.0,854.0,461.0
4,1763417710.9816186,861.6732769012451,446.0,842.0,454.0
4,1763417711.022683,865.4714279174805,446.0,830.0,465.0
4,1763417711.0721161,873.1889228820801,446.0,841.0,465.0
4,1763417711.0938282,875.0574283599854,446.0,850.0,470.0
4,1763417711.1225667,878.8807563781738,446.0,854.0,465.0
4,1763417711.155502,882.7008514404297,446.0,854.0,460.0
4,1763417711.1917667,886.5306167602539,446.0,857.0,451.0
4,1763417711.2199297,890.4289608001709,446.0,874.0,449.0
4,1763417711.2624645,894.2274551391602,446.0,891.0,444.0
4,1763417711.2921526,898.0618839263916,446.0,920.0,447.0
4,1763417711.3272183,901.8967704772949,446.0,919.0,452.0
4,1763417711.3567283,905.737922668457,446.0,895.0,455.0
4,1763417711.386819,909.6398429870605,446.0,885.0,473.0
4,1763417711.421936,913.40452003479,446.0,880.0,472.0
4,1763417711.4631422,919.1252212524414,446.0,888.0,479.0
4,1763417711.486576,921.0793285369873,446.0,884.0,474.0
4,1763417711.5170937,924.938304901123,446.0,883.0,477.0
4,1763417711.5621743,930.7442359924316,446.0,893.0,481.0
4,1763417711.6076589,936.5340881347656,446.0,922.0,482.0
4,1763417711.635482,940.2816848754883,446.0,918.0,481.0
4,1763417711.6624827,942.2170524597168,446.0,910.0,485.0
4,1763417711.6999772,948.011796951294,446.0,919.0,475.0
4,1763417711.7278879,949.8540668487549,446.0,920.0,448.0
4,1763417711.7573123,953.6839179992676,446.0,919.0,434.0
4,1763417711.7915967,959.5265846252441,446.0,931.0,433.0
4,1763417711.8216262,961.491735458374,446.0,952.0,437.0
4,1763417711.8665843,967.1602230072021,446.0,960.0,460.0
4,1763417711.9024935,970.9905319213867,446.0,968.0,475.0
4,1763417711.9322493,974.8600654602051,446.0,959.0,484.0
4,1763417711.9617844,978.7253360748291,446.0,968.0,491.0
4,1763417711.9918804,982.5877742767334,446.0,944.0,484.0
4,1763417712.019582,986.388500213623,446.0,948.0,492.0
4,1763417712.0670543,992.0977001190186,446.0,956.0,491.0
4,1763417712.1076026,995.9619693756104,446.0,954.0,482.0
4,1763417712.1475246,1001.712568283081,446.0,969.0,483.0
4,1763417712.186691,1005.5680828094482,446.0,980.0,474.0
4,1763417712.2125132,1009.4598751068115,446.0,981.0,457.0
4,1763417712.243349,1013.3233432769775,446.0,973.0,451.0
4,1763417712.2865298,1017.1588020324707,446.0,978.0,447.0
4,1763417712.3392627,1024.84645652771,446.0,982.0,457.0
4,1763417712.3620818,1026.8178443908691,446.0,1008.0,471.0
4,1763417712.3868906,1030.4873352050781,446.0,1012.0,463.0
4,1763417712.4201093,1034.442985534668,446.0,1024.0,456.0
4,1763417712.4570146,1038.2099227905273,446.0,1027.0,459.0
4,1763417712.4832118,1042.0224933624268,446.0,1031.0,458.0
4,1763417712.521597,1045.897777557373,446.0,1050.0,450.0
4,1763417712.5523782,1049.754550933838,446.0,1060.0,455.0
4,1763417712.5876226,1053.610523223877,446.0,1042.0,465.0
4,1763417712.630282,1059.3049030303955,446.0,1004.0,477.0
4,1763417712.6776955,1065.0406246185303,446.0,1002.0,496.0
4,1763417712.707576,1069.0249710083008,446.0,1004.0,506.0
4,1763417712.7398307,1072.7987174987793,446.0,1017.0,483.0
4,1763417712.7723992,1076.7116813659668,446.0,1016.0,471.0
4,1763417712.8035278,1080.4255752563477,446.0,1015.0,473.0
4,1763417712.8472528,1084.410837173462,446.0,1022.0,478.0
4,1763417712.883108,1090.1192073822021,446.0,1027.0,483.0
4,1763417712.914934,1093.902738571167,446.0,1056.0,474.0
4,1763417712.9517972,1097.7240352630615,446.0,1070.0,476.0
4,1763417712.9873636,1101.6080169677734,446.0,1076.0,479.0
4,1763417713.0171623,1105.4782371520996,446.0,1077.0,481.0
4,1763417713.0477471,1109.3087463378906,446.0,1094.0,478.0
4,1763417713.077622,1113.1498126983643,446.0,1106.0,474.0
4,1763417713.1123402,1116.935890197754,446.0,1104.0,474.0
4,1763417713.14693,1120.7632522583008,446.0,1110.0,476.0
4,1763417713.176752,1124.649694442749,446.0,1105.0,457.0
4,1763417713.206768,1128.5087566375732,446.0,1114.0,477.0
4,1763417713.242467,1132.2590141296387,446.0,1114.0,494.0
4,1763417713.2685783,1136.1955528259277,446.0,1111.0,511.0
4,1763417713.3020854,1139.9593715667725,446.0,1115.0,498.0
4,1763417713.332014,1143.7634735107422,446.0,1118.0,474.0
4,1763417713.3636231,1147.6369552612305,446.0,1115.0,458.0
4,1763417713.3954165,1151.4537887573242,446.0,1117.0,472.0
4,1763417713.4322383,1155.2915649414062,446.0,1118.0,475.0
4,1763417713.4787304,1161.0880546569824,446.0,1121.0,466.0
4,1763417713.512898,1164.8922996520996,446.0,1122.0,462.0
4,1763417713.554962,1170.7098178863525,446.0,1144.0,477.0
4,1763417713.5924482,1174.5544891357422,446.0,1181.0,490.0
4,1763417713.6184394,1178.326805114746,446.0,1199.0,454.0
4,1763417713.6419497,1180.3561000823975,446.0,1187.0,448.0
4,1763417713.6770816,1184.0994911193848,446.0,1183.0,444.0
4,1763417713.7116807,1189.9366645812988,446.0,1184.0,446.0
4,1763417713.7576075,1193.6846618652344,446.0,1200.0,458.0
4,1763417713.795662,1199.5170001983643,446.0,1213.0,471.0
4,1763417713.8308368,1203.3007888793945,446.0,1236.0,470.0
4,1763417713.8640456,1207.190092086792,446.0,1237.0,475.0
4,1763417713.9023857,1211.064603805542,446.0,1217.0,487.0
4,1763417713.9266663,1214.8856143951416,446.0,1213.0,484.0
4,1763417713.9574902,1218.7561206817627,446.0,1225.0,491.0
4,1763417713.9919884,1222.574842453003,446.0,1227.0,487.0
4,1763417714.0270858,1226.3287620544434,446.0,1225.0,476.0
4,1763417714.0571077,1230.237663269043,446.0,1226.0,472.0
4,1763417714.0927143,1234.1207008361816,446.0,1227.0,481.0
4,1763417714.1420062,1239.8359661102295,446.0,1239.0,492.0
4,1763417714.1803963,1245.6489925384521,446.0,1250.0,495.0
4,1763417714.201567,1247.5929145812988,446.0,1251.0,503.0
4,1763417714.2372534,1251.3244323730469,446.0,1252.0,509.0
4,1763417714.2807176,1257.1790580749512,446.0,1267.0,509.0
4,1763417714.3083556,1261.0031299591064,446.0,1278.0,500.0
4,1763417714.3478727,1264.8492031097412,446.0,1270.0,496.0
4,1763417714.3915281,1270.5758838653564,446.0,1261.0,486.0
4,1763417714.432222,1276.4016132354736,446.0,1258.0,474.0
4,1763417714.456897,1278.2046585083008,446.0,1283.0,474.0
4,1763417714.483733,1282.054365158081,446.0,1298.0,472.0
4,1763417714.5173128,1286.115873336792,446.0,1294.0,456.0
4,1763417714.5468748,1289.7380714416504,446.0,1304.0,431.0
4,1763417714.594312,1295.48703956604,446.0,1312.0,429.0
4,1763417714.6317506,1299.349220275879,446.0,1309.0,449.0
4,1763417714.661525,1303.1473999023438,446.0,1326.0,466.0
4,1763417714.6874733,1305.0568752288818,446.0,1342.0,472.0
4,1763417714.7221432,1310.8115940093994,446.0,1342.0,467.0
4,1763417714.7522795,1314.8085289001465,446.0,1327.0,476.0
4,1763417714.782566,1316.6280250549316,446.0,1330.0,497.0
4,1763417714.8274443,1322.434871673584,446.0,1323.0,508.0
4,1763417714.867139,1328.1117420196533,446.0,1321.0,511.0
4,1763417714.9147875,1333.884485244751,446.0,1346.0,501.0
4,1763417714.9372625,1335.7942180633545,446.0,1338.0,493.0
4,1763417714.9633307,1339.7607402801514,446.0,1319.0,474.0
4,1763417714.999696,1343.5228996276855,446.0,1322.0,469.0
4,1763417715.046891,1349.2345886230469,446.0,1336.0,480.0
4,1763417715.0777292,1353.1376247406006,446.0,1356.0,486.0
4,1763417715.1076283,1356.9002418518066,446.0,1347.0,481.0
4,1763417715.139678,1360.793836593628,446.0,1350.0,470.0
4,1763417715.177688,1364.6192531585693,446.0,1352.0,463.0
4,1763417715.203499,1368.464210510254,446.0,1341.0,490.0
4,1763417715.2367918,1372.279670715332,446.0,1345.0,508.0
4,1763417715.2671282,1376.115587234497,446.0,1350.0,503.0
4,1763417715.3020275,1380.2281646728516,446.0,1366.0,494.0
4,1763417715.3318331,1383.8441257476807,446.0,1388.0,481.0
4,1763417715.3667305,1387.7659587860107,446.0,1420.0,480.0
4,1763417715.4024014,1391.4790229797363,446.0,1429.0,474.0
4,1763417715.4318633,1395.3039531707764,446.0,1429.0,475.0
4,1763417715.4768715,1401.1495380401611,446.0,1438.0,487.0
4,1763417715.5168567,1404.9350147247314,446.0,1446.0,489.0
4,1763417715.5405238,1408.8511543273926,446.0,1427.0,483.0
4,1763417715.5722003,1412.6978855133057,446.0,1423.0,495.0
4,1763417715.606606,1416.4801864624023,446.0,1426.0,509.0
4,1763417715.6369908,1420.3603343963623,446.0,1437.0,520.0
4,1763417715.685316,1426.2767295837402,446.0,1448.0,525.0
4,1763417715.7223094,1429.9586086273193,446.0,1449.0,529.0
4,1763417715.7574859,1433.7545280456543,446.0,1441.0,522.0
4,1763417715.7823262,1437.6135902404785,446.0,1443.0,501.0
4,1763417715.8142993,1441.4648990631104,446.0,1443.0,488.0
4,1763417715.8440084,1445.3087120056152,446.0,1435.0,487.0
4,1763417715.8770797,1449.0793685913086,446.0,1427.0,483.0
4,1763417715.9120314,1452.8829555511475,446.0,1437.0,471.0
4,1763417715.9515638,1458.7226467132568,446.0,1449.0,468.0
4,1763417715.9868224,1462.5533561706543,446.0,1451.0,469.0
4,1763417716.0192215,1466.3343696594238,446.0,1450.0,468.0
4,1763417716.0565314,1470.2772598266602,446.0,1452.0,481.0
4,1763417716.0919821,1474.2318229675293,446.0,1464.0,494.0
4,1763417716.136996,1479.865119934082,446.0,1459.0,473.0
4,1763417716.1723647,1483.6505966186523,446.0,1467.0,468.0
4,1763417716.2022865,1487.5294857025146,446.0,1478.0,473.0
4,1763417716.2437816,1493.2977657318115,446.0,1519.0,476.0
4,1763417716.2815614,1497.0472507476807,446.0,1527.0,480.0
4,1763417716.3071103,1501.0281925201416,446.0,1526.0,491.0
4,1763417716.3398516,1504.8029975891113,446.0,1538.0,487.0
4,1763417716.3767264,1508.665864944458,446.0,1541.0,511.0
4,1763417716.419104,1514.3434505462646,446.0,1532.0,530.0
4,1763417716.4671688,1520.0867252349854,446.0,1534.0,524.0
4,1763417716.5067358,1523.9419536590576,446.0,1552.0,512.0
4,1763417716.5415998,1527.7623920440674,446.0,1557.0,517.0
4,1763417716.5823698,1533.6170749664307,446.0,1572.0,523.0
4,1763417716.6117837,1537.4636631011963,446.0,1589.0,521.0
4,1763417716.6369734,1539.2949466705322,446.0,1575.0,516.0
4,1763417716.6715682,1545.1231651306152,446.0,1568.0,516.0
4,1763417716.7068741,1549.0010528564453,446.0,1568.0,511.0
4,1763417716.7398517,1552.7650718688965,446.0,1561.0,492.0
4,1763417716.7837806,1556.6498546600342,446.0,1560.0,480.0
4,1763417716.8268516,1562.458303451538,446.0,1570.0,493.0
4,1763417716.857383,1566.2052421569824,446.0,1595.0,508.0
4,1763417716.8870986,1570.0332336425781,446.0,1602.0,504.0
4,1763417716.916617,1573.8610248565674,446.0,1603.0,495.0
4,1763417716.947915,1577.747552871704,446.0,1592.0,495.0
4,1763417716.9918427,1583.556116104126,446.0,1600.0,493.0
4,1763417717.0439155,1589.2040615081787,446.0,1590.0,491.0
4,1763417717.0715902,1593.1258087158203,446.0,1575.0,478.0
4,1763417717.1117473,1596.8979244232178,446.0,1587.0,475.0
4,1763417717.1420293,1600.7616214752197,446.0,1611.0,484.0
4,1763417717.1773107,1604.645975112915,446.0,1609.0,481.0
4,1763417717.2077155,1608.4597473144531,446.0,1604.0,473.0
4,1763417717.2424164,1612.3972301483154,446.0,1592.0,474.0
4,1763417717.276911,1616.214349746704,446.0,1598.0,473.0
4,1763417717.3065424,1619.9501876831055,446.0,1600.0,467.0
4,1763417717.336906,1623.8452129364014,446.0,1610.0,473.0
4,1763417717.3723938,1627.6588134765625,446.0,1619.0,480.0
4,1763417717.3976495,1631.546199798584,446.0,1644.0,491.0
4,1763417717.43247,1635.3106479644775,446.0,1647.0,488.0
4,1763417717.4627073,1639.1444759368896,446.0,1656.0,500.0
4,1763417717.4921985,1643.0556373596191,446.0,1650.0,514.0
4,1763417717.5274506,1646.904685974121,446.0,1657.0,517.0
4,1763417717.5570993,1650.7012062072754,446.0,1667.0,507.0
4,1763417717.59156,1654.5247631072998,446.0,1659.0,504.0
4,1763417717.626768,1658.4273700714111,446.0,1654.0,505.0
4,1763417717.657267,1662.252758026123,446.0,1650.0,504.0
4,1763417717.6874797,1666.1206321716309,446.0,1661.0,508.0
4,1763417717.7318356,1671.8032245635986,446.0,1665.0,515.0
4,1763417717.7715275,1675.7196788787842,446.0,1662.0,519.0
4,1763417717.7966456,1679.4872741699219,446.0,1649.0,510.0
4,1763417717.8266797,1683.377550125122,446.0,1638.0,512.0
4,1763417717.8670099,1687.1468334197998,446.0,1651.0,519.0
4,1763417717.9086306,1692.931879043579,446.0,1647.0,513.0
4,1763417717.9320965,1694.8981456756592,446.0,1671.0,503.0
4,1763417717.961578,1698.80415725708,446.0,1691.0,502.0
4,1763417717.997133,1702.5533847808838,446.0,1696.0,497.0
4,1763417718.0276835,1706.408555984497,446.0,1715.0,499.0
4,1763417718.0623305,1710.1798992156982,446.0,1710.0,515.0
4,1763417718.1026783,1715.9580783843994,446.0,1704.0,513.0
4,1763417718.1369798,1719.881799697876,446.0,1685.0,506.0
4,1763417718.1872442,1725.5753211975098,446.0,1676.0,506.0
5,1763417718.211684,1727.5473098754883,446.0,1679.0,501.0
5,1763417718.2415798,1727.5473098754883,446.0,1686.0,498.0
5,1763417718.267748,1727.5473098754883,446.0,1707.0,497.0
5,1763417718.2977161,1727.5473098754883,446.0,1713.0,495.0
5,1763417718.3218193,1727.5473098754883,446.0,1707.0,490.0
5,1763417718.352431,1727.5473098754883,446.0,1707.0,485.0
5,1763417718.3820019,1727.5473098754883,446.0,1711.0,476.0
5,1763417718.4224558,1727.5473098754883,446.0,1708.0,482.0
5,1763417718.4670143,1727.5473098754883,446.0,1707.0,480.0
5,1763417718.5025957,1727.5473098754883,446.0,1705.0,475.0
5,1763417718.5274343,1727.5473098754883,446.0,1702.0,475.0
5,1763417718.552199,1727.5473098754883,446.0,1694.0,487.0
5,1763417718.5821285,1727.5473098754883,446.0,1699.0,496.0
5,1763417718.6267319,1727.5473098754883,446.0,1699.0,504.0
5,1763417718.6624093,1727.5473098754883,446.0,1696.0,505.0
5,1763417718.696712,178.0,495.0,1694.0,510.0
5,1763417718.7375066,181.8624095916748,495.0,1699.0,507.0
5,1763417718.762288,185.7559757232666,495.0,1706.0,505.0
5,1763417718.802033,189.58968925476074,495.0,1699.0,504.0
5,1763417718.8324041,193.3816318511963,495.0,1690.0,507.0
5,1763417718.866802,197.2737102508545,495.0,1686.0,505.0
5,1763417718.897327,201.19929122924805,495.0,1676.0,497.0
5,1763417718.93175,204.88531875610352,495.0,1385.0,519.0
5,1763417718.9693494,210.72741317749023,495.0,1106.0,529.0
5,1763417718.9915636,212.5839023590088,495.0,747.0,551.0
5,1763417719.0276256,216.47718238830566,495.0,501.0,652.0
5,1763417719.071771,222.17499542236328,495.0,416.0,563.0
5,1763417719.107337,226.09614181518555,495.0,348.0,520.0
5,1763417719.1323094,229.85426712036133,495.0,292.0,513.0
5,1763417719.167582,233.73518753051758,495.0,286.0,506.0
5,1763417719.2025313,237.52667236328125,495.0,281.0,507.0
5,1763417719.2418797,243.34175872802734,495.0,234.0,506.0
5,1763417719.2770407,247.22348022460938,495.0,256.0,486.0
5,1763417719.3117795,251.09661865234375,495.0,268.0,488.0
5,1763417719.347504,254.8244171142578,495.0,270.0,486.0
5,1763417719.377607,258.64159393310547,495.0,275.0,483.0
5,1763417719.4122427,262.55810546875,495.0,281.0,489.0
5,1763417719.4417884,266.4099006652832,495.0,272.0,496.0
5,1763417719.476906,272.1546058654785,495.0,266.0,496.0
5,1763417719.5021687,274.1218738555908,495.0,263.0,476.0
5,1763417719.5322778,277.98966217041016,495.0,276.0,468.0
5,1763417719.5671263,281.6900520324707,495.0,293.0,465.0
5,1763417719.60202,285.6684761047363,495.0,295.0,465.0
5,1763417719.6316767,289.41289710998535,495.0,295.0,466.0
5,1763417719.6683915,293.30941009521484,495.0,294.0,467.0
5,1763417719.6965935,297.1405200958252,495.0,286.0,466.0
5,1763417719.7273805,300.96716690063477,495.0,287.0,463.0
5,1763417719.7616246,304.8136692047119,495.0,304.0,463.0
5,1763417719.7973566,310.6086711883545,495.0,367.0,476.0
5,1763417719.8279016,312.4937992095947,495.0,363.0,476.0
5,1763417719.8675516,318.2326965332031,495.0,356.0,479.0
5,1763417719.89759,322.05665397644043,495.0,365.0,482.0
5,1763417719.9224646,323.9291648864746,495.0,383.0,474.0
5,1763417719.9577258,329.852970123291,495.0,394.0,466.0
5,1763417719.9917312,333.5308151245117,495.0,402.0,475.0
5,1763417720.0269382,337.46961402893066,495.0,401.0,486.0
5,1763417720.0625384,341.3223247528076,495.0,396.0,483.0
5,1763417720.1030629,347.04168128967285,495.0,396.0,473.0
5,1763417720.1419268,350.83817291259766,495.0,401.0,475.0
5,1763417720.1676407,354.66141510009766,495.0,402.0,474.0
5,1763417720.1967416,358.53486824035645,495.0,391.0,473.0
5,1763417720.2421346,362.3645477294922,495.0,390.0,477.0
5,1763417720.2769403,368.1587200164795,495.0,396.0,479.0
5,1763417720.3149261,372.0697956085205,495.0,400.0,447.0
5,1763417720.356588,377.7164249420166,495.0,404.0,440.0
5,1763417720.397632,381.61971855163574,495.0,403.0,436.0
5,1763417720.4320495,385.51797676086426,495.0,405.0,416.0
5,1763417720.4619968,389.2849426269531,495.0,400.0,404.0
5,1763417720.497306,393.0924777984619,495.0,395.0,413.0
5,1763417720.5277505,396.8938045501709,495.0,397.0,424.0
5,1763417720.5615501,400.81678199768066,495.0,401.0,446.0
5,1763417720.5967114,406.53124618530273,495.0,405.0,459.0
5,1763417720.6268,408.474910736084,495.0,413.0,468.0
5,1763417720.6575634,412.26173210144043,495.0,435.0,456.0
5,1763417720.6968791,418.1255989074707,495.0,450.0,439.0
5,1763417720.7286599,421.8704776763916,495.0,459.0,446.0
5,1763417720.7622604,425.7754592895508,495.0,468.0,454.0
5,1763417720.8083901,431.4842014312744,495.0,459.0,448.0
5,1763417720.8476682,435.2843837738037,495.0,455.0,442.0
5,1763417720.8732712,439.18985176086426,495.0,458.0,440.0
5,1763417720.8967822,441.0944347381592,495.0,461.0,443.0
5,1763417720.9417257,446.8270950317383,495.0,456.0,449.0
5,1763417720.9855855,452.5915985107422,495.0,457.0,458.0
5,1763417721.0077107,454.5190124511719,495.0,456.0,459.0
5,1763417721.0376155,458.3740978240967,495.0,473.0,454.0
5,1763417721.0670638,462.2287540435791,495.0,501.0,454.0
5,1763417721.0971806,466.03494453430176,495.0,516.0,462.0
5,1763417721.1317475,469.8676280975342,495.0,517.0,476.0
5,1763417721.1768985,475.654504776001,495.0,515.0,484.0
5,1763417721.2247477,481.36456298828125,495.0,501.0,485.0
5,1763417721.246661,483.3089427947998,495.0,511.0,483.0
5,1763417721.2776277,487.17999267578125,495.0,516.0,477.0
5,1763417721.3224778,493.00606536865234,495.0,504.0,462.0
5,1763417721.3623836,496.73663902282715,495.0,504.0,458.0
5,1763417721.392092,500.6679992675781,495.0,519.0,477.0
5,1763417721.4277582,504.50431632995605,495.0,524.0,471.0
5,1763417721.465101,510.21760749816895,495.0,533.0,469.0
5,1763417721.5018773,514.0772132873535,495.0,536.0,475.0
5,1763417721.5280955,517.8605155944824,495.0,547.0,461.0
5,1763417721.5677304,521.6903381347656,495.0,550.0,458.0
5,1763417721.6087377,527.4896030426025,495.0,541.0,459.0
5,1763417721.641786,531.3273220062256,495.0,534.0,462.0
5,1763417721.667758,533.20827293396,495.0,538.0,452.0
5,1763417721.6968982,537.0521717071533,495.0,548.0,453.0
5,1763417721.7321117,540.960729598999,495.0,541.0,455.0
5,1763417721.7703023,546.7003135681152,495.0,544.0,459.0
5,1763417721.8031287,550.5345420837402,495.0,554.0,469.0
5,1763417721.8373678,554.3980102539062,495.0,571.0,470.0
5,1763417721.867011,558.2828502655029,495.0,562.0,470.0
5,1763417721.8972394,562.0972805023193,495.0,553.0,464.0
5,1763417721.9367647,565.8942012786865,495.0,546.0,469.0
5,1763417721.9676528,569.748628616333,495.0,563.0,473.0
5,1763417722.0021815,573.6185054779053,495.0,591.0,471.0
5,1763417722.0319235,577.362211227417,495.0,604.0,476.0
5,1763417722.0670083,581.202018737793,495.0,611.0,472.0
5,1763417722.1076329,586.9685535430908,495.0,618.0,468.0
5,1763417722.1373055,590.8082466125488,495.0,643.0,470.0
5,1763417722.1858933,596.6823558807373,495.0,629.0,473.0
5,1763417722.226616,600.5481700897217,495.0,625.0,476.0
5,1763417722.2484524,604.3694381713867,495.0,627.0,482.0
5,1763417722.2816143,608.1296520233154,495.0,630.0,487.0
5,1763417722.3166587,611.9377307891846,495.0,636.0,499.0
5,1763417722.345814,615.8930950164795,495.0,646.0,489.0
5,1763417722.3776588,619.7059230804443,495.0,638.0,479.0
5,1763417722.4117074,623.5425834655762,495.0,632.0,477.0
5,1763417722.446525,627.3227100372314,495.0,628.0,487.0
5,1763417722.482008,631.1374549865723,495.0,628.0,483.0
5,1763417722.5277808,637.0166568756104,495.0,645.0,479.0
5,1763417722.577481,642.7113800048828,495.0,647.0,474.0
5,1763417722.611657,646.5435771942139,495.0,647.0,482.0
5,1763417722.6322465,650.3695373535156,495.0,646.0,485.0
5,1763417722.6567216,652.3599510192871,495.0,640.0,476.0
5,1763417722.6824226,656.0870628356934,495.0,639.0,470.0
5,1763417722.711781,659.9700145721436,495.0,653.0,483.0
5,1763417722.7449968,663.8231258392334,495.0,677.0,505.0
5,1763417722.781734,667.7495651245117,495.0,654.0,486.0
5,1763417722.8202922,671.5600185394287,495.0,649.0,483.0
5,1763417722.861739,677.2771434783936,495.0,661.0,481.0
5,1763417722.887908,681.0926609039307,495.0,701.0,494.0
5,1763417722.9123437,683.0568675994873,495.0,709.0,492.0
5,1763417722.9468193,686.8091278076172,495.0,718.0,494.0
5,1763417722.9815285,692.709300994873,495.0,726.0,492.0
5,1763417723.0121517,694.6210651397705,495.0,736.0,483.0
5,1763417723.0494592,700.2997379302979,495.0,730.0,474.0
5,1763417723.0723746,702.20729637146,495.0,717.0,479.0
5,1763417723.1076608,706.0914497375488,495.0,699.0,472.0
5,1763417723.1461403,711.8874244689941,495.0,699.0,473.0
5,1763417723.1772773,715.6794242858887,495.0,715.0,484.0
5,1763417723.2118483,719.5640068054199,495.0,708.0,494.0
5,1763417723.2373736,723.4107093811035,495.0,724.0,497.0
5,1763417723.2772686,727.2104911804199,495.0,729.0,504.0
5,1763417723.3082998,730.9740524291992,495.0,717.0,510.0
5,1763417723.3425827,734.9027233123779,495.0,711.0,499.0
5,1763417723.386997,740.7088260650635,495.0,708.0,493.0
5,1763417723.4283764,744.498908996582,495.0,713.0,506.0
5,1763417723.465394,750.288818359375,495.0,734.0,525.0
5,1763417723.5068607,754.0520362854004,495.0,738.0,513.0
5,1763417723.547515,759.82297706604,495.0,732.0,487.0
5,1763417723.579366,763.7076454162598,495.0,737.0,486.0
5,1763417723.625731,769.3712406158447,495.0,737.0,493.0
5,1763417723.6721706,775.2013473510742,495.0,731.0,498.0
5,1763417723.6970425,777.1382598876953,495.0,739.0,501.0
5,1763417723.7322855,780.9582118988037,495.0,741.0,500.0
5,1763417723.7723079,786.6407470703125,495.0,749.0,498.0
5,1763417723.7967582,790.5368595123291,495.0,757.0,488.0
5,1763417723.8269992,792.4958019256592,495.0,764.0,490.0
5,1763417723.856963,796.2565307617188,495.0,760.0,491.0
5,1763417723.8875303,800.1925258636475,495.0,762.0,495.0
5,1763417723.9178057,803.9915637969971,495.0,765.0,498.0
5,1763417723.9523766,807.9050426483154,495.0,788.0,504.0
5,1763417723.9817696,811.6448287963867,495.0,806.0,492.0
5,1763417724.0254767,817.4109630584717,495.0,814.0,477.0
5,1763417724.0670364,821.205680847168,495.0,805.0,469.0
5,1763417724.0916555,825.1004772186279,495.0,789.0,483.0
5,1763417724.12303,828.9740734100342,495.0,789.0,485.0
5,1763417724.1576672,832.7672176361084,495.0,795.0,485.0
5,1763417724.185438,836.6152362823486,495.0,806.0,503.0
5,1763417724.2327762,842.3804550170898,495.0,812.0,503.0
5,1763417724.272025,846.1808662414551,495.0,820.0,493.0
5,1763417724.302489,850.0293140411377,495.0,837.0,480.0
5,1763417724.3454165,855.8700351715088,495.0,844.0,486.0
5,1763417724.3665442,857.79905128479,495.0,837.0,491.0
5,1763417724.3976574,861.5366630554199,495.0,836.0,505.0
5,1763417724.4316878,865.3964977264404,495.0,835.0,510.0
5,1763417724.4666069,869.3030529022217,495.0,833.0,501.0
5,1763417724.4976037,873.0572872161865,495.0,829.0,486.0
5,1763417724.531762,876.9188385009766,495.0,839.0,491.0
5,1763417724.5720255,882.6630859375,495.0,861.0,498.0
5,1763417724.597237,886.594331741333,495.0,874.0,500.0
5,1763417724.6322832,890.4334239959717,495.0,864.0,506.0
5,1763417724.665802,894.2140941619873,495.0,857.0,511.0
5,1763417724.7137334,900.0260906219482,495.0,873.0,506.0
5,1763417724.7471616,903.8071041107178,495.0,885.0,519.0
5,1763417724.7821267,907.6322345733643,495.0,870.0,507.0
5,1763417724.8169641,911.5002517700195,495.0,865.0,513.0
5,1763417724.8469138,915.3546504974365,495.0,866.0,531.0
5,1763417724.8913398,921.1348323822021,495.0,873.0,536.0
5,1763417724.9321284,925.0221900939941,495.0,877.0,529.0
5,1763417724.9620733,928.7286167144775,495.0,882.0,511.0
5,1763417724.9922452,932.5862197875977,495.0,884.0,513.0
5,1763417725.0267112,936.5014724731445,495.0,885.0,509.0
5,1763417725.0574718,940.279167175293,495.0,898.0,504.0
5,1763417725.0870883,944.1617183685303,495.0,881.0,501.0
5,1763417725.129656,949.9705963134766,495.0,869.0,499.0
5,1763417725.1666427,953.696964263916,495.0,860.0,492.0
5,1763417725.197221,957.6461772918701,495.0,888.0,503.0
5,1763417725.240303,963.2925491333008,495.0,906.0,506.0
5,1763417725.2765274,967.1818809509277,495.0,907.0,502.0
5,1763417725.3044271,971.0910110473633,495.0,909.0,483.0
5,1763417725.3466263,974.8445301055908,495.0,921.0,484.0
5,1763417725.384563,980.569751739502,495.0,932.0,495.0
5,1763417725.4076893,982.6465969085693,495.0,933.0,503.0
5,1763417725.4374573,986.3802604675293,495.0,925.0,496.0
5,1763417725.4727488,990.2443008422852,495.0,918.0,486.0
5,1763417725.5134068,996.0058002471924,495.0,924.0,488.0
5,1763417725.5666711,1001.7344837188721,495.0,938.0,492.0
5,1763417725.5935378,1005.6387214660645,495.0,981.0,495.0
5,1763417725.6321237,1009.4378452301025,495.0,987.0,483.0
5,1763417725.6587152,1013.3421115875244,495.0,1002.0,479.0
5,1763417725.6892376,1017.1514492034912,495.0,1002.0,491.0
5,1763417725.727317,1020.9880809783936,495.0,991.0,488.0
5,1763417725.7576869,1024.7590522766113,495.0,993.0,480.0
5,1763417725.8119261,1030.5433540344238,495.0,1003.0,485.0
5,1763417725.8387327,1034.409969329834,495.0,998.0,505.0
5,1763417725.8725057,1038.1626014709473,495.0,995.0,507.0
5,1763417725.907626,1042.0183448791504,495.0,992.0,502.0
5,1763417725.9444735,1047.8483085632324,495.0,992.0,501.0
5,1763417725.9868772,1051.608636856079,495.0,997.0,509.0
5,1763417726.0120938,1055.582197189331,495.0,1010.0,503.0
5,1763417726.042228,1059.3214683532715,495.0,1031.0,483.0
5,1763417726.073211,1063.186424255371,495.0,1043.0,469.0
5,1763417726.1218395,1069.024341583252,495.0,1059.0,475.0
5,1763417726.1620524,1072.7880172729492,495.0,1062.0,484.0
5,1763417726.187118,1076.7362003326416,495.0,1117.0,502.0
5,1763417726.217139,1080.4338722229004,495.0,1132.0,492.0
5,1763417726.2481637,1084.3304710388184,495.0,1121.0,490.0
5,1763417726.277241,1088.1947975158691,495.0,1116.0,498.0
5,1763417726.3068268,1090.0798683166504,495.0,1122.0,515.0
5,1763417726.336828,1093.9636783599854,495.0,1123.0,527.0
5,1763417726.3769088,1099.6711330413818,495.0,1124.0,538.0
5,1763417726.4167464,1103.4894542694092,495.0,1133.0,551.0
5,1763417726.4425094,1107.3396472930908,495.0,1135.0,552.0
5,1763417726.4770331,1111.1832027435303,495.0,1080.0,541.0
5,1763417726.5073705,1115.038860321045,495.0,1090.0,512.0
5,1763417726.539333,1118.920467376709,495.0,1106.0,510.0
5,1763417726.5846946,1124.7083168029785,495.0,1112.0,522.0
5,1763417726.6216326,1128.4162311553955,495.0,1111.0,534.0
5,1763417726.6481316,1132.316234588623,495.0,1093.0,547.0
5,1763417726.6767695,1136.1382179260254,495.0,1096.0,541.0
5,1763417726.7071161,1138.1275157928467,495.0,1096.0,545.0
5,1763417726.7373557,1141.8719940185547,495.0,1113.0,543.0
5,1763417726.772375,1145.6895999908447,495.0,1100.0,545.0
5,1763417726.8024597,1149.5751266479492,495.0,1108.0,534.0
5,1763417726.8322997,1153.4829120635986,495.0,1112.0,526.0
5,1763417726.8669462,1157.235315322876,495.0,1124.0,534.0
5,1763417726.9074836,1163.0229358673096,495.0,1126.0,551.0
5,1763417726.9468813,1166.8368797302246,495.0,1120.0,550.0
5,1763417726.9917092,1172.6675300598145,495.0,1122.0,532.0
5,1763417727.0215611,1176.4323501586914,495.0,1130.0,512.0
5,1763417727.0656476,1182.2648315429688,495.0,1132.0,511.0
5,1763417727.1075444,1186.1465816497803,495.0,1135.0,518.0
5,1763417727.132215,1189.8525218963623,495.0,1143.0,526.0
5,1763417727.1773493,1195.7065753936768,495.0,1156.0,512.0
5,1763417727.2165298,1199.4441585540771,495.0,1163.0,499.0
5,1763417727.2524278,1203.3510570526123,495.0,1149.0,498.0
5,1763417727.2903092,1209.1294651031494,495.0,1182.0,520.0
5,1763417727.3122303,1211.0208015441895,495.0,1189.0,510.0
5,1763417727.3477483,1214.9161128997803,495.0,1179.0,511.0
5,1763417727.383816,1220.5886344909668,495.0,1165.0,521.0
5,1763417727.4225564,1224.4924144744873,495.0,1180.0,517.0
5,1763417727.4491484,1228.2938270568848,495.0,1194.0,508.0
5,1763417727.4827683,1232.1843891143799,495.0,1197.0,518.0
5,1763417727.521558,1235.9804229736328,495.0,1194.0,533.0
5,1763417727.5465786,1239.8658638000488,495.0,1203.0,529.0
5,1763417727.577353,1243.658779144287,495.0,1207.0,515.0
5,1763417727.6084416,1247.5401859283447,495.0,1219.0,510.0
5,1763417727.6368384,1251.3464908599854,495.0,1203.0,515.0
5,1763417727.6719594,1255.1330833435059,495.0,1197.0,527.0
5,1763417727.7046077,1258.9707164764404,495.0,1194.0,530.0
5,1763417727.731981,1260.9930019378662,495.0,1198.0,533.0
5,1763417727.7695224,1266.771152496338,495.0,1199.0,515.0
5,1763417727.8015387,1270.5358867645264,495.0,1217.0,496.0
5,1763417727.8372343,1274.3431930541992,495.0,1219.0,482.0
5,1763417727.8643658,1278.1702404022217,495.0,1218.0,478.0
5,1763417727.90204,1282.1112995147705,495.0,1210.0,493.0
5,1763417727.9459214,1287.831829071045,495.0,1203.0,515.0
5,1763417727.9870706,1291.7085723876953,495.0,1214.0,528.0
5,1763417728.0270803,1297.3975734710693,495.0,1226.0,525.0
5,1763417728.0665915,1301.2725429534912,495.0,1237.0,510.0
5,1763417728.0974092,1305.065372467041,495.0,1256.0,506.0
5,1763417728.1267464,1308.8831787109375,495.0,1268.0,499.0
5,1763417728.1529045,1312.795742034912,495.0,1267.0,489.0
5,1763417728.1835287,1316.581304550171,495.0,1258.0,485.0
5,1763417728.2170012,1320.4575328826904,495.0,1258.0,505.0
5,1763417728.2492175,1324.3216876983643,495.0,1265.0,522.0
5,1763417728.2869284,1328.2034378051758,495.0,1276.0,522.0
5,1763417728.3172274,1331.987455368042,495.0,1280.0,521.0
5,1763417728.3452463,1335.8246021270752,495.0,1272.0,534.0
5,1763417728.3773813,1339.6691875457764,495.0,1268.0,538.0
5,1763417728.4078686,1343.4463958740234,495.0,1274.0,526.0
5,1763417728.4603488,1349.2882328033447,495.0,1283.0,525.0
5,1763417728.4968128,1353.1075839996338,495.0,1288.0,525.0
5,1763417728.5215883,1356.8934326171875,495.0,1310.0,535.0
5,1763417728.5680315,1362.711093902588,495.0,1324.0,527.0
5,1763417728.6027205,1366.6355304718018,495.0,1332.0,515.0
5,1763417728.627749,1368.461778640747,495.0,1311.0,534.0
5,1763417728.6615627,1374.3134002685547,495.0,1306.0,544.0
5,1763417728.6924086,1376.1072616577148,495.0,1325.0,539.0
5,1763417728.721869,1380.032814025879,495.0,1340.0,525.0
5,1763417728.7522826,1383.8109951019287,495.0,1365.0,521.0
5,1763417728.79659,1389.5634536743164,495.0,1352.0,528.0
5,1763417728.8374312,1395.4176216125488,495.0,1350.0,522.0
5,1763417728.8818092,1399.1895370483398,495.0,1350.0,496.0
5,1763417728.907861,1403.0177574157715,495.0,1368.0,472.0
5,1763417728.9422097,1406.8606262207031,495.0,1375.0,483.0
5,1763417728.9751256,1410.6780605316162,495.0,1382.0,491.0
5,1763417729.007706,1414.5931415557861,495.0,1372.0,486.0
5,1763417729.0515013,1420.349033355713,495.0,1363.0,480.0
5,1763417729.0828512,1424.195478439331,495.0,1370.0,484.0
5,1763417729.1220112,1428.0300216674805,495.0,1379.0,493.0
5,1763417729.1617358,1433.7191944122314,495.0,1393.0,498.0
5,1763417729.1871903,1435.7190208435059,495.0,1387.0,504.0
5,1763417729.216846,1439.4412689208984,495.0,1370.0,507.0
5,1763417729.2568517,1445.2516345977783,495.0,1378.0,522.0
5,1763417729.3042786,1451.0799388885498,495.0,1403.0,513.0
5,1763417729.3438697,1454.882553100586,495.0,1404.0,521.0
5,1763417729.3774836,1458.7086563110352,495.0,1420.0,546.0
5,1763417729.4089706,1462.5984745025635,495.0,1435.0,533.0
5,1763417729.4423747,1466.3878707885742,495.0,1443.0,527.0
5,1763417729.4825804,1472.1418743133545,495.0,1442.0,548.0
5,1763417729.5071015,1474.0740947723389,495.0,1450.0,558.0
5,1763417729.546576,1479.8312454223633,495.0,1455.0,540.0
5,1763417729.582451,1483.6224155426025,495.0,1456.0,525.0
5,1763417729.6095088,1487.557237625122,495.0,1465.0,521.0
5,1763417729.6367369,1491.3343029022217,495.0,1463.0,529.0
5,1763417729.6821067,1495.1266460418701,495.0,1477.0,529.0
5,1763417729.7073705,1499.0301685333252,495.0,1484.0,544.0
5,1763417729.7435389,1502.8340129852295,495.0,1498.0,551.0
5,1763417729.7873478,1508.5821800231934,495.0,1504.0,537.0
5,1763417729.8221037,1512.4915103912354,495.0,1512.0,534.0
5,1763417729.8646934,1518.1795673370361,495.0,1501.0,534.0
5,1763417729.906869,1522.1382217407227,495.0,1501.0,516.0
5,1763417729.9326615,1526.0425453186035,495.0,1515.0,515.0
5,1763417729.9618168,1529.6975021362305,495.0,1524.0,540.0
5,1763417729.9875405,1531.6047744750977,495.0,1523.0,550.0
5,1763417730.0216577,1537.524803161621,495.0,1513.0,567.0
5,1763417730.051858,1539.3263607025146,495.0,1514.0,567.0
5,1763417730.0822973,1543.173635482788,495.0,1521.0,566.0
5,1763417730.1204114,1548.8800029754639,495.0,1524.0,555.0
5,1763417730.1544135,1552.7296524047852,495.0,1530.0,540.0
5,1763417730.197474,1558.6227588653564,495.0,1540.0,541.0
5,1763417730.2419071,1562.4445705413818,495.0,1565.0,568.0
5,1763417730.2716303,1566.1787204742432,495.0,1579.0,580.0
5,1763417730.3018227,1570.0080852508545,495.0,1587.0,588.0
5,1763417730.3318517,1573.8686923980713,495.0,1583.0,596.0
5,1763417730.366566,1577.7358226776123,495.0,1596.0,588.0
5,1763417730.4077,1583.4471397399902,495.0,1593.0,587.0
5,1763417730.4517825,1587.3298053741455,495.0,1588.0,586.0
5,1763417730.4782636,1591.2107257843018,495.0,1579.0,588.0
5,1763417730.5044754,1595.020320892334,495.0,1593.0,598.0
5,1763417730.5373309,1598.8589839935303,495.0,1593.0,593.0
5,1763417730.571609,1602.697847366333,495.0,1589.0,578.0
5,1763417730.6020224,1606.6372470855713,495.0,1601.0,557.0
5,1763417730.6321304,1610.4007511138916,495.0,1600.0,550.0
5,1763417730.6647232,1614.1924076080322,495.0,1590.0,535.0
5,1763417730.6969256,1618.0081253051758,495.0,1596.0,538.0
5,1763417730.7279017,1621.8775730133057,495.0,1595.0,533.0
5,1763417730.7568479,1625.7476215362549,495.0,1597.0,535.0
5,1763417730.7872164,1627.64937210083,495.0,1601.0,538.0
5,1763417730.8292265,1633.4907512664795,495.0,1607.0,550.0
5,1763417730.8565574,1637.2103385925293,495.0,1609.0,558.0
5,1763417730.8888924,1641.069257736206,495.0,1581.0,564.0
5,1763417730.9222207,1644.8902397155762,495.0,1613.0,561.0
5,1763417730.9526095,1648.8336162567139,495.0,1627.0,553.0
5,1763417730.9842508,1652.642038345337,495.0,1630.0,562.0
5,1763417731.0218992,1656.468999862671,495.0,1641.0,594.0
5,1763417731.061512,1660.3661422729492,495.0,1653.0,617.0
5,1763417731.0871274,1664.1870384216309,495.0,1663.0,628.0
5,1763417731.1173706,1667.9834442138672,495.0,1661.0,624.0
5,1763417731.1472719,1671.7603092193604,495.0,1661.0,621.0
5,1763417731.1818895,1675.6011753082275,495.0,1666.0,620.0
5,1763417731.2168043,1679.5147113800049,495.0,1660.0,617.0
5,1763417731.2602234,1685.2760391235352,495.0,1654.0,622.0
5,1763417731.3067868,1691.0566501617432,495.0,1647.0,613.0
5,1763417731.3418636,1694.9108200073242,495.0,1645.0,604.0
5,1763417731.371982,1698.7646179199219,495.0,1662.0,601.0
5,1763417731.401532,1702.5836544036865,495.0,1677.0,591.0
5,1763417731.431818,1706.3850955963135,495.0,1668.0,586.0
5,1763417731.4633522,1710.2604370117188,495.0,1653.0,581.0
5,1763417731.4917521,1712.0911769866943,495.0,1643.0,580.0
5,1763417731.5289614,1717.9097537994385,495.0,1644.0,586.0
5,1763417731.557237,1721.7943077087402,495.0,1650.0,584.0
5,1763417731.58177,1723.655632019043,495.0,1669.0,574.0
6,1763417731.6224632,1727.566421508789,495.0,1669.0,577.0
6,1763417731.6522713,1727.566421508789,495.0,1651.0,579.0
6,1763417731.6920772,1727.566421508789,495.0,1657.0,589.0
6,1763417731.7169435,1727.566421508789,495.0,1675.0,592.0
6,1763417731.7516205,1727.566421508789,495.0,1677.0,580.0
6,1763417731.7873142,1727.566421508789,495.0,1675.0,581.0
6,1763417731.8172956,1727.566421508789,495.0,1679.0,583.0
6,1763417731.8519907,1727.566421508789,495.0,1682.0,587.0
6,1763417731.8872447,1727.566421508789,495.0,1676.0,578.0
6,1763417731.9170802,1727.566421508789,495.0,1675.0,576.0
6,1763417731.9619107,1727.566421508789,495.0,1677.0,582.0
6,1763417731.9875598,1727.566421508789,495.0,1687.0,586.0
6,1763417732.017578,1727.566421508789,495.0,1683.0,586.0
6,1763417732.0568717,1727.566421508789,495.0,1695.0,594.0
6,1763417732.086929,1727.566421508789,495.0,1491.0,622.0
6,1763417732.1262026,179.9291591644287,545.0,1127.0,631.0
6,1763417732.158066,183.83783149719238,545.0,800.0,628.0
6,1763417732.196634,187.68976974487305,545.0,547.0,595.0
6,1763417732.2266574,191.5651397705078,545.0,439.0,577.0
6,1763417732.2573957,195.31491088867188,545.0,273.0,714.0
6,1763417732.292085,199.1952304840088,545.0,378.0,561.0
6,1763417732.3268194,203.0166416168213,545.0,380.0,510.0
6,1763417732.3669727,208.7261562347412,545.0,247.0,556.0
6,1763417732.413297,214.53592109680176,545.0,223.0,564.0
6,1763417732.4524717,218.65988540649414,545.0,220.0,556.0
6,1763417732.4772744,222.2495822906494,545.0,226.0,564.0
6,1763417732.5023568,224.10721588134766,545.0,221.0,573.0
6,1763417732.537154,227.9357795715332,545.0,227.0,553.0
6,1763417732.5783947,233.74345588684082,545.0,238.0,540.0
6,1763417732.602396,237.6363353729248,545.0,262.0,525.0
6,1763417732.6375346,241.427734375,545.0,262.0,525.0
6,1763417732.6779418,245.24645614624023,545.0,269.0,529.0
6,1763417732.7222943,251.0404281616211,545.0,275.0,529.0
6,1763417732.7487595,254.81514739990234,545.0,294.0,519.0
6,1763417732.772043,256.7619876861572,545.0,300.0,506.0
6,1763417732.8069592,260.7207565307617,545.0,310.0,500.0
6,1763417732.8366776,264.4287567138672,545.0,319.0,492.0
6,1763417732.8673189,268.2740287780762,545.0,313.0,503.0
6,1763417732.9098942,274.04485511779785,545.0,304.0,517.0
6,1763417732.9519427,277.9822235107422,545.0,300.0,517.0
6,1763417732.9767234,281.7483310699463,545.0,345.0,502.0
6,1763417733.011651,285.6609802246094,545.0,344.0,488.0
6,1763417733.0425568,289.51028633117676,545.0,336.0,497.0
6,1763417733.0719075,293.303430557251,545.0,332.0,504.0
6,1763417733.1069288,297.07626152038574,545.0,338.0,509.0
6,1763417733.1374137,301.02759170532227,545.0,364.0,509.0
6,1763417733.181887,306.76468658447266,545.0,376.0,503.0
6,1763417733.2174947,310.58724212646484,545.0,389.0,496.0
6,1763417733.2465923,314.42848014831543,545.0,360.0,507.0
6,1763417733.2810025,318.2352714538574,545.0,346.0,520.0
6,1763417733.3121667,322.11524772644043,545.0,339.0,525.0
6,1763417733.343694,325.8931713104248,545.0,347.0,515.0
6,1763417733.382279,329.75289154052734,545.0,346.0,517.0
6,1763417733.4078977,333.62479972839355,545.0,356.0,522.0
6,1763417733.4416797,337.37708854675293,545.0,359.0,530.0
6,1763417733.4859285,343.1207637786865,545.0,366.0,537.0
6,1763417733.5165834,346.9657211303711,545.0,379.0,539.0
6,1763417733.561748,352.75857734680176,545.0,388.0,539.0
6,1763417733.6023157,356.6603546142578,545.0,401.0,541.0
6,1763417733.6218317,358.55383682250977,545.0,383.0,516.0
6,1763417733.6565993,362.4224548339844,545.0,380.0,515.0
6,1763417733.6969767,368.15780448913574,545.0,381.0,515.0
6,1763417733.7321403,371.95031929016113,545.0,386.0,508.0
6,1763417733.7610662,375.7690124511719,545.0,401.0,520.0
6,1763417733.7972813,379.6478443145752,545.0,393.0,531.0
6,1763417733.8265831,383.51231384277344,545.0,388.0,545.0
6,1763417733.8531253,387.322509765625,545.0,389.0,539.0
6,1763417733.887756,391.15659523010254,545.0,401.0,534.0
6,1763417733.9225035,395.02014923095703,545.0,415.0,531.0
6,1763417733.9621677,400.8089427947998,545.0,410.0,554.0
6,1763417734.0016,404.63347244262695,545.0,409.0,564.0
6,1763417734.0290008,408.4313087463379,545.0,410.0,566.0
6,1763417734.0575383,410.32144355773926,545.0,418.0,557.0
6,1763417734.0950072,416.10503005981445,545.0,423.0,548.0
6,1763417734.1274624,419.9970512390137,545.0,438.0,543.0
6,1763417734.1566412,423.76144218444824,545.0,449.0,547.0
6,1763417734.1890776,427.6544075012207,545.0,465.0,551.0
6,1763417734.222556,431.4959602355957,545.0,460.0,543.0
6,1763417734.2547696,435.378454208374,545.0,446.0,532.0
6,1763417734.292164,439.21148109436035,545.0,435.0,524.0
6,1763417734.3329513,444.93066596984863,545.0,462.0,522.0
6,1763417734.3674493,448.7474422454834,545.0,474.0,512.0
6,1763417734.4020724,452.57454681396484,545.0,473.0,501.0
6,1763417734.4299164,456.49042892456055,545.0,471.0,505.0
6,1763417734.4577827,458.4219627380371,545.0,461.0,510.0
6,1763417734.4933488,464.16612434387207,545.0,464.0,531.0
6,1763417734.521823,467.967565536499,545.0,468.0,544.0
6,1763417734.561835,471.86250495910645,545.0,491.0,544.0
6,1763417734.6017423,477.5578861236572,545.0,493.0,525.0
6,1763417734.642037,481.4262752532959,545.0,494.0,522.0
6,1763417734.672239,485.2373294830322,545.0,486.0,530.0
6,1763417734.7069557,489.145715713501,545.0,479.0,530.0
6,1763417734.7368784,492.9344825744629,545.0,477.0,527.0
6,1763417734.7723713,496.79454612731934,545.0,493.0,515.0
6,1763417734.802096,500.69420623779297,545.0,507.0,504.0
6,1763417734.8371227,504.4361095428467,545.0,514.0,502.0
6,1763417734.8676333,508.3808879852295,545.0,514.0,513.0
6,1763417734.9158316,514.0508346557617,545.0,520.0,519.0
6,1763417734.9420385,517.8740768432617,545.0,529.0,514.0
6,1763417734.9731882,521.764009475708,545.0,533.0,512.0
6,1763417735.0077806,525.5371265411377,545.0,528.0,514.0
6,1763417735.0385766,529.4988136291504,545.0,517.0,513.0
6,1763417735.071575,533.2394008636475,545.0,520.0,516.0
6,1763417735.10667,537.1530227661133,545.0,522.0,518.0
6,1763417735.1422741,540.9545783996582,545.0,522.0,517.0
6,1763417735.1722655,544.721830368042,545.0,554.0,511.0
6,1763417735.2065468,548.5721950531006,545.0,552.0,506.0
6,1763417735.249045,554.4292526245117,545.0,556.0,493.0
6,1763417735.2724178,556.2647705078125,545.0,558.0,505.0
6,1763417735.3025339,560.1545600891113,545.0,589.0,564.0
6,1763417735.3420932,565.895917892456,545.0,599.0,503.0
6,1763417735.3731346,569.7601299285889,545.0,572.0,485.0
6,1763417735.4074926,573.623083114624,545.0,590.0,486.0
6,1763417735.4423087,577.4140815734863,545.0,612.0,515.0
6,1763417735.472235,581.2421016693115,545.0,605.0,513.0
6,1763417735.507739,585.1507453918457,545.0,605.0,512.0
6,1763417735.5486345,590.80930519104,545.0,616.0,501.0
6,1763417735.5824666,594.6775798797607,545.0,623.0,503.0
6,1763417735.61519,598.501880645752,545.0,615.0,513.0
6,1763417735.6518178,602.3965911865234,545.0,607.0,519.0
6,1763417735.702304,608.0922012329102,545.0,609.0,517.0
6,1763417735.7322443,611.921422958374,545.0,613.0,511.0
6,1763417735.7515786,613.8995914459229,545.0,628.0,530.0
6,1763417735.7819195,617.7605133056641,545.0,634.0,544.0
6,1763417735.8173132,621.6002349853516,545.0,636.0,541.0
6,1763417735.8470309,625.4397277832031,545.0,642.0,526.0
6,1763417735.8765712,629.222972869873,545.0,647.0,516.0
6,1763417735.9117625,633.055627822876,545.0,658.0,520.0
6,1763417735.9418833,636.9113998413086,545.0,662.0,525.0
6,1763417735.9766872,640.8492259979248,545.0,657.0,528.0
6,1763417736.0071673,644.7268562316895,545.0,646.0,529.0
6,1763417736.0469456,650.3683071136475,545.0,646.0,526.0
6,1763417736.077246,654.1855697631836,545.0,650.0,516.0
6,1763417736.1069005,658.1768684387207,545.0,659.0,508.0
6,1763417736.1477332,661.8752555847168,545.0,669.0,519.0
6,1763417736.1773946,665.7089405059814,545.0,682.0,545.0
6,1763417736.2076914,669.643648147583,545.0,693.0,550.0
6,1763417736.256826,675.2828674316406,545.0,689.0,547.0
6,1763417736.2975514,679.2002944946289,545.0,697.0,534.0
6,1763417736.3227186,683.0602436065674,545.0,681.0,536.0
6,1763417736.3465254,686.9318656921387,545.0,666.0,543.0
6,1763417736.3822002,690.6558589935303,545.0,672.0,537.0
6,1763417736.4157357,694.5579223632812,545.0,688.0,525.0
6,1763417736.4416866,698.3512096405029,545.0,705.0,523.0
6,1763417736.4821112,702.26926612854,545.0,710.0,534.0
6,1763417736.5116653,706.0017280578613,545.0,704.0,553.0
6,1763417736.54235,709.8635082244873,545.0,699.0,561.0
6,1763417736.5822785,713.8041954040527,545.0,688.0,562.0
6,1763417736.6121318,717.5365715026855,545.0,685.0,550.0
6,1763417736.6473567,721.4511661529541,545.0,677.0,543.0
6,1763417736.6862857,727.1300964355469,545.0,678.0,544.0
6,1763417736.7194011,731.0061531066895,545.0,675.0,549.0
6,1763417736.7575033,734.9268703460693,545.0,685.0,570.0
6,1763417736.800615,740.6589870452881,545.0,700.0,587.0
6,1763417736.8290043,744.433277130127,545.0,703.0,572.0
6,1763417736.8572655,746.416337966919,545.0,711.0,563.0
6,1763417736.8871837,750.290563583374,545.0,718.0,554.0
6,1763417736.930509,755.9290962219238,545.0,724.0,553.0
6,1763417736.9520566,757.8477554321289,545.0,723.0,547.0
6,1763417736.9824767,761.6833000183105,545.0,760.0,565.0
6,1763417737.0276434,767.5233917236328,545.0,752.0,555.0
6,1763417737.062432,771.400936126709,545.0,804.0,586.0
6,1763417737.1070411,777.1273021697998,545.0,779.0,575.0
6,1763417737.1505315,782.8803901672363,545.0,774.0,565.0
6,1763417737.171543,784.7772769927979,545.0,765.0,551.0
6,1763417737.1997886,788.6832599639893,545.0,767.0,556.0
6,1763417737.2317114,792.5563983917236,545.0,777.0,555.0
6,1763417737.2630098,796.2417106628418,545.0,779.0,543.0
6,1763417737.2970188,800.1369075775146,545.0,779.0,535.0
6,1763417737.3269792,803.9203815460205,545.0,786.0,544.0
6,1763417737.3574533,807.8715686798096,545.0,792.0,557.0
6,1763417737.3889594,811.6365032196045,545.0,784.0,565.0
6,1763417737.4272988,815.4676418304443,545.0,778.0,562.0
6,1763417737.4665282,821.3321952819824,545.0,783.0,559.0
6,1763417737.5123627,825.1114921569824,545.0,787.0,565.0
6,1763417737.5525432,830.8154277801514,545.0,798.0,546.0
6,1763417737.5775673,832.8071002960205,545.0,787.0,551.0
6,1763417737.6175373,838.5322933197021,545.0,785.0,569.0
6,1763417737.6473825,842.3640899658203,545.0,795.0,578.0
6,1763417737.6776998,846.2755374908447,545.0,820.0,569.0
6,1763417737.7106836,850.0806694030762,545.0,829.0,545.0
6,1763417737.7517166,853.893383026123,545.0,841.0,543.0
6,1763417737.782139,857.808521270752,545.0,848.0,546.0
6,1763417737.823935,863.5602359771729,545.0,852.0,547.0
6,1763417737.8723772,869.2644863128662,545.0,853.0,552.0
6,1763417737.9071965,873.0765132904053,545.0,845.0,549.0
6,1763417737.9496858,879.1640548706055,545.0,848.0,539.0
6,1763417737.9842248,882.6571063995361,545.0,868.0,543.0
6,1763417738.017441,886.5169982910156,545.0,870.0,563.0
6,1763417738.051937,890.4431228637695,545.0,856.0,563.0
6,1763417738.095178,896.1904602050781,545.0,850.0,559.0
6,1763417738.13183,900.0075798034668,545.0,846.0,554.0
6,1763417738.1674373,903.8347702026367,545.0,838.0,560.0
6,1763417738.2074244,909.5851402282715,545.0,864.0,556.0
6,1763417738.2325625,911.4790515899658,545.0,903.0,556.0
6,1763417738.2706087,917.2275047302246,545.0,921.0,567.0
6,1763417738.3070216,921.0496883392334,545.0,921.0,568.0
6,1763417738.3424845,924.9070053100586,545.0,913.0,560.0
6,1763417738.3855429,930.7736186981201,545.0,912.0,551.0
6,1763417738.4177551,934.5089130401611,545.0,913.0,547.0
6,1763417738.4517238,938.4738903045654,545.0,934.0,547.0
6,1763417738.4869814,942.2668342590332,545.0,942.0,545.0
6,1763417738.5217006,947.9528884887695,545.0,930.0,542.0
6,1763417738.558124,951.7682628631592,545.0,923.0,541.0
6,1763417738.5974076,955.6513004302979,545.0,922.0,549.0
6,1763417738.6268299,959.5117645263672,545.0,938.0,544.0
6,1763417738.6616437,963.4020404815674,545.0,950.0,545.0
6,1763417738.7022927,969.1288070678711,545.0,938.0,549.0
6,1763417738.7370393,972.9806880950928,545.0,937.0,557.0
6,1763417738.7766259,976.7486839294434,545.0,949.0,574.0
6,1763417738.8070078,980.5785064697266,545.0,964.0,559.0
6,1763417738.852157,986.3237552642822,545.0,977.0,544.0
6,1763417738.896819,992.129228591919,545.0,970.0,546.0
6,1763417738.9215274,995.9321002960205,545.0,973.0,566.0
6,1763417738.962057,999.7650127410889,545.0,976.0,573.0
6,1763417739.002082,1005.5986671447754,545.0,980.0,576.0
6,1763417739.0419972,1009.4756965637207,545.0,957.0,573.0
6,1763417739.0776093,1013.211992263794,545.0,944.0,571.0
6,1763417739.1122413,1017.0826988220215,545.0,949.0,573.0
6,1763417739.141584,1020.8830814361572,545.0,962.0,569.0
6,1763417739.1767302,1024.7369365692139,545.0,986.0,571.0
6,1763417739.2158554,1030.5365447998047,545.0,994.0,574.0
6,1763417739.2421658,1034.4087104797363,545.0,1016.0,565.0
6,1763417739.2820363,1038.2532958984375,545.0,1021.0,567.0
6,1763417739.313239,1042.026756286621,545.0,1016.0,576.0
6,1763417739.342379,1045.883529663086,545.0,1015.0,581.0
6,1763417739.3672967,1047.8449039459229,545.0,1021.0,571.0
6,1763417739.396776,1051.7450790405273,545.0,1036.0,565.0
6,1763417739.4275293,1055.5325012207031,545.0,1043.0,568.0
6,1763417739.4623215,1059.3842678070068,545.0,1031.0,570.0
6,1763417739.5026805,1065.1579265594482,545.0,1028.0,564.0
6,1763417739.5417562,1068.967779159546,545.0,1040.0,558.0
6,1763417739.5715873,1072.8716163635254,545.0,1060.0,569.0
6,1763417739.610706,1076.6384963989258,545.0,1061.0,568.0
6,1763417739.642156,1082.4075202941895,545.0,1052.0,569.0
6,1763417739.6784866,1086.2598876953125,545.0,1037.0,567.0
6,1763417739.7166283,1090.0372676849365,545.0,1037.0,572.0
6,1763417739.7416828,1093.864200592041,545.0,1053.0,575.0
6,1763417739.7737453,1097.7981643676758,545.0,1057.0,582.0
6,1763417739.8215709,1103.5657863616943,545.0,1051.0,578.0
6,1763417739.8572404,1107.3308353424072,545.0,1036.0,576.0
6,1763417739.892188,1111.220739364624,545.0,1028.0,575.0
6,1763417739.917439,1115.0610332489014,545.0,1037.0,588.0
6,1763417739.9523838,1118.9305095672607,545.0,1057.0,592.0
6,1763417739.9827642,1122.6488952636719,545.0,1077.0,606.0
6,1763417740.0220408,1126.593988418579,545.0,1081.0,602.0
6,1763417740.0526166,1130.328109741211,545.0,1079.0,587.0
6,1763417740.0938795,1136.135643005371,545.0,1092.0,587.0
6,1763417740.1319923,1139.9791412353516,545.0,1097.0,612.0
6,1763417740.1577473,1143.875883102417,545.0,1094.0,613.0
6,1763417740.1922257,1147.6136951446533,545.0,1103.0,600.0
6,1763417740.222721,1151.443603515625,545.0,1120.0,585.0
6,1763417740.2691274,1157.2677021026611,545.0,1131.0,583.0
6,1763417740.3025699,1161.0475997924805,545.0,1143.0,572.0
6,1763417740.3275986,1163.0259971618652,545.0,1139.0,567.0
6,1763417740.366849,1168.7276153564453,545.0,1142.0,573.0
6,1763417740.3921025,1170.7019214630127,545.0,1150.0,562.0
6,1763417740.4372444,1176.5043048858643,545.0,1153.0,546.0
6,1763417740.4721315,1180.2422313690186,545.0,1161.0,529.0
6,1763417740.5019603,1184.1391735076904,545.0,1154.0,529.0
6,1763417740.5368402,1188.0493907928467,545.0,1152.0,553.0
6,1763417740.5677931,1191.8540363311768,545.0,1154.0,555.0
6,1763417740.6020808,1197.5985126495361,545.0,1149.0,555.0
6,1763417740.6316266,1199.4649868011475,545.0,1189.0,567.0
6,1763417740.671685,1205.3399829864502,545.0,1209.0,573.0
6,1763417740.7030637,1209.1723518371582,545.0,1194.0,581.0
6,1763417740.7340755,1212.922981262207,545.0,1170.0,599.0
6,1763417740.7765517,1216.8314247131348,545.0,1161.0,603.0
6,1763417740.8166304,1222.5737266540527,545.0,1159.0,597.0
6,1763417740.8368714,1224.4171981811523,545.0,1178.0,578.0
6,1763417740.8724663,1228.3339385986328,545.0,1162.0,573.0
6,1763417740.9022918,1232.1463661193848,545.0,1182.0,573.0
6,1763417740.9415278,1237.9289226531982,545.0,1185.0,568.0
6,1763417740.9669416,1239.9029998779297,545.0,1169.0,569.0
6,1763417740.9973593,1243.6515979766846,545.0,1155.0,576.0
6,1763417741.0373714,1249.4667701721191,545.0,1145.0,590.0
6,1763417741.0688605,1253.2120208740234,545.0,1144.0,593.0
6,1763417741.1069112,1257.0865898132324,545.0,1169.0,581.0
6,1763417741.142459,1260.933235168457,545.0,1182.0,576.0
6,1763417741.1926098,1266.7534141540527,545.0,1187.0,579.0
6,1763417741.2326121,1272.5194625854492,545.0,1191.0,584.0
6,1763417741.2568326,1274.4281368255615,545.0,1185.0,565.0
6,1763417741.28207,1278.2508640289307,545.0,1187.0,560.0
6,1763417741.3120837,1282.0662097930908,545.0,1206.0,564.0
6,1763417741.3568537,1287.8085975646973,545.0,1227.0,579.0
6,1763417741.392526,1291.6596202850342,545.0,1221.0,571.0
6,1763417741.426625,1295.4876403808594,545.0,1219.0,572.0
6,1763417741.4537995,1299.3008403778076,545.0,1223.0,573.0
6,1763417741.482537,1303.2532577514648,545.0,1220.0,567.0
6,1763417741.5124953,1305.1632480621338,545.0,1219.0,573.0
6,1763417741.541974,1309.0199356079102,545.0,1218.0,582.0
6,1763417741.5866144,1314.654806137085,545.0,1225.0,592.0
6,1763417741.6183867,1318.4812812805176,545.0,1240.0,583.0
6,1763417741.6423967,1322.4364166259766,545.0,1246.0,578.0
6,1763417741.6825194,1326.2502460479736,545.0,1245.0,596.0
6,1763417741.7090497,1330.0106887817383,545.0,1235.0,606.0
6,1763417741.7367446,1332.0029907226562,545.0,1234.0,606.0
6,1763417741.7895315,1339.7120170593262,545.0,1233.0,610.0
6,1763417741.826751,1343.5019283294678,545.0,1241.0,615.0
6,1763417741.854539,1347.8934841156006,545.0,1245.0,613.0
6,1763417741.8916028,1351.2220554351807,545.0,1253.0,631.0
6,1763417741.934173,1356.9398670196533,545.0,1250.0,639.0
6,1763417741.957425,1358.8148670196533,545.0,1242.0,629.0
6,1763417741.9829993,1362.7520351409912,545.0,1260.0,611.0
6,1763417742.0127766,1366.5033226013184,545.0,1274.0,599.0
6,1763417742.0576813,1370.4478435516357,545.0,1266.0,612.0
6,1763417742.0936546,1376.084659576416,545.0,1279.0,632.0
6,1763417742.1173575,1378.021572113037,545.0,1299.0,635.0
6,1763417742.1468022,1381.89817237854,545.0,1305.0,616.0
6,1763417742.1924756,1387.6358394622803,545.0,1303.0,605.0
6,1763417742.2371418,1393.805835723877,545.0,1297.0,611.0
6,1763417742.2770522,1397.208106994629,545.0,1310.0,636.0
6,1763417742.311895,1401.1429290771484,545.0,1310.0,631.0
6,1763417742.356971,1406.9223384857178,545.0,1314.0,620.0
6,1763417742.3824704,1410.7338218688965,545.0,1339.0,593.0
6,1763417742.414595,1414.606502532959,545.0,1350.0,575.0
6,1763417742.4519193,1418.4491138458252,545.0,1345.0,584.0
6,1763417742.4771261,1422.2232608795166,545.0,1342.0,596.0
6,1763417742.5095825,1426.1095600128174,545.0,1347.0,598.0
6,1763417742.5522346,1429.8467712402344,545.0,1370.0,598.0
6,1763417742.5887067,1435.602949142456,545.0,1367.0,606.0
6,1763417742.6203027,1437.6099281311035,545.0,1354.0,612.0
6,1763417742.6543937,1443.364646911621,545.0,1347.0,610.0
6,1763417742.6823268,1447.2280292510986,545.0,1377.0,609.0
6,1763417742.7115278,1449.1829090118408,545.0,1387.0,610.0
6,1763417742.757153,1454.8138313293457,545.0,1387.0,604.0
6,1763417742.782572,1458.7471656799316,545.0,1379.0,624.0
6,1763417742.814212,1462.5651721954346,545.0,1385.0,631.0
6,1763417742.854072,1466.3297634124756,545.0,1399.0,641.0
6,1763417742.8974614,1472.0858268737793,545.0,1407.0,632.0
6,1763417742.932491,1476.007230758667,545.0,1413.0,625.0
6,1763417742.9575016,1479.8556499481201,545.0,1407.0,650.0
6,1763417743.0017848,1485.5629901885986,545.0,1411.0,651.0
6,1763417743.042322,1489.3734149932861,545.0,1418.0,642.0
6,1763417743.0635016,1491.3938121795654,545.0,1435.0,640.0
6,1763417743.0922778,1495.160348892212,545.0,1433.0,642.0
6,1763417743.1272497,1499.109561920166,545.0,1437.0,634.0
6,1763417743.1563346,1502.8393058776855,545.0,1441.0,610.0
6,1763417743.1916063,1506.6844635009766,545.0,1444.0,607.0
6,1763417743.221937,1510.6044368743896,545.0,1446.0,618.0
6,1763417743.2516987,1514.4527130126953,545.0,1465.0,625.0
6,1763417743.2823873,1518.1931858062744,545.0,1480.0,615.0
6,1763417743.3223925,1524.03590965271,545.0,1480.0,607.0
6,1763417743.3620813,1527.892053604126,545.0,1471.0,610.0
6,1763417743.4020143,1533.590524673462,545.0,1472.0,630.0
6,1763417743.4472415,1537.4410610198975,545.0,1476.0,648.0
6,1763417743.4946144,1543.2433013916016,545.0,1473.0,646.0
6,1763417743.5267634,1547.088716506958,545.0,1490.0,630.0
6,1763417743.5624967,1552.8484134674072,545.0,1500.0,624.0
6,1763417743.6022007,1556.6536884307861,545.0,1518.0,624.0
6,1763417743.6419182,1562.3789958953857,545.0,1520.0,635.0
6,1763417743.66702,1564.3412284851074,545.0,1516.0,622.0
6,1763417743.6938217,1568.2022647857666,545.0,1510.0,592.0
6,1763417743.7323406,1572.0103149414062,545.0,1522.0,585.0
6,1763417743.7669115,1575.8104972839355,545.0,1519.0,586.0
6,1763417743.791542,1579.7108726501465,545.0,1544.0,605.0
6,1763417743.8218246,1583.4856491088867,545.0,1562.0,620.0
6,1763417743.855337,1587.3431663513184,545.0,1562.0,635.0
6,1763417743.8890083,1591.2093524932861,545.0,1557.0,634.0
6,1763417743.9195292,1595.0263290405273,545.0,1554.0,617.0
6,1763417743.9579496,1598.9385204315186,545.0,1560.0,617.0
6,1763417743.98178,1602.6714115142822,545.0,1572.0,640.0
6,1763417744.0174296,1606.6343574523926,545.0,1589.0,656.0
6,1763417744.0516121,1610.3972606658936,545.0,1592.0,659.0
6,1763417744.0820477,1614.2833309173584,545.0,1585.0,637.0
6,1763417744.1222131,1620.014389038086,545.0,1576.0,633.0
6,1763417744.1517782,1621.9349937438965,545.0,1585.0,633.0
6,1763417744.1866968,1627.752426147461,545.0,1595.0,632.0
6,1763417744.2216542,1631.469352722168,545.0,1637.0,634.0
6,1763417744.2550983,1635.4311542510986,545.0,1652.0,649.0
6,1763417744.2868364,1639.2218952178955,545.0,1650.0,652.0
6,1763417744.3186936,1643.0699138641357,545.0,1638.0,641.0
6,1763417744.3535275,1646.8233470916748,545.0,1628.0,639.0
6,1763417744.3921719,1650.649850845337,545.0,1640.0,629.0
6,1763417744.4265246,1656.5317707061768,545.0,1663.0,628.0
6,1763417744.472494,1660.344913482666,545.0,1677.0,634.0
6,1763417744.5100806,1666.0788326263428,545.0,1688.0,643.0
6,1763417744.5418468,1669.9651889801025,545.0,1695.0,647.0
6,1763417744.5670688,1671.847312927246,545.0,1699.0,649.0
6,1763417744.5971758,1675.6983642578125,545.0,1699.0,646.0
6,1763417744.631744,1679.9203472137451,545.0,1688.0,646.0
6,1763417744.6772745,1685.2995853424072,545.0,1679.0,638.0
6,1763417744.705333,1689.1649990081787,545.0,1670.0,629.0
6,1763417744.7368703,1692.8800945281982,545.0,1673.0,625.0
6,1763417744.7681296,1696.7434196472168,545.0,1710.0,623.0
6,1763417744.8008144,1700.6107215881348,545.0,1713.0,609.0
6,1763417744.8221872,1702.5535278320312,545.0,1728.0,599.0
6,1763417744.857616,1706.359546661377,545.0,1734.0,614.0
6,1763417744.8872418,1710.2053337097168,545.0,1741.0,638.0
6,1763417744.9271755,1715.9443740844727,545.0,1746.0,638.0
6,1763417744.9527662,1717.8796558380127,545.0,1743.0,642.0
6,1763417744.9905918,1723.7240390777588,545.0,1749.0,640.0
7,1763417745.026627,1727.5580959320068,545.0,1737.0,655.0
7,1763417745.0624638,1727.5580959320068,545.0,1739.0,649.0
7,1763417745.1066873,1727.5580959320068,545.0,1729.0,650.0
7,1763417745.1421618,1727.5580959320068,545.0,1733.0,655.0
7,1763417745.1671484,1727.5580959320068,545.0,1741.0,646.0
7,1763417745.191706,1727.5580959320068,545.0,1742.0,631.0
7,1763417745.2224147,1727.5580959320068,545.0,1726.0,624.0
7,1763417745.257051,1727.5580959320068,545.0,1723.0,621.0
7,1763417745.297138,1727.5580959320068,545.0,1729.0,621.0
7,1763417745.3224268,1727.5580959320068,545.0,1747.0,631.0
7,1763417745.3572874,1727.5580959320068,545.0,1737.0,631.0
7,1763417745.3920884,1727.5580959320068,545.0,1729.0,629.0
7,1763417745.4216902,1727.5580959320068,545.0,1728.0,632.0
7,1763417745.4622133,1727.5580959320068,545.0,1613.0,653.0
7,1763417745.4921954,1727.5580959320068,545.0,1267.0,675.0
7,1763417745.52748,178.0,595.0,958.0,693.0
7,1763417745.567428,181.94609451293945,595.0,744.0,690.0
7,1763417745.6119156,187.70662117004395,595.0,527.0,652.0
7,1763417745.637457,191.5025691986084,595.0,343.0,633.0
7,1763417745.668624,195.2844123840332,595.0,372.0,588.0
7,1763417745.6989355,199.1857032775879,595.0,364.0,607.0
7,1763417745.726676,201.09921264648438,595.0,269.0,639.0
7,1763417745.7570462,204.90119743347168,595.0,261.0,619.0
7,1763417745.7890368,208.7235813140869,595.0,241.0,607.0
7,1763417745.8319814,214.4877414703369,595.0,256.0,608.0
7,1763417745.8595264,218.44756889343262,595.0,260.0,608.0
7,1763417745.9021878,222.3294906616211,595.0,270.0,611.0
7,1763417745.9317439,226.01640510559082,595.0,286.0,602.0
7,1763417745.9624581,229.92742347717285,595.0,269.0,584.0
7,1763417746.0079536,235.716646194458,595.0,262.0,578.0
7,1763417746.037598,239.5611171722412,595.0,270.0,582.0
7,1763417746.0618246,241.40161323547363,595.0,289.0,584.0
7,1763417746.1119127,249.1258316040039,595.0,300.0,578.0
7,1763417746.146773,252.8843288421631,595.0,308.0,578.0
7,1763417746.1792774,256.830623626709,595.0,313.0,577.0
7,1763417746.207138,258.76913833618164,595.0,306.0,589.0
7,1763417746.2368522,262.565486907959,595.0,296.0,596.0
7,1763417746.2666776,266.46654891967773,595.0,305.0,604.0
7,1763417746.2974544,270.2913074493408,595.0,314.0,609.0
7,1763417746.3321433,274.04345321655273,595.0,316.0,617.0
7,1763417746.3670423,277.90574836730957,595.0,303.0,613.0
7,1763417746.3977826,281.71302604675293,595.0,331.0,591.0
7,1763417746.4422715,287.5098876953125,595.0,333.0,586.0
7,1763417746.4834297,293.33727645874023,595.0,342.0,584.0
7,1763417746.516667,297.1702175140381,595.0,334.0,585.0
7,1763417746.5419068,299.0601234436035,595.0,340.0,574.0
7,1763417746.5721738,302.8811340332031,595.0,345.0,577.0
7,1763417746.6076758,306.7831687927246,595.0,347.0,572.0
7,1763417746.6466482,312.4023036956787,595.0,348.0,576.0
7,1763417746.686683,316.3003902435303,595.0,349.0,570.0
7,1763417746.7322419,322.0702438354492,595.0,363.0,570.0
7,1763417746.7623723,325.85858154296875,595.0,391.0,563.0
7,1763417746.7920332,329.8032741546631,595.0,389.0,553.0
7,1763417746.819957,333.5568790435791,595.0,380.0,562.0
7,1763417746.842533,335.57707595825195,595.0,373.0,576.0
7,1763417746.8729072,339.3616943359375,595.0,381.0,598.0
7,1763417746.9076397,343.12548446655273,595.0,378.0,595.0
7,1763417746.9368758,347.0459728240967,595.0,390.0,587.0
7,1763417746.96747,350.9408550262451,595.0,390.0,581.0
7,1763417747.0016165,354.7400646209717,595.0,386.0,573.0
7,1763417747.0452557,360.5428771972656,595.0,386.0,578.0
7,1763417747.0824964,364.26927375793457,595.0,387.0,576.0
7,1763417747.107624,368.1137161254883,595.0,399.0,577.0
7,1763417747.1389198,371.98985862731934,595.0,412.0,562.0
7,1763417747.177417,375.81450271606445,595.0,425.0,543.0
7,1763417747.2029722,379.6600036621094,595.0,429.0,546.0
7,1763417747.2370918,383.4564952850342,595.0,418.0,568.0
7,1763417747.2679024,387.2965602874756,595.0,408.0,590.0
7,1763417747.2999966,391.2009696960449,595.0,446.0,606.0
7,1763417747.3365905,395.0394039154053,595.0,453.0,598.0
7,1763417747.3676257,398.8658218383789,595.0,453.0,580.0
7,1763417747.4018068,402.6895217895508,595.0,450.0,576.0
7,1763417747.4376278,406.51256370544434,595.0,451.0,581.0
7,1763417747.4669788,410.4490451812744,595.0,455.0,588.0
7,1763417747.509241,416.13618659973145,595.0,468.0,588.0
7,1763417747.5426345,420.0492649078369,595.0,456.0,589.0
7,1763417747.5874603,425.7941703796387,595.0,455.0,575.0
7,1763417747.621548,429.5203094482422,595.0,455.0,574.0
7,1763417747.6473217,431.60779762268066,595.0,463.0,573.0
7,1763417747.6773293,435.3260974884033,595.0,458.0,570.0
7,1763417747.7116005,441.08836936950684,595.0,455.0,561.0
7,1763417747.7515962,444.97203636169434,595.0,458.0,551.0
7,1763417747.7966104,450.65514373779297,595.0,459.0,551.0
7,1763417747.8297536,454.5844440460205,595.0,463.0,554.0
7,1763417747.8594608,458.34382820129395,595.0,471.0,559.0
7,1763417747.8869216,460.25685119628906,595.0,484.0,568.0
7,1763417747.9174237,464.221399307251,595.0,493.0,574.0
7,1763417747.947362,468.04916191101074,595.0,492.0,564.0
7,1763417747.9771676,471.81446838378906,595.0,491.0,555.0
7,1763417748.0118723,475.6720142364502,595.0,502.0,560.0
7,1763417748.0419688,479.5464687347412,595.0,519.0,578.0
7,1763417748.077333,483.4261016845703,595.0,536.0,589.0
7,1763417748.1073403,487.2696285247803,595.0,539.0,579.0
7,1763417748.1417067,491.02638053894043,595.0,528.0,573.0
7,1763417748.172401,494.9475555419922,595.0,521.0,564.0
7,1763417748.2067654,498.7700252532959,595.0,512.0,561.0
7,1763417748.2433467,504.5254020690918,595.0,523.0,570.0
7,1763417748.2755945,508.2428722381592,595.0,541.0,586.0
7,1763417748.3069475,512.1536903381348,595.0,538.0,602.0
7,1763417748.342069,515.9362773895264,595.0,536.0,607.0
7,1763417748.3766198,519.8566799163818,595.0,554.0,598.0
7,1763417748.4121082,523.6126022338867,595.0,555.0,599.0
7,1763417748.4425023,527.4415378570557,595.0,525.0,590.0
7,1763417748.492273,533.2087020874023,595.0,523.0,572.0
7,1763417748.5269084,537.146785736084,595.0,540.0,570.0
7,1763417748.5565543,540.9221630096436,595.0,565.0,563.0
7,1763417748.5866387,544.8448829650879,595.0,570.0,568.0
7,1763417748.617442,548.6837749481201,595.0,563.0,573.0
7,1763417748.6466696,552.4697666168213,595.0,572.0,573.0
7,1763417748.6773558,556.2983016967773,595.0,583.0,571.0
7,1763417748.71178,560.1125316619873,595.0,587.0,566.0
7,1763417748.74716,563.9275913238525,595.0,585.0,561.0
7,1763417748.7816768,567.8247623443604,595.0,586.0,557.0
7,1763417748.8217866,573.6154155731201,595.0,584.0,558.0
7,1763417748.858308,577.3611526489258,595.0,580.0,557.0
7,1763417748.9001641,583.192174911499,595.0,582.0,557.0
7,1763417748.9265902,585.041711807251,595.0,592.0,549.0
7,1763417748.9578238,588.9236907958984,595.0,613.0,550.0
7,1763417748.9967744,594.7286777496338,595.0,619.0,564.0
7,1763417749.0370543,598.7354259490967,595.0,617.0,568.0
7,1763417749.0622306,602.3510723114014,595.0,592.0,578.0
7,1763417749.0928001,606.2242393493652,595.0,590.0,584.0
7,1763417749.1240115,610.0980072021484,595.0,609.0,586.0
7,1763417749.1573815,613.9404182434082,595.0,653.0,584.0
7,1763417749.1867397,617.7061538696289,595.0,655.0,560.0
7,1763417749.2187026,621.552827835083,595.0,656.0,540.0
7,1763417749.2466671,623.5297946929932,595.0,675.0,540.0
7,1763417749.277579,627.3742942810059,595.0,686.0,554.0
7,1763417749.3148334,633.0631237030029,595.0,682.0,565.0
7,1763417749.3470733,636.8985824584961,595.0,667.0,583.0
7,1763417749.379153,640.7981853485107,595.0,646.0,593.0
7,1763417749.4123325,644.6662311553955,595.0,623.0,590.0
7,1763417749.4521723,648.4041004180908,595.0,645.0,576.0
7,1763417749.4820576,652.2801284790039,595.0,671.0,561.0
7,1763417749.5126064,656.130292892456,595.0,695.0,549.0
7,1763417749.5473762,660.0114135742188,595.0,696.0,551.0
7,1763417749.5873954,665.6875400543213,595.0,677.0,566.0
7,1763417749.6217117,669.5955543518066,595.0,659.0,582.0
7,1763417749.6519167,673.4034328460693,595.0,659.0,591.0
7,1763417749.6999838,679.1859321594238,595.0,669.0,588.0
7,1763417749.7423708,683.0270557403564,595.0,692.0,590.0
7,1763417749.7820523,688.8449459075928,595.0,703.0,579.0
7,1763417749.8100905,690.7539348602295,595.0,722.0,566.0
7,1763417749.8315868,694.5674209594727,595.0,725.0,572.0
7,1763417749.8666246,698.32546043396,595.0,724.0,582.0
7,1763417749.9087567,704.1079025268555,595.0,707.0,583.0
7,1763417749.9515605,709.8835639953613,595.0,687.0,582.0
7,1763417749.997035,713.7929515838623,595.0,706.0,598.0
7,1763417750.0217454,717.6331024169922,595.0,711.0,589.0
7,1763417750.0523636,721.4519672393799,595.0,707.0,572.0
7,1763417750.086599,725.2202777862549,595.0,706.0,572.0
7,1763417750.1174405,729.1286640167236,595.0,700.0,565.0
7,1763417750.1593633,732.9982261657715,595.0,704.0,562.0
7,1763417750.19675,738.7172966003418,595.0,718.0,557.0
7,1763417750.2281797,742.543399810791,595.0,738.0,563.0
7,1763417750.262492,746.3947944641113,595.0,742.0,566.0
7,1763417750.2949076,750.2561740875244,595.0,746.0,584.0
7,1763417750.3287292,754.1291122436523,595.0,752.0,585.0
7,1763417750.3673172,757.9529266357422,595.0,758.0,586.0
7,1763417750.3968906,761.7953948974609,595.0,748.0,579.0
7,1763417750.4416862,767.5057964324951,595.0,741.0,576.0
7,1763417750.4623365,769.4691734313965,595.0,730.0,580.0
7,1763417750.4917448,773.341911315918,595.0,732.0,589.0
7,1763417750.521774,777.1057014465332,595.0,747.0,596.0
7,1763417750.5522394,780.9338073730469,595.0,768.0,599.0
7,1763417750.5872986,784.7743301391602,595.0,785.0,594.0
7,1763417750.6291404,790.6089859008789,595.0,788.0,590.0
7,1763417750.659847,794.3637924194336,595.0,781.0,587.0
7,1763417750.694842,798.1774501800537,595.0,772.0,587.0
7,1763417750.725806,802.1292667388916,595.0,788.0,575.0
7,1763417750.7605073,805.9096221923828,595.0,800.0,590.0
7,1763417750.794007,809.7766094207764,595.0,785.0,591.0
7,1763417750.8198235,813.6023406982422,595.0,791.0,607.0
7,1763417750.8574448,817.4131374359131,595.0,803.0,610.0
7,1763417750.8872166,821.3290767669678,595.0,817.0,602.0
7,1763417750.9223447,825.1330070495605,595.0,812.0,583.0
7,1763417750.964312,830.853307723999,595.0,815.0,575.0
7,1763417750.9933186,834.89453125,595.0,840.0,582.0
7,1763417751.0318906,838.5642223358154,595.0,852.0,594.0
7,1763417751.0717957,844.31178855896,595.0,844.0,584.0
7,1763417751.1122005,848.1094818115234,595.0,842.0,573.0
7,1763417751.1439419,852.0415859222412,595.0,838.0,577.0
7,1763417751.1669579,853.9689998626709,595.0,849.0,586.0
7,1763417751.2189107,861.6013221740723,595.0,863.0,590.0
7,1763417751.2623634,865.4055671691895,595.0,876.0,587.0
7,1763417751.2872658,869.2404823303223,595.0,904.0,572.0
7,1763417751.3174348,873.048189163208,595.0,888.0,578.0
7,1763417751.3641374,878.8663940429688,595.0,860.0,583.0
7,1763417751.4124792,882.7137546539307,595.0,841.0,584.0
7,1763417751.436853,886.5689830780029,595.0,854.0,596.0
7,1763417751.4816196,892.3416118621826,595.0,863.0,600.0
7,1763417751.5268688,898.0540161132812,595.0,866.0,595.0
7,1763417751.5668104,901.9399719238281,595.0,870.0,588.0
7,1763417751.5939038,905.8069877624512,595.0,875.0,586.0
7,1763417751.6267638,909.5204524993896,595.0,880.0,590.0
7,1763417751.6619048,913.4080104827881,595.0,897.0,586.0
7,1763417751.700814,919.1756610870361,595.0,916.0,579.0
7,1763417751.7278113,921.0943489074707,595.0,912.0,576.0
7,1763417751.763075,926.8584804534912,595.0,899.0,579.0
7,1763417751.8018491,930.7410316467285,595.0,886.0,577.0
7,1763417751.8457203,936.4863376617432,595.0,895.0,574.0
7,1763417751.86798,938.4163551330566,595.0,936.0,574.0
7,1763417751.896882,942.2206859588623,595.0,943.0,578.0
7,1763417751.9318645,946.0075359344482,595.0,937.0,578.0
7,1763417751.9624279,949.9245052337646,595.0,919.0,551.0
7,1763417751.9919472,953.7333850860596,595.0,913.0,552.0
7,1763417752.027127,957.6360778808594,595.0,920.0,554.0
7,1763417752.0573835,961.4029006958008,595.0,922.0,557.0
7,1763417752.100508,967.1582775115967,595.0,940.0,572.0
7,1763417752.1479242,972.9484157562256,595.0,951.0,575.0
7,1763417752.1874394,976.7578105926514,595.0,953.0,583.0
7,1763417752.2174911,980.6234817504883,595.0,933.0,578.0
7,1763417752.2431607,984.4688682556152,595.0,932.0,575.0
7,1763417752.2800524,988.3126811981201,595.0,933.0,577.0
7,1763417752.3282938,994.139669418335,595.0,940.0,573.0
7,1763417752.367251,997.9725246429443,595.0,953.0,572.0
7,1763417752.392363,1001.730878829956,595.0,973.0,568.0
7,1763417752.4189744,1005.5657081604004,595.0,981.0,569.0
7,1763417752.442858,1007.4520664215088,595.0,987.0,567.0
7,1763417752.4776852,1011.3098125457764,595.0,985.0,570.0
7,1763417752.5073156,1015.2585964202881,595.0,979.0,568.0
7,1763417752.5419533,1019.0269069671631,595.0,971.0,583.0
7,1763417752.5672781,1022.8161315917969,595.0,962.0,594.0
7,1763417752.606595,1026.7036895751953,595.0,965.0,593.0
7,1763417752.6429522,1032.4135475158691,595.0,978.0,575.0
7,1763417752.6721811,1036.358039855957,595.0,992.0,573.0
7,1763417752.6970696,1038.2063465118408,595.0,1000.0,587.0
7,1763417752.7443495,1043.9264755249023,595.0,996.0,596.0
7,1763417752.7665234,1045.9809474945068,595.0,987.0,596.0
7,1763417752.807393,1051.6811637878418,595.0,981.0,613.0
7,1763417752.8465605,1055.5097846984863,595.0,982.0,611.0
7,1763417752.8722165,1059.3384914398193,595.0,1014.0,585.0
7,1763417752.902382,1063.1977825164795,595.0,1037.0,579.0
7,1763417752.9425292,1067.0560150146484,595.0,1044.0,582.0
7,1763417752.9877336,1072.7568607330322,595.0,1039.0,579.0
7,1763417753.0141444,1076.6223888397217,595.0,1044.0,572.0
7,1763417753.0375807,1078.5308628082275,595.0,1049.0,587.0
7,1763417753.0801518,1084.243953704834,595.0,1052.0,595.0
7,1763417753.117412,1088.252332687378,595.0,1059.0,593.0
7,1763417753.1468537,1091.956470489502,595.0,1064.0,587.0
7,1763417753.1823986,1095.807378768921,595.0,1041.0,591.0
7,1763417753.2222033,1101.5575485229492,595.0,1044.0,585.0
7,1763417753.261752,1105.3958110809326,595.0,1044.0,574.0
7,1763417753.2925029,1109.252098083496,595.0,1041.0,582.0
7,1763417753.3218243,1113.0487041473389,595.0,1043.0,580.0
7,1763417753.3580155,1116.908224105835,595.0,1049.0,594.0
7,1763417753.3997827,1122.6907234191895,595.0,1057.0,616.0
7,1763417753.4453485,1128.4829788208008,595.0,1065.0,629.0
7,1763417753.4665847,1130.3280239105225,595.0,1102.0,623.0
7,1763417753.4968233,1134.2144660949707,595.0,1107.0,616.0
7,1763417753.526683,1138.0026321411133,595.0,1111.0,624.0
7,1763417753.5573843,1141.9464092254639,595.0,1117.0,631.0
7,1763417753.591705,1145.6972675323486,595.0,1117.0,618.0
7,1763417753.6216373,1149.619873046875,595.0,1127.0,610.0
7,1763417753.6578374,1153.4490947723389,595.0,1135.0,599.0
7,1763417753.6870825,1157.3289852142334,595.0,1136.0,595.0
7,1763417753.7226455,1161.122272491455,595.0,1146.0,590.0
7,1763417753.7645628,1166.8563919067383,595.0,1168.0,594.0
7,1763417753.8065243,1170.702808380127,595.0,1151.0,605.0
7,1763417753.8318655,1174.5577793121338,595.0,1135.0,605.0
7,1763417753.8620567,1178.3920936584473,595.0,1149.0,593.0
7,1763417753.8976896,1182.2696952819824,595.0,1153.0,581.0
7,1763417753.9270415,1186.085412979126,595.0,1165.0,575.0
7,1763417753.9576325,1189.946849822998,595.0,1170.0,582.0
7,1763417753.9901645,1193.752353668213,595.0,1167.0,587.0
7,1763417754.020136,1197.615821838379,595.0,1175.0,584.0
7,1763417754.0525913,1201.3685398101807,595.0,1161.0,597.0
7,1763417754.0820713,1205.2961235046387,595.0,1162.0,617.0
7,1763417754.1117783,1209.1096954345703,595.0,1155.0,624.0
7,1763417754.142509,1211.0174255371094,595.0,1162.0,620.0
7,1763417754.1723673,1214.9167709350586,595.0,1171.0,623.0
7,1763417754.202527,1218.694465637207,595.0,1170.0,623.0
7,1763417754.2500155,1224.4859771728516,595.0,1170.0,626.0
7,1763417754.286813,1228.2669620513916,595.0,1187.0,629.0
7,1763417754.3274639,1234.0620498657227,595.0,1196.0,628.0
7,1763417754.371846,1239.7911911010742,595.0,1206.0,621.0
7,1763417754.3971412,1241.802089691162,595.0,1209.0,623.0
7,1763417754.4321518,1247.5545196533203,595.0,1209.0,632.0
7,1763417754.4621227,1249.430950164795,595.0,1214.0,626.0
7,1763417754.4918044,1253.3036880493164,595.0,1207.0,625.0
7,1763417754.5222876,1257.0453910827637,595.0,1228.0,625.0
7,1763417754.5669866,1262.8095226287842,595.0,1229.0,626.0
7,1763417754.607089,1266.757963180542,595.0,1225.0,628.0
7,1763417754.631996,1270.5659275054932,595.0,1242.0,615.0
7,1763417754.6592076,1274.4201831817627,595.0,1272.0,626.0
7,1763417754.691817,1278.2982711791992,595.0,1270.0,642.0
7,1763417754.7228193,1282.021692276001,595.0,1278.0,650.0
7,1763417754.762581,1285.9213237762451,595.0,1261.0,655.0
7,1763417754.7967331,1289.708574295044,595.0,1281.0,623.0
7,1763417754.8297832,1293.5324459075928,595.0,1295.0,605.0
7,1763417754.8575916,1297.4254398345947,595.0,1293.0,581.0
7,1763417754.892322,1301.2467937469482,595.0,1277.0,607.0
7,1763417754.9275227,1305.1810722351074,595.0,1274.0,643.0
7,1763417754.9572973,1308.9596252441406,595.0,1286.0,647.0
7,1763417754.9876177,1312.750623703003,595.0,1278.0,623.0
7,1763417755.0169926,1316.6217308044434,595.0,1276.0,617.0
7,1763417755.0465488,1320.4698066711426,595.0,1298.0,621.0
7,1763417755.0816863,1324.2795448303223,595.0,1301.0,624.0
7,1763417755.1120963,1328.1037311553955,595.0,1303.0,619.0
7,1763417755.141712,1331.9432525634766,595.0,1304.0,611.0
7,1763417755.1768234,1335.8144454956055,595.0,1312.0,597.0
7,1763417755.2123458,1339.7297267913818,595.0,1315.0,589.0
7,1763417755.2431972,1343.4744052886963,595.0,1327.0,585.0
7,1763417755.277128,1347.3835926055908,595.0,1347.0,596.0
7,1763417755.31204,1353.1411151885986,595.0,1356.0,593.0
7,1763417755.342112,1355.0315647125244,595.0,1359.0,579.0
7,1763417755.3815475,1360.8366661071777,595.0,1348.0,580.0
7,1763417755.422261,1364.6147327423096,595.0,1333.0,602.0
7,1763417755.4623978,1370.3895359039307,595.0,1338.0,636.0
7,1763417755.4992454,1374.240816116333,595.0,1354.0,646.0
7,1763417755.5317,1378.0054359436035,595.0,1362.0,631.0
7,1763417755.567184,1381.8802909851074,595.0,1375.0,627.0
7,1763417755.597601,1385.7551746368408,595.0,1389.0,614.0
7,1763417755.6273203,1389.5919780731201,595.0,1388.0,614.0
7,1763417755.6573844,1393.437822341919,595.0,1399.0,612.0
7,1763417755.6871397,1397.3451499938965,595.0,1390.0,627.0
7,1763417755.7358682,1403.336675643921,595.0,1402.0,632.0
7,1763417755.7805436,1408.8509254455566,595.0,1407.0,634.0
7,1763417755.8023858,1410.6832389831543,595.0,1390.0,634.0
7,1763417755.852352,1416.435354232788,595.0,1385.0,631.0
7,1763417755.8976014,1422.168472290039,595.0,1409.0,636.0
7,1763417755.9266074,1426.0875873565674,595.0,1418.0,647.0
7,1763417755.9567106,1429.8914890289307,595.0,1415.0,662.0
7,1763417755.9919527,1433.715732574463,595.0,1450.0,670.0
7,1763417756.0219474,1437.549217224121,595.0,1472.0,655.0
7,1763417756.056801,1441.4364604949951,595.0,1488.0,641.0
7,1763417756.0867698,1445.2657680511475,595.0,1503.0,642.0
7,1763417756.1175845,1449.1184787750244,595.0,1503.0,642.0
7,1763417756.166879,1454.9175720214844,595.0,1501.0,636.0
7,1763417756.1968782,1458.762071609497,595.0,1494.0,629.0
7,1763417756.2222385,1460.600965499878,595.0,1489.0,628.0
7,1763417756.2523973,1464.5496921539307,595.0,1496.0,634.0
7,1763417756.2869365,1468.329303741455,595.0,1498.0,637.0
7,1763417756.3243232,1474.0833644866943,595.0,1497.0,651.0
7,1763417756.3572218,1477.9183082580566,595.0,1479.0,649.0
7,1763417756.3922257,1481.6970043182373,595.0,1487.0,667.0
7,1763417756.4267042,1485.5900268554688,595.0,1488.0,667.0
7,1763417756.4565945,1489.434497833252,595.0,1498.0,662.0
7,1763417756.5017588,1495.2740745544434,595.0,1519.0,654.0
7,1763417756.5416424,1498.998067855835,595.0,1531.0,657.0
7,1763417756.5876083,1504.7883777618408,595.0,1522.0,675.0
7,1763417756.6117995,1508.5717658996582,595.0,1531.0,670.0
7,1763417756.6371937,1510.6091003417969,595.0,1529.0,660.0
7,1763417756.681901,1516.3228492736816,595.0,1535.0,674.0
7,1763417756.7173226,1520.1162796020508,595.0,1524.0,688.0
7,1763417756.7482915,1524.0330486297607,595.0,1547.0,703.0
7,1763417756.781596,1527.7714042663574,595.0,1573.0,704.0
7,1763417756.8075867,1531.6696338653564,595.0,1577.0,715.0
7,1763417756.842808,1535.5689506530762,595.0,1567.0,727.0
7,1763417756.8715205,1539.3958835601807,595.0,1566.0,728.0
7,1763417756.8989267,1543.1970386505127,595.0,1583.0,726.0
7,1763417756.931979,1547.0424823760986,595.0,1594.0,725.0
7,1763417756.9816494,1552.7267055511475,595.0,1598.0,719.0
7,1763417757.015076,1556.6421012878418,595.0,1598.0,711.0
7,1763417757.0510669,1560.521162033081,595.0,1611.0,706.0
7,1763417757.0823662,1564.2621212005615,595.0,1607.0,707.0
7,1763417757.1250494,1570.0197296142578,595.0,1593.0,713.0
7,1763417757.147211,1571.9341259002686,595.0,1585.0,703.0
7,1763417757.1775808,1575.799482345581,595.0,1599.0,702.0
7,1763417757.211659,1579.6335678100586,595.0,1614.0,717.0
7,1763417757.249731,1583.5297946929932,595.0,1613.0,727.0
7,1763417757.2867818,1589.2823390960693,595.0,1596.0,731.0
7,1763417757.3282766,1593.1206588745117,595.0,1588.0,719.0
7,1763417757.367503,1598.9418392181396,595.0,1593.0,714.0
7,1763417757.414835,1604.7568111419678,595.0,1591.0,716.0
7,1763417757.447497,1608.4268741607666,595.0,1611.0,710.0
7,1763417757.4878643,1612.245367050171,595.0,1620.0,720.0
7,1763417757.512235,1616.2188701629639,595.0,1649.0,740.0
7,1763417757.5395076,1619.9473552703857,595.0,1650.0,721.0
7,1763417757.57741,1623.8660984039307,595.0,1655.0,679.0
7,1763417757.6218162,1629.6416454315186,595.0,1650.0,666.0
7,1763417757.6576102,1633.366382598877,595.0,1650.0,666.0
7,1763417757.6923637,1637.2450428009033,595.0,1653.0,700.0
7,1763417757.721795,1641.0711460113525,595.0,1650.0,714.0
7,1763417757.7520118,1645.011947631836,595.0,1656.0,715.0
7,1763417757.7867527,1648.8476638793945,595.0,1659.0,711.0
7,1763417757.8169603,1652.5874500274658,595.0,1655.0,702.0
7,1763417757.847744,1656.4745502471924,595.0,1660.0,706.0
7,1763417757.8769047,1660.2519874572754,595.0,1660.0,708.0
7,1763417757.9078057,1664.1052989959717,595.0,1663.0,711.0
7,1763417757.9421492,1667.9481391906738,595.0,1657.0,722.0
7,1763417757.977299,1671.7954711914062,595.0,1667.0,719.0
7,1763417758.0121653,1675.6405715942383,595.0,1692.0,719.0
7,1763417758.0372164,1679.5284442901611,595.0,1699.0,709.0
7,1763417758.068039,1683.3454494476318,595.0,1698.0,704.0
7,1763417758.0999355,1687.1204261779785,595.0,1698.0,697.0
7,1763417758.1324573,1691.0509853363037,595.0,1695.0,692.0
7,1763417758.1634514,1694.8272495269775,595.0,1687.0,686.0
7,1763417758.1916502,1698.6943225860596,595.0,1663.0,678.0
7,1763417758.2316117,1702.5455169677734,595.0,1656.0,682.0
7,1763417758.2587602,1706.3218669891357,595.0,1661.0,692.0
7,1763417758.2924778,1710.211799621582,595.0,1681.0,688.0
7,1763417758.3328145,1714.0149002075195,595.0,1709.0,692.0
7,1763417758.372457,1719.8204021453857,595.0,1700.0,682.0
7,1763417758.3975072,1721.688621520996,595.0,1700.0,673.0
7,1763417758.4269524,1725.6489925384521,595.0,1710.0,681.0
8,1763417758.46159,1727.5581245422363,595.0,1723.0,680.0
8,1763417758.4975147,1727.5581245422363,595.0,1718.0,693.0
8,1763417758.5378876,1727.5581245422363,595.0,1721.0,706.0
8,1763417758.571927,1727.5581245422363,595.0,1729.0,703.0
8,1763417758.596998,1727.5581245422363,595.0,1738.0,694.0
8,1763417758.6376579,1727.5581245422363,595.0,1730.0,680.0
8,1763417758.6720374,1727.5581245422363,595.0,1713.0,679.0
8,1763417758.7121186,1727.5581245422363,595.0,1686.0,676.0
8,1763417758.746624,1727.5581245422363,595.0,1678.0,687.0
8,1763417758.7716513,1727.5581245422363,595.0,1683.0,673.0
8,1763417758.8177843,1727.5581245422363,595.0,1686.0,655.0
8,1763417758.8579688,1727.5581245422363,595.0,1683.0,652.0
8,1763417758.8772864,1727.5581245422363,595.0,1468.0,689.0
8,1763417758.9018435,1727.5581245422363,595.0,1279.0,681.0
8,1763417758.931905,1727.5581245422363,595.0,1274.0,643.0
8,1763417758.9624627,180.02248573303223,645.0,1293.0,638.0
8,1763417758.9972925,183.80507278442383,645.0,1297.0,660.0
8,1763417759.0421867,189.61795616149902,645.0,1163.0,693.0
8,1763417759.086901,195.389554977417,645.0,783.0,680.0
8,1763417759.118117,199.14344596862793,645.0,470.0,680.0
8,1763417759.1442714,202.96334075927734,645.0,304.0,679.0
8,1763417759.1715765,204.97941780090332,645.0,315.0,629.0
8,1763417759.201525,208.8199977874756,645.0,301.0,617.0
8,1763417759.2334273,212.6706485748291,645.0,284.0,641.0
8,1763417759.2675543,216.41129302978516,645.0,263.0,651.0
8,1763417759.3042724,222.1749382019043,645.0,264.0,664.0
8,1763417759.3320432,224.1367416381836,645.0,211.0,656.0
8,1763417759.361665,228.01660346984863,645.0,216.0,644.0
8,1763417759.402384,233.81767082214355,645.0,218.0,641.0
8,1763417759.4497159,239.51236534118652,645.0,230.0,648.0
8,1763417759.4825058,243.33160209655762,645.0,228.0,642.0
8,1763417759.507193,245.30462074279785,645.0,232.0,639.0
8,1763417759.5441437,250.9609203338623,645.0,211.0,645.0
8,1763417759.5769408,254.91554069519043,645.0,237.0,626.0
8,1763417759.6116667,258.67681312561035,645.0,256.0,624.0
8,1763417759.6580856,264.5510082244873,645.0,247.0,642.0
8,1763417759.6894271,268.2552318572998,645.0,231.0,642.0
8,1763417759.721857,272.1393852233887,645.0,222.0,626.0
8,1763417759.7509632,274.09869956970215,645.0,220.0,617.0
8,1763417759.7977304,279.8399143218994,645.0,229.0,623.0
8,1763417759.8361893,285.5729179382324,645.0,239.0,630.0
8,1763417759.8719623,289.4175319671631,645.0,301.0,640.0
8,1763417759.8972423,293.3182792663574,645.0,281.0,641.0
8,1763417759.9443784,298.9759521484375,645.0,264.0,647.0
8,1763417759.9824855,302.9278259277344,645.0,280.0,651.0
8,1763417760.0119064,306.6905860900879,645.0,292.0,655.0
8,1763417760.0373394,308.5757999420166,645.0,301.0,657.0
8,1763417760.0731058,314.33718490600586,645.0,312.0,656.0
8,1763417760.1067631,318.29086112976074,645.0,328.0,640.0
8,1763417760.1422222,322.0321636199951,645.0,335.0,630.0
8,1763417760.171532,325.85451889038086,645.0,341.0,619.0
8,1763417760.2026322,329.80081367492676,645.0,334.0,617.0
8,1763417760.2366538,333.65375328063965,645.0,326.0,601.0
8,1763417760.2717576,337.4280433654785,645.0,327.0,606.0
8,1763417760.3207116,343.1988124847412,645.0,363.0,612.0
8,1763417760.3671222,348.9937286376953,645.0,382.0,621.0
8,1763417760.3973308,352.7397804260254,645.0,381.0,634.0
8,1763417760.4274533,356.5872554779053,645.0,386.0,642.0
8,1763417760.4571006,360.4286937713623,645.0,387.0,640.0
8,1763417760.489146,364.3805961608887,645.0,386.0,625.0
8,1763417760.5173335,366.1957149505615,645.0,397.0,618.0
8,1763417760.5468266,370.0322608947754,645.0,405.0,617.0
8,1763417760.5815938,375.84680366516113,645.0,412.0,616.0
8,1763417760.6121523,377.68907356262207,645.0,408.0,611.0
8,1763417760.6572664,383.497522354126,645.0,415.0,605.0
8,1763417760.687422,387.3614196777344,645.0,428.0,618.0
8,1763417760.7168756,391.25404167175293,645.0,434.0,642.0
8,1763417760.7627397,396.9601516723633,645.0,420.0,661.0
8,1763417760.8098447,402.65773582458496,645.0,416.0,657.0
8,1763417760.859037,408.4480171203613,645.0,411.0,625.0
8,1763417760.905532,414.1737823486328,645.0,409.0,601.0
8,1763417760.9415898,418.12579917907715,645.0,436.0,583.0
8,1763417760.977393,421.93470764160156,645.0,435.0,584.0
8,1763417761.00422,425.7868175506592,645.0,432.0,613.0
8,1763417761.0367932,429.6586971282959,645.0,442.0,621.0
8,1763417761.0675278,433.3746223449707,645.0,454.0,624.0
8,1763417761.0970542,437.2838382720947,645.0,454.0,620.0
8,1763417761.1289392,441.09483528137207,645.0,456.0,608.0
8,1763417761.1618712,444.9911193847656,645.0,482.0,607.0
8,1763417761.192703,448.8026313781738,645.0,492.0,607.0
8,1763417761.2323825,452.57091331481934,645.0,495.0,608.0
8,1763417761.2567885,456.5015869140625,645.0,499.0,605.0
8,1763417761.2916842,460.28503227233887,645.0,502.0,614.0
8,1763417761.3217356,464.1635494232178,645.0,496.0,621.0
8,1763417761.3534822,468.0669002532959,645.0,496.0,618.0
8,1763417761.3818855,471.8818168640137,645.0,498.0,613.0
8,1763417761.4120872,473.7296085357666,645.0,495.0,621.0
8,1763417761.449472,479.49914741516113,645.0,494.0,623.0
8,1763417761.4774604,481.44884872436523,645.0,501.0,617.0
8,1763417761.5204232,487.12832260131836,645.0,490.0,620.0
8,1763417761.557325,491.05896759033203,645.0,483.0,622.0
8,1763417761.5935888,496.7649345397949,645.0,480.0,616.0
8,1763417761.6175406,498.66768646240234,645.0,483.0,613.0
8,1763417761.6465416,502.62488174438477,645.0,492.0,610.0
8,1763417761.6822617,506.34973335266113,645.0,500.0,615.0
8,1763417761.7121618,510.25823402404785,645.0,502.0,611.0
8,1763417761.7416234,514.0768413543701,645.0,505.0,604.0
8,1763417761.7845883,519.8294715881348,645.0,514.0,608.0
8,1763417761.8117392,521.7833499908447,645.0,518.0,612.0
8,1763417761.8420773,525.5451374053955,645.0,515.0,622.0
8,1763417761.8817966,531.3174800872803,645.0,512.0,623.0
8,1763417761.9173605,535.121410369873,645.0,527.0,621.0
8,1763417761.957502,538.9658241271973,645.0,532.0,617.0
8,1763417761.9939506,544.8335819244385,645.0,531.0,599.0
8,1763417762.0322392,548.6627178192139,645.0,527.0,588.0
8,1763417762.0674634,552.4291114807129,645.0,517.0,592.0
8,1763417762.0965395,556.3468246459961,645.0,500.0,613.0
8,1763417762.126672,560.2083759307861,645.0,504.0,629.0
8,1763417762.162313,564.076250076294,645.0,513.0,620.0
8,1763417762.1974452,567.864673614502,645.0,520.0,617.0
8,1763417762.2323062,573.5511283874512,645.0,526.0,619.0
8,1763417762.2570717,575.5141334533691,645.0,530.0,619.0
8,1763417762.2871535,579.2989807128906,645.0,532.0,620.0
8,1763417762.3167546,583.142879486084,645.0,533.0,629.0
8,1763417762.3516452,587.0363597869873,645.0,535.0,627.0
8,1763417762.3824694,590.9050922393799,645.0,541.0,623.0
8,1763417762.4174175,594.7135715484619,645.0,552.0,628.0
8,1763417762.4475965,598.5209636688232,645.0,563.0,620.0
8,1763417762.4891636,604.3858890533447,645.0,565.0,611.0
8,1763417762.5171154,606.2534503936768,645.0,571.0,613.0
8,1763417762.5470774,610.160062789917,645.0,582.0,617.0
8,1763417762.5868893,615.7673244476318,645.0,585.0,616.0
8,1763417762.6176002,619.7642879486084,645.0,590.0,618.0
8,1763417762.6497407,623.5079364776611,645.0,606.0,627.0
8,1763417762.6866317,627.3074321746826,645.0,618.0,636.0
8,1763417762.7171757,631.2213115692139,645.0,612.0,629.0
8,1763417762.751776,635.0220375061035,645.0,610.0,620.0
8,1763417762.7868927,638.8197593688965,645.0,600.0,608.0
8,1763417762.816841,642.7581577301025,645.0,596.0,620.0
8,1763417762.8565395,648.4642391204834,645.0,608.0,637.0
8,1763417762.881998,650.4408340454102,645.0,624.0,644.0
8,1763417762.917885,654.2269401550293,645.0,624.0,642.0
8,1763417762.9696434,661.8992023468018,645.0,633.0,646.0
8,1763417763.0069234,665.7201843261719,645.0,646.0,644.0
8,1763417763.0372055,669.6462802886963,645.0,649.0,628.0
8,1763417763.0687988,673.435962677002,645.0,666.0,624.0
8,1763417763.1025476,677.3305587768555,645.0,666.0,615.0
8,1763417763.1369069,681.1121444702148,645.0,674.0,622.0
8,1763417763.1675649,684.997127532959,645.0,685.0,621.0
8,1763417763.1971998,688.8320713043213,645.0,683.0,614.0
8,1763417763.2371366,692.6029567718506,645.0,679.0,612.0
8,1763417763.277627,698.3803062438965,645.0,681.0,617.0
8,1763417763.3019857,702.2938423156738,645.0,698.0,615.0
8,1763417763.3316393,704.2564468383789,645.0,699.0,620.0
8,1763417763.37231,709.9094276428223,645.0,693.0,620.0
8,1763417763.4022987,713.6916999816895,645.0,694.0,627.0
8,1763417763.4266293,715.6158809661865,645.0,693.0,622.0
8,1763417763.4615543,721.4420680999756,645.0,699.0,614.0
8,1763417763.49193,723.2842807769775,645.0,708.0,618.0
8,1763417763.5218298,727.2218208312988,645.0,694.0,625.0
8,1763417763.5571811,731.018741607666,645.0,690.0,615.0
8,1763417763.5881217,734.8043041229248,645.0,697.0,600.0
8,1763417763.6365578,740.6453971862793,645.0,723.0,608.0
8,1763417763.6766167,746.341236114502,645.0,738.0,609.0
8,1763417763.7172384,750.2892475128174,645.0,737.0,606.0
8,1763417763.7419615,754.031494140625,645.0,728.0,609.0
8,1763417763.772201,757.973783493042,645.0,728.0,617.0
8,1763417763.8043025,761.7674427032471,645.0,739.0,639.0
8,1763417763.8333468,765.691535949707,645.0,742.0,626.0
8,1763417763.8633902,769.4042282104492,645.0,735.0,619.0
8,1763417763.8966458,773.2834033966064,645.0,721.0,610.0
8,1763417763.9370682,777.1076755523682,645.0,728.0,608.0
8,1763417763.9774084,782.8532676696777,645.0,742.0,605.0
8,1763417764.002034,784.8390464782715,645.0,765.0,604.0
8,1763417764.0321558,788.7031440734863,645.0,768.0,610.0
8,1763417764.0622618,792.4956302642822,645.0,762.0,616.0
8,1763417764.097001,796.319730758667,645.0,760.0,622.0
8,1763417764.1322908,800.1137046813965,645.0,763.0,635.0
8,1763417764.1722226,805.9614639282227,645.0,763.0,636.0
8,1763417764.2180207,811.6987590789795,645.0,756.0,626.0
8,1763417764.2558243,815.4775695800781,645.0,772.0,622.0
8,1763417764.281607,819.4084720611572,645.0,767.0,616.0
8,1763417764.312679,823.1726627349854,645.0,766.0,619.0
8,1763417764.346594,827.0040874481201,645.0,776.0,624.0
8,1763417764.3878868,830.8286457061768,645.0,783.0,627.0
8,1763417764.4270647,836.5923480987549,645.0,791.0,609.0
8,1763417764.452447,838.5612468719482,645.0,800.0,592.0
8,1763417764.4900877,844.3014316558838,645.0,803.0,592.0
8,1763417764.5172577,846.2861518859863,645.0,798.0,605.0
8,1763417764.5471382,850.0963764190674,645.0,786.0,617.0
8,1763417764.5815673,855.8436279296875,645.0,788.0,614.0
8,1763417764.6123083,857.7959041595459,645.0,802.0,605.0
8,1763417764.661729,865.4630451202393,645.0,818.0,623.0
8,1763417764.6918936,867.3295478820801,645.0,827.0,629.0
8,1763417764.722066,871.2067489624023,645.0,833.0,631.0
8,1763417764.7522335,875.0775699615479,645.0,836.0,637.0
8,1763417764.7870238,878.8919429779053,645.0,840.0,636.0
8,1763417764.816739,882.7223377227783,645.0,836.0,635.0
8,1763417764.8475347,886.5521030426025,645.0,860.0,649.0
8,1763417764.8819885,890.3219299316406,645.0,861.0,660.0
8,1763417764.923777,896.1214809417725,645.0,869.0,658.0
8,1763417764.961603,899.9358539581299,645.0,871.0,644.0
8,1763417764.9876828,903.7943439483643,645.0,868.0,642.0
8,1763417765.0184689,907.7095966339111,645.0,871.0,648.0
8,1763417765.0492296,911.5618782043457,645.0,871.0,648.0
8,1763417765.0768006,913.4179382324219,645.0,883.0,648.0
8,1763417765.117413,919.125020980835,645.0,873.0,649.0
8,1763417765.1520104,922.9872875213623,645.0,871.0,638.0
8,1763417765.178304,926.8012313842773,645.0,862.0,639.0
8,1763417765.2123756,930.7264404296875,645.0,879.0,639.0
8,1763417765.2468514,934.7688083648682,645.0,889.0,638.0
8,1763417765.2910519,940.356071472168,645.0,899.0,637.0
8,1763417765.3275146,944.2245178222656,645.0,906.0,653.0
8,1763417765.357279,947.9282836914062,645.0,908.0,670.0
8,1763417765.3843873,951.803825378418,645.0,916.0,670.0
8,1763417765.4124157,953.7326126098633,645.0,916.0,659.0
8,1763417765.4516819,959.4927959442139,645.0,927.0,658.0
8,1763417765.4820528,963.3171253204346,645.0,928.0,659.0
8,1763417765.5123937,967.1616249084473,645.0,923.0,666.0
8,1763417765.5477476,970.9653835296631,645.0,918.0,670.0
8,1763417765.587197,974.8021583557129,645.0,920.0,658.0
8,1763417765.611836,978.7372093200684,645.0,931.0,643.0
8,1763417765.6427488,982.5328140258789,645.0,938.0,635.0
8,1763417765.6888156,988.3517627716064,645.0,938.0,634.0
8,1763417765.7265544,992.1871929168701,645.0,948.0,637.0
8,1763417765.753268,996.0308628082275,645.0,966.0,631.0
8,1763417765.7977755,999.8997097015381,645.0,965.0,629.0
8,1763417765.8367782,1005.5229072570801,645.0,978.0,629.0
8,1763417765.8567662,1007.5030498504639,645.0,986.0,635.0
8,1763417765.8871136,1011.4130096435547,645.0,979.0,633.0
8,1763417765.9222953,1015.234935760498,645.0,974.0,637.0
8,1763417765.95211,1019.0185241699219,645.0,977.0,616.0
8,1763417765.9817786,1022.8589897155762,645.0,1022.0,636.0
8,1763417766.0121467,1026.7133312225342,645.0,1001.0,639.0
8,1763417766.046819,1030.711009979248,645.0,1003.0,648.0
8,1763417766.082051,1034.4420413970947,645.0,996.0,653.0
8,1763417766.1175272,1038.1978492736816,645.0,988.0,641.0
8,1763417766.146647,1042.0705013275146,645.0,977.0,638.0
8,1763417766.182684,1047.8519706726074,645.0,977.0,645.0
8,1763417766.2076705,1049.7516899108887,645.0,976.0,637.0
8,1763417766.2417846,1053.6163024902344,645.0,982.0,635.0
8,1763417766.2724812,1057.410104751587,645.0,989.0,647.0
8,1763417766.3017,1061.2818698883057,645.0,1020.0,654.0
8,1763417766.3483603,1066.998851776123,645.0,1028.0,652.0
8,1763417766.3795807,1070.9437446594238,645.0,1025.0,648.0
8,1763417766.4178529,1074.7292213439941,645.0,1014.0,642.0
8,1763417766.451638,1078.5829334259033,645.0,1032.0,636.0
8,1763417766.4824626,1082.4434261322021,645.0,1042.0,637.0
8,1763417766.5116487,1086.2551097869873,645.0,1021.0,644.0
8,1763417766.556421,1092.069709777832,645.0,1001.0,654.0
8,1763417766.5966737,1095.7976512908936,645.0,998.0,661.0
8,1763417766.621883,1099.6382884979248,645.0,1027.0,656.0
8,1763417766.6485293,1103.4986381530762,645.0,1043.0,652.0
8,1763417766.6825652,1107.284372329712,645.0,1054.0,648.0
8,1763417766.7167132,1111.1500148773193,645.0,1063.0,640.0
8,1763417766.752148,1114.987590789795,645.0,1074.0,654.0
8,1763417766.7777746,1118.9097957611084,645.0,1076.0,664.0
8,1763417766.809408,1122.7054862976074,645.0,1070.0,653.0
8,1763417766.8371725,1124.6888332366943,645.0,1057.0,632.0
8,1763417766.8724608,1130.3384094238281,645.0,1058.0,626.0
8,1763417766.902254,1134.3260459899902,645.0,1067.0,642.0
8,1763417766.9423501,1138.1183319091797,645.0,1084.0,664.0
8,1763417766.9720845,1141.960313796997,645.0,1102.0,671.0
8,1763417767.017562,1147.605655670166,645.0,1125.0,674.0
8,1763417767.057233,1151.4950733184814,645.0,1131.0,671.0
8,1763417767.100193,1157.3605136871338,645.0,1157.0,660.0
8,1763417767.1471066,1163.054178237915,645.0,1159.0,661.0
8,1763417767.1868253,1166.8254928588867,645.0,1150.0,658.0
8,1763417767.2254298,1172.587106704712,645.0,1160.0,662.0
8,1763417767.2516851,1174.4978408813477,645.0,1167.0,666.0
8,1763417767.2815518,1178.3887176513672,645.0,1149.0,666.0
8,1763417767.3174243,1182.2366790771484,645.0,1115.0,675.0
8,1763417767.3416483,1186.0823802947998,645.0,1120.0,683.0
8,1763417767.3772252,1189.8932628631592,645.0,1132.0,673.0
8,1763417767.4071574,1193.7183933258057,645.0,1148.0,653.0
8,1763417767.4501035,1199.5710163116455,645.0,1158.0,652.0
8,1763417767.4925025,1203.3625583648682,645.0,1165.0,656.0
8,1763417767.5285323,1209.081829071045,645.0,1175.0,653.0
8,1763417767.5575137,1211.0052089691162,645.0,1180.0,661.0
8,1763417767.5868573,1214.8376064300537,645.0,1181.0,666.0
8,1763417767.6174748,1218.7460498809814,645.0,1180.0,677.0
8,1763417767.6473577,1222.535789489746,645.0,1180.0,678.0
8,1763417767.6926,1228.3862380981445,645.0,1204.0,681.0
8,1763417767.7267337,1232.0845680236816,645.0,1201.0,674.0
8,1763417767.7467196,1234.0177898406982,645.0,1204.0,675.0
8,1763417767.784176,1239.7895030975342,645.0,1224.0,675.0
8,1763417767.8119967,1241.762607574463,645.0,1229.0,675.0
8,1763417767.842245,1245.5352954864502,645.0,1224.0,671.0
8,1763417767.8767,1249.4410209655762,645.0,1213.0,667.0
8,1763417767.9220774,1255.2726154327393,645.0,1215.0,669.0
8,1763417767.956899,1259.0285949707031,645.0,1217.0,664.0
8,1763417767.9875882,1262.8149299621582,645.0,1210.0,665.0
8,1763417768.017053,1266.7792205810547,645.0,1209.0,684.0
8,1763417768.0470111,1270.502555847168,645.0,1213.0,691.0
8,1763417768.0923648,1276.3258533477783,645.0,1223.0,708.0
8,1763417768.1328566,1280.1804523468018,645.0,1236.0,724.0
8,1763417768.1696944,1285.9151725769043,645.0,1223.0,712.0
8,1763417768.202147,1289.8115139007568,645.0,1204.0,696.0
8,1763417768.237386,1293.5199718475342,645.0,1193.0,704.0
8,1763417768.2776356,1297.3910217285156,645.0,1216.0,717.0
8,1763417768.3069162,1301.2634449005127,645.0,1249.0,714.0
8,1763417768.3498585,1307.0103816986084,645.0,1261.0,699.0
8,1763417768.3720245,1308.9421157836914,645.0,1253.0,684.0
8,1763417768.4019952,1312.8192882537842,645.0,1243.0,683.0
8,1763417768.4318633,1316.6870193481445,645.0,1251.0,692.0
8,1763417768.467373,1320.4507522583008,645.0,1269.0,687.0
8,1763417768.50845,1326.2390880584717,645.0,1293.0,682.0
8,1763417768.5418367,1330.0970344543457,645.0,1304.0,680.0
8,1763417768.577232,1333.9962368011475,645.0,1306.0,682.0
8,1763417768.6122365,1337.7880935668945,645.0,1295.0,683.0
8,1763417768.6424909,1341.5541439056396,645.0,1290.0,708.0
8,1763417768.6767485,1345.4012470245361,645.0,1277.0,709.0
8,1763417768.7119682,1351.1327056884766,645.0,1251.0,717.0
8,1763417768.7416482,1355.053337097168,645.0,1231.0,709.0
8,1763417768.7715707,1356.9598083496094,645.0,1267.0,700.0
8,1763417768.8015575,1360.804479598999,645.0,1302.0,679.0
8,1763417768.8325102,1364.6567611694336,645.0,1319.0,682.0
8,1763417768.8759284,1370.4109077453613,645.0,1326.0,689.0
8,1763417768.9093373,1374.209831237793,645.0,1314.0,714.0
8,1763417768.9372258,1378.0125885009766,645.0,1310.0,725.0
8,1763417768.9697788,1381.8840961456299,645.0,1320.0,718.0
8,1763417769.009332,1385.715950012207,645.0,1335.0,705.0
8,1763417769.033453,1389.5740966796875,645.0,1334.0,671.0
8,1763417769.0665314,1393.3891277313232,645.0,1344.0,657.0
8,1763417769.1021223,1397.2417240142822,645.0,1350.0,665.0
8,1763417769.1324358,1401.1526565551758,645.0,1355.0,667.0
8,1763417769.1671216,1404.9195652008057,645.0,1347.0,675.0
8,1763417769.2023022,1408.7445240020752,645.0,1342.0,666.0
8,1763417769.2317703,1412.656629562378,645.0,1342.0,668.0
8,1763417769.261925,1416.4335803985596,645.0,1344.0,692.0
8,1763417769.2909844,1420.3842239379883,645.0,1364.0,684.0
8,1763417769.3224826,1424.1212921142578,645.0,1370.0,687.0
8,1763417769.352904,1427.9679374694824,645.0,1357.0,675.0
8,1763417769.3967984,1431.7919235229492,645.0,1344.0,666.0
8,1763417769.4340289,1437.6490383148193,645.0,1349.0,657.0
8,1763417769.4572697,1439.5227222442627,645.0,1362.0,665.0
8,1763417769.4866316,1443.357837677002,645.0,1384.0,679.0
8,1763417769.5216475,1447.1356182098389,645.0,1393.0,687.0
8,1763417769.5518942,1450.9737663269043,645.0,1385.0,683.0
8,1763417769.5938876,1456.7489128112793,645.0,1382.0,667.0
8,1763417769.6255436,1460.6218509674072,645.0,1399.0,654.0
8,1763417769.6606464,1464.561622619629,645.0,1389.0,639.0
8,1763417769.7118158,1470.209711074829,645.0,1385.0,644.0
8,1763417769.7381153,1474.1268520355225,645.0,1387.0,654.0
8,1763417769.7768583,1477.9748420715332,645.0,1377.0,670.0
8,1763417769.8116148,1481.7545680999756,645.0,1384.0,684.0
8,1763417769.8521566,1487.4886589050293,645.0,1395.0,688.0
8,1763417769.877156,1489.4336681365967,645.0,1421.0,691.0
8,1763417769.9068265,1493.2696418762207,645.0,1436.0,695.0
8,1763417769.9370077,1497.1276168823242,645.0,1455.0,699.0
8,1763417769.9668355,1500.9618453979492,645.0,1451.0,698.0
8,1763417770.0015419,1504.775131225586,645.0,1443.0,697.0
8,1763417770.0323925,1508.6504726409912,645.0,1441.0,702.0
8,1763417770.0569086,1512.4551181793213,645.0,1449.0,694.0
8,1763417770.0897365,1516.3449363708496,645.0,1472.0,698.0
8,1763417770.1275556,1520.128381729126,645.0,1494.0,716.0
8,1763417770.156651,1523.969877243042,645.0,1490.0,727.0
8,1763417770.191571,1527.8323726654053,645.0,1482.0,735.0
8,1763417770.221722,1531.6127853393555,645.0,1476.0,731.0
8,1763417770.2590091,1535.4822616577148,645.0,1479.0,729.0
8,1763417770.2975726,1541.2509422302246,645.0,1487.0,722.0
8,1763417770.3226788,1543.2368640899658,645.0,1508.0,706.0
8,1763417770.3574188,1546.9845180511475,645.0,1515.0,698.0
8,1763417770.393926,1552.8294162750244,645.0,1523.0,699.0
8,1763417770.4277866,1556.5742950439453,645.0,1526.0,701.0
8,1763417770.457877,1560.473554611206,645.0,1520.0,694.0
8,1763417770.5070062,1566.1616973876953,645.0,1509.0,687.0
8,1763417770.5271468,1568.0827884674072,645.0,1514.0,705.0
8,1763417770.5621207,1571.945713043213,645.0,1548.0,718.0
8,1763417770.5922115,1575.7638339996338,645.0,1565.0,724.0
8,1763417770.6277006,1579.617259979248,645.0,1575.0,737.0
8,1763417770.6655517,1585.410945892334,645.0,1580.0,756.0
8,1763417770.691746,1587.3098068237305,645.0,1592.0,753.0
8,1763417770.7314875,1593.188980102539,645.0,1599.0,722.0
8,1763417770.7666237,1596.8998985290527,645.0,1589.0,691.0
8,1763417770.8131611,1602.710636138916,645.0,1576.0,697.0
8,1763417770.8372114,1604.5736198425293,645.0,1591.0,716.0
8,1763417770.8677208,1608.473337173462,645.0,1610.0,726.0
8,1763417770.9070923,1614.2589263916016,645.0,1617.0,735.0
8,1763417770.942466,1618.1050567626953,645.0,1629.0,721.0
8,1763417770.9854724,1623.7974910736084,645.0,1618.0,696.0
8,1763417771.027135,1627.689826965332,645.0,1615.0,686.0
8,1763417771.0522418,1631.5054874420166,645.0,1613.0,697.0
8,1763417771.0820677,1635.3976802825928,645.0,1603.0,703.0
8,1763417771.112816,1639.2160873413086,645.0,1627.0,715.0
8,1763417771.1518734,1643.0424194335938,645.0,1637.0,700.0
8,1763417771.186719,1646.8667488098145,645.0,1647.0,700.0
8,1763417771.217463,1650.6541423797607,645.0,1622.0,686.0
8,1763417771.26196,1656.4332942962646,645.0,1617.0,689.0
8,1763417771.2892292,1660.3074913024902,645.0,1624.0,692.0
8,1763417771.3225908,1664.1320209503174,645.0,1613.0,694.0
8,1763417771.3539064,1668.031623840332,645.0,1625.0,714.0
8,1763417771.3855798,1671.8137245178223,645.0,1648.0,738.0
8,1763417771.4121199,1673.7402229309082,645.0,1676.0,747.0
8,1763417771.442037,1677.5485305786133,645.0,1673.0,737.0
8,1763417771.4871967,1683.3732872009277,645.0,1662.0,730.0
8,1763417771.522672,1687.1672897338867,645.0,1657.0,715.0
8,1763417771.5477726,1690.9756546020508,645.0,1663.0,722.0
8,1763417771.59048,1694.8715381622314,645.0,1671.0,742.0
8,1763417771.6316075,1700.6268863677979,645.0,1680.0,742.0
8,1763417771.6608644,1704.4422035217285,645.0,1675.0,759.0
8,1763417771.7015798,1710.2451305389404,645.0,1668.0,770.0
8,1763417771.7265458,1712.1688823699951,645.0,1663.0,767.0
8,1763417771.7616029,1715.9681491851807,645.0,1670.0,774.0
8,1763417771.7918556,1719.8328475952148,645.0,1670.0,776.0
8,1763417771.8340178,1725.528600692749,645.0,1665.0,762.0
9,1763417771.8774788,1727.4506931304932,645.0,1693.0,748.0
9,1763417771.9117494,1727.4506931304932,645.0,1683.0,732.0
9,1763417771.9375768,1727.4506931304932,645.0,1675.0,731.0
9,1763417771.9620676,1727.4506931304932,645.0,1674.0,729.0
9,1763417772.0122433,1727.4506931304932,645.0,1675.0,737.0
9,1763417772.0468726,1727.4506931304932,645.0,1679.0,739.0
9,1763417772.0669954,1727.4506931304932,645.0,1667.0,733.0
9,1763417772.1074474,1727.4506931304932,645.0,1659.0,737.0
9,1763417772.1470528,1727.4506931304932,645.0,1661.0,735.0
9,1763417772.1816292,1727.4506931304932,645.0,1677.0,727.0
9,1763417772.2069097,1727.4506931304932,645.0,1692.0,710.0
9,1763417772.2323763,1727.4506931304932,645.0,1699.0,706.0
9,1763417772.267626,1727.4506931304932,645.0,1695.0,709.0
9,1763417772.30671,1727.4506931304932,645.0,1694.0,707.0
9,1763417772.3468535,178.0,695.0,1699.0,708.0
9,1763417772.3768191,179.9478416442871,695.0,1694.0,687.0
9,1763417772.4174514,185.82306671142578,695.0,1583.0,711.0
9,1763417772.4417953,187.666109085083,695.0,999.0,733.0
9,1763417772.472467,191.46832275390625,695.0,849.0,750.0
9,1763417772.51162,197.35009956359863,695.0,635.0,809.0
9,1763417772.5522168,201.04141998291016,695.0,386.0,850.0
9,1763417772.611029,208.7913589477539,695.0,276.0,833.0
9,1763417772.6321177,210.7531337738037,695.0,252.0,791.0
9,1763417772.6570363,214.58063888549805,695.0,344.0,683.0
9,1763417772.6919994,218.44848442077637,695.0,331.0,654.0
9,1763417772.7268372,222.17156219482422,695.0,318.0,680.0
9,1763417772.7523458,226.110933303833,695.0,286.0,719.0
9,1763417772.7828808,229.9667911529541,695.0,213.0,713.0
9,1763417772.8132079,233.7017993927002,695.0,228.0,701.0
9,1763417772.8424196,235.67513275146484,695.0,244.0,687.0
9,1763417772.8721492,239.5450668334961,695.0,258.0,696.0
9,1763417772.9068046,245.31383323669434,695.0,258.0,703.0
9,1763417772.947968,249.13704681396484,695.0,253.0,703.0
9,1763417772.9890037,254.80170059204102,695.0,253.0,700.0
9,1763417773.0218983,258.64050674438477,695.0,258.0,691.0
9,1763417773.0575025,262.4990825653076,695.0,266.0,687.0
9,1763417773.087029,266.3949375152588,695.0,276.0,682.0
9,1763417773.118026,270.26306915283203,695.0,290.0,678.0
9,1763417773.1465218,274.0799026489258,695.0,297.0,680.0
9,1763417773.1770093,275.98139572143555,695.0,296.0,683.0
9,1763417773.2068522,279.80975914001465,695.0,292.0,683.0
9,1763417773.2574298,285.55443572998047,695.0,278.0,680.0
9,1763417773.2969613,291.3015441894531,695.0,267.0,668.0
9,1763417773.3273299,295.130823135376,695.0,268.0,652.0
9,1763417773.3522706,297.0431022644043,695.0,344.0,653.0
9,1763417773.4027548,302.8047733306885,695.0,362.0,647.0
9,1763417773.4415827,308.5835247039795,695.0,368.0,647.0
9,1763417773.4678566,312.6400833129883,695.0,365.0,667.0
9,1763417773.5033984,316.34885597229004,695.0,353.0,676.0
9,1763417773.5500169,322.01514053344727,695.0,356.0,679.0
9,1763417773.5721734,324.03307723999023,695.0,358.0,662.0
9,1763417773.6015685,327.805965423584,695.0,354.0,644.0
9,1763417773.6324427,331.61939430236816,695.0,351.0,647.0
9,1763417773.6618273,335.4911308288574,695.0,348.0,660.0
9,1763417773.697096,339.31972312927246,695.0,344.0,680.0
9,1763417773.7367325,343.2167510986328,695.0,343.0,692.0
9,1763417773.7823122,348.94483375549316,695.0,352.0,702.0
9,1763417773.8122642,352.7694778442383,695.0,372.0,692.0
9,1763417773.846682,356.5852527618408,695.0,390.0,683.0
9,1763417773.8769267,360.42305755615234,695.0,400.0,678.0
9,1763417773.9078813,364.33044242858887,695.0,402.0,667.0
9,1763417773.950554,370.04258918762207,695.0,405.0,667.0
9,1763417773.9768589,371.9453411102295,695.0,398.0,676.0
9,1763417774.0171692,377.7581100463867,695.0,386.0,679.0
9,1763417774.0568128,381.62956047058105,695.0,382.0,686.0
9,1763417774.106571,389.2858009338379,695.0,395.0,686.0
9,1763417774.1272538,391.2348155975342,695.0,403.0,688.0
9,1763417774.1586225,395.0187759399414,695.0,414.0,690.0
9,1763417774.192146,398.863676071167,695.0,437.0,690.0
9,1763417774.2171974,400.7884006500244,695.0,454.0,675.0
9,1763417774.2476556,404.59939765930176,695.0,455.0,667.0
9,1763417774.277441,408.4634952545166,695.0,442.0,659.0
9,1763417774.317527,414.2317180633545,695.0,437.0,674.0
9,1763417774.3525207,418.0560188293457,695.0,453.0,681.0
9,1763417774.3823857,421.8766574859619,695.0,455.0,682.0
9,1763417774.4172888,425.7922248840332,695.0,456.0,694.0
9,1763417774.441887,427.6640205383301,695.0,442.0,705.0
9,1763417774.4874084,433.39422035217285,695.0,434.0,693.0
9,1763417774.5221217,437.25920486450195,695.0,435.0,671.0
9,1763417774.5516503,441.1550598144531,695.0,451.0,655.0
9,1763417774.5916882,446.804349899292,695.0,465.0,660.0
9,1763417774.6238031,450.80909538269043,695.0,473.0,664.0
9,1763417774.6582296,454.5873336791992,695.0,459.0,665.0
9,1763417774.681611,456.48570823669434,695.0,442.0,670.0
9,1763417774.7117107,460.3178482055664,695.0,433.0,673.0
9,1763417774.7517934,466.03894996643066,695.0,438.0,675.0
9,1763417774.79207,469.9448471069336,695.0,448.0,663.0
9,1763417774.8415234,475.6004886627197,695.0,449.0,656.0
9,1763417774.8667028,479.5626621246338,695.0,454.0,634.0
9,1763417774.8878646,481.4006404876709,695.0,462.0,621.0
9,1763417774.9322107,487.237699508667,695.0,462.0,616.0
9,1763417774.9753613,493.042200088501,695.0,464.0,614.0
9,1763417775.0165248,496.7401866912842,695.0,470.0,627.0
9,1763417775.0419579,500.6295757293701,695.0,455.0,656.0
9,1763417775.0877001,506.3450412750244,695.0,457.0,666.0
9,1763417775.127129,510.16187477111816,695.0,474.0,656.0
9,1763417775.1670291,516.0080890655518,695.0,477.0,639.0
9,1763417775.2019365,519.810131072998,695.0,480.0,650.0
9,1763417775.242444,523.719804763794,695.0,483.0,648.0
9,1763417775.2779505,529.4515781402588,695.0,477.0,653.0
9,1763417775.3136115,533.2285003662109,695.0,491.0,661.0
9,1763417775.3454738,537.1501331329346,695.0,494.0,661.0
9,1763417775.3787029,541.0251884460449,695.0,488.0,647.0
9,1763417775.4023795,542.9510860443115,695.0,489.0,636.0
9,1763417775.4383786,548.5919933319092,695.0,489.0,633.0
9,1763417775.4776123,552.4691371917725,695.0,491.0,628.0
9,1763417775.5034065,556.3291435241699,695.0,501.0,621.0
9,1763417775.5373342,560.0926189422607,695.0,510.0,622.0
9,1763417775.5828207,565.9223537445068,695.0,508.0,628.0
9,1763417775.627008,571.7382411956787,695.0,497.0,632.0
9,1763417775.6524994,573.5649757385254,695.0,504.0,631.0
9,1763417775.6795464,577.4037246704102,695.0,538.0,643.0
9,1763417775.7089086,581.2011032104492,695.0,552.0,653.0
9,1763417775.7374332,583.2414131164551,695.0,551.0,658.0
9,1763417775.774037,588.8862113952637,695.0,554.0,668.0
9,1763417775.8023484,590.8824043273926,695.0,564.0,673.0
9,1763417775.832143,594.7194080352783,695.0,567.0,672.0
9,1763417775.8690608,600.4199962615967,695.0,574.0,664.0
9,1763417775.896956,602.3958759307861,695.0,575.0,655.0
9,1763417775.9275572,606.2346534729004,695.0,585.0,638.0
9,1763417775.9574149,610.101526260376,695.0,590.0,627.0
9,1763417775.9917889,613.8469772338867,695.0,601.0,644.0
9,1763417776.032728,619.6708183288574,695.0,612.0,665.0
9,1763417776.0565257,621.6416339874268,695.0,612.0,674.0
9,1763417776.0944982,627.3452548980713,695.0,608.0,670.0
9,1763417776.1321695,631.2308673858643,695.0,611.0,651.0
9,1763417776.1620717,634.9718265533447,695.0,619.0,641.0
9,1763417776.2068558,640.8270816802979,695.0,627.0,657.0
9,1763417776.2416048,644.6512966156006,695.0,619.0,682.0
9,1763417776.276921,648.4640960693359,695.0,633.0,662.0
9,1763417776.302779,652.345874786377,695.0,649.0,646.0
9,1763417776.3334134,656.1361293792725,695.0,655.0,666.0
9,1763417776.3624094,658.0817394256592,695.0,641.0,676.0
9,1763417776.4008205,663.8093643188477,695.0,639.0,690.0
9,1763417776.4304638,667.6414756774902,695.0,636.0,693.0
9,1763417776.4574623,669.5619945526123,695.0,638.0,692.0
9,1763417776.4866767,673.4310131072998,695.0,639.0,691.0
9,1763417776.533945,679.1946296691895,695.0,644.0,687.0
9,1763417776.5731268,684.8993091583252,695.0,651.0,681.0
9,1763417776.608438,688.7224655151367,695.0,648.0,661.0
9,1763417776.6320467,690.7207469940186,695.0,658.0,642.0
9,1763417776.6623447,694.5885925292969,695.0,666.0,642.0
9,1763417776.702544,700.2795963287354,695.0,671.0,649.0
9,1763417776.7465816,706.0870723724365,695.0,677.0,656.0
9,1763417776.7673357,707.9258232116699,695.0,688.0,671.0
9,1763417776.7973833,711.7680339813232,695.0,695.0,674.0
9,1763417776.836713,715.6732158660889,695.0,691.0,668.0
9,1763417776.8617773,719.5303611755371,695.0,695.0,653.0
9,1763417776.894298,723.3146648406982,695.0,695.0,641.0
9,1763417776.9220688,725.2890567779541,695.0,692.0,641.0
9,1763417776.9623878,731.0517578125,695.0,690.0,639.0
9,1763417776.991841,734.9147396087646,695.0,692.0,654.0
9,1763417777.0217292,738.700273513794,695.0,696.0,668.0
9,1763417777.0666964,744.5008544921875,695.0,697.0,668.0
9,1763417777.0917826,746.350305557251,695.0,703.0,672.0
9,1763417777.132042,752.3423175811768,695.0,712.0,682.0
9,1763417777.1716452,756.045597076416,695.0,724.0,670.0
9,1763417777.1985729,759.8195152282715,695.0,730.0,640.0
9,1763417777.226889,763.7239532470703,695.0,737.0,637.0
9,1763417777.2626586,767.4518375396729,695.0,739.0,647.0
9,1763417777.3022928,771.4370136260986,695.0,733.0,675.0
9,1763417777.346749,777.0599822998047,695.0,718.0,673.0
9,1763417777.3822942,780.9238510131836,695.0,714.0,652.0
9,1763417777.406597,784.771240234375,695.0,722.0,652.0
9,1763417777.442535,788.5625247955322,695.0,738.0,665.0
9,1763417777.4774477,792.4226455688477,695.0,751.0,675.0
9,1763417777.5024645,796.2485771179199,695.0,778.0,680.0
9,1763417777.5330415,800.0804595947266,695.0,770.0,671.0
9,1763417777.5677,803.9570026397705,695.0,755.0,667.0
9,1763417777.6154313,809.6819667816162,695.0,761.0,680.0
9,1763417777.652307,813.6336688995361,695.0,777.0,691.0
9,1763417777.6821563,817.3986892700195,695.0,788.0,687.0
9,1763417777.7169454,821.322811126709,695.0,776.0,672.0
9,1763417777.751932,825.116584777832,695.0,775.0,669.0
9,1763417777.7816722,828.9040927886963,695.0,795.0,685.0
9,1763417777.8121734,832.7433567047119,695.0,805.0,694.0
9,1763417777.846994,836.6823844909668,695.0,799.0,687.0
9,1763417777.8719985,840.5144672393799,695.0,789.0,672.0
9,1763417777.9072266,844.3067531585693,695.0,783.0,668.0
9,1763417777.9525137,850.0144367218018,695.0,785.0,675.0
9,1763417777.9876146,853.9013652801514,695.0,786.0,686.0
9,1763417778.0222945,857.7179126739502,695.0,782.0,710.0
9,1763417778.0476608,861.5942268371582,695.0,793.0,703.0
9,1763417778.0776315,865.4495983123779,695.0,794.0,698.0
9,1763417778.1093647,869.261796951294,695.0,802.0,694.0
9,1763417778.137341,871.1374549865723,695.0,809.0,693.0
9,1763417778.1669166,874.9748878479004,695.0,817.0,693.0
9,1763417778.212092,880.7524375915527,695.0,829.0,699.0
9,1763417778.2470436,884.6196823120117,695.0,832.0,702.0
9,1763417778.2767904,888.4227828979492,695.0,827.0,709.0
9,1763417778.3116634,892.3660163879395,695.0,832.0,707.0
9,1763417778.3424752,896.1290340423584,695.0,842.0,699.0
9,1763417778.3871129,901.8674449920654,695.0,841.0,699.0
9,1763417778.437646,907.6889400482178,695.0,835.0,701.0
9,1763417778.466984,911.5508918762207,695.0,833.0,716.0
9,1763417778.4965935,915.2984886169434,695.0,842.0,730.0
9,1763417778.5267148,919.1738586425781,695.0,853.0,712.0
9,1763417778.557735,923.0558090209961,695.0,865.0,700.0
9,1763417778.5923252,926.8931560516357,695.0,872.0,692.0
9,1763417778.6218376,930.7471542358398,695.0,877.0,715.0
9,1763417778.6723685,936.5176372528076,695.0,894.0,724.0
9,1763417778.7120852,940.3633098602295,695.0,903.0,731.0
9,1763417778.7366624,944.1197757720947,695.0,898.0,732.0
9,1763417778.7668998,948.0017261505127,695.0,897.0,725.0
9,1763417778.813989,953.6972217559814,695.0,898.0,728.0
9,1763417778.8519402,957.6241188049316,695.0,892.0,735.0
9,1763417778.878553,961.411111831665,695.0,898.0,737.0
9,1763417778.9121053,965.3290252685547,695.0,903.0,724.0
9,1763417778.9432094,969.1557579040527,695.0,898.0,732.0
9,1763417778.9737957,972.961347579956,695.0,890.0,755.0
9,1763417779.0024977,974.8038749694824,695.0,868.0,758.0
9,1763417779.0341535,978.6996440887451,695.0,868.0,764.0
9,1763417779.0724056,984.5103816986084,695.0,908.0,787.0
9,1763417779.1032007,988.4821968078613,695.0,883.0,749.0
9,1763417779.1351204,992.2027568817139,695.0,873.0,742.0
9,1763417779.1774642,996.0443954467773,695.0,874.0,738.0
9,1763417779.2023196,999.8857479095459,695.0,870.0,739.0
9,1763417779.2375174,1003.6869029998779,695.0,877.0,728.0
9,1763417779.2789273,1009.4877128601074,695.0,877.0,727.0
9,1763417779.3020613,1011.3083820343018,695.0,884.0,737.0
9,1763417779.3329575,1015.220573425293,695.0,887.0,757.0
9,1763417779.3768048,1020.8887176513672,695.0,894.0,765.0
9,1763417779.412217,1024.7370510101318,695.0,900.0,741.0
9,1763417779.446745,1028.599775314331,695.0,923.0,740.0
9,1763417779.4871476,1034.3472270965576,695.0,932.0,735.0
9,1763417779.527239,1038.211124420166,695.0,937.0,725.0
9,1763417779.5622923,1042.1573333740234,695.0,933.0,720.0
9,1763417779.6022036,1047.8561763763428,695.0,950.0,725.0
9,1763417779.6322217,1051.7053966522217,695.0,963.0,730.0
9,1763417779.6572924,1053.5621719360352,695.0,975.0,711.0
9,1763417779.6935081,1059.3389205932617,695.0,986.0,706.0
9,1763417779.7332351,1063.1665115356445,695.0,990.0,714.0
9,1763417779.7574282,1067.0190505981445,695.0,983.0,718.0
9,1763417779.7898192,1070.871732711792,695.0,987.0,698.0
9,1763417779.8218906,1074.7615509033203,695.0,982.0,697.0
9,1763417779.8527546,1078.5657958984375,695.0,1000.0,692.0
9,1763417779.891632,1082.418134689331,695.0,1012.0,704.0
9,1763417779.9349117,1088.116605758667,695.0,1025.0,709.0
9,1763417779.9769962,1091.9832496643066,695.0,1025.0,717.0
9,1763417780.002213,1095.848949432373,695.0,1032.0,692.0
9,1763417780.0424225,1099.7191696166992,695.0,1027.0,687.0
9,1763417780.0825508,1105.3859977722168,695.0,1028.0,699.0
9,1763417780.1110182,1109.2605667114258,695.0,1027.0,715.0
9,1763417780.1316123,1111.173475265503,695.0,1016.0,714.0
9,1763417780.1674397,1115.109899520874,695.0,1017.0,718.0
9,1763417780.1969185,1118.9263038635254,695.0,1023.0,713.0
9,1763417780.2316036,1122.769172668457,695.0,1037.0,721.0
9,1763417780.261841,1126.5875225067139,695.0,1051.0,723.0
9,1763417780.3035266,1132.2475700378418,695.0,1061.0,724.0
9,1763417780.3368118,1136.249111175537,695.0,1073.0,721.0
9,1763417780.3696434,1140.0586204528809,695.0,1078.0,728.0
9,1763417780.4002736,1143.7611846923828,695.0,1074.0,725.0
9,1763417780.4291866,1147.640302658081,695.0,1059.0,714.0
9,1763417780.4577098,1149.5288352966309,695.0,1061.0,714.0
9,1763417780.4931765,1155.2890758514404,695.0,1069.0,722.0
9,1763417780.5220072,1157.280891418457,695.0,1076.0,713.0
9,1763417780.566647,1163.074634552002,695.0,1076.0,696.0
9,1763417780.6070862,1168.800313949585,695.0,1071.0,691.0
9,1763417780.6468132,1172.5892524719238,695.0,1062.0,710.0
9,1763417780.6773977,1176.4338092803955,695.0,1068.0,722.0
9,1763417780.7074437,1180.3567295074463,695.0,1092.0,721.0
9,1763417780.7420373,1184.1668682098389,695.0,1123.0,717.0
9,1763417780.7718022,1187.9209880828857,695.0,1117.0,706.0
9,1763417780.8025906,1191.8229084014893,695.0,1099.0,717.0
9,1763417780.8466587,1197.6177387237549,695.0,1095.0,720.0
9,1763417780.8870482,1201.3609867095947,695.0,1108.0,745.0
9,1763417780.9121642,1205.2866249084473,695.0,1129.0,750.0
9,1763417780.9426396,1209.0597705841064,695.0,1117.0,738.0
9,1763417780.986954,1214.9317626953125,695.0,1112.0,734.0
9,1763417781.0321956,1218.7524585723877,695.0,1118.0,746.0
9,1763417781.057076,1222.5753860473633,695.0,1112.0,747.0
9,1763417781.0890708,1226.6630725860596,695.0,1120.0,727.0
9,1763417781.12217,1230.202959060669,695.0,1124.0,718.0
9,1763417781.1529174,1234.0630512237549,695.0,1121.0,742.0
9,1763417781.184786,1237.8870944976807,695.0,1114.0,751.0
9,1763417781.2291982,1243.6066799163818,695.0,1115.0,756.0
9,1763417781.2521105,1245.6388931274414,695.0,1136.0,740.0
9,1763417781.2777743,1249.446828842163,695.0,1176.0,727.0
9,1763417781.3185856,1253.2579402923584,695.0,1178.0,724.0
9,1763417781.3586125,1259.0269927978516,695.0,1175.0,738.0
9,1763417781.3818867,1260.99222946167,695.0,1171.0,748.0
9,1763417781.4171672,1264.8069458007812,695.0,1169.0,745.0
9,1763417781.4467468,1268.6590557098389,695.0,1195.0,732.0
9,1763417781.487254,1274.3612461090088,695.0,1207.0,726.0
9,1763417781.5124233,1276.343391418457,695.0,1209.0,725.0
9,1763417781.5467348,1282.105463027954,695.0,1207.0,739.0
9,1763417781.5874062,1285.8950309753418,695.0,1209.0,751.0
9,1763417781.6327567,1291.651180267334,695.0,1214.0,761.0
9,1763417781.6819735,1297.4202613830566,695.0,1207.0,751.0
9,1763417781.7225022,1301.301124572754,695.0,1199.0,731.0
9,1763417781.7522447,1305.1697998046875,695.0,1226.0,743.0
9,1763417781.7817998,1308.9582233428955,695.0,1238.0,758.0
9,1763417781.8240526,1314.7587184906006,695.0,1257.0,744.0
9,1763417781.8671346,1320.5534343719482,695.0,1250.0,729.0
9,1763417781.9035053,1324.2651538848877,695.0,1251.0,738.0
9,1763417781.9348571,1328.112657546997,695.0,1251.0,738.0
9,1763417781.9721725,1331.990716934204,695.0,1251.0,732.0
9,1763417781.9991915,1335.883539199829,695.0,1262.0,729.0
9,1763417782.0299907,1339.6087627410889,695.0,1273.0,725.0
9,1763417782.062835,1343.5912494659424,695.0,1285.0,721.0
9,1763417782.093907,1347.291410446167,695.0,1285.0,729.0
9,1763417782.1319296,1351.1955909729004,695.0,1297.0,743.0
9,1763417782.1738298,1356.9797496795654,695.0,1297.0,754.0
9,1763417782.2121968,1360.795753479004,695.0,1297.0,748.0
9,1763417782.23819,1364.5653800964355,695.0,1313.0,734.0
9,1763417782.262001,1366.5661220550537,695.0,1319.0,753.0
9,1763417782.2967227,1370.371482849121,695.0,1335.0,773.0
9,1763417782.3366873,1376.1970977783203,695.0,1337.0,767.0
9,1763417782.3624651,1378.0818538665771,695.0,1356.0,754.0
9,1763417782.3970573,1383.7814407348633,695.0,1370.0,753.0
9,1763417782.43697,1387.6398735046387,695.0,1368.0,750.0
9,1763417782.479164,1393.4792785644531,695.0,1346.0,749.0
9,1763417782.501777,1395.4430847167969,695.0,1331.0,751.0
9,1763417782.5372808,1399.1586093902588,695.0,1339.0,743.0
9,1763417782.566974,1403.0321197509766,695.0,1361.0,749.0
9,1763417782.597191,1406.9037990570068,695.0,1355.0,740.0
9,1763417782.6322682,1410.7017498016357,695.0,1363.0,739.0
9,1763417782.661661,1414.5852165222168,695.0,1378.0,748.0
9,1763417782.6915612,1418.339994430542,695.0,1393.0,759.0
9,1763417782.736273,1424.168384552002,695.0,1378.0,754.0
9,1763417782.7724876,1428.0267314910889,695.0,1375.0,740.0
9,1763417782.815118,1433.7997608184814,695.0,1373.0,739.0
9,1763417782.841727,1435.6328754425049,695.0,1384.0,743.0
9,1763417782.8783212,1441.48970413208,695.0,1393.0,744.0
9,1763417782.9066854,1445.2995281219482,695.0,1381.0,741.0
9,1763417782.9374323,1447.213981628418,695.0,1408.0,746.0
9,1763417782.967118,1451.066234588623,695.0,1394.0,740.0
9,1763417782.9965408,1454.858491897583,695.0,1392.0,743.0
9,1763417783.0324166,1458.8087921142578,695.0,1395.0,733.0
9,1763417783.0690584,1464.4081859588623,695.0,1414.0,743.0
9,1763417783.0967758,1466.4207725524902,695.0,1421.0,749.0
9,1763417783.1272023,1470.1774673461914,695.0,1431.0,738.0
9,1763417783.1691113,1475.9659748077393,695.0,1424.0,738.0
9,1763417783.1924236,1477.8924446105957,695.0,1416.0,744.0
9,1763417783.232391,1483.7463836669922,695.0,1386.0,754.0
9,1763417783.2765737,1489.439790725708,695.0,1400.0,741.0
9,1763417783.3169355,1493.2603149414062,695.0,1422.0,716.0
9,1763417783.3372521,1495.2072124481201,695.0,1421.0,711.0
9,1763417783.3674486,1498.9839630126953,695.0,1407.0,716.0
9,1763417783.402585,1502.869031906128,695.0,1389.0,726.0
9,1763417783.4321632,1506.7152767181396,695.0,1397.0,739.0
9,1763417783.461827,1510.648983001709,695.0,1416.0,749.0
9,1763417783.5077767,1516.312692642212,695.0,1425.0,743.0
9,1763417783.5492322,1522.0337371826172,695.0,1427.0,742.0
9,1763417783.5871146,1525.9351997375488,695.0,1415.0,764.0
9,1763417783.617174,1529.7731189727783,695.0,1432.0,775.0
9,1763417783.6523063,1533.5805969238281,695.0,1446.0,761.0
9,1763417783.68277,1537.3608379364014,695.0,1450.0,735.0
9,1763417783.7222369,1541.2067394256592,695.0,1438.0,729.0
9,1763417783.7516758,1545.065601348877,695.0,1443.0,740.0
9,1763417783.7870245,1550.9402256011963,695.0,1445.0,763.0
9,1763417783.8240519,1554.665620803833,695.0,1447.0,766.0
9,1763417783.8568382,1558.5265998840332,695.0,1455.0,762.0
9,1763417783.8971195,1562.3365669250488,695.0,1465.0,758.0
9,1763417783.9416943,1568.1630687713623,695.0,1477.0,762.0
9,1763417783.966589,1571.9810180664062,695.0,1471.0,763.0
9,1763417783.9977334,1575.7912712097168,695.0,1464.0,777.0
9,1763417784.0290651,1579.6030406951904,695.0,1468.0,791.0
9,1763417784.0774648,1585.409200668335,695.0,1485.0,794.0
9,1763417784.1175013,1589.2308406829834,695.0,1502.0,790.0
9,1763417784.1422749,1593.0404644012451,695.0,1509.0,797.0
9,1763417784.1735227,1596.9362335205078,695.0,1517.0,792.0
9,1763417784.202569,1598.8542919158936,695.0,1525.0,795.0
9,1763417784.2319503,1602.7315788269043,695.0,1514.0,791.0
9,1763417784.2619298,1606.5223197937012,695.0,1507.0,793.0
9,1763417784.3055959,1612.3543148040771,695.0,1506.0,798.0
9,1763417784.3524504,1618.0752449035645,695.0,1511.0,792.0
9,1763417784.3766398,1619.9812870025635,695.0,1521.0,776.0
9,1763417784.4065807,1623.8345985412598,695.0,1545.0,797.0
9,1763417784.4318323,1627.697036743164,695.0,1571.0,820.0
9,1763417784.4626436,1631.522024154663,695.0,1570.0,829.0
9,1763417784.5093687,1637.2076206207275,695.0,1565.0,833.0
9,1763417784.5428984,1641.11918258667,695.0,1553.0,835.0
9,1763417784.5734665,1644.9306373596191,695.0,1581.0,840.0
9,1763417784.6025467,1646.8728141784668,695.0,1591.0,841.0
9,1763417784.631623,1650.755365371704,695.0,1605.0,839.0
9,1763417784.6773372,1656.4846782684326,695.0,1599.0,831.0
9,1763417784.712103,1660.3421382904053,695.0,1604.0,843.0
9,1763417784.7559762,1666.057918548584,695.0,1624.0,849.0
9,1763417784.7832072,1669.985216140747,695.0,1633.0,852.0
9,1763417784.8220425,1673.777816772461,695.0,1620.0,844.0
9,1763417784.8615909,1679.4723110198975,695.0,1612.0,836.0
9,1763417784.8878002,1681.3890533447266,695.0,1602.0,835.0
9,1763417784.9225478,1685.3601818084717,695.0,1616.0,836.0
9,1763417784.9594913,1691.0608558654785,695.0,1640.0,838.0
9,1763417785.0069978,1696.8183784484863,695.0,1645.0,824.0
9,1763417785.032366,1698.6575298309326,695.0,1622.0,811.0
9,1763417785.0694315,1704.433219909668,695.0,1623.0,830.0
9,1763417785.0978036,1706.3655261993408,695.0,1648.0,841.0
9,1763417785.1275156,1710.2150325775146,695.0,1668.0,837.0
9,1763417785.1624975,1714.0690879821777,695.0,1663.0,818.0
9,1763417785.192081,1717.9188232421875,695.0,1670.0,811.0
9,1763417785.2220037,1721.782205581665,695.0,1668.0,818.0
9,1763417785.2515576,1725.5839614868164,695.0,1651.0,812.0
10,1763417785.2823138,1727.5128059387207,695.0,1646.0,802.0
10,1763417785.312494,1727.5128059387207,695.0,1649.0,803.0
10,1763417785.3415642,1727.5128059387207,695.0,1658.0,804.0
10,1763417785.3721817,1727.5128059387207,695.0,1660.0,794.0
10,1763417785.412458,1727.5128059387207,695.0,1655.0,796.0
10,1763417785.4521058,1727.5128059387207,695.0,1660.0,807.0
10,1763417785.4917097,1727.5128059387207,695.0,1688.0,824.0
10,1763417785.5122728,1727.5128059387207,695.0,1698.0,813.0
10,1763417785.5424774,1727.5128059387207,695.0,1686.0,800.0
10,1763417785.5721123,1727.5128059387207,695.0,1693.0,797.0
10,1763417785.6020079,1727.5128059387207,695.0,1688.0,800.0
10,1763417785.6326702,1727.5128059387207,695.0,1676.0,789.0
10,1763417785.6765213,1727.5128059387207,695.0,1666.0,777.0
10,1763417785.702124,1727.5128059387207,695.0,1663.0,766.0
10,1763417785.7370703,1727.5128059387207,695.0,1661.0,764.0
10,1763417785.7717166,178.0,744.0,1640.0,759.0
10,1763417785.8077216,182.0129280090332,744.0,1646.0,779.0
10,1763417785.8431554,187.66997146606445,744.0,1492.0,781.0
10,1763417785.8776455,191.50422859191895,744.0,1145.0,776.0
10,1763417785.9077728,195.2898769378662,744.0,937.0,739.0
10,1763417785.9422016,199.2947654724121,744.0,875.0,818.0
10,1763417785.9725194,203.0953483581543,744.0,519.0,792.0
10,1763417786.0252237,208.78160285949707,744.0,315.0,777.0
10,1763417786.056928,212.67994689941406,744.0,215.0,901.0
10,1763417786.107055,218.33318519592285,744.0,240.0,736.0
10,1763417786.1325667,222.2950439453125,744.0,242.0,723.0
10,1763417786.1802986,227.98201370239258,744.0,256.0,725.0
10,1763417786.221963,231.79289627075195,744.0,192.0,752.0
10,1763417786.2439845,235.63785362243652,744.0,215.0,721.0
10,1763417786.2824414,239.48550033569336,744.0,228.0,714.0
10,1763417786.3069873,243.71094512939453,744.0,258.0,705.0
10,1763417786.352249,249.1423397064209,744.0,249.0,703.0
10,1763417786.3885863,252.98781204223633,744.0,243.0,713.0
10,1763417786.4268634,256.7877082824707,744.0,224.0,715.0
10,1763417786.470977,262.5226001739502,744.0,238.0,710.0
10,1763417786.4925,264.44566535949707,744.0,271.0,726.0
10,1763417786.522246,268.2947998046875,744.0,288.0,731.0
10,1763417786.5525315,272.19114112854004,744.0,296.0,733.0
10,1763417786.592645,277.9898624420166,744.0,293.0,731.0
10,1763417786.6266706,281.7021255493164,744.0,290.0,735.0
10,1763417786.658491,285.61754989624023,744.0,283.0,733.0
10,1763417786.6874704,287.4799041748047,744.0,294.0,721.0
10,1763417786.71717,291.38208198547363,744.0,299.0,708.0
10,1763417786.7516878,297.0750026702881,744.0,294.0,701.0
10,1763417786.7771866,299.0132884979248,744.0,282.0,697.0
10,1763417786.8122427,302.9049949645996,744.0,280.0,698.0
10,1763417786.8564782,308.6753349304199,744.0,344.0,689.0
10,1763417786.8994882,314.3907718658447,744.0,326.0,674.0
10,1763417786.922158,316.33709716796875,744.0,309.0,661.0
10,1763417786.952448,320.15590476989746,744.0,331.0,658.0
10,1763417786.9868357,323.92026710510254,744.0,351.0,654.0
10,1763417787.0167482,327.8014163970947,744.0,360.0,659.0
10,1763417787.0466993,331.7048816680908,744.0,359.0,671.0
10,1763417787.08687,335.5524139404297,744.0,364.0,668.0
10,1763417787.127526,341.26038360595703,744.0,360.0,674.0
10,1763417787.16671,345.1067428588867,744.0,371.0,700.0
10,1763417787.2046392,350.90486335754395,744.0,389.0,711.0
10,1763417787.2356577,354.6410160064697,744.0,392.0,691.0
10,1763417787.2624104,356.60313415527344,744.0,392.0,680.0
10,1763417787.2921202,360.45933532714844,744.0,403.0,684.0
10,1763417787.3368237,366.20472717285156,744.0,401.0,685.0
10,1763417787.373422,370.0619297027588,744.0,401.0,684.0
10,1763417787.3972924,373.95921516418457,744.0,389.0,689.0
10,1763417787.432323,377.702205657959,744.0,387.0,699.0
10,1763417787.467022,381.6258125305176,744.0,387.0,712.0
10,1763417787.4974697,385.37515449523926,744.0,376.0,709.0
10,1763417787.5233672,389.30528450012207,744.0,376.0,697.0
10,1763417787.5597425,393.0459289550781,744.0,376.0,680.0
10,1763417787.588169,396.9248752593994,744.0,379.0,665.0
10,1763417787.6246476,400.8379535675049,744.0,385.0,665.0
10,1763417787.6519036,404.6746711730957,744.0,396.0,675.0
10,1763417787.6872427,408.44652938842773,744.0,418.0,687.0
10,1763417787.7221618,412.30264472961426,744.0,439.0,710.0
10,1763417787.7517738,416.1901741027832,744.0,454.0,690.0
10,1763417787.7973683,421.89880180358887,744.0,451.0,671.0
10,1763417787.8320959,425.7914524078369,744.0,451.0,671.0
10,1763417787.8593588,429.6250228881836,744.0,444.0,663.0
10,1763417787.8823786,431.44852447509766,744.0,436.0,650.0
10,1763417787.917564,435.3295593261719,744.0,439.0,641.0
10,1763417787.9586368,441.09569358825684,744.0,449.0,655.0
10,1763417787.9828048,442.99011993408203,744.0,460.0,674.0
10,1763417788.026628,448.83556175231934,744.0,451.0,684.0
10,1763417788.0575032,452.59248542785645,744.0,441.0,689.0
10,1763417788.0832765,456.48052978515625,744.0,437.0,704.0
10,1763417788.117159,460.2816276550293,744.0,452.0,708.0
10,1763417788.1569319,464.18489265441895,744.0,458.0,710.0
10,1763417788.1918404,469.89332008361816,744.0,469.0,693.0
10,1763417788.2320201,473.74780464172363,744.0,472.0,673.0
10,1763417788.2669678,477.69438552856445,744.0,478.0,679.0
10,1763417788.3103714,483.4046440124512,744.0,472.0,709.0
10,1763417788.3568325,489.04984283447266,744.0,475.0,714.0
10,1763417788.3819594,491.0557060241699,744.0,501.0,704.0
10,1763417788.4066641,494.86158180236816,744.0,512.0,700.0
10,1763417788.4367518,498.76292991638184,744.0,530.0,693.0
10,1763417788.467055,502.50586318969727,744.0,547.0,684.0
10,1763417788.4997575,506.3333396911621,744.0,551.0,674.0
10,1763417788.5318058,510.1863651275635,744.0,551.0,671.0
10,1763417788.5804899,516.0343818664551,744.0,538.0,691.0
10,1763417788.625559,519.8361949920654,744.0,523.0,705.0
10,1763417788.6679597,525.5868225097656,744.0,525.0,683.0
10,1763417788.7090976,531.3031177520752,744.0,540.0,667.0
10,1763417788.7518103,537.0897083282471,744.0,547.0,674.0
10,1763417788.7772737,539.0131454467773,744.0,566.0,674.0
10,1763417788.804477,542.920015335083,744.0,585.0,671.0
10,1763417788.8273733,544.8764972686768,744.0,569.0,672.0
10,1763417788.8622363,548.6566524505615,744.0,567.0,682.0
10,1763417788.8927531,552.5194339752197,744.0,570.0,671.0
10,1763417788.9269156,556.363447189331,744.0,577.0,664.0
10,1763417788.9574661,560.2020530700684,744.0,577.0,669.0
10,1763417788.9874787,563.9876441955566,744.0,567.0,686.0
10,1763417789.0221999,567.8729419708252,744.0,559.0,679.0
10,1763417789.0668151,573.5277252197266,744.0,560.0,659.0
10,1763417789.111419,579.3701629638672,744.0,569.0,657.0
10,1763417789.1532428,585.2616100311279,744.0,577.0,666.0
10,1763417789.1876926,589.0124683380127,744.0,584.0,678.0
10,1763417789.2195928,592.7450733184814,744.0,583.0,678.0
10,1763417789.2529185,596.5944652557373,744.0,583.0,674.0
10,1763417789.2923443,600.4050045013428,744.0,580.0,669.0
10,1763417789.3317463,606.2699584960938,744.0,567.0,672.0
10,1763417789.379336,612.0235328674316,744.0,568.0,685.0
10,1763417789.4173734,615.7607727050781,744.0,570.0,695.0
10,1763417789.443354,619.6555118560791,744.0,586.0,685.0
10,1763417789.4667656,621.6412906646729,744.0,595.0,698.0
10,1763417789.5024574,625.418041229248,744.0,608.0,694.0
10,1763417789.539906,631.2407665252686,744.0,605.0,693.0
10,1763417789.5674584,633.0502490997314,744.0,618.0,689.0
10,1763417789.603445,638.8060550689697,744.0,611.0,695.0
10,1763417789.6521037,644.600341796875,744.0,614.0,688.0
10,1763417789.6921084,648.4544830322266,744.0,614.0,691.0
10,1763417789.7172058,652.2921161651611,744.0,644.0,708.0
10,1763417789.7424922,654.2731170654297,744.0,669.0,697.0
10,1763417789.7715397,658.0298976898193,744.0,680.0,702.0
10,1763417789.802052,661.9299297332764,744.0,687.0,714.0
10,1763417789.8316264,665.792911529541,744.0,696.0,731.0
10,1763417789.8776035,671.5522365570068,744.0,700.0,730.0
10,1763417789.9123442,675.3965644836426,744.0,703.0,733.0
10,1763417789.9397259,679.2331676483154,744.0,701.0,721.0
10,1763417789.9672527,681.0780124664307,744.0,687.0,708.0
10,1763417789.9971383,684.9605922698975,744.0,672.0,706.0
10,1763417790.035582,690.6527118682861,744.0,680.0,705.0
10,1763417790.0618377,692.5698261260986,744.0,691.0,694.0
10,1763417790.1066036,698.3554439544678,744.0,712.0,698.0
10,1763417790.1485298,704.1974239349365,744.0,696.0,717.0
10,1763417790.1956613,709.8543243408203,744.0,690.0,724.0
10,1763417790.2170863,711.7832260131836,744.0,689.0,715.0
10,1763417790.2472663,715.7135562896729,744.0,711.0,689.0
10,1763417790.2823668,719.5551090240479,744.0,699.0,661.0
10,1763417790.325428,725.2568416595459,744.0,715.0,688.0
10,1763417790.3622735,729.1244869232178,744.0,724.0,713.0
10,1763417790.4266102,736.722677230835,744.0,723.0,709.0
10,1763417790.4575715,740.675666809082,744.0,719.0,736.0
10,1763417790.4867182,744.458740234375,744.0,727.0,730.0
10,1763417790.5265458,748.2601528167725,744.0,742.0,706.0
10,1763417790.5621004,754.0718059539795,744.0,756.0,684.0
10,1763417790.592248,757.9422264099121,744.0,770.0,669.0
10,1763417790.622253,759.7677021026611,744.0,754.0,683.0
10,1763417790.6519587,763.6873607635498,744.0,740.0,700.0
10,1763417790.6866987,767.5154094696045,744.0,738.0,715.0
10,1763417790.716789,771.3203125,744.0,732.0,709.0
10,1763417790.7522497,777.1424369812012,744.0,724.0,706.0
10,1763417790.776923,779.0129451751709,744.0,738.0,715.0
10,1763417790.8115866,782.9194431304932,744.0,761.0,718.0
10,1763417790.8424523,786.7220573425293,744.0,779.0,704.0
10,1763417790.8725538,790.5972843170166,744.0,780.0,696.0
10,1763417790.9023166,794.3655090332031,744.0,774.0,704.0
10,1763417790.9477413,800.1863174438477,744.0,786.0,708.0
10,1763417790.9921482,805.9302501678467,744.0,796.0,703.0
10,1763417791.0371287,809.7601299285889,744.0,823.0,704.0
10,1763417791.0774994,815.463207244873,744.0,835.0,717.0
10,1763417791.1115994,819.4016342163086,744.0,822.0,723.0
10,1763417791.1472402,823.1307487487793,744.0,811.0,704.0
10,1763417791.1766934,827.0161895751953,744.0,837.0,684.0
10,1763417791.2115476,830.921257019043,744.0,867.0,686.0
10,1763417791.2574606,836.6654758453369,744.0,873.0,702.0
10,1763417791.30039,842.3939876556396,744.0,858.0,704.0
10,1763417791.3275738,844.3140201568604,744.0,850.0,723.0
10,1763417791.3668215,850.115888595581,744.0,855.0,727.0
10,1763417791.3868666,851.943567276001,744.0,859.0,705.0
10,1763417791.4171312,855.7827453613281,744.0,855.0,692.0
10,1763417791.462381,861.5295391082764,744.0,866.0,686.0
10,1763417791.4966989,865.4181842803955,744.0,872.0,696.0
10,1763417791.5463667,871.217248916626,744.0,865.0,702.0
10,1763417791.5666254,873.0817775726318,744.0,853.0,714.0
10,1763417791.5885832,876.9967441558838,744.0,849.0,714.0
10,1763417791.6323957,882.7599601745605,744.0,851.0,713.0
10,1763417791.6682842,886.5150241851807,744.0,876.0,711.0
10,1763417791.7071636,890.4349117279053,744.0,893.0,711.0
10,1763417791.749045,896.192834854126,744.0,893.0,702.0
10,1763417791.7871044,899.9511318206787,744.0,880.0,693.0
10,1763417791.822418,903.7875347137451,744.0,867.0,695.0
10,1763417791.8609905,909.535758972168,744.0,871.0,708.0
10,1763417791.881601,911.4573936462402,744.0,892.0,709.0
10,1763417791.9168348,915.3965930938721,744.0,911.0,704.0
10,1763417791.9470072,919.1754035949707,744.0,916.0,698.0
10,1763417791.9776568,922.9921798706055,744.0,915.0,696.0
10,1763417792.019636,928.7279300689697,744.0,922.0,687.0
10,1763417792.062451,932.6496772766113,744.0,927.0,686.0
10,1763417792.0984657,938.3293228149414,744.0,921.0,699.0
10,1763417792.1377344,942.1762828826904,744.0,919.0,696.0
10,1763417792.1639721,946.0644416809082,744.0,937.0,690.0
10,1763417792.1922514,949.9426441192627,744.0,940.0,696.0
10,1763417792.2222579,951.7996196746826,744.0,940.0,694.0
10,1763417792.2597477,957.6363639831543,744.0,927.0,701.0
10,1763417792.2819552,959.5196895599365,744.0,926.0,695.0
10,1763417792.3165183,963.2999877929688,744.0,947.0,702.0
10,1763417792.3472564,967.1583061218262,744.0,964.0,717.0
10,1763417792.377081,971.004322052002,744.0,963.0,717.0
10,1763417792.4077215,974.8692493438721,744.0,938.0,718.0
10,1763417792.4423654,978.6814765930176,744.0,940.0,709.0
10,1763417792.47237,982.6281719207764,744.0,953.0,706.0
10,1763417792.5070105,986.4965324401855,744.0,963.0,712.0
10,1763417792.5424552,990.3073863983154,744.0,961.0,708.0
10,1763417792.587768,995.9370784759521,744.0,931.0,703.0
10,1763417792.6224906,999.8453216552734,744.0,952.0,701.0
10,1763417792.6601655,1005.5664806365967,744.0,973.0,706.0
10,1763417792.6818058,1007.4637680053711,744.0,975.0,705.0
10,1763417792.7119958,1011.2993125915527,744.0,964.0,702.0
10,1763417792.747219,1015.1750545501709,744.0,969.0,702.0
10,1763417792.7819521,1018.9826183319092,744.0,979.0,704.0
10,1763417792.8071854,1022.9153232574463,744.0,989.0,715.0
10,1763417792.847366,1026.7143325805664,744.0,1013.0,702.0
10,1763417792.8839304,1032.4644737243652,744.0,1034.0,700.0
10,1763417792.9266293,1036.3594417572021,744.0,1040.0,700.0
10,1763417792.9652176,1042.119052886963,744.0,1033.0,696.0
10,1763417793.0067112,1045.8531169891357,744.0,1028.0,705.0
10,1763417793.0318677,1049.785192489624,744.0,1019.0,708.0
10,1763417793.0601165,1053.5756187438965,744.0,1010.0,706.0
10,1763417793.08732,1055.4853229522705,744.0,1005.0,714.0
10,1763417793.1166387,1059.286220550537,744.0,1005.0,735.0
10,1763417793.1477616,1063.2452182769775,744.0,1006.0,746.0
10,1763417793.1770165,1067.071922302246,744.0,1024.0,753.0
10,1763417793.212246,1070.8414058685303,744.0,1040.0,756.0
10,1763417793.2418885,1074.673173904419,744.0,1057.0,757.0
10,1763417793.283383,1080.505283355713,744.0,1043.0,735.0
10,1763417793.3122633,1084.3440608978271,744.0,1039.0,726.0
10,1763417793.3422322,1086.1724834442139,744.0,1038.0,726.0
10,1763417793.3918073,1093.8893489837646,744.0,1051.0,739.0
10,1763417793.4319649,1097.8004245758057,744.0,1069.0,746.0
10,1763417793.4522834,1099.6371440887451,744.0,1067.0,723.0
10,1763417793.4971104,1105.3991584777832,744.0,1067.0,714.0
10,1763417793.5237713,1109.322021484375,744.0,1087.0,712.0
10,1763417793.5518916,1113.099458694458,744.0,1101.0,716.0
10,1763417793.5956717,1116.9726829528809,744.0,1114.0,733.0
10,1763417793.621081,1120.762393951416,744.0,1105.0,722.0
10,1763417793.6571853,1124.5604305267334,744.0,1095.0,718.0
10,1763417793.7012184,1130.3758029937744,744.0,1095.0,719.0
10,1763417793.7273068,1132.3615818023682,744.0,1123.0,750.0
10,1763417793.7573314,1136.189172744751,744.0,1099.0,761.0
10,1763417793.7916663,1141.872423171997,744.0,1090.0,759.0
10,1763417793.8229957,1143.8643531799316,744.0,1090.0,759.0
10,1763417793.8522136,1147.6423053741455,744.0,1115.0,765.0
10,1763417793.8919325,1153.3840351104736,744.0,1131.0,777.0
10,1763417793.9272592,1157.2320823669434,744.0,1137.0,786.0
10,1763417793.9516582,1161.071460723877,744.0,1143.0,789.0
10,1763417793.992165,1164.9980716705322,744.0,1148.0,778.0
10,1763417794.0202372,1168.8212280273438,744.0,1134.0,761.0
10,1763417794.0525825,1172.676456451416,744.0,1109.0,755.0
10,1763417794.092001,1176.4197330474854,744.0,1108.0,767.0
10,1763417794.117522,1180.2856903076172,744.0,1130.0,783.0
10,1763417794.1479712,1184.1364841461182,744.0,1140.0,782.0
10,1763417794.1875336,1187.9889373779297,744.0,1136.0,777.0
10,1763417794.2166576,1191.8453674316406,744.0,1157.0,769.0
10,1763417794.2516577,1195.60160446167,744.0,1175.0,756.0
10,1763417794.3025177,1201.4438133239746,744.0,1172.0,758.0
10,1763417794.3389964,1207.1613960266113,744.0,1160.0,755.0
10,1763417794.3624504,1209.1023998260498,744.0,1165.0,759.0
10,1763417794.3918343,1212.9102783203125,744.0,1193.0,783.0
10,1763417794.4273326,1216.8020420074463,744.0,1192.0,770.0
10,1763417794.455459,1220.613925933838,744.0,1179.0,771.0
10,1763417794.4917412,1224.520709991455,744.0,1181.0,778.0
10,1763417794.5219398,1228.2825260162354,744.0,1188.0,761.0
10,1763417794.5633388,1234.1133766174316,744.0,1205.0,737.0
10,1763417794.6068757,1237.935531616211,744.0,1216.0,713.0
10,1763417794.6321566,1241.7243843078613,744.0,1218.0,720.0
10,1763417794.659271,1245.6221561431885,744.0,1232.0,721.0
10,1763417794.6923048,1249.469144821167,744.0,1242.0,724.0
10,1763417794.728331,1253.317964553833,744.0,1237.0,721.0
10,1763417794.7676384,1257.1327953338623,744.0,1223.0,722.0
10,1763417794.8039703,1262.8637962341309,744.0,1206.0,723.0
10,1763417794.8419747,1266.7276649475098,744.0,1209.0,733.0
10,1763417794.8827548,1272.425449371338,744.0,1224.0,744.0
10,1763417794.9168243,1276.2584762573242,744.0,1243.0,768.0
10,1763417794.9485872,1280.1925258636475,744.0,1240.0,785.0
10,1763417794.9865322,1283.9757995605469,744.0,1233.0,790.0
10,1763417795.022378,1287.7756099700928,744.0,1238.0,773.0
10,1763417795.0516992,1291.7278842926025,744.0,1243.0,776.0
10,1763417795.086894,1295.4480724334717,744.0,1248.0,772.0
10,1763417795.132031,1301.2580375671387,744.0,1256.0,762.0
10,1763417795.1575449,1305.1179866790771,744.0,1262.0,757.0
10,1763417795.1874902,1308.9800243377686,744.0,1278.0,774.0
10,1763417795.2229335,1312.7777462005615,744.0,1286.0,792.0
10,1763417795.2565355,1316.5811042785645,744.0,1300.0,795.0
10,1763417795.2876813,1320.4369621276855,744.0,1293.0,764.0
10,1763417795.3223472,1324.3633728027344,744.0,1291.0,754.0
10,1763417795.357692,1328.1596355438232,744.0,1292.0,753.0
10,1763417795.391856,1333.895185470581,744.0,1310.0,760.0
10,1763417795.4225655,1335.7978515625,744.0,1314.0,770.0
10,1763417795.4587955,1341.5655307769775,744.0,1332.0,776.0
10,1763417795.4916217,1345.380132675171,744.0,1330.0,778.0
10,1763417795.5276127,1349.2567901611328,744.0,1327.0,793.0
10,1763417795.5569587,1353.1384258270264,744.0,1318.0,820.0
10,1763417795.5924578,1356.9352893829346,744.0,1317.0,828.0
10,1763417795.6274686,1360.7756118774414,744.0,1324.0,821.0
10,1763417795.657425,1364.5718460083008,744.0,1330.0,801.0
10,1763417795.691528,1368.566577911377,744.0,1323.0,805.0
10,1763417795.7215683,1372.3263053894043,744.0,1326.0,815.0
10,1763417795.757381,1376.1437683105469,744.0,1340.0,824.0
10,1763417795.8022647,1381.9516735076904,744.0,1329.0,816.0
10,1763417795.861611,1389.5761852264404,744.0,1343.0,797.0
10,1763417795.8917704,1393.39888381958,744.0,1357.0,755.0
10,1763417795.9174914,1395.3038959503174,744.0,1345.0,750.0
10,1763417795.942419,1399.234655380249,744.0,1343.0,759.0
10,1763417795.977384,1403.090742111206,744.0,1355.0,779.0
10,1763417796.0040722,1406.8861465454102,744.0,1340.0,770.0
10,1763417796.0471199,1410.7645778656006,744.0,1329.0,765.0
10,1763417796.0870414,1416.4149837493896,744.0,1339.0,758.0
10,1763417796.1118624,1420.2959613800049,744.0,1352.0,768.0
10,1763417796.1424284,1422.2014026641846,744.0,1344.0,763.0
10,1763417796.1721437,1426.1016635894775,744.0,1349.0,751.0
10,1763417796.2216504,1431.8142681121826,744.0,1370.0,764.0
10,1763417796.2617352,1437.5216941833496,744.0,1359.0,775.0
10,1763417796.286668,1439.461181640625,744.0,1340.0,774.0
10,1763417796.3175926,1443.3960037231445,744.0,1339.0,775.0
10,1763417796.3473787,1447.2368698120117,744.0,1359.0,784.0
10,1763417796.3727121,1450.9984855651855,744.0,1384.0,779.0
10,1763417796.4199283,1456.7416458129883,744.0,1387.0,779.0
10,1763417796.4481668,1458.7009029388428,744.0,1400.0,780.0
10,1763417796.4766788,1462.4801998138428,744.0,1414.0,769.0
10,1763417796.507091,1466.3730506896973,744.0,1419.0,781.0
10,1763417796.5503538,1472.1959190368652,744.0,1419.0,791.0
10,1763417796.5921535,1477.9308967590332,744.0,1419.0,822.0
10,1763417796.6215947,1479.7965698242188,744.0,1409.0,803.0
10,1763417796.648605,1483.7193756103516,744.0,1395.0,767.0
10,1763417796.686326,1487.5010471343994,744.0,1396.0,762.0
10,1763417796.7265801,1493.3274059295654,744.0,1421.0,754.0
10,1763417796.7622807,1497.1645526885986,744.0,1453.0,761.0
10,1763417796.7885406,1500.9796981811523,744.0,1471.0,764.0
10,1763417796.8219633,1504.8321228027344,744.0,1485.0,771.0
10,1763417796.8519657,1508.6068134307861,744.0,1460.0,782.0
10,1763417796.8837261,1512.5147132873535,744.0,1439.0,786.0
10,1763417796.9219356,1516.257417678833,744.0,1432.0,768.0
10,1763417796.9569316,1520.2102355957031,744.0,1449.0,753.0
10,1763417796.9973104,1525.9051303863525,744.0,1459.0,753.0
10,1763417797.0329998,1529.7738342285156,744.0,1476.0,753.0
10,1763417797.0609956,1533.6496906280518,744.0,1480.0,760.0
10,1763417797.0973644,1537.4838047027588,744.0,1474.0,769.0
10,1763417797.1234937,1541.3239269256592,744.0,1500.0,770.0
10,1763417797.151566,1545.0603942871094,744.0,1513.0,763.0
10,1763417797.1817255,1546.9873790740967,744.0,1520.0,767.0
10,1763417797.2206275,1552.8406314849854,744.0,1509.0,771.0
10,1763417797.2419145,1554.7357444763184,744.0,1490.0,766.0
10,1763417797.2717748,1558.5140972137451,744.0,1480.0,761.0
10,1763417797.301604,1562.4248008728027,744.0,1501.0,746.0
10,1763417797.3317163,1566.1813526153564,744.0,1543.0,758.0
10,1763417797.3675222,1570.013864517212,744.0,1562.0,756.0
10,1763417797.4140687,1575.8056907653809,744.0,1552.0,724.0
10,1763417797.452461,1579.6454410552979,744.0,1551.0,719.0
10,1763417797.4765902,1583.4586696624756,744.0,1544.0,733.0
10,1763417797.5076299,1587.3045139312744,744.0,1547.0,733.0
10,1763417797.5396092,1591.244915008545,744.0,1576.0,708.0
10,1763417797.5718164,1595.0081043243408,744.0,1597.0,692.0
10,1763417797.6048403,1598.8884811401367,744.0,1609.0,690.0
10,1763417797.6322632,1602.744052886963,744.0,1594.0,695.0
10,1763417797.6689456,1606.6357879638672,744.0,1582.0,710.0
10,1763417797.702096,1610.3453044891357,744.0,1571.0,721.0
10,1763417797.7502584,1616.1835079193115,744.0,1571.0,743.0
10,1763417797.7917066,1621.8772583007812,744.0,1570.0,748.0
10,1763417797.8169992,1623.8624362945557,744.0,1577.0,735.0
10,1763417797.8429296,1627.6179008483887,744.0,1592.0,726.0
10,1763417797.8726065,1631.5852527618408,744.0,1605.0,725.0
10,1763417797.9017675,1633.3892421722412,744.0,1601.0,728.0
10,1763417797.9388983,1639.1615562438965,744.0,1584.0,728.0
10,1763417797.9673088,1641.1272220611572,744.0,1577.0,725.0
10,1763417798.0117204,1646.8051223754883,744.0,1590.0,719.0
10,1763417798.0539017,1652.6990013122559,744.0,1590.0,729.0
10,1763417798.086653,1656.4018230438232,744.0,1590.0,734.0
10,1763417798.1178427,1660.350778579712,744.0,1600.0,737.0
10,1763417798.150717,1664.192102432251,744.0,1607.0,744.0
10,1763417798.1870058,1668.0010967254639,744.0,1608.0,739.0
10,1763417798.2067227,1669.8768692016602,744.0,1603.0,731.0
10,1763417798.2433562,1675.6769638061523,744.0,1591.0,719.0
10,1763417798.272195,1679.535882949829,744.0,1588.0,716.0
10,1763417798.3015747,1681.4136581420898,744.0,1597.0,709.0
10,1763417798.342047,1687.2257404327393,744.0,1601.0,721.0
10,1763417798.3722985,1690.9863834381104,744.0,1639.0,741.0
10,1763417798.4037488,1694.9186305999756,744.0,1652.0,738.0
10,1763417798.4539113,1700.7704238891602,744.0,1666.0,721.0
10,1763417798.500441,1706.4096431732178,744.0,1645.0,729.0
10,1763417798.5375743,1710.2344303131104,744.0,1656.0,745.0
10,1763417798.5717604,1714.0541534423828,744.0,1678.0,723.0
10,1763417798.6223426,1719.8996810913086,744.0,1688.0,715.0
10,1763417798.652018,1723.6120872497559,744.0,1693.0,740.0
11,1763417798.6719916,1727.5114612579346,744.0,1681.0,754.0
11,1763417798.696904,1727.5114612579346,744.0,1672.0,747.0
11,1763417798.7266514,1727.5114612579346,744.0,1671.0,756.0
11,1763417798.752533,1727.5114612579346,744.0,1678.0,758.0
11,1763417798.7921133,1727.5114612579346,744.0,1690.0,758.0
11,1763417798.8317556,1727.5114612579346,744.0,1688.0,749.0
11,1763417798.8615355,1727.5114612579346,744.0,1699.0,759.0
11,1763417798.9072087,1727.5114612579346,744.0,1706.0,759.0
11,1763417798.9426255,1727.5114612579346,744.0,1711.0,763.0
11,1763417798.9618473,1727.5114612579346,744.0,1714.0,769.0
11,1763417798.9866734,1727.5114612579346,744.0,1718.0,765.0
11,1763417799.017454,1727.5114612579346,744.0,1735.0,783.0
11,1763417799.0467288,1727.5114612579346,744.0,1743.0,784.0
11,1763417799.0776892,1727.5114612579346,744.0,1747.0,797.0
11,1763417799.1172183,1727.5114612579346,744.0,1751.0,795.0
11,1763417799.1519668,1727.5114612579346,744.0,1740.0,806.0
11,1763417799.1773436,178.0,794.0,1735.0,821.0
11,1763417799.2084935,181.97976875305176,794.0,1737.0,821.0
11,1763417799.2465668,185.78661727905273,794.0,1741.0,822.0
11,1763417799.2771568,189.64459228515625,794.0,1623.0,802.0
11,1763417799.3115883,193.37914276123047,794.0,1424.0,756.0
11,1763417799.342308,197.20782089233398,794.0,1312.0,782.0
11,1763417799.377277,201.15892219543457,794.0,1073.0,750.0
11,1763417799.418697,206.83699417114258,794.0,867.0,745.0
11,1763417799.4424253,208.7382869720459,794.0,596.0,767.0
11,1763417799.4844136,214.65637016296387,794.0,432.0,813.0
11,1763417799.513144,218.43861389160156,794.0,272.0,845.0
11,1763417799.5438447,222.24283027648926,794.0,234.0,840.0
11,1763417799.5824468,226.06879043579102,794.0,224.0,815.0
11,1763417799.6120715,229.88579559326172,794.0,216.0,798.0
11,1763417799.6466484,233.74520111083984,794.0,213.0,791.0
11,1763417799.6896982,239.47119522094727,794.0,219.0,790.0
11,1763417799.7124712,241.38330268859863,794.0,242.0,776.0
11,1763417799.754969,247.34913635253906,794.0,239.0,787.0
11,1763417799.7920313,250.96564102172852,794.0,240.0,799.0
11,1763417799.8170733,254.9167137145996,794.0,252.0,810.0
11,1763417799.8521621,258.6978702545166,794.0,260.0,801.0
11,1763417799.8824234,262.5899486541748,794.0,264.0,776.0
11,1763417799.927955,268.2545738220215,794.0,283.0,756.0
11,1763417799.9595153,272.10327911376953,794.0,302.0,758.0
11,1763417799.9978645,276.00662994384766,794.0,330.0,753.0
11,1763417800.0371344,281.802433013916,794.0,364.0,768.0
11,1763417800.0725672,285.5506591796875,794.0,356.0,773.0
11,1763417800.0974886,287.5204734802246,794.0,364.0,780.0
11,1763417800.1269903,291.30294609069824,794.0,381.0,772.0
11,1763417800.1701946,297.08976554870605,794.0,389.0,772.0
11,1763417800.2076688,300.99717903137207,794.0,370.0,771.0
11,1763417800.2487297,306.7686347961426,794.0,364.0,771.0
11,1763417800.2725427,308.62400817871094,794.0,355.0,764.0
11,1763417800.3278267,316.305082321167,794.0,350.0,745.0
11,1763417800.3674827,320.1744155883789,794.0,362.0,736.0
11,1763417800.391932,323.94879150390625,794.0,372.0,736.0
11,1763417800.4166942,325.8707695007324,794.0,355.0,750.0
11,1763417800.4470046,329.7438507080078,794.0,370.0,756.0
11,1763417800.4880188,335.5420570373535,794.0,381.0,759.0
11,1763417800.5197403,339.3184070587158,794.0,389.0,754.0
11,1763417800.5465438,341.29626083374023,794.0,383.0,752.0
11,1763417800.586578,347.0986442565918,794.0,374.0,755.0
11,1763417800.6169262,350.8687000274658,794.0,389.0,756.0
11,1763417800.656825,354.68636322021484,794.0,392.0,760.0
11,1763417800.6872947,358.4847717285156,794.0,383.0,772.0
11,1763417800.7174406,362.32772636413574,794.0,376.0,773.0
11,1763417800.7520278,366.25828552246094,794.0,372.0,775.0
11,1763417800.7967114,371.9935493469238,794.0,376.0,774.0
11,1763417800.8399956,377.7238349914551,794.0,399.0,771.0
11,1763417800.882585,381.68457794189453,794.0,419.0,761.0
11,1763417800.9066641,385.4459934234619,794.0,415.0,776.0
11,1763417800.931948,387.35790061950684,794.0,419.0,776.0
11,1763417800.9621847,391.20446014404297,794.0,432.0,771.0
11,1763417801.0073056,396.92627716064453,794.0,437.0,751.0
11,1763417801.0489063,402.727144241333,794.0,448.0,749.0
11,1763417801.0721173,404.6541290283203,794.0,458.0,741.0
11,1763417801.1020155,408.4943084716797,794.0,458.0,746.0
11,1763417801.132566,412.358606338501,794.0,459.0,755.0
11,1763417801.1626983,416.1730079650879,794.0,447.0,760.0
11,1763417801.1935754,420.0870018005371,794.0,442.0,754.0
11,1763417801.22431,423.78481674194336,794.0,428.0,751.0
11,1763417801.2621722,427.66527938842773,794.0,454.0,746.0
11,1763417801.3044264,433.38512229919434,794.0,473.0,738.0
11,1763417801.3473542,437.31190490722656,794.0,471.0,729.0
11,1763417801.3924718,442.9703788757324,794.0,465.0,734.0
11,1763417801.416516,446.9285469055176,794.0,490.0,735.0
11,1763417801.4544585,450.71605491638184,794.0,497.0,725.0
11,1763417801.4791331,454.4874839782715,794.0,485.0,725.0
11,1763417801.5072563,456.5181522369385,794.0,487.0,730.0
11,1763417801.537051,460.3226833343506,794.0,495.0,736.0
11,1763417801.567619,464.09911918640137,794.0,508.0,746.0
11,1763417801.6083999,469.875638961792,794.0,503.0,759.0
11,1763417801.6541066,473.80994606018066,794.0,501.0,751.0
11,1763417801.6922035,479.46484375,794.0,507.0,743.0
11,1763417801.7321057,483.28101921081543,794.0,517.0,744.0
11,1763417801.7575395,487.2611598968506,794.0,526.0,741.0
11,1763417801.78688,491.03150177001953,794.0,537.0,741.0
11,1763417801.8173625,494.83013916015625,794.0,533.0,745.0
11,1763417801.8471332,498.64754486083984,794.0,539.0,745.0
11,1763417801.8767934,502.56151008605957,794.0,537.0,748.0
11,1763417801.9072394,504.5525817871094,794.0,537.0,755.0
11,1763417801.9445667,510.2481632232666,794.0,531.0,751.0
11,1763417801.9676168,512.1102027893066,794.0,535.0,748.0
11,1763417802.0021417,516.0472564697266,794.0,547.0,751.0
11,1763417802.0325315,519.7798614501953,794.0,564.0,752.0
11,1763417802.0620427,523.7073307037354,794.0,567.0,752.0
11,1763417802.097535,527.5236778259277,794.0,547.0,753.0
11,1763417802.1268215,531.3595943450928,794.0,560.0,754.0
11,1763417802.1624477,535.1481895446777,794.0,572.0,756.0
11,1763417802.1998668,540.9017066955566,794.0,573.0,745.0
11,1763417802.227264,542.8364162445068,794.0,566.0,732.0
11,1763417802.2642758,548.6751346588135,794.0,551.0,736.0
11,1763417802.2977781,552.5163726806641,794.0,551.0,741.0
11,1763417802.3326168,556.3542633056641,794.0,590.0,750.0
11,1763417802.3772597,562.0789127349854,794.0,594.0,761.0
11,1763417802.4122887,565.9302215576172,794.0,593.0,745.0
11,1763417802.447211,569.7461681365967,794.0,606.0,732.0
11,1763417802.4912386,575.6751232147217,794.0,618.0,737.0
11,1763417802.5275161,579.3816070556641,794.0,631.0,743.0
11,1763417802.5526845,583.1268291473389,794.0,634.0,745.0
11,1763417802.592149,587.0405082702637,794.0,607.0,732.0
11,1763417802.6266003,590.8031253814697,794.0,598.0,729.0
11,1763417802.6574674,594.7614078521729,794.0,579.0,729.0
11,1763417802.6872585,598.4953289031982,794.0,591.0,738.0
11,1763417802.7170436,602.3203163146973,794.0,606.0,743.0
11,1763417802.7520974,606.2797718048096,794.0,623.0,735.0
11,1763417802.7822149,610.068510055542,794.0,628.0,728.0
11,1763417802.8167095,613.8596515655518,794.0,639.0,706.0
11,1763417802.8466148,617.7529315948486,794.0,649.0,707.0
11,1763417802.8816028,621.6646938323975,794.0,649.0,716.0
11,1763417802.9121265,625.3788452148438,794.0,649.0,731.0
11,1763417802.9467275,629.3128089904785,794.0,652.0,741.0
11,1763417802.976885,633.1238059997559,794.0,668.0,743.0
11,1763417803.0122342,636.9851570129395,794.0,686.0,739.0
11,1763417803.0478606,642.7193336486816,794.0,666.0,730.0
11,1763417803.080217,646.4820938110352,794.0,654.0,744.0
11,1763417803.1226094,650.3491096496582,794.0,667.0,774.0
11,1763417803.151762,654.2598419189453,794.0,672.0,778.0
11,1763417803.1816285,658.0011444091797,794.0,677.0,756.0
11,1763417803.2173133,661.8628387451172,794.0,672.0,740.0
11,1763417803.247703,665.7172088623047,794.0,691.0,741.0
11,1763417803.2768066,669.6506862640381,794.0,657.0,745.0
11,1763417803.3068871,673.5082035064697,794.0,658.0,755.0
11,1763417803.3474443,677.2111682891846,794.0,650.0,767.0
11,1763417803.3867257,682.9679756164551,794.0,654.0,767.0
11,1763417803.418125,686.8701248168945,794.0,671.0,759.0
11,1763417803.4578342,690.643928527832,794.0,684.0,761.0
11,1763417803.5032809,696.5186386108398,794.0,695.0,753.0
11,1763417803.5285637,700.3950386047363,794.0,707.0,756.0
11,1763417803.566718,704.1129951477051,794.0,716.0,766.0
11,1763417803.5934458,708.0233554840088,794.0,719.0,771.0
11,1763417803.6265492,711.827428817749,794.0,724.0,762.0
11,1763417803.6575086,715.7325534820557,794.0,722.0,749.0
11,1763417803.692478,719.5007781982422,794.0,726.0,725.0
11,1763417803.7216308,723.4317951202393,794.0,717.0,697.0
11,1763417803.7529798,727.1999912261963,794.0,728.0,709.0
11,1763417803.787816,731.0237770080566,794.0,741.0,742.0
11,1763417803.8221602,734.8000411987305,794.0,752.0,768.0
11,1763417803.847974,738.6795597076416,794.0,746.0,772.0
11,1763417803.8919866,742.5644569396973,794.0,748.0,750.0
11,1763417803.932465,748.3026103973389,794.0,744.0,728.0
11,1763417803.9571362,752.2026424407959,794.0,736.0,716.0
11,1763417803.9822931,754.0031414031982,794.0,729.0,723.0
11,1763417804.0174987,757.9012279510498,794.0,730.0,726.0
11,1763417804.046987,761.6993217468262,794.0,736.0,707.0
11,1763417804.0765386,765.585563659668,794.0,770.0,697.0
11,1763417804.107266,769.3974189758301,794.0,776.0,715.0
11,1763417804.1478026,773.2666664123535,794.0,775.0,740.0
11,1763417804.1833355,778.9784698486328,794.0,779.0,747.0
11,1763417804.212536,780.9338359832764,794.0,785.0,715.0
11,1763417804.2476516,786.7016868591309,794.0,782.0,696.0
11,1763417804.2795155,790.5241279602051,794.0,793.0,716.0
11,1763417804.3067455,792.4102001190186,794.0,805.0,726.0
11,1763417804.337179,796.2810211181641,794.0,804.0,717.0
11,1763417804.3723285,800.0993995666504,794.0,804.0,704.0
11,1763417804.4021204,803.9645557403564,794.0,817.0,695.0
11,1763417804.4475508,809.7498302459717,794.0,826.0,709.0
11,1763417804.48871,815.4749660491943,794.0,824.0,732.0
11,1763417804.5170474,819.3919925689697,794.0,817.0,725.0
11,1763417804.5570588,823.2249622344971,794.0,800.0,725.0
11,1763417804.5921276,827.0383338928223,794.0,794.0,739.0
11,1763417804.6217976,830.8383731842041,794.0,780.0,729.0
11,1763417804.6532283,834.6584968566895,794.0,772.0,722.0
11,1763417804.6819737,838.4945278167725,794.0,792.0,733.0
11,1763417804.7173917,842.4651126861572,794.0,816.0,736.0
11,1763417804.7472384,846.2742786407471,794.0,816.0,729.0
11,1763417804.7922935,852.0454483032227,794.0,816.0,711.0
11,1763417804.826852,855.8284072875977,794.0,825.0,705.0
11,1763417804.8725355,861.5212993621826,794.0,823.0,709.0
11,1763417804.9118695,865.3831081390381,794.0,829.0,707.0
11,1763417804.9394462,869.2532138824463,794.0,841.0,720.0
11,1763417804.968016,873.0959968566895,794.0,851.0,739.0
11,1763417804.996892,876.9733409881592,794.0,874.0,734.0
11,1763417805.0424836,880.7799892425537,794.0,872.0,716.0
11,1763417805.0769348,886.5784816741943,794.0,878.0,716.0
11,1763417805.106557,888.429162979126,794.0,891.0,719.0
11,1763417805.1365728,892.3726539611816,794.0,890.0,735.0
11,1763417805.1776023,898.0713539123535,794.0,905.0,737.0
11,1763417805.2078035,901.8940525054932,794.0,908.0,736.0
11,1763417805.2518222,905.7644729614258,794.0,915.0,725.0
11,1763417805.2890217,911.4834861755371,794.0,912.0,724.0
11,1763417805.3167832,915.3602867126465,794.0,926.0,732.0
11,1763417805.346877,917.2148303985596,794.0,932.0,723.0
11,1763417805.3827932,923.2814865112305,794.0,930.0,715.0
11,1763417805.4121695,924.8950176239014,794.0,949.0,722.0
11,1763417805.4560692,930.7493858337402,794.0,954.0,734.0
11,1763417805.4816182,934.5798950195312,794.0,948.0,728.0
11,1763417805.5175743,938.3453731536865,794.0,946.0,720.0
11,1763417805.5569448,944.1796855926514,794.0,945.0,727.0
11,1763417805.5967476,948.0129413604736,794.0,958.0,744.0
11,1763417805.6324553,951.9638137817383,794.0,943.0,755.0
11,1763417805.6737292,957.547929763794,794.0,929.0,740.0
11,1763417805.716815,963.3641033172607,794.0,928.0,734.0
11,1763417805.7421637,965.2462558746338,794.0,919.0,766.0
11,1763417805.7673075,969.0584259033203,794.0,912.0,790.0
11,1763417805.7966359,972.9426078796387,794.0,926.0,794.0
11,1763417805.827327,974.8482780456543,794.0,945.0,781.0
11,1763417805.8633933,980.5796794891357,794.0,978.0,763.0
11,1763417805.8891194,982.5593070983887,794.0,975.0,750.0
11,1763417805.9226336,986.440055847168,794.0,985.0,763.0
11,1763417805.9472246,990.1948623657227,794.0,994.0,764.0
11,1763417805.9822416,994.0783290863037,794.0,996.0,742.0
11,1763417806.016893,997.9629974365234,794.0,998.0,733.0
11,1763417806.0473628,1001.7561416625977,794.0,998.0,743.0
11,1763417806.0915666,1007.5167827606201,794.0,1002.0,760.0
11,1763417806.1323557,1011.3160209655762,794.0,1003.0,771.0
11,1763417806.176798,1017.1199493408203,794.0,968.0,770.0
11,1763417806.211561,1020.9849624633789,794.0,991.0,741.0
11,1763417806.242555,1024.7944717407227,794.0,1023.0,734.0
11,1763417806.2722943,1028.6412315368652,794.0,1022.0,741.0
11,1763417806.3033113,1032.417610168457,794.0,996.0,751.0
11,1763417806.3319213,1036.2744121551514,794.0,992.0,767.0
11,1763417806.3672657,1040.1031475067139,794.0,994.0,773.0
11,1763417806.4018207,1043.9241008758545,794.0,994.0,761.0
11,1763417806.4326305,1047.7666263580322,794.0,993.0,749.0
11,1763417806.4669597,1051.6621952056885,794.0,980.0,770.0
11,1763417806.4972112,1055.4750518798828,794.0,989.0,790.0
11,1763417806.525482,1059.3903331756592,794.0,1003.0,795.0
11,1763417806.5619323,1063.225305557251,794.0,1022.0,782.0
11,1763417806.5917733,1066.9610290527344,794.0,1042.0,773.0
11,1763417806.6217763,1070.875108718872,794.0,1050.0,768.0
11,1763417806.6523304,1074.730136871338,794.0,1053.0,768.0
11,1763417806.6917481,1078.487060546875,794.0,1051.0,755.0
11,1763417806.730551,1084.3482666015625,794.0,1074.0,750.0
11,1763417806.7670674,1088.115089416504,794.0,1091.0,756.0
11,1763417806.7977118,1091.978500366211,794.0,1088.0,759.0
11,1763417806.8316276,1095.7620887756348,794.0,1077.0,756.0
11,1763417806.8624942,1099.6140842437744,794.0,1086.0,782.0
11,1763417806.8920045,1103.5081367492676,794.0,1109.0,796.0
11,1763417806.9319086,1107.3584156036377,794.0,1106.0,802.0
11,1763417806.9724069,1113.0943088531494,794.0,1092.0,796.0
11,1763417806.9996555,1116.8876247406006,794.0,1066.0,791.0
11,1763417807.0424984,1120.7247428894043,794.0,1067.0,795.0
11,1763417807.0821018,1126.5478973388672,794.0,1065.0,791.0
11,1763417807.1024423,1128.5098152160645,794.0,1065.0,780.0
11,1763417807.1323617,1132.3364906311035,794.0,1072.0,788.0
11,1763417807.1618161,1136.1933784484863,794.0,1087.0,810.0
11,1763417807.1933043,1140.0060634613037,794.0,1084.0,805.0
11,1763417807.2248023,1143.806360244751,794.0,1067.0,782.0
11,1763417807.256699,1147.6209335327148,794.0,1063.0,767.0
11,1763417807.2909532,1151.5989570617676,794.0,1079.0,771.0
11,1763417807.32213,1155.3557090759277,794.0,1101.0,800.0
11,1763417807.353209,1159.200008392334,794.0,1106.0,817.0
11,1763417807.3915577,1163.1107692718506,794.0,1091.0,807.0
11,1763417807.4265356,1166.8709545135498,794.0,1097.0,788.0
11,1763417807.4574978,1170.7258110046387,794.0,1114.0,772.0
11,1763417807.4867501,1174.5399265289307,794.0,1133.0,788.0
11,1763417807.5282652,1180.3514366149902,794.0,1130.0,804.0
11,1763417807.572481,1184.1616325378418,794.0,1130.0,807.0
11,1763417807.5973294,1188.037088394165,794.0,1138.0,785.0
11,1763417807.6254382,1191.8003635406494,794.0,1148.0,783.0
11,1763417807.656794,1195.6867485046387,794.0,1148.0,783.0
11,1763417807.6907468,1199.4525127410889,794.0,1150.0,793.0
11,1763417807.7321463,1203.368251800537,794.0,1159.0,797.0
11,1763417807.7576122,1207.1294956207275,794.0,1174.0,788.0
11,1763417807.797037,1212.9907302856445,794.0,1193.0,798.0
11,1763417807.8368714,1216.7548351287842,794.0,1191.0,806.0
11,1763417807.8736494,1220.5861167907715,794.0,1191.0,820.0
11,1763417807.9073813,1224.522626876831,794.0,1165.0,838.0
11,1763417807.937936,1228.2954864501953,794.0,1123.0,836.0
11,1763417807.967311,1232.1318607330322,794.0,1115.0,849.0
11,1763417807.9938169,1235.9764461517334,794.0,1134.0,852.0
11,1763417808.0235271,1239.7787456512451,794.0,1153.0,844.0
11,1763417808.0583231,1243.6895923614502,794.0,1176.0,840.0
11,1763417808.0883439,1247.5411586761475,794.0,1206.0,843.0
11,1763417808.1317441,1251.3886337280273,794.0,1213.0,837.0
11,1763417808.1726289,1257.1792011260986,794.0,1212.0,819.0
11,1763417808.206801,1260.8804779052734,794.0,1224.0,817.0
11,1763417808.232244,1264.8564701080322,794.0,1238.0,827.0
11,1763417808.2575095,1266.756160736084,794.0,1236.0,828.0
11,1763417808.3023922,1272.4921398162842,794.0,1236.0,820.0
11,1763417808.3371005,1276.338384628296,794.0,1239.0,828.0
11,1763417808.3740554,1280.1735572814941,794.0,1230.0,823.0
11,1763417808.40859,1285.8632164001465,794.0,1225.0,811.0
11,1763417808.4372604,1289.8175506591797,794.0,1234.0,802.0
11,1763417808.467073,1291.6184787750244,794.0,1229.0,802.0
11,1763417808.496947,1295.4789142608643,794.0,1230.0,814.0
11,1763417808.5269198,1299.3933944702148,794.0,1247.0,820.0
11,1763417808.5574172,1303.1912021636963,794.0,1265.0,814.0
11,1763417808.592126,1306.9717292785645,794.0,1280.0,816.0
11,1763417808.6223,1310.800521850586,794.0,1310.0,814.0
11,1763417808.6651268,1316.6412715911865,794.0,1306.0,812.0
11,1763417808.692102,1318.5541229248047,794.0,1290.0,789.0
11,1763417808.7317393,1324.3205432891846,794.0,1278.0,774.0
11,1763417808.7671611,1328.1816082000732,794.0,1288.0,775.0
11,1763417808.7931745,1332.0340614318848,794.0,1295.0,791.0
11,1763417808.8322687,1335.8315544128418,794.0,1303.0,803.0
11,1763417808.8665843,1339.633653640747,794.0,1306.0,813.0
11,1763417808.9120505,1345.4880504608154,794.0,1290.0,808.0
11,1763417808.957435,1351.2123279571533,794.0,1279.0,783.0
11,1763417808.986558,1355.0178890228271,794.0,1281.0,782.0
11,1763417809.0176299,1358.8037948608398,794.0,1312.0,799.0
11,1763417809.0474072,1362.65913772583,794.0,1332.0,820.0
11,1763417809.080598,1366.510446548462,794.0,1335.0,828.0
11,1763417809.1077423,1368.5151081085205,794.0,1335.0,829.0
11,1763417809.1446092,1374.1938095092773,794.0,1352.0,833.0
11,1763417809.1721225,1376.1960678100586,794.0,1337.0,810.0
11,1763417809.2019987,1379.9982528686523,794.0,1340.0,797.0
11,1763417809.2450123,1385.6843357086182,794.0,1356.0,790.0
11,1763417809.2665656,1387.6531200408936,794.0,1382.0,815.0
11,1763417809.3048341,1393.425090789795,794.0,1390.0,843.0
11,1763417809.3466413,1397.2991161346436,794.0,1387.0,853.0
11,1763417809.3722353,1401.1251907348633,794.0,1392.0,856.0
11,1763417809.402173,1404.9773578643799,794.0,1404.0,840.0
11,1763417809.432453,1408.806007385254,794.0,1410.0,822.0
11,1763417809.4721153,1412.6090507507324,794.0,1404.0,835.0
11,1763417809.5075262,1416.463020324707,794.0,1405.0,861.0
11,1763417809.5373185,1420.3569869995117,794.0,1406.0,878.0
11,1763417809.5672035,1424.1355686187744,794.0,1406.0,865.0
11,1763417809.60237,1428.0286483764648,794.0,1401.0,860.0
11,1763417809.6369393,1433.7790184020996,794.0,1408.0,870.0
11,1763417809.6775527,1437.5860958099365,794.0,1421.0,867.0
11,1763417809.712097,1441.374319076538,794.0,1427.0,861.0
11,1763417809.7372365,1445.289628982544,794.0,1424.0,872.0
11,1763417809.769289,1449.1422538757324,794.0,1444.0,874.0
11,1763417809.8015518,1452.9645519256592,794.0,1466.0,868.0
11,1763417809.8321872,1456.797836303711,794.0,1476.0,847.0
11,1763417809.863064,1460.656011581421,794.0,1482.0,830.0
11,1763417809.9076042,1464.482801437378,794.0,1472.0,831.0
11,1763417809.9519181,1470.186336517334,794.0,1481.0,836.0
11,1763417809.9816968,1474.003713607788,794.0,1471.0,829.0
11,1763417810.0253932,1479.7646980285645,794.0,1461.0,828.0
11,1763417810.0523958,1481.7925624847412,794.0,1482.0,839.0
11,1763417810.0892253,1487.4581031799316,794.0,1489.0,857.0
11,1763417810.116641,1491.3432292938232,794.0,1480.0,869.0
11,1763417810.1531794,1495.2486972808838,794.0,1505.0,875.0
11,1763417810.1971762,1501.0074501037598,794.0,1501.0,858.0
11,1763417810.2422671,1504.7658042907715,794.0,1500.0,848.0
11,1763417810.2675226,1508.6038093566895,794.0,1495.0,855.0
11,1763417810.296732,1512.437608718872,794.0,1513.0,859.0
11,1763417810.3286083,1516.3731174468994,794.0,1506.0,856.0
11,1763417810.3605406,1520.1109580993652,794.0,1483.0,842.0
11,1763417810.3921804,1523.9925937652588,794.0,1474.0,830.0
11,1763417810.4277482,1527.8546886444092,794.0,1494.0,820.0
11,1763417810.4523487,1529.7875385284424,794.0,1504.0,819.0
11,1763417810.4918303,1535.5464916229248,794.0,1510.0,819.0
11,1763417810.5193624,1539.2967205047607,794.0,1519.0,819.0
11,1763417810.5519416,1543.2200984954834,794.0,1521.0,812.0
11,1763417810.5823739,1546.9801692962646,794.0,1532.0,808.0
11,1763417810.6125028,1548.8981132507324,794.0,1537.0,810.0
11,1763417810.6423795,1552.7687911987305,794.0,1532.0,821.0
11,1763417810.6722693,1556.6783504486084,794.0,1523.0,833.0
11,1763417810.702166,1560.5355815887451,794.0,1517.0,830.0
11,1763417810.737484,1564.326608657837,794.0,1521.0,824.0
11,1763417810.7817488,1570.019271850586,794.0,1533.0,814.0
11,1763417810.8111699,1573.9327507019043,794.0,1571.0,810.0
11,1763417810.8397567,1577.7105884552002,794.0,1590.0,812.0
11,1763417810.8765209,1581.5951709747314,794.0,1588.0,821.0
11,1763417810.903726,1585.3798751831055,794.0,1588.0,833.0
11,1763417810.9368353,1589.3233375549316,794.0,1579.0,842.0
11,1763417810.9715364,1593.0444412231445,794.0,1572.0,841.0
11,1763417811.0019166,1596.9484214782715,794.0,1573.0,838.0
11,1763417811.0497642,1602.7576713562012,794.0,1569.0,819.0
11,1763417811.0869846,1606.5220909118652,794.0,1585.0,801.0
11,1763417811.1306221,1612.3922519683838,794.0,1592.0,798.0
11,1763417811.156843,1616.1674575805664,794.0,1596.0,784.0
11,1763417811.1825328,1618.0649738311768,794.0,1589.0,783.0
11,1763417811.2170553,1621.8588619232178,794.0,1588.0,790.0
11,1763417811.2475228,1625.6990127563477,794.0,1580.0,795.0
11,1763417811.2774239,1629.5236568450928,794.0,1577.0,795.0
11,1763417811.3168254,1635.3653507232666,794.0,1580.0,776.0
11,1763417811.342377,1637.2226696014404,794.0,1593.0,775.0
11,1763417811.3771398,1641.0663394927979,794.0,1589.0,791.0
11,1763417811.409926,1644.9924068450928,794.0,1593.0,808.0
11,1763417811.4424875,1648.8100986480713,794.0,1603.0,834.0
11,1763417811.4794908,1654.5211582183838,794.0,1608.0,830.0
11,1763417811.5068872,1656.4071731567383,794.0,1601.0,815.0
11,1763417811.5432978,1662.1705894470215,794.0,1627.0,818.0
11,1763417811.5784473,1666.0620956420898,794.0,1653.0,827.0
11,1763417811.6073573,1669.84814453125,794.0,1662.0,832.0
11,1763417811.637117,1673.8003330230713,794.0,1656.0,831.0
11,1763417811.68177,1677.5978546142578,794.0,1641.0,835.0
11,1763417811.7067533,1681.471794128418,794.0,1642.0,829.0
11,1763417811.746846,1685.2776985168457,794.0,1652.0,826.0
11,1763417811.7773442,1689.0620594024658,794.0,1663.0,843.0
11,1763417811.807059,1692.9276161193848,794.0,1687.0,839.0
11,1763417811.847847,1698.7065963745117,794.0,1692.0,847.0
11,1763417811.8776863,1702.5425987243652,794.0,1702.0,850.0
11,1763417811.9165182,1706.434076309204,794.0,1695.0,856.0
11,1763417811.944853,1710.195749282837,794.0,1703.0,855.0
11,1763417811.9774542,1714.0796451568604,794.0,1705.0,866.0
11,1763417812.011684,1717.9511528015137,794.0,1715.0,866.0
11,1763417812.0470304,1721.720006942749,794.0,1706.0,865.0
11,1763417812.0768247,1725.5512599945068,794.0,1709.0,862.0
12,1763417812.1175523,1727.4985580444336,794.0,1707.0,865.0
12,1763417812.1468709,1727.4985580444336,794.0,1719.0,861.0
12,1763417812.1865733,1727.4985580444336,794.0,1731.0,851.0
12,1763417812.2121441,1727.4985580444336,794.0,1710.0,850.0
12,1763417812.2424686,1727.4985580444336,794.0,1702.0,848.0
12,1763417812.281759,1727.4985580444336,794.0,1697.0,840.0
12,1763417812.312006,1727.4985580444336,794.0,1708.0,841.0
12,1763417812.3465338,1727.4985580444336,794.0,1713.0,837.0
12,1763417812.38241,1727.4985580444336,794.0,1699.0,844.0
12,1763417812.4124503,1727.4985580444336,794.0,2713.0,1774.0
12,1763417812.451784,1727.4985580444336,794.0,1761.0,2086.0
12,1763417812.477646,1727.4985580444336,794.0,1760.0,2089.0
12,1763417812.5115886,1727.4985580444336,794.0,1944.0,1386.0
12,1763417812.5518954,1727.4985580444336,794.0,1397.0,1093.0
12,1763417812.5767877,1727.4985580444336,794.0,397.0,782.0
12,1763417812.612075,179.96861267089844,844.0,344.0,717.0
12,1763417812.6470137,183.82962036132812,844.0,220.0,801.0
12,1763417812.6855562,189.6264247894287,844.0,197.0,813.0
12,1763417812.72249,193.45344352722168,844.0,183.0,815.0
12,1763417812.748971,197.24530029296875,844.0,178.0,805.0
12,1763417812.7773554,199.2446403503418,844.0,186.0,799.0
12,1763417812.8222587,205.017240524292,844.0,185.0,804.0
12,1763417812.8471315,208.75247764587402,844.0,143.0,885.0
12,1763417812.8806667,212.61986541748047,844.0,133.0,873.0
12,1763417812.9169278,216.44033241271973,844.0,150.0,870.0
12,1763417812.9466927,220.38728523254395,844.0,161.0,864.0
12,1763417812.9899049,226.08592796325684,844.0,171.0,867.0
12,1763417813.0166783,227.9888801574707,844.0,168.0,859.0
12,1763417813.04682,231.78479957580566,844.0,182.0,840.0
12,1763417813.0817144,237.65255737304688,844.0,206.0,828.0
12,1763417813.1169112,241.36264610290527,844.0,201.0,820.0
12,1763417813.1499023,245.34378814697266,844.0,213.0,815.0
12,1763417813.1874566,249.13438606262207,844.0,225.0,822.0
12,1763417813.2294772,254.88218116760254,844.0,237.0,815.0
12,1763417813.26732,258.67358016967773,844.0,250.0,798.0
12,1763417813.310879,264.48749351501465,844.0,266.0,783.0
12,1763417813.3525457,268.3014373779297,844.0,281.0,780.0
12,1763417813.379225,272.17088508605957,844.0,331.0,777.0
12,1763417813.40443,275.9858875274658,844.0,319.0,796.0
12,1763417813.441574,279.8930149078369,844.0,312.0,807.0
12,1763417813.4701838,283.72561264038086,844.0,323.0,792.0
12,1763417813.5075047,287.46534156799316,844.0,349.0,771.0
12,1763417813.5371077,291.30331802368164,844.0,372.0,751.0
12,1763417813.5716121,295.13969230651855,844.0,375.0,756.0
12,1763417813.6019464,299.0282516479492,844.0,370.0,781.0
12,1763417813.6322572,302.8974418640137,844.0,342.0,790.0
12,1763417813.66749,306.737850189209,844.0,341.0,785.0
12,1763417813.696302,310.5305366516113,844.0,347.0,770.0
12,1763417813.7255833,314.4139175415039,844.0,355.0,763.0
12,1763417813.7624085,318.2525520324707,844.0,368.0,753.0
12,1763417813.792318,322.1183662414551,844.0,357.0,775.0
12,1763417813.821702,325.87757873535156,844.0,347.0,802.0
12,1763417813.8533275,329.7058849334717,844.0,344.0,815.0
12,1763417813.891781,333.54835319519043,844.0,349.0,803.0
12,1763417813.9172492,337.442663192749,844.0,352.0,787.0
12,1763417813.957443,341.22044372558594,844.0,348.0,784.0
12,1763417813.9999633,347.2608642578125,844.0,330.0,784.0
12,1763417814.0321956,350.91802406311035,844.0,344.0,797.0
12,1763417814.07162,354.6876792907715,844.0,365.0,803.0
12,1763417814.1177566,360.40586280822754,844.0,370.0,805.0
12,1763417814.151576,364.3420295715332,844.0,346.0,799.0
12,1763417814.19678,370.0121479034424,844.0,348.0,785.0
12,1763417814.2220285,373.9566116333008,844.0,381.0,781.0
12,1763417814.2538958,377.780797958374,844.0,397.0,799.0
12,1763417814.2918036,381.6532783508301,844.0,393.0,811.0
12,1763417814.3340917,387.4049644470215,844.0,394.0,806.0
12,1763417814.3817346,393.1540470123291,844.0,385.0,804.0
12,1763417814.4289238,398.84264755249023,844.0,386.0,799.0
12,1763417814.466597,402.7209358215332,844.0,388.0,805.0
12,1763417814.4937162,406.4940528869629,844.0,433.0,802.0
12,1763417814.542227,412.29789543151855,844.0,454.0,802.0
12,1763417814.581763,416.1298637390137,844.0,450.0,793.0
12,1763417814.607438,420.00592041015625,844.0,452.0,790.0
12,1763417814.647243,423.85731506347656,844.0,460.0,800.0
12,1763417814.6818335,429.6668510437012,844.0,468.0,804.0
12,1763417814.7085106,431.5724639892578,844.0,487.0,801.0
12,1763417814.7419958,435.37914085388184,844.0,469.0,813.0
12,1763417814.7827191,441.1290817260742,844.0,442.0,808.0
12,1763417814.8287523,446.90368461608887,844.0,418.0,806.0
12,1763417814.8567493,448.82446098327637,844.0,421.0,822.0
12,1763417814.8777595,452.6743965148926,844.0,449.0,817.0
12,1763417814.9245079,458.4125785827637,844.0,468.0,805.0
12,1763417814.9419827,460.3287773132324,844.0,485.0,813.0
12,1763417814.9721103,464.0869312286377,844.0,487.0,825.0
12,1763417815.0051684,467.9613285064697,844.0,482.0,835.0
12,1763417815.0424638,471.8358402252197,844.0,479.0,838.0
12,1763417815.072183,475.63782501220703,844.0,477.0,834.0
12,1763417815.0974116,477.5451259613037,844.0,491.0,839.0
12,1763417815.131548,483.3214168548584,844.0,497.0,835.0
12,1763417815.165306,487.15149688720703,844.0,489.0,823.0
12,1763417815.1967852,491.07132720947266,844.0,486.0,818.0
12,1763417815.2293692,494.9012928009033,844.0,488.0,824.0
12,1763417815.2618387,498.6723213195801,844.0,485.0,816.0
12,1763417815.310806,504.495304107666,844.0,475.0,806.0
12,1763417815.3476334,508.32140731811523,844.0,473.0,802.0
12,1763417815.389965,514.0336399078369,844.0,479.0,797.0
12,1763417815.43791,519.8800258636475,844.0,518.0,814.0
12,1763417815.4694812,523.7004356384277,844.0,535.0,802.0
12,1763417815.492263,525.577953338623,844.0,522.0,791.0
12,1763417815.5221817,529.3617992401123,844.0,512.0,810.0
12,1763417815.5577395,533.3112697601318,844.0,518.0,821.0
12,1763417815.5922027,537.1343116760254,844.0,519.0,821.0
12,1763417815.6217065,540.940788269043,844.0,519.0,830.0
12,1763417815.6643748,546.7791633605957,844.0,519.0,838.0
12,1763417815.708828,552.5326232910156,844.0,529.0,841.0
12,1763417815.7321663,554.4385795593262,844.0,534.0,840.0
12,1763417815.7575765,558.2559566497803,844.0,542.0,826.0
12,1763417815.7886426,562.0091323852539,844.0,557.0,816.0
12,1763417815.8172317,564.0297584533691,844.0,562.0,817.0
12,1763417815.8468456,567.8049354553223,844.0,559.0,826.0
12,1763417815.8767626,571.6781311035156,844.0,563.0,833.0
12,1763417815.9124017,575.5800800323486,844.0,566.0,837.0
12,1763417815.9425664,579.3066482543945,844.0,571.0,850.0
12,1763417815.976853,583.1403045654297,844.0,568.0,849.0
12,1763417816.002303,586.9747619628906,844.0,562.0,849.0
12,1763417816.0371141,590.9029750823975,844.0,565.0,848.0
12,1763417816.0672314,594.720552444458,844.0,574.0,834.0
12,1763417816.0972762,598.4902076721191,844.0,569.0,811.0
12,1763417816.13225,602.4536685943604,844.0,573.0,791.0
12,1763417816.1623697,606.2575416564941,844.0,583.0,807.0
12,1763417816.2121177,611.9516353607178,844.0,596.0,811.0
12,1763417816.2534363,617.6807765960693,844.0,605.0,819.0
12,1763417816.2773678,619.7336750030518,844.0,605.0,811.0
12,1763417816.3077602,623.5327987670898,844.0,592.0,821.0
12,1763417816.3426776,627.351692199707,844.0,604.0,817.0
12,1763417816.3723207,631.1771087646484,844.0,602.0,811.0
12,1763417816.4026086,634.97434425354,844.0,603.0,810.0
12,1763417816.432221,638.929765701294,844.0,599.0,812.0
12,1763417816.4825249,644.6824245452881,844.0,606.0,818.0
12,1763417816.5174336,648.4156017303467,844.0,616.0,820.0
12,1763417816.5527925,652.3537998199463,844.0,624.0,822.0
12,1763417816.5823853,656.1841087341309,844.0,631.0,818.0
12,1763417816.6215997,661.9339351654053,844.0,660.0,818.0
12,1763417816.669104,667.7116279602051,844.0,666.0,820.0
12,1763417816.7069342,671.4968185424805,844.0,679.0,820.0
12,1763417816.749469,677.2776870727539,844.0,679.0,801.0
12,1763417816.7866638,681.1825828552246,844.0,674.0,804.0
12,1763417816.8124166,684.9536399841309,844.0,674.0,799.0
12,1763417816.8441174,688.7293319702148,844.0,665.0,777.0
12,1763417816.883126,692.6212673187256,844.0,663.0,777.0
12,1763417816.9241724,698.38405418396,844.0,683.0,781.0
12,1763417816.9623473,702.2349910736084,844.0,698.0,789.0
12,1763417816.9822223,704.164493560791,844.0,674.0,791.0
12,1763417817.0123758,707.9993515014648,844.0,673.0,785.0
12,1763417817.0423543,711.8285446166992,844.0,687.0,786.0
12,1763417817.0769446,715.7373600006104,844.0,705.0,784.0
12,1763417817.1069098,719.4851570129395,844.0,707.0,789.0
12,1763417817.1494899,725.2966384887695,844.0,703.0,805.0
12,1763417817.1908073,729.0846328735352,844.0,695.0,813.0
12,1763417817.2137244,732.9734783172607,844.0,685.0,797.0
12,1763417817.2576292,736.7351512908936,844.0,684.0,788.0
12,1763417817.2921236,742.4853782653809,844.0,700.0,769.0
12,1763417817.327204,746.4139060974121,844.0,727.0,777.0
12,1763417817.3567715,750.2755146026611,844.0,733.0,788.0
12,1763417817.3888373,754.0761833190918,844.0,718.0,787.0
12,1763417817.4215353,757.86403465271,844.0,725.0,786.0
12,1763417817.452005,761.6940574645996,844.0,743.0,789.0
12,1763417817.4872375,765.5217342376709,844.0,754.0,789.0
12,1763417817.5265858,769.6787433624268,844.0,737.0,792.0
12,1763417817.5672734,775.1854400634766,844.0,731.0,790.0
12,1763417817.6117845,780.8911209106445,844.0,744.0,783.0
12,1763417817.6470413,784.807746887207,844.0,769.0,772.0
12,1763417817.6873689,788.5608081817627,844.0,785.0,780.0
12,1763417817.7244961,794.3965225219727,844.0,793.0,791.0
12,1763417817.7469606,796.3771800994873,844.0,797.0,783.0
12,1763417817.782094,800.1609115600586,844.0,797.0,785.0
12,1763417817.8126776,803.958662033081,844.0,799.0,782.0
12,1763417817.8477411,807.762020111084,844.0,795.0,803.0
12,1763417817.876776,811.6019420623779,844.0,790.0,818.0
12,1763417817.9220414,817.4578838348389,844.0,783.0,807.0
12,1763417817.9654965,823.2031326293945,844.0,782.0,791.0
12,1763417818.0005755,827.1314601898193,844.0,805.0,804.0
12,1763417818.0323243,830.8292751312256,844.0,806.0,821.0
12,1763417818.057369,832.8066711425781,844.0,807.0,825.0
12,1763417818.0927708,838.5573844909668,844.0,808.0,816.0
12,1763417818.1250868,842.3504428863525,844.0,814.0,803.0
12,1763417818.1521516,844.295051574707,844.0,816.0,810.0
12,1763417818.181678,848.1834964752197,844.0,810.0,820.0
12,1763417818.212398,851.9375877380371,844.0,810.0,818.0
12,1763417818.2472675,855.8502082824707,844.0,811.0,810.0
12,1763417818.2771876,859.7074680328369,844.0,814.0,811.0
12,1763417818.3118992,863.5237865447998,844.0,826.0,819.0
12,1763417818.3425357,867.4216442108154,844.0,828.0,821.0
12,1763417818.3774507,871.1647777557373,844.0,822.0,815.0
12,1763417818.4159784,876.999719619751,844.0,800.0,800.0
12,1763417818.4437382,880.7243995666504,844.0,811.0,783.0
12,1763417818.482438,884.6206550598145,844.0,830.0,812.0
12,1763417818.5117924,888.432538986206,844.0,869.0,845.0
12,1763417818.5468574,892.3541431427002,844.0,878.0,845.0
12,1763417818.5773284,896.2264518737793,844.0,891.0,828.0
12,1763417818.6117313,900.0283222198486,844.0,896.0,830.0
12,1763417818.6470428,903.8734226226807,844.0,897.0,837.0
12,1763417818.6920366,909.6038513183594,844.0,888.0,821.0
12,1763417818.7271104,913.4078388214111,844.0,877.0,811.0
12,1763417818.7565842,917.2251300811768,844.0,865.0,822.0
12,1763417818.7922566,921.1327724456787,844.0,871.0,828.0
12,1763417818.8454862,928.8016300201416,844.0,887.0,831.0
12,1763417818.877931,932.6484756469727,844.0,901.0,830.0
12,1763417818.9023626,934.5280818939209,844.0,935.0,833.0
12,1763417818.9368615,938.398645401001,844.0,886.0,811.0
12,1763417818.9666355,942.2421436309814,844.0,882.0,816.0
12,1763417818.9971583,946.0875587463379,844.0,904.0,823.0
12,1763417819.0267956,949.9145488739014,844.0,910.0,816.0
12,1763417819.0619392,953.7124137878418,844.0,906.0,825.0
12,1763417819.0917752,957.6345615386963,844.0,899.0,837.0
12,1763417819.1217606,961.4427547454834,844.0,898.0,847.0
12,1763417819.1567411,965.3255062103271,844.0,912.0,848.0
12,1763417819.1978202,971.0868625640869,844.0,921.0,853.0
12,1763417819.2366366,974.9297313690186,844.0,929.0,849.0
12,1763417819.261768,978.6942939758301,844.0,928.0,842.0
12,1763417819.3019533,982.5697784423828,844.0,939.0,827.0
12,1763417819.3377564,986.4293556213379,844.0,953.0,817.0
12,1763417819.3623385,990.2198390960693,844.0,934.0,807.0
12,1763417819.3971512,994.0778999328613,844.0,951.0,809.0
12,1763417819.4379208,999.8583393096924,844.0,966.0,814.0
12,1763417819.4767563,1003.7079887390137,844.0,976.0,821.0
12,1763417819.5076532,1007.495038986206,844.0,987.0,842.0
12,1763417819.5346293,1011.3081245422363,844.0,987.0,848.0
12,1763417819.561915,1015.2766208648682,844.0,981.0,835.0
12,1763417819.607459,1019.0359477996826,844.0,966.0,819.0
12,1763417819.6522567,1024.767807006836,844.0,986.0,813.0
12,1763417819.6773093,1028.6012916564941,844.0,1011.0,827.0
12,1763417819.7079012,1032.4170951843262,844.0,1005.0,821.0
12,1763417819.7572773,1038.1992797851562,844.0,1008.0,802.0
12,1763417819.7924154,1042.0909576416016,844.0,1044.0,829.0
12,1763417819.837732,1047.7762966156006,844.0,1010.0,842.0
12,1763417819.8615627,1049.7037105560303,844.0,1019.0,874.0
12,1763417819.89204,1053.614414215088,844.0,1013.0,866.0
12,1763417819.9277759,1057.4200611114502,844.0,1015.0,848.0
12,1763417819.965021,1063.146598815918,844.0,1012.0,834.0
12,1763417819.9921787,1065.0575332641602,844.0,1018.0,833.0
12,1763417820.0333836,1070.8908443450928,844.0,998.0,823.0
12,1763417820.0569017,1072.8689556121826,844.0,1004.0,817.0
12,1763417820.0929663,1078.5787563323975,844.0,1018.0,794.0
12,1763417820.126793,1082.4233989715576,844.0,1027.0,776.0
12,1763417820.1576123,1086.2388591766357,844.0,1022.0,756.0
12,1763417820.1882484,1090.0782661437988,844.0,1046.0,758.0
12,1763417820.216735,1092.0202713012695,844.0,1065.0,785.0
12,1763417820.2567728,1097.7375965118408,844.0,1069.0,795.0
12,1763417820.2867131,1101.5831832885742,844.0,1061.0,777.0
12,1763417820.319572,1105.4360370635986,844.0,1062.0,762.0
12,1763417820.357528,1109.2787914276123,844.0,1067.0,772.0
12,1763417820.3873663,1113.1311302185059,844.0,1066.0,786.0
12,1763417820.4441752,1120.7501487731934,844.0,1056.0,796.0
12,1763417820.477892,1124.616621017456,844.0,1044.0,788.0
12,1763417820.501863,1126.4959125518799,844.0,1050.0,799.0
12,1763417820.5366573,1130.4396896362305,844.0,1058.0,805.0
12,1763417820.5672197,1134.253890991211,844.0,1057.0,812.0
12,1763417820.59686,1138.0848865509033,844.0,1073.0,830.0
12,1763417820.6273255,1141.8607788085938,844.0,1088.0,839.0
12,1763417820.661888,1145.687168121338,844.0,1090.0,818.0
12,1763417820.7025185,1151.5285186767578,844.0,1090.0,810.0
12,1763417820.7424068,1155.3272132873535,844.0,1091.0,816.0
12,1763417820.771618,1159.2428665161133,844.0,1110.0,839.0
12,1763417820.8021495,1162.9928379058838,844.0,1118.0,821.0
12,1763417820.8460243,1168.7683849334717,844.0,1111.0,798.0
12,1763417820.886723,1172.6234703063965,844.0,1100.0,790.0
12,1763417820.9269874,1178.444679260254,844.0,1111.0,811.0
12,1763417820.9521723,1180.315673828125,844.0,1123.0,816.0
12,1763417820.981547,1184.080379486084,844.0,1145.0,805.0
12,1763417821.0122592,1188.072078704834,844.0,1150.0,804.0
12,1763417821.042511,1191.9051628112793,844.0,1132.0,809.0
12,1763417821.076718,1195.7004528045654,844.0,1125.0,829.0
12,1763417821.106557,1199.567668914795,844.0,1125.0,845.0
12,1763417821.15277,1205.279987335205,844.0,1136.0,855.0
12,1763417821.1869102,1209.1511516571045,844.0,1148.0,847.0
12,1763417821.2167306,1212.9028396606445,844.0,1145.0,830.0
12,1763417821.2452137,1216.7475681304932,844.0,1134.0,836.0
12,1763417821.2868583,1220.599105834961,844.0,1176.0,848.0
12,1763417821.3216453,1226.4442615509033,844.0,1182.0,860.0
12,1763417821.3471882,1228.3096771240234,844.0,1163.0,875.0
12,1763417821.3823087,1232.0971279144287,844.0,1156.0,886.0
12,1763417821.41213,1236.0189609527588,844.0,1166.0,890.0
12,1763417821.4475965,1239.7602062225342,844.0,1177.0,882.0
12,1763417821.4765244,1243.6630992889404,844.0,1196.0,876.0
12,1763417821.507091,1247.4704914093018,844.0,1217.0,879.0
12,1763417821.554776,1253.3155326843262,844.0,1221.0,887.0
12,1763417821.5874255,1257.1269302368164,844.0,1203.0,882.0
12,1763417821.6215982,1260.9268264770508,844.0,1215.0,861.0
12,1763417821.6517422,1264.756820678711,844.0,1227.0,858.0
12,1763417821.6823387,1268.5974292755127,844.0,1227.0,854.0
12,1763417821.7124326,1272.463300704956,844.0,1225.0,851.0
12,1763417821.7421582,1276.2765865325928,844.0,1223.0,841.0
12,1763417821.7721233,1280.0884418487549,844.0,1217.0,851.0
12,1763417821.8055882,1283.9583473205566,844.0,1212.0,862.0
12,1763417821.8376164,1287.8503398895264,844.0,1233.0,860.0
12,1763417821.868588,1291.6865425109863,844.0,1252.0,855.0
12,1763417821.89774,1293.5931568145752,844.0,1251.0,846.0
12,1763417821.937226,1299.3104248046875,844.0,1230.0,846.0
12,1763417821.977428,1303.2532577514648,844.0,1222.0,854.0
12,1763417822.012925,1308.9187126159668,844.0,1235.0,855.0
12,1763417822.052154,1312.827299118042,844.0,1266.0,860.0
12,1763417822.0773225,1316.6448764801025,844.0,1284.0,858.0
12,1763417822.1242025,1322.3513584136963,844.0,1257.0,851.0
12,1763417822.1575816,1326.1783485412598,844.0,1252.0,844.0
12,1763417822.1974013,1330.0941734313965,844.0,1257.0,850.0
12,1763417822.2423308,1335.8497791290283,844.0,1295.0,858.0
12,1763417822.2620037,1337.7329902648926,844.0,1300.0,861.0
12,1763417822.2973986,1341.545160293579,844.0,1294.0,863.0
12,1763417822.3277857,1345.3923778533936,844.0,1302.0,876.0
12,1763417822.3570917,1349.2199401855469,844.0,1292.0,875.0
12,1763417822.3872664,1353.198736190796,844.0,1287.0,875.0
12,1763417822.4177878,1356.943099975586,844.0,1286.0,872.0
12,1763417822.4520361,1360.7544403076172,844.0,1302.0,874.0
12,1763417822.4819887,1364.6589641571045,844.0,1294.0,863.0
12,1763417822.5118172,1368.4405212402344,844.0,1285.0,858.0
12,1763417822.552042,1372.2932033538818,844.0,1266.0,858.0
12,1763417822.5921142,1378.082368850708,844.0,1267.0,864.0
12,1763417822.6272645,1381.883867263794,844.0,1287.0,869.0
12,1763417822.6701667,1387.7117137908936,844.0,1300.0,867.0
12,1763417822.6982534,1389.5821647644043,844.0,1313.0,855.0
12,1763417822.7334943,1395.2983169555664,844.0,1313.0,843.0
12,1763417822.7716718,1399.1544609069824,844.0,1301.0,840.0
12,1763417822.7972643,1402.9792194366455,844.0,1329.0,855.0
12,1763417822.828794,1406.9159870147705,844.0,1334.0,860.0
12,1763417822.8616376,1410.7329921722412,844.0,1333.0,861.0
12,1763417822.8928123,1414.595058441162,844.0,1348.0,862.0
12,1763417822.9258308,1418.3424835205078,844.0,1357.0,872.0
12,1763417822.9620292,1422.1832637786865,844.0,1354.0,872.0
12,1763417822.989083,1426.1155395507812,844.0,1345.0,862.0
12,1763417823.0269504,1429.9031620025635,844.0,1353.0,858.0
12,1763417823.0722687,1435.6429462432861,844.0,1381.0,879.0
12,1763417823.1120262,1439.4989471435547,844.0,1403.0,901.0
12,1763417823.1368039,1443.3124332427979,844.0,1404.0,904.0
12,1763417823.1672728,1447.1562175750732,844.0,1393.0,903.0
12,1763417823.2021296,1451.0129051208496,844.0,1385.0,891.0
12,1763417823.2373984,1454.8761730194092,844.0,1383.0,874.0
12,1763417823.2787733,1460.6477432250977,844.0,1384.0,868.0
12,1763417823.307617,1464.405324935913,844.0,1397.0,907.0
12,1763417823.3372874,1466.444004058838,844.0,1406.0,907.0
12,1763417823.3821063,1472.2123126983643,844.0,1402.0,890.0
12,1763417823.417484,1475.9728412628174,844.0,1409.0,879.0
12,1763417823.4417796,1479.8495273590088,844.0,1411.0,873.0
12,1763417823.4769237,1483.6541156768799,844.0,1408.0,884.0
12,1763417823.5071151,1487.4802474975586,844.0,1413.0,897.0
12,1763417823.5410552,1491.397159576416,844.0,1426.0,890.0
12,1763417823.577349,1495.1463584899902,844.0,1437.0,869.0
12,1763417823.6065211,1499.0519981384277,844.0,1435.0,846.0
12,1763417823.6418283,1504.866226196289,844.0,1437.0,856.0
12,1763417823.6721115,1506.7095832824707,844.0,1450.0,864.0
12,1763417823.7023008,1510.6241207122803,844.0,1444.0,869.0
12,1763417823.752281,1516.333978652954,844.0,1440.0,882.0
12,1763417823.7923465,1522.0008354187012,844.0,1428.0,886.0
12,1763417823.8173733,1523.975170135498,844.0,1437.0,888.0
12,1763417823.842086,1527.8057651519775,844.0,1456.0,906.0
12,1763417823.876642,1531.640422821045,844.0,1456.0,914.0
12,1763417823.9074078,1535.4750232696533,844.0,1446.0,923.0
12,1763417823.9528763,1541.3186340332031,844.0,1465.0,930.0
12,1763417823.9821672,1545.0621967315674,844.0,1478.0,939.0
12,1763417824.0282319,1550.8754806518555,844.0,1469.0,935.0
12,1763417824.046571,1552.8380279541016,844.0,1435.0,928.0
12,1763417824.0773351,1556.597183227539,844.0,1465.0,929.0
12,1763417824.121262,1560.4976444244385,844.0,1503.0,921.0
12,1763417824.15887,1566.2187175750732,844.0,1517.0,918.0
12,1763417824.2056816,1572.0027332305908,844.0,1527.0,916.0
12,1763417824.2324498,1573.886058807373,844.0,1549.0,904.0
12,1763417824.2767062,1579.7058944702148,844.0,1552.0,912.0
12,1763417824.307004,1583.5204391479492,844.0,1545.0,935.0
12,1763417824.339664,1587.3432235717773,844.0,1547.0,935.0
12,1763417824.3652365,1591.1779956817627,844.0,1549.0,934.0
12,1763417824.3973358,1595.0058155059814,844.0,1566.0,925.0
12,1763417824.4372795,1598.8996391296387,844.0,1558.0,920.0
12,1763417824.4719288,1602.7482872009277,844.0,1554.0,912.0
12,1763417824.5016215,1606.5240936279297,844.0,1546.0,897.0
12,1763417824.5246277,1610.37717628479,844.0,1544.0,907.0
12,1763417824.557244,1614.288480758667,844.0,1538.0,913.0
12,1763417824.5889637,1618.1384735107422,844.0,1546.0,929.0
12,1763417824.632186,1621.931589126587,844.0,1560.0,913.0
12,1763417824.672268,1627.600534439087,844.0,1568.0,918.0
12,1763417824.6965168,1629.6460800170898,844.0,1566.0,915.0
12,1763417824.7265658,1633.463571548462,844.0,1573.0,915.0
12,1763417824.7517965,1637.3153095245361,844.0,1592.0,910.0
12,1763417824.7876155,1641.0470275878906,844.0,1607.0,914.0
12,1763417824.8282752,1646.864517211914,844.0,1621.0,920.0
12,1763417824.87299,1650.7508449554443,844.0,1625.0,934.0
12,1763417824.9087682,1656.5263347625732,844.0,1638.0,942.0
12,1763417824.9517846,1660.3552131652832,844.0,1647.0,935.0
12,1763417824.9922683,1666.1412315368652,844.0,1633.0,927.0
12,1763417825.0174482,1668.0491046905518,844.0,1619.0,932.0
12,1763417825.057065,1673.7727241516113,844.0,1614.0,936.0
12,1763417825.0974703,1677.6183109283447,844.0,1608.0,935.0
12,1763417825.1224728,1681.3831310272217,844.0,1598.0,946.0
12,1763417825.1519458,1685.2124099731445,844.0,1620.0,938.0
12,1763417825.1904042,1689.0840606689453,844.0,1645.0,932.0
12,1763417825.22992,1694.9136810302734,844.0,1663.0,935.0
12,1763417825.2672472,1698.7089138031006,844.0,1647.0,936.0
12,1763417825.3015203,1702.4870376586914,844.0,1658.0,947.0
12,1763417825.332497,1706.4189128875732,844.0,1662.0,955.0
12,1763417825.3578742,1710.257318496704,844.0,1658.0,957.0
12,1763417825.3897336,1714.0929775238037,844.0,1661.0,962.0
12,1763417825.4168963,1716.0165004730225,844.0,1660.0,969.0
12,1763417825.4526353,1721.7767696380615,844.0,1675.0,963.0
12,1763417825.484871,1725.5421333312988,844.0,1678.0,966.0
13,1763417825.521673,1727.5494556427002,844.0,1690.0,969.0
13,1763417825.5465512,1727.5494556427002,844.0,1693.0,977.0
13,1763417825.591647,1727.5494556427002,844.0,1688.0,981.0
13,1763417825.6220958,1727.5494556427002,844.0,1685.0,981.0
13,1763417825.6466196,1727.5494556427002,844.0,1702.0,977.0
13,1763417825.6865792,1727.5494556427002,844.0,1697.0,975.0
13,1763417825.717609,1727.5494556427002,844.0,1689.0,972.0
13,1763417825.7470858,1727.5494556427002,844.0,1681.0,968.0
13,1763417825.7817783,1727.5494556427002,844.0,1682.0,966.0
13,1763417825.8170612,1727.5494556427002,844.0,1677.0,961.0
13,1763417825.8520536,1727.5494556427002,844.0,1684.0,964.0
13,1763417825.8819273,1727.5494556427002,844.0,1698.0,963.0
13,1763417825.9167602,1727.5494556427002,844.0,1701.0,965.0
13,1763417825.95652,1727.5494556427002,844.0,1684.0,960.0
13,1763417825.9821274,1727.5494556427002,844.0,1672.0,941.0
13,1763417826.0173025,179.94915771484375,894.0,1659.0,941.0
13,1763417826.0525534,183.79294204711914,894.0,1460.0,905.0
13,1763417826.0875566,187.60416793823242,894.0,1098.0,854.0
13,1763417826.1215396,191.56493949890137,894.0,1318.0,1349.0
13,1763417826.151899,195.28755950927734,894.0,441.0,885.0
13,1763417826.188748,199.16209983825684,894.0,392.0,770.0
13,1763417826.2216666,203.0429344177246,894.0,336.0,796.0
13,1763417826.251671,206.84323120117188,894.0,277.0,885.0
13,1763417826.2866228,212.68243598937988,894.0,247.0,896.0
13,1763417826.3258274,216.43106269836426,894.0,234.0,890.0
13,1763417826.367063,222.33526992797852,894.0,229.0,899.0
13,1763417826.3969069,224.1228084564209,894.0,191.0,896.0
13,1763417826.4425108,229.9133758544922,894.0,196.0,898.0
13,1763417826.4824655,235.64801025390625,894.0,193.0,909.0
13,1763417826.507332,237.5227813720703,894.0,209.0,888.0
13,1763417826.537478,241.41082572937012,894.0,236.0,881.0
13,1763417826.5670886,245.25418090820312,894.0,254.0,884.0
13,1763417826.6022482,249.06863975524902,894.0,272.0,896.0
13,1763417826.6474183,254.85351371765137,894.0,245.0,905.0
13,1763417826.68657,260.6760959625244,894.0,226.0,885.0
13,1763417826.7120242,262.5490074157715,894.0,266.0,879.0
13,1763417826.737517,266.40646743774414,894.0,292.0,886.0
13,1763417826.7822409,270.2144603729248,894.0,286.0,878.0
13,1763417826.821696,276.0126094818115,894.0,288.0,864.0
13,1763417826.8466153,279.88154220581055,894.0,294.0,847.0
13,1763417826.8816748,283.72933197021484,894.0,289.0,846.0
13,1763417826.913198,287.48330879211426,894.0,296.0,843.0
13,1763417826.957574,291.3262634277344,894.0,319.0,841.0
13,1763417826.996552,297.04550552368164,894.0,316.0,821.0
13,1763417827.0219262,299.10246658325195,894.0,317.0,797.0
13,1763417827.0472076,302.92822647094727,894.0,319.0,811.0
13,1763417827.0904012,308.5689334869385,894.0,311.0,812.0
13,1763417827.1242957,312.4389820098877,894.0,327.0,808.0
13,1763417827.1704824,318.2209663391113,894.0,353.0,801.0
13,1763417827.1967752,320.1622562408447,894.0,364.0,802.0
13,1763417827.2424836,325.9412651062012,894.0,347.0,826.0
13,1763417827.2896636,331.60557556152344,894.0,341.0,823.0
13,1763417827.3308682,337.3650150299072,894.0,347.0,816.0
13,1763417827.366887,341.2407569885254,894.0,364.0,833.0
13,1763417827.4104114,347.03538703918457,894.0,375.0,835.0
13,1763417827.4525387,350.8966236114502,894.0,392.0,835.0
13,1763417827.4824262,355.0050239562988,894.0,402.0,840.0
13,1763417827.517196,358.60007095336914,894.0,384.0,843.0
13,1763417827.559044,364.3321304321289,894.0,361.0,850.0
13,1763417827.592191,368.11159896850586,894.0,363.0,859.0
13,1763417827.649818,375.8450012207031,894.0,379.0,854.0
13,1763417827.6871552,379.7133331298828,894.0,393.0,842.0
13,1763417827.7066326,381.6175727844238,894.0,397.0,810.0
13,1763417827.7368925,385.4818706512451,894.0,402.0,805.0
13,1763417827.7673674,389.2527561187744,894.0,417.0,804.0
13,1763417827.8020906,393.07994651794434,894.0,421.0,821.0
13,1763417827.836811,396.9186668395996,894.0,417.0,853.0
13,1763417827.8669665,400.8621578216553,894.0,423.0,860.0
13,1763417827.8967652,404.6982173919678,894.0,420.0,827.0
13,1763417827.9266422,408.4795742034912,894.0,416.0,807.0
13,1763417827.956987,412.31185722351074,894.0,418.0,809.0
13,1763417827.9971647,416.1726932525635,894.0,416.0,824.0
13,1763417828.0267878,419.992244720459,894.0,408.0,846.0
13,1763417828.07181,425.69097328186035,894.0,407.0,851.0
13,1763417828.1146555,431.53515625,894.0,427.0,841.0
13,1763417828.1367211,433.45467376708984,894.0,439.0,832.0
13,1763417828.177067,439.1432456970215,894.0,430.0,836.0
13,1763417828.222187,442.988489151001,894.0,419.0,849.0
13,1763417828.2569187,448.7206058502197,894.0,415.0,867.0
13,1763417828.3016045,452.66238021850586,894.0,427.0,859.0
13,1763417828.3266048,456.5661029815674,894.0,454.0,831.0
13,1763417828.3576572,460.37300872802734,894.0,450.0,817.0
13,1763417828.3773637,462.2828559875488,894.0,430.0,823.0
13,1763417828.407056,466.01297187805176,894.0,414.0,836.0
13,1763417828.437698,469.8876552581787,894.0,407.0,846.0
13,1763417828.4836757,475.6841449737549,894.0,419.0,844.0
13,1763417828.5308425,481.4507656097412,894.0,440.0,849.0
13,1763417828.5566428,483.3620147705078,894.0,456.0,863.0
13,1763417828.5931888,489.0562515258789,894.0,457.0,843.0
13,1763417828.6166553,491.06775093078613,894.0,447.0,836.0
13,1763417828.6521554,494.9130516052246,894.0,443.0,837.0
13,1763417828.6907847,500.6435375213623,894.0,442.0,839.0
13,1763417828.716538,502.58903312683105,894.0,439.0,834.0
13,1763417828.7565806,508.2636432647705,894.0,433.0,855.0
13,1763417828.7966971,512.1049671173096,894.0,451.0,875.0
13,1763417828.834588,517.8991680145264,894.0,469.0,878.0
13,1763417828.8576958,519.8390274047852,894.0,473.0,863.0
13,1763417828.8918252,523.682897567749,894.0,468.0,871.0
13,1763417828.921863,527.4443130493164,894.0,478.0,880.0
13,1763417828.9521978,531.3802223205566,894.0,480.0,884.0
13,1763417828.993674,537.0498542785645,894.0,491.0,884.0
13,1763417829.031738,541.0025291442871,894.0,489.0,885.0
13,1763417829.0616374,544.7685794830322,894.0,496.0,886.0
13,1763417829.0966685,548.6555366516113,894.0,508.0,867.0
13,1763417829.1232939,552.52392578125,894.0,513.0,849.0
13,1763417829.1622922,556.3296298980713,894.0,505.0,844.0
13,1763417829.2047136,562.015998840332,894.0,514.0,835.0
13,1763417829.2271824,563.9337997436523,894.0,518.0,833.0
13,1763417829.2615204,567.878978729248,894.0,528.0,832.0
13,1763417829.2915888,571.6288642883301,894.0,542.0,852.0
13,1763417829.3217764,575.5059795379639,894.0,556.0,877.0
13,1763417829.3526564,579.3685607910156,894.0,557.0,872.0
13,1763417829.387382,583.1900577545166,894.0,564.0,859.0
13,1763417829.4276118,588.9484386444092,894.0,565.0,840.0
13,1763417829.4666715,592.7406387329102,894.0,563.0,838.0
13,1763417829.4974248,596.6588096618652,894.0,549.0,844.0
13,1763417829.5215893,600.5108623504639,894.0,544.0,831.0
13,1763417829.562332,604.3378524780273,894.0,546.0,820.0
13,1763417829.5973325,608.1792621612549,894.0,562.0,837.0
13,1763417829.633049,613.8794784545898,894.0,574.0,841.0
13,1763417829.6770918,617.7941017150879,894.0,583.0,836.0
13,1763417829.7139904,623.4914569854736,894.0,597.0,841.0
13,1763417829.7372227,625.4526309967041,894.0,617.0,852.0
13,1763417829.7723105,629.2795352935791,894.0,622.0,838.0
13,1763417829.801976,633.1373672485352,894.0,618.0,820.0
13,1763417829.8437617,638.8623313903809,894.0,621.0,819.0
13,1763417829.874306,642.783992767334,894.0,623.0,824.0
13,1763417829.9025111,644.675329208374,894.0,618.0,834.0
13,1763417829.94163,650.3437881469727,894.0,614.0,842.0
13,1763417829.9775383,654.2587833404541,894.0,613.0,832.0
13,1763417830.0074306,658.1010799407959,894.0,614.0,827.0
13,1763417830.0423357,661.9055824279785,894.0,628.0,840.0
13,1763417830.071847,665.7495670318604,894.0,641.0,839.0
13,1763417830.113512,671.5239410400391,894.0,647.0,848.0
13,1763417830.1423101,673.4456615447998,894.0,634.0,844.0
13,1763417830.1721213,677.2398929595947,894.0,630.0,836.0
13,1763417830.2110162,683.0472545623779,894.0,642.0,831.0
13,1763417830.2427197,686.9128971099854,894.0,637.0,823.0
13,1763417830.2915158,692.6586894989014,894.0,636.0,829.0
13,1763417830.332156,696.4051704406738,894.0,634.0,856.0
13,1763417830.362309,700.3473453521729,894.0,624.0,855.0
13,1763417830.396806,704.1638641357422,894.0,624.0,815.0
13,1763417830.4274948,708.0341415405273,894.0,639.0,801.0
13,1763417830.4569445,711.8332080841064,894.0,641.0,804.0
13,1763417830.486738,715.6952743530273,894.0,661.0,819.0
13,1763417830.5266469,721.4853267669678,894.0,670.0,820.0
13,1763417830.5718296,725.236270904541,894.0,686.0,826.0
13,1763417830.6024342,729.1413097381592,894.0,680.0,815.0
13,1763417830.6323724,733.0339317321777,894.0,686.0,831.0
13,1763417830.6781268,738.6585311889648,894.0,692.0,841.0
13,1763417830.7166297,742.622278213501,894.0,702.0,835.0
13,1763417830.7546024,748.3652381896973,894.0,687.0,825.0
13,1763417830.792535,752.1701412200928,894.0,682.0,834.0
13,1763417830.8186495,756.0465412139893,894.0,702.0,845.0
13,1763417830.8500435,759.8607425689697,894.0,708.0,850.0
13,1763417830.8818393,763.6291675567627,894.0,687.0,855.0
13,1763417830.9142041,767.5710849761963,894.0,676.0,852.0
13,1763417830.9468088,771.2916164398193,894.0,687.0,851.0
13,1763417830.9783728,775.1953105926514,894.0,697.0,852.0
13,1763417831.01195,778.9927463531494,894.0,707.0,866.0
13,1763417831.0609443,784.7991638183594,894.0,714.0,869.0
13,1763417831.0968535,788.7224273681641,894.0,706.0,859.0
13,1763417831.12437,792.4567775726318,894.0,728.0,833.0
13,1763417831.157597,796.2978439331055,894.0,731.0,837.0
13,1763417831.1879218,800.0905303955078,894.0,727.0,838.0
13,1763417831.2124853,802.1221714019775,894.0,732.0,849.0
13,1763417831.241849,805.9354858398438,894.0,742.0,870.0
13,1763417831.2917404,811.7234210968018,894.0,745.0,883.0
13,1763417831.3324304,817.3707084655762,894.0,746.0,877.0
13,1763417831.3571146,819.3326835632324,894.0,745.0,850.0
13,1763417831.386941,823.1428508758545,894.0,744.0,853.0
13,1763417831.416683,826.9720439910889,894.0,735.0,855.0
13,1763417831.4621842,832.7984600067139,894.0,729.0,858.0
13,1763417831.5024087,836.6852169036865,894.0,735.0,875.0
13,1763417831.526647,840.5098609924316,894.0,756.0,882.0
13,1763417831.5617352,844.3199138641357,894.0,757.0,884.0
13,1763417831.5920687,848.0828170776367,894.0,748.0,881.0
13,1763417831.6265554,851.9978694915771,894.0,760.0,883.0
13,1763417831.652489,855.8486633300781,894.0,789.0,880.0
13,1763417831.6870368,859.7272663116455,894.0,806.0,864.0
13,1763417831.7223155,863.5187511444092,894.0,808.0,842.0
13,1763417831.7673135,869.3144969940186,894.0,808.0,841.0
13,1763417831.8019032,873.0580310821533,894.0,805.0,861.0
13,1763417831.8373995,876.9541435241699,894.0,816.0,876.0
13,1763417831.878721,882.7095203399658,894.0,822.0,871.0
13,1763417831.9016204,884.7104339599609,894.0,813.0,856.0
13,1763417831.9371789,890.3702526092529,894.0,811.0,845.0
13,1763417831.9690826,894.1680030822754,894.0,827.0,871.0
13,1763417832.0077744,898.1156425476074,894.0,827.0,888.0
13,1763417832.0371037,901.8760852813721,894.0,830.0,888.0
13,1763417832.066665,905.7334880828857,894.0,828.0,877.0
13,1763417832.0976627,909.6409873962402,894.0,829.0,870.0
13,1763417832.132271,913.4726123809814,894.0,842.0,873.0
13,1763417832.1650758,917.2933368682861,894.0,850.0,873.0
13,1763417832.1956139,921.0895137786865,894.0,851.0,866.0
13,1763417832.2217665,922.9880027770996,894.0,851.0,854.0
13,1763417832.257191,928.7915019989014,894.0,862.0,851.0
13,1763417832.29277,932.5603561401367,894.0,870.0,861.0
13,1763417832.3174393,934.5067958831787,894.0,863.0,862.0
13,1763417832.3618484,940.2506999969482,894.0,855.0,857.0
13,1763417832.397275,944.1548519134521,894.0,869.0,841.0
13,1763417832.427425,948.0035572052002,894.0,881.0,834.0
13,1763417832.4620845,951.8405895233154,894.0,882.0,830.0
13,1763417832.4921513,955.7192497253418,894.0,879.0,829.0
13,1763417832.5169387,959.5080738067627,894.0,897.0,832.0
13,1763417832.5518193,963.2892017364502,894.0,913.0,847.0
13,1763417832.5962589,969.1829948425293,894.0,903.0,844.0
13,1763417832.6367302,972.9551105499268,894.0,895.0,838.0
13,1763417832.66663,976.7607860565186,894.0,897.0,813.0
13,1763417832.6942894,980.6719760894775,894.0,906.0,826.0
13,1763417832.726837,984.4012336730957,894.0,904.0,841.0
13,1763417832.7708242,990.26881980896,894.0,913.0,848.0
13,1763417832.8123956,994.0002517700195,894.0,923.0,859.0
13,1763417832.8500342,999.8044662475586,894.0,913.0,852.0
13,1763417832.8865862,1003.6592082977295,894.0,908.0,844.0
13,1763417832.922416,1007.4424247741699,894.0,914.0,843.0
13,1763417832.967193,1013.2114772796631,894.0,903.0,862.0
13,1763417833.0122073,1019.0643577575684,894.0,912.0,869.0
13,1763417833.0320737,1020.9722595214844,894.0,924.0,850.0
13,1763417833.0621376,1024.7278671264648,894.0,913.0,841.0
13,1763417833.092345,1028.6060981750488,894.0,921.0,845.0
13,1763417833.1324043,1032.5142555236816,894.0,942.0,854.0
13,1763417833.169442,1038.2106666564941,894.0,945.0,863.0
13,1763417833.1921108,1040.153787612915,894.0,942.0,862.0
13,1763417833.226688,1043.9252452850342,894.0,946.0,859.0
13,1763417833.2676198,1049.7187881469727,894.0,955.0,866.0
13,1763417833.313152,1055.4606323242188,894.0,967.0,880.0
13,1763417833.3321695,1057.5105838775635,894.0,956.0,893.0
13,1763417833.3673828,1061.202247619629,894.0,942.0,888.0
13,1763417833.394207,1065.1045970916748,894.0,965.0,890.0
13,1763417833.4273055,1068.9240627288818,894.0,985.0,876.0
13,1763417833.4586227,1072.7839260101318,894.0,998.0,872.0
13,1763417833.5019479,1076.665132522583,894.0,993.0,869.0
13,1763417833.5466707,1082.4265174865723,894.0,992.0,853.0
13,1763417833.5720909,1086.2626914978027,894.0,1007.0,840.0
13,1763417833.597325,1088.1212120056152,894.0,999.0,851.0
13,1763417833.6268518,1091.9612770080566,894.0,996.0,852.0
13,1763417833.656805,1095.777338027954,894.0,994.0,851.0
13,1763417833.701611,1101.5663318634033,894.0,999.0,830.0
13,1763417833.7369275,1105.4408435821533,894.0,1005.0,824.0
13,1763417833.76317,1109.3372993469238,894.0,1013.0,841.0
13,1763417833.7963207,1113.0526237487793,894.0,1024.0,870.0
13,1763417833.8215325,1115.1007442474365,894.0,1027.0,872.0
13,1763417833.8617682,1120.8168678283691,894.0,1043.0,871.0
13,1763417833.8973675,1124.653757095337,894.0,1040.0,876.0
13,1763417833.941803,1130.4826622009277,894.0,1047.0,877.0
13,1763417833.9773784,1134.3040447235107,894.0,1053.0,884.0
13,1763417834.0069277,1138.1217365264893,894.0,1043.0,903.0
13,1763417834.0422323,1141.914852142334,894.0,1033.0,902.0
13,1763417834.0717297,1145.7568054199219,894.0,1040.0,881.0
13,1763417834.10209,1149.5865993499756,894.0,1057.0,862.0
13,1763417834.1318533,1153.3973388671875,894.0,1063.0,853.0
13,1763417834.163363,1157.261064529419,894.0,1064.0,873.0
13,1763417834.2087016,1162.962739944458,894.0,1066.0,874.0
13,1763417834.2445354,1166.8902950286865,894.0,1070.0,861.0
13,1763417834.2731612,1170.6809787750244,894.0,1080.0,847.0
13,1763417834.306555,1174.5689373016357,894.0,1084.0,861.0
13,1763417834.3372502,1178.4034233093262,894.0,1086.0,878.0
13,1763417834.3691077,1182.2213726043701,894.0,1095.0,874.0
13,1763417834.4115813,1186.0691623687744,894.0,1103.0,857.0
13,1763417834.452789,1191.8555812835693,894.0,1109.0,856.0
13,1763417834.4771714,1193.7759284973145,894.0,1134.0,872.0
13,1763417834.507524,1197.583978652954,894.0,1152.0,877.0
13,1763417834.5370505,1201.4847831726074,894.0,1143.0,877.0
13,1763417834.572053,1205.309684753418,894.0,1151.0,877.0
13,1763417834.6025972,1209.1602210998535,894.0,1163.0,877.0
13,1763417834.632082,1212.960117340088,894.0,1172.0,869.0
13,1763417834.661754,1216.7253093719482,894.0,1160.0,874.0
13,1763417834.6972027,1220.6213932037354,894.0,1160.0,885.0
13,1763417834.72933,1224.5050601959229,894.0,1170.0,891.0
13,1763417834.7702267,1230.2151470184326,894.0,1178.0,888.0
13,1763417834.7974093,1232.1958332061768,894.0,1194.0,894.0
13,1763417834.8331332,1237.8899841308594,894.0,1198.0,897.0
13,1763417834.8619905,1239.7710208892822,894.0,1204.0,906.0
13,1763417834.9156284,1247.511775970459,894.0,1208.0,913.0
13,1763417834.9523928,1251.3598518371582,894.0,1196.0,916.0
13,1763417834.981319,1255.2501277923584,894.0,1184.0,903.0
13,1763417835.0169845,1259.1088752746582,894.0,1192.0,894.0
13,1763417835.0619595,1264.8114376068115,894.0,1200.0,895.0
13,1763417835.0894682,1268.6638622283936,894.0,1246.0,887.0
13,1763417835.1117983,1270.495288848877,894.0,1260.0,861.0
13,1763417835.147274,1274.4050769805908,894.0,1270.0,856.0
13,1763417835.1865494,1280.1707820892334,894.0,1286.0,869.0
13,1763417835.2119644,1282.010591506958,894.0,1283.0,904.0
13,1763417835.241634,1285.8493404388428,894.0,1276.0,914.0
13,1763417835.271792,1289.8000984191895,894.0,1248.0,894.0
13,1763417835.3069172,1293.5622291564941,894.0,1218.0,868.0
13,1763417835.3375154,1297.4575119018555,894.0,1206.0,859.0
13,1763417835.3665762,1301.2199001312256,894.0,1221.0,861.0
13,1763417835.410542,1307.0123844146729,894.0,1241.0,863.0
13,1763417835.452444,1310.8341102600098,894.0,1194.0,878.0
13,1763417835.4772952,1314.656837463379,894.0,1171.0,877.0
13,1763417835.50685,1318.4999923706055,894.0,1189.0,882.0
13,1763417835.5375483,1322.3747901916504,894.0,1208.0,893.0
13,1763417835.5722384,1326.1610679626465,894.0,1219.0,891.0
13,1763417835.6025703,1330.0661354064941,894.0,1207.0,870.0
13,1763417835.6489487,1335.783145904541,894.0,1214.0,849.0
13,1763417835.6824665,1339.648645401001,894.0,1215.0,854.0
13,1763417835.707329,1341.620662689209,894.0,1251.0,883.0
13,1763417835.7488146,1347.3245124816895,894.0,1284.0,882.0
13,1763417835.796561,1353.0448989868164,894.0,1297.0,857.0
13,1763417835.822019,1355.0599460601807,894.0,1291.0,858.0
13,1763417835.8587174,1360.8318309783936,894.0,1285.0,882.0
13,1763417835.8966112,1364.6874313354492,894.0,1267.0,890.0
13,1763417835.9323232,1368.4801177978516,894.0,1271.0,860.0
13,1763417835.968933,1374.1648559570312,894.0,1284.0,848.0
13,1763417835.9921203,1376.1548118591309,894.0,1321.0,857.0
13,1763417836.027623,1380.0032596588135,894.0,1322.0,863.0
13,1763417836.0624278,1383.8751106262207,894.0,1342.0,884.0
13,1763417836.1024525,1389.6260814666748,894.0,1319.0,879.0
13,1763417836.1416347,1393.435791015625,894.0,1317.0,865.0
13,1763417836.178342,1399.1828994750977,894.0,1322.0,874.0
13,1763417836.2024055,1401.0955791473389,894.0,1368.0,874.0
13,1763417836.242224,1406.8553047180176,894.0,1365.0,886.0
13,1763417836.273038,1410.646074295044,894.0,1363.0,895.0
13,1763417836.3071563,1414.5861892700195,894.0,1369.0,892.0
13,1763417836.3423955,1418.3790187835693,894.0,1376.0,880.0
13,1763417836.3872118,1424.0894775390625,894.0,1379.0,876.0
13,1763417836.4267688,1427.9479961395264,894.0,1379.0,863.0
13,1763417836.4498656,1431.7973022460938,894.0,1378.0,847.0
13,1763417836.4773183,1433.7745265960693,894.0,1382.0,848.0
13,1763417836.5065866,1437.6113300323486,894.0,1379.0,859.0
13,1763417836.5489016,1443.3447341918945,894.0,1361.0,850.0
13,1763417836.59646,1449.046895980835,894.0,1373.0,855.0
13,1763417836.6370223,1452.8889636993408,894.0,1368.0,851.0
13,1763417836.66764,1456.8168048858643,894.0,1351.0,852.0
13,1763417836.7070131,1462.5618534088135,894.0,1353.0,861.0
13,1763417836.726791,1464.4361381530762,894.0,1335.0,890.0
13,1763417836.770575,1470.2201538085938,894.0,1343.0,893.0
13,1763417836.8066833,1474.0358142852783,894.0,1353.0,882.0
13,1763417836.8366528,1477.9294662475586,894.0,1368.0,872.0
13,1763417836.8618531,1479.8506145477295,894.0,1362.0,872.0
13,1763417836.8915305,1483.640697479248,894.0,1361.0,877.0
13,1763417836.9345512,1489.384515762329,894.0,1370.0,894.0
13,1763417836.9676702,1493.228157043457,894.0,1359.0,897.0
13,1763417837.0022564,1497.1404628753662,894.0,1357.0,897.0
13,1763417837.042074,1502.826602935791,894.0,1377.0,889.0
13,1763417837.0773425,1506.7954998016357,894.0,1389.0,879.0
13,1763417837.1024075,1508.7233142852783,894.0,1380.0,877.0
13,1763417837.131669,1512.4916534423828,894.0,1367.0,897.0
13,1763417837.1713908,1518.182056427002,894.0,1363.0,917.0
13,1763417837.2174013,1523.9344291687012,894.0,1384.0,930.0
13,1763417837.2517614,1527.8699951171875,894.0,1425.0,935.0
13,1763417837.277273,1529.8030166625977,894.0,1435.0,916.0
13,1763417837.313359,1535.4937057495117,894.0,1427.0,906.0
13,1763417837.3495016,1539.3804912567139,894.0,1448.0,903.0
13,1763417837.3774352,1543.1916885375977,894.0,1441.0,901.0
13,1763417837.4173958,1547.0655136108398,894.0,1456.0,902.0
13,1763417837.4476464,1550.8177452087402,894.0,1462.0,913.0
13,1763417837.4825425,1554.7185497283936,894.0,1471.0,894.0
13,1763417837.5123765,1558.4856300354004,894.0,1455.0,888.0
13,1763417837.542326,1562.4096946716309,894.0,1444.0,894.0
13,1763417837.5825164,1566.3011436462402,894.0,1448.0,902.0
13,1763417837.6121435,1570.0033645629883,894.0,1460.0,940.0
13,1763417837.6415226,1573.86594581604,894.0,1459.0,962.0
13,1763417837.6829722,1579.611680984497,894.0,1491.0,959.0
13,1763417837.7128582,1583.447826385498,894.0,1484.0,952.0
13,1763417837.752147,1587.3236827850342,894.0,1482.0,965.0
13,1763417837.7811022,1591.1657218933105,894.0,1493.0,976.0
13,1763417837.812101,1594.9859886169434,894.0,1504.0,961.0
13,1763417837.8579142,1600.7397918701172,894.0,1520.0,942.0
13,1763417837.8985956,1604.6215133666992,894.0,1532.0,942.0
13,1763417837.9230237,1608.504207611084,894.0,1537.0,953.0
13,1763417837.9535491,1612.3514251708984,894.0,1555.0,965.0
13,1763417837.9817142,1614.2280559539795,894.0,1558.0,979.0
13,1763417838.0175874,1620.0295238494873,894.0,1575.0,973.0
13,1763417838.0466783,1623.8891010284424,894.0,1574.0,956.0
13,1763417838.082497,1627.68825340271,894.0,1578.0,945.0
13,1763417838.1308026,1633.4355335235596,894.0,1574.0,946.0
13,1763417838.1676807,1637.2281913757324,894.0,1573.0,950.0
13,1763417838.1928017,1641.0609893798828,894.0,1608.0,954.0
13,1763417838.2271664,1644.881399154663,894.0,1622.0,954.0
13,1763417838.2674637,1648.7856369018555,894.0,1625.0,963.0
13,1763417838.3172112,1654.488857269287,894.0,1635.0,982.0
13,1763417838.3487828,1658.4348945617676,894.0,1653.0,1002.0
13,1763417838.3767993,1662.2537879943848,894.0,1650.0,996.0
13,1763417838.407506,1666.0043601989746,894.0,1652.0,986.0
13,1763417838.4421382,1669.9566059112549,894.0,1639.0,966.0
13,1763417838.4843638,1675.6221466064453,894.0,1642.0,951.0
13,1763417838.5295062,1681.4574604034424,894.0,1647.0,953.0
13,1763417838.5519946,1683.3135776519775,894.0,1671.0,940.0
13,1763417838.581742,1687.1630554199219,894.0,1681.0,946.0
13,1763417838.6272984,1692.8847007751465,894.0,1669.0,962.0
13,1763417838.6670568,1696.8480758666992,894.0,1645.0,957.0
13,1763417838.6923392,1700.6752662658691,894.0,1615.0,952.0
13,1763417838.7223644,1704.4476680755615,894.0,1632.0,953.0
13,1763417838.7625124,1708.3058433532715,894.0,1652.0,955.0
13,1763417838.7867048,1712.1477966308594,894.0,1671.0,938.0
13,1763417838.8181005,1715.9682922363281,894.0,1698.0,945.0
13,1763417838.8573465,1719.8019485473633,894.0,1714.0,987.0
13,1763417838.8818228,1723.6782054901123,894.0,1710.0,987.0
14,1763417838.9183483,1727.5083713531494,894.0,1711.0,990.0
14,1763417838.952118,1727.5083713531494,894.0,1714.0,990.0
14,1763417838.9865477,1727.5083713531494,894.0,1712.0,980.0
14,1763417839.01656,1727.5083713531494,894.0,1706.0,970.0
14,1763417839.0523188,1727.5083713531494,894.0,1705.0,958.0
14,1763417839.091813,1727.5083713531494,894.0,1711.0,958.0
14,1763417839.1172547,1727.5083713531494,894.0,1714.0,944.0
14,1763417839.151773,1727.5083713531494,894.0,1726.0,926.0
14,1763417839.186919,1727.5083713531494,894.0,1738.0,929.0
14,1763417839.216725,1727.5083713531494,894.0,1738.0,940.0
14,1763417839.262417,1727.5083713531494,894.0,1707.0,933.0
14,1763417839.286548,1727.5083713531494,894.0,2223.0,1344.0
14,1763417839.3225763,1727.5083713531494,894.0,1761.0,2127.0
14,1763417839.3623626,1727.5083713531494,894.0,1759.0,2127.0
14,1763417839.3922603,1727.5083713531494,894.0,2002.0,1454.0
14,1763417839.4220784,178.0,944.0,1414.0,1331.0
14,1763417839.4574366,181.93442153930664,944.0,502.0,1100.0
14,1763417839.4875917,185.7897071838379,944.0,510.0,902.0
14,1763417839.5316405,191.5264015197754,944.0,484.0,817.0
14,1763417839.5752103,197.26329612731934,944.0,308.0,874.0
14,1763417839.5973155,199.22467041015625,944.0,278.0,895.0
14,1763417839.6346269,203.08373260498047,944.0,271.0,894.0
14,1763417839.666682,206.81776809692383,944.0,178.0,968.0
14,1763417839.7074199,212.5684814453125,944.0,189.0,972.0
14,1763417839.72777,214.59408569335938,944.0,200.0,951.0
14,1763417839.7567012,218.33681869506836,944.0,215.0,948.0
14,1763417839.7922125,222.28420066833496,944.0,213.0,953.0
14,1763417839.8351674,228.0075340270996,944.0,204.0,952.0
14,1763417839.8804944,233.73052406311035,944.0,194.0,932.0
14,1763417839.921621,237.5572853088379,944.0,221.0,927.0
14,1763417839.952037,241.44919204711914,944.0,238.0,909.0
14,1763417839.986567,245.29168891906738,944.0,242.0,906.0
14,1763417840.0229867,250.9807186126709,944.0,246.0,905.0
14,1763417840.0687044,254.83122634887695,944.0,249.0,903.0
14,1763417840.1035209,260.6383590698242,944.0,256.0,893.0
14,1763417840.1383815,264.7649555206299,944.0,276.0,901.0
14,1763417840.1675427,268.3540802001953,944.0,292.0,910.0
14,1763417840.200202,272.15454864501953,944.0,291.0,924.0
14,1763417840.2271721,274.11964225769043,944.0,284.0,930.0
14,1763417840.2640743,279.86941146850586,944.0,280.0,930.0
14,1763417840.2918572,283.752592086792,944.0,285.0,932.0
14,1763417840.327197,287.46253776550293,944.0,324.0,928.0
14,1763417840.3594434,291.3529281616211,944.0,322.0,914.0
14,1763417840.4020982,295.1852397918701,944.0,336.0,918.0
14,1763417840.4551146,302.8501205444336,944.0,340.0,916.0
14,1763417840.486735,306.6455535888672,944.0,357.0,912.0
14,1763417840.5224278,310.5946807861328,944.0,366.0,902.0
14,1763417840.5576043,314.4388942718506,944.0,359.0,909.0
14,1763417840.5850852,318.2792453765869,944.0,361.0,897.0
14,1763417840.615063,322.008731842041,944.0,355.0,882.0
14,1763417840.6522067,325.90544509887695,944.0,361.0,888.0
14,1763417840.6956544,331.6734390258789,944.0,380.0,895.0
14,1763417840.7366042,335.4446392059326,944.0,391.0,891.0
14,1763417840.7665343,339.36401176452637,944.0,388.0,881.0
14,1763417840.7922394,343.23975372314453,944.0,427.0,878.0
14,1763417840.8167012,345.09821701049805,944.0,435.0,879.0
14,1763417840.8466573,348.96975326538086,944.0,449.0,875.0
14,1763417840.8772438,352.79777336120605,944.0,438.0,874.0
14,1763417840.912258,356.6168956756592,944.0,422.0,875.0
14,1763417840.9532146,362.4465732574463,944.0,413.0,882.0
14,1763417841.0002694,368.1227855682373,944.0,400.0,890.0
14,1763417841.0216908,370.01008796691895,944.0,348.0,891.0
14,1763417841.0473008,373.92273712158203,944.0,377.0,882.0
14,1763417841.078138,377.6937370300293,944.0,386.0,893.0
14,1763417841.1071854,379.67582511901855,944.0,397.0,895.0
14,1763417841.143175,385.38024711608887,944.0,389.0,904.0
14,1763417841.1823404,389.3019371032715,944.0,386.0,902.0
14,1763417841.2088559,393.1116752624512,944.0,393.0,895.0
14,1763417841.2419505,396.9891052246094,944.0,402.0,895.0
14,1763417841.2825525,400.7427387237549,944.0,389.0,898.0
14,1763417841.3194811,406.5609722137451,944.0,379.0,904.0
14,1763417841.3466985,408.40547370910645,944.0,382.0,895.0
14,1763417841.3720558,412.3540859222412,944.0,381.0,869.0
14,1763417841.4072976,416.19183349609375,944.0,397.0,869.0
14,1763417841.434365,420.03667640686035,944.0,414.0,870.0
14,1763417841.4800787,425.7408695220947,944.0,437.0,874.0
14,1763417841.5070071,427.65572357177734,944.0,454.0,881.0
14,1763417841.5466628,433.4192543029785,944.0,447.0,876.0
14,1763417841.5847268,437.20933723449707,944.0,447.0,869.0
14,1763417841.617442,441.04113388061523,944.0,455.0,879.0
14,1763417841.6478908,444.9479179382324,944.0,463.0,905.0
14,1763417841.6816847,448.76927185058594,944.0,452.0,902.0
14,1763417841.7120354,452.65296745300293,944.0,432.0,890.0
14,1763417841.7467883,456.45749855041504,944.0,430.0,888.0
14,1763417841.7708392,460.3353576660156,944.0,442.0,889.0
14,1763417841.8077471,464.17462158203125,944.0,442.0,879.0
14,1763417841.847111,469.9035339355469,944.0,441.0,879.0
14,1763417841.8876646,473.6889820098877,944.0,434.0,895.0
14,1763417841.9126067,477.6762466430664,944.0,450.0,914.0
14,1763417841.942851,481.39200019836426,944.0,479.0,902.0
14,1763417841.976752,485.3172092437744,944.0,504.0,890.0
14,1763417842.0120072,489.0666084289551,944.0,516.0,888.0
14,1763417842.0393465,492.9131679534912,944.0,510.0,887.0
14,1763417842.0671937,494.9038391113281,944.0,487.0,870.0
14,1763417842.106926,500.6604461669922,944.0,485.0,848.0
14,1763417842.1340923,504.41356468200684,944.0,489.0,826.0
14,1763417842.1700456,508.3434658050537,944.0,491.0,830.0
14,1763417842.2146578,514.009578704834,944.0,490.0,835.0
14,1763417842.262851,519.8874645233154,944.0,495.0,848.0
14,1763417842.3029053,523.6945133209229,944.0,519.0,849.0
14,1763417842.3270652,527.5681095123291,944.0,531.0,861.0
14,1763417842.3579402,531.3154773712158,944.0,530.0,871.0
14,1763417842.3877292,533.2054977416992,944.0,519.0,882.0
14,1763417842.422383,539.0041904449463,944.0,502.0,900.0
14,1763417842.4571447,542.810380935669,944.0,496.0,894.0
14,1763417842.4823291,544.8362426757812,944.0,527.0,870.0
14,1763417842.5115426,548.5917358398438,944.0,535.0,844.0
14,1763417842.5375783,552.5347690582275,944.0,542.0,833.0
14,1763417842.5721834,556.2806205749512,944.0,540.0,854.0
14,1763417842.6198976,562.058027267456,944.0,531.0,887.0
14,1763417842.652066,565.8516578674316,944.0,526.0,906.0
14,1763417842.6865315,569.7013645172119,944.0,529.0,908.0
14,1763417842.7317982,575.5518989562988,944.0,535.0,900.0
14,1763417842.7752454,581.2126903533936,944.0,586.0,897.0
14,1763417842.7925882,583.2055072784424,944.0,576.0,885.0
14,1763417842.8275137,587.0441703796387,944.0,566.0,878.0
14,1763417842.8527005,591.0537796020508,944.0,571.0,876.0
14,1763417842.8818915,592.8480129241943,944.0,585.0,881.0
14,1763417842.9123156,596.5990142822266,944.0,579.0,879.0
14,1763417842.9465523,600.4491786956787,944.0,566.0,882.0
14,1763417842.9768739,604.2688159942627,944.0,588.0,899.0
14,1763417843.0158727,610.0983505249023,944.0,582.0,895.0
14,1763417843.0422363,612.0416717529297,944.0,583.0,873.0
14,1763417843.0868218,617.8042011260986,944.0,580.0,873.0
14,1763417843.1270812,623.4672241210938,944.0,583.0,882.0
14,1763417843.1528578,625.4116897583008,944.0,590.0,904.0
14,1763417843.1817424,629.32737159729,944.0,598.0,924.0
14,1763417843.2120154,633.1463508605957,944.0,621.0,922.0
14,1763417843.247341,636.9411544799805,944.0,631.0,903.0
14,1763417843.2772198,640.8233337402344,944.0,625.0,876.0
14,1763417843.3211274,646.5851192474365,944.0,623.0,874.0
14,1763417843.357266,650.3402404785156,944.0,651.0,888.0
14,1763417843.3922403,654.2671375274658,944.0,685.0,916.0
14,1763417843.4141505,658.0081253051758,944.0,670.0,908.0
14,1763417843.4474547,661.9276695251465,944.0,664.0,903.0
14,1763417843.4790027,665.8509044647217,944.0,660.0,903.0
14,1763417843.511585,669.5398788452148,944.0,659.0,908.0
14,1763417843.5419688,673.3688716888428,944.0,664.0,898.0
14,1763417843.586795,677.3005180358887,944.0,666.0,883.0
14,1763417843.62672,683.0986099243164,944.0,662.0,885.0
14,1763417843.652853,687.0720844268799,944.0,632.0,899.0
14,1763417843.690194,690.695255279541,944.0,647.0,896.0
14,1763417843.7395737,696.409833908081,944.0,661.0,883.0
14,1763417843.7691782,700.3436260223389,944.0,643.0,885.0
14,1763417843.8018858,704.1080455780029,944.0,640.0,898.0
14,1763417843.8324425,707.9429035186768,944.0,650.0,916.0
14,1763417843.8716252,711.8447380065918,944.0,649.0,915.0
14,1763417843.912513,717.6066951751709,944.0,648.0,910.0
14,1763417843.9372132,719.5010929107666,944.0,652.0,911.0
14,1763417843.9668891,723.4223537445068,944.0,656.0,921.0
14,1763417844.0022655,727.1466331481934,944.0,654.0,914.0
14,1763417844.0322373,731.0891227722168,944.0,655.0,894.0
14,1763417844.0621042,734.9289588928223,944.0,674.0,886.0
14,1763417844.0921276,738.7601833343506,944.0,708.0,897.0
14,1763417844.1347868,744.4294147491455,944.0,713.0,906.0
14,1763417844.1672037,748.3614044189453,944.0,718.0,913.0
14,1763417844.1996393,752.2074489593506,944.0,701.0,930.0
14,1763417844.2318537,756.0376720428467,944.0,706.0,926.0
14,1763417844.2666411,759.8201446533203,944.0,706.0,918.0
14,1763417844.3068745,763.758171081543,944.0,726.0,898.0
14,1763417844.351992,769.366376876831,944.0,743.0,896.0
14,1763417844.3769941,773.2122783660889,944.0,766.0,898.0
14,1763417844.4023995,775.138032913208,944.0,753.0,902.0
14,1763417844.4319863,779.059980392456,944.0,750.0,907.0
14,1763417844.4621828,782.9538326263428,944.0,750.0,905.0
14,1763417844.4973793,786.7024307250977,944.0,748.0,889.0
14,1763417844.5268402,790.6330184936523,944.0,740.0,880.0
14,1763417844.5525148,794.3982391357422,944.0,754.0,886.0
14,1763417844.5840015,798.2868270874023,944.0,755.0,898.0
14,1763417844.6155715,802.078540802002,944.0,757.0,923.0
14,1763417844.6518855,805.9270172119141,944.0,797.0,923.0
14,1763417844.6866293,809.7464828491211,944.0,821.0,917.0
14,1763417844.7169094,813.6651973724365,944.0,820.0,912.0
14,1763417844.7636616,819.3067626953125,944.0,817.0,901.0
14,1763417844.8071024,825.0448303222656,944.0,820.0,886.0
14,1763417844.846833,829.2957668304443,944.0,810.0,878.0
14,1763417844.8815854,832.7867584228516,944.0,788.0,893.0
14,1763417844.9268193,838.5450534820557,944.0,769.0,915.0
14,1763417844.9515738,842.3730449676514,944.0,772.0,915.0
14,1763417844.9766698,844.3120746612549,944.0,785.0,899.0
14,1763417845.0144422,850.0156955718994,944.0,796.0,899.0
14,1763417845.0424068,851.9351844787598,944.0,789.0,900.0
14,1763417845.072147,855.9237937927246,944.0,817.0,907.0
14,1763417845.1019778,859.6087055206299,944.0,827.0,914.0
14,1763417845.1317492,863.4476833343506,944.0,827.0,915.0
14,1763417845.1621022,867.3692302703857,944.0,820.0,911.0
14,1763417845.196717,871.2419967651367,944.0,818.0,889.0
14,1763417845.2276511,875.053050994873,944.0,822.0,872.0
14,1763417845.2671623,878.8129501342773,944.0,807.0,863.0
14,1763417845.3077629,884.7025947570801,944.0,793.0,857.0
14,1763417845.3267975,886.5933017730713,944.0,806.0,875.0
14,1763417845.371598,892.2948055267334,944.0,825.0,878.0
14,1763417845.4115446,898.1150703430176,944.0,842.0,871.0
14,1763417845.4371758,900.0442008972168,944.0,854.0,866.0
14,1763417845.4640815,903.8981990814209,944.0,860.0,864.0
14,1763417845.4972415,907.7412967681885,944.0,886.0,866.0
14,1763417845.5267277,911.4514141082764,944.0,875.0,876.0
14,1763417845.5583255,915.3678970336914,944.0,864.0,894.0
14,1763417845.5866013,917.2069625854492,944.0,858.0,896.0
14,1763417845.616955,921.1256484985352,944.0,869.0,889.0
14,1763417845.6676037,926.8925266265869,944.0,887.0,885.0
14,1763417845.6921587,930.7309036254883,944.0,892.0,895.0
14,1763417845.7267725,934.542387008667,944.0,895.0,899.0
14,1763417845.7569218,938.4483699798584,944.0,901.0,903.0
14,1763417845.7874284,942.2756462097168,944.0,901.0,906.0
14,1763417845.8267903,946.0774307250977,944.0,894.0,903.0
14,1763417845.8645763,951.847541809082,944.0,916.0,900.0
14,1763417845.9022229,955.6533317565918,944.0,935.0,910.0
14,1763417845.9373565,959.5121650695801,944.0,957.0,924.0
14,1763417845.9676418,963.3508567810059,944.0,961.0,939.0
14,1763417845.997038,967.2075443267822,944.0,961.0,931.0
14,1763417846.027598,971.0972480773926,944.0,943.0,895.0
14,1763417846.0575843,974.8192386627197,944.0,931.0,877.0
14,1763417846.0916958,978.6556987762451,944.0,922.0,874.0
14,1763417846.134801,984.4316177368164,944.0,937.0,901.0
14,1763417846.1785982,988.3254413604736,944.0,946.0,922.0
14,1763417846.214814,994.0075187683105,944.0,950.0,924.0
14,1763417846.257304,997.9455165863037,944.0,992.0,907.0
14,1763417846.2824342,1001.7760257720947,944.0,993.0,906.0
14,1763417846.3166654,1005.664270401001,944.0,977.0,898.0
14,1763417846.352028,1009.3632011413574,944.0,984.0,896.0
14,1763417846.3773293,1013.3537273406982,944.0,1001.0,923.0
14,1763417846.4129028,1017.782247543335,944.0,1002.0,949.0
14,1763417846.4572303,1022.8080062866211,944.0,1006.0,954.0
14,1763417846.4875896,1026.7181663513184,944.0,1008.0,941.0
14,1763417846.512078,1028.5816650390625,944.0,990.0,910.0
14,1763417846.5528636,1034.3346099853516,944.0,1003.0,894.0
14,1763417846.577027,1036.2595920562744,944.0,1022.0,879.0
14,1763417846.6077373,1040.2065448760986,944.0,1041.0,900.0
14,1763417846.6479025,1045.920207977295,944.0,1040.0,936.0
14,1763417846.6951227,1051.6115264892578,944.0,1041.0,956.0
14,1763417846.7167947,1053.549898147583,944.0,1016.0,940.0
14,1763417846.7468717,1057.373140335083,944.0,1002.0,914.0
14,1763417846.7722046,1061.3942794799805,944.0,1000.0,901.0
14,1763417846.8070827,1065.0829677581787,944.0,1010.0,902.0
14,1763417846.8465178,1068.8872413635254,944.0,1012.0,911.0
14,1763417846.8773518,1072.8286151885986,944.0,1050.0,929.0
14,1763417846.9243624,1078.5764961242676,944.0,1072.0,945.0
14,1763417846.9622903,1082.4363594055176,944.0,1064.0,926.0
14,1763417846.9990742,1088.138750076294,944.0,1063.0,916.0
14,1763417847.036543,1091.971118927002,944.0,1058.0,914.0
14,1763417847.067322,1095.7809715270996,944.0,1054.0,907.0
14,1763417847.0969162,1099.7128467559814,944.0,1059.0,908.0
14,1763417847.1438725,1105.456579208374,944.0,1064.0,917.0
14,1763417847.1773777,1109.2274360656738,944.0,1074.0,937.0
14,1763417847.217642,1113.077142715454,944.0,1095.0,956.0
14,1763417847.2666743,1118.814609527588,944.0,1103.0,947.0
14,1763417847.2917914,1122.7017669677734,944.0,1079.0,921.0
14,1763417847.336319,1128.4045581817627,944.0,1058.0,918.0
14,1763417847.3576407,1130.3377513885498,944.0,1069.0,954.0
14,1763417847.3865972,1134.1887741088867,944.0,1077.0,975.0
14,1763417847.4165678,1138.0525569915771,944.0,1070.0,964.0
14,1763417847.4473996,1141.8788890838623,944.0,1069.0,942.0
14,1763417847.4872835,1145.8107643127441,944.0,1073.0,931.0
14,1763417847.5287752,1151.5617351531982,944.0,1076.0,932.0
14,1763417847.5516593,1153.4426002502441,944.0,1073.0,949.0
14,1763417847.5816562,1157.3436336517334,944.0,1080.0,966.0
14,1763417847.616845,1161.096923828125,944.0,1092.0,960.0
14,1763417847.6516004,1166.921766281128,944.0,1103.0,942.0
14,1763417847.676811,1168.7805442810059,944.0,1108.0,945.0
14,1763417847.7121315,1172.709701538086,944.0,1115.0,956.0
14,1763417847.7522793,1178.3899192810059,944.0,1114.0,950.0
14,1763417847.792879,1182.3020820617676,944.0,1121.0,928.0
14,1763417847.8272936,1186.081579208374,944.0,1137.0,918.0
14,1763417847.8666003,1191.840675354004,944.0,1135.0,939.0
14,1763417847.8923771,1195.8149795532227,944.0,1129.0,950.0
14,1763417847.921904,1197.6477508544922,944.0,1154.0,953.0
14,1763417847.9517705,1201.4310245513916,944.0,1166.0,945.0
14,1763417847.9822288,1205.239990234375,944.0,1165.0,934.0
14,1763417848.0176013,1209.044578552246,944.0,1149.0,922.0
14,1763417848.0589597,1214.9139385223389,944.0,1150.0,928.0
14,1763417848.0968702,1218.758810043335,944.0,1160.0,931.0
14,1763417848.1423209,1224.506690979004,944.0,1154.0,950.0
14,1763417848.1833313,1230.2270488739014,944.0,1195.0,952.0
14,1763417848.2087836,1232.0981578826904,944.0,1202.0,946.0
14,1763417848.2372432,1235.9768466949463,944.0,1141.0,938.0
14,1763417848.2672722,1239.887321472168,944.0,1137.0,897.0
14,1763417848.3018537,1243.6383228302002,944.0,1143.0,874.0
14,1763417848.3443375,1249.5487098693848,944.0,1150.0,895.0
14,1763417848.3816874,1253.2079582214355,944.0,1142.0,920.0
14,1763417848.40748,1257.099063873291,944.0,1144.0,940.0
14,1763417848.447336,1260.9416751861572,944.0,1154.0,942.0
14,1763417848.4899073,1266.6995697021484,944.0,1158.0,946.0
14,1763417848.5266433,1270.546272277832,944.0,1163.0,950.0
14,1763417848.5527258,1274.4443016052246,944.0,1162.0,960.0
14,1763417848.5925887,1278.268259048462,944.0,1164.0,944.0
14,1763417848.632241,1284.0456943511963,944.0,1163.0,922.0
14,1763417848.6573975,1285.932710647583,944.0,1172.0,921.0
14,1763417848.6866515,1289.8093395233154,944.0,1181.0,937.0
14,1763417848.7277093,1295.5246620178223,944.0,1191.0,943.0
14,1763417848.7615316,1299.288251876831,944.0,1194.0,932.0
14,1763417848.7968564,1303.1345252990723,944.0,1226.0,957.0
14,1763417848.826346,1307.097900390625,944.0,1216.0,951.0
14,1763417848.8666384,1310.9149055480957,944.0,1209.0,948.0
14,1763417848.8870237,1314.755027770996,944.0,1209.0,952.0
14,1763417848.9335818,1320.4041175842285,944.0,1226.0,975.0
14,1763417848.9771051,1324.2703895568848,944.0,1244.0,980.0
14,1763417849.017714,1330.088680267334,944.0,1240.0,978.0
14,1763417849.052463,1333.975694656372,944.0,1245.0,976.0
14,1763417849.097587,1339.6194915771484,944.0,1260.0,979.0
14,1763417849.1286592,1343.5205535888672,944.0,1259.0,970.0
14,1763417849.1674573,1347.4406986236572,944.0,1240.0,963.0
14,1763417849.1970937,1351.2183074951172,944.0,1249.0,988.0
14,1763417849.2323472,1355.0180892944336,944.0,1278.0,998.0
14,1763417849.271687,1360.7964687347412,944.0,1282.0,988.0
14,1763417849.3025415,1364.641025543213,944.0,1298.0,981.0
14,1763417849.3415408,1368.4846382141113,944.0,1309.0,973.0
14,1763417849.3830614,1374.2823009490967,944.0,1310.0,954.0
14,1763417849.4071922,1376.1571292877197,944.0,1313.0,944.0
14,1763417849.4465895,1381.9229774475098,944.0,1323.0,950.0
14,1763417849.4873664,1385.6825046539307,944.0,1360.0,960.0
14,1763417849.5078619,1387.6923160552979,944.0,1384.0,982.0
14,1763417849.5472217,1393.4571628570557,944.0,1390.0,977.0
14,1763417849.5773115,1397.324893951416,944.0,1385.0,968.0
14,1763417849.6077,1401.1381225585938,944.0,1384.0,971.0
14,1763417849.6471066,1404.8982219696045,944.0,1400.0,987.0
14,1763417849.673551,1408.8252048492432,944.0,1413.0,1005.0
14,1763417849.7117682,1412.6428394317627,944.0,1401.0,1015.0
14,1763417849.7415414,1416.4782695770264,944.0,1362.0,1013.0
14,1763417849.7771182,1420.3113250732422,944.0,1364.0,1008.0
14,1763417849.816561,1426.0222129821777,944.0,1372.0,1008.0
14,1763417849.8521655,1429.8503761291504,944.0,1374.0,1011.0
14,1763417849.8926344,1435.8458499908447,944.0,1384.0,1012.0
14,1763417849.916536,1437.5515632629395,944.0,1392.0,997.0
14,1763417849.946887,1441.4722805023193,944.0,1371.0,982.0
14,1763417849.976911,1445.2827339172363,944.0,1365.0,979.0
14,1763417850.0175004,1449.156415939331,944.0,1374.0,978.0
14,1763417850.0550601,1454.8737125396729,944.0,1405.0,986.0
14,1763417850.0972066,1458.7118320465088,944.0,1400.0,990.0
14,1763417850.1357925,1464.4838886260986,944.0,1380.0,992.0
14,1763417850.1619875,1466.346929550171,944.0,1362.0,987.0
14,1763417850.201456,1472.1845607757568,944.0,1358.0,994.0
14,1763417850.2484396,1477.92600440979,944.0,1383.0,1002.0
14,1763417850.2823117,1481.6903953552246,944.0,1405.0,1020.0
14,1763417850.309499,1483.671682357788,944.0,1413.0,1036.0
14,1763417850.3521774,1489.3813972473145,944.0,1422.0,1042.0
14,1763417850.3944786,1495.176113128662,944.0,1435.0,1036.0
14,1763417850.417386,1497.0556335449219,944.0,1440.0,1014.0
14,1763417850.4471815,1500.9899406433105,944.0,1437.0,998.0
14,1763417850.4915824,1506.7520694732666,944.0,1430.0,995.0
14,1763417850.5277421,1510.5528240203857,944.0,1464.0,1006.0
14,1763417850.5520089,1514.4166069030762,944.0,1488.0,1028.0
14,1763417850.598447,1520.1621990203857,944.0,1493.0,1025.0
14,1763417850.6322126,1523.9490203857422,944.0,1488.0,1023.0
14,1763417850.6573174,1525.9594326019287,944.0,1486.0,1010.0
14,1763417850.687398,1529.7911434173584,944.0,1485.0,1003.0
14,1763417850.7171078,1533.5337047576904,944.0,1494.0,995.0
14,1763417850.7473445,1537.4732761383057,944.0,1498.0,990.0
14,1763417850.7817183,1541.2909965515137,944.0,1496.0,992.0
14,1763417850.8177593,1545.095127105713,944.0,1500.0,1006.0
14,1763417850.8536463,1550.807960510254,944.0,1500.0,1005.0
14,1763417850.8933194,1554.7068195343018,944.0,1520.0,1009.0
14,1763417850.9368043,1560.5421333312988,944.0,1544.0,1008.0
14,1763417850.961557,1562.4326972961426,944.0,1554.0,1004.0
14,1763417850.9876149,1566.2830047607422,944.0,1537.0,1000.0
14,1763417851.0168688,1570.1112251281738,944.0,1524.0,991.0
14,1763417851.0516453,1573.853214263916,944.0,1520.0,991.0
14,1763417851.092641,1579.8466567993164,944.0,1521.0,997.0
14,1763417851.136512,1583.567102432251,944.0,1534.0,995.0
14,1763417851.161529,1587.2895793914795,944.0,1580.0,994.0
14,1763417851.1922634,1591.1295013427734,944.0,1593.0,991.0
14,1763417851.2322555,1595.2114086151123,944.0,1581.0,1001.0
14,1763417851.255163,1598.8660507202148,944.0,1602.0,1003.0
14,1763417851.2918055,1602.7598457336426,944.0,1611.0,1002.0
14,1763417851.330108,1606.4853267669678,944.0,1634.0,999.0
14,1763417851.3727612,1612.3429851531982,944.0,1652.0,1025.0
14,1763417851.4106271,1616.1387329101562,944.0,1653.0,1040.0
14,1763417851.4373517,1619.9889831542969,944.0,1642.0,1032.0
14,1763417851.4671228,1623.8087062835693,944.0,1638.0,1020.0
14,1763417851.4969442,1627.6803569793701,944.0,1636.0,1023.0
14,1763417851.5275981,1631.5509204864502,944.0,1633.0,1028.0
14,1763417851.5519128,1633.3982830047607,944.0,1635.0,1030.0
14,1763417851.5867612,1637.2965984344482,944.0,1645.0,1025.0
14,1763417851.6274564,1642.9946689605713,944.0,1657.0,1022.0
14,1763417851.6665692,1646.9370155334473,944.0,1677.0,1021.0
14,1763417851.6924093,1650.7248096466064,944.0,1719.0,1027.0
14,1763417851.7226043,1654.5086841583252,944.0,1725.0,1024.0
14,1763417851.752446,1658.3393650054932,944.0,1720.0,1036.0
14,1763417851.7867405,1662.1899585723877,944.0,1713.0,1028.0
14,1763417851.8223495,1666.0638408660889,944.0,1721.0,1028.0
14,1763417851.8573878,1669.888771057129,944.0,1731.0,1022.0
14,1763417851.8870058,1673.7203674316406,944.0,1726.0,1014.0
14,1763417851.9223332,1677.5288467407227,944.0,1711.0,1005.0
14,1763417851.9666805,1683.4045867919922,944.0,1717.0,992.0
14,1763417851.9975538,1687.1723537445068,944.0,1718.0,982.0
14,1763417852.0320332,1690.9899597167969,944.0,1715.0,979.0
14,1763417852.0620239,1694.8279933929443,944.0,1709.0,988.0
14,1763417852.110112,1700.6193046569824,944.0,1720.0,981.0
14,1763417852.1465554,1704.5052032470703,944.0,1726.0,980.0
14,1763417852.172163,1708.3447246551514,944.0,1738.0,1010.0
14,1763417852.2018974,1712.1386985778809,944.0,1752.0,1027.0
14,1763417852.2371054,1715.9859733581543,944.0,1756.0,1026.0
14,1763417852.2717376,1719.889238357544,944.0,1769.0,1021.0
14,1763417852.3072503,1723.6586933135986,944.0,1769.0,1034.0
