line_idx,timestamp,dot_x,dot_y,gaze_x,gaze_y
0,1763497299.4306562,178.0,178.0,135.0,257.0
0,1763497299.469554,185.0469856262207,178.0,142.0,252.0
0,1763497299.5012126,189.96004152297974,178.0,138.0,240.0
0,1763497299.5412357,194.6820526123047,178.0,125.0,220.0
0,1763497299.5768845,199.55340909957886,178.0,123.0,196.0
0,1763497299.6151783,206.76468896865845,178.0,142.0,201.0
0,1763497299.6558075,211.44711065292358,178.0,145.0,218.0
0,1763497299.6861537,216.31653594970703,178.0,144.0,216.0
0,1763497299.7276645,223.51622867584229,178.0,144.0,200.0
0,1763497299.765601,228.37481784820557,178.0,137.0,200.0
0,1763497299.796581,233.15923500061035,178.0,136.0,199.0
0,1763497299.8374197,240.2482419013977,178.0,133.0,206.0
0,1763497299.8726997,245.05390214920044,178.0,145.0,207.0
0,1763497299.9114525,249.95998430252075,178.0,185.0,226.0
0,1763497299.9560156,257.1420817375183,178.0,194.0,245.0
0,1763497299.9988654,264.36122941970825,178.0,188.0,246.0
0,1763497300.0361538,269.10080003738403,178.0,191.0,244.0
0,1763497300.0782204,276.2274293899536,178.0,194.0,234.0
0,1763497300.1162643,281.0879855155945,178.0,189.0,227.0
0,1763497300.1413338,285.83073902130127,178.0,195.0,240.0
0,1763497300.1764586,290.7203345298767,178.0,196.0,250.0
0,1763497300.211259,295.4912691116333,178.0,195.0,260.0
0,1763497300.2532375,302.63860511779785,178.0,210.0,246.0
0,1763497300.2879887,307.52051162719727,178.0,217.0,242.0
0,1763497300.3164244,312.22417640686035,178.0,250.0,231.0
0,1763497300.357641,317.08644914627075,178.0,256.0,228.0
0,1763497300.3906372,321.8730478286743,178.0,263.0,224.0
0,1763497300.4408205,329.14498138427734,178.0,277.0,219.0
0,1763497300.4859653,336.26170444488525,178.0,301.0,189.0
0,1763497300.531266,343.4253125190735,178.0,325.0,193.0
0,1763497300.5607827,348.3042507171631,178.0,333.0,198.0
0,1763497300.5961165,353.1747488975525,178.0,320.0,213.0
0,1763497300.6311376,358.0204277038574,178.0,315.0,210.0
0,1763497300.6658866,365.16336488723755,178.0,325.0,188.0
0,1763497300.6968472,367.5745635032654,178.0,335.0,186.0
0,1763497300.7406814,374.7349171638489,178.0,341.0,198.0
0,1763497300.7715528,379.5501618385315,178.0,347.0,205.0
0,1763497300.806449,384.4319610595703,178.0,342.0,205.0
0,1763497300.8414798,389.06345653533936,178.0,339.0,203.0
0,1763497300.8870292,396.3314919471741,178.0,340.0,206.0
0,1763497300.9463725,405.93211936950684,178.0,349.0,203.0
0,1763497300.9735112,410.7007293701172,178.0,353.0,166.0
0,1763497300.996,413.1715087890625,178.0,339.0,163.0
0,1763497301.0218806,417.93149995803833,178.0,350.0,173.0
0,1763497301.0606976,422.76855993270874,178.0,360.0,175.0
0,1763497301.092049,427.51889514923096,178.0,358.0,180.0
0,1763497301.1260846,432.2534589767456,178.0,364.0,185.0
0,1763497301.1556861,437.0307950973511,178.0,379.0,178.0
0,1763497301.1910381,441.82758617401123,178.0,397.0,169.0
0,1763497301.2314458,449.03976011276245,178.0,409.0,164.0
0,1763497301.2559283,451.51869344711304,178.0,421.0,169.0
0,1763497301.2964232,458.647611618042,178.0,428.0,168.0
0,1763497301.3309708,463.44068336486816,178.0,446.0,171.0
0,1763497301.3663676,468.30892848968506,178.0,463.0,186.0
0,1763497301.401513,473.0206756591797,178.0,459.0,193.0
0,1763497301.4408355,480.2273778915405,178.0,466.0,195.0
0,1763497301.4759738,485.144296169281,178.0,469.0,184.0
0,1763497301.510992,489.93021535873413,178.0,470.0,175.0
0,1763497301.5556893,497.1526174545288,178.0,481.0,190.0
0,1763497301.5976768,504.3137936592102,178.0,480.0,210.0
0,1763497301.6356785,509.10257387161255,178.0,476.0,206.0
0,1763497301.6706858,513.8681797981262,178.0,481.0,205.0
0,1763497301.7149575,521.1523084640503,178.0,488.0,199.0
0,1763497301.7420197,525.9123711585999,178.0,494.0,194.0
0,1763497301.7810686,530.6314496994019,178.0,498.0,191.0
0,1763497301.8167737,535.5029134750366,178.0,493.0,199.0
0,1763497301.8524702,542.6871209144592,178.0,489.0,202.0
0,1763497301.886299,547.5804357528687,178.0,479.0,196.0
0,1763497301.9260697,552.3436098098755,178.0,477.0,175.0
0,1763497301.9558797,557.1120409965515,178.0,478.0,175.0
0,1763497301.997057,564.2291932106018,178.0,488.0,201.0
0,1763497302.0363433,569.2312984466553,178.0,499.0,218.0
0,1763497302.070837,573.9027409553528,178.0,511.0,213.0
0,1763497302.1141717,581.1389474868774,178.0,525.0,187.0
0,1763497302.1423054,585.8210830688477,178.0,538.0,183.0
0,1763497302.1814966,590.7027750015259,178.0,536.0,192.0
0,1763497302.2208166,597.9030756950378,178.0,539.0,195.0
0,1763497302.25617,602.774968624115,178.0,546.0,194.0
0,1763497302.2910335,607.4780611991882,178.0,543.0,182.0
0,1763497302.3327458,614.6669178009033,178.0,535.0,171.0
0,1763497302.3655856,619.4345979690552,178.0,528.0,171.0
0,1763497302.4147544,626.6688017845154,178.0,532.0,182.0
0,1763497302.4472537,631.5642623901367,178.0,542.0,194.0
0,1763497302.4799223,636.3064794540405,178.0,543.0,207.0
0,1763497302.5161529,641.1150722503662,178.0,552.0,194.0
0,1763497302.550661,645.9338932037354,178.0,568.0,167.0
0,1763497302.5860364,653.1858353614807,178.0,580.0,169.0
0,1763497302.6156528,655.4510502815247,178.0,586.0,193.0
0,1763497302.6606884,662.635329246521,178.0,590.0,202.0
0,1763497302.70608,670.0231342315674,178.0,596.0,193.0
0,1763497302.7484643,677.0242004394531,178.0,603.0,178.0
0,1763497302.7761967,679.5768766403198,178.0,614.0,166.0
0,1763497302.8137817,686.6676716804504,178.0,622.0,164.0
0,1763497302.847451,691.5544776916504,178.0,629.0,173.0
0,1763497302.8811255,696.2738423347473,178.0,636.0,166.0
0,1763497302.9158282,701.1597542762756,178.0,627.0,170.0
0,1763497302.9740696,710.7125310897827,178.0,610.0,162.0
0,1763497303.010909,715.489902973175,178.0,596.0,152.0
0,1763497303.0375063,720.2779679298401,178.0,615.0,157.0
0,1763497303.0715778,725.0307350158691,178.0,644.0,149.0
0,1763497303.1066678,729.8330335617065,178.0,660.0,154.0
0,1763497303.1409483,734.6634058952332,178.0,680.0,152.0
0,1763497303.1763868,739.5054368972778,178.0,684.0,141.0
0,1763497303.2147067,746.7383532524109,178.0,672.0,160.0
0,1763497303.2476408,751.4331846237183,178.0,667.0,172.0
0,1763497303.2814867,756.2238602638245,178.0,664.0,150.0
0,1763497303.316438,761.12908411026,178.0,664.0,125.0
0,1763497303.358109,768.3491973876953,178.0,679.0,127.0
0,1763497303.3912356,773.0266480445862,178.0,707.0,142.0
0,1763497303.4260285,777.9198198318481,178.0,702.0,160.0
0,1763497303.456709,782.6660780906677,178.0,690.0,183.0
0,1763497303.4907067,787.4773173332214,178.0,694.0,183.0
0,1763497303.5263486,792.2925977706909,178.0,714.0,167.0
0,1763497303.561203,797.0212965011597,178.0,736.0,149.0
0,1763497303.5984182,804.2457370758057,178.0,733.0,143.0
0,1763497303.6358995,809.0947060585022,178.0,736.0,148.0
0,1763497303.6643188,813.9007954597473,178.0,725.0,177.0
0,1763497303.7011979,818.7793045043945,178.0,731.0,181.0
0,1763497303.7364762,823.55424451828,178.0,742.0,193.0
0,1763497303.780734,830.7653455734253,178.0,741.0,203.0
0,1763497303.8269274,837.975802898407,178.0,755.0,162.0
0,1763497303.8719392,845.1670198440552,178.0,782.0,141.0
0,1763497303.895625,847.5733547210693,178.0,787.0,165.0
0,1763497303.934063,854.7783045768738,178.0,776.0,174.0
0,1763497303.9660342,859.561541557312,178.0,773.0,172.0
0,1763497304.000907,864.2919569015503,178.0,776.0,178.0
0,1763497304.0406952,869.0927176475525,178.0,788.0,173.0
0,1763497304.071302,874.0997223854065,178.0,798.0,149.0
0,1763497304.117346,881.1708121299744,178.0,807.0,130.0
0,1763497304.145855,885.8701138496399,178.0,816.0,130.0
0,1763497304.1734145,890.7730846405029,178.0,804.0,126.0
0,1763497304.2067173,895.4842953681946,178.0,810.0,115.0
0,1763497304.241024,900.2879886627197,178.0,834.0,116.0
0,1763497304.276599,905.1987557411194,178.0,860.0,103.0
0,1763497304.3066235,909.9064259529114,178.0,873.0,102.0
0,1763497304.3509495,917.0967130661011,178.0,879.0,110.0
0,1763497304.3824756,921.9735770225525,178.0,874.0,103.0
0,1763497304.4316359,929.02299451828,178.0,886.0,87.0
0,1763497304.4568715,931.445565700531,178.0,899.0,92.0
0,1763497304.501282,938.8320116996765,178.0,906.0,101.0
0,1763497304.52657,943.4746651649475,178.0,929.0,109.0
0,1763497304.5663311,948.2462434768677,178.0,938.0,122.0
0,1763497304.5959184,953.0852704048157,178.0,943.0,132.0
0,1763497304.6259487,958.0079107284546,178.0,952.0,117.0
0,1763497304.6613643,962.6764922142029,178.0,960.0,119.0
0,1763497304.6978626,967.5105123519897,178.0,945.0,137.0
0,1763497304.7345533,974.6225862503052,178.0,938.0,152.0
0,1763497304.7668238,979.5608549118042,178.0,951.0,148.0
0,1763497304.7995439,984.2777876853943,178.0,954.0,144.0
0,1763497304.84161,989.1659169197083,178.0,970.0,149.0
0,1763497304.895838,998.7112193107605,178.0,971.0,172.0
0,1763497304.9295106,1003.4382014274597,178.0,976.0,166.0
0,1763497304.9746206,1010.6677918434143,178.0,969.0,166.0
0,1763497305.0008597,1013.129702091217,178.0,925.0,203.0
0,1763497305.0381083,1020.2507166862488,178.0,905.0,218.0
0,1763497305.0764632,1025.0674633979797,178.0,915.0,221.0
0,1763497305.1179075,1032.3351769447327,178.0,929.0,227.0
0,1763497305.151195,1037.1030716896057,178.0,952.0,230.0
0,1763497305.1820288,1041.9368414878845,178.0,936.0,237.0
0,1763497305.216371,1046.6519503593445,178.0,934.0,236.0
0,1763497305.2508597,1051.535430431366,178.0,964.0,212.0
0,1763497305.285706,1056.2987475395203,178.0,957.0,217.0
0,1763497305.321444,1061.0367803573608,178.0,966.0,220.0
0,1763497305.3572226,1068.2959823608398,178.0,966.0,219.0
0,1763497305.3964956,1073.155143737793,178.0,953.0,224.0
0,1763497305.4313252,1077.8250842094421,178.0,929.0,245.0
0,1763497305.4657393,1085.1412563323975,178.0,942.0,238.0
0,1763497305.500643,1089.909008026123,178.0,936.0,241.0
0,1763497305.5340421,1094.7762517929077,178.0,934.0,246.0
0,1763497305.5661767,1099.5708255767822,178.0,961.0,218.0
0,1763497305.6012206,1104.2707352638245,178.0,978.0,212.0
0,1763497305.6363819,1109.1429858207703,178.0,978.0,237.0
0,1763497305.671101,1113.8349561691284,178.0,974.0,249.0
0,1763497305.7107592,1121.0648684501648,178.0,982.0,260.0
0,1763497305.7419198,1125.869884967804,178.0,992.0,256.0
0,1763497305.785863,1133.1598072052002,178.0,1014.0,252.0
0,1763497305.8160114,1135.4891090393066,178.0,1031.0,248.0
0,1763497305.8468423,1140.32248544693,178.0,1035.0,261.0
0,1763497305.8814275,1145.1319723129272,178.0,1041.0,262.0
0,1763497305.9114528,1149.9434261322021,178.0,1071.0,273.0
0,1763497305.95044,1157.0314674377441,178.0,1076.0,269.0
0,1763497306.00135,1164.317491531372,178.0,1072.0,258.0
0,1763497306.0409079,1169.123366355896,178.0,1078.0,253.0
0,1763497306.0960746,1178.6412744522095,178.0,1089.0,275.0
0,1763497306.1281013,1183.5358052253723,178.0,1109.0,258.0
0,1763497306.1572802,1188.2406859397888,178.0,1196.0,215.0
0,1763497306.1905856,1193.1015281677246,178.0,1158.0,209.0
0,1763497306.2263474,1197.9002146720886,178.0,1132.0,226.0
0,1763497306.2658446,1205.1570563316345,178.0,1136.0,253.0
0,1763497306.2960973,1207.442834854126,178.0,1135.0,255.0
0,1763497306.3339758,1214.7220997810364,178.0,1148.0,240.0
0,1763497306.360803,1217.0578031539917,178.0,1192.0,221.0
0,1763497306.4003322,1224.3794827461243,178.0,1193.0,226.0
0,1763497306.4342124,1229.101565361023,178.0,1187.0,239.0
0,1763497306.4618504,1233.9085488319397,178.0,1167.0,226.0
0,1763497306.495955,1238.7593774795532,178.0,1160.0,215.0
0,1763497306.531047,1243.4226660728455,178.0,1161.0,213.0
0,1763497306.5612044,1248.395839214325,178.0,1165.0,213.0
0,1763497306.605963,1255.5669574737549,178.0,1167.0,219.0
0,1763497306.6412928,1260.3226571083069,178.0,1197.0,214.0
0,1763497306.6807256,1265.0757818222046,178.0,1211.0,218.0
0,1763497306.7190053,1272.2631006240845,178.0,1221.0,217.0
0,1763497306.751161,1277.237060546875,178.0,1247.0,212.0
0,1763497306.7845337,1281.8249611854553,178.0,1258.0,202.0
0,1763497306.813985,1286.7360501289368,178.0,1267.0,234.0
0,1763497306.8412094,1289.0965013504028,178.0,1259.0,257.0
0,1763497306.8781939,1296.2341814041138,178.0,1264.0,258.0
0,1763497306.9159582,1301.076069355011,178.0,1247.0,249.0
0,1763497306.9458306,1305.9306530952454,178.0,1261.0,221.0
0,1763497306.9808722,1310.7143907546997,178.0,1268.0,202.0
0,1763497307.0156748,1315.4369740486145,178.0,1243.0,236.0
0,1763497307.058162,1322.7017550468445,178.0,1254.0,260.0
0,1763497307.0915058,1327.4900345802307,178.0,1288.0,283.0
0,1763497307.135887,1334.688904762268,178.0,1292.0,262.0
0,1763497307.185702,1341.8920307159424,178.0,1288.0,241.0
0,1763497307.2168965,1346.6293482780457,178.0,1315.0,248.0
0,1763497307.2467186,1351.4595775604248,178.0,1344.0,239.0
0,1763497307.2810066,1356.3358335494995,178.0,1355.0,227.0
0,1763497307.3163188,1361.0784797668457,178.0,1339.0,217.0
0,1763497307.3512764,1365.9605650901794,178.0,1331.0,219.0
0,1763497307.3813353,1370.7768468856812,178.0,1335.0,247.0
0,1763497307.4158204,1375.455370426178,178.0,1343.0,249.0
0,1763497307.454218,1382.7979354858398,178.0,1319.0,246.0
0,1763497307.4965308,1387.4987392425537,178.0,1291.0,237.0
0,1763497307.5337577,1394.6661381721497,178.0,1300.0,228.0
0,1763497307.5675545,1399.5309143066406,178.0,1327.0,223.0
0,1763497307.601689,1404.354992389679,178.0,1338.0,203.0
0,1763497307.6364639,1409.0883045196533,178.0,1344.0,176.0
0,1763497307.6715863,1413.9238982200623,178.0,1347.0,168.0
0,1763497307.70887,1421.1023120880127,178.0,1368.0,167.0
0,1763497307.7425668,1425.887945175171,178.0,1378.0,209.0
0,1763497307.7763238,1430.813696861267,178.0,1366.0,241.0
0,1763497307.826162,1437.934425354004,178.0,1383.0,203.0
0,1763497307.8706744,1445.1221017837524,178.0,1375.0,163.0
0,1763497307.8959584,1447.5462822914124,178.0,1360.0,165.0
0,1763497307.936677,1454.7858862876892,178.0,1357.0,191.0
0,1763497307.967279,1459.5097212791443,178.0,1354.0,224.0
0,1763497308.0062091,1464.3776445388794,178.0,1343.0,250.0
0,1763497308.0306027,1469.0550951957703,178.0,1355.0,269.0
0,1763497308.0711808,1473.927095413208,178.0,1376.0,270.0
0,1763497308.1086776,1481.1119465827942,178.0,1407.0,235.0
0,1763497308.1457746,1485.9489707946777,178.0,1486.0,174.0
0,1763497308.1919177,1493.1093244552612,178.0,1520.0,178.0
0,1763497308.241121,1500.4165558815002,178.0,1536.0,183.0
0,1763497308.281148,1505.0432591438293,178.0,1520.0,138.0
0,1763497308.3181355,1512.3212366104126,178.0,1488.0,174.0
0,1763497308.3456442,1517.127004146576,178.0,1485.0,195.0
0,1763497308.3806229,1521.8230514526367,178.0,1491.0,205.0
0,1763497308.4310393,1529.1581778526306,178.0,1479.0,199.0
0,1763497308.4711685,1533.8258652687073,178.0,1470.0,188.0
0,1763497308.5007713,1538.6529831886292,178.0,1476.0,206.0
0,1763497308.5360184,1543.4239892959595,178.0,1464.0,225.0
0,1763497308.566258,1548.274567604065,178.0,1458.0,204.0
0,1763497308.6013727,1553.1711010932922,178.0,1473.0,195.0
0,1763497308.63089,1557.840898513794,178.0,1583.0,139.0
0,1763497308.6695724,1565.086045742035,178.0,1599.0,137.0
0,1763497308.701798,1569.926395893097,178.0,1587.0,156.0
0,1763497308.7259486,1572.245684146881,178.0,1554.0,223.0
0,1763497308.7611105,1577.2409944534302,178.0,1548.0,235.0
0,1763497308.7983172,1584.3639044761658,178.0,1582.0,204.0
0,1763497308.8257606,1589.144459247589,178.0,1578.0,223.0
0,1763497308.862627,1593.9626007080078,178.0,1578.0,230.0
0,1763497308.9011326,1598.7403302192688,178.0,1566.0,248.0
0,1763497308.9365213,1603.4814743995667,178.0,1595.0,257.0
0,1763497308.9733677,1610.6872825622559,178.0,1597.0,263.0
0,1763497309.0270038,1617.8908019065857,178.0,1606.0,258.0
0,1763497309.0714035,1625.1718192100525,178.0,1615.0,265.0
0,1763497309.1026964,1629.8229842185974,178.0,1614.0,269.0
0,1763497309.1406267,1634.6275715827942,178.0,1654.0,237.0
0,1763497309.16957,1639.4951014518738,178.0,1675.0,227.0
0,1763497309.2068179,1644.2573456764221,178.0,1669.0,209.0
0,1763497309.2510116,1651.4578609466553,178.0,1668.0,217.0
0,1763497309.295659,1658.7924151420593,178.0,1780.0,211.0
0,1763497309.336506,1663.4321718215942,178.0,1824.0,239.0
0,1763497309.3815923,1670.7647590637207,178.0,1845.0,243.0
0,1763497309.4057283,1675.4796175956726,178.0,1832.0,254.0
0,1763497309.4413548,1680.259385585785,178.0,1843.0,223.0
0,1763497309.481471,1685.1075677871704,178.0,1882.0,208.0
0,1763497309.5196915,1692.2374157905579,178.0,1889.0,179.0
0,1763497309.5562415,1697.1408514976501,178.0,1907.0,188.0
0,1763497309.5860531,1701.9693641662598,178.0,1913.0,189.0
0,1763497309.6211703,1706.705072402954,178.0,1885.0,243.0
0,1763497309.6507692,1711.4343791007996,178.0,1876.0,242.0
0,1763497309.6814067,1716.4072303771973,178.0,1864.0,261.0
0,1763497309.726335,1723.462155342102,178.0,1868.0,248.0
1,1763497309.7711291,1728.2564072608948,178.0,1869.0,235.0
1,1763497309.8011408,1728.2564072608948,178.0,1874.0,164.0
1,1763497309.8262308,1728.2564072608948,178.0,1879.0,175.0
1,1763497309.855616,1728.2564072608948,178.0,1861.0,196.0
1,1763497309.8860471,1728.2564072608948,178.0,1853.0,188.0
1,1763497309.9156334,1728.2564072608948,178.0,1852.0,203.0
1,1763497309.9467626,1728.2564072608948,178.0,1852.0,181.0
1,1763497309.9915497,1728.2564072608948,178.0,1869.0,170.0
1,1763497310.0313418,1728.2564072608948,178.0,1867.0,167.0
1,1763497310.0513186,1728.2564072608948,178.0,1859.0,182.0
1,1763497310.0806615,1728.2564072608948,178.0,1860.0,155.0
1,1763497310.1256802,1728.2564072608948,178.0,1861.0,150.0
1,1763497310.1608102,1728.2564072608948,178.0,1854.0,150.0
1,1763497310.1861238,1728.2564072608948,178.0,1862.0,156.0
1,1763497310.2157075,1728.2564072608948,178.0,1886.0,131.0
1,1763497310.246078,1728.2564072608948,178.0,1884.0,133.0
1,1763497310.2861176,180.4667739868164,270.0,1875.0,99.0
1,1763497310.3157434,185.24765062332153,270.0,1866.0,94.0
1,1763497310.3611472,192.4289255142212,270.0,1851.0,70.0
1,1763497310.406156,199.66162729263306,270.0,1845.0,79.0
1,1763497310.454842,206.979229927063,270.0,1855.0,68.0
1,1763497310.5042374,214.06276512145996,270.0,1863.0,65.0
1,1763497310.5259538,216.54026794433594,270.0,1847.0,95.0
1,1763497310.570705,223.73774337768555,270.0,1860.0,73.0
1,1763497310.6059322,228.52334070205688,270.0,1852.0,68.0
1,1763497310.6363404,233.33998012542725,270.0,1148.0,212.0
1,1763497310.676321,240.49189376831055,270.0,513.0,328.0
1,1763497310.7067783,245.26661920547485,270.0,243.0,332.0
1,1763497310.741631,250.0961332321167,270.0,246.0,312.0
1,1763497310.7807674,254.92800760269165,270.0,251.0,306.0
1,1763497310.8116434,259.74328804016113,270.0,229.0,300.0
1,1763497310.8533056,266.93604278564453,270.0,218.0,292.0
1,1763497310.883033,271.6529040336609,270.0,217.0,299.0
1,1763497310.9213784,276.4363913536072,270.0,217.0,306.0
1,1763497310.9564688,281.305459022522,270.0,259.0,303.0
1,1763497310.998106,288.42890548706055,270.0,280.0,308.0
1,1763497311.026128,293.32658338546753,270.0,285.0,325.0
1,1763497311.0515187,295.6764488220215,270.0,284.0,307.0
1,1763497311.09122,302.9081492424011,270.0,292.0,285.0
1,1763497311.1237836,307.6538710594177,270.0,282.0,279.0
1,1763497311.171812,314.82552576065063,270.0,277.0,296.0
1,1763497311.2108002,319.6800379753113,270.0,284.0,309.0
1,1763497311.2406194,324.5596914291382,270.0,313.0,313.0
1,1763497311.2761204,329.26500129699707,270.0,328.0,313.0
1,1763497311.3109212,336.5033178329468,270.0,341.0,292.0
1,1763497311.3473508,341.28011751174927,270.0,359.0,283.0
1,1763497311.386144,346.0426836013794,270.0,361.0,304.0
1,1763497311.416653,350.97801971435547,270.0,365.0,298.0
1,1763497311.4515893,355.6870846748352,270.0,380.0,273.0
1,1763497311.493027,362.8513722419739,270.0,377.0,262.0
1,1763497311.5410078,370.06883907318115,270.0,368.0,282.0
1,1763497311.5813646,374.8424916267395,270.0,364.0,279.0
1,1763497311.6256967,382.0827751159668,270.0,383.0,279.0
1,1763497311.655083,386.85735750198364,270.0,416.0,284.0
1,1763497311.6841915,391.6492848396301,270.0,415.0,278.0
1,1763497311.716502,396.49135160446167,270.0,401.0,279.0
1,1763497311.7507727,401.2756972312927,270.0,407.0,274.0
1,1763497311.785788,406.052282333374,270.0,425.0,280.0
1,1763497311.8207188,410.8325152397156,270.0,437.0,283.0
1,1763497311.8592691,418.1040196418762,270.0,439.0,274.0
1,1763497311.8856785,420.49751567840576,270.0,429.0,276.0
1,1763497311.9266374,427.7551441192627,270.0,422.0,287.0
1,1763497311.9614773,432.5535087585449,270.0,422.0,286.0
1,1763497312.0053883,439.7495536804199,270.0,431.0,289.0
1,1763497312.0387259,444.47353172302246,270.0,441.0,290.0
1,1763497312.070657,449.3498592376709,270.0,439.0,296.0
1,1763497312.1061811,454.0254144668579,270.0,430.0,324.0
1,1763497312.1411304,458.94927072525024,270.0,427.0,340.0
1,1763497312.180935,466.04160356521606,270.0,434.0,334.0
1,1763497312.216454,470.88628101348877,270.0,442.0,299.0
1,1763497312.251068,475.6715922355652,270.0,463.0,285.0
1,1763497312.2862728,480.5466322898865,270.0,477.0,285.0
1,1763497312.3155863,485.25609064102173,270.0,489.0,292.0
1,1763497312.3511298,492.53460454940796,270.0,495.0,296.0
1,1763497312.3884692,497.31480169296265,270.0,492.0,304.0
1,1763497312.4261167,502.0562677383423,270.0,479.0,309.0
1,1763497312.4562223,506.82516384124756,270.0,473.0,305.0
1,1763497312.4910808,511.60986709594727,270.0,479.0,295.0
1,1763497312.5215452,516.4207844734192,270.0,484.0,294.0
1,1763497312.5561013,521.3268308639526,270.0,480.0,298.0
1,1763497312.5960212,528.5188345909119,270.0,476.0,311.0
1,1763497312.644722,535.8089714050293,270.0,478.0,317.0
1,1763497312.696554,542.9459719657898,270.0,471.0,310.0
1,1763497312.7315323,547.716477394104,270.0,464.0,284.0
1,1763497312.7611582,552.4355201721191,270.0,479.0,275.0
1,1763497312.8057203,559.7519068717957,270.0,495.0,292.0
1,1763497312.8350196,564.4517450332642,270.0,530.0,307.0
1,1763497312.8709536,569.2559390068054,270.0,539.0,306.0
1,1763497312.9107237,576.4736919403076,270.0,540.0,304.0
1,1763497312.941559,578.8302092552185,270.0,549.0,306.0
1,1763497312.9789796,586.0726027488708,270.0,550.0,317.0
1,1763497313.016633,590.8098845481873,270.0,534.0,322.0
1,1763497313.0516162,595.6806330680847,270.0,538.0,316.0
1,1763497313.0865269,600.5553512573242,270.0,557.0,332.0
1,1763497313.1226456,607.6484708786011,270.0,549.0,340.0
1,1763497313.1615155,612.4958305358887,270.0,538.0,334.0
1,1763497313.1909285,617.3680095672607,270.0,534.0,328.0
1,1763497313.2261543,622.0119504928589,270.0,555.0,309.0
1,1763497313.2612426,626.9561200141907,270.0,572.0,292.0
1,1763497313.301083,634.0770630836487,270.0,579.0,302.0
1,1763497313.335739,638.9312891960144,270.0,584.0,318.0
1,1763497313.3706243,643.683376789093,270.0,582.0,334.0
1,1763497313.405946,648.424485206604,270.0,603.0,342.0
1,1763497313.4437652,655.716338634491,270.0,623.0,334.0
1,1763497313.4756274,660.4168562889099,270.0,646.0,310.0
1,1763497313.5113962,665.2926115989685,270.0,639.0,289.0
1,1763497313.5456142,670.1341061592102,270.0,631.0,270.0
1,1763497313.5889637,677.2118120193481,270.0,625.0,278.0
1,1763497313.6215308,682.0889263153076,270.0,619.0,291.0
1,1763497313.6558495,686.8346123695374,270.0,621.0,308.0
1,1763497313.6998422,694.0527229309082,270.0,641.0,310.0
1,1763497313.7365115,698.964241027832,270.0,655.0,303.0
1,1763497313.7811382,706.1390428543091,270.0,663.0,275.0
1,1763497313.815647,710.9387664794922,270.0,655.0,275.0
1,1763497313.8516552,715.7649903297424,270.0,647.0,301.0
1,1763497313.886367,720.4916505813599,270.0,641.0,311.0
1,1763497313.9160852,725.266948223114,270.0,646.0,298.0
1,1763497313.957917,732.424512386322,270.0,678.0,286.0
1,1763497313.9902613,737.3057751655579,270.0,683.0,274.0
1,1763497314.0211978,742.081072807312,270.0,674.0,288.0
1,1763497314.0575068,746.9444899559021,270.0,661.0,309.0
1,1763497314.0856395,751.6837387084961,270.0,670.0,304.0
1,1763497314.1207173,756.5578846931458,270.0,680.0,284.0
1,1763497314.1626701,763.6603384017944,270.0,689.0,282.0
1,1763497314.1969864,768.4507994651794,270.0,700.0,291.0
1,1763497314.2355962,773.3622817993164,270.0,709.0,277.0
1,1763497314.2712028,780.5455594062805,270.0,729.0,275.0
1,1763497314.3015332,782.947566986084,270.0,752.0,279.0
1,1763497314.3401597,790.097978591919,270.0,756.0,288.0
1,1763497314.3740556,794.8174505233765,270.0,750.0,275.0
1,1763497314.405672,799.737265586853,270.0,745.0,269.0
1,1763497314.4411464,804.4794111251831,270.0,736.0,260.0
1,1763497314.4762008,809.3486933708191,270.0,736.0,271.0
1,1763497314.517249,816.4176731109619,270.0,744.0,271.0
1,1763497314.541539,818.9094095230103,270.0,748.0,253.0
1,1763497314.5815644,826.0800271034241,270.0,747.0,241.0
1,1763497314.616353,830.9510617256165,270.0,742.0,227.0
1,1763497314.6509967,835.690703868866,270.0,751.0,249.0
1,1763497314.6858437,840.5340580940247,270.0,765.0,270.0
1,1763497314.7236102,847.7245240211487,270.0,785.0,271.0
1,1763497314.7506115,852.4568705558777,270.0,788.0,249.0
1,1763497314.791868,857.3330907821655,270.0,794.0,239.0
1,1763497314.8417792,864.4636182785034,270.0,805.0,241.0
1,1763497314.8865259,871.7227487564087,270.0,822.0,233.0
1,1763497314.916399,876.5407471656799,270.0,812.0,228.0
1,1763497314.9513228,881.3459067344666,270.0,860.0,231.0
1,1763497314.9863808,886.1345081329346,270.0,873.0,216.0
1,1763497315.020689,890.8189325332642,270.0,887.0,201.0
1,1763497315.0514514,895.7157878875732,270.0,905.0,189.0
1,1763497315.0856874,900.5417256355286,270.0,911.0,195.0
1,1763497315.1155999,905.3611545562744,270.0,913.0,218.0
1,1763497315.157997,912.6112012863159,270.0,910.0,238.0
1,1763497315.1906903,917.3043875694275,270.0,914.0,251.0
1,1763497315.2258093,922.1025376319885,270.0,930.0,240.0
1,1763497315.2613568,926.9291191101074,270.0,928.0,226.0
1,1763497315.2975402,934.0375094413757,270.0,930.0,230.0
1,1763497315.326352,936.4746718406677,270.0,919.0,241.0
1,1763497315.3627737,943.6450390815735,270.0,930.0,235.0
1,1763497315.3956468,948.4618215560913,270.0,934.0,216.0
1,1763497315.4276931,953.4186153411865,270.0,949.0,215.0
1,1763497315.466549,958.0042629241943,270.0,968.0,203.0
1,1763497315.5168335,965.2567415237427,270.0,987.0,203.0
1,1763497315.5814826,974.9340443611145,270.0,984.0,213.0
1,1763497315.6115646,979.7474293708801,270.0,972.0,251.0
1,1763497315.6360087,984.4931154251099,270.0,983.0,265.0
1,1763497315.6700227,989.2712025642395,270.0,985.0,273.0
1,1763497315.6914165,991.6096596717834,270.0,1006.0,271.0
1,1763497315.7213323,996.4161424636841,270.0,1016.0,271.0
1,1763497315.7636926,1003.6115078926086,270.0,1036.0,251.0
1,1763497315.8015773,1008.5443406105042,270.0,1049.0,241.0
1,1763497315.8425996,1015.641429901123,270.0,1062.0,242.0
1,1763497315.8769305,1020.4862504005432,270.0,1054.0,243.0
1,1763497315.9260623,1027.726963043213,270.0,1037.0,256.0
1,1763497315.9580262,1032.5175671577454,270.0,1021.0,277.0
1,1763497316.0060382,1039.6540312767029,270.0,1037.0,262.0
1,1763497316.0363877,1044.4270043373108,270.0,1068.0,234.0
1,1763497316.0673857,1049.3242530822754,270.0,1073.0,235.0
1,1763497316.098493,1054.0122537612915,270.0,1069.0,247.0
1,1763497316.1366005,1058.826210975647,270.0,1079.0,235.0
1,1763497316.1779978,1066.0378127098083,270.0,1084.0,231.0
1,1763497316.2064414,1068.4187202453613,270.0,1086.0,230.0
1,1763497316.241286,1075.6011037826538,270.0,1094.0,219.0
1,1763497316.2707944,1080.4842977523804,270.0,1098.0,197.0
1,1763497316.3097043,1085.3147773742676,270.0,1117.0,181.0
1,1763497316.3521535,1092.6881699562073,270.0,1125.0,185.0
1,1763497316.3810723,1094.946303844452,270.0,1105.0,208.0
1,1763497316.4115963,1099.6526865959167,270.0,1084.0,222.0
1,1763497316.4514678,1106.9261221885681,270.0,1101.0,219.0
1,1763497316.483126,1111.6549639701843,270.0,1099.0,227.0
1,1763497316.535885,1118.9221768379211,270.0,1098.0,236.0
1,1763497316.5783699,1126.0056762695312,270.0,1090.0,237.0
1,1763497316.6014094,1128.4729866981506,270.0,1097.0,250.0
1,1763497316.643009,1135.694387435913,270.0,1098.0,259.0
1,1763497316.6762168,1140.4968647956848,270.0,1099.0,262.0
1,1763497316.7085583,1145.3434019088745,270.0,1162.0,267.0
1,1763497316.7458649,1150.0956325531006,270.0,1142.0,290.0
1,1763497316.7813265,1154.9630551338196,270.0,1123.0,342.0
1,1763497316.8186388,1162.0243816375732,270.0,1100.0,356.0
1,1763497316.855627,1166.887119293213,270.0,1102.0,334.0
1,1763497316.88641,1171.7090158462524,270.0,1117.0,309.0
1,1763497316.9266922,1176.5488653182983,270.0,1126.0,305.0
1,1763497316.964475,1183.7430148124695,270.0,1123.0,303.0
1,1763497317.005822,1188.5257153511047,270.0,1123.0,315.0
1,1763497317.051363,1195.7328824996948,270.0,1114.0,353.0
1,1763497317.09644,1202.9210596084595,270.0,1136.0,350.0
1,1763497317.146097,1210.155156135559,270.0,1175.0,324.0
1,1763497317.2112405,1219.6640877723694,270.0,1197.0,299.0
1,1763497317.2536447,1226.9138841629028,270.0,1223.0,271.0
1,1763497317.2827666,1231.6542057991028,270.0,1238.0,291.0
1,1763497317.3167841,1236.5155487060547,270.0,1225.0,322.0
1,1763497317.3469815,1241.218891620636,270.0,1207.0,359.0
1,1763497317.381541,1246.0468678474426,270.0,1214.0,365.0
1,1763497317.4156883,1250.9093551635742,270.0,1222.0,356.0
1,1763497317.4513485,1255.6248216629028,270.0,1238.0,320.0
1,1763497317.4856882,1260.5246095657349,270.0,1257.0,304.0
1,1763497317.5226188,1267.6259903907776,270.0,1295.0,317.0
1,1763497317.559762,1272.451928138733,270.0,1311.0,338.0
1,1763497317.5866203,1277.3244647979736,270.0,1296.0,339.0
1,1763497317.6263428,1282.1115999221802,270.0,1291.0,330.0
1,1763497317.668986,1289.2524628639221,270.0,1281.0,318.0
1,1763497317.7168562,1296.4000849723816,270.0,1298.0,305.0
1,1763497317.7469933,1301.2240200042725,270.0,1329.0,309.0
1,1763497317.7782333,1306.083324432373,270.0,1321.0,309.0
1,1763497317.8133473,1310.905399799347,270.0,1294.0,310.0
1,1763497317.843071,1315.6983642578125,270.0,1321.0,306.0
1,1763497317.8812559,1320.4658298492432,270.0,1356.0,295.0
1,1763497317.9167295,1325.270667552948,270.0,1361.0,281.0
1,1763497317.946545,1330.058732509613,270.0,1338.0,309.0
1,1763497317.9810786,1334.9311618804932,270.0,1320.0,319.0
1,1763497318.018538,1342.0021800994873,270.0,1338.0,307.0
1,1763497318.051679,1346.8951015472412,270.0,1414.0,269.0
1,1763497318.0910213,1351.625910282135,270.0,1423.0,283.0
1,1763497318.1331108,1358.861258506775,270.0,1429.0,321.0
1,1763497318.179538,1366.1371974945068,270.0,1435.0,324.0
1,1763497318.2279978,1373.2813148498535,270.0,1436.0,294.0
1,1763497318.2630615,1378.1174449920654,270.0,1427.0,306.0
1,1763497318.2939315,1382.8610925674438,270.0,1435.0,301.0
1,1763497318.3313057,1387.6901774406433,270.0,1462.0,284.0
1,1763497318.3614836,1392.5442605018616,270.0,1457.0,299.0
1,1763497318.4062467,1399.7291116714478,270.0,1430.0,314.0
1,1763497318.4407885,1404.4639616012573,270.0,1444.0,297.0
1,1763497318.4762836,1409.2563180923462,270.0,1463.0,309.0
1,1763497318.5108902,1416.4986758232117,270.0,1463.0,307.0
1,1763497318.5405855,1418.8447861671448,270.0,1461.0,315.0
1,1763497318.5715225,1423.6441164016724,270.0,1466.0,316.0
1,1763497318.6063433,1428.525414943695,270.0,1463.0,322.0
1,1763497318.6435826,1435.6277256011963,270.0,1486.0,306.0
1,1763497318.6806772,1440.5836253166199,270.0,1472.0,314.0
1,1763497318.7163405,1445.272162437439,270.0,1446.0,333.0
1,1763497318.7548435,1452.4402766227722,270.0,1435.0,349.0
1,1763497318.7865179,1457.2089939117432,270.0,1553.0,304.0
1,1763497318.8212001,1462.0843200683594,270.0,1560.0,283.0
1,1763497318.8563223,1466.8011813163757,270.0,1523.0,307.0
1,1763497318.8908012,1471.7472462654114,270.0,1537.0,306.0
1,1763497318.9269404,1476.4931468963623,270.0,1535.0,325.0
1,1763497318.9562492,1481.2219886779785,270.0,1532.0,335.0
1,1763497318.995779,1488.4042649269104,270.0,1536.0,332.0
1,1763497319.0270982,1493.251088142395,270.0,1544.0,337.0
1,1763497319.0604405,1498.1371788978577,270.0,1571.0,307.0
1,1763497319.0958853,1502.8411297798157,270.0,1577.0,311.0
1,1763497319.1267135,1507.6506524085999,270.0,1564.0,337.0
1,1763497319.161108,1512.4351768493652,270.0,1567.0,323.0
1,1763497319.2108898,1519.6475296020508,270.0,1569.0,319.0
1,1763497319.2613823,1526.9389538764954,270.0,1575.0,331.0
1,1763497319.3006303,1534.0017466545105,270.0,1570.0,342.0
1,1763497319.3409579,1538.8854055404663,270.0,1571.0,336.0
1,1763497319.379476,1546.1849479675293,270.0,1586.0,317.0
1,1763497319.4107594,1550.830355167389,270.0,1628.0,266.0
1,1763497319.4511518,1555.6491045951843,270.0,1675.0,269.0
1,1763497319.4810176,1560.5305819511414,270.0,1690.0,309.0
1,1763497319.52687,1567.7698640823364,270.0,1689.0,329.0
1,1763497319.55089,1572.498634338379,270.0,1679.0,312.0
1,1763497319.590607,1577.3369102478027,270.0,1657.0,291.0
1,1763497319.626068,1582.1597366333008,270.0,1642.0,317.0
1,1763497319.661572,1586.957850933075,270.0,1649.0,314.0
1,1763497319.6988792,1594.0910964012146,270.0,1700.0,281.0
1,1763497319.730704,1598.8132863044739,270.0,1717.0,293.0
1,1763497319.7661142,1603.716507434845,270.0,1701.0,304.0
1,1763497319.8061087,1608.5397987365723,270.0,1704.0,255.0
1,1763497319.8361256,1613.2977514266968,270.0,1716.0,200.0
1,1763497319.8709452,1620.5069212913513,270.0,1728.0,197.0
1,1763497319.907105,1625.2479581832886,270.0,1722.0,218.0
1,1763497319.940872,1630.053940296173,270.0,1701.0,243.0
1,1763497319.971255,1634.8056344985962,270.0,1787.0,240.0
1,1763497320.006299,1639.6662621498108,270.0,1783.0,256.0
1,1763497320.0458674,1644.4032220840454,270.0,1795.0,250.0
1,1763497320.0829258,1651.6474394798279,270.0,1829.0,251.0
1,1763497320.1206877,1656.470516204834,270.0,1825.0,238.0
1,1763497320.1562786,1661.259904384613,270.0,1820.0,249.0
1,1763497320.196235,1668.4964327812195,270.0,1832.0,263.0
1,1763497320.2356212,1673.3893542289734,270.0,1817.0,241.0
1,1763497320.2789614,1680.4523615837097,270.0,1811.0,235.0
1,1763497320.3112607,1685.2108149528503,270.0,1821.0,264.0
1,1763497320.374354,1694.8891191482544,270.0,1874.0,249.0
1,1763497320.4115326,1699.7439889907837,270.0,1889.0,145.0
1,1763497320.4365754,1704.4017701148987,270.0,1907.0,103.0
1,1763497320.4712396,1709.3644647598267,270.0,1894.0,94.0
1,1763497320.506192,1714.0129117965698,270.0,1868.0,119.0
1,1763497320.5409522,1718.8021211624146,270.0,1875.0,132.0
1,1763497320.5709727,1723.6307768821716,270.0,1841.0,155.0
2,1763497320.6056664,1726.0518102645874,270.0,1796.0,178.0
2,1763497320.6459532,1726.0518102645874,270.0,1766.0,191.0
2,1763497320.6868227,1726.0518102645874,270.0,1774.0,165.0
2,1763497320.7264307,1726.0518102645874,270.0,1798.0,187.0
2,1763497320.7462876,1726.0518102645874,270.0,1779.0,174.0
2,1763497320.7761698,1726.0518102645874,270.0,1780.0,167.0
2,1763497320.806575,1726.0518102645874,270.0,1811.0,150.0
2,1763497320.8462172,1726.0518102645874,270.0,1830.0,120.0
2,1763497320.8706903,1726.0518102645874,270.0,1804.0,128.0
2,1763497320.905841,1726.0518102645874,270.0,1803.0,145.0
2,1763497320.9461277,1726.0518102645874,270.0,1793.0,146.0
2,1763497320.9707406,1726.0518102645874,270.0,1787.0,148.0
2,1763497321.0113971,1726.0518102645874,270.0,1792.0,169.0
2,1763497321.040874,1726.0518102645874,270.0,1803.0,222.0
2,1763497321.070601,1726.0518102645874,270.0,1812.0,225.0
2,1763497321.1136775,182.84782457351685,363.0,1836.0,173.0
2,1763497321.1513202,187.606671333313,363.0,1840.0,132.0
2,1763497321.1861608,192.44072723388672,363.0,1861.0,91.0
2,1763497321.231608,199.70536518096924,363.0,1832.0,98.0
2,1763497321.2664146,204.4488697052002,363.0,1831.0,70.0
2,1763497321.3072627,211.7201952934265,363.0,1838.0,87.0
2,1763497321.3455987,216.42729330062866,363.0,1807.0,126.0
2,1763497321.3871033,223.68188190460205,363.0,1000.0,310.0
2,1763497321.4326026,230.93235778808594,363.0,658.0,322.0
2,1763497321.4797082,238.0147843360901,363.0,325.0,354.0
2,1763497321.5140681,242.94160890579224,363.0,318.0,314.0
2,1763497321.5516434,247.73453760147095,363.0,299.0,362.0
2,1763497321.5807128,252.47468042373657,363.0,273.0,409.0
2,1763497321.626286,259.6869616508484,363.0,264.0,418.0
2,1763497321.6605906,264.54154539108276,363.0,257.0,413.0
2,1763497321.696053,269.2854075431824,363.0,259.0,389.0
2,1763497321.737093,276.5193610191345,363.0,276.0,371.0
2,1763497321.7760494,281.20489406585693,363.0,286.0,366.0
2,1763497321.8108406,286.0340504646301,363.0,295.0,368.0
2,1763497321.8491735,293.3133511543274,363.0,296.0,359.0
2,1763497321.8906088,298.16260623931885,363.0,300.0,350.0
2,1763497321.9294853,305.347993850708,363.0,348.0,336.0
2,1763497321.966513,310.0635676383972,363.0,348.0,340.0
2,1763497321.9960496,314.94719076156616,363.0,357.0,354.0
2,1763497322.0262847,319.7464852333069,363.0,371.0,368.0
2,1763497322.0613952,324.45501375198364,363.0,382.0,352.0
2,1763497322.0963883,329.2651801109314,363.0,371.0,333.0
2,1763497322.1266718,334.0537099838257,363.0,369.0,345.0
2,1763497322.1613088,338.81695556640625,363.0,386.0,353.0
2,1763497322.195587,346.10537576675415,363.0,400.0,363.0
2,1763497322.2331345,350.8958010673523,363.0,403.0,368.0
2,1763497322.2649133,355.75206565856934,363.0,400.0,382.0
2,1763497322.2978885,360.55189657211304,363.0,401.0,383.0
2,1763497322.3364878,365.3682141304016,363.0,410.0,387.0
2,1763497322.376506,372.4526791572571,363.0,429.0,391.0
2,1763497322.4159796,377.33422803878784,363.0,458.0,382.0
2,1763497322.4567435,384.49704933166504,363.0,466.0,368.0
2,1763497322.4920118,389.254358291626,363.0,463.0,379.0
2,1763497322.5307145,394.0464644432068,363.0,467.0,393.0
2,1763497322.5835783,403.7004499435425,363.0,446.0,394.0
2,1763497322.6264172,408.443274974823,363.0,440.0,354.0
2,1763497322.6509306,413.27300357818604,363.0,457.0,326.0
2,1763497322.686465,418.128231048584,363.0,456.0,324.0
2,1763497322.720724,422.80464458465576,363.0,461.0,324.0
2,1763497322.7656355,430.14080810546875,363.0,471.0,317.0
2,1763497322.8122582,437.2182993888855,363.0,471.0,334.0
2,1763497322.8412855,442.03114795684814,363.0,473.0,344.0
2,1763497322.880886,446.8024401664734,363.0,492.0,338.0
2,1763497322.9185567,454.00492238998413,363.0,508.0,353.0
2,1763497322.9457648,456.4616470336914,363.0,513.0,356.0
2,1763497322.9830651,463.62854528427124,363.0,516.0,352.0
2,1763497323.0208125,468.47672748565674,363.0,519.0,348.0
2,1763497323.0512784,473.21164894104004,363.0,512.0,339.0
2,1763497323.0913904,478.1166582107544,363.0,511.0,328.0
2,1763497323.130297,485.2134256362915,363.0,529.0,332.0
2,1763497323.1660259,490.161922454834,363.0,527.0,346.0
2,1763497323.1960092,494.85664653778076,363.0,548.0,326.0
2,1763497323.2237997,499.71348333358765,363.0,558.0,326.0
2,1763497323.2611244,504.47451162338257,363.0,557.0,320.0
2,1763497323.2957826,509.365430355072,363.0,554.0,322.0
2,1763497323.3309517,514.1275315284729,363.0,559.0,311.0
2,1763497323.3673928,521.2538747787476,363.0,569.0,306.0
2,1763497323.4008248,526.0740547180176,363.0,567.0,322.0
2,1763497323.4414964,530.8657674789429,363.0,564.0,331.0
2,1763497323.4817116,538.0482225418091,363.0,560.0,330.0
2,1763497323.5141315,542.8744463920593,363.0,554.0,339.0
2,1763497323.5460005,547.6200251579285,363.0,544.0,363.0
2,1763497323.5811002,552.5125889778137,363.0,538.0,358.0
2,1763497323.6250916,559.6752672195435,363.0,547.0,333.0
2,1763497323.6666863,564.4123702049255,363.0,556.0,329.0
2,1763497323.7064528,571.6065196990967,363.0,558.0,331.0
2,1763497323.7462,576.4990119934082,363.0,571.0,330.0
2,1763497323.78673,583.6035399436951,363.0,577.0,332.0
2,1763497323.8338294,590.8745079040527,363.0,577.0,330.0
2,1763497323.8712018,595.6690459251404,363.0,575.0,328.0
2,1763497323.9159873,602.9481320381165,363.0,575.0,337.0
2,1763497323.9618251,610.0882081985474,363.0,586.0,346.0
2,1763497323.99599,614.8282079696655,363.0,581.0,344.0
2,1763497324.0261624,619.6986703872681,363.0,592.0,352.0
2,1763497324.0611956,624.5789675712585,363.0,609.0,361.0
2,1763497324.1056576,631.6530256271362,363.0,601.0,345.0
2,1763497324.1463904,636.4728837013245,363.0,597.0,331.0
2,1763497324.1839375,643.6089544296265,363.0,609.0,338.0
2,1763497324.2332547,650.954273223877,363.0,625.0,342.0
2,1763497324.2910392,658.0680637359619,363.0,630.0,350.0
2,1763497324.3359332,665.3815536499023,363.0,646.0,342.0
2,1763497324.3712418,670.1672582626343,363.0,654.0,349.0
2,1763497324.407855,677.3006825447083,363.0,649.0,353.0
2,1763497324.4463968,682.0493011474609,363.0,647.0,361.0
2,1763497324.4763746,686.857250213623,363.0,648.0,372.0
2,1763497324.524553,694.082227230072,363.0,646.0,362.0
2,1763497324.5560305,698.8037376403809,363.0,643.0,330.0
2,1763497324.6058588,706.0014991760254,363.0,650.0,312.0
2,1763497324.6492765,713.3620886802673,363.0,669.0,318.0
2,1763497324.6865723,718.0200843811035,363.0,667.0,337.0
2,1763497324.7326546,725.2564339637756,363.0,655.0,334.0
2,1763497324.7813857,732.4636368751526,363.0,682.0,306.0
2,1763497324.831153,739.7195129394531,363.0,698.0,310.0
2,1763497324.8718495,746.8868403434753,363.0,710.0,327.0
2,1763497324.9197266,754.0631084442139,363.0,728.0,324.0
2,1763497324.9671366,761.2156300544739,363.0,723.0,329.0
2,1763497325.0121295,766.1272554397583,363.0,723.0,314.0
2,1763497325.056252,773.2896118164062,363.0,728.0,310.0
2,1763497325.1143105,782.9606204032898,363.0,749.0,319.0
2,1763497325.1495652,787.6296668052673,363.0,784.0,335.0
2,1763497325.1806545,792.4680500030518,363.0,785.0,337.0
2,1763497325.2109878,797.3127989768982,363.0,788.0,341.0
2,1763497325.245951,802.0180730819702,363.0,772.0,326.0
2,1763497325.2815976,806.8125395774841,363.0,783.0,329.0
2,1763497325.3213055,814.1297130584717,363.0,798.0,329.0
2,1763497325.3607378,818.8621668815613,363.0,826.0,332.0
2,1763497325.3956585,826.1161117553711,363.0,859.0,361.0
2,1763497325.4324255,830.9452323913574,363.0,871.0,380.0
2,1763497325.4610167,835.7675223350525,363.0,864.0,385.0
2,1763497325.500926,840.5348806381226,363.0,860.0,380.0
2,1763497325.5310764,845.22252368927,363.0,878.0,357.0
2,1763497325.5764184,852.5580792427063,363.0,881.0,345.0
2,1763497325.6155996,857.2286276817322,363.0,869.0,333.0
2,1763497325.6606233,864.4347219467163,363.0,856.0,321.0
2,1763497325.7065737,871.7453866004944,363.0,877.0,335.0
2,1763497325.7312179,874.143388748169,363.0,904.0,357.0
2,1763497325.7667444,881.2691240310669,363.0,922.0,355.0
2,1763497325.8062687,886.1345796585083,363.0,923.0,351.0
2,1763497325.8409474,890.8466129302979,363.0,917.0,363.0
2,1763497325.890874,898.0782775878906,363.0,909.0,351.0
2,1763497325.936089,905.3230314254761,363.0,893.0,346.0
2,1763497325.9709146,910.0191502571106,363.0,910.0,363.0
2,1763497326.0006804,914.8005633354187,363.0,935.0,338.0
2,1763497326.0576425,924.4159607887268,363.0,937.0,315.0
2,1763497326.1045907,931.646981716156,363.0,931.0,321.0
2,1763497326.1307669,934.0357570648193,363.0,944.0,349.0
2,1763497326.1846135,943.6564116477966,363.0,940.0,341.0
2,1763497326.2333407,950.8442668914795,363.0,940.0,305.0
2,1763497326.2564037,953.2053618431091,363.0,960.0,289.0
2,1763497326.2965994,960.4423551559448,363.0,979.0,272.0
2,1763497326.3263628,965.2281312942505,363.0,982.0,277.0
2,1763497326.3661225,970.0749545097351,363.0,981.0,294.0
2,1763497326.395626,974.9222784042358,363.0,994.0,300.0
2,1763497326.430662,979.6034126281738,363.0,991.0,312.0
2,1763497326.4756184,986.9060664176941,363.0,990.0,321.0
2,1763497326.5191796,994.0091280937195,363.0,986.0,317.0
2,1763497326.551362,998.8051323890686,363.0,995.0,298.0
2,1763497326.5908859,1003.7126808166504,363.0,997.0,286.0
2,1763497326.626782,1008.5536389350891,363.0,1020.0,288.0
2,1763497326.6665373,1015.6418590545654,363.0,990.0,298.0
2,1763497326.7013173,1020.4872517585754,363.0,974.0,313.0
2,1763497326.7368822,1025.3289251327515,363.0,1006.0,317.0
2,1763497326.7920763,1034.9005489349365,363.0,1007.0,315.0
2,1763497326.8307812,1039.7199420928955,363.0,1005.0,332.0
2,1763497326.8615355,1044.5172696113586,363.0,1046.0,330.0
2,1763497326.896199,1049.2968230247498,363.0,1058.0,312.0
2,1763497326.9375641,1056.4353971481323,363.0,1066.0,315.0
2,1763497326.9857485,1063.7450604438782,363.0,1078.0,328.0
2,1763497327.033024,1070.9622054100037,363.0,1047.0,315.0
2,1763497327.0711517,1075.6203799247742,363.0,1029.0,276.0
2,1763497327.100761,1080.5116205215454,363.0,1074.0,285.0
2,1763497327.146108,1087.7448587417603,363.0,1080.0,300.0
2,1763497327.177155,1092.4062161445618,363.0,1088.0,280.0
2,1763497327.2078366,1097.2683100700378,363.0,1096.0,281.0
2,1763497327.2564826,1104.4189004898071,363.0,1103.0,272.0
2,1763497327.3065975,1111.6048603057861,363.0,1107.0,260.0
2,1763497327.3378615,1116.4803652763367,363.0,1137.0,242.0
2,1763497327.3682742,1121.346357345581,363.0,1160.0,242.0
2,1763497327.4004784,1126.0472683906555,363.0,1153.0,248.0
2,1763497327.433576,1130.829933166504,363.0,1137.0,253.0
2,1763497327.4657645,1135.6241493225098,363.0,1142.0,273.0
2,1763497327.5138206,1142.9136066436768,363.0,1153.0,280.0
2,1763497327.565588,1150.0875144004822,363.0,1165.0,269.0
2,1763497327.5906863,1154.893711090088,363.0,1199.0,268.0
2,1763497327.6309962,1159.805694103241,363.0,1223.0,284.0
2,1763497327.6657395,1164.4975214004517,363.0,1256.0,282.0
2,1763497327.696813,1169.3956999778748,363.0,1232.0,292.0
2,1763497327.736465,1176.6034393310547,363.0,1226.0,289.0
2,1763497327.771295,1181.3243775367737,363.0,1239.0,274.0
2,1763497327.806614,1186.1402659416199,363.0,1254.0,248.0
2,1763497327.8473337,1193.2458310127258,363.0,1269.0,265.0
2,1763497327.880852,1198.1003432273865,363.0,1283.0,279.0
2,1763497327.912793,1202.8815417289734,363.0,1282.0,268.0
2,1763497327.9509196,1207.7334790229797,363.0,1280.0,268.0
2,1763497327.986029,1212.493899345398,363.0,1280.0,283.0
2,1763497328.0267768,1219.7218446731567,363.0,1283.0,317.0
2,1763497328.0609741,1224.4361667633057,363.0,1291.0,360.0
2,1763497328.1112156,1231.6130785942078,363.0,1342.0,353.0
2,1763497328.155961,1238.8418464660645,363.0,1376.0,306.0
2,1763497328.186223,1243.7495379447937,363.0,1383.0,303.0
2,1763497328.2191029,1248.4301357269287,363.0,1396.0,313.0
2,1763497328.2558684,1253.2091526985168,363.0,1397.0,298.0
2,1763497328.2914798,1258.0304412841797,363.0,1397.0,275.0
2,1763497328.3356223,1265.3934984207153,363.0,1394.0,265.0
2,1763497328.3660052,1270.0068621635437,363.0,1402.0,281.0
2,1763497328.4011555,1274.9203472137451,363.0,1422.0,294.0
2,1763497328.4414663,1282.037356376648,363.0,1424.0,287.0
2,1763497328.465752,1284.5404653549194,363.0,1418.0,282.0
2,1763497328.5064926,1291.7819290161133,363.0,1402.0,271.0
2,1763497328.5373402,1296.4252619743347,363.0,1391.0,271.0
2,1763497328.5707514,1301.2283473014832,363.0,1392.0,298.0
2,1763497328.611368,1306.0421614646912,363.0,1393.0,331.0
2,1763497328.652732,1313.3753566741943,363.0,1394.0,344.0
2,1763497328.681403,1318.141999721527,363.0,1395.0,339.0
2,1763497328.7164736,1322.8673009872437,363.0,1427.0,333.0
2,1763497328.761476,1330.0336627960205,363.0,1498.0,310.0
2,1763497328.7930117,1334.8000197410583,363.0,1503.0,298.0
2,1763497328.831514,1339.7295265197754,363.0,1491.0,294.0
2,1763497328.8656118,1344.4539694786072,363.0,1505.0,304.0
2,1763497328.9025888,1351.6791968345642,363.0,1517.0,273.0
2,1763497328.936725,1356.4910082817078,363.0,1520.0,267.0
2,1763497328.9706905,1361.346664905548,363.0,1519.0,263.0
2,1763497329.006125,1366.163447380066,363.0,1508.0,265.0
2,1763497329.0408838,1370.812180519104,363.0,1509.0,257.0
2,1763497329.070724,1375.6808905601501,363.0,1522.0,242.0
2,1763497329.111776,1382.8373103141785,363.0,1524.0,237.0
2,1763497329.1464634,1387.7898483276367,363.0,1497.0,269.0
2,1763497329.1961203,1394.8697714805603,363.0,1479.0,306.0
2,1763497329.2359176,1402.1549730300903,363.0,1458.0,327.0
2,1763497329.2811415,1406.8958311080933,363.0,1440.0,306.0
2,1763497329.3114586,1411.6174488067627,363.0,1461.0,302.0
2,1763497329.3467362,1416.4758234024048,363.0,1470.0,309.0
2,1763497329.3853526,1423.7805156707764,363.0,1474.0,307.0
2,1763497329.4320755,1430.9532074928284,363.0,1457.0,332.0
2,1763497329.4660609,1435.6268315315247,363.0,1468.0,342.0
2,1763497329.500614,1440.54643201828,363.0,1485.0,335.0
2,1763497329.5368714,1445.2266721725464,363.0,1504.0,334.0
2,1763497329.5713093,1450.0365166664124,363.0,1527.0,360.0
2,1763497329.6107383,1457.323148727417,363.0,1485.0,394.0
2,1763497329.6460311,1462.050738811493,363.0,1473.0,421.0
2,1763497329.6808631,1466.9514565467834,363.0,1482.0,424.0
2,1763497329.7200732,1474.016502380371,363.0,1507.0,399.0
2,1763497329.7534308,1478.955057144165,363.0,1506.0,399.0
2,1763497329.7915087,1483.6279301643372,363.0,1509.0,421.0
2,1763497329.820667,1488.5128407478333,363.0,1531.0,423.0
2,1763497329.8511422,1493.2633547782898,363.0,1573.0,438.0
2,1763497329.8906167,1498.053493976593,363.0,1598.0,422.0
2,1763497329.9206505,1502.8794317245483,363.0,1626.0,409.0
2,1763497329.957697,1510.0919275283813,363.0,1639.0,402.0
2,1763497329.9925556,1514.8319630622864,363.0,1648.0,412.0
2,1763497330.0310218,1519.7204141616821,363.0,1646.0,411.0
2,1763497330.0718758,1526.8942503929138,363.0,1662.0,399.0
2,1763497330.1044972,1531.7935376167297,363.0,1666.0,402.0
2,1763497330.1370568,1536.4645867347717,363.0,1682.0,394.0
2,1763497330.1718183,1541.2267236709595,363.0,1694.0,394.0
2,1763497330.2211163,1548.424485206604,363.0,1715.0,360.0
2,1763497330.2702434,1555.6347279548645,363.0,1711.0,370.0
2,1763497330.3064406,1560.4607372283936,363.0,1741.0,372.0
2,1763497330.3513877,1567.69007730484,363.0,1793.0,328.0
2,1763497330.3919156,1574.9476342201233,363.0,1751.0,344.0
2,1763497330.424066,1579.673185825348,363.0,1750.0,354.0
2,1763497330.456551,1584.4274549484253,363.0,1779.0,365.0
2,1763497330.4912224,1589.2847924232483,363.0,1769.0,357.0
2,1763497330.525843,1594.1237478256226,363.0,1780.0,358.0
2,1763497330.560964,1598.9373474121094,363.0,1767.0,372.0
2,1763497330.604781,1606.1349658966064,363.0,1757.0,373.0
2,1763497330.6365006,1610.870852947235,363.0,1769.0,353.0
2,1763497330.665657,1615.7530813217163,363.0,1835.0,323.0
2,1763497330.7006278,1620.4964427947998,363.0,1821.0,343.0
2,1763497330.736178,1625.21097946167,363.0,1823.0,366.0
2,1763497330.771082,1630.1257162094116,363.0,1808.0,432.0
2,1763497330.8077087,1637.2194080352783,363.0,1828.0,436.0
2,1763497330.8408682,1642.0385150909424,363.0,1857.0,417.0
2,1763497330.8726633,1646.8616275787354,363.0,1857.0,362.0
2,1763497330.9112136,1651.782765865326,363.0,1822.0,379.0
2,1763497330.945845,1656.4215569496155,363.0,1765.0,410.0
2,1763497330.98336,1663.6395959854126,363.0,1769.0,388.0
2,1763497331.016718,1668.4303789138794,363.0,1783.0,368.0
2,1763497331.0560381,1673.2427983283997,363.0,1780.0,355.0
2,1763497331.085692,1678.1418709754944,363.0,1766.0,352.0
2,1763497331.1165018,1682.9492835998535,363.0,1786.0,370.0
2,1763497331.1596127,1690.0519876480103,363.0,1853.0,359.0
2,1763497331.2088633,1697.2772507667542,363.0,1886.0,356.0
2,1763497331.2462432,1702.0208625793457,363.0,1865.0,342.0
2,1763497331.2807267,1706.9514422416687,363.0,1842.0,301.0
2,1763497331.3157425,1714.1287117004395,363.0,1864.0,278.0
2,1763497331.353483,1718.9566164016724,363.0,1891.0,283.0
2,1763497331.3912218,1723.7351684570312,363.0,1898.0,360.0
3,1763497331.4359813,1726.1052041053772,363.0,1900.0,377.0
3,1763497331.481075,1726.1052041053772,363.0,1909.0,338.0
3,1763497331.5060833,1726.1052041053772,363.0,1907.0,393.0
3,1763497331.531137,1726.1052041053772,363.0,1894.0,377.0
3,1763497331.5666313,1726.1052041053772,363.0,1857.0,366.0
3,1763497331.5964987,1726.1052041053772,363.0,1831.0,344.0
3,1763497331.6255891,1726.1052041053772,363.0,1835.0,396.0
3,1763497331.6661103,1726.1052041053772,363.0,1824.0,381.0
3,1763497331.6966803,1726.1052041053772,363.0,1836.0,355.0
3,1763497331.725697,1726.1052041053772,363.0,1835.0,388.0
3,1763497331.7669287,1726.1052041053772,363.0,1849.0,442.0
3,1763497331.8008614,1726.1052041053772,363.0,1839.0,435.0
3,1763497331.8361692,1726.1052041053772,363.0,1837.0,367.0
3,1763497331.8660862,1726.1052041053772,363.0,1818.0,361.0
3,1763497331.8968694,1726.1052041053772,363.0,1698.0,168.0
3,1763497331.9359462,182.86273765563965,456.0,977.0,517.0
3,1763497331.9711068,187.7589135169983,456.0,387.0,384.0
3,1763497332.005984,192.49787616729736,456.0,181.0,419.0
3,1763497332.0359626,197.21988725662231,456.0,199.0,480.0
3,1763497332.0712087,202.063241481781,456.0,181.0,457.0
3,1763497332.1095388,209.22631311416626,456.0,173.0,476.0
3,1763497332.1411078,214.01713180541992,456.0,170.0,487.0
3,1763497332.1758876,218.8400297164917,456.0,171.0,483.0
3,1763497332.2078943,223.73556184768677,456.0,174.0,479.0
3,1763497332.2463915,228.48668384552002,456.0,180.0,468.0
3,1763497332.2882032,235.72031545639038,456.0,174.0,461.0
3,1763497332.3220358,240.51460313796997,456.0,164.0,448.0
3,1763497332.355594,245.4192190170288,456.0,171.0,444.0
3,1763497332.386517,250.07764387130737,456.0,213.0,459.0
3,1763497332.431203,257.27279472351074,456.0,213.0,447.0
3,1763497332.4663925,262.08682346343994,456.0,229.0,452.0
3,1763497332.5165188,269.2683844566345,456.0,259.0,465.0
3,1763497332.5575309,276.4760522842407,456.0,266.0,472.0
3,1763497332.5915716,281.31196784973145,456.0,260.0,453.0
3,1763497332.637946,288.49832105636597,456.0,278.0,453.0
3,1763497332.6760006,293.3196454048157,456.0,284.0,481.0
3,1763497332.7050705,298.07999420166016,456.0,278.0,481.0
3,1763497332.7408376,302.9030351638794,456.0,290.0,452.0
3,1763497332.7865613,310.13945627212524,456.0,307.0,460.0
3,1763497332.8210065,314.8672251701355,456.0,310.0,483.0
3,1763497332.8564625,319.69362783432007,456.0,302.0,496.0
3,1763497332.8943384,326.9758610725403,456.0,301.0,506.0
3,1763497332.9261005,331.7271976470947,456.0,309.0,500.0
3,1763497332.9580643,336.556604385376,456.0,337.0,484.0
3,1763497332.995908,341.3014678955078,456.0,347.0,479.0
3,1763497333.0311246,346.14078092575073,456.0,341.0,486.0
3,1763497333.066157,353.3931522369385,456.0,341.0,491.0
3,1763497333.1015441,358.0721764564514,456.0,348.0,482.0
3,1763497333.141512,362.87318754196167,456.0,360.0,475.0
3,1763497333.1761336,367.6588921546936,456.0,364.0,470.0
3,1763497333.2161648,374.8096971511841,456.0,363.0,468.0
3,1763497333.2514617,379.67014598846436,456.0,364.0,468.0
3,1763497333.2963603,386.8188052177429,456.0,365.0,468.0
3,1763497333.335905,391.69112730026245,456.0,367.0,460.0
3,1763497333.3732805,398.8224415779114,456.0,376.0,441.0
3,1763497333.400897,401.20202589035034,456.0,402.0,434.0
3,1763497333.438777,408.4194927215576,456.0,409.0,423.0
3,1763497333.4733648,413.35085916519165,456.0,433.0,416.0
3,1763497333.506603,418.0606393814087,456.0,458.0,432.0
3,1763497333.5409482,422.8765277862549,456.0,479.0,432.0
3,1763497333.582418,430.0501494407654,456.0,480.0,416.0
3,1763497333.6302195,437.30116176605225,456.0,451.0,404.0
3,1763497333.67096,442.1469478607178,456.0,429.0,411.0
3,1763497333.7083402,449.2367057800293,456.0,437.0,411.0
3,1763497333.7415082,454.0242700576782,456.0,450.0,404.0
3,1763497333.7811933,458.96708059310913,456.0,450.0,415.0
3,1763497333.8235466,466.02475929260254,456.0,456.0,423.0
3,1763497333.8606033,470.85173416137695,456.0,465.0,438.0
3,1763497333.8870482,475.77069091796875,456.0,477.0,438.0
3,1763497333.920974,480.45633125305176,456.0,481.0,433.0
3,1763497333.967665,487.77439880371094,456.0,481.0,431.0
3,1763497334.006014,492.55516815185547,456.0,485.0,439.0
3,1763497334.0409377,497.3024277687073,456.0,498.0,455.0
3,1763497334.0774806,504.4147162437439,456.0,507.0,458.0
3,1763497334.1112115,509.3348889350891,456.0,519.0,453.0
3,1763497334.1508482,514.0225677490234,456.0,522.0,423.0
3,1763497334.1857786,521.3363795280457,456.0,527.0,407.0
3,1763497334.2227035,526.060142993927,456.0,528.0,417.0
3,1763497334.256641,530.8775334358215,456.0,541.0,402.0
3,1763497334.2911687,535.7349781990051,456.0,555.0,387.0
3,1763497334.3206441,540.4343156814575,456.0,566.0,370.0
3,1763497334.3556492,545.3474073410034,456.0,556.0,384.0
3,1763497334.3967133,552.4007587432861,456.0,563.0,376.0
3,1763497334.4288116,557.2799830436707,456.0,547.0,387.0
3,1763497334.4614086,562.0489149093628,456.0,545.0,404.0
3,1763497334.501421,566.8950228691101,456.0,551.0,419.0
3,1763497334.5356176,571.7236428260803,456.0,546.0,418.0
3,1763497334.573707,578.8841395378113,456.0,557.0,410.0
3,1763497334.6072474,583.6116223335266,456.0,569.0,399.0
3,1763497334.6408253,588.487163066864,456.0,574.0,402.0
3,1763497334.6763048,593.3252243995667,456.0,575.0,418.0
3,1763497334.7262602,600.509753704071,456.0,565.0,440.0
3,1763497334.767127,607.6838045120239,456.0,563.0,457.0
3,1763497334.8007264,612.5798373222351,456.0,569.0,447.0
3,1763497334.8355868,617.2125129699707,456.0,562.0,427.0
3,1763497334.8656063,622.0028667449951,456.0,565.0,418.0
3,1763497334.8958309,626.8006949424744,456.0,588.0,451.0
3,1763497334.946674,634.1364650726318,456.0,597.0,482.0
3,1763497334.9960284,641.2953524589539,456.0,593.0,493.0
3,1763497335.0241315,646.1357026100159,456.0,610.0,468.0
3,1763497335.0606005,650.8753089904785,456.0,623.0,454.0
3,1763497335.1060684,658.0543665885925,456.0,612.0,448.0
3,1763497335.1607323,665.2762322425842,456.0,618.0,468.0
3,1763497335.1864312,670.0786023139954,456.0,657.0,447.0
3,1763497335.216358,674.9226002693176,456.0,658.0,436.0
3,1763497335.2516937,679.6051292419434,456.0,655.0,433.0
3,1763497335.2864301,684.4008474349976,456.0,647.0,447.0
3,1763497335.3269765,691.7201309204102,456.0,639.0,443.0
3,1763497335.357841,696.5236811637878,456.0,650.0,437.0
3,1763497335.3912818,701.3545184135437,456.0,665.0,437.0
3,1763497335.425881,706.1503438949585,456.0,666.0,425.0
3,1763497335.461187,710.8197836875916,456.0,681.0,407.0
3,1763497335.5065932,718.0859951972961,456.0,680.0,407.0
3,1763497335.533786,722.8911547660828,456.0,675.0,395.0
3,1763497335.5822804,730.1086931228638,456.0,690.0,384.0
3,1763497335.621174,734.8138599395752,456.0,710.0,383.0
3,1763497335.6514928,739.6070032119751,456.0,715.0,429.0
3,1763497335.6866386,744.4291143417358,456.0,698.0,444.0
3,1763497335.72111,749.2232947349548,456.0,686.0,434.0
3,1763497335.7610254,756.4922242164612,456.0,685.0,441.0
3,1763497335.8090506,763.7168078422546,456.0,708.0,429.0
3,1763497335.8583403,770.9033041000366,456.0,715.0,432.0
3,1763497335.887201,775.7453351020813,456.0,743.0,425.0
3,1763497335.926166,780.4825096130371,456.0,768.0,413.0
3,1763497335.9663193,787.6075654029846,456.0,782.0,417.0
3,1763497336.0011888,792.41969871521,456.0,791.0,436.0
3,1763497336.0406177,797.2032217979431,456.0,784.0,444.0
3,1763497336.0785658,804.5059471130371,456.0,787.0,423.0
3,1763497336.1059704,809.3651442527771,456.0,787.0,438.0
3,1763497336.1356242,811.695375919342,456.0,795.0,454.0
3,1763497336.176352,818.844464302063,456.0,802.0,466.0
3,1763497336.2112315,823.6948280334473,456.0,800.0,442.0
3,1763497336.2616692,830.964723110199,456.0,805.0,436.0
3,1763497336.2907708,835.6463937759399,456.0,824.0,445.0
3,1763497336.318004,840.4705076217651,456.0,839.0,444.0
3,1763497336.3493235,845.2693729400635,456.0,852.0,446.0
3,1763497336.386407,850.1022844314575,456.0,837.0,450.0
3,1763497336.4259899,857.3680667877197,456.0,815.0,465.0
3,1763497336.4567761,859.6044211387634,456.0,806.0,471.0
3,1763497336.4965734,866.8139486312866,456.0,825.0,459.0
3,1763497336.5264616,871.6435699462891,456.0,859.0,441.0
3,1763497336.5756297,878.8836388587952,456.0,893.0,449.0
3,1763497336.601259,881.3340692520142,456.0,892.0,460.0
3,1763497336.642217,888.435950756073,456.0,892.0,470.0
3,1763497336.6717267,893.3454661369324,456.0,899.0,471.0
3,1763497336.706026,898.0033903121948,456.0,893.0,449.0
3,1763497336.7412598,902.87553358078,456.0,906.0,421.0
3,1763497336.770715,907.6345949172974,456.0,929.0,399.0
3,1763497336.8012793,912.4185829162598,456.0,929.0,405.0
3,1763497336.8414748,917.3341779708862,456.0,925.0,409.0
3,1763497336.8815126,924.5197086334229,456.0,925.0,407.0
3,1763497336.9362001,931.6900401115417,456.0,924.0,406.0
3,1763497336.9776237,938.8408093452454,456.0,937.0,403.0
3,1763497337.0157917,943.6997203826904,456.0,944.0,377.0
3,1763497337.0528736,950.8066802024841,456.0,935.0,374.0
3,1763497337.0858583,955.6930570602417,456.0,935.0,380.0
3,1763497337.1214612,960.502543926239,456.0,932.0,389.0
3,1763497337.1510608,965.3211860656738,456.0,958.0,389.0
3,1763497337.1861777,970.1240925788879,456.0,979.0,387.0
3,1763497337.225773,977.3355512619019,456.0,988.0,373.0
3,1763497337.2560782,979.6337752342224,456.0,1008.0,361.0
3,1763497337.292207,986.8253498077393,456.0,1030.0,369.0
3,1763497337.3213885,989.3355040550232,456.0,1041.0,388.0
3,1763497337.3511887,994.1027193069458,456.0,1038.0,390.0
3,1763497337.4019144,1001.2647180557251,456.0,1029.0,400.0
3,1763497337.4260266,1006.0628323554993,456.0,1039.0,432.0
3,1763497337.4606419,1010.9498529434204,456.0,1029.0,455.0
3,1763497337.4956985,1015.6582384109497,456.0,1008.0,446.0
3,1763497337.5265129,1020.4902200698853,456.0,1016.0,423.0
3,1763497337.5659647,1027.6939539909363,456.0,1025.0,406.0
3,1763497337.6133626,1034.8522334098816,456.0,1040.0,404.0
3,1763497337.6613412,1042.0449166297913,456.0,1053.0,433.0
3,1763497337.7012684,1046.874716758728,456.0,1070.0,433.0
3,1763497337.7364964,1051.72704744339,456.0,1075.0,416.0
3,1763497337.7754657,1058.9072494506836,456.0,1079.0,435.0
3,1763497337.8064494,1063.6003999710083,456.0,1083.0,446.0
3,1763497337.84113,1068.4883861541748,456.0,1077.0,431.0
3,1763497337.8756695,1073.257818698883,456.0,1069.0,396.0
3,1763497337.9189596,1080.4159908294678,456.0,1062.0,391.0
3,1763497337.956609,1085.348895072937,456.0,1073.0,397.0
3,1763497338.0058975,1092.52716588974,456.0,1097.0,402.0
3,1763497338.0556152,1099.7457056045532,456.0,1116.0,402.0
3,1763497338.0959299,1107.0082693099976,456.0,1156.0,383.0
3,1763497338.13601,1111.669662475586,456.0,1189.0,360.0
3,1763497338.177893,1118.8888101577759,456.0,1211.0,364.0
3,1763497338.2062628,1123.7055926322937,456.0,1211.0,390.0
3,1763497338.2465417,1128.506353378296,456.0,1206.0,398.0
3,1763497338.2760098,1133.3576111793518,456.0,1216.0,389.0
3,1763497338.3199787,1140.488031387329,456.0,1227.0,369.0
3,1763497338.3608065,1145.3125386238098,456.0,1243.0,370.0
3,1763497338.3966734,1152.446713924408,456.0,1253.0,381.0
3,1763497338.4416296,1157.2368531227112,456.0,1250.0,387.0
3,1763497338.4788868,1164.4837884902954,456.0,1214.0,382.0
3,1763497338.5092902,1169.2471771240234,456.0,1220.0,385.0
3,1763497338.562042,1176.5182523727417,456.0,1229.0,389.0
3,1763497338.61131,1183.7013869285583,456.0,1240.0,387.0
3,1763497338.6461,1188.4385256767273,456.0,1244.0,390.0
3,1763497338.6670887,1193.3130292892456,456.0,1248.0,400.0
3,1763497338.6968372,1195.6956534385681,456.0,1256.0,406.0
3,1763497338.7341583,1202.9537467956543,456.0,1264.0,399.0
3,1763497338.771427,1207.7263979911804,456.0,1306.0,381.0
3,1763497338.8160996,1214.9096755981445,456.0,1298.0,405.0
3,1763497338.8558187,1219.68039560318,456.0,1284.0,406.0
3,1763497338.8946664,1226.9206433296204,456.0,1278.0,414.0
3,1763497338.9444087,1234.0166239738464,456.0,1288.0,427.0
3,1763497338.9948492,1241.2948875427246,456.0,1299.0,432.0
3,1763497339.0310414,1246.0011630058289,456.0,1299.0,420.0
3,1763497339.0697112,1253.2714157104492,456.0,1285.0,405.0
3,1763497339.1033037,1258.1862955093384,456.0,1299.0,374.0
3,1763497339.1456993,1265.3244762420654,456.0,1318.0,350.0
3,1763497339.1857212,1270.1358227729797,456.0,1319.0,331.0
3,1763497339.2308109,1277.2631673812866,456.0,1342.0,345.0
3,1763497339.2737432,1282.1305899620056,456.0,1367.0,350.0
3,1763497339.3361955,1291.8231992721558,456.0,1368.0,340.0
3,1763497339.3968756,1301.2048869132996,456.0,1374.0,334.0
3,1763497339.4309099,1306.1326413154602,456.0,1369.0,314.0
3,1763497339.488252,1315.7267241477966,456.0,1363.0,312.0
3,1763497339.534185,1322.8227047920227,456.0,1379.0,331.0
3,1763497339.581724,1330.0485758781433,456.0,1413.0,312.0
3,1763497339.6168864,1334.8824887275696,456.0,1462.0,305.0
3,1763497339.6566312,1339.6556763648987,456.0,1442.0,345.0
3,1763497339.69462,1346.914556503296,456.0,1447.0,342.0
3,1763497339.727866,1351.6724019050598,456.0,1457.0,321.0
3,1763497339.7776697,1358.8455228805542,456.0,1445.0,314.0
3,1763497339.805933,1363.6726050376892,456.0,1456.0,329.0
3,1763497339.8383563,1368.595781803131,456.0,1467.0,323.0
3,1763497339.8707259,1373.3838109970093,456.0,1455.0,324.0
3,1763497339.90561,1378.0353693962097,456.0,1468.0,316.0
3,1763497339.9509299,1385.3066234588623,456.0,1494.0,317.0
3,1763497339.999182,1392.5988702774048,456.0,1495.0,326.0
3,1763497340.0310972,1397.327175617218,456.0,1470.0,344.0
3,1763497340.0716403,1402.077296257019,456.0,1470.0,337.0
3,1763497340.1017926,1406.8056015968323,456.0,1497.0,316.0
3,1763497340.1451356,1414.0625863075256,456.0,1509.0,325.0
3,1763497340.1951814,1421.2385325431824,456.0,1504.0,347.0
3,1763497340.2395842,1428.5416870117188,456.0,1572.0,330.0
3,1763497340.2893012,1435.7406644821167,456.0,1554.0,362.0
3,1763497340.3356934,1442.8263454437256,456.0,1553.0,402.0
3,1763497340.3661556,1447.6006059646606,456.0,1569.0,392.0
3,1763497340.4009326,1452.541413784027,456.0,1579.0,412.0
3,1763497340.4513967,1459.6263794898987,456.0,1580.0,425.0
3,1763497340.5062912,1469.4132595062256,456.0,1572.0,412.0
3,1763497340.5508857,1474.1475729942322,456.0,1587.0,391.0
3,1763497340.5765405,1478.8164405822754,456.0,1615.0,395.0
3,1763497340.6108866,1483.6577920913696,456.0,1611.0,402.0
3,1763497340.6461468,1488.4016542434692,456.0,1590.0,396.0
3,1763497340.687243,1495.6947236061096,456.0,1598.0,382.0
3,1763497340.7265174,1500.4092960357666,456.0,1592.0,392.0
3,1763497340.7565143,1505.223002910614,456.0,1563.0,427.0
3,1763497340.7906914,1510.128369808197,456.0,1556.0,439.0
3,1763497340.826341,1517.4207239151,456.0,1561.0,445.0
3,1763497340.8662498,1522.1360473632812,456.0,1544.0,442.0
3,1763497340.9010196,1526.818576335907,456.0,1533.0,427.0
3,1763497340.9365644,1531.6225199699402,456.0,1521.0,445.0
3,1763497340.9904459,1541.2635235786438,456.0,1620.0,491.0
3,1763497341.026687,1546.0024147033691,456.0,1680.0,491.0
3,1763497341.0612397,1550.8188753128052,456.0,1703.0,467.0
3,1763497341.096249,1555.7355432510376,456.0,1680.0,509.0
3,1763497341.1329176,1562.9471807479858,456.0,1669.0,549.0
3,1763497341.1656907,1567.6367192268372,456.0,1686.0,532.0
3,1763497341.1908321,1570.006254196167,456.0,1689.0,517.0
3,1763497341.229207,1577.221682548523,456.0,1680.0,532.0
3,1763497341.2658463,1582.1715741157532,456.0,1708.0,522.0
3,1763497341.3065891,1589.4579558372498,456.0,1739.0,452.0
3,1763497341.3358645,1591.6051535606384,456.0,1766.0,414.0
3,1763497341.3812335,1598.989739894867,456.0,1795.0,409.0
3,1763497341.4261467,1606.0592560768127,456.0,1815.0,421.0
3,1763497341.469308,1613.2368116378784,456.0,1810.0,427.0
3,1763497341.5020802,1618.1438236236572,456.0,1788.0,420.0
3,1763497341.5363438,1622.917905330658,456.0,1777.0,412.0
3,1763497341.582702,1630.0381689071655,456.0,1800.0,369.0
3,1763497341.6215236,1634.833529472351,456.0,1830.0,333.0
3,1763497341.6511254,1639.6508841514587,456.0,1906.0,275.0
3,1763497341.685924,1644.5520310401917,456.0,1891.0,338.0
3,1763497341.7256558,1651.6640691757202,456.0,1876.0,377.0
3,1763497341.76098,1656.441083431244,456.0,1882.0,397.0
3,1763497341.795596,1661.3322882652283,456.0,1883.0,396.0
3,1763497341.8317773,1666.103687763214,456.0,1901.0,413.0
3,1763497341.8697557,1673.254635810852,456.0,1896.0,413.0
3,1763497341.8965013,1675.653567790985,456.0,1880.0,407.0
3,1763497341.9336104,1682.8471093177795,456.0,1888.0,394.0
3,1763497341.9669516,1687.6625328063965,456.0,1904.0,395.0
3,1763497342.0213747,1694.8869733810425,456.0,1918.0,410.0
3,1763497342.0629911,1702.085557460785,456.0,1944.0,390.0
3,1763497342.1008608,1706.8801312446594,456.0,1980.0,380.0
3,1763497342.1300452,1711.6835741996765,456.0,1952.0,418.0
3,1763497342.1606028,1716.5867238044739,456.0,1949.0,411.0
3,1763497342.1964338,1721.255627155304,456.0,1940.0,380.0
4,1763497342.2314832,1726.0828166007996,456.0,1946.0,373.0
4,1763497342.2714713,1726.0828166007996,456.0,1963.0,364.0
4,1763497342.3058963,1726.0828166007996,456.0,1970.0,363.0
4,1763497342.345965,1726.0828166007996,456.0,1943.0,375.0
4,1763497342.3660645,1726.0828166007996,456.0,1897.0,348.0
4,1763497342.4058113,1726.0828166007996,456.0,1876.0,372.0
4,1763497342.4464204,1726.0828166007996,456.0,1957.0,340.0
4,1763497342.4861546,1726.0828166007996,456.0,1940.0,280.0
4,1763497342.5209706,1726.0828166007996,456.0,1916.0,247.0
4,1763497342.545848,1726.0828166007996,456.0,1901.0,196.0
4,1763497342.5757146,1726.0828166007996,456.0,1906.0,138.0
4,1763497342.606348,1726.0828166007996,456.0,1898.0,147.0
4,1763497342.6409414,1726.0828166007996,456.0,1913.0,176.0
4,1763497342.6763585,1726.0828166007996,456.0,1917.0,188.0
4,1763497342.706383,1726.0828166007996,456.0,1892.0,179.0
4,1763497342.7311432,178.0,549.0,1284.0,307.0
4,1763497342.7670004,182.81431484222412,549.0,790.0,409.0
4,1763497342.7960625,187.68456268310547,549.0,577.0,438.0
4,1763497342.8306596,194.93822145462036,549.0,405.0,410.0
4,1763497342.8608105,197.27074193954468,549.0,396.0,416.0
4,1763497342.891636,202.0992546081543,549.0,362.0,478.0
4,1763497342.9311745,209.2564253807068,549.0,338.0,512.0
4,1763497342.9658465,214.00211143493652,549.0,328.0,524.0
4,1763497343.0015707,218.838885307312,549.0,338.0,547.0
4,1763497343.0356784,223.6406831741333,549.0,340.0,561.0
4,1763497343.075519,230.85950899124146,549.0,325.0,557.0
4,1763497343.1171386,235.62046575546265,549.0,320.0,554.0
4,1763497343.1711612,245.26504564285278,549.0,327.0,547.0
4,1763497343.2026508,250.10614681243896,549.0,287.0,525.0
4,1763497343.234931,254.8349528312683,549.0,298.0,533.0
4,1763497343.2667863,259.76445960998535,549.0,315.0,526.0
4,1763497343.301479,264.6050958633423,549.0,325.0,523.0
4,1763497343.3268802,266.83858919143677,549.0,332.0,511.0
4,1763497343.3651686,274.07551097869873,549.0,342.0,502.0
4,1763497343.4137254,281.37458848953247,549.0,360.0,498.0
4,1763497343.451526,286.00944566726685,549.0,382.0,500.0
4,1763497343.481508,290.8068804740906,549.0,381.0,495.0
4,1763497343.5277338,298.0378656387329,549.0,377.0,506.0
4,1763497343.572644,305.3380160331726,549.0,383.0,523.0
4,1763497343.6215098,312.4465136528015,549.0,385.0,554.0
4,1763497343.651018,317.2189860343933,549.0,386.0,561.0
4,1763497343.6815073,322.09728050231934,549.0,373.0,559.0
4,1763497343.7160714,326.96302223205566,549.0,375.0,559.0
4,1763497343.748505,331.6592483520508,549.0,380.0,533.0
4,1763497343.7987742,338.8996391296387,549.0,406.0,535.0
4,1763497343.821126,341.2005453109741,549.0,440.0,554.0
4,1763497343.8611882,348.50734758377075,549.0,446.0,572.0
4,1763497343.9111822,355.72570848464966,549.0,436.0,580.0
4,1763497343.9561534,362.9525809288025,549.0,431.0,572.0
4,1763497343.9964147,367.641010761261,549.0,435.0,531.0
4,1763497344.0265307,372.41670179367065,549.0,437.0,541.0
4,1763497344.061088,377.29213523864746,549.0,456.0,516.0
4,1763497344.0983467,384.55291080474854,549.0,456.0,480.0
4,1763497344.1316414,389.3284945487976,549.0,453.0,473.0
4,1763497344.1641233,394.14091396331787,549.0,468.0,488.0
4,1763497344.2015927,398.83460092544556,549.0,482.0,492.0
4,1763497344.2362297,403.65646171569824,549.0,489.0,475.0
4,1763497344.2757804,410.8798294067383,549.0,489.0,471.0
4,1763497344.3082316,415.62437105178833,549.0,492.0,474.0
4,1763497344.3465257,420.48489141464233,549.0,498.0,467.0
4,1763497344.3808105,425.3299980163574,549.0,497.0,456.0
4,1763497344.4110277,430.00029611587524,549.0,481.0,451.0
4,1763497344.4464214,434.91603422164917,549.0,473.0,456.0
4,1763497344.483258,442.16332721710205,549.0,471.0,461.0
4,1763497344.5162084,446.9582586288452,549.0,488.0,449.0
4,1763497344.5512357,451.66946935653687,549.0,496.0,450.0
4,1763497344.5859299,456.48267555236816,549.0,522.0,455.0
4,1763497344.6363661,463.74302196502686,549.0,531.0,440.0
4,1763497344.681336,470.8970456123352,549.0,518.0,437.0
4,1763497344.7215772,478.08214712142944,549.0,532.0,466.0
4,1763497344.7665262,482.87046241760254,549.0,561.0,454.0
4,1763497344.8140392,490.1862769126892,549.0,559.0,435.0
4,1763497344.8409317,494.96611642837524,549.0,542.0,436.0
4,1763497344.8764064,499.68723344802856,549.0,535.0,433.0
4,1763497344.9158409,506.92240285873413,549.0,528.0,432.0
4,1763497344.9492493,511.76214504241943,549.0,529.0,432.0
4,1763497344.9823892,516.4093761444092,549.0,535.0,448.0
4,1763497345.015877,521.2713985443115,549.0,540.0,460.0
4,1763497345.0510325,526.0302095413208,549.0,543.0,451.0
4,1763497345.0913262,533.2115201950073,549.0,543.0,431.0
4,1763497345.1261415,538.119104385376,549.0,545.0,436.0
4,1763497345.1608615,542.9843096733093,549.0,560.0,434.0
4,1763497345.1961715,547.6452379226685,549.0,572.0,431.0
4,1763497345.234682,554.8741488456726,549.0,581.0,431.0
4,1763497345.265878,559.7193984985352,549.0,585.0,435.0
4,1763497345.3012347,564.5462303161621,549.0,593.0,455.0
4,1763497345.336537,569.2618041038513,549.0,594.0,454.0
4,1763497345.36588,574.0963249206543,549.0,598.0,450.0
4,1763497345.4011085,578.8643984794617,549.0,602.0,458.0
4,1763497345.4462235,586.0660581588745,549.0,599.0,470.0
4,1763497345.4738357,590.8211498260498,549.0,593.0,461.0
4,1763497345.5111458,595.6076769828796,549.0,577.0,445.0
4,1763497345.540947,600.4600434303284,549.0,583.0,432.0
4,1763497345.5762794,605.3175597190857,549.0,586.0,442.0
4,1763497345.6113322,610.1444630622864,549.0,585.0,459.0
4,1763497345.64069,614.8073582649231,549.0,575.0,462.0
4,1763497345.676183,619.7473793029785,549.0,574.0,469.0
4,1763497345.7166502,626.8612055778503,549.0,579.0,467.0
4,1763497345.7664464,634.0120463371277,549.0,598.0,452.0
4,1763497345.8009713,638.9114050865173,549.0,626.0,447.0
4,1763497345.8452568,646.1255102157593,549.0,655.0,464.0
4,1763497345.8762176,650.9338526725769,549.0,635.0,442.0
4,1763497345.911126,655.7307868003845,549.0,634.0,437.0
4,1763497345.957691,662.8099231719971,549.0,642.0,439.0
4,1763497345.9959133,667.7419333457947,549.0,649.0,429.0
4,1763497346.0264423,672.5694088935852,549.0,641.0,440.0
4,1763497346.0610683,677.2446064949036,549.0,646.0,447.0
4,1763497346.1001801,684.5002679824829,549.0,661.0,455.0
4,1763497346.1260304,686.9833855628967,549.0,652.0,460.0
4,1763497346.1620457,694.006588935852,549.0,654.0,457.0
4,1763497346.1944854,698.8467245101929,549.0,661.0,465.0
4,1763497346.2440767,706.1129717826843,549.0,671.0,471.0
4,1763497346.2812872,710.9095125198364,549.0,683.0,473.0
4,1763497346.31669,715.6675367355347,549.0,694.0,470.0
4,1763497346.3554149,722.9206590652466,549.0,697.0,463.0
4,1763497346.3809192,725.2090482711792,549.0,704.0,460.0
4,1763497346.4181256,732.5239329338074,549.0,700.0,466.0
4,1763497346.4567366,737.3417167663574,549.0,699.0,480.0
4,1763497346.486215,742.0887260437012,549.0,694.0,489.0
4,1763497346.5343971,749.3013648986816,549.0,696.0,472.0
4,1763497346.5830288,756.5110712051392,549.0,764.0,461.0
4,1763497346.6059763,758.9147238731384,549.0,764.0,473.0
4,1763497346.6459644,766.1334066390991,549.0,765.0,479.0
4,1763497346.6808958,770.8687214851379,549.0,783.0,486.0
4,1763497346.7158806,775.7235555648804,549.0,796.0,484.0
4,1763497346.7460248,780.4428129196167,549.0,797.0,462.0
4,1763497346.7808604,785.2605967521667,549.0,788.0,461.0
4,1763497346.8208053,792.49054479599,549.0,800.0,463.0
4,1763497346.8606937,797.2516446113586,549.0,801.0,472.0
4,1763497346.9058766,804.467752456665,549.0,801.0,481.0
4,1763497346.9510229,811.7437987327576,549.0,797.0,470.0
4,1763497346.979572,816.452398777008,549.0,803.0,447.0
4,1763497347.020589,821.2026982307434,549.0,816.0,444.0
4,1763497347.059235,828.5426168441772,549.0,821.0,456.0
4,1763497347.1006544,833.2581906318665,549.0,815.0,464.0
4,1763497347.1388698,840.5040888786316,549.0,811.0,473.0
4,1763497347.171207,845.4075245857239,549.0,827.0,469.0
4,1763497347.2107894,850.1805691719055,549.0,833.0,482.0
4,1763497347.246444,854.9497513771057,549.0,829.0,478.0
4,1763497347.285179,862.1477990150452,549.0,824.0,465.0
4,1763497347.3215141,866.9446258544922,549.0,823.0,458.0
4,1763497347.3508148,871.6342000961304,549.0,834.0,449.0
4,1763497347.3862517,876.4023094177246,549.0,838.0,443.0
4,1763497347.4157462,881.2340407371521,549.0,900.0,428.0
4,1763497347.4514966,886.0071926116943,549.0,898.0,427.0
4,1763497347.4862754,890.9626631736755,549.0,882.0,448.0
4,1763497347.5164418,895.7372455596924,549.0,895.0,444.0
4,1763497347.5546596,902.8534679412842,549.0,899.0,450.0
4,1763497347.58619,907.6029090881348,549.0,899.0,465.0
4,1763497347.6343565,914.8343591690063,549.0,905.0,473.0
4,1763497347.6761234,919.6547894477844,549.0,917.0,476.0
4,1763497347.7212722,926.883056640625,549.0,936.0,475.0
4,1763497347.7512155,931.6055326461792,549.0,942.0,469.0
4,1763497347.7960446,938.945737361908,549.0,949.0,473.0
4,1763497347.8357282,943.740168094635,549.0,952.0,484.0
4,1763497347.8750215,950.9188323020935,549.0,951.0,498.0
4,1763497347.9158354,955.7489900588989,549.0,956.0,489.0
4,1763497347.9560227,962.8097443580627,549.0,940.0,475.0
4,1763497348.004306,970.0818567276001,549.0,945.0,450.0
4,1763497348.0573807,977.334442615509,549.0,977.0,447.0
4,1763497348.0860193,982.1434645652771,549.0,1089.0,439.0
4,1763497348.1175556,986.9764833450317,549.0,1083.0,445.0
4,1763497348.1508074,991.6931300163269,549.0,1085.0,444.0
4,1763497348.1864493,996.469500541687,549.0,1099.0,432.0
4,1763497348.2213128,1001.3103513717651,549.0,1099.0,433.0
4,1763497348.2612586,1008.484938621521,549.0,1118.0,425.0
4,1763497348.2964709,1013.3525757789612,549.0,1149.0,443.0
4,1763497348.3337808,1018.0777339935303,549.0,1159.0,432.0
4,1763497348.3613582,1022.8652982711792,549.0,1078.0,434.0
4,1763497348.3965175,1027.705719947815,549.0,1071.0,437.0
4,1763497348.437886,1034.8673253059387,549.0,1069.0,446.0
4,1763497348.4689097,1039.7281675338745,549.0,1069.0,456.0
4,1763497348.5064256,1044.464912891388,549.0,1065.0,469.0
4,1763497348.5356054,1049.2085247039795,549.0,1062.0,466.0
4,1763497348.5809715,1056.459107875824,549.0,1065.0,474.0
4,1763497348.6213949,1061.2153797149658,549.0,1070.0,493.0
4,1763497348.6585402,1068.4879927635193,549.0,1072.0,483.0
4,1763497348.6960695,1073.2648639678955,549.0,1074.0,475.0
4,1763497348.7407918,1080.515196800232,549.0,1210.0,455.0
4,1763497348.791186,1087.6403241157532,549.0,1271.0,435.0
4,1763497348.820462,1092.4644737243652,549.0,1295.0,435.0
4,1763497348.8464,1094.9787764549255,549.0,1297.0,442.0
4,1763497348.876221,1099.7641592025757,549.0,1303.0,453.0
4,1763497348.9162354,1106.9127826690674,549.0,1297.0,461.0
4,1763497348.9460132,1111.6413741111755,549.0,1289.0,474.0
4,1763497348.9806447,1116.6192679405212,549.0,1291.0,453.0
4,1763497349.0158203,1121.3130264282227,549.0,1218.0,479.0
4,1763497349.0616045,1128.4250288009644,549.0,1215.0,483.0
4,1763497349.107472,1135.6759696006775,549.0,1212.0,489.0
4,1763497349.154347,1142.8757338523865,549.0,1192.0,504.0
4,1763497349.1812184,1145.2547817230225,549.0,1174.0,515.0
4,1763497349.2195947,1152.4446396827698,549.0,1165.0,519.0
4,1763497349.251554,1157.3473601341248,549.0,1156.0,518.0
4,1763497349.2848883,1162.0697646141052,549.0,1158.0,496.0
4,1763497349.3205898,1166.9023900032043,549.0,1172.0,484.0
4,1763497349.3659415,1174.0174679756165,549.0,1211.0,489.0
4,1763497349.4012132,1178.9329557418823,549.0,1222.0,505.0
4,1763497349.4357147,1183.7702660560608,549.0,1231.0,518.0
4,1763497349.473367,1190.8624558448792,549.0,1239.0,503.0
4,1763497349.5111957,1195.6660060882568,549.0,1264.0,495.0
4,1763497349.54628,1200.5605726242065,549.0,1279.0,511.0
4,1763497349.5814238,1205.237844467163,549.0,1272.0,528.0
4,1763497349.6182065,1212.4498038291931,549.0,1284.0,528.0
4,1763497349.6462235,1214.865758895874,549.0,1289.0,527.0
4,1763497349.6912637,1222.1059350967407,549.0,1347.0,493.0
4,1763497349.7264478,1226.918068408966,549.0,1355.0,483.0
4,1763497349.7792335,1236.4343671798706,549.0,1364.0,467.0
4,1763497349.8067195,1238.9130501747131,549.0,1367.0,458.0
4,1763497349.8364563,1243.733516216278,549.0,1387.0,442.0
4,1763497349.8740873,1250.859251499176,549.0,1400.0,435.0
4,1763497349.9078872,1255.7353286743164,549.0,1421.0,441.0
4,1763497349.9539425,1262.814715385437,549.0,1425.0,441.0
4,1763497349.985732,1267.724051952362,549.0,1421.0,441.0
4,1763497350.020143,1272.5444822311401,549.0,1420.0,448.0
4,1763497350.056502,1277.2785096168518,549.0,1415.0,456.0
4,1763497350.0913832,1282.1360974311829,549.0,1416.0,483.0
4,1763497350.1210349,1286.9017391204834,549.0,1410.0,483.0
4,1763497350.1716063,1294.0088062286377,549.0,1409.0,484.0
4,1763497350.2260761,1303.6320357322693,549.0,1418.0,496.0
4,1763497350.2664042,1308.469560623169,549.0,1425.0,467.0
4,1763497350.2969959,1313.3585124015808,549.0,1462.0,418.0
4,1763497350.3414123,1320.4054265022278,549.0,1450.0,442.0
4,1763497350.3890924,1327.8050332069397,549.0,1445.0,466.0
4,1763497350.4406977,1334.9818377494812,549.0,1457.0,461.0
4,1763497350.470997,1339.8229746818542,549.0,1487.0,443.0
4,1763497350.5015383,1344.4748191833496,549.0,1505.0,460.0
4,1763497350.5511992,1351.7173199653625,549.0,1490.0,488.0
4,1763497350.596116,1358.8228135108948,549.0,1470.0,505.0
4,1763497350.6211476,1361.2383036613464,549.0,1530.0,451.0
4,1763497350.6611102,1368.5289769172668,549.0,1545.0,446.0
4,1763497350.6964142,1373.3138947486877,549.0,1555.0,442.0
4,1763497350.7313077,1378.0236749649048,549.0,1552.0,425.0
4,1763497350.7667363,1382.8997163772583,549.0,1538.0,424.0
4,1763497350.79664,1387.7471833229065,549.0,1545.0,419.0
4,1763497350.8408318,1394.8492794036865,549.0,1551.0,410.0
4,1763497350.871182,1399.6039776802063,549.0,1557.0,405.0
4,1763497350.9069076,1404.4550566673279,549.0,1559.0,387.0
4,1763497350.9406285,1409.349265575409,549.0,1560.0,375.0
4,1763497350.9710186,1414.1213445663452,549.0,1569.0,371.0
4,1763497351.0061677,1418.8679962158203,549.0,1580.0,367.0
4,1763497351.045621,1426.0495929718018,549.0,1577.0,359.0
4,1763497351.0808136,1430.8592586517334,549.0,1562.0,351.0
4,1763497351.11571,1435.7545404434204,549.0,1583.0,361.0
4,1763497351.1546311,1442.854884147644,549.0,1605.0,382.0
4,1763497351.1915538,1447.6395874023438,549.0,1632.0,419.0
4,1763497351.2259402,1452.4329810142517,549.0,1697.0,399.0
4,1763497351.2708843,1459.6073536872864,549.0,1693.0,385.0
4,1763497351.3182197,1466.8763904571533,549.0,1685.0,400.0
4,1763497351.362739,1474.1029410362244,549.0,1698.0,404.0
4,1763497351.3972547,1478.9791612625122,549.0,1730.0,385.0
4,1763497351.4311023,1483.682647228241,549.0,1747.0,392.0
4,1763497351.466282,1488.499107837677,549.0,1747.0,404.0
4,1763497351.5059364,1495.7418947219849,549.0,1732.0,387.0
4,1763497351.541588,1500.4769949913025,549.0,1718.0,402.0
4,1763497351.5760694,1505.364695072174,549.0,1719.0,430.0
4,1763497351.6106548,1510.0857763290405,549.0,1720.0,417.0
4,1763497351.6562479,1517.3556714057922,549.0,1726.0,395.0
4,1763497351.706082,1524.4676022529602,549.0,1726.0,407.0
4,1763497351.7324297,1529.3111352920532,549.0,1725.0,397.0
4,1763497351.7709963,1534.0640811920166,549.0,1722.0,401.0
4,1763497351.8110323,1541.2354140281677,549.0,1721.0,420.0
4,1763497351.8534503,1546.0495500564575,549.0,1806.0,378.0
4,1763497351.8813982,1550.8144764900208,549.0,1828.0,349.0
4,1763497351.9160936,1555.6938796043396,549.0,1832.0,368.0
4,1763497351.9536977,1562.8865270614624,549.0,1844.0,340.0
4,1763497351.988327,1567.7427916526794,549.0,1862.0,326.0
4,1763497352.0213442,1572.540297985077,549.0,1864.0,319.0
4,1763497352.0461972,1574.8640565872192,549.0,1857.0,342.0
4,1763497352.0834923,1582.041862487793,549.0,1836.0,337.0
4,1763497352.1215844,1586.9068531990051,549.0,1824.0,349.0
4,1763497352.1511984,1591.642132282257,549.0,1834.0,358.0
4,1763497352.190817,1598.961844921112,549.0,1848.0,370.0
4,1763497352.2307687,1603.6409049034119,549.0,1862.0,376.0
4,1763497352.270646,1610.936191558838,549.0,1852.0,368.0
4,1763497352.3063345,1615.6004099845886,549.0,1839.0,358.0
4,1763497352.34651,1620.5541996955872,549.0,1826.0,320.0
4,1763497352.3887436,1627.6301531791687,549.0,1826.0,320.0
4,1763497352.4353366,1634.8417191505432,549.0,1821.0,353.0
4,1763497352.471076,1639.6297483444214,549.0,1817.0,341.0
4,1763497352.506415,1644.4166331291199,549.0,1860.0,317.0
4,1763497352.5367577,1649.3703155517578,549.0,1862.0,332.0
4,1763497352.5707877,1654.1680006980896,549.0,1855.0,339.0
4,1763497352.6111646,1661.2627296447754,549.0,1858.0,354.0
4,1763497352.650928,1666.0449652671814,549.0,1837.0,374.0
4,1763497352.6809359,1670.9473996162415,549.0,1855.0,350.0
4,1763497352.7155905,1675.7326393127441,549.0,1874.0,338.0
4,1763497352.7466564,1680.4557948112488,549.0,1897.0,326.0
4,1763497352.790155,1687.6837759017944,549.0,1894.0,313.0
4,1763497352.8264618,1692.484965801239,549.0,1915.0,331.0
4,1763497352.851366,1697.2399501800537,549.0,1913.0,340.0
4,1763497352.8820038,1702.1040468215942,549.0,1899.0,323.0
4,1763497352.9206731,1706.8401126861572,549.0,1887.0,307.0
4,1763497352.951196,1711.6761355400085,549.0,1893.0,286.0
4,1763497352.9857225,1716.5018229484558,549.0,1901.0,273.0
4,1763497353.0211554,1721.2448625564575,549.0,1927.0,277.0
5,1763497353.061098,1726.0032086372375,549.0,1929.0,274.0
5,1763497353.090931,1726.0032086372375,549.0,1919.0,241.0
5,1763497353.1213925,1726.0032086372375,549.0,1928.0,222.0
5,1763497353.150958,1726.0032086372375,549.0,1940.0,216.0
5,1763497353.181568,1726.0032086372375,549.0,1929.0,237.0
5,1763497353.21063,1726.0032086372375,549.0,1932.0,254.0
5,1763497353.2463748,1726.0032086372375,549.0,1927.0,273.0
5,1763497353.2762575,1726.0032086372375,549.0,1927.0,308.0
5,1763497353.3158567,1726.0032086372375,549.0,1908.0,306.0
5,1763497353.346219,1726.0032086372375,549.0,1920.0,266.0
5,1763497353.3758004,1726.0032086372375,549.0,1945.0,223.0
5,1763497353.4108217,1726.0032086372375,549.0,1958.0,212.0
5,1763497353.4466405,1726.0032086372375,549.0,1718.0,290.0
5,1763497353.4863155,1726.0032086372375,549.0,977.0,433.0
5,1763497353.5265393,1726.0032086372375,549.0,414.0,501.0
5,1763497353.5594294,180.4572253227234,642.0,391.0,477.0
5,1763497353.586114,182.84975576400757,642.0,359.0,537.0
5,1763497353.6156695,187.73137617111206,642.0,332.0,580.0
5,1763497353.6509001,194.87198877334595,642.0,295.0,629.0
5,1763497353.6808488,197.29481029510498,642.0,283.0,641.0
5,1763497353.7260168,204.4710783958435,642.0,276.0,655.0
5,1763497353.7565773,209.31564855575562,642.0,279.0,663.0
5,1763497353.7914495,214.12713813781738,642.0,277.0,672.0
5,1763497353.821024,218.92893600463867,642.0,265.0,648.0
5,1763497353.8562899,223.71914672851562,642.0,261.0,632.0
5,1763497353.890603,230.82742977142334,642.0,259.0,633.0
5,1763497353.9308221,235.60029554367065,642.0,259.0,634.0
5,1763497353.9657152,240.49375343322754,642.0,312.0,607.0
5,1763497354.0007715,245.2446608543396,642.0,320.0,612.0
5,1763497354.030908,250.05572128295898,642.0,312.0,630.0
5,1763497354.0658095,254.91770792007446,642.0,310.0,629.0
5,1763497354.1077907,262.0223431587219,642.0,313.0,620.0
5,1763497354.135816,266.8291120529175,642.0,330.0,619.0
5,1763497354.1709414,271.61302852630615,642.0,341.0,625.0
5,1763497354.2059739,276.4531283378601,642.0,335.0,623.0
5,1763497354.236585,281.20518016815186,642.0,319.0,629.0
5,1763497354.2711773,286.10346603393555,642.0,319.0,621.0
5,1763497354.3059373,290.94907331466675,642.0,329.0,610.0
5,1763497354.3431818,298.04276514053345,642.0,354.0,600.0
5,1763497354.3765028,302.8342990875244,642.0,372.0,603.0
5,1763497354.409645,307.74191904067993,642.0,383.0,611.0
5,1763497354.4459345,312.58184003829956,642.0,375.0,599.0
5,1763497354.4765835,317.3505573272705,642.0,369.0,594.0
5,1763497354.5205252,324.4757561683655,642.0,377.0,566.0
5,1763497354.5610743,329.2215852737427,642.0,395.0,548.0
5,1763497354.606568,336.4935188293457,642.0,426.0,539.0
5,1763497354.6482165,343.6087040901184,642.0,450.0,530.0
5,1763497354.6858258,348.494544506073,642.0,438.0,556.0
5,1763497354.720848,353.3232002258301,642.0,415.0,606.0
5,1763497354.7510006,358.1222801208496,642.0,434.0,615.0
5,1763497354.7855957,362.89224910736084,642.0,447.0,597.0
5,1763497354.8246126,370.1196937561035,642.0,442.0,590.0
5,1763497354.86139,374.8194246292114,642.0,443.0,591.0
5,1763497354.902954,382.0228009223938,642.0,442.0,592.0
5,1763497354.9363494,386.9021325111389,642.0,450.0,605.0
5,1763497354.9714978,391.742733001709,642.0,473.0,612.0
5,1763497355.0059893,396.5506820678711,642.0,474.0,614.0
5,1763497355.0414085,401.20152521133423,642.0,460.0,603.0
5,1763497355.0796976,408.5206298828125,642.0,455.0,596.0
5,1763497355.1107135,413.334837436676,642.0,470.0,592.0
5,1763497355.1429746,418.0514483451843,642.0,492.0,575.0
5,1763497355.1926043,425.37287759780884,642.0,493.0,548.0
5,1763497355.2312214,430.0056962966919,642.0,542.0,530.0
5,1763497355.2606802,434.92758560180664,642.0,534.0,537.0
5,1763497355.2913377,439.62123680114746,642.0,535.0,534.0
5,1763497355.3212109,444.5130853652954,642.0,556.0,539.0
5,1763497355.3608553,449.3343381881714,642.0,569.0,524.0
5,1763497355.401444,456.4547448158264,642.0,574.0,524.0
5,1763497355.4360871,461.2745313644409,642.0,568.0,529.0
5,1763497355.462614,466.1453514099121,642.0,556.0,531.0
5,1763497355.5015028,470.8545594215393,642.0,510.0,573.0
5,1763497355.5425315,478.0184178352356,642.0,530.0,573.0
5,1763497355.5764897,482.878830909729,642.0,535.0,600.0
5,1763497355.6072898,487.67204570770264,642.0,542.0,612.0
5,1763497355.6424696,492.4069314002991,642.0,551.0,593.0
5,1763497355.6963978,499.664023399353,642.0,547.0,572.0
5,1763497355.7457798,506.8142919540405,642.0,556.0,569.0
5,1763497355.78343,514.1122608184814,642.0,576.0,576.0
5,1763497355.8107793,518.8538699150085,642.0,605.0,560.0
5,1763497355.847531,523.6654667854309,642.0,607.0,504.0
5,1763497355.886004,528.4155516624451,642.0,629.0,477.0
5,1763497355.92143,533.265736579895,642.0,615.0,518.0
5,1763497355.9592526,540.4073505401611,642.0,588.0,526.0
5,1763497355.9912376,545.2852873802185,642.0,584.0,527.0
5,1763497356.02532,550.0382332801819,642.0,591.0,537.0
5,1763497356.0580173,554.8275141716003,642.0,593.0,541.0
5,1763497356.0906155,559.6911816596985,642.0,594.0,558.0
5,1763497356.1208107,564.5338921546936,642.0,595.0,569.0
5,1763497356.1613905,569.3452386856079,642.0,589.0,574.0
5,1763497356.1958327,576.6118793487549,642.0,577.0,576.0
5,1763497356.2360635,581.3209800720215,642.0,578.0,580.0
5,1763497356.285766,588.5512857437134,642.0,581.0,569.0
5,1763497356.320875,593.2592420578003,642.0,591.0,561.0
5,1763497356.3587792,600.4394083023071,642.0,600.0,569.0
5,1763497356.386466,602.892270565033,642.0,596.0,570.0
5,1763497356.4163873,607.7155976295471,642.0,591.0,570.0
5,1763497356.4511251,614.9057416915894,642.0,592.0,567.0
5,1763497356.4877424,619.7389750480652,642.0,597.0,572.0
5,1763497356.5206285,624.5023636817932,642.0,709.0,559.0
5,1763497356.5669458,631.6182284355164,642.0,708.0,580.0
5,1763497356.6160707,638.8907699584961,642.0,691.0,598.0
5,1763497356.6462061,643.6746864318848,642.0,687.0,597.0
5,1763497356.671529,646.1190371513367,642.0,700.0,584.0
5,1763497356.7057264,650.8960871696472,642.0,712.0,569.0
5,1763497356.743548,658.0419211387634,642.0,714.0,552.0
5,1763497356.7814786,662.9775433540344,642.0,708.0,557.0
5,1763497356.8267932,670.0733451843262,642.0,703.0,563.0
5,1763497356.8738585,677.347460269928,642.0,703.0,577.0
5,1763497356.9034166,682.0774464607239,642.0,667.0,592.0
5,1763497356.9362354,686.8436603546143,642.0,665.0,591.0
5,1763497356.9708796,691.7513518333435,642.0,666.0,577.0
5,1763497357.0065866,696.5299396514893,642.0,690.0,553.0
5,1763497357.0360126,701.29922914505,642.0,708.0,560.0
5,1763497357.0657763,706.0609011650085,642.0,713.0,565.0
5,1763497357.1124136,713.3545427322388,642.0,713.0,567.0
5,1763497357.1657815,720.4039244651794,642.0,712.0,564.0
5,1763497357.2110012,727.6118783950806,642.0,720.0,563.0
5,1763497357.239369,732.4922828674316,642.0,740.0,577.0
5,1763497357.2716014,737.2742681503296,642.0,740.0,573.0
5,1763497357.3063738,742.0466690063477,642.0,743.0,552.0
5,1763497357.3357346,746.9531445503235,642.0,738.0,530.0
5,1763497357.37627,751.7106680870056,642.0,732.0,525.0
5,1763497357.4112542,758.9250950813293,642.0,735.0,538.0
5,1763497357.4461656,763.7002139091492,642.0,739.0,563.0
5,1763497357.4793954,768.4701113700867,642.0,722.0,584.0
5,1763497357.5111396,773.3024864196777,642.0,696.0,596.0
5,1763497357.5508544,778.0070095062256,642.0,696.0,588.0
5,1763497357.5919101,785.2519063949585,642.0,716.0,578.0
5,1763497357.631318,790.100338935852,642.0,733.0,582.0
5,1763497357.655672,794.9328570365906,642.0,730.0,564.0
5,1763497357.6908612,799.7121601104736,642.0,731.0,551.0
5,1763497357.7257972,804.4418601989746,642.0,723.0,560.0
5,1763497357.7607093,809.2949776649475,642.0,716.0,582.0
5,1763497357.790903,814.0242128372192,642.0,724.0,580.0
5,1763497357.8260336,818.916383266449,642.0,763.0,584.0
5,1763497357.8656504,826.0885028839111,642.0,775.0,591.0
5,1763497357.9126954,833.3487420082092,642.0,799.0,610.0
5,1763497357.9613178,840.4365329742432,642.0,814.0,611.0
5,1763497358.0011961,845.3566699028015,642.0,815.0,605.0
5,1763497358.025979,850.0483541488647,642.0,807.0,583.0
5,1763497358.0607207,854.8819093704224,642.0,806.0,567.0
5,1763497358.0964592,859.6385746002197,642.0,827.0,563.0
5,1763497358.1258476,864.4482760429382,642.0,847.0,568.0
5,1763497358.1718643,871.6586618423462,642.0,863.0,578.0
5,1763497358.20127,876.4660744667053,642.0,882.0,584.0
5,1763497358.236125,881.271234035492,642.0,886.0,573.0
5,1763497358.2716584,886.0939888954163,642.0,890.0,553.0
5,1763497358.3057323,890.8463983535767,642.0,894.0,560.0
5,1763497358.3436687,898.1941847801208,642.0,901.0,553.0
5,1763497358.376365,902.8916268348694,642.0,907.0,551.0
5,1763497358.4098933,907.6359539031982,642.0,927.0,545.0
5,1763497358.4388404,912.4650387763977,642.0,941.0,548.0
5,1763497358.476662,917.3056035041809,642.0,961.0,562.0
5,1763497358.5106158,922.1118001937866,642.0,959.0,580.0
5,1763497358.5465202,926.8896727561951,642.0,946.0,592.0
5,1763497358.5867932,934.1544179916382,642.0,959.0,588.0
5,1763497358.6319652,941.2926344871521,642.0,968.0,588.0
5,1763497358.6798482,948.5342411994934,642.0,951.0,583.0
5,1763497358.7064157,950.8901505470276,642.0,946.0,577.0
5,1763497358.746067,958.0635576248169,642.0,972.0,571.0
5,1763497358.7770877,962.8356366157532,642.0,980.0,572.0
5,1763497358.8163528,967.6910429000854,642.0,971.0,585.0
5,1763497358.8606405,974.8031883239746,642.0,965.0,591.0
5,1763497358.8878272,979.788341999054,642.0,974.0,616.0
5,1763497358.9206226,984.5079927444458,642.0,972.0,616.0
5,1763497358.9564793,989.3406181335449,642.0,945.0,603.0
5,1763497359.0107467,998.8489775657654,642.0,940.0,616.0
5,1763497359.066482,1006.0957341194153,642.0,956.0,615.0
5,1763497359.0966394,1010.9519271850586,642.0,950.0,614.0
5,1763497359.120726,1013.2937817573547,642.0,977.0,591.0
5,1763497359.1606503,1020.4851775169373,642.0,994.0,576.0
5,1763497359.1965606,1025.3257780075073,642.0,1004.0,584.0
5,1763497359.22319,1030.1043300628662,642.0,1005.0,576.0
5,1763497359.260911,1034.8366765975952,642.0,1003.0,576.0
5,1763497359.2965899,1039.66250705719,642.0,1001.0,568.0
5,1763497359.3311026,1046.9023613929749,642.0,998.0,564.0
5,1763497359.3611128,1049.2852358818054,642.0,986.0,582.0
5,1763497359.3956225,1056.5803437232971,642.0,988.0,597.0
5,1763497359.4365268,1061.3468437194824,642.0,985.0,589.0
5,1763497359.470953,1066.0624532699585,642.0,989.0,570.0
5,1763497359.506804,1070.8970098495483,642.0,985.0,567.0
5,1763497359.5363345,1075.7178692817688,642.0,1010.0,576.0
5,1763497359.5777414,1082.9075484275818,642.0,1032.0,586.0
5,1763497359.615631,1087.6362829208374,642.0,1127.0,570.0
5,1763497359.6565793,1094.804575920105,642.0,1114.0,565.0
5,1763497359.6975374,1099.6361284255981,642.0,1024.0,567.0
5,1763497359.7259026,1104.4237642288208,642.0,1026.0,555.0
5,1763497359.7611265,1109.2851071357727,642.0,1040.0,545.0
5,1763497359.7980072,1116.4811878204346,642.0,1062.0,533.0
5,1763497359.8261771,1118.928041934967,642.0,1071.0,539.0
5,1763497359.8567927,1123.7039833068848,642.0,1068.0,567.0
5,1763497359.896546,1130.9023885726929,642.0,1072.0,597.0
5,1763497359.9277205,1135.6311230659485,642.0,1106.0,601.0
5,1763497359.9710605,1142.896047115326,642.0,1107.0,590.0
5,1763497360.0007017,1145.205286026001,642.0,1117.0,567.0
5,1763497360.0412054,1152.4374513626099,642.0,1130.0,536.0
5,1763497360.0760953,1157.3635606765747,642.0,1132.0,517.0
5,1763497360.12152,1164.4881873130798,642.0,1139.0,526.0
5,1763497360.1606703,1169.288447380066,642.0,1133.0,540.0
5,1763497360.1997144,1176.529589176178,642.0,1132.0,553.0
5,1763497360.236466,1181.2935500144958,642.0,1141.0,542.0
5,1763497360.2711103,1186.1877946853638,642.0,1141.0,543.0
5,1763497360.305808,1190.9346251487732,642.0,1156.0,554.0
5,1763497360.3456936,1198.2017307281494,642.0,1200.0,563.0
5,1763497360.3780937,1202.9154090881348,642.0,1212.0,545.0
5,1763497360.4160795,1207.645323753357,642.0,1217.0,508.0
5,1763497360.451459,1214.9558095932007,642.0,1197.0,518.0
5,1763497360.489795,1219.7142271995544,642.0,1198.0,542.0
5,1763497360.521419,1224.4914202690125,642.0,1240.0,538.0
5,1763497360.5606554,1229.201057434082,642.0,1292.0,515.0
5,1763497360.5988557,1236.543586730957,642.0,1298.0,531.0
5,1763497360.6361556,1241.299536705017,642.0,1293.0,529.0
5,1763497360.678846,1248.4132199287415,642.0,1300.0,534.0
5,1763497360.7115207,1253.2801775932312,642.0,1319.0,519.0
5,1763497360.7455282,1258.0535440444946,642.0,1314.0,495.0
5,1763497360.7786918,1262.8714351654053,642.0,1315.0,485.0
5,1763497360.8115218,1267.6267771720886,642.0,1306.0,505.0
5,1763497360.8462212,1272.4990277290344,642.0,1299.0,513.0
5,1763497360.8760488,1277.2702841758728,642.0,1308.0,517.0
5,1763497360.9111605,1282.0282726287842,642.0,1319.0,508.0
5,1763497360.9507906,1289.220097541809,642.0,1342.0,513.0
5,1763497360.9975603,1296.414318561554,642.0,1340.0,535.0
5,1763497361.0512173,1303.6366848945618,642.0,1330.0,548.0
5,1763497361.0914025,1310.9473495483398,642.0,1334.0,520.0
5,1763497361.1299887,1315.6708984375,642.0,1360.0,500.0
5,1763497361.1656537,1320.5029873847961,642.0,1377.0,509.0
5,1763497361.2169654,1327.6864080429077,642.0,1452.0,492.0
5,1763497361.2726886,1337.3234062194824,642.0,1461.0,515.0
5,1763497361.3045852,1342.1108989715576,642.0,1478.0,503.0
5,1763497361.339215,1346.843960762024,642.0,1472.0,502.0
5,1763497361.3666992,1351.6324191093445,642.0,1465.0,509.0
5,1763497361.4061046,1356.5330295562744,642.0,1467.0,523.0
5,1763497361.4406607,1361.2593321800232,642.0,1480.0,519.0
5,1763497361.4784448,1368.4996871948242,642.0,1468.0,530.0
5,1763497361.5135434,1373.2948689460754,642.0,1465.0,536.0
5,1763497361.5618675,1380.4864435195923,642.0,1469.0,521.0
5,1763497361.5913546,1385.3104858398438,642.0,1461.0,518.0
5,1763497361.626422,1390.0930075645447,642.0,1481.0,529.0
5,1763497361.6613367,1394.9528484344482,642.0,1506.0,526.0
5,1763497361.6917684,1399.618139743805,642.0,1517.0,512.0
5,1763497361.721259,1404.478624343872,642.0,1575.0,488.0
5,1763497361.7613778,1409.2938690185547,642.0,1587.0,488.0
5,1763497361.7986176,1416.4077310562134,642.0,1600.0,484.0
5,1763497361.8312507,1421.2932496070862,642.0,1582.0,508.0
5,1763497361.866282,1426.0361819267273,642.0,1590.0,509.0
5,1763497361.9065168,1430.8547525405884,642.0,1591.0,514.0
5,1763497361.9467092,1438.0877404212952,642.0,1579.0,516.0
5,1763497361.98086,1442.914357662201,642.0,1572.0,510.0
5,1763497362.0113046,1447.6839690208435,642.0,1575.0,501.0
5,1763497362.046221,1452.5307207107544,642.0,1584.0,501.0
5,1763497362.0813456,1457.3207168579102,642.0,1592.0,512.0
5,1763497362.118391,1464.5468740463257,642.0,1608.0,519.0
5,1763497362.1511664,1469.2954568862915,642.0,1607.0,521.0
5,1763497362.1832187,1474.1034417152405,642.0,1608.0,502.0
5,1763497362.2163517,1478.9075284004211,642.0,1609.0,495.0
5,1763497362.249329,1483.7851791381836,642.0,1698.0,468.0
5,1763497362.2967117,1490.903869152069,642.0,1696.0,477.0
5,1763497362.345962,1498.0226306915283,642.0,1699.0,491.0
5,1763497362.3862162,1502.9396562576294,642.0,1711.0,503.0
5,1763497362.4401076,1512.501338005066,642.0,1722.0,504.0
5,1763497362.475636,1517.2858624458313,642.0,1717.0,494.0
5,1763497362.5214,1524.5377688407898,642.0,1712.0,473.0
5,1763497362.546543,1526.9206790924072,642.0,1723.0,443.0
5,1763497362.5857933,1534.1087489128113,642.0,1739.0,438.0
5,1763497362.6209092,1538.8697414398193,642.0,1764.0,431.0
5,1763497362.6566346,1543.6031608581543,642.0,1778.0,412.0
5,1763497362.6918101,1551.0084896087646,642.0,1768.0,403.0
5,1763497362.7307708,1555.6842594146729,642.0,1774.0,393.0
5,1763497362.764953,1560.496428489685,642.0,1783.0,388.0
5,1763497362.7922385,1565.2907161712646,642.0,1797.0,372.0
5,1763497362.825614,1570.1314239501953,642.0,1796.0,360.0
5,1763497362.8607492,1574.810269355774,642.0,1784.0,348.0
5,1763497362.8962274,1579.693570613861,642.0,1798.0,343.0
5,1763497362.9309366,1586.877456188202,642.0,1814.0,352.0
5,1763497362.961765,1589.2197399139404,642.0,1818.0,357.0
5,1763497363.0011911,1596.4293389320374,642.0,1835.0,363.0
5,1763497363.0310197,1601.2357859611511,642.0,1836.0,373.0
5,1763497363.0663776,1606.0649065971375,642.0,1823.0,383.0
5,1763497363.100981,1610.9278230667114,642.0,1818.0,389.0
5,1763497363.1364548,1615.65469789505,642.0,1804.0,390.0
5,1763497363.171019,1622.8898315429688,642.0,1822.0,381.0
5,1763497363.2107232,1627.635374546051,642.0,1856.0,371.0
5,1763497363.2467315,1632.570746421814,642.0,1887.0,364.0
5,1763497363.286582,1639.7507696151733,642.0,1894.0,371.0
5,1763497363.321304,1644.4602637290955,642.0,1908.0,365.0
5,1763497363.3610911,1649.27046585083,642.0,1913.0,338.0
5,1763497363.4059315,1656.4912586212158,642.0,1915.0,350.0
5,1763497363.4493008,1663.752284526825,642.0,1960.0,314.0
5,1763497363.4981065,1670.8460478782654,642.0,1945.0,287.0
5,1763497363.5321739,1675.7486610412598,642.0,1960.0,289.0
5,1763497363.5608146,1680.4084448814392,642.0,1974.0,305.0
5,1763497363.5964966,1685.206630706787,642.0,1970.0,313.0
5,1763497363.626772,1690.0696544647217,642.0,1958.0,318.0
5,1763497363.661352,1694.8079376220703,642.0,1974.0,320.0
5,1763497363.6959677,1699.6046929359436,642.0,1982.0,327.0
5,1763497363.7362611,1706.9109945297241,642.0,1979.0,332.0
5,1763497363.7676358,1711.709216117859,642.0,1987.0,336.0
5,1763497363.805838,1716.404619693756,642.0,1985.0,355.0
5,1763497363.8515313,1723.7436442375183,642.0,1968.0,369.0
6,1763497363.9066017,1726.0061411857605,642.0,1957.0,378.0
6,1763497363.9408534,1726.0061411857605,642.0,1958.0,402.0
6,1763497363.966598,1726.0061411857605,642.0,1972.0,411.0
6,1763497364.0006855,1726.0061411857605,642.0,1974.0,399.0
6,1763497364.045644,1726.0061411857605,642.0,1977.0,395.0
6,1763497364.0858097,1726.0061411857605,642.0,1972.0,404.0
6,1763497364.106176,1726.0061411857605,642.0,1951.0,403.0
6,1763497364.1358194,1726.0061411857605,642.0,1948.0,394.0
6,1763497364.1664062,1726.0061411857605,642.0,1950.0,398.0
6,1763497364.2013865,1726.0061411857605,642.0,1960.0,381.0
6,1763497364.2463014,1726.0061411857605,642.0,1974.0,376.0
6,1763497364.2863188,1726.0061411857605,642.0,1969.0,368.0
6,1763497364.3061256,1726.0061411857605,642.0,1970.0,349.0
6,1763497364.3360934,1726.0061411857605,642.0,1964.0,352.0
6,1763497364.3705974,178.0,735.0,1715.0,405.0
6,1763497364.4064362,182.86767292022705,735.0,1156.0,518.0
6,1763497364.4515095,190.13456392288208,735.0,579.0,563.0
6,1763497364.4932065,197.2700982093811,735.0,231.0,575.0
6,1763497364.5414186,204.40445232391357,735.0,419.0,586.0
6,1763497364.5767057,209.30213022232056,735.0,414.0,618.0
6,1763497364.6109853,214.14652156829834,735.0,367.0,683.0
6,1763497364.6460187,219.00385904312134,735.0,355.0,690.0
6,1763497364.6756952,223.8240032196045,735.0,355.0,677.0
6,1763497364.7061203,228.4006028175354,735.0,367.0,662.0
6,1763497364.7414796,233.23351430892944,735.0,341.0,698.0
6,1763497364.7860136,240.44035959243774,735.0,356.0,684.0
6,1763497364.8163464,245.26011037826538,735.0,339.0,680.0
6,1763497364.8465602,250.00032472610474,735.0,337.0,683.0
6,1763497364.8814445,254.88487768173218,735.0,349.0,687.0
6,1763497364.9089525,259.7253351211548,735.0,367.0,681.0
6,1763497364.941947,264.4251375198364,735.0,376.0,684.0
6,1763497364.976823,269.3075804710388,735.0,367.0,675.0
6,1763497365.0111601,274.09729051589966,735.0,361.0,676.0
6,1763497365.04585,278.94465017318726,735.0,380.0,685.0
6,1763497365.0836203,286.0931305885315,735.0,394.0,694.0
6,1763497365.1110241,288.4197144508362,735.0,392.0,686.0
6,1763497365.1494477,295.6516652107239,735.0,403.0,674.0
6,1763497365.1906686,300.46222496032715,735.0,412.0,692.0
6,1763497365.2161233,305.24159955978394,735.0,419.0,718.0
6,1763497365.2650037,312.45316553115845,735.0,416.0,735.0
6,1763497365.2958748,317.267373085022,735.0,412.0,720.0
6,1763497365.3315425,322.0073013305664,735.0,400.0,700.0
6,1763497365.3663619,326.81231784820557,735.0,377.0,690.0
6,1763497365.4031513,334.13142251968384,735.0,377.0,691.0
6,1763497365.4372396,338.92063188552856,735.0,400.0,699.0
6,1763497365.4671905,343.7352685928345,735.0,413.0,719.0
6,1763497365.4996836,348.47433853149414,735.0,410.0,731.0
6,1763497365.5337296,353.213086605072,735.0,417.0,717.0
6,1763497365.5827003,360.541024684906,735.0,417.0,720.0
6,1763497365.6334255,367.6876096725464,735.0,404.0,729.0
6,1763497365.6914573,377.23412799835205,735.0,427.0,697.0
6,1763497365.7315135,382.0246248245239,735.0,453.0,667.0
6,1763497365.7610345,386.86744260787964,735.0,465.0,663.0
6,1763497365.7908487,391.7139081954956,735.0,462.0,663.0
6,1763497365.825718,396.43624114990234,735.0,458.0,659.0
6,1763497365.8613677,401.2067108154297,735.0,457.0,671.0
6,1763497365.8958082,408.5148720741272,735.0,461.0,691.0
6,1763497365.933195,413.3501081466675,735.0,479.0,693.0
6,1763497365.9658535,418.0233030319214,735.0,500.0,651.0
6,1763497366.0015063,422.8716640472412,735.0,491.0,626.0
6,1763497366.0305974,427.7012138366699,735.0,473.0,611.0
6,1763497366.0706837,432.44947481155396,735.0,493.0,637.0
6,1763497366.107452,439.6665840148926,735.0,509.0,661.0
6,1763497366.1460204,444.54666662216187,735.0,515.0,660.0
6,1763497366.180696,449.26832008361816,735.0,517.0,659.0
6,1763497366.2114825,454.08810663223267,735.0,514.0,655.0
6,1763497366.2479098,458.8557152748108,735.0,497.0,647.0
6,1763497366.2833989,466.0205035209656,735.0,503.0,644.0
6,1763497366.3164124,470.80409812927246,735.0,538.0,634.0
6,1763497366.3512669,475.73024320602417,735.0,567.0,630.0
6,1763497366.3865182,480.43687629699707,735.0,569.0,626.0
6,1763497366.421334,485.3231816291809,735.0,565.0,635.0
6,1763497366.466483,492.43010568618774,735.0,579.0,651.0
6,1763497366.4961002,497.37137842178345,735.0,554.0,664.0
6,1763497366.5356069,504.4846682548523,735.0,558.0,675.0
6,1763497366.566384,506.88749837875366,735.0,568.0,661.0
6,1763497366.6038048,514.0838651657104,735.0,551.0,651.0
6,1763497366.6410596,518.934157371521,735.0,545.0,646.0
6,1763497366.6764715,523.6683278083801,735.0,559.0,637.0
6,1763497366.721044,530.9174447059631,735.0,566.0,646.0
6,1763497366.771195,538.027551651001,735.0,567.0,665.0
6,1763497366.8008943,542.8295998573303,735.0,554.0,679.0
6,1763497366.8362865,547.6127653121948,735.0,559.0,679.0
6,1763497366.8859534,554.8518328666687,735.0,571.0,679.0
6,1763497366.9261224,562.0115785598755,735.0,580.0,669.0
6,1763497366.9571583,566.9119744300842,735.0,573.0,657.0
6,1763497366.995737,571.6577320098877,735.0,559.0,691.0
6,1763497367.0413685,578.8461952209473,735.0,557.0,727.0
6,1763497367.0840151,586.1461668014526,735.0,551.0,735.0
6,1763497367.1110594,588.5211734771729,735.0,556.0,711.0
6,1763497367.1517475,595.7197575569153,735.0,589.0,689.0
6,1763497367.1850321,600.5751280784607,735.0,613.0,685.0
6,1763497367.2123458,605.3202419281006,735.0,612.0,671.0
6,1763497367.2562773,612.5852375030518,735.0,604.0,659.0
6,1763497367.2966216,617.2404794692993,735.0,610.0,656.0
6,1763497367.343146,624.5707421302795,735.0,632.0,666.0
6,1763497367.391202,631.7465810775757,735.0,631.0,653.0
6,1763497367.4185715,636.4562182426453,735.0,635.0,664.0
6,1763497367.456166,641.250470161438,735.0,656.0,655.0
6,1763497367.4863646,646.1102395057678,735.0,664.0,633.0
6,1763497367.5421982,653.3491282463074,735.0,666.0,647.0
6,1763497367.5910585,660.6137661933899,735.0,666.0,678.0
6,1763497367.6208906,665.2815251350403,735.0,670.0,699.0
6,1763497367.6562843,672.5862889289856,735.0,671.0,676.0
6,1763497367.696314,677.3198156356812,735.0,663.0,662.0
6,1763497367.7308443,682.1133880615234,735.0,647.0,668.0
6,1763497367.7815251,689.2195253372192,735.0,649.0,690.0
6,1763497367.831557,696.5655236244202,735.0,667.0,699.0
6,1763497367.8686981,703.6053924560547,735.0,679.0,676.0
6,1763497367.9060516,708.4663777351379,735.0,663.0,709.0
6,1763497367.941355,713.270357131958,735.0,665.0,722.0
6,1763497367.9707417,718.1199340820312,735.0,670.0,726.0
6,1763497368.0068696,722.8080062866211,735.0,702.0,726.0
6,1763497368.0500216,730.1182060241699,735.0,711.0,695.0
6,1763497368.075952,734.8848133087158,735.0,687.0,665.0
6,1763497368.1111772,739.6744518280029,735.0,676.0,675.0
6,1763497368.1464899,744.4929509162903,735.0,685.0,686.0
6,1763497368.18059,749.2622046470642,735.0,718.0,679.0
6,1763497368.2106037,754.0462284088135,735.0,758.0,675.0
6,1763497368.2459106,758.8088660240173,735.0,764.0,684.0
6,1763497368.2759173,763.7173085212708,735.0,743.0,704.0
6,1763497368.3115556,768.4739737510681,735.0,740.0,711.0
6,1763497368.3518064,775.7476239204407,735.0,743.0,701.0
6,1763497368.386237,780.4367690086365,735.0,763.0,662.0
6,1763497368.4211824,785.2413563728333,735.0,798.0,666.0
6,1763497368.4585762,792.4529223442078,735.0,821.0,687.0
6,1763497368.4991868,797.2883729934692,735.0,810.0,721.0
6,1763497368.5321684,802.1559743881226,735.0,790.0,745.0
6,1763497368.566876,806.8116097450256,735.0,784.0,720.0
6,1763497368.5962036,811.6142659187317,735.0,794.0,681.0
6,1763497368.6364713,818.8206105232239,735.0,813.0,660.0
6,1763497368.685363,826.0460524559021,735.0,823.0,656.0
6,1763497368.7213156,830.9651165008545,735.0,816.0,675.0
6,1763497368.7488976,835.6627731323242,735.0,795.0,690.0
6,1763497368.7861698,840.493896484375,735.0,796.0,690.0
6,1763497368.8213892,845.3518776893616,735.0,834.0,693.0
6,1763497368.8611052,852.4739651679993,735.0,872.0,707.0
6,1763497368.9088867,859.6794872283936,735.0,887.0,701.0
6,1763497368.9572933,866.9223098754883,735.0,859.0,689.0
6,1763497368.9871871,871.7179923057556,735.0,825.0,678.0
6,1763497369.0310528,876.5434293746948,735.0,841.0,646.0
6,1763497369.0682127,883.7609677314758,735.0,847.0,632.0
6,1763497369.0957422,888.5049729347229,735.0,863.0,658.0
6,1763497369.136005,893.2307391166687,735.0,884.0,669.0
6,1763497369.165788,898.0702667236328,735.0,894.0,674.0
6,1763497369.2136226,905.3507475852966,735.0,896.0,674.0
6,1763497369.251108,910.0234775543213,735.0,886.0,686.0
6,1763497369.286518,914.9225144386292,735.0,892.0,702.0
6,1763497369.3163297,919.6273236274719,735.0,898.0,683.0
6,1763497369.3509812,924.5054035186768,735.0,914.0,636.0
6,1763497369.3809605,929.4133095741272,735.0,944.0,631.0
6,1763497369.419723,936.4752082824707,735.0,948.0,648.0
6,1763497369.4563823,941.2231116294861,735.0,959.0,675.0
6,1763497369.5065458,948.479416847229,735.0,968.0,678.0
6,1763497369.5556087,955.6717782020569,735.0,956.0,672.0
6,1763497369.586092,960.5384497642517,735.0,922.0,680.0
6,1763497369.6144648,965.3235821723938,735.0,939.0,694.0
6,1763497369.6510983,970.0755624771118,735.0,956.0,698.0
6,1763497369.6862092,974.8508958816528,735.0,956.0,686.0
6,1763497369.723275,982.0272355079651,735.0,951.0,677.0
6,1763497369.7599924,986.8244199752808,735.0,969.0,674.0
6,1763497369.7879908,991.7373328208923,735.0,982.0,671.0
6,1763497369.831033,996.4225082397461,735.0,997.0,677.0
6,1763497369.8714638,1003.7445096969604,735.0,985.0,677.0
6,1763497369.902647,1008.6140422821045,735.0,976.0,681.0
6,1763497369.935756,1013.3202819824219,735.0,990.0,686.0
6,1763497369.981386,1020.4247026443481,735.0,988.0,708.0
6,1763497370.020821,1025.2882986068726,735.0,1018.0,688.0
6,1763497370.060828,1032.4334173202515,735.0,1032.0,661.0
6,1763497370.0958312,1037.2357873916626,735.0,1051.0,648.0
6,1763497370.1415222,1044.432511806488,735.0,1038.0,632.0
6,1763497370.1914754,1051.6466526985168,735.0,1040.0,642.0
6,1763497370.2156518,1056.4914016723633,735.0,1068.0,671.0
6,1763497370.2557654,1061.2638025283813,735.0,1088.0,662.0
6,1763497370.2909179,1066.0596280097961,735.0,1115.0,664.0
6,1763497370.3269691,1070.872405052185,735.0,1125.0,690.0
6,1763497370.3565648,1075.7482676506042,735.0,1129.0,722.0
6,1763497370.4011395,1082.8388838768005,735.0,1130.0,702.0
6,1763497370.4309025,1087.6928238868713,735.0,1115.0,661.0
6,1763497370.4663239,1092.4406199455261,735.0,1086.0,657.0
6,1763497370.5013797,1097.284474849701,735.0,1077.0,694.0
6,1763497370.5356433,1104.4901399612427,735.0,1098.0,727.0
6,1763497370.571648,1109.2543869018555,735.0,1096.0,752.0
6,1763497370.6058059,1114.0323667526245,735.0,1090.0,724.0
6,1763497370.6416023,1118.9359097480774,735.0,1083.0,701.0
6,1763497370.671186,1123.6339597702026,735.0,1092.0,686.0
6,1763497370.705676,1128.5226254463196,735.0,1104.0,701.0
6,1763497370.7406452,1133.2066564559937,735.0,1107.0,731.0
6,1763497370.7849605,1140.5131011009216,735.0,1113.0,756.0
6,1763497370.8120434,1145.3157572746277,735.0,1120.0,750.0
6,1763497370.8511744,1150.0550417900085,735.0,1125.0,722.0
6,1763497370.8962698,1157.2094588279724,735.0,1167.0,694.0
6,1763497370.9362411,1164.508071422577,735.0,1152.0,712.0
6,1763497370.971127,1169.3433074951172,735.0,1164.0,731.0
6,1763497371.004573,1174.050763130188,735.0,1168.0,709.0
6,1763497371.0462263,1178.8595705032349,735.0,1168.0,714.0
6,1763497371.0957415,1188.5048656463623,735.0,1202.0,718.0
6,1763497371.1368837,1193.3221130371094,735.0,1241.0,725.0
6,1763497371.1707032,1198.0848937034607,735.0,1285.0,749.0
6,1763497371.2062962,1202.8701333999634,735.0,1252.0,778.0
6,1763497371.2432084,1210.157301902771,735.0,1268.0,788.0
6,1763497371.281083,1214.8674755096436,735.0,1283.0,800.0
6,1763497371.324814,1222.204568862915,735.0,1274.0,791.0
6,1763497371.3764474,1229.2022376060486,735.0,1292.0,796.0
6,1763497371.4062843,1234.1317086219788,735.0,1308.0,782.0
6,1763497371.4312437,1236.4827542304993,735.0,1297.0,752.0
6,1763497371.4706779,1243.739917755127,735.0,1237.0,763.0
6,1763497371.5063312,1248.4687237739563,735.0,1217.0,766.0
6,1763497371.5364993,1253.276494026184,735.0,1209.0,777.0
6,1763497371.5711837,1258.109190940857,735.0,1208.0,781.0
6,1763497371.6056142,1262.8397135734558,735.0,1197.0,766.0
6,1763497371.6438813,1270.0899391174316,735.0,1196.0,756.0
6,1763497371.6860533,1274.8769311904907,735.0,1212.0,740.0
6,1763497371.7156532,1279.6884565353394,735.0,1361.0,693.0
6,1763497371.7508307,1284.5108180046082,735.0,1395.0,697.0
6,1763497371.7882967,1291.6571168899536,735.0,1424.0,709.0
6,1763497371.8206956,1296.4553027153015,735.0,1444.0,752.0
6,1763497371.854264,1301.2083201408386,735.0,1434.0,748.0
6,1763497371.8843641,1306.1202673912048,735.0,1427.0,740.0
6,1763497371.9176962,1310.921028137207,735.0,1356.0,710.0
6,1763497371.964249,1318.1110291481018,735.0,1327.0,619.0
6,1763497372.0061982,1322.824743270874,735.0,1317.0,572.0
6,1763497372.0365398,1327.62797164917,735.0,1311.0,649.0
6,1763497372.0662978,1332.4581651687622,735.0,1320.0,682.0
6,1763497372.095836,1337.2464804649353,735.0,1344.0,693.0
6,1763497372.140588,1344.4246082305908,735.0,1362.0,715.0
6,1763497372.175601,1349.2189674377441,735.0,1368.0,723.0
6,1763497372.2230332,1356.4541010856628,735.0,1381.0,713.0
6,1763497372.2710125,1363.6660604476929,735.0,1426.0,517.0
6,1763497372.3112764,1368.4430389404297,735.0,1468.0,563.0
6,1763497372.3364403,1373.291543006897,735.0,1514.0,330.0
6,1763497372.3664577,1378.09126663208,735.0,1471.0,419.0
6,1763497372.4006815,1382.9825072288513,735.0,1467.0,636.0
6,1763497372.436065,1387.6123218536377,735.0,1448.0,641.0
6,1763497372.4706578,1392.4551038742065,735.0,1415.0,572.0
6,1763497372.506446,1399.642565727234,735.0,1417.0,568.0
6,1763497372.5356395,1404.4895677566528,735.0,1444.0,675.0
6,1763497372.572609,1409.2358617782593,735.0,1449.0,707.0
6,1763497372.6045532,1414.165976524353,735.0,1458.0,738.0
6,1763497372.6411366,1418.9186005592346,735.0,1469.0,766.0
6,1763497372.6765919,1423.7244753837585,735.0,1450.0,805.0
6,1763497372.7064617,1428.608742237091,735.0,1446.0,793.0
6,1763497372.7410214,1433.3101181983948,735.0,1449.0,767.0
6,1763497372.7715049,1438.1155996322632,735.0,1473.0,740.0
6,1763497372.811626,1445.2467708587646,735.0,1481.0,727.0
6,1763497372.8444307,1450.2092509269714,735.0,1469.0,713.0
6,1763497372.8766556,1454.8250823020935,735.0,1449.0,715.0
6,1763497372.9072394,1459.6025972366333,735.0,1456.0,731.0
6,1763497372.9411595,1464.4805340766907,735.0,1462.0,742.0
6,1763497372.9757555,1469.2076950073242,735.0,1470.0,754.0
6,1763497373.023246,1476.4739065170288,735.0,1500.0,702.0
6,1763497373.0549877,1481.2485604286194,735.0,1519.0,648.0
6,1763497373.08596,1486.0007553100586,735.0,1529.0,643.0
6,1763497373.1208706,1490.8965735435486,735.0,1532.0,660.0
6,1763497373.1556892,1495.6166892051697,735.0,1549.0,665.0
6,1763497373.1963334,1502.9253511428833,735.0,1570.0,658.0
6,1763497373.2271736,1507.6727538108826,735.0,1569.0,672.0
6,1763497373.2773042,1514.9331002235413,735.0,1639.0,653.0
6,1763497373.3159792,1519.679859161377,735.0,1666.0,633.0
6,1763497373.3558214,1526.8504767417908,735.0,1654.0,648.0
6,1763497373.3894129,1531.72154712677,735.0,1667.0,641.0
6,1763497373.4307096,1536.4454894065857,735.0,1699.0,625.0
6,1763497373.4686131,1543.6646370887756,735.0,1731.0,601.0
6,1763497373.510622,1548.4737305641174,735.0,1718.0,592.0
6,1763497373.540705,1553.28475522995,735.0,1735.0,605.0
6,1763497373.5873184,1560.4729681015015,735.0,1739.0,637.0
6,1763497373.6110306,1565.2695803642273,735.0,1740.0,667.0
6,1763497373.658514,1572.4273591041565,735.0,1722.0,672.0
6,1763497373.7011223,1577.2613434791565,735.0,1731.0,663.0
6,1763497373.7311542,1582.0851712226868,735.0,1857.0,602.0
6,1763497373.7656233,1586.82248878479,735.0,1866.0,577.0
6,1763497373.8106215,1594.144597530365,735.0,1863.0,570.0
6,1763497373.8535414,1601.3646035194397,735.0,1852.0,579.0
6,1763497373.884282,1606.002107143402,735.0,1845.0,602.0
6,1763497373.9219568,1610.8991055488586,735.0,1866.0,599.0
6,1763497373.9555902,1615.7947807312012,735.0,1866.0,604.0
6,1763497373.997514,1622.8041439056396,735.0,1837.0,623.0
6,1763497374.0312998,1627.716591835022,735.0,1822.0,630.0
6,1763497374.0765374,1634.8525195121765,735.0,1826.0,633.0
6,1763497374.11617,1639.7043137550354,735.0,1846.0,630.0
6,1763497374.1568737,1646.823790550232,735.0,1855.0,635.0
6,1763497374.206434,1654.0059595108032,735.0,1938.0,637.0
6,1763497374.2311895,1656.4216284751892,735.0,1960.0,592.0
6,1763497374.270805,1663.6853723526,735.0,1952.0,603.0
6,1763497374.3013136,1668.5200362205505,735.0,1926.0,607.0
6,1763497374.3364646,1673.2141880989075,735.0,1914.0,580.0
6,1763497374.3825288,1680.4742484092712,735.0,1911.0,580.0
6,1763497374.4294696,1687.6498727798462,735.0,1913.0,586.0
6,1763497374.4760575,1694.8601155281067,735.0,1911.0,586.0
6,1763497374.5076492,1699.7108011245728,735.0,1915.0,590.0
6,1763497374.540679,1704.4251589775085,735.0,1919.0,602.0
6,1763497374.5765905,1709.2885403633118,735.0,2071.0,613.0
6,1763497374.6063857,1714.1101508140564,735.0,2068.0,632.0
6,1763497374.6358902,1718.9140229225159,735.0,2058.0,646.0
6,1763497374.6707644,1723.7701802253723,735.0,2077.0,622.0
7,1763497374.7059255,1726.1238722801208,735.0,2077.0,609.0
7,1763497374.735604,1726.1238722801208,735.0,2075.0,547.0
7,1763497374.7662363,1726.1238722801208,735.0,2045.0,538.0
7,1763497374.7906585,1726.1238722801208,735.0,2034.0,524.0
7,1763497374.8213942,1726.1238722801208,735.0,2039.0,525.0
7,1763497374.856412,1726.1238722801208,735.0,1968.0,539.0
7,1763497374.9009588,1726.1238722801208,735.0,1963.0,600.0
7,1763497374.935661,1726.1238722801208,735.0,1962.0,647.0
7,1763497374.9608557,1726.1238722801208,735.0,1984.0,640.0
7,1763497374.9956758,1726.1238722801208,735.0,1976.0,647.0
7,1763497375.02624,1726.1238722801208,735.0,1981.0,651.0
7,1763497375.0661614,1726.1238722801208,735.0,1955.0,650.0
7,1763497375.091211,1726.1238722801208,735.0,2514.0,772.0
7,1763497375.126254,1726.1238722801208,735.0,1713.0,1366.0
7,1763497375.1658182,1726.1238722801208,735.0,1672.0,1036.0
7,1763497375.1918423,178.0,828.0,1844.0,1287.0
7,1763497375.2343018,185.36770629882812,828.0,1688.0,992.0
7,1763497375.2664807,190.06024885177612,828.0,1681.0,1046.0
7,1763497375.3008325,194.94891452789307,828.0,1682.0,1048.0
7,1763497375.3361304,199.7690944671631,828.0,1657.0,944.0
7,1763497375.3766356,206.94532680511475,828.0,1741.0,1064.0
7,1763497375.4106884,211.7193727493286,828.0,1822.0,1246.0
7,1763497375.4463322,216.48036527633667,828.0,1665.0,956.0
7,1763497375.4958243,223.60484886169434,828.0,2368.0,665.0
7,1763497375.5408647,230.91919708251953,828.0,1184.0,677.0
7,1763497375.5806346,238.03180742263794,828.0,317.0,646.0
7,1763497375.6057236,240.4725103378296,828.0,374.0,801.0
7,1763497375.6611154,250.10392951965332,828.0,365.0,822.0
7,1763497375.6964421,254.9154191017151,828.0,356.0,837.0
7,1763497375.7312598,259.7010521888733,828.0,318.0,854.0
7,1763497375.7664683,264.43972873687744,828.0,222.0,875.0
7,1763497375.800649,269.2333011627197,828.0,232.0,855.0
7,1763497375.836491,274.02898359298706,828.0,260.0,845.0
7,1763497375.866968,278.91986656188965,828.0,263.0,839.0
7,1763497375.9008267,286.060622215271,828.0,255.0,838.0
7,1763497375.941625,290.88684606552124,828.0,250.0,837.0
7,1763497375.9711092,295.61200428009033,828.0,273.0,832.0
7,1763497376.0063367,300.4800705909729,828.0,290.0,822.0
7,1763497376.0356445,305.26409435272217,828.0,303.0,807.0
7,1763497376.06677,310.0135712623596,828.0,311.0,796.0
7,1763497376.1124036,317.2036437988281,828.0,340.0,788.0
7,1763497376.1617942,324.41435146331787,828.0,334.0,803.0
7,1763497376.1933756,329.32744312286377,828.0,296.0,821.0
7,1763497376.226517,334.0115098953247,828.0,281.0,806.0
7,1763497376.2578797,338.99501848220825,828.0,296.0,805.0
7,1763497376.2964067,343.72160720825195,828.0,328.0,811.0
7,1763497376.3312056,348.54210901260376,828.0,355.0,809.0
7,1763497376.3764968,355.73053646087646,828.0,354.0,802.0
7,1763497376.4062717,360.53008127212524,828.0,344.0,789.0
7,1763497376.4407196,365.21214532852173,828.0,352.0,771.0
7,1763497376.4763508,370.0862913131714,828.0,366.0,771.0
7,1763497376.5156436,377.22211170196533,828.0,368.0,790.0
7,1763497376.5509393,382.0808439254761,828.0,372.0,793.0
7,1763497376.5961373,389.225962638855,828.0,381.0,795.0
7,1763497376.6461449,396.40012073516846,828.0,386.0,800.0
7,1763497376.6762855,401.21107387542725,828.0,368.0,829.0
7,1763497376.7251515,408.5429458618164,828.0,357.0,845.0
7,1763497376.7693324,415.6486539840698,828.0,352.0,856.0
7,1763497376.7912219,418.0347828865051,828.0,388.0,866.0
7,1763497376.8261814,422.8987007141113,828.0,475.0,853.0
7,1763497376.8661346,430.04553604125977,828.0,465.0,854.0
7,1763497376.9007368,434.8851351737976,828.0,457.0,857.0
7,1763497376.9361436,439.74343824386597,828.0,449.0,864.0
7,1763497376.9708326,444.41069650650024,828.0,450.0,857.0
7,1763497377.0014446,449.3479280471802,828.0,453.0,861.0
7,1763497377.035996,454.05981826782227,828.0,454.0,870.0
7,1763497377.0750053,461.311402797699,828.0,451.0,865.0
7,1763497377.1061838,466.055944442749,828.0,421.0,863.0
7,1763497377.1464872,471.0143117904663,828.0,436.0,871.0
7,1763497377.175703,475.6134777069092,828.0,455.0,884.0
7,1763497377.2109025,480.5415539741516,828.0,465.0,872.0
7,1763497377.2411957,485.2822332382202,828.0,465.0,834.0
7,1763497377.2812746,492.4529938697815,828.0,458.0,818.0
7,1763497377.3293004,499.6588020324707,828.0,435.0,826.0
7,1763497377.3510847,502.00630712509155,828.0,457.0,807.0
7,1763497377.3933792,509.30398988723755,828.0,504.0,787.0
7,1763497377.4272351,514.0124111175537,828.0,539.0,790.0
7,1763497377.4511604,516.4877681732178,828.0,547.0,793.0
7,1763497377.4912105,523.7061648368835,828.0,538.0,797.0
7,1763497377.5211942,528.4439830780029,828.0,519.0,810.0
7,1763497377.5564604,533.3037524223328,828.0,501.0,823.0
7,1763497377.590595,538.0974678993225,828.0,503.0,800.0
7,1763497377.6178646,542.9421811103821,828.0,495.0,783.0
7,1763497377.6613126,550.1335053443909,828.0,496.0,792.0
7,1763497377.706767,554.9256830215454,828.0,561.0,797.0
7,1763497377.7563574,562.1464400291443,828.0,569.0,852.0
7,1763497377.7932484,569.2859439849854,828.0,584.0,845.0
7,1763497377.8257139,574.0082054138184,828.0,602.0,830.0
7,1763497377.8615582,578.8116841316223,828.0,606.0,845.0
7,1763497377.9007432,586.0481052398682,828.0,614.0,869.0
7,1763497377.9259145,588.4783296585083,828.0,620.0,864.0
7,1763497377.9609668,593.3080582618713,828.0,610.0,849.0
7,1763497377.9919987,598.0886845588684,828.0,594.0,836.0
7,1763497378.026559,602.9211311340332,828.0,580.0,839.0
7,1763497378.0658562,610.1543335914612,828.0,573.0,852.0
7,1763497378.1128361,617.3492341041565,828.0,576.0,849.0
7,1763497378.1358492,619.7102575302124,828.0,593.0,835.0
7,1763497378.1713028,624.50958776474,828.0,599.0,829.0
7,1763497378.2100718,631.637969493866,828.0,606.0,822.0
7,1763497378.2423146,636.4391593933105,828.0,603.0,802.0
7,1763497378.276754,641.2020831108093,828.0,600.0,784.0
7,1763497378.3254745,648.6590890884399,828.0,596.0,797.0
7,1763497378.3707244,655.6010394096375,828.0,595.0,805.0
7,1763497378.390785,658.0485372543335,828.0,676.0,800.0
7,1763497378.4261727,662.845757484436,828.0,676.0,799.0
7,1763497378.460992,670.0854330062866,828.0,675.0,781.0
7,1763497378.490994,672.4548606872559,828.0,673.0,783.0
7,1763497378.5293882,679.746141910553,828.0,661.0,810.0
7,1763497378.5635061,684.4948678016663,828.0,661.0,839.0
7,1763497378.5964363,689.2199544906616,828.0,676.0,847.0
7,1763497378.6356285,694.1305785179138,828.0,704.0,832.0
7,1763497378.681109,701.3280539512634,828.0,712.0,826.0
7,1763497378.7157881,706.1412601470947,828.0,707.0,817.0
7,1763497378.7607126,713.2337718009949,828.0,707.0,796.0
7,1763497378.8037934,720.533278465271,828.0,691.0,819.0
7,1763497378.8479881,727.6827244758606,828.0,708.0,845.0
7,1763497378.8763778,730.0843029022217,828.0,724.0,846.0
7,1763497378.9121904,737.3024849891663,828.0,720.0,856.0
7,1763497378.9439738,742.0180945396423,828.0,798.0,821.0
7,1763497378.9777877,746.9500689506531,828.0,792.0,806.0
7,1763497379.0161264,751.7274408340454,828.0,788.0,801.0
7,1763497379.0508935,756.4043192863464,828.0,774.0,805.0
7,1763497379.0896223,763.7037901878357,828.0,770.0,805.0
7,1763497379.1263716,768.5369162559509,828.0,764.0,819.0
7,1763497379.1609817,773.2193379402161,828.0,759.0,836.0
7,1763497379.1915045,778.0714540481567,828.0,761.0,838.0
7,1763497379.2263684,782.8664927482605,828.0,749.0,846.0
7,1763497379.2607079,790.0427966117859,828.0,746.0,830.0
7,1763497379.2913065,792.5216584205627,828.0,762.0,823.0
7,1763497379.3306038,799.7185258865356,828.0,775.0,810.0
7,1763497379.3662736,804.4660716056824,828.0,764.0,817.0
7,1763497379.4095802,811.7058544158936,828.0,762.0,832.0
7,1763497379.446726,816.4654521942139,828.0,756.0,856.0
7,1763497379.4915628,823.6922173500061,828.0,751.0,869.0
7,1763497379.5310597,828.4225254058838,828.0,750.0,869.0
7,1763497379.5606205,833.282473564148,828.0,778.0,852.0
7,1763497379.601505,840.5122427940369,828.0,788.0,845.0
7,1763497379.636496,845.2770619392395,828.0,798.0,831.0
7,1763497379.671512,850.0377683639526,828.0,790.0,811.0
7,1763497379.7060468,854.8347382545471,828.0,791.0,809.0
7,1763497379.741177,862.1131806373596,828.0,781.0,823.0
7,1763497379.7711122,864.4589691162109,828.0,768.0,827.0
7,1763497379.8110733,871.7058329582214,828.0,772.0,818.0
7,1763497379.8451915,876.4609246253967,828.0,789.0,810.0
7,1763497379.8886843,883.7481646537781,828.0,806.0,823.0
7,1763497379.926686,888.5116248130798,828.0,821.0,827.0
7,1763497379.9608753,893.3421759605408,828.0,820.0,827.0
7,1763497379.995738,898.041298866272,828.0,815.0,829.0
7,1763497380.0412574,905.2261500358582,828.0,889.0,824.0
7,1763497380.0709507,910.0702195167542,828.0,857.0,869.0
7,1763497380.1059825,914.8938326835632,828.0,844.0,894.0
7,1763497380.1409693,922.0820097923279,828.0,868.0,895.0
7,1763497380.1782248,926.9802241325378,828.0,885.0,879.0
7,1763497380.2156608,931.7042021751404,828.0,907.0,860.0
7,1763497380.2460532,936.4300756454468,828.0,925.0,836.0
7,1763497380.2964683,943.6082391738892,828.0,921.0,838.0
7,1763497380.3386962,950.8071451187134,828.0,925.0,843.0
7,1763497380.3691702,955.7153015136719,828.0,918.0,860.0
7,1763497380.4107075,960.5160264968872,828.0,904.0,867.0
7,1763497380.4364538,965.2116446495056,828.0,901.0,869.0
7,1763497380.4767094,970.0568227767944,828.0,902.0,864.0
7,1763497380.514311,977.3218541145325,828.0,914.0,876.0
7,1763497380.5407906,982.0552020072937,828.0,910.0,888.0
7,1763497380.571087,984.4029216766357,828.0,911.0,894.0
7,1763497380.611247,991.6954188346863,828.0,915.0,873.0
7,1763497380.6417518,996.5121297836304,828.0,942.0,860.0
7,1763497380.681231,1001.2186555862427,828.0,973.0,828.0
7,1763497380.72128,1008.4455637931824,828.0,986.0,834.0
7,1763497380.7563486,1013.2640271186829,828.0,963.0,849.0
7,1763497380.7911296,1018.1384949684143,828.0,968.0,851.0
7,1763497380.8259354,1022.9024200439453,828.0,977.0,851.0
7,1763497380.860779,1030.0534753799438,828.0,994.0,853.0
7,1763497380.8964307,1034.923794746399,828.0,1019.0,847.0
7,1763497380.9315755,1039.7340326309204,828.0,1045.0,846.0
7,1763497380.9812963,1046.850827217102,828.0,1059.0,852.0
7,1763497381.0312252,1054.082456111908,828.0,1046.0,868.0
7,1763497381.0716877,1061.2310795783997,828.0,1030.0,860.0
7,1763497381.1058376,1066.0291938781738,828.0,1041.0,843.0
7,1763497381.1371226,1070.8868174552917,828.0,1043.0,849.0
7,1763497381.171431,1075.6349711418152,828.0,1041.0,850.0
7,1763497381.211079,1080.41219997406,828.0,1047.0,844.0
7,1763497381.249245,1087.6614599227905,828.0,1067.0,800.0
7,1763497381.281472,1092.4725918769836,828.0,1061.0,785.0
7,1763497381.3209856,1097.3071842193604,828.0,1073.0,786.0
7,1763497381.3560095,1102.125862121582,828.0,1104.0,772.0
7,1763497381.395257,1109.3575983047485,828.0,1122.0,749.0
7,1763497381.4361985,1114.063301563263,828.0,1127.0,747.0
7,1763497381.4656184,1118.944242477417,828.0,1115.0,766.0
7,1763497381.5123785,1126.1077432632446,828.0,1097.0,772.0
7,1763497381.5408547,1130.91268825531,828.0,1074.0,768.0
7,1763497381.5763724,1135.6063394546509,828.0,1059.0,766.0
7,1763497381.611341,1140.5325202941895,828.0,1067.0,777.0
7,1763497381.64949,1147.7179079055786,828.0,1084.0,785.0
7,1763497381.6767166,1150.0521092414856,828.0,1088.0,780.0
7,1763497381.713967,1157.2837381362915,828.0,1090.0,788.0
7,1763497381.750603,1162.0286016464233,828.0,1091.0,778.0
7,1763497381.7974348,1169.3466691970825,828.0,1106.0,767.0
7,1763497381.8309474,1174.0508704185486,828.0,1121.0,766.0
7,1763497381.8606765,1178.8267045021057,828.0,1127.0,791.0
7,1763497381.8956916,1183.712366104126,828.0,1125.0,812.0
7,1763497381.925836,1188.4273676872253,828.0,1118.0,800.0
7,1763497381.9615016,1193.230667591095,828.0,1156.0,788.0
7,1763497382.0011163,1200.4334359169006,828.0,1174.0,774.0
7,1763497382.0358555,1205.332615852356,828.0,1168.0,794.0
7,1763497382.0711355,1210.0746898651123,828.0,1163.0,830.0
7,1763497382.1163657,1217.246416091919,828.0,1157.0,848.0
7,1763497382.162238,1224.483302116394,828.0,1166.0,870.0
7,1763497382.2006004,1229.2378931045532,828.0,1181.0,871.0
7,1763497382.2308674,1234.097948551178,828.0,1187.0,853.0
7,1763497382.2749672,1241.2895588874817,828.0,1191.0,838.0
7,1763497382.3089812,1246.136703968048,828.0,1185.0,814.0
7,1763497382.3463738,1250.9299902915955,828.0,1176.0,819.0
7,1763497382.3868053,1258.1259994506836,828.0,1197.0,832.0
7,1763497382.4205914,1262.995460510254,828.0,1222.0,845.0
7,1763497382.465889,1270.0511364936829,828.0,1236.0,820.0
7,1763497382.5120163,1277.7390627861023,828.0,1234.0,809.0
7,1763497382.5409894,1282.0850281715393,828.0,1235.0,794.0
7,1763497382.570686,1284.493866443634,828.0,1233.0,798.0
7,1763497382.610971,1291.6311531066895,828.0,1219.0,812.0
7,1763497382.6466713,1296.4100985527039,828.0,1222.0,826.0
7,1763497382.6811988,1301.2184410095215,828.0,1241.0,834.0
7,1763497382.7169015,1306.0274987220764,828.0,1282.0,841.0
7,1763497382.753276,1313.268211364746,828.0,1298.0,827.0
7,1763497382.7910259,1318.1495456695557,828.0,1291.0,833.0
7,1763497382.8257377,1322.9607133865356,828.0,1301.0,852.0
7,1763497382.8585439,1327.7472047805786,828.0,1311.0,870.0
7,1763497382.8962507,1334.8692207336426,828.0,1315.0,850.0
7,1763497382.9298627,1339.6287112236023,828.0,1303.0,843.0
7,1763497382.9807029,1346.901789188385,828.0,1303.0,843.0
7,1763497383.0164545,1351.7080216407776,828.0,1324.0,852.0
7,1763497383.0469966,1356.4300327301025,828.0,1353.0,871.0
7,1763497383.08078,1361.2332253456116,828.0,1354.0,889.0
7,1763497383.116873,1366.143277168274,828.0,1427.0,868.0
7,1763497383.1554718,1373.2757358551025,828.0,1442.0,861.0
7,1763497383.2072392,1380.425467967987,828.0,1441.0,859.0
7,1763497383.2496402,1387.7010493278503,828.0,1436.0,877.0
7,1763497383.28182,1392.4173741340637,828.0,1442.0,853.0
7,1763497383.3301713,1399.6690301895142,828.0,1459.0,848.0
7,1763497383.379805,1406.902518749237,828.0,1429.0,864.0
7,1763497383.4010103,1409.2898635864258,828.0,1442.0,834.0
7,1763497383.4359252,1414.0276818275452,828.0,1480.0,821.0
7,1763497383.4732666,1421.2900667190552,828.0,1492.0,809.0
7,1763497383.5061774,1426.0249881744385,828.0,1501.0,811.0
7,1763497383.541567,1430.9170870780945,828.0,1502.0,810.0
7,1763497383.575808,1435.6812982559204,828.0,1489.0,813.0
7,1763497383.6114695,1440.4274849891663,828.0,1503.0,772.0
7,1763497383.6486573,1447.6369409561157,828.0,1505.0,742.0
7,1763497383.691007,1452.5497107505798,828.0,1503.0,736.0
7,1763497383.731936,1459.7586302757263,828.0,1508.0,765.0
7,1763497383.7816339,1466.879644870758,828.0,1563.0,764.0
7,1763497383.8357184,1474.075940132141,828.0,1551.0,794.0
7,1763497383.8891377,1483.6742787361145,828.0,1557.0,780.0
7,1763497383.926174,1488.4058027267456,828.0,1566.0,788.0
7,1763497383.9691887,1495.696762084961,828.0,1552.0,792.0
7,1763497384.0166233,1502.815309047699,828.0,1532.0,791.0
7,1763497384.0706074,1510.0536613464355,828.0,1535.0,780.0
7,1763497384.1167214,1517.2253160476685,828.0,1543.0,771.0
7,1763497384.1637712,1524.4312672615051,828.0,1559.0,772.0
7,1763497384.2090626,1531.6167621612549,828.0,1589.0,787.0
7,1763497384.251576,1536.492660522461,828.0,1592.0,787.0
7,1763497384.3006778,1546.038284778595,828.0,1585.0,776.0
7,1763497384.3542717,1553.3296375274658,828.0,1669.0,740.0
7,1763497384.4028444,1560.462203502655,828.0,1688.0,757.0
7,1763497384.42686,1562.9757194519043,828.0,1731.0,779.0
7,1763497384.455947,1567.6111488342285,828.0,1725.0,775.0
7,1763497384.491376,1572.4090485572815,828.0,1693.0,762.0
7,1763497384.531544,1579.7032980918884,828.0,1697.0,758.0
7,1763497384.5644019,1584.5756559371948,828.0,1734.0,757.0
7,1763497384.601503,1589.205792427063,828.0,1761.0,740.0
7,1763497384.6312551,1594.0528659820557,828.0,1783.0,717.0
7,1763497384.666676,1598.9128856658936,828.0,1780.0,717.0
7,1763497384.7060559,1606.024709224701,828.0,1767.0,722.0
7,1763497384.7462454,1610.9169154167175,828.0,1786.0,717.0
7,1763497384.7808404,1618.06267786026,828.0,1848.0,718.0
7,1763497384.8163857,1622.9172973632812,828.0,1833.0,711.0
7,1763497384.85106,1627.6979236602783,828.0,1765.0,747.0
7,1763497384.885696,1632.409384727478,828.0,1745.0,774.0
7,1763497384.9321773,1639.694085597992,828.0,1743.0,776.0
7,1763497384.9565957,1642.084792137146,828.0,1742.0,762.0
7,1763497384.99759,1649.343493461609,828.0,1746.0,753.0
7,1763497385.0369618,1654.017439365387,828.0,1770.0,777.0
7,1763497385.0781636,1661.2844734191895,828.0,1769.0,777.0
7,1763497385.1107178,1666.101613521576,828.0,1831.0,725.0
7,1763497385.1462533,1670.929232120514,828.0,1830.0,709.0
7,1763497385.1809025,1678.0719904899597,828.0,1835.0,721.0
7,1763497385.2177572,1682.8150658607483,828.0,1845.0,744.0
7,1763497385.256048,1687.7716093063354,828.0,1854.0,755.0
7,1763497385.285611,1692.4188404083252,828.0,1863.0,736.0
7,1763497385.3215775,1697.4092512130737,828.0,1889.0,722.0
7,1763497385.365966,1704.5599846839905,828.0,1884.0,729.0
7,1763497385.415891,1711.6587190628052,828.0,1889.0,741.0
7,1763497385.4566476,1718.8824443817139,828.0,1947.0,733.0
7,1763497385.4910128,1723.6414341926575,828.0,1964.0,740.0
8,1763497385.536497,1726.1479048728943,828.0,1974.0,741.0
8,1763497385.576502,1726.1479048728943,828.0,1983.0,747.0
8,1763497385.6011837,1726.1479048728943,828.0,1998.0,757.0
8,1763497385.6265278,1726.1479048728943,828.0,1992.0,747.0
8,1763497385.6608737,1726.1479048728943,828.0,1997.0,741.0
8,1763497385.6965437,1726.1479048728943,828.0,1989.0,731.0
8,1763497385.7264757,1726.1479048728943,828.0,1967.0,729.0
8,1763497385.7564657,1726.1479048728943,828.0,1948.0,729.0
8,1763497385.7912104,1726.1479048728943,828.0,1918.0,746.0
8,1763497385.820986,1726.1479048728943,828.0,1926.0,735.0
8,1763497385.8519015,1726.1479048728943,828.0,1841.0,711.0
8,1763497385.8857322,1726.1479048728943,828.0,1339.0,720.0
8,1763497385.9156594,1726.1479048728943,828.0,923.0,748.0
8,1763497385.9460497,1726.1479048728943,828.0,611.0,703.0
8,1763497385.9960818,1726.1479048728943,828.0,479.0,811.0
8,1763497386.0316205,180.538800239563,921.0,349.0,820.0
8,1763497386.0563598,185.21575021743774,921.0,324.0,807.0
8,1763497386.0963638,190.07573413848877,921.0,313.0,818.0
8,1763497386.126313,194.90253019332886,921.0,300.0,861.0
8,1763497386.171329,202.12385940551758,921.0,277.0,889.0
8,1763497386.2166145,209.2445878982544,921.0,274.0,883.0
8,1763497386.251002,214.06616258621216,921.0,277.0,863.0
8,1763497386.2866857,218.90744256973267,921.0,256.0,862.0
8,1763497386.3308268,226.1766939163208,921.0,255.0,867.0
8,1763497386.3758361,233.33937215805054,921.0,267.0,884.0
8,1763497386.4157586,238.16541719436646,921.0,239.0,908.0
8,1763497386.4460738,242.87977504730225,921.0,215.0,898.0
8,1763497386.4915643,250.0512866973877,921.0,232.0,889.0
8,1763497386.5356164,257.3114900588989,921.0,266.0,889.0
8,1763497386.5707607,262.1778039932251,921.0,275.0,909.0
8,1763497386.6060734,266.8594388961792,921.0,240.0,930.0
8,1763497386.6461034,274.10533714294434,921.0,225.0,924.0
8,1763497386.6812913,278.9970784187317,921.0,248.0,921.0
8,1763497386.7163374,283.66437244415283,921.0,280.0,930.0
8,1763497386.7579067,290.97500133514404,921.0,296.0,925.0
8,1763497386.7962046,295.62577295303345,921.0,287.0,927.0
8,1763497386.8263779,300.4034309387207,921.0,271.0,922.0
8,1763497386.8606362,305.22275257110596,921.0,285.0,916.0
8,1763497386.8957834,310.08709955215454,921.0,308.0,923.0
8,1763497386.9346988,317.305317401886,921.0,321.0,918.0
8,1763497386.965987,322.16823387145996,921.0,325.0,910.0
8,1763497387.0007443,326.9198565483093,921.0,308.0,904.0
8,1763497387.0357187,331.61969470977783,921.0,294.0,908.0
8,1763497387.0708008,336.4012508392334,921.0,283.0,923.0
8,1763497387.1188116,343.72983264923096,921.0,288.0,929.0
8,1763497387.1456459,348.54922580718994,921.0,334.0,933.0
8,1763497387.180769,353.3512740135193,921.0,376.0,927.0
8,1763497387.210934,358.14867305755615,921.0,402.0,897.0
8,1763497387.241336,362.82673168182373,921.0,402.0,885.0
8,1763497387.280855,367.60803747177124,921.0,397.0,867.0
8,1763497387.3114102,372.41291093826294,921.0,394.0,864.0
8,1763497387.346529,379.743745803833,921.0,382.0,856.0
8,1763497387.3831217,384.41268491744995,921.0,405.0,856.0
8,1763497387.4220958,389.25028133392334,921.0,447.0,853.0
8,1763497387.45145,394.11913442611694,921.0,465.0,848.0
8,1763497387.4944458,401.2457995414734,921.0,443.0,866.0
8,1763497387.5464404,408.5426239967346,921.0,426.0,895.0
8,1763497387.59118,415.69339323043823,921.0,411.0,901.0
8,1763497387.638003,422.8468089103699,921.0,436.0,895.0
8,1763497387.6842282,427.64048862457275,921.0,469.0,875.0
8,1763497387.7615073,439.68214082717896,921.0,483.0,848.0
8,1763497387.812901,449.2452530860901,921.0,480.0,853.0
8,1763497387.8357325,451.65981340408325,921.0,467.0,871.0
8,1763497387.8711848,456.50760221481323,921.0,454.0,874.0
8,1763497387.9120193,463.6366276741028,921.0,477.0,875.0
8,1763497387.9460554,468.4337406158447,921.0,474.0,876.0
8,1763497387.9817438,473.2943682670593,921.0,469.0,863.0
8,1763497388.0163321,478.13729333877563,921.0,478.0,845.0
8,1763497388.046069,482.88455295562744,921.0,486.0,823.0
8,1763497388.0816216,487.7273349761963,921.0,504.0,826.0
8,1763497388.1181023,494.97062253952026,921.0,520.0,839.0
8,1763497388.1508205,499.6243624687195,921.0,518.0,872.0
8,1763497388.185161,504.52400732040405,921.0,505.0,889.0
8,1763497388.2258763,511.6458444595337,921.0,495.0,895.0
8,1763497388.2789698,518.817928314209,921.0,505.0,882.0
8,1763497388.3206677,523.6984400749207,921.0,495.0,877.0
8,1763497388.345969,528.4847884178162,921.0,493.0,895.0
8,1763497388.3961718,535.6583385467529,921.0,497.0,890.0
8,1763497388.438849,542.8510217666626,921.0,507.0,860.0
8,1763497388.4663217,547.7126507759094,921.0,524.0,829.0
8,1763497388.50173,552.5046496391296,921.0,549.0,843.0
8,1763497388.5361853,557.3713569641113,921.0,564.0,852.0
8,1763497388.5686626,562.1089248657227,921.0,572.0,845.0
8,1763497388.6059113,566.9546751976013,921.0,559.0,826.0
8,1763497388.6406505,571.7160611152649,921.0,555.0,822.0
8,1763497388.686294,578.8734822273254,921.0,540.0,844.0
8,1763497388.7359421,586.0617308616638,921.0,533.0,857.0
8,1763497388.7741776,593.2436137199402,921.0,558.0,848.0
8,1763497388.8007433,595.7290558815002,921.0,572.0,827.0
8,1763497388.841329,602.886155128479,921.0,577.0,829.0
8,1763497388.876562,607.7538995742798,921.0,583.0,841.0
8,1763497388.9256673,614.9011640548706,921.0,585.0,852.0
8,1763497388.969009,622.04217004776,921.0,623.0,841.0
8,1763497389.005593,626.936128616333,921.0,626.0,843.0
8,1763497389.0509307,634.1474442481995,921.0,626.0,843.0
8,1763497389.08672,638.8104467391968,921.0,626.0,839.0
8,1763497389.1169455,643.798282623291,921.0,638.0,831.0
8,1763497389.1510441,648.512068271637,921.0,647.0,828.0
8,1763497389.1857812,655.6315808296204,921.0,641.0,834.0
8,1763497389.2168384,658.1322221755981,921.0,634.0,836.0
8,1763497389.2562664,665.3821258544922,921.0,645.0,825.0
8,1763497389.3065953,672.5827484130859,921.0,670.0,820.0
8,1763497389.3560863,679.6844868659973,921.0,673.0,814.0
8,1763497389.4009497,686.8639378547668,921.0,656.0,788.0
8,1763497389.4314752,691.762366771698,921.0,656.0,802.0
8,1763497389.4656646,696.4526562690735,921.0,660.0,817.0
8,1763497389.4963977,701.2542395591736,921.0,673.0,813.0
8,1763497389.5315332,706.0488133430481,921.0,686.0,809.0
8,1763497389.5657852,710.862663269043,921.0,681.0,825.0
8,1763497389.5965984,715.6790881156921,921.0,663.0,830.0
8,1763497389.6315987,720.4845695495605,921.0,671.0,829.0
8,1763497389.6664586,727.7331857681274,921.0,683.0,829.0
8,1763497389.7065942,732.407811164856,921.0,700.0,815.0
8,1763497389.746332,739.7141842842102,921.0,704.0,798.0
8,1763497389.7907689,744.4507508277893,921.0,709.0,807.0
8,1763497389.8515701,754.1175036430359,921.0,718.0,832.0
8,1763497389.8941317,761.2533955574036,921.0,735.0,855.0
8,1763497389.9162192,763.7509613037109,921.0,741.0,829.0
8,1763497389.9507103,768.4094934463501,921.0,726.0,831.0
8,1763497389.9865491,775.7467656135559,921.0,699.0,845.0
8,1763497390.021886,780.4148106575012,921.0,716.0,847.0
8,1763497390.056273,785.336950302124,921.0,732.0,811.0
8,1763497390.0963452,790.065577507019,921.0,749.0,790.0
8,1763497390.1362426,797.2569375038147,921.0,733.0,802.0
8,1763497390.1695583,802.0693211555481,921.0,715.0,814.0
8,1763497390.201801,806.9364218711853,921.0,754.0,795.0
8,1763497390.2313695,811.6475968360901,921.0,778.0,816.0
8,1763497390.2662225,816.4790420532227,921.0,757.0,828.0
8,1763497390.300882,821.3125615119934,921.0,730.0,819.0
8,1763497390.3360946,826.0710506439209,921.0,740.0,792.0
8,1763497390.3742537,833.2686333656311,921.0,763.0,769.0
8,1763497390.4079926,838.1932406425476,921.0,785.0,779.0
8,1763497390.4548697,845.3344969749451,921.0,800.0,793.0
8,1763497390.496355,850.0694541931152,921.0,807.0,796.0
8,1763497390.5306635,857.3639183044434,921.0,818.0,762.0
8,1763497390.5697598,862.0649724006653,921.0,827.0,743.0
8,1763497390.5979023,866.8331174850464,921.0,828.0,750.0
8,1763497390.6364655,871.7239646911621,921.0,828.0,769.0
8,1763497390.6713917,876.5202550888062,921.0,817.0,771.0
8,1763497390.711767,883.6776404380798,921.0,819.0,783.0
8,1763497390.760501,890.851083278656,921.0,835.0,787.0
8,1763497390.7963443,895.6469802856445,921.0,838.0,786.0
8,1763497390.8407853,902.9303221702576,921.0,889.0,792.0
8,1763497390.8810647,907.743242263794,921.0,897.0,809.0
8,1763497390.9260023,914.8489503860474,921.0,879.0,813.0
8,1763497390.9704576,922.133722782135,921.0,869.0,807.0
8,1763497391.006596,926.8911747932434,921.0,893.0,809.0
8,1763497391.0463805,934.0908675193787,921.0,937.0,815.0
8,1763497391.081104,938.9150528907776,921.0,936.0,818.0
8,1763497391.1160557,943.7133102416992,921.0,922.0,807.0
8,1763497391.146832,948.424485206604,921.0,914.0,806.0
8,1763497391.1955974,955.6537895202637,921.0,915.0,811.0
8,1763497391.2408147,962.8748326301575,921.0,925.0,807.0
8,1763497391.2662902,967.7079229354858,921.0,944.0,814.0
8,1763497391.2960048,970.0448780059814,921.0,949.0,798.0
8,1763497391.3382676,977.2824077606201,921.0,955.0,796.0
8,1763497391.3660827,982.0375351905823,921.0,995.0,760.0
8,1763497391.401127,986.9393258094788,921.0,988.0,776.0
8,1763497391.4363966,991.7060403823853,921.0,990.0,775.0
8,1763497391.4714143,996.4440016746521,921.0,1000.0,780.0
8,1763497391.5065093,1003.7407903671265,921.0,1002.0,772.0
8,1763497391.542354,1008.489194393158,921.0,1003.0,763.0
8,1763497391.5741203,1013.2765083312988,921.0,993.0,747.0
8,1763497391.606544,1018.0739431381226,921.0,992.0,757.0
8,1763497391.6543126,1025.2715973854065,921.0,1003.0,783.0
8,1763497391.7043467,1032.408311843872,921.0,1021.0,791.0
8,1763497391.7410066,1037.2466235160828,921.0,1021.0,763.0
8,1763497391.766153,1042.046561717987,921.0,1021.0,746.0
8,1763497391.7998774,1046.8713550567627,921.0,1031.0,732.0
8,1763497391.8414683,1051.6490488052368,921.0,1052.0,721.0
8,1763497391.8664927,1056.5509824752808,921.0,1073.0,750.0
8,1763497391.9059205,1063.652470588684,921.0,1079.0,789.0
8,1763497391.9364417,1066.1019711494446,921.0,1102.0,795.0
8,1763497391.9863553,1075.7176904678345,921.0,1094.0,775.0
8,1763497392.0257232,1080.4891257286072,921.0,1080.0,775.0
8,1763497392.0614743,1085.2293758392334,921.0,1051.0,755.0
8,1763497392.0965457,1090.0437979698181,921.0,1056.0,733.0
8,1763497392.1407835,1097.3437695503235,921.0,1078.0,741.0
8,1763497392.171587,1102.1351962089539,921.0,1100.0,777.0
8,1763497392.2062273,1106.8925766944885,921.0,1125.0,790.0
8,1763497392.2409015,1111.6055397987366,921.0,1133.0,793.0
8,1763497392.279109,1118.9323334693909,921.0,1146.0,784.0
8,1763497392.327577,1126.139500617981,921.0,1154.0,800.0
8,1763497392.3751822,1133.2671670913696,921.0,1136.0,821.0
8,1763497392.4012618,1135.8082203865051,921.0,1122.0,796.0
8,1763497392.4416013,1142.8677945137024,921.0,1170.0,791.0
8,1763497392.4815423,1147.65993642807,921.0,1183.0,814.0
8,1763497392.5258226,1154.866066455841,921.0,1186.0,836.0
8,1763497392.555067,1159.7849516868591,921.0,1187.0,826.0
8,1763497392.5859957,1164.471450328827,921.0,1191.0,822.0
8,1763497392.6217544,1169.2134885787964,921.0,1188.0,837.0
8,1763497392.6645987,1176.4866738319397,921.0,1193.0,880.0
8,1763497392.6965687,1181.2765984535217,921.0,1210.0,869.0
8,1763497392.7313704,1186.0130577087402,921.0,1215.0,849.0
8,1763497392.765606,1190.9284381866455,921.0,1226.0,840.0
8,1763497392.800807,1195.6766991615295,921.0,1237.0,830.0
8,1763497392.83981,1202.9283194541931,921.0,1237.0,813.0
8,1763497392.8666775,1207.766023159027,921.0,1240.0,799.0
8,1763497392.8958569,1210.0761919021606,921.0,1258.0,807.0
8,1763497392.934327,1217.2133712768555,921.0,1277.0,828.0
8,1763497392.9713504,1222.0271139144897,921.0,1277.0,844.0
8,1763497393.0065656,1226.8600254058838,921.0,1263.0,824.0
8,1763497393.040776,1231.6622524261475,921.0,1255.0,804.0
8,1763497393.0865822,1238.8676314353943,921.0,1248.0,793.0
8,1763497393.1309593,1246.1205034255981,921.0,1300.0,779.0
8,1763497393.1765704,1253.3194451332092,921.0,1289.0,790.0
8,1763497393.22602,1260.4148893356323,921.0,1286.0,790.0
8,1763497393.2548103,1265.3265862464905,921.0,1330.0,788.0
8,1763497393.2914855,1270.1757340431213,921.0,1340.0,791.0
8,1763497393.3258665,1274.8196749687195,921.0,1355.0,787.0
8,1763497393.3557022,1279.7693519592285,921.0,1373.0,809.0
8,1763497393.4018567,1286.9205503463745,921.0,1354.0,820.0
8,1763497393.4408655,1291.660192489624,921.0,1334.0,834.0
8,1763497393.4783413,1298.858883857727,921.0,1319.0,841.0
8,1763497393.506221,1303.6975531578064,921.0,1315.0,818.0
8,1763497393.5431576,1308.5966973304749,921.0,1374.0,834.0
8,1763497393.5742223,1313.2705359458923,921.0,1359.0,818.0
8,1763497393.6112754,1318.017545223236,921.0,1355.0,832.0
8,1763497393.6465633,1322.8487043380737,921.0,1378.0,852.0
8,1763497393.6759114,1327.6444582939148,921.0,1382.0,849.0
8,1763497393.7115939,1332.440176486969,921.0,1381.0,825.0
8,1763497393.7556305,1339.6606831550598,921.0,1375.0,809.0
8,1763497393.7858665,1344.5063619613647,921.0,1352.0,815.0
8,1763497393.836437,1351.649549484253,921.0,1362.0,804.0
8,1763497393.8812861,1358.9422969818115,921.0,1373.0,806.0
8,1763497393.9066167,1363.7568979263306,921.0,1381.0,792.0
8,1763497393.9432156,1368.5821561813354,921.0,1383.0,788.0
8,1763497393.9756413,1373.3251600265503,921.0,1402.0,789.0
8,1763497394.022469,1380.4819374084473,921.0,1414.0,802.0
8,1763497394.065768,1387.6295952796936,921.0,1480.0,760.0
8,1763497394.0911298,1390.0383620262146,921.0,1455.0,774.0
8,1763497394.1257641,1394.8210625648499,921.0,1470.0,776.0
8,1763497394.1708202,1402.0408539772034,921.0,1489.0,759.0
8,1763497394.2213807,1409.33624792099,921.0,1496.0,751.0
8,1763497394.2623308,1416.5082602500916,921.0,1517.0,737.0
8,1763497394.2943552,1421.2754397392273,921.0,1520.0,743.0
8,1763497394.3357213,1426.0226635932922,921.0,1518.0,752.0
8,1763497394.3745737,1433.3150177001953,921.0,1545.0,761.0
8,1763497394.4061875,1438.0690007209778,921.0,1542.0,781.0
8,1763497394.4396226,1442.9949312210083,921.0,1557.0,849.0
8,1763497394.466115,1447.6816444396973,921.0,1530.0,866.0
8,1763497394.5011888,1452.4408130645752,921.0,1520.0,891.0
8,1763497394.541341,1457.3633460998535,921.0,1533.0,883.0
8,1763497394.5710068,1462.1704368591309,921.0,1555.0,857.0
8,1763497394.6059003,1466.859224319458,921.0,1575.0,840.0
8,1763497394.64155,1471.6971426010132,921.0,1584.0,842.0
8,1763497394.6771774,1478.826632976532,921.0,1591.0,844.0
8,1763497394.7056909,1483.6180238723755,921.0,1589.0,829.0
8,1763497394.7366133,1486.0894470214844,921.0,1605.0,821.0
8,1763497394.774995,1493.2196526527405,921.0,1618.0,847.0
8,1763497394.8107238,1498.119333267212,921.0,1628.0,852.0
8,1763497394.840815,1502.891448020935,921.0,1611.0,880.0
8,1763497394.8758607,1507.6149969100952,921.0,1579.0,894.0
8,1763497394.921682,1514.9120001792908,921.0,1587.0,888.0
8,1763497394.9522843,1519.734504699707,921.0,1694.0,827.0
8,1763497394.9862337,1524.5438842773438,921.0,1717.0,778.0
8,1763497395.021507,1529.2901067733765,921.0,1744.0,781.0
8,1763497395.056668,1534.097412109375,921.0,1740.0,816.0
8,1763497395.0907688,1541.379716873169,921.0,1732.0,809.0
8,1763497395.1262758,1546.0267333984375,921.0,1730.0,822.0
8,1763497395.161033,1550.8870749473572,921.0,1723.0,827.0
8,1763497395.1957796,1555.661406993866,921.0,1729.0,815.0
8,1763497395.2264543,1560.4156403541565,921.0,1732.0,843.0
8,1763497395.2660458,1567.671266078949,921.0,1724.0,856.0
8,1763497395.3203218,1574.885907649994,921.0,1724.0,860.0
8,1763497395.3560033,1579.60391330719,921.0,1803.0,847.0
8,1763497395.3906913,1584.4385414123535,921.0,1841.0,842.0
8,1763497395.4259055,1591.6502146720886,921.0,1841.0,847.0
8,1763497395.4607205,1596.4078097343445,921.0,1843.0,838.0
8,1763497395.4909515,1601.4071254730225,921.0,1860.0,809.0
8,1763497395.5169632,1603.6413340568542,921.0,1872.0,797.0
8,1763497395.5509558,1608.5389761924744,921.0,1885.0,787.0
8,1763497395.5856342,1615.6095294952393,921.0,1885.0,790.0
8,1763497395.6165192,1618.134346485138,921.0,1880.0,790.0
8,1763497395.6595502,1625.3038911819458,921.0,1893.0,780.0
8,1763497395.6866848,1630.0852327346802,921.0,1896.0,789.0
8,1763497395.7259688,1634.8181157112122,921.0,1901.0,798.0
8,1763497395.7711387,1642.0324711799622,921.0,1891.0,810.0
8,1763497395.8177204,1649.2502598762512,921.0,1893.0,805.0
8,1763497395.8466718,1654.0170817375183,921.0,1896.0,817.0
8,1763497395.8863826,1658.8648705482483,921.0,1887.0,816.0
8,1763497395.9215033,1663.614562034607,921.0,1885.0,825.0
8,1763497395.952886,1668.5816555023193,921.0,1883.0,829.0
8,1763497395.9915948,1675.6662278175354,921.0,1884.0,809.0
8,1763497396.0259967,1680.5463461875916,921.0,1895.0,812.0
8,1763497396.0610063,1685.259202003479,921.0,1904.0,776.0
8,1763497396.0956364,1690.0451211929321,921.0,1933.0,764.0
8,1763497396.1340852,1697.2316889762878,921.0,1952.0,782.0
8,1763497396.1659992,1702.0175008773804,921.0,1951.0,826.0
8,1763497396.2056012,1706.8031697273254,921.0,1956.0,832.0
8,1763497396.2368,1711.7568879127502,921.0,1964.0,829.0
8,1763497396.2787158,1718.9000396728516,921.0,1967.0,818.0
8,1763497396.3064258,1723.7282662391663,921.0,1961.0,834.0
9,1763497396.341284,1726.0942964553833,921.0,1934.0,827.0
9,1763497396.3765748,1726.0942964553833,921.0,1938.0,812.0
9,1763497396.4160013,1726.0942964553833,921.0,1947.0,802.0
9,1763497396.4463274,1726.0942964553833,921.0,1943.0,788.0
9,1763497396.4759946,1726.0942964553833,921.0,1946.0,776.0
9,1763497396.5065885,1726.0942964553833,921.0,1974.0,766.0
9,1763497396.5414417,1726.0942964553833,921.0,1971.0,776.0
9,1763497396.5856035,1726.0942964553833,921.0,1968.0,768.0
9,1763497396.6159787,1726.0942964553833,921.0,1975.0,743.0
9,1763497396.645913,1726.0942964553833,921.0,1972.0,731.0
9,1763497396.6808033,1726.0942964553833,921.0,1973.0,757.0
9,1763497396.7110434,1726.0942964553833,921.0,1426.0,683.0
9,1763497396.7463396,1726.0942964553833,921.0,1541.0,1518.0
9,1763497396.781073,1726.0942964553833,921.0,1509.0,1450.0
9,1763497396.8108618,1726.0942964553833,921.0,1614.0,1708.0
9,1763497396.841813,180.42271423339844,1014.0,1535.0,1130.0
9,1763497396.8773236,185.3250412940979,1014.0,1425.0,1005.0
9,1763497396.9112241,190.1534824371338,1014.0,341.0,951.0
9,1763497396.9424808,194.97405576705933,1014.0,303.0,965.0
9,1763497396.9765515,199.74842357635498,1014.0,280.0,972.0
9,1763497397.0159216,206.99725437164307,1014.0,291.0,949.0
9,1763497397.0534103,211.62088203430176,1014.0,250.0,983.0
9,1763497397.0859873,216.57252597808838,1014.0,220.0,999.0
9,1763497397.116488,221.28327178955078,1014.0,218.0,998.0
9,1763497397.156466,226.10513257980347,1014.0,221.0,1001.0
9,1763497397.1906567,230.9447317123413,1014.0,232.0,1001.0
9,1763497397.2212195,235.73791074752808,1014.0,251.0,988.0
9,1763497397.2598445,242.94282484054565,1014.0,269.0,969.0
9,1763497397.286126,245.25260019302368,1014.0,273.0,946.0
9,1763497397.3313224,252.5865821838379,1014.0,269.0,956.0
9,1763497397.3616064,257.3215751647949,1014.0,261.0,967.0
9,1763497397.3915372,262.01211500167847,1014.0,256.0,975.0
9,1763497397.4216244,266.9779567718506,1014.0,287.0,965.0
9,1763497397.4707327,274.0916042327881,1014.0,283.0,960.0
9,1763497397.5159492,281.3612847328186,1014.0,311.0,967.0
9,1763497397.547396,286.0494284629822,1014.0,322.0,960.0
9,1763497397.5861404,290.886381149292,1014.0,321.0,974.0
9,1763497397.6160915,295.6715135574341,1014.0,351.0,993.0
9,1763497397.6661851,302.94620084762573,1014.0,365.0,985.0
9,1763497397.7094247,310.19971656799316,1014.0,355.0,981.0
9,1763497397.7473128,314.8691921234131,1014.0,341.0,1001.0
9,1763497397.7766514,319.60465002059937,1014.0,358.0,1003.0
9,1763497397.8112223,324.5099811553955,1014.0,384.0,985.0
9,1763497397.8566236,331.60392332077026,1014.0,400.0,985.0
9,1763497397.8909173,336.508038520813,1014.0,399.0,987.0
9,1763497397.9210877,341.28641176223755,1014.0,380.0,986.0
9,1763497397.956638,346.01568269729614,1014.0,365.0,980.0
9,1763497397.98645,350.86304235458374,1014.0,362.0,959.0
9,1763497398.020676,355.70925760269165,1014.0,364.0,968.0
9,1763497398.051414,360.48748779296875,1014.0,377.0,988.0
9,1763497398.0864086,365.2066378593445,1014.0,384.0,995.0
9,1763497398.1255004,372.4121241569519,1014.0,398.0,980.0
9,1763497398.166571,377.2909908294678,1014.0,404.0,983.0
9,1763497398.1959593,382.02201414108276,1014.0,388.0,1002.0
9,1763497398.2308862,386.8238835334778,1014.0,386.0,993.0
9,1763497398.2708025,394.1550045013428,1014.0,403.0,956.0
9,1763497398.3057716,398.97986936569214,1014.0,410.0,925.0
9,1763497398.3406296,403.702702999115,1014.0,425.0,914.0
9,1763497398.3716345,408.49559593200684,1014.0,459.0,919.0
9,1763497398.406113,413.32278537750244,1014.0,480.0,940.0
9,1763497398.4462707,420.40342378616333,1014.0,488.0,954.0
9,1763497398.4762812,425.2641587257385,1014.0,474.0,946.0
9,1763497398.5100942,430.1502137184143,1014.0,458.0,950.0
9,1763497398.5507164,434.8483352661133,1014.0,433.0,945.0
9,1763497398.595877,442.01695013046265,1014.0,416.0,952.0
9,1763497398.6517096,451.74110221862793,1014.0,411.0,951.0
9,1763497398.6865804,456.40442657470703,1014.0,420.0,930.0
9,1763497398.7111468,458.90553283691406,1014.0,430.0,920.0
9,1763497398.7459826,466.0063056945801,1014.0,442.0,921.0
9,1763497398.78135,470.83074140548706,1014.0,522.0,901.0
9,1763497398.8158166,475.66204357147217,1014.0,512.0,917.0
9,1763497398.850772,480.54766941070557,1014.0,495.0,940.0
9,1763497398.8863497,485.22193717956543,1014.0,512.0,935.0
9,1763497398.9306474,492.5395040512085,1014.0,526.0,922.0
9,1763497398.960939,497.2713499069214,1014.0,529.0,938.0
9,1763497398.991196,502.097216129303,1014.0,520.0,934.0
9,1763497399.0263865,506.8758397102356,1014.0,521.0,930.0
9,1763497399.0613313,511.78535509109497,1014.0,535.0,915.0
9,1763497399.0907466,516.519811630249,1014.0,547.0,912.0
9,1763497399.1268628,521.2867765426636,1014.0,499.0,934.0
9,1763497399.1667442,528.41583776474,1014.0,505.0,930.0
9,1763497399.211175,535.6478958129883,1014.0,504.0,934.0
9,1763497399.2607048,542.9234771728516,1014.0,498.0,932.0
9,1763497399.3158584,550.0813274383545,1014.0,501.0,918.0
9,1763497399.3515341,554.868999004364,1014.0,514.0,905.0
9,1763497399.3826375,559.7066311836243,1014.0,500.0,916.0
9,1763497399.4113455,564.4306449890137,1014.0,483.0,917.0
9,1763497399.4569395,571.6562299728394,1014.0,485.0,922.0
9,1763497399.4987116,578.8076786994934,1014.0,476.0,938.0
9,1763497399.5215192,581.303599357605,1014.0,493.0,941.0
9,1763497399.5631645,588.5308294296265,1014.0,511.0,917.0
9,1763497399.596621,593.3039813041687,1014.0,499.0,913.0
9,1763497399.6463385,600.5312113761902,1014.0,467.0,926.0
9,1763497399.6934004,607.6293020248413,1014.0,471.0,933.0
9,1763497399.7434618,614.9833469390869,1014.0,562.0,899.0
9,1763497399.7790818,619.6696310043335,1014.0,565.0,895.0
9,1763497399.8183296,626.8393545150757,1014.0,568.0,908.0
9,1763497399.8615506,631.7270545959473,1014.0,570.0,925.0
9,1763497399.8915298,636.5273504257202,1014.0,590.0,937.0
9,1763497399.9261818,641.3548974990845,1014.0,600.0,931.0
9,1763497399.9623628,648.465362071991,1014.0,605.0,928.0
9,1763497400.0011954,653.296413898468,1014.0,602.0,932.0
9,1763497400.0362294,658.0267934799194,1014.0,585.0,943.0
9,1763497400.071289,662.9916338920593,1014.0,574.0,966.0
9,1763497400.1073537,670.0705556869507,1014.0,579.0,981.0
9,1763497400.1407757,674.9061493873596,1014.0,587.0,990.0
9,1763497400.170684,679.672613620758,1014.0,600.0,994.0
9,1763497400.2035415,684.5102100372314,1014.0,616.0,985.0
9,1763497400.2359061,689.3216638565063,1014.0,620.0,963.0
9,1763497400.270664,694.0829067230225,1014.0,627.0,957.0
9,1763497400.3112595,698.8202242851257,1014.0,642.0,964.0
9,1763497400.3412974,703.6514191627502,1014.0,643.0,948.0
9,1763497400.3715324,708.510151386261,1014.0,637.0,924.0
9,1763497400.4116983,715.7053380012512,1014.0,631.0,925.0
9,1763497400.4447522,720.5126791000366,1014.0,610.0,959.0
9,1763497400.481248,725.205114364624,1014.0,597.0,984.0
9,1763497400.5113065,730.1199584007263,1014.0,588.0,973.0
9,1763497400.5416653,734.9180369377136,1014.0,588.0,945.0
9,1763497400.5763538,739.7583870887756,1014.0,628.0,931.0
9,1763497400.6108754,744.5488123893738,1014.0,667.0,895.0
9,1763497400.6407712,749.4674472808838,1014.0,664.0,893.0
9,1763497400.675712,754.1052370071411,1014.0,664.0,893.0
9,1763497400.7109377,758.9268832206726,1014.0,673.0,927.0
9,1763497400.7500546,766.1875872612,1014.0,670.0,944.0
9,1763497400.7962294,773.294189453125,1014.0,663.0,945.0
9,1763497400.845906,780.4468898773193,1014.0,656.0,931.0
9,1763497400.8862283,785.2632074356079,1014.0,662.0,935.0
9,1763497400.9238796,792.4060015678406,1014.0,662.0,953.0
9,1763497400.9607153,797.2651987075806,1014.0,661.0,956.0
9,1763497400.99583,802.1093754768372,1014.0,681.0,958.0
9,1763497401.026513,806.8116812705994,1014.0,705.0,959.0
9,1763497401.0614803,811.6521744728088,1014.0,718.0,962.0
9,1763497401.0910838,816.4395956993103,1014.0,715.0,956.0
9,1763497401.126139,821.2378530502319,1014.0,713.0,980.0
9,1763497401.1630437,828.4420876502991,1014.0,716.0,990.0
9,1763497401.196063,833.2287220954895,1014.0,728.0,986.0
9,1763497401.228158,838.0053071975708,1014.0,750.0,955.0
9,1763497401.2762916,845.2266006469727,1014.0,767.0,958.0
9,1763497401.314251,850.0764994621277,1014.0,766.0,966.0
9,1763497401.3466191,854.8309473991394,1014.0,762.0,953.0
9,1763497401.3765404,859.6030263900757,1014.0,753.0,934.0
9,1763497401.4066467,864.4805340766907,1014.0,765.0,903.0
9,1763497401.4408538,869.2062644958496,1014.0,775.0,909.0
9,1763497401.4777334,874.0781216621399,1014.0,847.0,916.0
9,1763497401.511487,878.8943676948547,1014.0,840.0,907.0
9,1763497401.5486815,886.2074284553528,1014.0,840.0,897.0
9,1763497401.5798254,890.9141688346863,1014.0,857.0,895.0
9,1763497401.6162055,895.6530241966248,1014.0,865.0,900.0
9,1763497401.6506572,900.4329352378845,1014.0,851.0,901.0
9,1763497401.6810203,905.2923827171326,1014.0,850.0,899.0
9,1763497401.7161078,910.0939660072327,1014.0,858.0,904.0
9,1763497401.760818,917.3812775611877,1014.0,873.0,908.0
9,1763497401.7965057,922.1180229187012,1014.0,861.0,892.0
9,1763497401.8308544,926.960268497467,1014.0,839.0,895.0
9,1763497401.8871698,936.5804581642151,1014.0,831.0,891.0
9,1763497401.9315956,943.7133460044861,1014.0,840.0,888.0
9,1763497401.977244,951.1956005096436,1014.0,864.0,884.0
9,1763497402.0065155,953.3139734268188,1014.0,834.0,887.0
9,1763497402.036028,958.0941348075867,1014.0,817.0,894.0
9,1763497402.0857038,965.2707962989807,1014.0,823.0,893.0
9,1763497402.1399205,974.9193816184998,1014.0,847.0,901.0
9,1763497402.1610007,977.2674231529236,1014.0,858.0,915.0
9,1763497402.1964638,982.0508031845093,1014.0,861.0,916.0
9,1763497402.2256987,986.8833212852478,1014.0,861.0,916.0
9,1763497402.2613642,991.7435913085938,1014.0,864.0,925.0
9,1763497402.3063104,998.8809852600098,1014.0,877.0,926.0
9,1763497402.3496976,1006.0365467071533,1014.0,899.0,933.0
9,1763497402.3803518,1010.8625917434692,1014.0,937.0,860.0
9,1763497402.4146013,1015.7857327461243,1014.0,955.0,824.0
9,1763497402.4459713,1020.501950263977,1014.0,973.0,824.0
9,1763497402.4796963,1025.2427010536194,1014.0,993.0,815.0
9,1763497402.510724,1030.15003490448,1014.0,1000.0,824.0
9,1763497402.5463502,1034.8617820739746,1014.0,991.0,836.0
9,1763497402.5809288,1039.6975545883179,1014.0,977.0,858.0
9,1763497402.6159747,1047.0052151679993,1014.0,970.0,894.0
9,1763497402.6524172,1051.6969351768494,1014.0,957.0,890.0
9,1763497402.690639,1056.4420490264893,1014.0,957.0,874.0
9,1763497402.7259254,1061.2327604293823,1014.0,964.0,857.0
9,1763497402.7556992,1066.130795955658,1014.0,975.0,846.0
9,1763497402.7912164,1070.9023027420044,1014.0,986.0,843.0
9,1763497402.8206677,1075.7211236953735,1014.0,1011.0,838.0
9,1763497402.8610468,1082.9279689788818,1014.0,1026.0,812.0
9,1763497402.8924932,1087.7198963165283,1014.0,1048.0,796.0
9,1763497402.9417684,1094.8935537338257,1014.0,1087.0,811.0
9,1763497402.989958,1102.152934551239,1014.0,1155.0,758.0
9,1763497403.035768,1109.3280940055847,1014.0,1171.0,754.0
9,1763497403.0713408,1114.0302925109863,1014.0,1185.0,770.0
9,1763497403.1069584,1118.984582901001,1014.0,1173.0,788.0
9,1763497403.1405852,1123.6621050834656,1014.0,1175.0,796.0
9,1763497403.1710987,1128.4239916801453,1014.0,1189.0,812.0
9,1763497403.2135265,1135.6561570167542,1014.0,1195.0,805.0
9,1763497403.242996,1140.4147534370422,1014.0,1186.0,834.0
9,1763497403.2768564,1145.3206210136414,1014.0,1179.0,813.0
9,1763497403.3111262,1150.0640897750854,1014.0,1178.0,792.0
9,1763497403.3506362,1154.8603086471558,1014.0,1186.0,795.0
9,1763497403.3811061,1159.7528367042542,1014.0,1192.0,808.0
9,1763497403.4205835,1166.9224171638489,1014.0,1204.0,821.0
9,1763497403.4462245,1169.2200331687927,1014.0,1218.0,814.0
9,1763497403.4823565,1176.494005203247,1014.0,1240.0,824.0
9,1763497403.5166621,1181.3306002616882,1014.0,1256.0,840.0
9,1763497403.5559626,1186.0219984054565,1014.0,1267.0,837.0
9,1763497403.5909667,1190.8396034240723,1014.0,1360.0,800.0
9,1763497403.6320412,1198.100486278534,1014.0,1348.0,828.0
9,1763497403.6642509,1202.9146580696106,1014.0,1347.0,847.0
9,1763497403.7007372,1207.66867685318,1014.0,1351.0,851.0
9,1763497403.731709,1212.539783000946,1014.0,1356.0,814.0
9,1763497403.7661161,1217.269769191742,1014.0,1355.0,803.0
9,1763497403.802177,1224.41535282135,1014.0,1308.0,815.0
9,1763497403.8509507,1231.6184072494507,1014.0,1284.0,809.0
9,1763497403.8998601,1238.9342217445374,1014.0,1246.0,850.0
9,1763497403.9313443,1243.6888127326965,1014.0,1261.0,880.0
9,1763497403.9664757,1248.4795598983765,1014.0,1287.0,859.0
9,1763497404.0010667,1253.2588987350464,1014.0,1294.0,831.0
9,1763497404.048589,1260.5313687324524,1014.0,1290.0,819.0
9,1763497404.086036,1265.2318506240845,1014.0,1284.0,803.0
9,1763497404.130782,1272.5993423461914,1014.0,1281.0,799.0
9,1763497404.1608222,1277.2056608200073,1014.0,1357.0,819.0
9,1763497404.1957302,1282.014003276825,1014.0,1365.0,830.0
9,1763497404.230793,1286.89812707901,1014.0,1380.0,830.0
9,1763497404.2675328,1294.0677075386047,1014.0,1369.0,840.0
9,1763497404.3003755,1298.81618309021,1014.0,1371.0,851.0
9,1763497404.3327236,1303.7009506225586,1014.0,1377.0,843.0
9,1763497404.3662298,1308.4267525672913,1014.0,1384.0,827.0
9,1763497404.3985467,1313.234808921814,1014.0,1369.0,817.0
9,1763497404.4364538,1318.0126457214355,1014.0,1373.0,801.0
9,1763497404.4715164,1322.8558926582336,1014.0,1376.0,797.0
9,1763497404.5110528,1330.0558714866638,1014.0,1379.0,791.0
9,1763497404.5460074,1334.8477272987366,1014.0,1427.0,803.0
9,1763497404.5763423,1339.6861462593079,1014.0,1482.0,797.0
9,1763497404.6110108,1344.5027141571045,1014.0,1496.0,808.0
9,1763497404.645789,1349.3395595550537,1014.0,1485.0,796.0
9,1763497404.6832547,1356.424060344696,1014.0,1470.0,810.0
9,1763497404.7163684,1361.3051800727844,1014.0,1471.0,827.0
9,1763497404.7507277,1366.0256533622742,1014.0,1457.0,844.0
9,1763497404.7863934,1370.8426504135132,1014.0,1437.0,847.0
9,1763497404.8210142,1375.6077914237976,1014.0,1439.0,819.0
9,1763497404.87142,1382.8221468925476,1014.0,1446.0,794.0
9,1763497404.9165256,1390.0224833488464,1014.0,1451.0,780.0
9,1763497404.9465826,1394.88951253891,1014.0,1462.0,762.0
9,1763497404.9775865,1399.7115879058838,1014.0,1459.0,751.0
9,1763497405.0107245,1404.4725089073181,1014.0,1518.0,761.0
9,1763497405.0414035,1409.3475847244263,1014.0,1546.0,783.0
9,1763497405.0764709,1414.1029267311096,1014.0,1552.0,792.0
9,1763497405.1109354,1418.8039093017578,1014.0,1559.0,787.0
9,1763497405.1508806,1426.1444001197815,1014.0,1563.0,788.0
9,1763497405.2013593,1433.3365111351013,1014.0,1560.0,789.0
9,1763497405.2500393,1440.5463604927063,1014.0,1549.0,768.0
9,1763497405.2808235,1445.2707319259644,1014.0,1552.0,787.0
9,1763497405.316594,1450.087800502777,1014.0,1566.0,794.0
9,1763497405.3457904,1454.8683910369873,1014.0,1635.0,777.0
9,1763497405.3869874,1462.0014934539795,1014.0,1626.0,781.0
9,1763497405.4259999,1466.8821125030518,1014.0,1619.0,794.0
9,1763497405.4613044,1471.6102032661438,1014.0,1626.0,773.0
9,1763497405.5011973,1478.946867465973,1014.0,1641.0,774.0
9,1763497405.5557663,1486.0907344818115,1014.0,1657.0,770.0
9,1763497405.6007113,1493.2263402938843,1014.0,1652.0,752.0
9,1763497405.6310985,1498.1135039329529,1014.0,1641.0,753.0
9,1763497405.6557634,1502.9735236167908,1014.0,1763.0,754.0
9,1763497405.6962,1507.745101928711,1014.0,1730.0,784.0
9,1763497405.7366872,1514.959171295166,1014.0,1721.0,778.0
9,1763497405.766551,1517.2689108848572,1014.0,1750.0,758.0
9,1763497405.8056545,1524.488094329834,1014.0,1762.0,760.0
9,1763497405.855801,1531.700590133667,1014.0,1770.0,763.0
9,1763497405.9062145,1538.910439491272,1014.0,1767.0,775.0
9,1763497405.9315813,1543.7187819480896,1014.0,1760.0,800.0
9,1763497405.9707732,1548.5507278442383,1014.0,1756.0,800.0
9,1763497406.0159523,1555.7259945869446,1014.0,1758.0,803.0
9,1763497406.046177,1560.5649857521057,1014.0,1776.0,797.0
9,1763497406.080959,1565.3339891433716,1014.0,1764.0,796.0
9,1763497406.1157923,1570.010259628296,1014.0,1768.0,795.0
9,1763497406.1612253,1577.3130922317505,1014.0,1818.0,804.0
9,1763497406.2034276,1584.4862847328186,1014.0,1809.0,831.0
9,1763497406.2306285,1586.923053741455,1014.0,1793.0,851.0
9,1763497406.2707515,1594.1362648010254,1014.0,1808.0,846.0
9,1763497406.3207498,1601.2245922088623,1014.0,1826.0,847.0
9,1763497406.3829236,1610.8891277313232,1014.0,1824.0,831.0
9,1763497406.4282508,1618.026307106018,1014.0,1849.0,834.0
9,1763497406.4510057,1620.4870014190674,1014.0,1861.0,844.0
9,1763497406.4868293,1625.2694873809814,1014.0,1854.0,842.0
9,1763497406.515921,1630.1084427833557,1014.0,1854.0,854.0
9,1763497406.5557315,1637.2569947242737,1014.0,1864.0,844.0
9,1763497406.5958397,1642.1205191612244,1014.0,1856.0,843.0
9,1763497406.631509,1646.882656097412,1014.0,1852.0,857.0
9,1763497406.6609652,1651.7102031707764,1014.0,1849.0,872.0
9,1763497406.7008712,1658.9095740318298,1014.0,1897.0,851.0
9,1763497406.7358,1663.696029663086,1014.0,1916.0,827.0
9,1763497406.7664793,1668.4940366744995,1014.0,1953.0,805.0
9,1763497406.8010893,1673.2556729316711,1014.0,1981.0,770.0
9,1763497406.836253,1678.0439167022705,1014.0,1983.0,769.0
9,1763497406.8660924,1682.9180626869202,1014.0,1982.0,798.0
9,1763497406.9012694,1687.7459316253662,1014.0,1987.0,808.0
9,1763497406.9404721,1694.8692708015442,1014.0,1993.0,792.0
9,1763497406.9713402,1699.6694951057434,1014.0,1998.0,806.0
9,1763497407.0111182,1704.554012298584,1014.0,1989.0,798.0
9,1763497407.055831,1711.7330341339111,1014.0,1987.0,803.0
9,1763497407.0988317,1718.875220298767,1014.0,2006.0,807.0
9,1763497407.1266172,1721.2937502861023,1014.0,2004.0,808.0
