line_idx,timestamp,dot_x,dot_y,gaze_x,gaze_y
0,1764042050.3903737,178.0,178.0,185.0,164.0
0,1764042050.419488,180.54226922988892,178.0,187.0,160.0
0,1764042050.4544828,185.2229027748108,178.0,173.0,153.0
0,1764042050.495314,192.45066928863525,178.0,165.0,149.0
0,1764042050.520122,197.31147575378418,178.0,216.0,159.0
0,1764042050.55974,202.16352033615112,178.0,220.0,158.0
0,1764042050.590229,206.86403799057007,178.0,221.0,161.0
0,1764042050.6201978,211.65238904953003,178.0,218.0,162.0
0,1764042050.660265,216.4326934814453,178.0,221.0,168.0
0,1764042050.6894147,221.3687448501587,178.0,215.0,172.0
0,1764042050.720075,226.14776182174683,178.0,208.0,181.0
0,1764042050.7600164,233.29563426971436,178.0,163.0,185.0
0,1764042050.784417,235.74202346801758,178.0,165.0,157.0
0,1764042050.8299036,242.935564994812,178.0,163.0,153.0
0,1764042050.860175,247.70489025115967,178.0,164.0,172.0
0,1764042050.890625,252.4284749031067,178.0,176.0,175.0
0,1764042050.9295926,257.38709259033203,178.0,184.0,172.0
0,1764042050.9649687,262.16017293930054,178.0,185.0,166.0
0,1764042051.0000234,269.2966728210449,178.0,182.0,166.0
0,1764042051.0245125,271.63062381744385,178.0,184.0,165.0
0,1764042051.0596545,276.4896421432495,178.0,194.0,166.0
0,1764042051.1015034,283.6757092475891,178.0,196.0,163.0
0,1764042051.1232135,286.0360531806946,178.0,226.0,159.0
0,1764042051.1599157,293.2805209159851,178.0,228.0,156.0
0,1764042051.199471,298.13925313949585,178.0,238.0,139.0
0,1764042051.2305868,302.8331904411316,178.0,243.0,130.0
0,1764042051.2695286,307.76566553115845,178.0,247.0,129.0
0,1764042051.3090525,314.8478775024414,178.0,244.0,129.0
0,1764042051.3410866,319.6990280151367,178.0,244.0,128.0
0,1764042051.3803525,324.5189218521118,178.0,242.0,123.0
0,1764042051.4231143,331.6584973335266,178.0,259.0,118.0
0,1764042051.4596334,336.40840339660645,178.0,259.0,119.0
0,1764042051.495186,341.2747530937195,178.0,258.0,128.0
0,1764042051.5410166,348.4598903656006,178.0,263.0,135.0
0,1764042051.5705743,353.2493143081665,178.0,269.0,138.0
0,1764042051.6058216,358.00898361206055,178.0,267.0,144.0
0,1764042051.650361,365.2737646102905,178.0,262.0,146.0
0,1764042051.685191,370.09054708480835,178.0,264.0,134.0
0,1764042051.745379,379.6063094139099,178.0,267.0,118.0
0,1764042051.7804806,384.52523040771484,178.0,265.0,125.0
0,1764042051.8046534,389.3141894340515,178.0,263.0,130.0
0,1764042051.824918,391.6492848396301,178.0,261.0,157.0
0,1764042051.860525,396.51212978363037,178.0,271.0,145.0
0,1764042051.8946886,401.35705757141113,178.0,274.0,138.0
0,1764042051.9325266,408.54301738739014,178.0,284.0,137.0
0,1764042051.9695487,413.221791267395,178.0,293.0,143.0
0,1764042052.0001347,418.1104211807251,178.0,298.0,148.0
0,1764042052.0293791,422.85270977020264,178.0,294.0,136.0
0,1764042052.0710847,427.68987703323364,178.0,310.0,133.0
0,1764042052.0995693,432.5095920562744,178.0,328.0,127.0
0,1764042052.1302214,437.3776226043701,178.0,353.0,127.0
0,1764042052.1652203,442.0514612197876,178.0,370.0,126.0
0,1764042052.1997075,449.24929428100586,178.0,382.0,126.0
0,1764042052.2294257,451.68617057800293,178.0,381.0,136.0
0,1764042052.2699168,458.9589982032776,178.0,392.0,141.0
0,1764042052.294762,461.29795598983765,178.0,394.0,156.0
0,1764042052.3343813,468.42580127716064,178.0,377.0,159.0
0,1764042052.3652902,473.31078338623047,178.0,374.0,151.0
0,1764042052.3998842,478.1771330833435,178.0,369.0,144.0
0,1764042052.4344616,482.82815504074097,178.0,364.0,135.0
0,1764042052.4647582,487.60320234298706,178.0,356.0,142.0
0,1764042052.5005922,492.4423007965088,178.0,350.0,157.0
0,1764042052.535238,497.3166255950928,178.0,364.0,162.0
0,1764042052.5654776,502.1469621658325,178.0,387.0,169.0
0,1764042052.5997348,509.25338554382324,178.0,399.0,168.0
0,1764042052.6381917,514.040985584259,178.0,415.0,159.0
0,1764042052.6699712,518.9590840339661,178.0,432.0,166.0
0,1764042052.704848,523.727264881134,178.0,446.0,168.0
0,1764042052.7353446,528.518548488617,178.0,439.0,169.0
0,1764042052.7595577,533.2268266677856,178.0,425.0,175.0
0,1764042052.80696,538.0272297859192,178.0,412.0,173.0
0,1764042052.8346276,542.9958252906799,178.0,391.0,176.0
0,1764042052.8754492,550.0825433731079,178.0,380.0,184.0
0,1764042052.9002676,552.5196342468262,178.0,396.0,192.0
0,1764042052.934506,557.5045375823975,178.0,415.0,192.0
0,1764042052.9726117,564.4974856376648,178.0,427.0,198.0
0,1764042053.000286,569.3360834121704,178.0,429.0,198.0
0,1764042053.0386887,574.0750460624695,178.0,460.0,203.0
0,1764042053.0746837,578.9730100631714,178.0,467.0,194.0
0,1764042053.1005867,583.7289600372314,178.0,473.0,196.0
0,1764042053.1477103,590.8119945526123,178.0,473.0,194.0
0,1764042053.1744392,593.2106046676636,178.0,480.0,192.0
0,1764042053.2002995,598.0287103652954,178.0,486.0,186.0
0,1764042053.2401588,605.3169875144958,178.0,481.0,193.0
0,1764042053.2697346,607.690420627594,178.0,520.0,189.0
0,1764042053.309439,614.9189381599426,178.0,514.0,204.0
0,1764042053.3447316,619.6633009910583,178.0,546.0,196.0
0,1764042053.3720124,624.4024782180786,178.0,573.0,177.0
0,1764042053.4055226,629.2903213500977,178.0,580.0,161.0
0,1764042053.4452167,634.127917766571,178.0,594.0,166.0
0,1764042053.4846582,641.2102370262146,178.0,595.0,178.0
0,1764042053.5156841,646.1475400924683,178.0,582.0,187.0
0,1764042053.5403316,648.512068271637,178.0,568.0,183.0
0,1764042053.5743995,653.3594994544983,178.0,570.0,181.0
0,1764042053.6048226,658.1990270614624,178.0,581.0,182.0
0,1764042053.6436167,665.1980547904968,178.0,583.0,185.0
0,1764042053.6757505,670.0143723487854,178.0,575.0,188.0
0,1764042053.706731,674.8188524246216,178.0,573.0,191.0
0,1764042053.7351031,677.271821975708,178.0,564.0,185.0
0,1764042053.7806153,684.519365310669,178.0,579.0,190.0
0,1764042053.8052812,689.2697005271912,178.0,593.0,195.0
0,1764042053.8395233,694.0948872566223,178.0,605.0,199.0
0,1764042053.8748276,698.9935307502747,178.0,602.0,192.0
0,1764042053.9050167,703.6242394447327,178.0,604.0,191.0
0,1764042053.940576,708.4872632026672,178.0,614.0,193.0
0,1764042053.9750714,713.3225708007812,178.0,625.0,197.0
0,1764042054.0051541,718.0886416435242,178.0,623.0,197.0
0,1764042054.0505667,725.3974108695984,178.0,620.0,204.0
0,1764042054.0844092,730.0061612129211,178.0,640.0,209.0
0,1764042054.110135,734.8363904953003,178.0,653.0,210.0
0,1764042054.1499019,739.6591095924377,178.0,653.0,210.0
0,1764042054.1894138,746.8919544219971,178.0,657.0,218.0
0,1764042054.2148283,749.2628841400146,178.0,658.0,208.0
0,1764042054.2447176,754.0836362838745,178.0,653.0,199.0
0,1764042054.2753186,758.8946251869202,178.0,655.0,196.0
0,1764042054.310316,763.6113433837891,178.0,662.0,207.0
0,1764042054.3402562,768.4277324676514,178.0,658.0,211.0
0,1764042054.3853564,775.6988434791565,178.0,650.0,204.0
0,1764042054.4298272,782.9355506896973,178.0,655.0,193.0
0,1764042054.45504,785.3948502540588,178.0,662.0,200.0
0,1764042054.4851263,790.0829224586487,178.0,673.0,212.0
0,1764042054.50952,794.8617606163025,178.0,672.0,211.0
0,1764042054.5449023,799.7131972312927,178.0,671.0,209.0
0,1764042054.5878308,806.8044929504395,178.0,667.0,200.0
0,1764042054.6226826,811.6686253547668,178.0,669.0,198.0
0,1764042054.6511092,816.4792923927307,178.0,685.0,202.0
0,1764042054.6804583,821.3619141578674,178.0,698.0,203.0
0,1764042054.709905,823.6241250038147,178.0,703.0,205.0
0,1764042054.747377,830.8014302253723,178.0,716.0,206.0
0,1764042054.775421,833.3587198257446,178.0,720.0,201.0
0,1764042054.819914,840.5460743904114,178.0,733.0,195.0
0,1764042054.8566995,845.2911882400513,178.0,754.0,199.0
0,1764042054.8945315,852.4175314903259,178.0,759.0,201.0
0,1764042054.9243755,857.2765855789185,178.0,766.0,204.0
0,1764042054.9499407,859.6652178764343,178.0,791.0,205.0
0,1764042054.9747787,864.438512802124,178.0,775.0,205.0
0,1764042055.0148182,869.2485003471375,178.0,763.0,196.0
0,1764042055.0445242,874.128261089325,178.0,769.0,189.0
0,1764042055.086566,881.2862544059753,178.0,783.0,182.0
0,1764042055.116728,886.0775380134583,178.0,800.0,183.0
0,1764042055.1502893,890.8759026527405,178.0,808.0,191.0
0,1764042055.1846392,895.6523447036743,178.0,816.0,194.0
0,1764042055.2200897,900.5368976593018,178.0,817.0,201.0
0,1764042055.2551963,905.3342251777649,178.0,812.0,195.0
0,1764042055.2794414,910.0887804031372,178.0,809.0,188.0
0,1764042055.3195858,917.2310380935669,178.0,809.0,183.0
0,1764042055.3545837,922.0138101577759,178.0,814.0,188.0
0,1764042055.3926132,926.8523364067078,178.0,818.0,198.0
0,1764042055.414434,929.3267993927002,178.0,814.0,212.0
0,1764042055.4541464,936.4729909896851,178.0,824.0,220.0
0,1764042055.4852068,941.3396983146667,178.0,830.0,214.0
0,1764042055.519822,946.1127071380615,178.0,834.0,201.0
0,1764042055.549774,950.9452610015869,178.0,838.0,211.0
0,1764042055.5801983,955.653181552887,178.0,847.0,210.0
0,1764042055.6148384,960.4920296669006,178.0,861.0,210.0
0,1764042055.655634,965.2800946235657,178.0,860.0,219.0
0,1764042055.692987,972.4148421287537,178.0,865.0,215.0
0,1764042055.7148056,974.9114422798157,178.0,867.0,211.0
0,1764042055.7545586,982.0029525756836,178.0,864.0,216.0
0,1764042055.7918336,986.8611841201782,178.0,863.0,217.0
0,1764042055.837755,993.9977912902832,178.0,868.0,210.0
0,1764042055.8547206,996.5864090919495,178.0,864.0,211.0
0,1764042055.8854244,1001.2577085494995,178.0,859.0,216.0
0,1764042055.9252284,1006.0888676643372,178.0,864.0,210.0
0,1764042055.964712,1013.3702425956726,178.0,874.0,201.0
0,1764042055.9902012,1015.6590251922607,178.0,880.0,194.0
0,1764042056.0204904,1020.5519824028015,178.0,893.0,190.0
0,1764042056.045149,1025.303855419159,178.0,902.0,190.0
0,1764042056.0916364,1032.4275522232056,178.0,904.0,187.0
0,1764042056.1246083,1037.3536257743835,178.0,905.0,191.0
0,1764042056.1634135,1042.139437675476,178.0,898.0,191.0
0,1764042056.194822,1046.8108444213867,178.0,884.0,200.0
0,1764042056.234815,1054.037609577179,178.0,887.0,206.0
0,1764042056.2682047,1058.87899684906,178.0,901.0,199.0
0,1764042056.289629,1061.3140134811401,178.0,902.0,200.0
0,1764042056.3203638,1066.0603075027466,178.0,912.0,199.0
0,1764042056.354909,1070.8865313529968,178.0,926.0,197.0
0,1764042056.3847764,1075.6479887962341,178.0,937.0,203.0
0,1764042056.4273033,1082.8612356185913,178.0,934.0,205.0
0,1764042056.454848,1085.302975654602,178.0,928.0,213.0
0,1764042056.4852116,1090.0378971099854,178.0,955.0,220.0
0,1764042056.5299122,1097.2883729934692,178.0,967.0,213.0
0,1764042056.575295,1104.4265179634094,178.0,973.0,207.0
0,1764042056.5998278,1109.2673330307007,178.0,972.0,211.0
0,1764042056.625208,1111.6850762367249,178.0,975.0,210.0
0,1764042056.6547866,1116.5369420051575,178.0,979.0,209.0
0,1764042056.691671,1121.330729007721,178.0,981.0,205.0
0,1764042056.7198403,1126.1122136116028,178.0,984.0,199.0
0,1764042056.7498531,1130.9066801071167,178.0,965.0,187.0
0,1764042056.796523,1138.05197763443,178.0,967.0,189.0
0,1764042056.8294363,1142.9407505989075,178.0,974.0,180.0
0,1764042056.854773,1145.3685789108276,178.0,987.0,184.0
0,1764042056.8935297,1152.4626998901367,178.0,986.0,190.0
0,1764042056.920489,1157.3665289878845,178.0,985.0,195.0
0,1764042056.9652975,1162.1586351394653,178.0,990.0,206.0
0,1764042056.9923253,1166.8012886047363,178.0,995.0,212.0
0,1764042057.0218337,1171.7250018119812,178.0,999.0,210.0
0,1764042057.059732,1176.4140038490295,178.0,1049.0,213.0
0,1764042057.0896862,1181.2894015312195,178.0,1051.0,210.0
0,1764042057.124545,1186.0859065055847,178.0,1050.0,208.0
0,1764042057.1595292,1193.2225494384766,178.0,1055.0,213.0
0,1764042057.1897504,1195.6106452941895,178.0,1064.0,216.0
0,1764042057.2265441,1202.8034358024597,178.0,1072.0,213.0
0,1764042057.264929,1207.7432780265808,178.0,1082.0,215.0
0,1764042057.299711,1212.5046281814575,178.0,1100.0,228.0
0,1764042057.3250217,1217.3848538398743,178.0,1119.0,234.0
0,1764042057.3604198,1222.057297706604,178.0,1115.0,241.0
0,1764042057.400519,1229.3710021972656,178.0,1127.0,242.0
0,1764042057.4402287,1234.011688709259,178.0,1121.0,240.0
0,1764042057.4687045,1238.8059763908386,178.0,1106.0,233.0
0,1764042057.500243,1243.6871676445007,178.0,1109.0,246.0
0,1764042057.5349202,1248.5523371696472,178.0,1124.0,247.0
0,1764042057.5627186,1253.198245048523,178.0,1149.0,230.0
0,1764042057.595684,1258.0138473510742,178.0,1174.0,240.0
0,1764042057.626916,1262.8564505577087,178.0,1178.0,231.0
0,1764042057.6700704,1267.6137595176697,178.0,1178.0,229.0
0,1764042057.7094164,1274.8782901763916,178.0,1182.0,226.0
0,1764042057.7344122,1277.2953181266785,178.0,1184.0,231.0
0,1764042057.7644217,1282.030418395996,178.0,1192.0,235.0
0,1764042057.7998133,1289.2651586532593,178.0,1199.0,243.0
0,1764042057.8346865,1294.1446690559387,178.0,1210.0,241.0
0,1764042057.8596745,1296.5982823371887,178.0,1216.0,244.0
0,1764042057.8943937,1301.2520937919617,178.0,1214.0,245.0
0,1764042057.934821,1308.4261088371277,178.0,1198.0,237.0
0,1764042057.9595935,1313.2321982383728,178.0,1186.0,229.0
0,1764042057.996272,1318.1025891304016,178.0,1190.0,230.0
0,1764042058.03002,1322.859540462494,178.0,1203.0,227.0
0,1764042058.0706491,1327.7218489646912,178.0,1189.0,222.0
0,1764042058.1152806,1334.8846702575684,178.0,1194.0,224.0
0,1764042058.1352053,1337.2257738113403,178.0,1188.0,233.0
0,1764042058.1757102,1344.4326906204224,178.0,1181.0,245.0
0,1764042058.199828,1349.2673544883728,178.0,1176.0,249.0
0,1764042058.2300549,1351.6759424209595,178.0,1189.0,244.0
0,1764042058.2673793,1358.9318542480469,178.0,1244.0,236.0
0,1764042058.3004274,1363.7082605361938,178.0,1252.0,231.0
0,1764042058.3315032,1368.5038356781006,178.0,1272.0,207.0
0,1764042058.3750186,1373.3247666358948,178.0,1275.0,207.0
0,1764042058.4112723,1380.506399154663,178.0,1277.0,209.0
0,1764042058.4351072,1382.8437476158142,178.0,1283.0,212.0
0,1764042058.4652338,1387.722650051117,178.0,1311.0,204.0
0,1764042058.494956,1392.4842863082886,178.0,1327.0,207.0
0,1764042058.5343788,1397.242024421692,178.0,1339.0,209.0
0,1764042058.574412,1404.3980865478516,178.0,1329.0,216.0
0,1764042058.594947,1406.8931846618652,178.0,1324.0,226.0
0,1764042058.639958,1414.135971546173,178.0,1324.0,227.0
0,1764042058.6700265,1418.813708305359,178.0,1322.0,221.0
0,1764042058.7155397,1426.1082439422607,178.0,1329.0,221.0
0,1764042058.7481577,1430.8764247894287,178.0,1340.0,208.0
0,1764042058.7696464,1433.198860168457,178.0,1342.0,200.0
0,1764042058.800033,1438.1133108139038,178.0,1339.0,181.0
0,1764042058.8352041,1442.8125767707825,178.0,1337.0,172.0
0,1764042058.8697503,1447.6764945983887,178.0,1346.0,166.0
0,1764042058.9072974,1454.8085956573486,178.0,1344.0,172.0
0,1764042058.9349287,1457.307234287262,178.0,1349.0,187.0
0,1764042058.9706933,1464.4534616470337,178.0,1356.0,220.0
0,1764042059.0107143,1469.3475275039673,178.0,1364.0,224.0
0,1764042059.0535278,1476.482060432434,178.0,1357.0,228.0
0,1764042059.0700865,1478.8480191230774,178.0,1360.0,232.0
0,1764042059.1048439,1483.7124376296997,178.0,1367.0,229.0
0,1764042059.1356559,1488.4098439216614,178.0,1371.0,227.0
0,1764042059.1744027,1493.227234363556,178.0,1357.0,227.0
0,1764042059.213245,1500.4961280822754,178.0,1405.0,242.0
0,1764042059.2406507,1505.3907661437988,178.0,1422.0,245.0
0,1764042059.2802193,1510.077407836914,178.0,1423.0,246.0
0,1764042059.2999895,1512.4627857208252,178.0,1427.0,253.0
0,1764042059.3456888,1519.664445400238,178.0,1431.0,253.0
0,1764042059.3770518,1524.5468168258667,178.0,1441.0,246.0
0,1764042059.4105475,1529.3082385063171,178.0,1440.0,239.0
0,1764042059.4349208,1534.0662269592285,178.0,1443.0,230.0
0,1764042059.4703708,1538.880184173584,178.0,1449.0,232.0
0,1764042059.5046685,1543.6378865242004,178.0,1458.0,235.0
0,1764042059.539495,1548.4203724861145,178.0,1452.0,237.0
0,1764042059.5652652,1553.2328634262085,178.0,1447.0,231.0
0,1764042059.6049435,1558.1833629608154,178.0,1458.0,234.0
0,1764042059.6344266,1562.8675727844238,178.0,1448.0,233.0
0,1764042059.6754944,1570.018985748291,178.0,1459.0,236.0
0,1764042059.715044,1574.897029876709,178.0,1470.0,235.0
0,1764042059.7496374,1579.7473936080933,178.0,1479.0,239.0
0,1764042059.7951093,1586.8832139968872,178.0,1476.0,233.0
0,1764042059.8196392,1591.772988319397,178.0,1483.0,228.0
0,1764042059.842579,1594.1240696907043,178.0,1493.0,228.0
0,1764042059.8698747,1598.8337783813477,178.0,1522.0,231.0
0,1764042059.9051745,1603.6343245506287,178.0,1544.0,231.0
0,1764042059.934657,1608.445420742035,178.0,1557.0,230.0
0,1764042059.9745612,1613.2557301521301,178.0,1562.0,235.0
0,1764042060.0052762,1618.0655031204224,178.0,1557.0,241.0
0,1764042060.0395968,1625.2326874732971,178.0,1560.0,243.0
0,1764042060.0848005,1630.1465301513672,178.0,1561.0,247.0
0,1764042060.110241,1634.8960785865784,178.0,1558.0,247.0
0,1764042060.15995,1642.100742340088,178.0,1553.0,245.0
0,1764042060.190345,1646.8605546951294,178.0,1547.0,253.0
0,1764042060.2202377,1651.6856698989868,178.0,1555.0,257.0
0,1764042060.251162,1656.4929752349854,178.0,1560.0,255.0
0,1764042060.279459,1661.2120180130005,178.0,1566.0,248.0
0,1764042060.3096576,1663.61509847641,178.0,1578.0,240.0
0,1764042060.346943,1670.8737998008728,178.0,1556.0,243.0
0,1764042060.3694885,1673.3855633735657,178.0,1559.0,238.0
0,1764042060.415128,1680.451467514038,178.0,1555.0,240.0
0,1764042060.449755,1685.3853015899658,178.0,1553.0,239.0
0,1764042060.4701395,1687.6117854118347,178.0,1554.0,232.0
0,1764042060.5101078,1694.882073879242,178.0,1556.0,222.0
0,1764042060.5494883,1699.7075824737549,178.0,1563.0,214.0
0,1764042060.594858,1706.9391040802002,178.0,1563.0,211.0
0,1764042060.6369748,1714.0458493232727,178.0,1584.0,223.0
0,1764042060.6612124,1716.4266138076782,178.0,1579.0,248.0
0,1764042060.689757,1721.2841300964355,178.0,1588.0,254.0
1,1764042060.7306085,1726.0866432189941,178.0,1591.0,250.0
1,1764042060.7651582,1726.0866432189941,178.0,1595.0,251.0
1,1764042060.7852519,1726.0866432189941,178.0,1609.0,252.0
1,1764042060.809547,1726.0866432189941,178.0,1615.0,247.0
1,1764042060.8499954,1726.0866432189941,178.0,1622.0,252.0
1,1764042060.8801715,1726.0866432189941,178.0,1624.0,259.0
1,1764042060.9144468,1726.0866432189941,178.0,1620.0,266.0
1,1764042060.945101,1726.0866432189941,178.0,1616.0,268.0
1,1764042060.9749465,1726.0866432189941,178.0,1612.0,272.0
1,1764042061.0102227,1726.0866432189941,178.0,1611.0,274.0
1,1764042061.0499544,1726.0866432189941,178.0,1617.0,274.0
1,1764042061.075759,1726.0866432189941,178.0,1622.0,275.0
1,1764042061.1095452,1726.0866432189941,178.0,1622.0,276.0
1,1764042061.1446943,1726.0866432189941,178.0,1623.0,276.0
1,1764042061.174708,1726.0866432189941,178.0,1629.0,268.0
1,1764042061.225111,178.0,270.0,1633.0,288.0
1,1764042061.254688,182.90339994430542,270.0,1232.0,231.0
1,1764042061.2808356,187.61958169937134,270.0,1067.0,674.0
1,1764042061.3203053,192.54304456710815,270.0,1003.0,608.0
1,1764042061.3444965,197.354248046875,270.0,338.0,266.0
1,1764042061.3849187,202.13809299468994,270.0,251.0,211.0
1,1764042061.41964,206.87169122695923,270.0,190.0,337.0
1,1764042061.4653807,214.11319065093994,270.0,172.0,339.0
1,1764042061.4947624,218.86663722991943,270.0,170.0,339.0
1,1764042061.525518,223.6668257713318,270.0,169.0,332.0
1,1764042061.560139,228.53879022598267,270.0,178.0,333.0
1,1764042061.5844936,233.31169176101685,270.0,182.0,340.0
1,1764042061.6360726,240.49557733535767,270.0,179.0,338.0
1,1764042061.6701047,245.22888946533203,270.0,177.0,335.0
1,1764042061.7002118,250.00350761413574,270.0,154.0,311.0
1,1764042061.734953,254.94342136383057,270.0,158.0,287.0
1,1764042061.7783082,262.0890407562256,270.0,170.0,283.0
1,1764042061.8120928,266.8596177101135,270.0,170.0,279.0
1,1764042061.8356502,269.277539730072,270.0,160.0,274.0
1,1764042061.8599532,274.1318373680115,270.0,166.0,258.0
1,1764042061.8999043,278.8912205696106,270.0,180.0,256.0
1,1764042061.936098,286.0703139305115,270.0,201.0,264.0
1,1764042061.959379,288.53404808044434,270.0,215.0,265.0
1,1764042061.9850755,293.25691747665405,270.0,230.0,263.0
1,1764042062.0206761,298.3554391860962,270.0,227.0,256.0
1,1764042062.0601678,302.90450143814087,270.0,234.0,252.0
1,1764042062.0985951,310.1424603462219,270.0,242.0,253.0
1,1764042062.1247962,312.5435380935669,270.0,241.0,254.0
1,1764042062.1665797,319.8245553970337,270.0,244.0,261.0
1,1764042062.1942823,324.4737892150879,270.0,255.0,267.0
1,1764042062.2150738,326.96044731140137,270.0,266.0,266.0
1,1764042062.250152,331.6023139953613,270.0,259.0,286.0
1,1764042062.285089,336.4668040275574,270.0,292.0,274.0
1,1764042062.324209,343.77768325805664,270.0,315.0,268.0
1,1764042062.3504586,348.5460786819458,270.0,317.0,256.0
1,1764042062.390079,353.30274391174316,270.0,320.0,263.0
1,1764042062.425819,358.11555671691895,270.0,336.0,275.0
1,1764042062.4595206,363.20456552505493,270.0,332.0,277.0
1,1764042062.4991307,370.1695113182068,270.0,326.0,268.0
1,1764042062.524675,372.4809675216675,270.0,328.0,267.0
1,1764042062.5645065,379.6801953315735,270.0,337.0,269.0
1,1764042062.5960586,384.42123222351074,270.0,347.0,270.0
1,1764042062.6198525,386.91228914260864,270.0,339.0,270.0
1,1764042062.6575983,394.1181330680847,270.0,345.0,270.0
1,1764042062.6850722,396.491530418396,270.0,342.0,271.0
1,1764042062.7222419,403.82157850265503,270.0,342.0,281.0
1,1764042062.760544,408.553674697876,270.0,347.0,281.0
1,1764042062.7851799,413.26352643966675,270.0,350.0,271.0
1,1764042062.8193984,418.08527994155884,270.0,347.0,261.0
1,1764042062.860129,422.89487409591675,270.0,339.0,256.0
1,1764042062.8968518,430.02879905700684,270.0,341.0,252.0
1,1764042062.9198816,432.4507622718811,270.0,349.0,243.0
1,1764042062.9545178,437.3501925468445,270.0,340.0,244.0
1,1764042062.995508,444.461980342865,270.0,348.0,245.0
1,1764042063.0201719,446.9026117324829,270.0,355.0,254.0
1,1764042063.0595613,454.08721256256104,270.0,352.0,257.0
1,1764042063.0903487,458.82231283187866,270.0,347.0,258.0
1,1764042063.130035,463.77603101730347,270.0,347.0,259.0
1,1764042063.1550722,468.45931100845337,270.0,353.0,255.0
1,1764042063.1970859,473.2458381652832,270.0,367.0,254.0
1,1764042063.2358804,480.4824023246765,270.0,379.0,259.0
1,1764042063.2697496,485.2604537010193,270.0,400.0,275.0
1,1764042063.2995222,490.05055713653564,270.0,403.0,274.0
1,1764042063.319559,492.45213556289673,270.0,415.0,269.0
1,1764042063.3547049,497.2267179489136,270.0,414.0,276.0
1,1764042063.3929257,504.4285206794739,270.0,417.0,277.0
1,1764042063.4302433,509.25109672546387,270.0,422.0,271.0
1,1764042063.4596252,514.077606678009,270.0,435.0,264.0
1,1764042063.4895473,518.8949613571167,270.0,437.0,262.0
1,1764042063.5250597,523.751941204071,270.0,446.0,274.0
1,1764042063.560047,528.5035638809204,270.0,461.0,277.0
1,1764042063.59038,533.3151249885559,270.0,464.0,263.0
1,1764042063.6312463,540.81898021698,270.0,477.0,258.0
1,1764042063.655153,542.9528741836548,270.0,484.0,264.0
1,1764042063.699521,550.0316886901855,270.0,492.0,265.0
1,1764042063.733269,554.844072341919,270.0,496.0,265.0
1,1764042063.7665274,559.6768050193787,270.0,494.0,268.0
1,1764042063.8004045,564.5376472473145,270.0,490.0,267.0
1,1764042063.825173,569.2591218948364,270.0,488.0,256.0
1,1764042063.8594997,574.1313724517822,270.0,491.0,256.0
1,1764042063.8998458,578.8729815483093,270.0,504.0,271.0
1,1764042063.9384243,586.2600355148315,270.0,509.0,279.0
1,1764042063.9652593,588.4910612106323,270.0,502.0,278.0
1,1764042064.000078,595.684531211853,270.0,487.0,275.0
1,1764042064.025323,598.0623273849487,270.0,508.0,278.0
1,1764042064.0647802,605.2138476371765,270.0,518.0,279.0
1,1764042064.0967228,610.1516871452332,270.0,517.0,280.0
1,1764042064.129965,614.9478344917297,270.0,509.0,276.0
1,1764042064.1669412,619.6279673576355,270.0,504.0,265.0
1,1764042064.198811,624.433699131012,270.0,504.0,255.0
1,1764042064.2318454,629.2793064117432,270.0,512.0,259.0
1,1764042064.260064,634.0696959495544,270.0,526.0,268.0
1,1764042064.2927418,638.8970642089844,270.0,530.0,275.0
1,1764042064.337153,646.0227994918823,270.0,542.0,284.0
1,1764042064.3603106,648.5239057540894,270.0,536.0,291.0
1,1764042064.402875,655.8569579124451,270.0,541.0,285.0
1,1764042064.434426,660.4554085731506,270.0,546.0,283.0
1,1764042064.4598894,662.8827362060547,270.0,553.0,275.0
1,1764042064.5053596,670.0806765556335,270.0,559.0,280.0
1,1764042064.5516458,677.2825508117676,270.0,568.0,276.0
1,1764042064.5764177,682.07794713974,270.0,583.0,281.0
1,1764042064.6047463,684.4635038375854,270.0,586.0,288.0
1,1764042064.641823,691.7186646461487,270.0,591.0,288.0
1,1764042064.674444,696.4871673583984,270.0,602.0,288.0
1,1764042064.7046247,701.2085704803467,270.0,609.0,282.0
1,1764042064.7307124,703.6781697273254,270.0,604.0,279.0
1,1764042064.7701278,710.865846157074,270.0,602.0,277.0
1,1764042064.7946866,713.3268265724182,270.0,606.0,284.0
1,1764042064.8296907,720.5856351852417,270.0,622.0,288.0
1,1764042064.864664,725.328782081604,270.0,637.0,290.0
1,1764042064.9044166,730.0017266273499,270.0,641.0,309.0
1,1764042064.9506216,737.5676302909851,270.0,630.0,313.0
1,1764042064.970588,739.7008090019226,270.0,626.0,320.0
1,1764042065.0002468,744.5401935577393,270.0,620.0,321.0
1,1764042065.0403538,751.638927936554,270.0,627.0,318.0
1,1764042065.0754411,756.4335374832153,270.0,648.0,307.0
1,1764042065.0948129,758.9102535247803,270.0,650.0,300.0
1,1764042065.1367483,766.0219340324402,270.0,641.0,298.0
1,1764042065.166027,768.5387043952942,270.0,635.0,302.0
1,1764042065.204846,775.7127552032471,270.0,655.0,312.0
1,1764042065.2397254,780.4337291717529,270.0,675.0,309.0
1,1764042065.2653253,785.3091626167297,270.0,689.0,307.0
1,1764042065.311938,792.4258499145508,270.0,688.0,312.0
1,1764042065.3399684,794.8784618377686,270.0,702.0,316.0
1,1764042065.3758352,802.0276217460632,270.0,718.0,308.0
1,1764042065.399723,804.4705419540405,270.0,716.0,300.0
1,1764042065.4352853,809.2924385070801,270.0,709.0,317.0
1,1764042065.4833589,816.4942412376404,270.0,716.0,333.0
1,1764042065.519636,823.6190824508667,270.0,724.0,331.0
1,1764042065.5528378,828.4085779190063,270.0,732.0,327.0
1,1764042065.5695584,830.9377222061157,270.0,737.0,328.0
1,1764042065.6013153,835.6202869415283,270.0,728.0,330.0
1,1764042065.6394413,840.4324560165405,270.0,733.0,336.0
1,1764042065.669515,845.2115445137024,270.0,748.0,335.0
1,1764042065.7044969,850.0062613487244,270.0,753.0,332.0
1,1764042065.7395902,854.9129157066345,270.0,745.0,330.0
1,1764042065.776199,862.0665817260742,270.0,753.0,321.0
1,1764042065.805259,864.4370822906494,270.0,760.0,323.0
1,1764042065.8429384,871.7336921691895,270.0,774.0,331.0
1,1764042065.872598,876.5286235809326,270.0,778.0,329.0
1,1764042065.8997808,878.8734822273254,270.0,776.0,315.0
1,1764042065.940903,886.0208897590637,270.0,767.0,313.0
1,1764042065.9699333,890.8299117088318,270.0,764.0,318.0
1,1764042066.0101008,895.6760196685791,270.0,773.0,335.0
1,1764042066.0447972,900.4004626274109,270.0,791.0,339.0
1,1764042066.0819018,907.7265768051147,270.0,797.0,327.0
1,1764042066.1002645,910.0256948471069,270.0,809.0,309.0
1,1764042066.1402836,914.8249177932739,270.0,812.0,311.0
1,1764042066.1763806,922.1171646118164,270.0,811.0,297.0
1,1764042066.2052224,924.4893102645874,270.0,819.0,288.0
1,1764042066.241331,931.6697268486023,270.0,829.0,295.0
1,1764042066.2749524,936.4011435508728,270.0,835.0,315.0
1,1764042066.305166,941.2636308670044,270.0,831.0,313.0
1,1764042066.3400445,946.134593963623,270.0,850.0,310.0
1,1764042066.3702042,950.8242039680481,270.0,842.0,324.0
1,1764042066.404497,956.2011389732361,270.0,865.0,325.0
1,1764042066.4447913,960.5272917747498,270.0,869.0,310.0
1,1764042066.483038,967.6893620491028,270.0,874.0,304.0
1,1764042066.5202396,972.4310426712036,270.0,870.0,310.0
1,1764042066.5548024,977.3515014648438,270.0,857.0,321.0
1,1764042066.5764782,982.1402459144592,270.0,862.0,311.0
1,1764042066.605453,984.5260171890259,270.0,877.0,311.0
1,1764042066.6396406,991.7063264846802,270.0,901.0,318.0
1,1764042066.674912,996.4626698493958,270.0,928.0,314.0
1,1764042066.7173243,1001.3340978622437,270.0,950.0,303.0
1,1764042066.744507,1006.061044216156,270.0,947.0,300.0
1,1764042066.7754014,1010.8512191772461,270.0,949.0,302.0
1,1764042066.809901,1015.7801179885864,270.0,960.0,306.0
1,1764042066.8448098,1020.5259113311768,270.0,970.0,303.0
1,1764042066.8755267,1025.2582578659058,270.0,978.0,292.0
1,1764042066.9203982,1032.5631647109985,270.0,975.0,287.0
1,1764042066.94966,1037.231424331665,270.0,946.0,297.0
1,1764042066.9801242,1042.0852570533752,270.0,962.0,303.0
1,1764042067.017066,1046.811023235321,270.0,975.0,289.0
1,1764042067.050979,1051.7434267997742,270.0,972.0,282.0
1,1764042067.0744345,1056.473162651062,270.0,974.0,273.0
1,1764042067.109829,1061.3422660827637,270.0,982.0,263.0
1,1764042067.1519556,1068.4608130455017,270.0,977.0,263.0
1,1764042067.1794224,1070.8137183189392,270.0,965.0,269.0
1,1764042067.2103817,1075.6820349693298,270.0,968.0,281.0
1,1764042067.2448506,1080.5389075279236,270.0,983.0,286.0
1,1764042067.2747898,1085.3194980621338,270.0,989.0,286.0
1,1764042067.3167892,1092.5418643951416,270.0,991.0,290.0
1,1764042067.3612008,1099.6939210891724,270.0,996.0,296.0
1,1764042067.4004905,1104.5086650848389,270.0,1002.0,308.0
1,1764042067.4347448,1109.2782406806946,270.0,995.0,320.0
1,1764042067.4647362,1114.067771911621,270.0,1012.0,305.0
1,1764042067.4995341,1118.819251537323,270.0,1020.0,297.0
1,1764042067.5203698,1123.7115292549133,270.0,1035.0,286.0
1,1764042067.5531428,1128.4787802696228,270.0,1035.0,297.0
1,1764042067.5750766,1130.8003215789795,270.0,1021.0,305.0
1,1764042067.6253023,1138.0253343582153,270.0,1007.0,312.0
1,1764042067.6565742,1142.9498343467712,270.0,1006.0,313.0
1,1764042067.680369,1147.6969509124756,270.0,1032.0,308.0
1,1764042067.7201781,1152.426794052124,270.0,1038.0,309.0
1,1764042067.7454321,1157.253876209259,270.0,1053.0,301.0
1,1764042067.7852113,1162.1232657432556,270.0,1072.0,297.0
1,1764042067.8202448,1166.891589641571,270.0,1095.0,291.0
1,1764042067.852048,1171.6341285705566,270.0,1092.0,288.0
1,1764042067.8848655,1176.435640335083,270.0,1094.0,289.0
1,1764042067.9147525,1181.3071756362915,270.0,1079.0,295.0
1,1764042067.9535563,1188.5148434638977,270.0,1084.0,294.0
1,1764042067.9806395,1190.921679019928,270.0,1088.0,288.0
1,1764042068.019001,1198.1435446739197,270.0,1098.0,294.0
1,1764042068.054631,1202.8580813407898,270.0,1093.0,303.0
1,1764042068.081805,1207.7516822814941,270.0,1085.0,304.0
1,1764042068.1151059,1212.5529079437256,270.0,1092.0,301.0
1,1764042068.1494246,1217.2406225204468,270.0,1105.0,289.0
1,1764042068.1798096,1222.0649509429932,270.0,1135.0,284.0
1,1764042068.2196426,1226.8518357276917,270.0,1139.0,281.0
1,1764042068.2518814,1231.665292263031,270.0,1148.0,277.0
1,1764042068.2795308,1236.4709882736206,270.0,1140.0,278.0
1,1764042068.320038,1243.6107783317566,270.0,1136.0,277.0
1,1764042068.3605275,1248.5395340919495,270.0,1130.0,285.0
1,1764042068.3948138,1253.2832889556885,270.0,1144.0,285.0
1,1764042068.4197428,1258.0320863723755,270.0,1158.0,288.0
1,1764042068.4500988,1262.844148159027,270.0,1159.0,285.0
1,1764042068.4901905,1267.6975874900818,270.0,1147.0,286.0
1,1764042068.519414,1272.5838928222656,270.0,1144.0,285.0
1,1764042068.5499258,1277.313771724701,270.0,1128.0,283.0
1,1764042068.5846546,1282.0629625320435,270.0,1151.0,283.0
1,1764042068.6199694,1286.8791728019714,270.0,1165.0,284.0
1,1764042068.660166,1294.1081194877625,270.0,1165.0,301.0
1,1764042068.7014523,1298.8949327468872,270.0,1155.0,325.0
1,1764042068.7361245,1306.082537651062,270.0,1143.0,321.0
1,1764042068.7683809,1308.4552555084229,270.0,1150.0,320.0
1,1764042068.7952707,1313.3362679481506,270.0,1166.0,315.0
1,1764042068.8203557,1318.0713324546814,270.0,1182.0,325.0
1,1764042068.8594468,1322.9594974517822,270.0,1187.0,325.0
1,1764042068.8995218,1330.128291130066,270.0,1201.0,323.0
1,1764042068.924671,1332.412603378296,270.0,1212.0,323.0
1,1764042068.9544454,1337.3255877494812,270.0,1210.0,325.0
1,1764042068.9848666,1342.0515327453613,270.0,1202.0,330.0
1,1764042069.0196064,1346.8783288002014,270.0,1209.0,330.0
1,1764042069.0561619,1354.0895371437073,270.0,1223.0,326.0
1,1764042069.0851989,1356.5670757293701,270.0,1226.0,326.0
1,1764042069.1245956,1363.662591457367,270.0,1224.0,330.0
1,1764042069.1605682,1368.596604347229,270.0,1230.0,334.0
1,1764042069.202435,1375.79851436615,270.0,1245.0,332.0
1,1764042069.2250452,1378.140655040741,270.0,1263.0,316.0
1,1764042069.2502766,1382.8644185066223,270.0,1266.0,312.0
1,1764042069.29834,1390.090003490448,270.0,1263.0,314.0
1,1764042069.339604,1394.8734550476074,270.0,1266.0,327.0
1,1764042069.3552568,1397.2656636238098,270.0,1274.0,339.0
1,1764042069.4004166,1404.4852404594421,270.0,1278.0,338.0
1,1764042069.425438,1409.2344312667847,270.0,1269.0,322.0
1,1764042069.456028,1414.0591173171997,270.0,1279.0,322.0
1,1764042069.492284,1418.8791899681091,270.0,1289.0,319.0
1,1764042069.530157,1423.60706615448,270.0,1291.0,314.0
1,1764042069.559463,1428.404679775238,270.0,1290.0,296.0
1,1764042069.590194,1433.2342653274536,270.0,1293.0,289.0
1,1764042069.6204977,1438.1669907569885,270.0,1306.0,285.0
1,1764042069.6548562,1442.885425567627,270.0,1325.0,290.0
1,1764042069.699968,1450.0276832580566,270.0,1333.0,292.0
1,1764042069.735105,1454.9193172454834,270.0,1359.0,307.0
1,1764042069.7598698,1459.6587448120117,270.0,1371.0,308.0
1,1764042069.7939055,1464.5314245224,270.0,1389.0,321.0
1,1764042069.8246558,1469.2029027938843,270.0,1402.0,341.0
1,1764042069.8655539,1474.1043000221252,270.0,1402.0,358.0
1,1764042069.8999202,1478.850522518158,270.0,1403.0,361.0
1,1764042069.9252405,1483.6541442871094,270.0,1403.0,369.0
1,1764042069.959822,1488.4596257209778,270.0,1405.0,380.0
1,1764042069.994776,1493.3470039367676,270.0,1418.0,382.0
1,1764042070.032394,1500.515869140625,270.0,1428.0,388.0
1,1764042070.0594227,1502.9529242515564,270.0,1445.0,390.0
1,1764042070.0977247,1510.1120262145996,270.0,1455.0,392.0
1,1764042070.1344993,1514.9697570800781,270.0,1446.0,389.0
1,1764042070.164704,1519.7397260665894,270.0,1435.0,379.0
1,1764042070.200149,1524.5695261955261,270.0,1441.0,369.0
1,1764042070.2414577,1531.7082433700562,270.0,1446.0,358.0
1,1764042070.259608,1534.1119318008423,270.0,1455.0,345.0
1,1764042070.290557,1538.9023571014404,270.0,1442.0,341.0
1,1764042070.325092,1543.7185673713684,270.0,1455.0,344.0
1,1764042070.3651218,1548.4970836639404,270.0,1468.0,350.0
1,1764042070.389823,1553.2527475357056,270.0,1476.0,356.0
1,1764042070.4246976,1558.0373792648315,270.0,1473.0,349.0
1,1764042070.4646287,1565.3226165771484,270.0,1480.0,334.0
1,1764042070.4967682,1570.1370387077332,270.0,1494.0,327.0
1,1764042070.5302956,1574.8761086463928,270.0,1501.0,334.0
1,1764042070.5703454,1579.745104789734,270.0,1500.0,344.0
1,1764042070.5999572,1584.4562797546387,270.0,1504.0,346.0
1,1764042070.6295893,1589.2249612808228,270.0,1530.0,340.0
1,1764042070.6722662,1596.5039043426514,270.0,1537.0,339.0
1,1764042070.7005017,1598.841109752655,270.0,1545.0,341.0
1,1764042070.7295887,1603.6672978401184,270.0,1544.0,335.0
1,1764042070.7644207,1608.4639101028442,270.0,1535.0,327.0
1,1764042070.7944317,1613.241460800171,270.0,1528.0,324.0
1,1764042070.8395872,1620.5304174423218,270.0,1524.0,323.0
1,1764042070.8674245,1625.2161293029785,270.0,1525.0,328.0
1,1764042070.9049418,1630.1182775497437,270.0,1525.0,330.0
1,1764042070.9253235,1632.4039130210876,270.0,1547.0,342.0
1,1764042070.970138,1639.7834568023682,270.0,1552.0,338.0
1,1764042070.9949088,1644.529893875122,270.0,1565.0,332.0
1,1764042071.0297077,1649.221399307251,270.0,1575.0,324.0
1,1764042071.0744567,1656.4889698028564,270.0,1576.0,326.0
1,1764042071.0996902,1658.8854699134827,270.0,1558.0,321.0
1,1764042071.1253502,1663.7085824012756,270.0,1553.0,316.0
1,1764042071.1704323,1670.8778767585754,270.0,1553.0,317.0
1,1764042071.2002437,1675.6819276809692,270.0,1569.0,313.0
1,1764042071.2323945,1680.4889469146729,270.0,1581.0,312.0
1,1764042071.2704751,1685.3173880577087,270.0,1587.0,311.0
1,1764042071.2998323,1690.0088934898376,270.0,1580.0,315.0
1,1764042071.334887,1694.8871521949768,270.0,1573.0,315.0
1,1764042071.3648632,1699.6837644577026,270.0,1577.0,311.0
1,1764042071.3948815,1704.489281654358,270.0,1584.0,309.0
1,1764042071.4344118,1709.2846064567566,270.0,1606.0,307.0
1,1764042071.4723897,1716.514518737793,270.0,1607.0,312.0
1,1764042071.507222,1721.2833433151245,270.0,1622.0,315.0
1,1764042071.5296707,1723.6779837608337,270.0,1623.0,329.0
2,1764042071.569377,1726.1356024742126,270.0,1622.0,335.0
2,1764042071.6095908,1726.1356024742126,270.0,1630.0,338.0
2,1764042071.6500506,1726.1356024742126,270.0,1646.0,337.0
2,1764042071.6797266,1726.1356024742126,270.0,1656.0,334.0
2,1764042071.699612,1726.1356024742126,270.0,1652.0,337.0
2,1764042071.7349625,1726.1356024742126,270.0,1653.0,338.0
2,1764042071.7757273,1726.1356024742126,270.0,1649.0,347.0
2,1764042071.8099864,1726.1356024742126,270.0,1653.0,347.0
2,1764042071.8347807,1726.1356024742126,270.0,1653.0,349.0
2,1764042071.8704457,1726.1356024742126,270.0,1662.0,347.0
2,1764042071.9095182,1726.1356024742126,270.0,1662.0,345.0
2,1764042071.9450147,1726.1356024742126,270.0,1655.0,343.0
2,1764042071.9702826,1726.1356024742126,270.0,1643.0,335.0
2,1764042071.9998093,1726.1356024742126,270.0,1642.0,328.0
2,1764042072.0405023,178.0,363.0,1642.0,328.0
2,1764042072.0700934,182.80870008468628,363.0,1644.0,328.0
2,1764042072.1081333,187.67508554458618,363.0,1644.0,328.0
2,1764042072.1395326,192.51268196105957,363.0,1638.0,330.0
2,1764042072.1709976,197.25811767578125,363.0,1636.0,329.0
2,1764042072.2051544,202.04532432556152,363.0,1638.0,328.0
2,1764042072.2349336,206.88048887252808,363.0,1639.0,333.0
2,1764042072.271018,211.60271453857422,363.0,1530.0,362.0
2,1764042072.312204,218.94964265823364,363.0,1084.0,363.0
2,1764042072.343024,223.74239253997803,363.0,1183.0,832.0
2,1764042072.3694878,226.05059432983398,363.0,306.0,438.0
2,1764042072.409493,233.29155731201172,363.0,222.0,370.0
2,1764042072.4347975,238.13634204864502,363.0,264.0,353.0
2,1764042072.475522,242.93853330612183,363.0,226.0,380.0
2,1764042072.5044236,247.6764588356018,363.0,200.0,386.0
2,1764042072.5349104,252.45662021636963,363.0,191.0,373.0
2,1764042072.5816882,259.6259503364563,363.0,185.0,374.0
2,1764042072.6004503,262.1240882873535,363.0,201.0,380.0
2,1764042072.639956,266.8620853424072,363.0,203.0,373.0
2,1764042072.680185,274.11527919769287,363.0,208.0,370.0
2,1764042072.7047598,276.5432505607605,363.0,209.0,360.0
2,1764042072.7449653,283.65593242645264,363.0,219.0,355.0
2,1764042072.7751467,288.4776859283447,363.0,215.0,361.0
2,1764042072.8074417,293.3543710708618,363.0,203.0,378.0
2,1764042072.844543,298.08804082870483,363.0,203.0,371.0
2,1764042072.875299,302.9319314956665,363.0,235.0,361.0
2,1764042072.9048412,307.60695028305054,363.0,246.0,376.0
2,1764042072.9398196,312.44565534591675,363.0,245.0,382.0
2,1764042072.9829724,319.73779487609863,363.0,251.0,369.0
2,1764042073.024381,324.53204679489136,363.0,255.0,357.0
2,1764042073.061717,331.63603830337524,363.0,250.0,342.0
2,1764042073.0844996,334.13964796066284,363.0,247.0,334.0
2,1764042073.1104848,338.81109046936035,363.0,245.0,337.0
2,1764042073.1438212,343.70708751678467,363.0,248.0,351.0
2,1764042073.175352,348.51496505737305,363.0,273.0,395.0
2,1764042073.2093813,353.3469467163086,363.0,290.0,387.0
2,1764042073.2450836,358.00537157058716,363.0,305.0,377.0
2,1764042073.28034,362.8977565765381,363.0,317.0,374.0
2,1764042073.3101099,367.6577477455139,363.0,300.0,375.0
2,1764042073.3398972,372.55209970474243,363.0,281.0,382.0
2,1764042073.3846967,379.7616629600525,363.0,278.0,387.0
2,1764042073.419856,384.4899682998657,363.0,287.0,387.0
2,1764042073.4404473,386.89776945114136,363.0,298.0,371.0
2,1764042073.4794984,394.12406969070435,363.0,305.0,353.0
2,1764042073.5107305,398.8487272262573,363.0,311.0,355.0
2,1764042073.544743,403.7831335067749,363.0,312.0,361.0
2,1764042073.575427,408.56379556655884,363.0,321.0,363.0
2,1764042073.614414,413.2696418762207,363.0,328.0,370.0
2,1764042073.649407,418.10552167892456,363.0,338.0,371.0
2,1764042073.6808598,422.9405789375305,363.0,340.0,360.0
2,1764042073.718809,430.0535469055176,363.0,345.0,353.0
2,1764042073.7446866,432.41060066223145,363.0,348.0,358.0
2,1764042073.7829099,439.6868257522583,363.0,341.0,357.0
2,1764042073.8151,444.52034521102905,363.0,346.0,354.0
2,1764042073.8457,449.3110566139221,363.0,363.0,364.0
2,1764042073.8803856,454.1240482330322,363.0,382.0,389.0
2,1764042073.9224765,458.89759349823,363.0,383.0,385.0
2,1764042073.9547217,466.1249666213989,363.0,382.0,378.0
2,1764042073.9802408,468.4157876968384,363.0,388.0,365.0
2,1764042074.0097558,473.3425407409668,363.0,404.0,365.0
2,1764042074.0444386,478.1248836517334,363.0,407.0,366.0
2,1764042074.0800474,482.86202239990234,363.0,412.0,366.0
2,1764042074.118656,490.03646659851074,363.0,402.0,360.0
2,1764042074.1449208,492.5424008369446,363.0,397.0,363.0
2,1764042074.185478,499.6416001319885,363.0,402.0,367.0
2,1764042074.2150018,504.4779806137085,363.0,411.0,364.0
2,1764042074.2497723,509.30030632019043,363.0,418.0,357.0
2,1764042074.2803166,514.0041856765747,363.0,423.0,356.0
2,1764042074.3148346,518.8623099327087,363.0,424.0,351.0
2,1764042074.3498619,523.7490801811218,363.0,422.0,348.0
2,1764042074.380534,528.5668640136719,363.0,422.0,351.0
2,1764042074.425281,535.6780796051025,363.0,427.0,366.0
2,1764042074.44955,538.100507736206,363.0,449.0,379.0
2,1764042074.4899104,545.2253489494324,363.0,473.0,371.0
2,1764042074.5296903,550.057294845581,363.0,478.0,367.0
2,1764042074.555353,554.9386649131775,363.0,482.0,363.0
2,1764042074.5804293,559.682026386261,363.0,483.0,354.0
2,1764042074.6194143,564.4419460296631,363.0,492.0,354.0
2,1764042074.649829,569.2204623222351,363.0,497.0,362.0
2,1764042074.6794088,574.0174322128296,363.0,510.0,362.0
2,1764042074.7242556,578.81787109375,363.0,508.0,361.0
2,1764042074.7500014,583.6119441986084,363.0,503.0,365.0
2,1764042074.7920961,590.8237247467041,363.0,494.0,360.0
2,1764042074.8144095,593.3193235397339,363.0,505.0,355.0
2,1764042074.8544014,600.4350810050964,363.0,511.0,349.0
2,1764042074.8946774,605.2634506225586,363.0,518.0,341.0
2,1764042074.9249957,610.1083784103394,363.0,529.0,338.0
2,1764042074.9548478,615.0118141174316,363.0,537.0,339.0
2,1764042074.9903667,619.6190266609192,363.0,553.0,347.0
2,1764042075.0152383,624.4877367019653,363.0,537.0,363.0
2,1764042075.0625186,631.7397503852844,363.0,536.0,358.0
2,1764042075.0847852,634.054425239563,363.0,528.0,350.0
2,1764042075.1284957,641.4537816047668,363.0,536.0,350.0
2,1764042075.1607437,646.3552145957947,363.0,539.0,350.0
2,1764042075.1798403,648.5200433731079,363.0,537.0,359.0
2,1764042075.2145853,653.2708792686462,363.0,542.0,361.0
2,1764042075.2601228,660.422935962677,363.0,554.0,358.0
2,1764042075.2866743,665.3220801353455,363.0,558.0,349.0
2,1764042075.3252506,670.1644687652588,363.0,565.0,348.0
2,1764042075.367234,677.3434190750122,363.0,578.0,349.0
2,1764042075.4101458,682.1278719902039,363.0,589.0,356.0
2,1764042075.4315038,686.9572429656982,363.0,579.0,344.0
2,1764042075.4700763,691.6468887329102,363.0,570.0,341.0
2,1764042075.4903214,694.0432457923889,363.0,571.0,357.0
2,1764042075.520179,698.893931388855,363.0,569.0,365.0
2,1764042075.5598953,706.1168699264526,363.0,569.0,364.0
2,1764042075.590486,710.8403830528259,363.0,559.0,356.0
2,1764042075.621692,715.6450061798096,363.0,564.0,353.0
2,1764042075.6581473,720.4978017807007,363.0,580.0,354.0
2,1764042075.6949463,725.2365856170654,363.0,604.0,348.0
2,1764042075.7205849,730.0119547843933,363.0,624.0,348.0
2,1764042075.7548077,734.834065914154,363.0,636.0,346.0
2,1764042075.7918715,739.7669701576233,363.0,643.0,338.0
2,1764042075.830411,746.8007950782776,363.0,641.0,327.0
2,1764042075.8700063,751.6589193344116,363.0,636.0,331.0
2,1764042075.8997538,756.4824967384338,363.0,646.0,342.0
2,1764042075.9428906,763.7513546943665,363.0,655.0,349.0
2,1764042075.9650998,766.0511164665222,363.0,660.0,340.0
2,1764042075.9930363,770.9193615913391,363.0,669.0,345.0
2,1764042076.0348556,778.1450538635254,363.0,681.0,357.0
2,1764042076.0702758,782.8184275627136,363.0,681.0,364.0
2,1764042076.0953846,785.3240756988525,363.0,672.0,352.0
2,1764042076.1299655,790.104344367981,363.0,668.0,347.0
2,1764042076.167046,797.3506360054016,363.0,668.0,355.0
2,1764042076.1901515,799.6257214546204,363.0,680.0,372.0
2,1764042076.225289,804.543927192688,363.0,691.0,365.0
2,1764042076.2553928,809.341290473938,363.0,696.0,356.0
2,1764042076.2998629,816.5934472084045,363.0,687.0,350.0
2,1764042076.3258405,821.3132767677307,363.0,675.0,357.0
2,1764042076.35953,826.0043888092041,363.0,691.0,366.0
2,1764042076.4001126,830.8436660766602,363.0,698.0,368.0
2,1764042076.4294121,835.6148509979248,363.0,696.0,377.0
2,1764042076.4596632,840.486457824707,363.0,697.0,372.0
2,1764042076.5030107,847.7553873062134,363.0,707.0,378.0
2,1764042076.5352387,852.5714545249939,363.0,719.0,372.0
2,1764042076.5669868,857.3198585510254,363.0,729.0,368.0
2,1764042076.5946834,862.1192245483398,363.0,733.0,365.0
2,1764042076.629692,866.8455629348755,363.0,742.0,358.0
2,1764042076.6603422,871.6540126800537,363.0,755.0,349.0
2,1764042076.6948364,876.4805583953857,363.0,763.0,356.0
2,1764042076.7260926,881.2933712005615,363.0,766.0,374.0
2,1764042076.76536,886.1036806106567,363.0,771.0,382.0
2,1764042076.7946467,890.8695011138916,363.0,783.0,379.0
2,1764042076.8294044,895.6493406295776,363.0,786.0,379.0
2,1764042076.860039,900.4307179450989,363.0,805.0,379.0
2,1764042076.8950305,905.2060871124268,363.0,796.0,378.0
2,1764042076.9297626,910.0392847061157,363.0,801.0,377.0
2,1764042076.966089,917.2930507659912,363.0,811.0,382.0
2,1764042077.000014,922.1418766975403,363.0,818.0,385.0
2,1764042077.0312457,926.9368438720703,363.0,829.0,392.0
2,1764042077.061517,931.6282420158386,363.0,840.0,390.0
2,1764042077.0999174,936.4913015365601,363.0,867.0,385.0
2,1764042077.129481,941.2246494293213,363.0,872.0,387.0
2,1764042077.1594946,946.0165767669678,363.0,880.0,399.0
2,1764042077.2116644,953.5294442176819,363.0,888.0,406.0
2,1764042077.2346683,958.1169514656067,363.0,899.0,400.0
2,1764042077.2706115,962.8042011260986,363.0,898.0,389.0
2,1764042077.2945826,965.2515916824341,363.0,898.0,368.0
2,1764042077.3301885,970.08904504776,363.0,903.0,363.0
2,1764042077.3748548,977.3066549301147,363.0,900.0,367.0
2,1764042077.3996532,982.045295715332,363.0,905.0,378.0
2,1764042077.4299078,986.9296340942383,363.0,912.0,387.0
2,1764042077.4696813,991.632082939148,363.0,917.0,392.0
2,1764042077.5003526,996.5959577560425,363.0,900.0,391.0
2,1764042077.544356,1003.7201910018921,363.0,906.0,383.0
2,1764042077.5744865,1008.4401993751526,363.0,915.0,375.0
2,1764042077.6090546,1013.2096319198608,363.0,929.0,369.0
2,1764042077.6499414,1018.0075316429138,363.0,947.0,367.0
2,1764042077.6798174,1022.8665499687195,363.0,953.0,373.0
2,1764042077.710317,1027.686086177826,363.0,946.0,371.0
2,1764042077.7450478,1032.4330596923828,363.0,946.0,368.0
2,1764042077.7753336,1037.3369245529175,363.0,965.0,370.0
2,1764042077.7983809,1042.059293270111,363.0,986.0,364.0
2,1764042077.8345783,1046.830943107605,363.0,1005.0,367.0
2,1764042077.8769119,1054.4534950256348,363.0,1027.0,368.0
2,1764042077.9108322,1058.9520959854126,363.0,1034.0,363.0
2,1764042077.9496472,1063.775601863861,363.0,1028.0,366.0
2,1764042077.9804077,1068.4470086097717,363.0,1030.0,368.0
2,1764042078.010131,1073.3233003616333,363.0,1034.0,368.0
2,1764042078.0444138,1078.055968761444,363.0,1030.0,360.0
2,1764042078.0799007,1082.8822283744812,363.0,1027.0,352.0
2,1764042078.1046948,1087.6710443496704,363.0,1030.0,344.0
2,1764042078.130221,1090.1898889541626,363.0,1041.0,345.0
2,1764042078.1695566,1097.3393349647522,363.0,1064.0,345.0
2,1764042078.1993911,1102.0419268608093,363.0,1068.0,351.0
2,1764042078.2354858,1106.8701176643372,363.0,1055.0,355.0
2,1764042078.2694988,1111.7254524230957,363.0,1031.0,367.0
2,1764042078.3005772,1116.5010719299316,363.0,1038.0,365.0
2,1764042078.344439,1123.7523703575134,363.0,1042.0,355.0
2,1764042078.3845255,1128.4477381706238,363.0,1042.0,351.0
2,1764042078.4106867,1133.263376235962,363.0,1044.0,372.0
2,1764042078.4407287,1138.1369142532349,363.0,1059.0,385.0
2,1764042078.470352,1142.813470840454,363.0,1073.0,380.0
2,1764042078.5011718,1147.6155190467834,363.0,1075.0,374.0
2,1764042078.5447478,1152.4149923324585,363.0,1077.0,370.0
2,1764042078.5748703,1157.3208241462708,363.0,1076.0,371.0
2,1764042078.6049984,1162.1241598129272,363.0,1075.0,374.0
2,1764042078.6400864,1166.8331532478333,363.0,1075.0,386.0
2,1764042078.6701179,1171.6952471733093,363.0,1085.0,387.0
2,1764042078.7048767,1176.8744139671326,363.0,1094.0,386.0
2,1764042078.7354083,1181.3254146575928,363.0,1096.0,379.0
2,1764042078.769915,1186.0838322639465,363.0,1100.0,370.0
2,1764042078.8069866,1193.3344511985779,363.0,1096.0,360.0
2,1764042078.8453374,1198.0608611106873,363.0,1109.0,366.0
2,1764042078.8712401,1203.004780292511,363.0,1114.0,381.0
2,1764042078.9146101,1210.108235359192,363.0,1089.0,372.0
2,1764042078.9520986,1215.1190309524536,363.0,1099.0,366.0
2,1764042078.982503,1219.6193842887878,363.0,1090.0,364.0
2,1764042079.0198243,1224.549141407013,363.0,1073.0,369.0
2,1764042079.062359,1232.1177988052368,363.0,1082.0,393.0
2,1764042079.0950835,1236.581030368805,363.0,1097.0,402.0
2,1764042079.1267343,1241.244891166687,363.0,1097.0,394.0
2,1764042079.1575072,1246.0701851844788,363.0,1142.0,373.0
2,1764042079.174433,1248.4190492630005,363.0,1160.0,363.0
2,1764042079.199418,1250.8482365608215,363.0,1174.0,347.0
2,1764042079.2449484,1258.147671699524,363.0,1179.0,355.0
2,1764042079.2699144,1262.9334478378296,363.0,1184.0,364.0
2,1764042079.3109605,1267.668369293213,363.0,1189.0,356.0
2,1764042079.3444057,1272.4032907485962,363.0,1200.0,355.0
2,1764042079.3745933,1277.3391275405884,363.0,1208.0,358.0
2,1764042079.4147267,1284.4058184623718,363.0,1222.0,361.0
2,1764042079.439566,1286.9138627052307,363.0,1221.0,352.0
2,1764042079.469414,1291.7423396110535,363.0,1217.0,363.0
2,1764042079.5128129,1298.9659934043884,363.0,1226.0,367.0
2,1764042079.5407622,1303.663435459137,363.0,1237.0,371.0
2,1764042079.580017,1308.5469155311584,363.0,1241.0,383.0
2,1764042079.6094325,1313.3241443634033,363.0,1241.0,394.0
2,1764042079.6382017,1318.0063157081604,363.0,1244.0,402.0
2,1764042079.686578,1325.2054362297058,363.0,1252.0,417.0
2,1764042079.7101438,1327.6301174163818,363.0,1259.0,427.0
2,1764042079.740033,1332.4256925582886,363.0,1271.0,409.0
2,1764042079.7753477,1337.3422532081604,363.0,1286.0,391.0
2,1764042079.810111,1342.0538215637207,363.0,1290.0,385.0
2,1764042079.8500788,1349.239960193634,363.0,1278.0,394.0
2,1764042079.8802578,1354.0473012924194,363.0,1264.0,404.0
2,1764042079.9107895,1358.9369683265686,363.0,1264.0,417.0
2,1764042079.9594076,1366.0240440368652,363.0,1274.0,428.0
2,1764042079.991455,1370.851483821869,363.0,1303.0,432.0
2,1764042080.020708,1375.7107882499695,363.0,1311.0,427.0
2,1764042080.0550802,1380.488911151886,363.0,1317.0,434.0
2,1764042080.0803273,1382.8095226287842,363.0,1333.0,431.0
2,1764042080.1144137,1390.0787739753723,363.0,1327.0,426.0
2,1764042080.1453302,1392.5439743995667,363.0,1311.0,431.0
2,1764042080.1748152,1397.3241000175476,363.0,1320.0,442.0
2,1764042080.215401,1404.5467882156372,363.0,1333.0,440.0
2,1764042080.2471595,1409.3241243362427,363.0,1312.0,430.0
2,1764042080.2774441,1414.0687732696533,363.0,1320.0,416.0
2,1764042080.31957,1418.9616231918335,363.0,1325.0,397.0
2,1764042080.3453631,1423.6765174865723,363.0,1328.0,396.0
2,1764042080.3844485,1428.4241704940796,363.0,1330.0,401.0
2,1764042080.434721,1438.1248621940613,363.0,1350.0,419.0
2,1764042080.454849,1440.5020503997803,363.0,1359.0,427.0
2,1764042080.485785,1445.3001289367676,363.0,1361.0,432.0
2,1764042080.5148091,1450.1380829811096,363.0,1397.0,415.0
2,1764042080.5517519,1454.9038319587708,363.0,1440.0,393.0
2,1764042080.5818121,1459.63982629776,363.0,1446.0,372.0
2,1764042080.6150024,1464.4497423171997,363.0,1449.0,378.0
2,1764042080.6504035,1469.299283504486,363.0,1455.0,400.0
2,1764042080.6800203,1474.1858749389648,363.0,1463.0,410.0
2,1764042080.715405,1478.991177558899,363.0,1462.0,414.0
2,1764042080.7495778,1483.680751800537,363.0,1452.0,412.0
2,1764042080.780592,1488.44499874115,363.0,1449.0,416.0
2,1764042080.8243425,1495.7457928657532,363.0,1468.0,426.0
2,1764042080.8495822,1498.0985193252563,363.0,1481.0,430.0
2,1764042080.8803842,1502.9675512313843,363.0,1443.0,423.0
2,1764042080.9194775,1510.1052312850952,363.0,1453.0,427.0
2,1764042080.9548445,1514.8580341339111,363.0,1465.0,426.0
2,1764042080.9849558,1519.683828830719,363.0,1451.0,422.0
2,1764042081.0144558,1524.4722871780396,363.0,1449.0,412.0
2,1764042081.050596,1529.3220429420471,363.0,1460.0,413.0
2,1764042081.0900517,1534.045126914978,363.0,1457.0,414.0
2,1764042081.1147084,1538.8526825904846,363.0,1448.0,411.0
2,1764042081.1497858,1543.7577991485596,363.0,1453.0,402.0
2,1764042081.1942387,1550.9280591011047,363.0,1459.0,402.0
2,1764042081.2243817,1555.7416229248047,363.0,1457.0,392.0
2,1764042081.2503505,1558.0397753715515,363.0,1456.0,381.0
2,1764042081.2947161,1565.2841000556946,363.0,1468.0,374.0
2,1764042081.3244176,1570.0942664146423,363.0,1466.0,387.0
2,1764042081.3496652,1574.8485355377197,363.0,1466.0,419.0
2,1764042081.3894224,1579.6584515571594,363.0,1466.0,422.0
2,1764042081.4144666,1584.4088582992554,363.0,1476.0,420.0
2,1764042081.4500844,1589.2630486488342,363.0,1481.0,420.0
2,1764042081.490138,1594.0665273666382,363.0,1477.0,424.0
2,1764042081.5200338,1598.8837389945984,363.0,1471.0,422.0
2,1764042081.5590498,1606.0604362487793,363.0,1465.0,409.0
2,1764042081.5852835,1608.4500341415405,363.0,1479.0,395.0
2,1764042081.6251626,1615.6498341560364,363.0,1508.0,386.0
2,1764042081.6495,1618.0410413742065,363.0,1513.0,382.0
2,1764042081.6863065,1625.3153352737427,363.0,1514.0,389.0
2,1764042081.7198308,1630.0403504371643,363.0,1515.0,398.0
2,1764042081.7547865,1634.957983970642,363.0,1522.0,390.0
2,1764042081.7853413,1639.6498827934265,363.0,1523.0,381.0
2,1764042081.8250208,1644.5449142456055,363.0,1523.0,382.0
2,1764042081.854855,1649.2492942810059,363.0,1527.0,390.0
2,1764042081.8908756,1654.133418083191,363.0,1540.0,388.0
2,1764042081.9277875,1661.278214931488,363.0,1538.0,396.0
2,1764042081.9548314,1666.141417503357,363.0,1534.0,404.0
2,1764042081.9910307,1670.9345965385437,363.0,1543.0,411.0
2,1764042082.0232563,1675.6261734962463,363.0,1551.0,410.0
2,1764042082.0600343,1680.4884462356567,363.0,1580.0,406.0
2,1764042082.0904064,1685.245111465454,363.0,1584.0,403.0
2,1764042082.1205359,1690.1337413787842,363.0,1588.0,400.0
2,1764042082.159784,1694.9346451759338,363.0,1586.0,403.0
2,1764042082.1901157,1699.6975331306458,363.0,1580.0,418.0
2,1764042082.219888,1704.455557346344,363.0,1578.0,426.0
2,1764042082.2639432,1711.6254954338074,363.0,1577.0,415.0
2,1764042082.285333,1714.1428380012512,363.0,1585.0,418.0
2,1764042082.3302476,1721.215000629425,363.0,1591.0,424.0
3,1764042082.3649187,1726.0498433113098,363.0,1597.0,433.0
3,1764042082.3849976,1726.0498433113098,363.0,1598.0,446.0
3,1764042082.430121,1726.0498433113098,363.0,1595.0,452.0
3,1764042082.4547694,1726.0498433113098,363.0,1595.0,449.0
3,1764042082.4904482,1726.0498433113098,363.0,1600.0,439.0
3,1764042082.5298874,1726.0498433113098,363.0,1596.0,431.0
3,1764042082.55481,1726.0498433113098,363.0,1586.0,429.0
3,1764042082.5948918,1726.0498433113098,363.0,1582.0,428.0
3,1764042082.6249444,1726.0498433113098,363.0,1578.0,423.0
3,1764042082.655586,1726.0498433113098,363.0,1571.0,432.0
3,1764042082.6999273,1726.0498433113098,363.0,1563.0,436.0
3,1764042082.72509,1726.0498433113098,363.0,1552.0,438.0
3,1764042082.7547488,1726.0498433113098,363.0,1546.0,435.0
3,1764042082.7949092,1726.0498433113098,363.0,1537.0,435.0
3,1764042082.825249,1726.0498433113098,363.0,1525.0,437.0
3,1764042082.8596737,178.0,456.0,1525.0,436.0
3,1764042082.9002786,182.9399495124817,456.0,1541.0,452.0
3,1764042082.9224248,187.69514846801758,456.0,1347.0,482.0
3,1764042082.9644482,192.4835352897644,456.0,1269.0,421.0
3,1764042082.9946747,197.2890167236328,456.0,1447.0,933.0
3,1764042083.025476,202.0505814552307,456.0,1697.0,876.0
3,1764042083.0604753,206.87630462646484,456.0,193.0,518.0
3,1764042083.0947142,211.66851806640625,456.0,195.0,476.0
3,1764042083.135253,218.88326692581177,456.0,243.0,452.0
3,1764042083.162336,223.6329584121704,456.0,226.0,447.0
3,1764042083.1960492,228.51507949829102,456.0,226.0,455.0
3,1764042083.239602,235.7371597290039,456.0,239.0,458.0
3,1764042083.2644956,238.1046919822693,456.0,251.0,460.0
3,1764042083.2951763,242.91743326187134,456.0,249.0,455.0
3,1764042083.3344982,247.70016956329346,456.0,248.0,463.0
3,1764042083.3596513,252.45214986801147,456.0,233.0,468.0
3,1764042083.4008024,259.91720247268677,456.0,155.0,473.0
3,1764042083.4356122,264.55799627304077,456.0,167.0,447.0
3,1764042083.4743767,269.3394808769226,456.0,172.0,435.0
3,1764042083.4948702,271.72256994247437,456.0,190.0,448.0
3,1764042083.533017,278.81411600112915,456.0,205.0,450.0
3,1764042083.562645,283.69934844970703,456.0,224.0,455.0
3,1764042083.5995102,288.4489326477051,456.0,248.0,457.0
3,1764042083.6301928,293.2058482170105,456.0,256.0,470.0
3,1764042083.665538,298.15191316604614,456.0,251.0,474.0
3,1764042083.6950219,302.8467445373535,456.0,243.0,459.0
3,1764042083.7295227,307.6058773994446,456.0,233.0,443.0
3,1764042083.770828,314.9028091430664,456.0,244.0,448.0
3,1764042083.794743,317.33271169662476,456.0,255.0,459.0
3,1764042083.836801,324.4063048362732,456.0,263.0,456.0
3,1764042083.867354,329.32611989974976,456.0,263.0,445.0
3,1764042083.8946047,331.63653898239136,456.0,273.0,439.0
3,1764042083.93465,338.80915927886963,456.0,283.0,448.0
3,1764042083.9644613,343.63127040863037,456.0,291.0,441.0
3,1764042083.999979,348.40066719055176,456.0,295.0,432.0
3,1764042084.050108,355.6004672050476,456.0,290.0,433.0
3,1764042084.0752957,360.4923515319824,456.0,288.0,427.0
3,1764042084.1003973,362.8763346672058,456.0,287.0,428.0
3,1764042084.1351106,367.6877884864807,456.0,299.0,424.0
3,1764042084.1654618,372.5255637168884,456.0,304.0,426.0
3,1764042084.2036881,379.68076753616333,456.0,296.0,439.0
3,1764042084.2403636,384.48438930511475,456.0,280.0,449.0
3,1764042084.2595625,386.84101390838623,456.0,304.0,445.0
3,1764042084.3056004,394.10686779022217,456.0,325.0,443.0
3,1764042084.3404722,398.84439992904663,456.0,346.0,441.0
3,1764042084.3848882,406.32075357437134,456.0,348.0,437.0
3,1764042084.4138775,410.92531967163086,456.0,348.0,438.0
3,1764042084.444951,415.67207860946655,456.0,344.0,442.0
3,1764042084.4699488,418.0501251220703,456.0,366.0,451.0
3,1764042084.5002592,422.96976137161255,456.0,376.0,451.0
3,1764042084.5349324,427.7521758079529,456.0,374.0,440.0
3,1764042084.5712016,434.94628953933716,456.0,382.0,434.0
3,1764042084.601318,439.67341470718384,456.0,393.0,443.0
3,1764042084.6396554,444.4992094039917,456.0,387.0,444.0
3,1764042084.6700735,449.29260301589966,456.0,379.0,447.0
3,1764042084.6996512,454.0863184928894,456.0,380.0,446.0
3,1764042084.7398925,458.85038661956787,456.0,382.0,436.0
3,1764042084.7748172,463.674786567688,456.0,385.0,443.0
3,1764042084.8109992,470.9409980773926,456.0,383.0,455.0
3,1764042084.8431623,475.64208793640137,456.0,390.0,463.0
3,1764042084.8804195,480.46137380599976,456.0,408.0,460.0
3,1764042084.9148746,485.33762979507446,456.0,415.0,460.0
3,1764042084.9405327,490.02934980392456,456.0,422.0,454.0
3,1764042084.9713628,494.99894666671753,456.0,420.0,438.0
3,1764042085.0054126,499.64807319641113,456.0,424.0,433.0
3,1764042085.0404358,504.47712230682373,456.0,443.0,454.0
3,1764042085.0700574,509.35091066360474,456.0,445.0,459.0
3,1764042085.1105857,514.0322594642639,456.0,439.0,458.0
3,1764042085.1484785,521.2058811187744,456.0,436.0,447.0
3,1764042085.1751928,523.6282377243042,456.0,434.0,444.0
3,1764042085.2195518,530.8401255607605,456.0,445.0,448.0
3,1764042085.249766,535.8203797340393,456.0,456.0,446.0
3,1764042085.2762358,540.5517964363098,456.0,463.0,439.0
3,1764042085.309721,545.303454875946,456.0,471.0,429.0
3,1764042085.3398633,550.0660209655762,456.0,483.0,424.0
3,1764042085.374722,554.8559098243713,456.0,483.0,437.0
3,1764042085.410282,559.6052794456482,456.0,485.0,454.0
3,1764042085.4403648,564.5318894386292,456.0,486.0,452.0
3,1764042085.4743931,569.2052631378174,456.0,492.0,449.0
3,1764042085.504816,574.1380958557129,456.0,498.0,450.0
3,1764042085.5453472,581.283429145813,456.0,499.0,442.0
3,1764042085.5746293,583.7602167129517,456.0,496.0,448.0
3,1764042085.6104822,590.9035115242004,456.0,496.0,441.0
3,1764042085.6422555,595.6657199859619,456.0,491.0,428.0
3,1764042085.6752193,600.5568890571594,456.0,488.0,429.0
3,1764042085.7101572,605.3600101470947,456.0,491.0,435.0
3,1764042085.7494433,610.0605278015137,456.0,497.0,433.0
3,1764042085.780611,614.8321418762207,456.0,500.0,424.0
3,1764042085.8101122,619.6200280189514,456.0,508.0,418.0
3,1764042085.8397214,624.5967416763306,456.0,496.0,419.0
3,1764042085.8799644,631.7914991378784,456.0,502.0,417.0
3,1764042085.910077,634.1203002929688,456.0,509.0,412.0
3,1764042085.9395614,638.9836459159851,456.0,526.0,404.0
3,1764042085.9799562,646.0737257003784,456.0,527.0,408.0
3,1764042086.014425,650.9221940040588,456.0,528.0,416.0
3,1764042086.0499008,655.6388049125671,456.0,536.0,416.0
3,1764042086.0748897,660.4344515800476,456.0,560.0,411.0
3,1764042086.1099398,665.2277021408081,456.0,561.0,409.0
3,1764042086.1500835,670.1053528785706,456.0,555.0,410.0
3,1764042086.17534,674.8231797218323,456.0,542.0,407.0
3,1764042086.2095373,679.6294479370117,456.0,538.0,407.0
3,1764042086.252927,686.9521646499634,456.0,541.0,411.0
3,1764042086.2751598,689.3350749015808,456.0,564.0,419.0
3,1764042086.315798,696.4974312782288,456.0,574.0,418.0
3,1764042086.3553064,701.2413649559021,456.0,570.0,419.0
3,1764042086.4018753,708.4418087005615,456.0,573.0,424.0
3,1764042086.43063,713.2150678634644,456.0,576.0,417.0
3,1764042086.4544134,715.7233624458313,456.0,571.0,410.0
3,1764042086.475094,720.4965500831604,456.0,544.0,420.0
3,1764042086.5153718,725.3135828971863,456.0,551.0,418.0
3,1764042086.5553432,732.5507550239563,456.0,558.0,429.0
3,1764042086.5875053,737.2757344245911,456.0,563.0,435.0
3,1764042086.614766,739.7498755455017,456.0,564.0,429.0
3,1764042086.639782,744.4342641830444,456.0,556.0,425.0
3,1764042086.6843982,751.8011479377747,456.0,559.0,424.0
3,1764042086.7187026,756.4194469451904,456.0,561.0,420.0
3,1764042086.7496536,761.3989858627319,456.0,578.0,419.0
3,1764042086.7901363,766.0123496055603,456.0,586.0,422.0
3,1764042086.82794,773.2808499336243,456.0,592.0,423.0
3,1764042086.8502064,775.7037787437439,456.0,618.0,428.0
3,1764042086.8796587,780.4208903312683,456.0,625.0,415.0
3,1764042086.9148138,785.339596748352,456.0,632.0,417.0
3,1764042086.9502025,790.0277404785156,456.0,636.0,423.0
3,1764042086.9867678,797.2125558853149,456.0,643.0,425.0
3,1764042087.0251439,802.0635275840759,456.0,641.0,419.0
3,1764042087.0595043,806.8268804550171,456.0,650.0,415.0
3,1764042087.0853858,811.7176561355591,456.0,657.0,421.0
3,1764042087.118374,816.5416984558105,456.0,679.0,428.0
3,1764042087.1501942,821.2814121246338,456.0,692.0,421.0
3,1764042087.1803892,826.0051755905151,456.0,713.0,404.0
3,1764042087.2195346,830.9352903366089,456.0,722.0,405.0
3,1764042087.2494173,835.6308369636536,456.0,735.0,412.0
3,1764042087.2795346,840.4502301216125,456.0,735.0,427.0
3,1764042087.322513,847.6855783462524,456.0,723.0,428.0
3,1764042087.3502092,850.119128704071,456.0,721.0,430.0
3,1764042087.388038,857.2000532150269,456.0,731.0,423.0
3,1764042087.4196901,862.1284513473511,456.0,737.0,423.0
3,1764042087.4525342,866.8163805007935,456.0,725.0,431.0
3,1764042087.4851465,871.7198877334595,456.0,730.0,438.0
3,1764042087.5252726,876.4289526939392,456.0,736.0,441.0
3,1764042087.5494401,881.2814979553223,456.0,743.0,435.0
3,1764042087.5845022,886.0609440803528,456.0,739.0,426.0
3,1764042087.6151407,890.8521203994751,456.0,750.0,424.0
3,1764042087.6544495,895.7286982536316,456.0,754.0,429.0
3,1764042087.6846986,900.5360035896301,456.0,754.0,435.0
3,1764042087.7145932,905.3182034492493,456.0,753.0,430.0
3,1764042087.7602434,912.4640731811523,456.0,763.0,433.0
3,1764042087.7874966,917.3225193023682,456.0,782.0,449.0
3,1764042087.8216088,922.0755367279053,456.0,784.0,456.0
3,1764042087.854866,926.8316655158997,456.0,792.0,452.0
3,1764042087.8852668,931.7467956542969,456.0,797.0,443.0
3,1764042087.9248645,936.5738778114319,456.0,794.0,445.0
3,1764042087.9497845,941.3145213127136,456.0,790.0,452.0
3,1764042087.9848793,946.1215405464172,456.0,803.0,460.0
3,1764042088.020758,950.8505253791809,456.0,811.0,459.0
3,1764042088.054875,955.6789665222168,456.0,815.0,456.0
3,1764042088.0846174,960.4023008346558,456.0,823.0,448.0
3,1764042088.1223254,967.6739840507507,456.0,834.0,443.0
3,1764042088.1546905,972.4753885269165,456.0,841.0,455.0
3,1764042088.1949294,977.3264317512512,456.0,857.0,450.0
3,1764042088.2202575,982.0522336959839,456.0,880.0,445.0
3,1764042088.2548716,986.8342547416687,456.0,885.0,445.0
3,1764042088.2895706,991.651716709137,456.0,873.0,449.0
3,1764042088.3196497,996.4092402458191,456.0,857.0,443.0
3,1764042088.354753,1001.3609199523926,456.0,865.0,448.0
3,1764042088.3955271,1008.5855393409729,456.0,879.0,461.0
3,1764042088.4207385,1010.8480005264282,456.0,892.0,464.0
3,1764042088.4603498,1018.017831325531,456.0,895.0,458.0
3,1764042088.4907532,1022.8115110397339,456.0,900.0,439.0
3,1764042088.5231833,1027.675965309143,456.0,902.0,441.0
3,1764042088.556442,1032.535448551178,456.0,904.0,458.0
3,1764042088.6035333,1040.3268365859985,456.0,900.0,462.0
3,1764042088.6382222,1044.416311264038,456.0,896.0,457.0
3,1764042088.683566,1051.6334919929504,456.0,899.0,451.0
3,1764042088.709505,1054.1099576950073,456.0,903.0,447.0
3,1764042088.7346883,1058.9585332870483,456.0,909.0,430.0
3,1764042088.7622597,1063.6871604919434,456.0,912.0,423.0
3,1764042088.790194,1066.117241859436,456.0,922.0,423.0
3,1764042088.830475,1073.3529119491577,456.0,928.0,423.0
3,1764042088.8545756,1075.6233124732971,456.0,931.0,426.0
3,1764042088.8944182,1082.8416376113892,456.0,935.0,419.0
3,1764042088.9347837,1087.7494721412659,456.0,940.0,425.0
3,1764042088.959681,1092.5381093025208,456.0,962.0,456.0
3,1764042088.9952621,1097.398844242096,456.0,970.0,473.0
3,1764042089.0351071,1104.4235496520996,456.0,982.0,465.0
3,1764042089.0701675,1109.3393235206604,456.0,978.0,452.0
3,1764042089.0996907,1114.0549688339233,456.0,983.0,451.0
3,1764042089.1347365,1118.8250093460083,456.0,996.0,457.0
3,1764042089.1646628,1123.6564903259277,456.0,997.0,450.0
3,1764042089.194987,1128.5194067955017,456.0,1001.0,445.0
3,1764042089.2350261,1133.2429914474487,456.0,1007.0,440.0
3,1764042089.2698534,1138.0793361663818,456.0,1005.0,444.0
3,1764042089.3005683,1142.9253726005554,456.0,1003.0,447.0
3,1764042089.3347564,1147.7265982627869,456.0,1003.0,440.0
3,1764042089.3599458,1152.5473504066467,456.0,1004.0,429.0
3,1764042089.390691,1157.2052745819092,456.0,989.0,435.0
3,1764042089.430016,1162.0806365013123,456.0,991.0,433.0
3,1764042089.4672253,1169.2055134773254,456.0,1006.0,425.0
3,1764042089.4997072,1174.0293412208557,456.0,1011.0,423.0
3,1764042089.5313969,1178.9079217910767,456.0,1025.0,428.0
3,1764042089.5655985,1183.6442022323608,456.0,1029.0,440.0
3,1764042089.5968478,1188.5316519737244,456.0,1027.0,440.0
3,1764042089.6303377,1193.2069926261902,456.0,1036.0,434.0
3,1764042089.665053,1198.085895061493,456.0,1041.0,430.0
3,1764042089.7060425,1205.2079467773438,456.0,1041.0,426.0
3,1764042089.7302709,1207.635775089264,456.0,1039.0,434.0
3,1764042089.7645235,1212.493362903595,456.0,1044.0,430.0
3,1764042089.8037374,1219.6435241699219,456.0,1062.0,429.0
3,1764042089.836882,1224.530258655548,456.0,1083.0,437.0
3,1764042089.8744764,1229.3100266456604,456.0,1078.0,440.0
3,1764042089.899423,1234.0946941375732,456.0,1069.0,431.0
3,1764042089.9300249,1238.8417391777039,456.0,1076.0,434.0
3,1764042089.9702218,1243.6471848487854,456.0,1087.0,428.0
3,1764042090.0045557,1248.4129695892334,456.0,1088.0,429.0
3,1764042090.0302591,1253.3564953804016,456.0,1093.0,443.0
3,1764042090.0645185,1258.0280451774597,456.0,1104.0,460.0
3,1764042090.0946434,1262.8194360733032,456.0,1115.0,471.0
3,1764042090.13473,1267.730417728424,456.0,1108.0,467.0
3,1764042090.1703832,1275.3543286323547,456.0,1114.0,459.0
3,1764042090.194685,1277.325180053711,456.0,1124.0,454.0
3,1764042090.239597,1284.521761417389,456.0,1128.0,448.0
3,1764042090.2757385,1289.2049341201782,456.0,1129.0,442.0
3,1764042090.3053844,1294.0706758499146,456.0,1129.0,447.0
3,1764042090.3403988,1298.9235072135925,456.0,1123.0,451.0
3,1764042090.3649926,1303.6251335144043,456.0,1135.0,449.0
3,1764042090.4044747,1308.5373311042786,456.0,1174.0,454.0
3,1764042090.4352355,1313.2932810783386,456.0,1165.0,458.0
3,1764042090.464418,1318.090823173523,456.0,1167.0,463.0
3,1764042090.4998033,1322.876778125763,456.0,1179.0,469.0
3,1764042090.5372756,1327.6263265609741,456.0,1197.0,461.0
3,1764042090.5651903,1332.5096635818481,456.0,1198.0,440.0
3,1764042090.59971,1339.7533445358276,456.0,1195.0,424.0
3,1764042090.639458,1344.482150554657,456.0,1194.0,436.0
3,1764042090.675668,1349.2347745895386,456.0,1211.0,448.0
3,1764042090.705408,1354.0715126991272,456.0,1217.0,447.0
3,1764042090.7549026,1361.2080125808716,456.0,1211.0,446.0
3,1764042090.7800453,1366.0204677581787,456.0,1204.0,456.0
3,1764042090.804498,1368.4815554618835,456.0,1178.0,468.0
3,1764042090.8344102,1373.3636050224304,456.0,1186.0,472.0
3,1764042090.870093,1378.0342965126038,456.0,1202.0,469.0
3,1764042090.8999486,1382.8123478889465,456.0,1219.0,464.0
3,1764042090.93487,1387.6335649490356,456.0,1223.0,472.0
3,1764042090.9708748,1394.931140422821,456.0,1225.0,471.0
3,1764042091.005842,1399.688449382782,456.0,1217.0,454.0
3,1764042091.0401776,1404.515781879425,456.0,1207.0,451.0
3,1764042091.069811,1409.2178015708923,456.0,1231.0,447.0
3,1764042091.1001892,1414.134684085846,456.0,1247.0,459.0
3,1764042091.1398942,1418.9378409385681,456.0,1257.0,471.0
3,1764042091.170157,1423.636248588562,456.0,1243.0,487.0
3,1764042091.2104213,1430.824318408966,456.0,1243.0,473.0
3,1764042091.2348807,1433.2338004112244,456.0,1243.0,458.0
3,1764042091.2755084,1440.4502658843994,456.0,1253.0,454.0
3,1764042091.3063843,1445.2897934913635,456.0,1272.0,463.0
3,1764042091.3447673,1450.0526814460754,456.0,1290.0,461.0
3,1764042091.3799355,1454.9693493843079,456.0,1284.0,453.0
3,1764042091.4152186,1459.6221952438354,456.0,1274.0,434.0
3,1764042091.4509366,1466.8030767440796,456.0,1272.0,423.0
3,1764042091.4748354,1469.222357749939,456.0,1288.0,433.0
3,1764042091.5048814,1474.0818409919739,456.0,1303.0,465.0
3,1764042091.5370882,1478.9396076202393,456.0,1324.0,477.0
3,1764042091.5744126,1483.7507395744324,456.0,1329.0,473.0
3,1764042091.604494,1488.4003310203552,456.0,1333.0,476.0
3,1764042091.6440034,1495.6112532615662,456.0,1329.0,477.0
3,1764042091.6805189,1500.4817872047424,456.0,1342.0,470.0
3,1764042091.7151134,1505.2586941719055,456.0,1355.0,480.0
3,1764042091.7502873,1510.0518732070923,456.0,1360.0,492.0
3,1764042091.7900074,1517.2251372337341,456.0,1357.0,493.0
3,1764042091.820321,1522.0083026885986,456.0,1359.0,490.0
3,1764042091.8499713,1526.8290548324585,456.0,1362.0,488.0
3,1764042091.8823748,1531.686249256134,456.0,1368.0,488.0
3,1764042091.914435,1536.4793210029602,456.0,1380.0,493.0
3,1764042091.9403613,1538.898995399475,456.0,1393.0,501.0
3,1764042091.9747658,1543.6322002410889,456.0,1389.0,496.0
3,1764042092.0108976,1550.805893421173,456.0,1372.0,497.0
3,1764042092.0413175,1555.676284313202,456.0,1399.0,498.0
3,1764042092.0851173,1560.4373483657837,456.0,1418.0,492.0
3,1764042092.1148198,1565.3420357704163,456.0,1412.0,477.0
3,1764042092.139911,1570.038905620575,456.0,1407.0,459.0
3,1764042092.1798196,1574.8475341796875,456.0,1410.0,452.0
3,1764042092.210937,1579.6180038452148,456.0,1422.0,469.0
3,1764042092.2450323,1584.5438628196716,456.0,1438.0,483.0
3,1764042092.2830346,1591.6008620262146,456.0,1474.0,494.0
3,1764042092.31034,1594.1285400390625,456.0,1501.0,498.0
3,1764042092.3394384,1598.8735823631287,456.0,1490.0,511.0
3,1764042092.3850331,1606.0000686645508,456.0,1489.0,512.0
3,1764042092.411263,1610.9740285873413,456.0,1494.0,495.0
3,1764042092.4453156,1615.7629160881042,456.0,1502.0,485.0
3,1764042092.477289,1620.6860570907593,456.0,1509.0,485.0
3,1764042092.5097902,1625.2721695899963,456.0,1509.0,483.0
3,1764042092.549497,1630.093529701233,456.0,1501.0,480.0
3,1764042092.574881,1634.821870803833,456.0,1526.0,483.0
3,1764042092.6060905,1639.709749698639,456.0,1527.0,495.0
3,1764042092.6450305,1644.5178418159485,456.0,1519.0,495.0
3,1764042092.683698,1651.603880405426,456.0,1506.0,500.0
3,1764042092.7148392,1656.533923625946,456.0,1514.0,501.0
3,1764042092.7473743,1661.269453048706,456.0,1517.0,511.0
3,1764042092.7753074,1663.7465982437134,456.0,1505.0,507.0
3,1764042092.822305,1670.8861379623413,456.0,1526.0,526.0
3,1764042092.860813,1678.115942955017,456.0,1550.0,510.0
3,1764042092.8916037,1682.918098449707,456.0,1557.0,497.0
3,1764042092.9194157,1687.7092032432556,456.0,1557.0,505.0
3,1764042092.9444234,1690.0036721229553,456.0,1561.0,513.0
3,1764042092.9888294,1697.273030757904,456.0,1565.0,517.0
3,1764042093.015201,1699.721851825714,456.0,1568.0,532.0
3,1764042093.0449977,1704.522934436798,456.0,1560.0,531.0
3,1764042093.0822725,1711.6793899536133,456.0,1558.0,522.0
3,1764042093.1144516,1716.489055633545,456.0,1570.0,518.0
3,1764042093.1501935,1721.2782292366028,456.0,1586.0,534.0
4,1764042093.1798525,1726.0112195014954,456.0,1586.0,535.0
4,1764042093.2148407,1726.0112195014954,456.0,1577.0,537.0
4,1764042093.2544117,1726.0112195014954,456.0,1570.0,534.0
4,1764042093.2803006,1726.0112195014954,456.0,1579.0,512.0
4,1764042093.3151004,1726.0112195014954,456.0,1618.0,505.0
4,1764042093.3494806,1726.0112195014954,456.0,1604.0,500.0
4,1764042093.3795905,1726.0112195014954,456.0,1592.0,491.0
4,1764042093.4200974,1726.0112195014954,456.0,1596.0,495.0
4,1764042093.450147,1726.0112195014954,456.0,1604.0,523.0
4,1764042093.47986,1726.0112195014954,456.0,1602.0,522.0
4,1764042093.5202844,1726.0112195014954,456.0,1588.0,514.0
4,1764042093.5495398,1726.0112195014954,456.0,1595.0,512.0
4,1764042093.5805135,1726.0112195014954,456.0,1603.0,508.0
4,1764042093.6144376,1726.0112195014954,456.0,1613.0,499.0
4,1764042093.650223,1726.0112195014954,456.0,1617.0,493.0
4,1764042093.6850913,178.0,549.0,1619.0,516.0
4,1764042093.720133,182.9070119857788,549.0,1302.0,501.0
4,1764042093.7494476,187.6843123435974,549.0,1422.0,1001.0
4,1764042093.7853205,192.4661545753479,549.0,1633.0,910.0
4,1764042093.8231719,199.60029411315918,549.0,361.0,516.0
4,1764042093.8495338,202.11266565322876,549.0,325.0,485.0
4,1764042093.8894186,209.33420944213867,549.0,283.0,493.0
4,1764042093.9213467,214.0546112060547,549.0,244.0,469.0
4,1764042093.9554143,218.8367395401001,549.0,238.0,479.0
4,1764042093.9900475,223.6732988357544,549.0,237.0,481.0
4,1764042094.0205312,228.4413366317749,549.0,240.0,482.0
4,1764042094.0498374,233.25915622711182,549.0,256.0,492.0
4,1764042094.0902143,238.15325784683228,549.0,261.0,488.0
4,1764042094.119725,242.94171619415283,549.0,248.0,507.0
4,1764042094.159587,250.0376968383789,549.0,185.0,538.0
4,1764042094.184996,252.5319366455078,549.0,213.0,509.0
4,1764042094.2233562,260.2839140892029,549.0,235.0,492.0
4,1764042094.2551126,264.5390419960022,549.0,245.0,489.0
4,1764042094.2910013,269.34470224380493,549.0,252.0,493.0
4,1764042094.3294215,274.0667848587036,549.0,271.0,491.0
4,1764042094.354796,278.92151165008545,549.0,293.0,494.0
4,1764042094.3849356,283.65428733825684,549.0,305.0,510.0
4,1764042094.4314303,290.9863381385803,549.0,307.0,520.0
4,1764042094.4655123,295.6748037338257,549.0,297.0,517.0
4,1764042094.484438,298.1284885406494,549.0,300.0,500.0
4,1764042094.525363,305.20587253570557,549.0,304.0,495.0
4,1764042094.5548496,307.6210050582886,549.0,306.0,498.0
4,1764042094.5925457,314.9594216346741,549.0,296.0,504.0
4,1764042094.6229382,319.681432723999,549.0,305.0,499.0
4,1764042094.6598814,324.42826318740845,549.0,306.0,513.0
4,1764042094.6956036,329.3344883918762,549.0,314.0,516.0
4,1764042094.7206388,334.12852573394775,549.0,324.0,521.0
4,1764042094.7676036,341.3228898048401,549.0,324.0,518.0
4,1764042094.7898753,343.62511920928955,549.0,333.0,499.0
4,1764042094.8200347,348.5050230026245,549.0,347.0,488.0
4,1764042094.8638709,355.6568651199341,549.0,354.0,484.0
4,1764042094.8908136,358.21265268325806,549.0,335.0,506.0
4,1764042094.9276755,365.2814178466797,549.0,346.0,511.0
4,1764042094.960529,370.07048416137695,549.0,364.0,517.0
4,1764042094.9922762,374.8202471733093,549.0,377.0,513.0
4,1764042095.030613,379.78236961364746,549.0,376.0,509.0
4,1764042095.0650187,384.4460873603821,549.0,365.0,489.0
4,1764042095.0998585,391.7592554092407,549.0,352.0,480.0
4,1764042095.1244955,394.04485511779785,549.0,354.0,479.0
4,1764042095.1605024,398.88252305984497,549.0,353.0,494.0
4,1764042095.2002342,406.0272841453552,549.0,352.0,512.0
4,1764042095.231045,410.8195333480835,549.0,362.0,532.0
4,1764042095.2646496,415.6439690589905,549.0,370.0,546.0
4,1764042095.294789,420.5097465515137,549.0,387.0,532.0
4,1764042095.3279774,425.3610043525696,549.0,390.0,530.0
4,1764042095.3594372,430.0274758338928,549.0,394.0,518.0
4,1764042095.400639,434.9109559059143,549.0,396.0,524.0
4,1764042095.42513,439.75187826156616,549.0,388.0,533.0
4,1764042095.4606497,444.4639115333557,549.0,384.0,530.0
4,1764042095.4950025,449.3184595108032,549.0,391.0,517.0
4,1764042095.5246456,454.11753940582275,549.0,399.0,507.0
4,1764042095.56717,461.2190990447998,549.0,419.0,488.0
4,1764042095.6071782,466.1496071815491,549.0,428.0,483.0
4,1764042095.640067,470.8065299987793,549.0,426.0,491.0
4,1764042095.674875,475.69941568374634,549.0,427.0,505.0
4,1764042095.7053607,480.4214267730713,549.0,441.0,498.0
4,1764042095.7306845,485.21120834350586,549.0,447.0,474.0
4,1764042095.7596385,490.09665536880493,549.0,441.0,466.0
4,1764042095.794393,494.9153332710266,549.0,432.0,466.0
4,1764042095.8356397,499.79731130599976,549.0,427.0,474.0
4,1764042095.8601353,504.4687180519104,549.0,447.0,495.0
4,1764042095.9026425,511.6608648300171,549.0,459.0,495.0
4,1764042095.9356196,516.4852290153503,549.0,467.0,493.0
4,1764042095.9603837,518.8241510391235,549.0,477.0,494.0
4,1764042096.0016494,526.0072498321533,549.0,481.0,488.0
4,1764042096.032191,530.9384016990662,549.0,462.0,484.0
4,1764042096.065394,535.7180624008179,549.0,463.0,483.0
4,1764042096.105238,540.5116348266602,549.0,466.0,483.0
4,1764042096.1353908,545.2028541564941,549.0,476.0,481.0
4,1764042096.1700923,550.124457359314,549.0,482.0,485.0
4,1764042096.200291,554.9600510597229,549.0,465.0,483.0
4,1764042096.2297106,559.6017389297485,549.0,491.0,497.0
4,1764042096.2702484,566.8327956199646,549.0,508.0,502.0
4,1764042096.3122044,571.7302947044373,549.0,511.0,492.0
4,1764042096.3446774,576.4999418258667,549.0,514.0,472.0
4,1764042096.3748217,581.3988356590271,549.0,510.0,463.0
4,1764042096.4000545,586.0712080001831,549.0,514.0,466.0
4,1764042096.4254043,588.4331612586975,549.0,522.0,473.0
4,1764042096.4653308,595.7467942237854,549.0,521.0,481.0
4,1764042096.500347,600.4285006523132,549.0,519.0,485.0
4,1764042096.5420663,607.6303033828735,549.0,525.0,485.0
4,1764042096.5646098,610.076907157898,549.0,538.0,479.0
4,1764042096.595342,614.8721961975098,549.0,542.0,478.0
4,1764042096.634798,619.6075110435486,549.0,547.0,487.0
4,1764042096.6649272,624.4031934738159,549.0,546.0,494.0
4,1764042096.704566,631.6437273025513,549.0,539.0,495.0
4,1764042096.7358685,636.5395455360413,549.0,541.0,485.0
4,1764042096.7679276,641.345456123352,549.0,542.0,479.0
4,1764042096.800297,646.1398868560791,549.0,564.0,486.0
4,1764042096.8346844,650.9440808296204,549.0,572.0,495.0
4,1764042096.8644915,655.6028633117676,549.0,572.0,491.0
4,1764042096.9095447,663.2121829986572,549.0,576.0,481.0
4,1764042096.9294267,665.2309565544128,549.0,581.0,487.0
4,1764042096.9760523,672.5666193962097,549.0,594.0,493.0
4,1764042097.0004892,674.8879461288452,549.0,598.0,495.0
4,1764042097.0301058,679.7588019371033,549.0,604.0,488.0
4,1764042097.0755057,686.8943362236023,549.0,624.0,493.0
4,1764042097.100121,691.7986302375793,549.0,630.0,512.0
4,1764042097.1359894,696.5771465301514,549.0,633.0,501.0
4,1764042097.1747904,701.2718706130981,549.0,635.0,490.0
4,1764042097.2095628,706.0013918876648,549.0,653.0,480.0
4,1764042097.2472522,713.243821144104,549.0,662.0,486.0
4,1764042097.2701375,715.6975774765015,549.0,678.0,504.0
4,1764042097.304859,720.5666451454163,549.0,681.0,519.0
4,1764042097.3349342,725.3180890083313,549.0,675.0,528.0
4,1764042097.3761375,732.5263648033142,549.0,680.0,527.0
4,1764042097.4094985,737.2115044593811,549.0,685.0,536.0
4,1764042097.4351854,739.6247057914734,549.0,691.0,560.0
4,1764042097.4707909,746.8006520271301,549.0,704.0,564.0
4,1764042097.5053358,751.6435770988464,549.0,724.0,550.0
4,1764042097.5348673,756.403890132904,549.0,727.0,540.0
4,1764042097.5695693,761.269453048706,549.0,742.0,522.0
4,1764042097.6100512,766.0725383758545,549.0,741.0,521.0
4,1764042097.6395454,770.8967952728271,549.0,717.0,529.0
4,1764042097.6665244,775.6609706878662,549.0,700.0,532.0
4,1764042097.7122352,782.8027992248535,549.0,694.0,526.0
4,1764042097.7434008,787.6567749977112,549.0,713.0,525.0
4,1764042097.780444,792.5348191261292,549.0,727.0,532.0
4,1764042097.8077989,797.3467020988464,549.0,730.0,532.0
4,1764042097.8344758,799.6596961021423,549.0,726.0,531.0
4,1764042097.891841,809.264865398407,549.0,728.0,540.0
4,1764042097.9200711,814.1369371414185,549.0,738.0,547.0
4,1764042097.9451687,816.4720683097839,549.0,745.0,551.0
4,1764042097.9695728,821.2841658592224,549.0,745.0,547.0
4,1764042098.005596,826.1406807899475,549.0,746.0,541.0
4,1764042098.047039,833.3221702575684,549.0,761.0,542.0
4,1764042098.0755324,835.6290130615234,549.0,770.0,545.0
4,1764042098.1050863,840.4993681907654,549.0,763.0,557.0
4,1764042098.1434147,847.6649432182312,549.0,763.0,556.0
4,1764042098.179167,852.4308710098267,549.0,779.0,557.0
4,1764042098.215407,857.3266177177429,549.0,784.0,547.0
4,1764042098.2421227,862.0973734855652,549.0,778.0,544.0
4,1764042098.2796788,866.9416933059692,549.0,769.0,542.0
4,1764042098.3109336,871.6651706695557,549.0,782.0,549.0
4,1764042098.3453262,876.4546303749084,549.0,796.0,553.0
4,1764042098.3694925,881.3927917480469,549.0,796.0,549.0
4,1764042098.4157584,888.5095148086548,549.0,797.0,535.0
4,1764042098.4490118,893.2993679046631,549.0,805.0,537.0
4,1764042098.4759996,895.7048444747925,549.0,825.0,552.0
4,1764042098.5147796,902.8905181884766,549.0,832.0,559.0
4,1764042098.5452602,907.7919511795044,549.0,821.0,536.0
4,1764042098.5797763,912.4649314880371,549.0,805.0,530.0
4,1764042098.6099634,917.2073631286621,549.0,809.0,541.0
4,1764042098.6451106,922.0577268600464,549.0,817.0,554.0
4,1764042098.6794398,926.9473223686218,549.0,838.0,557.0
4,1764042098.7098038,931.7087798118591,549.0,845.0,560.0
4,1764042098.7448986,936.5393667221069,549.0,851.0,558.0
4,1764042098.7748334,941.2020473480225,549.0,847.0,550.0
4,1764042098.8103268,946.0110692977905,549.0,853.0,539.0
4,1764042098.8470838,953.3681898117065,549.0,856.0,534.0
4,1764042098.874719,955.6814699172974,549.0,856.0,539.0
4,1764042098.912083,962.809422492981,549.0,857.0,547.0
4,1764042098.9500532,967.6599650382996,549.0,865.0,535.0
4,1764042098.9845216,972.4743871688843,549.0,864.0,535.0
4,1764042099.0233097,979.6043424606323,549.0,870.0,535.0
4,1764042099.0589182,984.4972996711731,549.0,885.0,537.0
4,1764042099.0746458,986.862292766571,549.0,881.0,527.0
4,1764042099.1200435,994.1035060882568,549.0,885.0,526.0
4,1764042099.1457083,996.4350967407227,549.0,903.0,524.0
4,1764042099.1744604,1001.2581377029419,549.0,921.0,532.0
4,1764042099.2147136,1008.4622650146484,549.0,924.0,531.0
4,1764042099.248014,1013.3476405143738,549.0,901.0,540.0
4,1764042099.2798295,1018.0941848754883,549.0,899.0,535.0
4,1764042099.316297,1023.3045010566711,549.0,907.0,537.0
4,1764042099.3497524,1027.6766448020935,549.0,910.0,544.0
4,1764042099.38485,1032.4129610061646,549.0,909.0,549.0
4,1764042099.4246085,1039.6713762283325,549.0,902.0,538.0
4,1764042099.4507143,1042.12273645401,549.0,893.0,536.0
4,1764042099.479685,1046.9180612564087,549.0,899.0,541.0
4,1764042099.5251005,1054.1456489562988,549.0,926.0,545.0
4,1764042099.5544178,1058.8671951293945,549.0,928.0,546.0
4,1764042099.579627,1063.7245326042175,549.0,943.0,539.0
4,1764042099.619435,1068.4379963874817,549.0,950.0,533.0
4,1764042099.6608627,1075.9098796844482,549.0,951.0,529.0
4,1764042099.705335,1080.488660812378,549.0,943.0,529.0
4,1764042099.724754,1085.291066646576,549.0,971.0,528.0
4,1764042099.7496653,1087.6331357955933,549.0,974.0,527.0
4,1764042099.7795157,1092.521837234497,549.0,976.0,528.0
4,1764042099.8198118,1099.7522501945496,549.0,975.0,549.0
4,1764042099.8511033,1102.039387702942,549.0,978.0,555.0
4,1764042099.8756514,1106.9215445518494,549.0,981.0,543.0
4,1764042099.9193752,1114.050534248352,549.0,992.0,546.0
4,1764042099.9514914,1118.8798694610596,549.0,1007.0,558.0
4,1764042099.9895782,1123.6368207931519,549.0,1000.0,557.0
4,1764042100.0152366,1128.4008173942566,549.0,994.0,551.0
4,1764042100.0501251,1133.3085803985596,549.0,1002.0,551.0
4,1764042100.084666,1138.139775276184,549.0,1001.0,556.0
4,1764042100.1150138,1142.8816347122192,549.0,989.0,562.0
4,1764042100.146198,1147.7144031524658,549.0,996.0,545.0
4,1764042100.1844957,1152.4659900665283,549.0,1016.0,521.0
4,1764042100.2197688,1159.7457914352417,549.0,1019.0,517.0
4,1764042100.2659118,1164.5932941436768,549.0,1016.0,526.0
4,1764042100.2945285,1169.2688493728638,549.0,1012.0,545.0
4,1764042100.324374,1174.1331248283386,549.0,1011.0,548.0
4,1764042100.3547218,1178.933027267456,549.0,1022.0,549.0
4,1764042100.3948476,1183.6997060775757,549.0,1038.0,543.0
4,1764042100.424934,1188.4557991027832,549.0,1039.0,538.0
4,1764042100.4614367,1195.9959893226624,549.0,1027.0,538.0
4,1764042100.5000532,1200.4626541137695,549.0,1027.0,547.0
4,1764042100.5304313,1205.264380455017,549.0,1035.0,553.0
4,1764042100.555006,1207.7134160995483,549.0,1048.0,547.0
4,1764042100.5852625,1212.5526218414307,549.0,1060.0,537.0
4,1764042100.6254838,1219.6322588920593,549.0,1063.0,536.0
4,1764042100.6595824,1224.4888453483582,549.0,1071.0,535.0
4,1764042100.6952178,1229.2155413627625,549.0,1082.0,547.0
4,1764042100.7304082,1234.03346824646,549.0,1081.0,546.0
4,1764042100.7555037,1238.9127283096313,549.0,1082.0,542.0
4,1764042100.7894716,1243.6030535697937,549.0,1082.0,536.0
4,1764042100.819472,1248.5207586288452,549.0,1090.0,534.0
4,1764042100.855031,1253.2582550048828,549.0,1098.0,541.0
4,1764042100.8947918,1260.5064063072205,549.0,1096.0,547.0
4,1764042100.919524,1262.8034143447876,549.0,1095.0,546.0
4,1764042100.9500802,1267.6451234817505,549.0,1108.0,538.0
4,1764042100.9950716,1274.8286514282227,549.0,1119.0,536.0
4,1764042101.0301895,1279.6170024871826,549.0,1122.0,537.0
4,1764042101.060229,1284.4936518669128,549.0,1113.0,539.0
4,1764042101.0946252,1289.311435699463,549.0,1105.0,538.0
4,1764042101.1249745,1294.1481380462646,549.0,1111.0,541.0
4,1764042101.1594486,1298.986807346344,549.0,1150.0,543.0
4,1764042101.19047,1303.6646513938904,549.0,1162.0,545.0
4,1764042101.2196553,1308.4295778274536,549.0,1171.0,533.0
4,1764042101.2630222,1315.6083850860596,549.0,1179.0,526.0
4,1764042101.289411,1318.0957226753235,549.0,1180.0,519.0
4,1764042101.3301697,1325.332215309143,549.0,1178.0,527.0
4,1764042101.3546572,1327.6669173240662,549.0,1198.0,537.0
4,1764042101.3929436,1334.92458152771,549.0,1211.0,538.0
4,1764042101.4299834,1339.7449402809143,549.0,1218.0,537.0
4,1764042101.4603963,1344.4339065551758,549.0,1213.0,540.0
4,1764042101.503166,1351.6436486244202,549.0,1213.0,557.0
4,1764042101.5253258,1354.0900735855103,549.0,1182.0,560.0
4,1764042101.5687156,1361.287513256073,549.0,1191.0,561.0
4,1764042101.5946891,1363.7515335083008,549.0,1196.0,563.0
4,1764042101.6309514,1370.8829550743103,549.0,1194.0,572.0
4,1764042101.6597242,1375.7391123771667,549.0,1205.0,581.0
4,1764042101.7050776,1380.4278283119202,549.0,1213.0,590.0
4,1764042101.7421224,1387.6385717391968,549.0,1221.0,587.0
4,1764042101.7653475,1390.1367454528809,549.0,1220.0,586.0
4,1764042101.7947218,1394.9310688972473,549.0,1227.0,589.0
4,1764042101.8258162,1399.8238830566406,549.0,1243.0,576.0
4,1764042101.865301,1404.4554858207703,549.0,1247.0,560.0
4,1764042101.8950794,1409.2269568443298,549.0,1250.0,545.0
4,1764042101.9343996,1416.4846210479736,549.0,1250.0,546.0
4,1764042101.954825,1418.9112691879272,549.0,1261.0,550.0
4,1764042102.0001504,1426.1355667114258,549.0,1273.0,550.0
4,1764042102.0309641,1430.8358697891235,549.0,1255.0,556.0
4,1764042102.0635235,1435.6167821884155,549.0,1269.0,584.0
4,1764042102.0953648,1440.4008417129517,549.0,1290.0,588.0
4,1764042102.130751,1445.35759973526,549.0,1302.0,589.0
4,1764042102.169673,1450.1396565437317,549.0,1303.0,582.0
4,1764042102.1997273,1454.8071293830872,549.0,1292.0,586.0
4,1764042102.2403667,1462.0287804603577,549.0,1295.0,603.0
4,1764042102.2746694,1466.852035999298,549.0,1313.0,606.0
4,1764042102.294723,1469.368806362152,549.0,1333.0,605.0
4,1764042102.3300142,1474.071469783783,549.0,1328.0,602.0
4,1764042102.360299,1478.8353233337402,549.0,1315.0,599.0
4,1764042102.4002657,1486.1394791603088,549.0,1315.0,605.0
4,1764042102.4301965,1490.841820716858,549.0,1328.0,611.0
4,1764042102.4633665,1495.6024198532104,549.0,1336.0,607.0
4,1764042102.499739,1500.4645495414734,549.0,1341.0,625.0
4,1764042102.5352137,1505.2585153579712,549.0,1348.0,624.0
4,1764042102.58261,1512.5136404037476,549.0,1360.0,615.0
4,1764042102.6235242,1519.6752457618713,549.0,1365.0,590.0
4,1764042102.6495297,1522.0590143203735,549.0,1372.0,598.0
4,1764042102.6879814,1529.3309478759766,549.0,1381.0,607.0
4,1764042102.7146692,1531.611433506012,549.0,1388.0,616.0
4,1764042102.7400417,1536.530354499817,549.0,1392.0,628.0
4,1764042102.770223,1541.3569359779358,549.0,1405.0,621.0
4,1764042102.7948859,1543.7073736190796,549.0,1407.0,600.0
4,1764042102.840131,1550.8155493736267,549.0,1411.0,582.0
4,1764042102.8699641,1555.7315020561218,549.0,1411.0,576.0
4,1764042102.9130044,1562.952437877655,549.0,1426.0,587.0
4,1764042102.9348352,1565.3440027236938,549.0,1441.0,594.0
4,1764042102.965058,1570.1169757843018,549.0,1431.0,589.0
4,1764042103.0065408,1577.2677092552185,549.0,1427.0,584.0
4,1764042103.0402215,1582.138958454132,549.0,1462.0,588.0
4,1764042103.0649,1584.4443707466125,549.0,1480.0,596.0
4,1764042103.1048958,1591.674247264862,549.0,1485.0,595.0
4,1764042103.1399205,1596.4139609336853,549.0,1481.0,590.0
4,1764042103.180021,1603.783634185791,549.0,1478.0,591.0
4,1764042103.21665,1608.4831862449646,549.0,1488.0,600.0
4,1764042103.248464,1613.2087378501892,549.0,1488.0,608.0
4,1764042103.2807717,1618.0173664093018,549.0,1480.0,606.0
4,1764042103.3052905,1620.4046397209167,549.0,1478.0,595.0
4,1764042103.3300016,1625.310221195221,549.0,1520.0,625.0
4,1764042103.3700016,1630.1098375320435,549.0,1543.0,639.0
4,1764042103.4003232,1634.8202257156372,549.0,1550.0,636.0
4,1764042103.4352005,1639.6596102714539,549.0,1555.0,623.0
4,1764042103.4710376,1646.8067317008972,549.0,1557.0,607.0
4,1764042103.499683,1651.7329125404358,549.0,1553.0,594.0
4,1764042103.540102,1656.5229802131653,549.0,1555.0,586.0
4,1764042103.5695019,1661.2500338554382,549.0,1561.0,588.0
4,1764042103.600577,1666.1176710128784,549.0,1571.0,600.0
4,1764042103.640439,1670.9168224334717,549.0,1575.0,605.0
4,1764042103.6750982,1675.6303577423096,549.0,1568.0,610.0
4,1764042103.704631,1680.5156617164612,549.0,1560.0,612.0
4,1764042103.74358,1687.6148252487183,549.0,1560.0,617.0
4,1764042103.7760212,1692.5464777946472,549.0,1577.0,617.0
4,1764042103.8165383,1697.2225337028503,549.0,1585.0,607.0
4,1764042103.8347616,1699.6333746910095,549.0,1583.0,583.0
4,1764042103.879938,1706.8523077964783,549.0,1581.0,576.0
4,1764042103.9103994,1711.6795687675476,549.0,1583.0,578.0
4,1764042103.936273,1716.5631918907166,549.0,1596.0,597.0
4,1764042103.9701645,1721.4401988983154,549.0,1598.0,607.0
5,1764042104.0094423,1726.0597853660583,549.0,1609.0,606.0
5,1764042104.035173,1726.0597853660583,549.0,1626.0,607.0
5,1764042104.0744255,1726.0597853660583,549.0,1626.0,611.0
5,1764042104.1052504,1726.0597853660583,549.0,1629.0,617.0
5,1764042104.1395917,1726.0597853660583,549.0,1631.0,613.0
5,1764042104.179779,1726.0597853660583,549.0,1626.0,615.0
5,1764042104.2100067,1726.0597853660583,549.0,1630.0,608.0
5,1764042104.2444994,1726.0597853660583,549.0,1639.0,605.0
5,1764042104.285195,1726.0597853660583,549.0,1634.0,606.0
5,1764042104.3201733,1726.0597853660583,549.0,1627.0,599.0
5,1764042104.3450582,1726.0597853660583,549.0,1620.0,591.0
5,1764042104.370193,1726.0597853660583,549.0,1617.0,597.0
5,1764042104.4002583,1726.0597853660583,549.0,1611.0,598.0
5,1764042104.4499767,1726.0597853660583,549.0,1548.0,614.0
5,1764042104.4745677,1726.0597853660583,549.0,941.0,514.0
5,1764042104.5047436,178.0,642.0,1578.0,997.0
5,1764042104.5394309,182.9174189567566,642.0,240.0,641.0
5,1764042104.5748174,187.67973470687866,642.0,239.0,611.0
5,1764042104.62053,194.87610149383545,642.0,280.0,601.0
5,1764042104.6451597,199.62586450576782,642.0,269.0,583.0
5,1764042104.6701314,202.1621971130371,642.0,244.0,593.0
5,1764042104.7097378,209.30760192871094,642.0,233.0,605.0
5,1764042104.7396328,214.06905937194824,642.0,224.0,604.0
5,1764042104.7796805,218.9058690071106,642.0,213.0,601.0
5,1764042104.8146803,223.69250345230103,642.0,227.0,591.0
5,1764042104.8453557,228.42989253997803,642.0,243.0,595.0
5,1764042104.8799593,233.35650253295898,642.0,255.0,602.0
5,1764042104.9166014,240.52390146255493,642.0,268.0,603.0
5,1764042104.9396353,242.93184566497803,642.0,209.0,644.0
5,1764042104.975321,247.61315870285034,642.0,223.0,625.0
5,1764042105.0202904,254.90865993499756,642.0,239.0,627.0
5,1764042105.0504806,259.6065311431885,642.0,257.0,624.0
5,1764042105.0757575,264.4298939704895,642.0,245.0,619.0
5,1764042105.109506,269.32310152053833,642.0,250.0,598.0
5,1764042105.1505451,274.060311794281,642.0,259.0,572.0
5,1764042105.1806645,278.845730304718,642.0,276.0,561.0
5,1764042105.210248,283.72452545166016,642.0,298.0,590.0
5,1764042105.2517557,290.917959690094,642.0,306.0,593.0
5,1764042105.2851465,295.64365434646606,642.0,314.0,584.0
5,1764042105.317947,300.53739833831787,642.0,311.0,591.0
5,1764042105.3444417,305.32818126678467,642.0,316.0,596.0
5,1764042105.374689,307.60970401763916,642.0,333.0,587.0
5,1764042105.4201338,314.8634343147278,642.0,341.0,576.0
5,1764042105.445091,319.74938201904297,642.0,346.0,575.0
5,1764042105.4756784,324.53934240341187,642.0,335.0,584.0
5,1764042105.5149002,329.2026309967041,642.0,331.0,600.0
5,1764042105.544452,334.13839626312256,642.0,326.0,624.0
5,1764042105.5802035,338.8172416687012,642.0,331.0,611.0
5,1764042105.61445,343.63016176223755,642.0,319.0,599.0
5,1764042105.6448889,348.5214023590088,642.0,313.0,594.0
5,1764042105.6859105,355.70289182662964,642.0,322.0,589.0
5,1764042105.7103972,358.1473140716553,642.0,328.0,584.0
5,1764042105.749669,365.24772930145264,642.0,321.0,578.0
5,1764042105.783306,370.0535683631897,642.0,338.0,602.0
5,1764042105.8149889,374.95650339126587,642.0,340.0,591.0
5,1764042105.8502994,379.60791873931885,642.0,343.0,574.0
5,1764042105.8855069,384.5136432647705,642.0,362.0,570.0
5,1764042105.9201787,389.2091541290283,642.0,365.0,572.0
5,1764042105.9561312,396.44056844711304,642.0,349.0,578.0
5,1764042105.9870267,401.25130701065063,642.0,337.0,598.0
5,1764042106.0145733,403.6726622581482,642.0,346.0,601.0
5,1764042106.0512738,410.8953504562378,642.0,344.0,590.0
5,1764042106.0801234,413.2768301963806,642.0,345.0,595.0
5,1764042106.119918,420.4791693687439,642.0,345.0,596.0
5,1764042106.1494882,425.3686933517456,642.0,349.0,600.0
5,1764042106.181792,430.19448804855347,642.0,357.0,605.0
5,1764042106.2199707,434.8059206008911,642.0,372.0,602.0
5,1764042106.2453463,439.68421506881714,642.0,387.0,595.0
5,1764042106.285006,444.4959907531738,642.0,435.0,596.0
5,1764042106.315006,449.3430643081665,642.0,442.0,593.0
5,1764042106.3503983,454.085889339447,642.0,458.0,587.0
5,1764042106.3899763,461.33250284194946,642.0,463.0,585.0
5,1764042106.4146895,463.6933116912842,642.0,462.0,599.0
5,1764042106.451968,470.9479718208313,642.0,461.0,601.0
5,1764042106.4855552,475.614586353302,642.0,460.0,587.0
5,1764042106.5181332,480.4375915527344,642.0,457.0,570.0
5,1764042106.559866,485.20183849334717,642.0,458.0,576.0
5,1764042106.5847168,490.07298040390015,642.0,443.0,580.0
5,1764042106.6149662,494.93832874298096,642.0,455.0,581.0
5,1764042106.6545641,499.6640591621399,642.0,471.0,584.0
5,1764042106.6845484,504.5198230743408,642.0,476.0,588.0
5,1764042106.7170327,509.3305974006653,642.0,470.0,591.0
5,1764042106.7567356,516.5334372520447,642.0,468.0,586.0
5,1764042106.786904,521.2258367538452,642.0,482.0,593.0
5,1764042106.825087,526.0745553970337,642.0,488.0,597.0
5,1764042106.8547971,531.2155632972717,642.0,492.0,595.0
5,1764042106.8853626,535.7012538909912,642.0,503.0,601.0
5,1764042106.9202807,540.5219702720642,642.0,511.0,611.0
5,1764042106.9549983,545.2801375389099,642.0,524.0,604.0
5,1764042106.9855561,550.146487236023,642.0,527.0,586.0
5,1764042107.0345192,557.2489409446716,642.0,527.0,604.0
5,1764042107.070226,562.0794205665588,642.0,524.0,602.0
5,1764042107.110272,569.3040041923523,642.0,536.0,603.0
5,1764042107.1406734,574.0138559341431,642.0,545.0,610.0
5,1764042107.179875,578.9466886520386,642.0,545.0,600.0
5,1764042107.2150888,583.6283950805664,642.0,528.0,593.0
5,1764042107.2532332,590.8465414047241,642.0,527.0,586.0
5,1764042107.29007,595.634928226471,642.0,524.0,590.0
5,1764042107.3249688,600.532320022583,642.0,533.0,596.0
5,1764042107.369556,607.6272993087769,642.0,535.0,597.0
5,1764042107.4047575,612.4730138778687,642.0,526.0,601.0
5,1764042107.430334,617.3258452415466,642.0,551.0,601.0
5,1764042107.45992,622.0267205238342,642.0,557.0,603.0
5,1764042107.4924204,626.8742589950562,642.0,570.0,589.0
5,1764042107.5303268,631.7067413330078,642.0,575.0,585.0
5,1764042107.5713992,638.9028577804565,642.0,582.0,587.0
5,1764042107.6104617,643.6543016433716,642.0,576.0,600.0
5,1764042107.6511948,650.8832125663757,642.0,585.0,603.0
5,1764042107.6707911,653.2202033996582,642.0,593.0,612.0
5,1764042107.6899388,655.6290774345398,642.0,585.0,610.0
5,1764042107.7247672,660.6014637947083,642.0,590.0,593.0
5,1764042107.754965,665.2357487678528,642.0,601.0,572.0
5,1764042107.7895539,670.0097589492798,642.0,616.0,568.0
5,1764042107.824996,677.4113326072693,642.0,621.0,578.0
5,1764042107.8699017,682.0244817733765,642.0,602.0,587.0
5,1764042107.8946154,687.0013384819031,642.0,610.0,600.0
5,1764042107.9245727,691.6053681373596,642.0,625.0,601.0
5,1764042107.9650354,696.4642791748047,642.0,625.0,598.0
5,1764042107.9952245,701.2187628746033,642.0,619.0,585.0
5,1764042108.0380247,708.412483215332,642.0,615.0,588.0
5,1764042108.0803852,713.2685332298279,642.0,622.0,594.0
5,1764042108.1045907,718.04225730896,642.0,642.0,578.0
5,1764042108.140337,722.8636889457703,642.0,665.0,585.0
5,1764042108.1749349,727.661123752594,642.0,677.0,589.0
5,1764042108.2121885,734.8746566772461,642.0,676.0,592.0
5,1764042108.2503965,739.7540240287781,642.0,676.0,596.0
5,1764042108.2796113,744.4744973182678,642.0,685.0,599.0
5,1764042108.3181233,749.3716387748718,642.0,680.0,608.0
5,1764042108.3504448,754.0960459709167,642.0,679.0,607.0
5,1764042108.374451,758.8459162712097,642.0,669.0,595.0
5,1764042108.40523,763.6025815010071,642.0,669.0,597.0
5,1764042108.4361537,768.4711842536926,642.0,660.0,610.0
5,1764042108.4599428,770.9027318954468,642.0,656.0,615.0
5,1764042108.4960165,775.7050304412842,642.0,650.0,611.0
5,1764042108.5320785,782.8208236694336,642.0,645.0,610.0
5,1764042108.5703845,787.6872091293335,642.0,656.0,615.0
5,1764042108.5949242,792.4226670265198,642.0,670.0,601.0
5,1764042108.6302261,797.3576812744141,642.0,714.0,588.0
5,1764042108.6600442,802.1380572319031,642.0,690.0,577.0
5,1764042108.7048616,809.391179561615,642.0,688.0,579.0
5,1764042108.7345483,811.7123990058899,642.0,682.0,578.0
5,1764042108.7593927,816.44975233078,642.0,680.0,577.0
5,1764042108.799538,821.2364225387573,642.0,687.0,575.0
5,1764042108.8294034,826.0282783508301,642.0,694.0,586.0
5,1764042108.8696918,833.2847981452942,642.0,698.0,583.0
5,1764042108.909443,838.0861310958862,642.0,699.0,575.0
5,1764042108.944449,845.3292756080627,642.0,705.0,557.0
5,1764042108.969411,847.6526050567627,642.0,735.0,557.0
5,1764042108.9954026,852.5102643966675,642.0,755.0,585.0
5,1764042109.030252,857.3410658836365,642.0,749.0,586.0
5,1764042109.0700579,862.0053558349609,642.0,747.0,571.0
5,1764042109.109083,869.2491083145142,642.0,750.0,547.0
5,1764042109.134951,871.8099384307861,642.0,747.0,555.0
5,1764042109.1728005,878.8340001106262,642.0,760.0,570.0
5,1764042109.1993797,881.2196640968323,642.0,777.0,586.0
5,1764042109.2406752,888.4112029075623,642.0,785.0,594.0
5,1764042109.2706516,893.3014421463013,642.0,773.0,587.0
5,1764042109.300144,898.0209498405457,642.0,763.0,586.0
5,1764042109.3476434,905.265453338623,642.0,771.0,595.0
5,1764042109.3803787,910.0148229598999,642.0,788.0,596.0
5,1764042109.4109905,914.8406176567078,642.0,796.0,583.0
5,1764042109.441053,917.3876791000366,642.0,802.0,574.0
5,1764042109.4646268,922.0208554267883,642.0,815.0,561.0
5,1764042109.5005717,926.8331317901611,642.0,820.0,564.0
5,1764042109.5411108,934.1366438865662,642.0,825.0,566.0
5,1764042109.5754933,938.9310746192932,642.0,826.0,568.0
5,1764042109.601704,941.2031202316284,642.0,829.0,558.0
5,1764042109.63003,946.1518316268921,642.0,829.0,552.0
5,1764042109.6795313,953.349771976471,642.0,828.0,537.0
5,1764042109.7051163,958.0078749656677,642.0,836.0,547.0
5,1764042109.7326035,962.9128842353821,642.0,846.0,562.0
5,1764042109.779553,970.1104669570923,642.0,859.0,573.0
5,1764042109.8145263,974.8522191047668,642.0,865.0,569.0
5,1764042109.840224,977.3654489517212,642.0,886.0,563.0
5,1764042109.8698707,982.0611386299133,642.0,897.0,574.0
5,1764042109.900413,986.8974118232727,642.0,900.0,575.0
5,1764042109.9501774,994.1105871200562,642.0,895.0,568.0
5,1764042109.9802504,998.8861708641052,642.0,898.0,567.0
5,1764042110.0058165,1003.7082104682922,642.0,902.0,581.0
5,1764042110.0367815,1008.5450558662415,642.0,907.0,595.0
5,1764042110.0747387,1013.3897333145142,642.0,905.0,597.0
5,1764042110.1110523,1018.0564551353455,642.0,918.0,597.0
5,1764042110.1476402,1025.316551208496,642.0,940.0,598.0
5,1764042110.1853435,1030.113699913025,642.0,939.0,597.0
5,1764042110.204744,1032.4716119766235,642.0,927.0,604.0
5,1764042110.2403169,1037.39861536026,642.0,950.0,607.0
5,1764042110.269792,1042.0600800514221,642.0,967.0,595.0
5,1764042110.3084147,1049.27765417099,642.0,969.0,586.0
5,1764042110.3450165,1054.0926485061646,642.0,979.0,589.0
5,1764042110.3802998,1059.0947179794312,642.0,994.0,600.0
5,1764042110.414414,1063.693347454071,642.0,992.0,606.0
5,1764042110.4367163,1068.4631733894348,642.0,985.0,615.0
5,1764042110.4800937,1073.2996253967285,642.0,992.0,626.0
5,1764042110.5152261,1080.4111986160278,642.0,994.0,636.0
5,1764042110.5350373,1082.8861265182495,642.0,979.0,631.0
5,1764042110.57986,1090.019121646881,642.0,978.0,624.0
5,1764042110.605063,1092.5327806472778,642.0,992.0,621.0
5,1764042110.6549351,1099.6530084609985,642.0,1002.0,610.0
5,1764042110.6952748,1106.9558053016663,642.0,1001.0,604.0
5,1764042110.7161915,1109.3377141952515,642.0,1039.0,603.0
5,1764042110.7498467,1114.034369468689,642.0,1050.0,616.0
5,1764042110.7917845,1121.7591314315796,642.0,1043.0,611.0
5,1764042110.8101919,1123.616328716278,642.0,1044.0,620.0
5,1764042110.839842,1128.541865825653,642.0,1051.0,615.0
5,1764042110.874842,1133.2228569984436,642.0,1061.0,604.0
5,1764042110.9158545,1140.5126719474792,642.0,1069.0,600.0
5,1764042110.9495006,1145.2414422035217,642.0,1070.0,589.0
5,1764042110.9698777,1147.6406960487366,642.0,1071.0,576.0
5,1764042111.0151196,1154.92232131958,642.0,1083.0,586.0
5,1764042111.050716,1159.7211508750916,642.0,1094.0,605.0
5,1764042111.0911853,1166.8546466827393,642.0,1100.0,605.0
5,1764042111.120952,1169.348958015442,642.0,1109.0,595.0
5,1764042111.1447213,1174.0207223892212,642.0,1106.0,578.0
5,1764042111.1747909,1178.8772015571594,642.0,1102.0,564.0
5,1764042111.2144434,1183.7116508483887,642.0,1096.0,557.0
5,1764042111.260494,1190.8198623657227,642.0,1081.0,564.0
5,1764042111.2906153,1195.6292061805725,642.0,1101.0,562.0
5,1764042111.3251636,1200.5704789161682,642.0,1120.0,564.0
5,1764042111.3552084,1205.2678136825562,642.0,1122.0,572.0
5,1764042111.3847716,1210.0363521575928,642.0,1116.0,576.0
5,1764042111.428836,1217.2020344734192,642.0,1113.0,566.0
5,1764042111.4599512,1222.044315814972,642.0,1118.0,563.0
5,1764042111.4996917,1226.8868474960327,642.0,1125.0,561.0
5,1764042111.5302095,1231.660500049591,642.0,1131.0,563.0
5,1764042111.5553508,1236.451533317566,642.0,1156.0,578.0
5,1764042111.5904472,1241.3451700210571,642.0,1149.0,585.0
5,1764042111.6303568,1246.1010127067566,642.0,1144.0,587.0
5,1764042111.6596622,1250.9662895202637,642.0,1150.0,582.0
5,1764042111.7068746,1258.0461053848267,642.0,1143.0,585.0
5,1764042111.7398524,1262.9037289619446,642.0,1146.0,590.0
5,1764042111.7597365,1265.3046278953552,642.0,1157.0,586.0
5,1764042111.7895877,1270.000424861908,642.0,1163.0,581.0
5,1764042111.8151245,1274.8704581260681,642.0,1176.0,580.0
5,1764042111.845426,1279.684808731079,642.0,1178.0,580.0
5,1764042111.891128,1286.8542461395264,642.0,1177.0,582.0
5,1764042111.930058,1291.6354088783264,642.0,1173.0,580.0
5,1764042111.9712305,1299.3465094566345,642.0,1188.0,585.0
5,1764042112.0066826,1303.6754517555237,642.0,1165.0,602.0
5,1764042112.030257,1306.0762076377869,642.0,1169.0,600.0
5,1764042112.0552042,1310.8463912010193,642.0,1163.0,598.0
5,1764042112.0844312,1315.6413226127625,642.0,1170.0,588.0
5,1764042112.1158779,1320.579197883606,642.0,1166.0,577.0
5,1764042112.1501215,1325.239589691162,642.0,1175.0,580.0
5,1764042112.1847687,1330.0592331886292,642.0,1185.0,586.0
5,1764042112.2268963,1337.2140078544617,642.0,1202.0,599.0
5,1764042112.2652874,1342.1377568244934,642.0,1223.0,601.0
5,1764042112.2847872,1344.440737247467,642.0,1247.0,593.0
5,1764042112.3208263,1349.2558031082153,642.0,1251.0,597.0
5,1764042112.3569665,1356.5165071487427,642.0,1239.0,590.0
5,1764042112.3796065,1358.9437274932861,642.0,1233.0,588.0
5,1764042112.42465,1366.0048751831055,642.0,1218.0,583.0
5,1764042112.4533138,1370.9530143737793,642.0,1218.0,589.0
5,1764042112.489827,1375.7514863014221,642.0,1244.0,603.0
5,1764042112.520294,1380.53586769104,642.0,1278.0,592.0
5,1764042112.5496745,1385.2944283485413,642.0,1275.0,592.0
5,1764042112.5900466,1390.0869994163513,642.0,1261.0,594.0
5,1764042112.620151,1394.9079303741455,642.0,1255.0,600.0
5,1764042112.6500208,1399.705937385559,642.0,1262.0,593.0
5,1764042112.6896327,1406.9496898651123,642.0,1279.0,591.0
5,1764042112.7248294,1411.7207674980164,642.0,1287.0,592.0
5,1764042112.7562034,1416.4837985038757,642.0,1286.0,605.0
5,1764042112.7896826,1421.3202147483826,642.0,1253.0,614.0
5,1764042112.8155808,1423.606780052185,642.0,1266.0,623.0
5,1764042112.8747206,1433.2329778671265,642.0,1268.0,641.0
5,1764042112.9009192,1438.039246082306,642.0,1270.0,645.0
5,1764042112.924926,1440.4906420707703,642.0,1278.0,646.0
5,1764042112.9599144,1445.2560691833496,642.0,1300.0,638.0
5,1764042112.984408,1450.0736384391785,642.0,1321.0,642.0
5,1764042113.01439,1454.9952416419983,642.0,1328.0,646.0
5,1764042113.0558858,1459.605315208435,642.0,1375.0,651.0
5,1764042113.0854275,1464.5288853645325,642.0,1370.0,639.0
5,1764042113.125373,1471.7918782234192,642.0,1362.0,636.0
5,1764042113.1569006,1476.5612750053406,642.0,1364.0,635.0
5,1764042113.1895683,1481.2655477523804,642.0,1376.0,639.0
5,1764042113.220386,1486.0834031105042,642.0,1381.0,640.0
5,1764042113.2553155,1490.9406690597534,642.0,1396.0,642.0
5,1764042113.284875,1495.7331328392029,642.0,1399.0,641.0
5,1764042113.3203433,1500.4398374557495,642.0,1398.0,649.0
5,1764042113.349791,1505.2093772888184,642.0,1401.0,662.0
5,1764042113.3955789,1512.5451831817627,642.0,1404.0,663.0
5,1764042113.4195845,1514.907136440277,642.0,1415.0,652.0
5,1764042113.46127,1522.1042184829712,642.0,1418.0,652.0
5,1764042113.5097764,1529.3168215751648,642.0,1412.0,657.0
5,1764042113.5301335,1531.6103963851929,642.0,1421.0,681.0
5,1764042113.56506,1536.560574054718,642.0,1432.0,681.0
5,1764042113.6044424,1543.6700372695923,642.0,1437.0,679.0
5,1764042113.6297076,1546.158519268036,642.0,1443.0,672.0
5,1764042113.6523027,1550.8974103927612,642.0,1438.0,676.0
5,1764042113.6900127,1555.6726365089417,642.0,1443.0,687.0
5,1764042113.7196467,1560.4715733528137,642.0,1445.0,679.0
5,1764042113.7702398,1567.609146118164,642.0,1458.0,667.0
5,1764042113.807324,1572.5630073547363,642.0,1447.0,668.0
5,1764042113.8399956,1577.219036102295,642.0,1464.0,677.0
5,1764042113.8768873,1584.5099954605103,642.0,1463.0,666.0
5,1764042113.9046528,1589.3598585128784,642.0,1445.0,655.0
5,1764042113.9405723,1594.1110877990723,642.0,1441.0,661.0
5,1764042113.9649298,1596.4168219566345,642.0,1488.0,674.0
5,1764042113.9954267,1601.3425736427307,642.0,1495.0,676.0
5,1764042114.0450718,1608.4636597633362,642.0,1505.0,676.0
5,1764042114.0696757,1613.2636337280273,642.0,1524.0,661.0
5,1764042114.0944808,1615.7213597297668,642.0,1525.0,649.0
5,1764042114.1249857,1620.4006700515747,642.0,1522.0,647.0
5,1764042114.1555367,1625.2006797790527,642.0,1528.0,649.0
5,1764042114.1960027,1632.586660861969,642.0,1530.0,656.0
5,1764042114.2278438,1637.2273831367493,642.0,1529.0,665.0
5,1764042114.260141,1642.0719532966614,642.0,1528.0,680.0
5,1764042114.3001726,1646.873929977417,642.0,1538.0,686.0
5,1764042114.3295157,1651.746645450592,642.0,1551.0,685.0
5,1764042114.3600426,1656.474736213684,642.0,1555.0,673.0
5,1764042114.3902974,1661.230185508728,642.0,1552.0,656.0
5,1764042114.4251714,1666.1349086761475,642.0,1545.0,655.0
5,1764042114.4763799,1673.2541708946228,642.0,1547.0,655.0
5,1764042114.499921,1678.0030755996704,642.0,1571.0,668.0
5,1764042114.5248528,1680.4067640304565,642.0,1588.0,681.0
5,1764042114.5599716,1685.3098421096802,642.0,1593.0,684.0
5,1764042114.5968711,1692.5797371864319,642.0,1605.0,683.0
5,1764042114.6346316,1697.2161679267883,642.0,1612.0,679.0
5,1764042114.6649938,1702.0270495414734,642.0,1628.0,682.0
5,1764042114.6946054,1706.97207736969,642.0,1626.0,694.0
5,1764042114.7252903,1711.7898969650269,642.0,1612.0,694.0
5,1764042114.7651148,1716.475251197815,642.0,1606.0,694.0
5,1764042114.8093762,1723.7756876945496,642.0,1614.0,693.0
6,1764042114.840439,1726.0588912963867,642.0,1613.0,697.0
6,1764042114.8648887,1726.0588912963867,642.0,1607.0,694.0
6,1764042114.9005034,1726.0588912963867,642.0,1600.0,692.0
6,1764042114.9300883,1726.0588912963867,642.0,1602.0,694.0
6,1764042114.960577,1726.0588912963867,642.0,1598.0,707.0
6,1764042114.999425,1726.0588912963867,642.0,1600.0,703.0
6,1764042115.0303667,1726.0588912963867,642.0,1595.0,707.0
6,1764042115.0594592,1726.0588912963867,642.0,1596.0,697.0
6,1764042115.099856,1726.0588912963867,642.0,1596.0,689.0
6,1764042115.1350634,1726.0588912963867,642.0,1585.0,680.0
6,1764042115.1698256,1726.0588912963867,642.0,1573.0,690.0
6,1764042115.2050245,1726.0588912963867,642.0,1592.0,707.0
6,1764042115.2450697,1726.0588912963867,642.0,1607.0,721.0
6,1764042115.2753417,1726.0588912963867,642.0,1613.0,727.0
6,1764042115.309374,1726.0588912963867,642.0,1605.0,730.0
6,1764042115.3445702,180.49406099319458,735.0,1411.0,715.0
6,1764042115.3806536,185.34721422195435,735.0,1688.0,928.0
6,1764042115.4204206,192.46601152420044,735.0,315.0,754.0
6,1764042115.450226,197.22664642333984,735.0,243.0,745.0
6,1764042115.4749029,199.65722846984863,735.0,254.0,704.0
6,1764042115.4966311,204.4402151107788,735.0,254.0,660.0
6,1764042115.5345776,209.2250256538391,735.0,233.0,654.0
6,1764042115.564873,214.09670400619507,735.0,199.0,647.0
6,1764042115.605064,221.3279037475586,735.0,185.0,647.0
6,1764042115.6410198,226.57022762298584,735.0,186.0,646.0
6,1764042115.6757696,230.9418706893921,735.0,187.0,649.0
6,1764042115.7093952,235.6809048652649,735.0,203.0,630.0
6,1764042115.7365355,240.41564750671387,735.0,215.0,635.0
6,1764042115.7756555,245.2208070755005,735.0,218.0,648.0
6,1764042115.810372,250.11447954177856,735.0,235.0,648.0
6,1764042115.8396735,254.86796188354492,735.0,230.0,642.0
6,1764042115.8700745,259.61836862564087,735.0,261.0,645.0
6,1764042115.9000404,264.40453815460205,735.0,268.0,652.0
6,1764042115.9400833,269.21938943862915,735.0,280.0,657.0
6,1764042115.975037,276.823881149292,735.0,279.0,666.0
6,1764042116.0091312,281.9379954338074,735.0,266.0,659.0
6,1764042116.0504808,286.0360531806946,735.0,266.0,659.0
6,1764042116.074931,290.80072927474976,735.0,276.0,631.0
6,1764042116.1089666,295.751407623291,735.0,302.0,613.0
6,1764042116.1427946,300.44462966918945,735.0,319.0,606.0
6,1764042116.1700842,305.3179531097412,735.0,314.0,633.0
6,1764042116.2001321,310.0665717124939,735.0,310.0,653.0
6,1764042116.240105,314.91511154174805,735.0,328.0,661.0
6,1764042116.2700782,319.6034698486328,735.0,333.0,631.0
6,1764042116.300712,324.51176929473877,735.0,337.0,611.0
6,1764042116.335288,329.29847526550293,735.0,329.0,615.0
6,1764042116.375854,336.48536491394043,735.0,323.0,627.0
6,1764042116.4102428,341.20533752441406,735.0,334.0,644.0
6,1764042116.440491,346.0236577987671,735.0,360.0,675.0
6,1764042116.4800808,350.906494140625,735.0,350.0,667.0
6,1764042116.5084722,355.69033908843994,735.0,344.0,655.0
6,1764042116.5449436,360.5389504432678,735.0,361.0,638.0
6,1764042116.5699506,365.33309507369995,735.0,390.0,626.0
6,1764042116.6051679,370.112934589386,735.0,398.0,624.0
6,1764042116.6352823,375.01257944107056,735.0,392.0,629.0
6,1764042116.6813898,382.0829539299011,735.0,387.0,650.0
6,1764042116.7045116,384.4197301864624,735.0,410.0,656.0
6,1764042116.7397332,389.2198829650879,735.0,400.0,666.0
6,1764042116.777286,396.4992551803589,735.0,401.0,660.0
6,1764042116.8096461,401.2190132141113,735.0,390.0,661.0
6,1764042116.8427224,406.06501388549805,735.0,383.0,653.0
6,1764042116.8802154,410.9389810562134,735.0,389.0,645.0
6,1764042116.9104671,415.6481533050537,735.0,407.0,638.0
6,1764042116.945208,420.51078367233276,735.0,418.0,633.0
6,1764042116.9744854,425.29394912719727,735.0,411.0,614.0
6,1764042117.0053184,430.0925998687744,735.0,407.0,618.0
6,1764042117.040458,434.92068338394165,735.0,409.0,627.0
6,1764042117.0752716,439.6749882698059,735.0,415.0,642.0
6,1764042117.1121418,446.91942024230957,735.0,411.0,635.0
6,1764042117.1399674,449.32049798965454,735.0,409.0,645.0
6,1764042117.1764798,456.56982946395874,735.0,425.0,651.0
6,1764042117.2096975,461.3232045173645,735.0,440.0,660.0
6,1764042117.2495964,466.0229711532593,735.0,455.0,647.0
6,1764042117.2860143,473.47046422958374,735.0,464.0,647.0
6,1764042117.3155656,475.6929783821106,735.0,471.0,657.0
6,1764042117.359576,482.94656562805176,735.0,477.0,652.0
6,1764042117.390582,487.633207321167,735.0,488.0,644.0
6,1764042117.4158475,492.46990966796875,735.0,488.0,635.0
6,1764042117.450613,497.2382335662842,735.0,484.0,628.0
6,1764042117.4901998,502.1443157196045,735.0,477.0,625.0
6,1764042117.51974,506.8846731185913,735.0,471.0,620.0
6,1764042117.5452695,511.65052938461304,735.0,473.0,657.0
6,1764042117.5804086,516.4312629699707,735.0,500.0,660.0
6,1764042117.6152518,521.3850169181824,735.0,488.0,670.0
6,1764042117.649527,526.0549931526184,735.0,484.0,665.0
6,1764042117.6752608,530.8681635856628,735.0,477.0,660.0
6,1764042117.709461,535.609236240387,735.0,480.0,645.0
6,1764042117.7507982,542.8064255714417,735.0,484.0,651.0
6,1764042117.7750256,545.2036409378052,735.0,488.0,656.0
6,1764042117.80975,550.0605850219727,735.0,502.0,638.0
6,1764042117.845209,557.3496489524841,735.0,510.0,619.0
6,1764042117.8808928,562.1038465499878,735.0,507.0,600.0
6,1764042117.915371,566.9588952064514,735.0,504.0,614.0
6,1764042117.954568,571.7773942947388,735.0,508.0,631.0
6,1764042117.9956608,578.8958339691162,735.0,538.0,637.0
6,1764042118.0283117,583.6818246841431,735.0,550.0,629.0
6,1764042118.0498862,586.1726312637329,735.0,549.0,619.0
6,1764042118.0799391,590.9285454750061,735.0,549.0,613.0
6,1764042118.1147172,595.6463723182678,735.0,553.0,624.0
6,1764042118.154817,602.8785376548767,735.0,563.0,634.0
6,1764042118.1802173,605.2533655166626,735.0,567.0,633.0
6,1764042118.2158673,612.4748020172119,735.0,561.0,617.0
6,1764042118.2445433,617.2498135566711,735.0,558.0,613.0
6,1764042118.289865,622.0977096557617,735.0,561.0,616.0
6,1764042118.325843,629.4447808265686,735.0,560.0,607.0
6,1764042118.3503282,631.7830948829651,735.0,557.0,599.0
6,1764042118.3946505,638.9148383140564,735.0,559.0,609.0
6,1764042118.4282637,643.7316207885742,735.0,564.0,623.0
6,1764042118.4503744,646.0909991264343,735.0,572.0,647.0
6,1764042118.492159,653.2383351325989,735.0,576.0,642.0
6,1764042118.524864,658.0755023956299,735.0,588.0,643.0
6,1764042118.5536535,662.923505783081,735.0,596.0,647.0
6,1764042118.5802867,665.2661471366882,735.0,605.0,634.0
6,1764042118.6170375,672.4663047790527,735.0,603.0,624.0
6,1764042118.6551843,677.2578387260437,735.0,595.0,624.0
6,1764042118.6992936,684.6808700561523,735.0,584.0,634.0
6,1764042118.7266157,689.5606665611267,735.0,582.0,649.0
6,1764042118.7548542,691.7160539627075,735.0,602.0,638.0
6,1764042118.7956662,698.958948135376,735.0,619.0,626.0
6,1764042118.8253224,703.6613969802856,735.0,622.0,617.0
6,1764042118.8503368,706.1566023826599,735.0,628.0,624.0
6,1764042118.8915544,713.2857708930969,735.0,633.0,626.0
6,1764042118.9252446,718.0520920753479,735.0,642.0,636.0
6,1764042118.9603417,722.8259234428406,735.0,622.0,660.0
6,1764042118.9900334,727.6033668518066,735.0,607.0,660.0
6,1764042119.024478,732.5500040054321,735.0,615.0,655.0
6,1764042119.0502853,737.3076705932617,735.0,642.0,648.0
6,1764042119.0849874,742.1700863838196,735.0,652.0,639.0
6,1764042119.1199338,746.8504695892334,735.0,656.0,642.0
6,1764042119.1547217,751.711884021759,735.0,650.0,662.0
6,1764042119.185291,756.405749797821,735.0,642.0,664.0
6,1764042119.2146509,761.307683467865,735.0,646.0,677.0
6,1764042119.259682,768.4621362686157,735.0,659.0,667.0
6,1764042119.2849164,773.3057765960693,735.0,668.0,653.0
6,1764042119.3151972,775.7092146873474,735.0,663.0,655.0
6,1764042119.3600104,782.8841238021851,735.0,659.0,661.0
6,1764042119.3803144,785.2028398513794,735.0,652.0,661.0
6,1764042119.4280112,792.4352912902832,735.0,663.0,656.0
6,1764042119.4602716,797.2389488220215,735.0,679.0,668.0
6,1764042119.4898968,802.1334438323975,735.0,701.0,671.0
6,1764042119.528563,809.8527698516846,735.0,693.0,682.0
6,1764042119.5613434,814.0574007034302,735.0,702.0,687.0
6,1764042119.59981,818.9059405326843,735.0,708.0,697.0
6,1764042119.6202042,821.349289894104,735.0,705.0,689.0
6,1764042119.6595845,828.5287051200867,735.0,702.0,687.0
6,1764042119.6997883,833.2466034889221,735.0,710.0,686.0
6,1764042119.7197056,838.0233674049377,735.0,717.0,688.0
6,1764042119.7623165,842.9431109428406,735.0,720.0,693.0
6,1764042119.7902544,847.7090744972229,735.0,724.0,692.0
6,1764042119.8197062,852.467670917511,735.0,744.0,684.0
6,1764042119.85027,857.3237209320068,735.0,752.0,677.0
6,1764042119.8950384,864.8240714073181,735.0,744.0,675.0
6,1764042119.9243748,869.2245392799377,735.0,749.0,656.0
6,1764042119.96163,874.0891366004944,735.0,762.0,644.0
6,1764042119.9955897,878.8484840393066,735.0,765.0,661.0
6,1764042120.0271115,883.674421787262,735.0,763.0,674.0
6,1764042120.0794177,890.8661036491394,735.0,760.0,674.0
6,1764042120.109408,895.6581740379333,735.0,769.0,680.0
6,1764042120.1371858,900.5323557853699,735.0,782.0,693.0
6,1764042120.160341,902.8753905296326,735.0,782.0,690.0
6,1764042120.189462,907.7285437583923,735.0,785.0,692.0
6,1764042120.2274761,912.4851732254028,735.0,779.0,688.0
6,1764042120.2600977,917.2340421676636,735.0,790.0,687.0
6,1764042120.2854633,922.1440939903259,735.0,796.0,690.0
6,1764042120.3282616,929.2005567550659,735.0,804.0,691.0
6,1764042120.3648944,934.1431169509888,735.0,806.0,689.0
6,1764042120.413118,941.3401274681091,735.0,801.0,689.0
6,1764042120.4448268,946.0985808372498,735.0,799.0,670.0
6,1764042120.4721518,950.919762134552,735.0,809.0,656.0
6,1764042120.4946926,953.3093600273132,735.0,814.0,663.0
6,1764042120.528735,958.016815662384,735.0,818.0,666.0
6,1764042120.559802,962.8235130310059,735.0,815.0,672.0
6,1764042120.6006129,970.0058965682983,735.0,820.0,660.0
6,1764042120.6253748,972.4218158721924,735.0,828.0,639.0
6,1764042120.6594312,977.2709994316101,735.0,843.0,635.0
6,1764042120.6949623,984.4622163772583,735.0,854.0,652.0
6,1764042120.724873,989.2992763519287,735.0,856.0,657.0
6,1764042120.7702231,994.0977840423584,735.0,867.0,654.0
6,1764042120.8151937,1001.3112096786499,735.0,895.0,657.0
6,1764042120.8561091,1008.5187344551086,735.0,903.0,656.0
6,1764042120.8946912,1013.2174282073975,735.0,905.0,661.0
6,1764042120.929496,1018.0352478027344,735.0,922.0,676.0
6,1764042120.9519007,1022.8763489723206,735.0,930.0,674.0
6,1764042120.9796312,1025.2291469573975,735.0,931.0,667.0
6,1764042121.0052946,1030.1511435508728,735.0,935.0,661.0
6,1764042121.033046,1034.8958640098572,735.0,935.0,665.0
6,1764042121.065283,1039.7135405540466,735.0,923.0,675.0
6,1764042121.0971308,1044.5196299552917,735.0,932.0,679.0
6,1764042121.1303818,1049.3314414024353,735.0,965.0,665.0
6,1764042121.1652741,1054.0893940925598,735.0,967.0,654.0
6,1764042121.2096398,1061.3714842796326,735.0,968.0,667.0
6,1764042121.2294846,1063.737693309784,735.0,972.0,676.0
6,1764042121.259715,1068.4453992843628,735.0,976.0,672.0
6,1764042121.2999096,1073.2646136283875,735.0,969.0,665.0
6,1764042121.3252177,1078.091052055359,735.0,965.0,672.0
6,1764042121.3650692,1085.3286890983582,735.0,966.0,680.0
6,1764042121.4050121,1090.0136499404907,735.0,986.0,674.0
6,1764042121.4399056,1094.8201327323914,735.0,1055.0,688.0
6,1764042121.4654536,1099.6431021690369,735.0,1060.0,659.0
6,1764042121.50067,1104.7908692359924,735.0,1056.0,664.0
6,1764042121.5298347,1109.2177658081055,735.0,1041.0,668.0
6,1764042121.5701947,1114.128032207489,735.0,1029.0,685.0
6,1764042121.6084824,1121.206524848938,735.0,1034.0,720.0
6,1764042121.6300616,1123.7292675971985,735.0,1052.0,740.0
6,1764042121.684629,1133.2626609802246,735.0,1069.0,729.0
6,1764042121.7145057,1135.6341271400452,735.0,1071.0,696.0
6,1764042121.74442,1140.5161409378052,735.0,1068.0,686.0
6,1764042121.765095,1145.3325657844543,735.0,1069.0,683.0
6,1764042121.795435,1147.6220993995667,735.0,1068.0,689.0
6,1764042121.8451118,1157.33509349823,735.0,1074.0,683.0
6,1764042121.8811877,1162.1252326965332,735.0,1073.0,689.0
6,1764042121.904791,1164.569905281067,735.0,1075.0,688.0
6,1764042121.9314566,1169.2986755371094,735.0,1091.0,687.0
6,1764042121.9697456,1174.1451768875122,735.0,1102.0,674.0
6,1764042121.999973,1178.8336782455444,735.0,1097.0,662.0
6,1764042122.0404997,1186.0448150634766,735.0,1114.0,658.0
6,1764042122.0748255,1190.9178524017334,735.0,1113.0,654.0
6,1764042122.099918,1193.2645707130432,735.0,1103.0,659.0
6,1764042122.139077,1200.4313259124756,735.0,1107.0,663.0
6,1764042122.1647704,1205.2838711738586,735.0,1123.0,660.0
6,1764042122.2051811,1210.1394562721252,735.0,1137.0,665.0
6,1764042122.239793,1214.9231224060059,735.0,1137.0,680.0
6,1764042122.2756174,1219.633403301239,735.0,1134.0,684.0
6,1764042122.3053758,1224.4064478874207,735.0,1147.0,687.0
6,1764042122.3400223,1229.2439012527466,735.0,1151.0,676.0
6,1764042122.3700304,1234.1120748519897,735.0,1160.0,662.0
6,1764042122.4046474,1241.2654190063477,735.0,1166.0,660.0
6,1764042122.4444957,1246.1458950042725,735.0,1164.0,658.0
6,1764042122.4717236,1250.8561758995056,735.0,1153.0,654.0
6,1764042122.500466,1253.2437353134155,735.0,1152.0,658.0
6,1764042122.540059,1260.4702858924866,735.0,1167.0,657.0
6,1764042122.5702262,1265.345540523529,735.0,1191.0,662.0
6,1764042122.6014597,1270.1303868293762,735.0,1205.0,669.0
6,1764042122.6352673,1274.9718098640442,735.0,1221.0,673.0
6,1764042122.6647527,1279.6033053398132,735.0,1226.0,689.0
6,1764042122.7144117,1286.9056015014648,735.0,1220.0,706.0
6,1764042122.7399614,1289.3040328025818,735.0,1216.0,710.0
6,1764042122.7696874,1294.0792231559753,735.0,1212.0,713.0
6,1764042122.809818,1301.2097506523132,735.0,1239.0,724.0
6,1764042122.834717,1303.731098651886,735.0,1254.0,716.0
6,1764042122.8726025,1310.8038334846497,735.0,1234.0,712.0
6,1764042122.9151738,1315.6728653907776,735.0,1214.0,703.0
6,1764042122.960417,1322.8607563972473,735.0,1224.0,707.0
6,1764042122.9844797,1327.6998190879822,735.0,1234.0,688.0
6,1764042123.009964,1330.0856261253357,735.0,1208.0,678.0
6,1764042123.0465212,1337.3956470489502,735.0,1193.0,687.0
6,1764042123.0822165,1342.0419125556946,735.0,1210.0,692.0
6,1764042123.1244836,1349.2408542633057,735.0,1228.0,698.0
6,1764042123.149983,1351.6721515655518,735.0,1228.0,700.0
6,1764042123.185078,1356.4662246704102,735.0,1219.0,706.0
6,1764042123.2253544,1363.620355606079,735.0,1217.0,716.0
6,1764042123.2575355,1368.436029434204,735.0,1215.0,727.0
6,1764042123.2989373,1373.261573791504,735.0,1211.0,722.0
6,1764042123.336737,1380.4334073066711,735.0,1221.0,719.0
6,1764042123.369612,1385.26957321167,735.0,1232.0,719.0
6,1764042123.409955,1390.1792316436768,735.0,1231.0,724.0
6,1764042123.4347737,1394.800320148468,735.0,1228.0,724.0
6,1764042123.4598374,1397.3335056304932,735.0,1226.0,723.0
6,1764042123.484423,1402.143099784851,735.0,1227.0,731.0
6,1764042123.5146856,1406.8703680038452,735.0,1241.0,733.0
6,1764042123.54665,1411.668339252472,735.0,1261.0,723.0
6,1764042123.5802648,1416.5095119476318,735.0,1276.0,731.0
6,1764042123.6291504,1423.604133605957,735.0,1299.0,753.0
6,1764042123.6654434,1428.5236268043518,735.0,1299.0,780.0
6,1764042123.6947412,1433.2952766418457,735.0,1303.0,780.0
6,1764042123.7211375,1438.0364923477173,735.0,1319.0,775.0
6,1764042123.7397702,1440.4548077583313,735.0,1320.0,778.0
6,1764042123.7797887,1445.2821044921875,735.0,1332.0,779.0
6,1764042123.81028,1450.0869421958923,735.0,1335.0,783.0
6,1764042123.8401341,1454.8410325050354,735.0,1327.0,788.0
6,1764042123.8823917,1462.149158000946,735.0,1334.0,782.0
6,1764042123.9142733,1466.8566493988037,735.0,1363.0,761.0
6,1764042123.9496255,1471.7258958816528,735.0,1383.0,752.0
6,1764042123.9943898,1478.8055329322815,735.0,1394.0,768.0
6,1764042124.0360837,1483.6281805038452,735.0,1374.0,788.0
6,1764042124.0753882,1490.8677487373352,735.0,1364.0,788.0
6,1764042124.1098235,1495.6149368286133,735.0,1389.0,795.0
6,1764042124.159652,1502.800717830658,735.0,1418.0,795.0
6,1764042124.1956782,1507.642105102539,735.0,1437.0,763.0
6,1764042124.233528,1514.9224429130554,735.0,1445.0,755.0
6,1764042124.267857,1519.6162729263306,735.0,1440.0,763.0
6,1764042124.2855413,1522.1187739372253,735.0,1446.0,745.0
6,1764042124.3144906,1526.9606261253357,735.0,1473.0,738.0
6,1764042124.3471923,1531.6588907241821,735.0,1491.0,751.0
6,1764042124.380394,1536.4208488464355,735.0,1496.0,764.0
6,1764042124.4144442,1541.219928741455,735.0,1484.0,748.0
6,1764042124.4505482,1546.1118488311768,735.0,1488.0,728.0
6,1764042124.4848373,1553.2939105033875,735.0,1495.0,717.0
6,1764042124.5150506,1555.7036786079407,735.0,1510.0,729.0
6,1764042124.55214,1562.8823428153992,735.0,1517.0,736.0
6,1764042124.5806248,1565.3505473136902,735.0,1525.0,747.0
6,1764042124.6171126,1572.5045709609985,735.0,1524.0,763.0
6,1764042124.6451716,1577.3440628051758,735.0,1515.0,771.0
6,1764042124.6833882,1582.0655732154846,735.0,1475.0,766.0
6,1764042124.7282667,1589.2094044685364,735.0,1477.0,762.0
6,1764042124.7611887,1594.1357641220093,735.0,1484.0,758.0
6,1764042124.7853484,1596.4117078781128,735.0,1486.0,755.0
6,1764042124.8100157,1601.3770489692688,735.0,1481.0,765.0
6,1764042124.8499384,1606.0062198638916,735.0,1461.0,765.0
6,1764042124.8803542,1610.9225301742554,735.0,1476.0,762.0
6,1764042124.9147787,1615.6819849014282,735.0,1512.0,770.0
6,1764042124.9547231,1622.927954673767,735.0,1519.0,764.0
6,1764042124.9800873,1625.3249197006226,735.0,1518.0,775.0
6,1764042125.0225706,1633.108618736267,735.0,1536.0,776.0
6,1764042125.0550554,1637.342360496521,735.0,1543.0,781.0
6,1764042125.0899103,1642.0866160392761,735.0,1543.0,776.0
6,1764042125.1148133,1646.9268589019775,735.0,1527.0,770.0
6,1764042125.161081,1654.153802871704,735.0,1516.0,777.0
6,1764042125.1946876,1658.9155106544495,735.0,1527.0,766.0
6,1764042125.2201898,1661.2217454910278,735.0,1538.0,759.0
6,1764042125.2453964,1666.0370259284973,735.0,1542.0,762.0
6,1764042125.289908,1673.3672170639038,735.0,1565.0,765.0
6,1764042125.3217604,1678.1252055168152,735.0,1587.0,749.0
6,1764042125.3599498,1682.845142364502,735.0,1620.0,737.0
6,1764042125.3900106,1687.6378564834595,735.0,1621.0,733.0
6,1764042125.4342914,1694.8886184692383,735.0,1625.0,734.0
6,1764042125.455868,1697.288408756256,735.0,1613.0,727.0
6,1764042125.4903593,1702.05344247818,735.0,1602.0,733.0
6,1764042125.517732,1706.9769411087036,735.0,1588.0,744.0
6,1764042125.5553634,1711.6889386177063,735.0,1590.0,749.0
6,1764042125.6046848,1721.2710409164429,735.0,1605.0,739.0
6,1764042125.6248717,1723.6539154052734,735.0,1616.0,753.0
7,1764042125.6602366,1726.1187224388123,735.0,1619.0,759.0
7,1764042125.6850436,1726.1187224388123,735.0,1626.0,763.0
7,1764042125.7250478,1726.1187224388123,735.0,1632.0,772.0
7,1764042125.7547991,1726.1187224388123,735.0,1639.0,786.0
7,1764042125.7844565,1726.1187224388123,735.0,1622.0,797.0
7,1764042125.8247023,1726.1187224388123,735.0,1612.0,803.0
7,1764042125.8600338,1726.1187224388123,735.0,1607.0,798.0
7,1764042125.8944108,1726.1187224388123,735.0,1602.0,794.0
7,1764042125.9196825,1726.1187224388123,735.0,1596.0,784.0
7,1764042125.9550352,1726.1187224388123,735.0,1603.0,785.0
7,1764042125.991751,1726.1187224388123,735.0,1617.0,793.0
7,1764042126.0199168,1726.1187224388123,735.0,1618.0,802.0
7,1764042126.054501,1726.1187224388123,735.0,1616.0,810.0
7,1764042126.0895066,1726.1187224388123,735.0,1616.0,813.0
7,1764042126.1197815,1726.1187224388123,735.0,1531.0,813.0
7,1764042126.160102,180.51333713531494,828.0,1145.0,729.0
7,1764042126.1902711,185.34471082687378,828.0,1686.0,1248.0
7,1764042126.2213314,190.1359944343567,828.0,1524.0,1133.0
7,1764042126.2651026,194.91969633102417,828.0,118.0,863.0
7,1764042126.3026145,202.12575483322144,828.0,793.0,506.0
7,1764042126.3253567,204.53201818466187,828.0,180.0,797.0
7,1764042126.360477,209.26733303070068,828.0,208.0,765.0
7,1764042126.4015803,216.42246532440186,828.0,232.0,762.0
7,1764042126.425554,218.82168340682983,828.0,220.0,762.0
7,1764042126.4613507,226.6424684524536,828.0,225.0,757.0
7,1764042126.4981434,230.85475254058838,828.0,223.0,755.0
7,1764042126.5337963,235.69864320755005,828.0,241.0,749.0
7,1764042126.5566132,240.45455741882324,828.0,258.0,765.0
7,1764042126.5947523,245.33274459838867,828.0,259.0,765.0
7,1764042126.6251538,250.0975637435913,828.0,259.0,736.0
7,1764042126.6553707,254.95729732513428,828.0,286.0,718.0
7,1764042126.701837,262.08124446868896,828.0,314.0,711.0
7,1764042126.740296,266.80754709243774,828.0,312.0,724.0
7,1764042126.766323,271.6138153076172,828.0,323.0,699.0
7,1764042126.8053672,276.4423637390137,828.0,316.0,688.0
7,1764042126.8398578,281.3253073692322,828.0,315.0,674.0
7,1764042126.8606784,286.0691695213318,828.0,314.0,676.0
7,1764042126.9049716,290.82325983047485,828.0,343.0,692.0
7,1764042126.9303887,295.65778064727783,828.0,356.0,730.0
7,1764042126.9573255,300.56085872650146,828.0,361.0,751.0
7,1764042126.9996595,305.32832431793213,828.0,363.0,750.0
7,1764042127.0224047,310.15386867523193,828.0,375.0,742.0
7,1764042127.0646768,314.8619680404663,828.0,371.0,748.0
7,1764042127.1015687,322.1540002822876,828.0,358.0,752.0
7,1764042127.1250257,324.5423107147217,828.0,343.0,766.0
7,1764042127.1679819,331.7136435508728,828.0,343.0,755.0
7,1764042127.2101922,338.96869707107544,828.0,354.0,751.0
7,1764042127.2331011,341.3236765861511,828.0,389.0,745.0
7,1764042127.2603402,346.00087690353394,828.0,405.0,746.0
7,1764042127.3052626,350.8251338005066,828.0,400.0,729.0
7,1764042127.334412,355.774453163147,828.0,393.0,706.0
7,1764042127.3585956,360.47987031936646,828.0,380.0,727.0
7,1764042127.4044027,367.6378993988037,828.0,380.0,746.0
7,1764042127.43945,372.4193124771118,828.0,398.0,758.0
7,1764042127.465202,374.94026708602905,828.0,418.0,769.0
7,1764042127.5021687,382.07179594039917,828.0,380.0,766.0
7,1764042127.5354826,386.82012844085693,828.0,373.0,773.0
7,1764042127.5670583,391.7175917625427,828.0,380.0,771.0
7,1764042127.6102219,398.9731459617615,828.0,401.0,763.0
7,1764042127.6348572,401.2195854187012,828.0,409.0,751.0
7,1764042127.664444,406.1330347061157,828.0,416.0,762.0
7,1764042127.699507,410.8583359718323,828.0,431.0,753.0
7,1764042127.7304823,415.6031994819641,828.0,442.0,718.0
7,1764042127.767029,420.4010634422302,828.0,448.0,718.0
7,1764042127.79988,425.33790159225464,828.0,439.0,717.0
7,1764042127.8300586,430.15193033218384,828.0,444.0,724.0
7,1764042127.864479,434.9004416465759,828.0,438.0,738.0
7,1764042127.9044912,442.1152262687683,828.0,433.0,753.0
7,1764042127.9396486,446.8407778739929,828.0,437.0,753.0
7,1764042127.9688559,451.7637758255005,828.0,443.0,742.0
7,1764042128.0054848,456.40267419815063,828.0,444.0,739.0
7,1764042128.0402994,461.30078125,828.0,454.0,749.0
7,1764042128.076709,468.4831290245056,828.0,480.0,747.0
7,1764042128.1012876,470.902410030365,828.0,519.0,743.0
7,1764042128.1349635,475.62967824935913,828.0,517.0,739.0
7,1764042128.1648428,480.4404525756836,828.0,513.0,742.0
7,1764042128.199988,485.26624727249146,828.0,501.0,749.0
7,1764042128.237084,492.40303325653076,828.0,504.0,743.0
7,1764042128.280129,497.2655920982361,828.0,516.0,754.0
7,1764042128.3200154,504.54027938842773,828.0,524.0,765.0
7,1764042128.3444378,506.86561155319214,828.0,495.0,763.0
7,1764042128.3836339,514.1243486404419,828.0,490.0,744.0
7,1764042128.420061,518.8011555671692,828.0,492.0,736.0
7,1764042128.4456017,523.6806659698486,828.0,518.0,737.0
7,1764042128.4851897,528.5522727966309,828.0,516.0,740.0
7,1764042128.526193,535.6565504074097,828.0,502.0,730.0
7,1764042128.5444841,538.0643873214722,828.0,534.0,724.0
7,1764042128.5746653,542.9815559387207,828.0,551.0,722.0
7,1764042128.621797,550.1541404724121,828.0,551.0,738.0
7,1764042128.6498923,554.9237160682678,828.0,539.0,731.0
7,1764042128.6798453,557.2359590530396,828.0,550.0,713.0
7,1764042128.710271,562.1041326522827,828.0,572.0,709.0
7,1764042128.7447727,566.9024615287781,828.0,582.0,736.0
7,1764042128.7864544,574.0832357406616,828.0,585.0,755.0
7,1764042128.8204086,578.8852124214172,828.0,589.0,763.0
7,1764042128.85503,583.6274652481079,828.0,578.0,751.0
7,1764042128.8903337,590.9899144172668,828.0,560.0,744.0
7,1764042128.9145756,593.2819871902466,828.0,552.0,718.0
7,1764042128.9409409,598.1043486595154,828.0,546.0,708.0
7,1764042128.9698436,602.916410446167,828.0,563.0,720.0
7,1764042129.0046713,607.6617746353149,828.0,568.0,730.0
7,1764042129.0497634,614.9043827056885,828.0,573.0,734.0
7,1764042129.0898733,619.6267514228821,828.0,588.0,738.0
7,1764042129.1094217,622.1442728042603,828.0,617.0,742.0
7,1764042129.1456664,626.9313006401062,828.0,606.0,738.0
7,1764042129.1903474,634.0615420341492,828.0,588.0,745.0
7,1764042129.2253354,638.8388781547546,828.0,586.0,762.0
7,1764042129.2494364,643.6059145927429,828.0,602.0,759.0
7,1764042129.2849104,648.5409646034241,828.0,603.0,753.0
7,1764042129.3153956,653.2418756484985,828.0,610.0,754.0
7,1764042129.341437,658.1327586174011,828.0,626.0,736.0
7,1764042129.3747973,662.9699258804321,828.0,624.0,722.0
7,1764042129.4070792,667.6878957748413,828.0,619.0,724.0
7,1764042129.4368103,672.4773554801941,828.0,605.0,736.0
7,1764042129.4700997,677.3070840835571,828.0,596.0,746.0
7,1764042129.5143917,684.5986156463623,828.0,606.0,739.0
7,1764042129.5519176,689.3520979881287,828.0,604.0,740.0
7,1764042129.5747986,691.6515021324158,828.0,615.0,746.0
7,1764042129.6049066,696.4002995491028,828.0,617.0,752.0
7,1764042129.6463022,703.7642149925232,828.0,614.0,754.0
7,1764042129.6799064,708.4152727127075,828.0,616.0,749.0
7,1764042129.7050846,710.8096270561218,828.0,626.0,747.0
7,1764042129.742233,718.0494813919067,828.0,633.0,743.0
7,1764042129.7800715,722.8962688446045,828.0,623.0,728.0
7,1764042129.8144107,727.7200965881348,828.0,624.0,724.0
7,1764042129.8496356,734.8852066993713,828.0,634.0,734.0
7,1764042129.8800516,737.3478322029114,828.0,637.0,731.0
7,1764042129.910416,742.0269637107849,828.0,645.0,720.0
7,1764042129.9403002,746.8812255859375,828.0,650.0,722.0
7,1764042129.9799275,754.113748550415,828.0,639.0,721.0
7,1764042130.0149345,758.8107256889343,828.0,627.0,728.0
7,1764042130.050176,763.7107281684875,828.0,639.0,731.0
7,1764042130.0897665,770.9048418998718,828.0,646.0,729.0
7,1764042130.1254826,775.6266741752625,828.0,653.0,710.0
7,1764042130.14517,778.114119052887,828.0,665.0,714.0
7,1764042130.1746233,782.9354076385498,828.0,671.0,722.0
7,1764042130.2098956,787.7425699234009,828.0,671.0,719.0
7,1764042130.240341,792.480459690094,828.0,672.0,719.0
7,1764042130.28058,797.2210674285889,828.0,679.0,732.0
7,1764042130.3185556,804.4228701591492,828.0,681.0,740.0
7,1764042130.3450162,806.8801312446594,828.0,683.0,730.0
7,1764042130.3815353,814.0155582427979,828.0,695.0,726.0
7,1764042130.4143474,818.8236145973206,828.0,741.0,748.0
7,1764042130.450548,823.6535220146179,828.0,752.0,743.0
7,1764042130.4850368,828.5686521530151,828.0,747.0,749.0
7,1764042130.5152054,833.2627682685852,828.0,744.0,755.0
7,1764042130.5571072,840.4889254570007,828.0,743.0,739.0
7,1764042130.5903227,845.3198699951172,828.0,758.0,732.0
7,1764042130.609779,847.6094751358032,828.0,781.0,743.0
7,1764042130.644538,852.4898796081543,828.0,777.0,743.0
7,1764042130.6797495,857.3020486831665,828.0,773.0,734.0
7,1764042130.724741,864.5557432174683,828.0,762.0,732.0
7,1764042130.7527766,869.2013292312622,828.0,769.0,732.0
7,1764042130.7976184,876.4013080596924,828.0,768.0,732.0
7,1764042130.8245518,878.8832454681396,828.0,776.0,745.0
7,1764042130.8508272,883.6303977966309,828.0,790.0,774.0
7,1764042130.8848398,888.4861617088318,828.0,774.0,780.0
7,1764042130.9149683,893.3483629226685,828.0,762.0,775.0
7,1764042130.9503405,898.0881123542786,828.0,764.0,769.0
7,1764042130.9853494,902.8377323150635,828.0,769.0,793.0
7,1764042131.014477,907.7882318496704,828.0,771.0,801.0
7,1764042131.055031,914.8535995483398,828.0,774.0,784.0
7,1764042131.0904732,919.6924834251404,828.0,787.0,765.0
7,1764042131.1248686,924.4294075965881,828.0,817.0,766.0
7,1764042131.1683288,931.7407159805298,828.0,843.0,769.0
7,1764042131.2053456,936.4874749183655,828.0,886.0,776.0
7,1764042131.2246952,938.9108686447144,828.0,884.0,765.0
7,1764042131.2503312,943.6153559684753,828.0,880.0,772.0
7,1764042131.2794368,948.5382108688354,828.0,876.0,779.0
7,1764042131.3201702,953.2412676811218,828.0,868.0,769.0
7,1764042131.3494263,958.0640940666199,828.0,878.0,772.0
7,1764042131.3802056,962.8387122154236,828.0,893.0,780.0
7,1764042131.4220648,970.1347498893738,828.0,896.0,774.0
7,1764042131.46037,974.9208478927612,828.0,901.0,762.0
7,1764042131.4800155,977.2164969444275,828.0,885.0,778.0
7,1764042131.530107,986.9559197425842,828.0,893.0,781.0
7,1764042131.575345,991.611912727356,828.0,907.0,773.0
7,1764042131.609878,998.9215760231018,828.0,900.0,754.0
7,1764042131.6350818,1001.2132911682129,828.0,905.0,765.0
7,1764042131.6603124,1006.0127286911011,828.0,917.0,771.0
7,1764042131.687466,1008.4225325584412,828.0,919.0,759.0
7,1764042131.7146764,1013.2146029472351,828.0,912.0,748.0
7,1764042131.750279,1018.1046276092529,828.0,917.0,742.0
7,1764042131.785147,1022.9347496032715,828.0,905.0,765.0
7,1764042131.822898,1030.0703196525574,828.0,933.0,788.0
7,1764042131.859964,1034.9610953330994,828.0,934.0,789.0
7,1764042131.8895025,1039.6219878196716,828.0,932.0,783.0
7,1764042131.929387,1046.847930431366,828.0,933.0,783.0
7,1764042131.9695272,1051.6958265304565,828.0,960.0,774.0
7,1764042132.0052295,1056.440511226654,828.0,968.0,766.0
7,1764042132.0304942,1061.3213090896606,828.0,975.0,762.0
7,1764042132.0647497,1066.070821762085,828.0,976.0,766.0
7,1764042132.0947258,1070.9730772972107,828.0,997.0,767.0
7,1764042132.1200454,1073.3389644622803,828.0,1010.0,769.0
7,1764042132.1603434,1080.4681687355042,828.0,1009.0,777.0
7,1764042132.205993,1087.6770882606506,828.0,1005.0,778.0
7,1764042132.2449832,1092.5135402679443,828.0,977.0,767.0
7,1764042132.264422,1094.800034046173,828.0,1001.0,761.0
7,1764042132.2884102,1099.6668844223022,828.0,1007.0,755.0
7,1764042132.3203752,1104.4756917953491,828.0,1002.0,750.0
7,1764042132.3500526,1109.2100052833557,828.0,1001.0,745.0
7,1764042132.398855,1116.5019302368164,828.0,1022.0,754.0
7,1764042132.4313972,1121.6253070831299,828.0,1026.0,771.0
7,1764042132.46123,1126.102629184723,828.0,1023.0,779.0
7,1764042132.4946105,1130.8345823287964,828.0,1020.0,776.0
7,1764042132.5251262,1135.7128410339355,828.0,1032.0,756.0
7,1764042132.565485,1140.4728679656982,828.0,1036.0,756.0
7,1764042132.5996087,1145.3147201538086,828.0,1054.0,754.0
7,1764042132.6304526,1150.1332907676697,828.0,1069.0,768.0
7,1764042132.6598413,1154.87246799469,828.0,1073.0,789.0
7,1764042132.689724,1159.611967086792,828.0,1067.0,799.0
7,1764042132.7390046,1166.8192415237427,828.0,1065.0,788.0
7,1764042132.771702,1171.6149954795837,828.0,1070.0,774.0
7,1764042132.7994702,1176.496651649475,828.0,1072.0,767.0
7,1764042132.819989,1178.9127497673035,828.0,1079.0,790.0
7,1764042132.860983,1186.0992460250854,828.0,1072.0,801.0
7,1764042132.8894937,1190.8639221191406,828.0,1066.0,798.0
7,1764042132.924882,1195.6742315292358,828.0,1065.0,798.0
7,1764042132.9652207,1200.5355744361877,828.0,1076.0,798.0
7,1764042132.999601,1205.6600241661072,828.0,1077.0,801.0
7,1764042133.030295,1210.152545452118,828.0,1089.0,810.0
7,1764042133.0644336,1214.970829963684,828.0,1096.0,813.0
7,1764042133.1019413,1222.0875172615051,828.0,1107.0,804.0
7,1764042133.139686,1226.837423324585,828.0,1122.0,793.0
7,1764042133.1658344,1231.6876440048218,828.0,1139.0,792.0
7,1764042133.2053428,1236.5383653640747,828.0,1133.0,799.0
7,1764042133.2403643,1241.2810831069946,828.0,1128.0,818.0
7,1764042133.2696054,1246.1300520896912,828.0,1098.0,810.0
7,1764042133.299665,1250.8384733200073,828.0,1091.0,800.0
7,1764042133.3411639,1258.1433801651,828.0,1107.0,800.0
7,1764042133.3752382,1262.8793387413025,828.0,1133.0,803.0
7,1764042133.395225,1265.3496532440186,828.0,1144.0,808.0
7,1764042133.423535,1270.093014717102,828.0,1145.0,796.0
7,1764042133.4643898,1274.8318700790405,828.0,1142.0,799.0
7,1764042133.4949565,1279.7670631408691,828.0,1170.0,798.0
7,1764042133.5253048,1284.5197944641113,828.0,1171.0,800.0
7,1764042133.5702002,1291.7085795402527,828.0,1183.0,810.0
7,1764042133.6097887,1298.9081649780273,828.0,1189.0,821.0
7,1764042133.6304383,1301.3090996742249,828.0,1188.0,813.0
7,1764042133.6613352,1306.1707286834717,828.0,1204.0,808.0
7,1764042133.695592,1310.8991055488586,828.0,1220.0,824.0
7,1764042133.7348943,1315.6677870750427,828.0,1225.0,848.0
7,1764042133.772452,1322.8449492454529,828.0,1224.0,879.0
7,1764042133.8092413,1327.6496438980103,828.0,1221.0,877.0
7,1764042133.8298128,1330.1101593971252,828.0,1218.0,893.0
7,1764042133.8568456,1334.957197189331,828.0,1231.0,906.0
7,1764042133.905144,1342.062476158142,828.0,1226.0,910.0
7,1764042133.9396942,1346.8748955726624,828.0,1239.0,909.0
7,1764042133.9649467,1351.7019062042236,828.0,1233.0,898.0
7,1764042134.004533,1356.450846672058,828.0,1219.0,885.0
7,1764042134.045678,1363.7433438301086,828.0,1226.0,886.0
7,1764042134.0853858,1368.4256582260132,828.0,1234.0,881.0
7,1764042134.1203482,1373.2266335487366,828.0,1246.0,880.0
7,1764042134.150034,1378.1495599746704,828.0,1290.0,873.0
7,1764042134.1852617,1382.913592338562,828.0,1297.0,874.0
7,1764042134.224896,1390.1413588523865,828.0,1302.0,867.0
7,1764042134.254922,1394.8593645095825,828.0,1303.0,861.0
7,1764042134.2899702,1399.6829419136047,828.0,1316.0,844.0
7,1764042134.3101697,1402.0535497665405,828.0,1327.0,848.0
7,1764042134.3295474,1406.8719773292542,828.0,1323.0,859.0
7,1764042134.364491,1411.655607700348,828.0,1329.0,867.0
7,1764042134.405286,1416.4256482124329,828.0,1330.0,877.0
7,1764042134.4466772,1423.655381679535,828.0,1338.0,871.0
7,1764042134.478402,1428.5440473556519,828.0,1331.0,864.0
7,1764042134.5157204,1433.2531838417053,828.0,1331.0,859.0
7,1764042134.5349324,1435.7691316604614,828.0,1362.0,861.0
7,1764042134.5697649,1442.9045944213867,828.0,1369.0,882.0
7,1764042134.6085806,1447.6601152420044,828.0,1367.0,896.0
7,1764042134.6396623,1452.4394183158875,828.0,1368.0,896.0
7,1764042134.6645732,1454.9347667694092,828.0,1380.0,888.0
7,1764042134.7078695,1462.032392501831,828.0,1390.0,881.0
7,1764042134.7450075,1466.811194896698,828.0,1395.0,881.0
7,1764042134.770199,1471.7522888183594,828.0,1374.0,885.0
7,1764042134.7999754,1476.4384298324585,828.0,1371.0,882.0
7,1764042134.8346097,1481.3262372016907,828.0,1385.0,887.0
7,1764042134.878192,1488.5411291122437,828.0,1393.0,884.0
7,1764042134.9100761,1493.2880668640137,828.0,1388.0,872.0
7,1764042134.9346888,1495.6385045051575,828.0,1401.0,887.0
7,1764042134.9741964,1502.8037576675415,828.0,1402.0,902.0
7,1764042135.0061634,1507.6227931976318,828.0,1392.0,886.0
7,1764042135.0446095,1512.5723271369934,828.0,1388.0,878.0
7,1764042135.084385,1519.6300773620605,828.0,1395.0,880.0
7,1764042135.1198468,1524.5690970420837,828.0,1421.0,904.0
7,1764042135.1445322,1526.9641666412354,828.0,1431.0,901.0
7,1764042135.1670313,1531.7559509277344,828.0,1426.0,877.0
7,1764042135.200442,1536.495843410492,828.0,1423.0,875.0
7,1764042135.2405984,1541.3244276046753,828.0,1422.0,895.0
7,1764042135.2700715,1546.150544166565,828.0,1443.0,904.0
7,1764042135.3102014,1553.3291368484497,828.0,1478.0,906.0
7,1764042135.335692,1555.7706265449524,828.0,1484.0,885.0
7,1764042135.3699875,1562.9379897117615,828.0,1463.0,876.0
7,1764042135.4079175,1567.6409034729004,828.0,1460.0,872.0
7,1764042135.437284,1572.5653319358826,828.0,1482.0,874.0
7,1764042135.4699533,1577.320673942566,828.0,1496.0,861.0
7,1764042135.5103486,1582.1687846183777,828.0,1502.0,852.0
7,1764042135.5344384,1586.957278728485,828.0,1494.0,858.0
7,1764042135.5749338,1591.6136293411255,828.0,1497.0,876.0
7,1764042135.610248,1598.9770798683167,828.0,1506.0,876.0
7,1764042135.6346104,1601.3426094055176,828.0,1518.0,881.0
7,1764042135.6797256,1608.4967403411865,828.0,1508.0,882.0
7,1764042135.7055702,1610.824683189392,828.0,1494.0,901.0
7,1764042135.7457833,1618.0850296020508,828.0,1502.0,915.0
7,1764042135.7804976,1622.8545336723328,828.0,1524.0,903.0
7,1764042135.808281,1628.059950351715,828.0,1543.0,895.0
7,1764042135.839877,1632.4283747673035,828.0,1546.0,900.0
7,1764042135.8864539,1639.7318868637085,828.0,1569.0,900.0
7,1764042135.9244716,1644.5200233459473,828.0,1582.0,914.0
7,1764042135.9550576,1649.2642431259155,828.0,1610.0,922.0
7,1764042135.9809737,1654.1103510856628,828.0,1625.0,924.0
7,1764042136.0198069,1658.8843970298767,828.0,1620.0,920.0
7,1764042136.054973,1663.6994986534119,828.0,1614.0,926.0
7,1764042136.0801141,1668.479588508606,828.0,1626.0,942.0
7,1764042136.1107535,1673.6705212593079,828.0,1631.0,941.0
7,1764042136.141643,1678.1546382904053,828.0,1634.0,943.0
7,1764042136.1799808,1682.9290418624878,828.0,1650.0,953.0
7,1764042136.214776,1687.7697138786316,828.0,1657.0,948.0
7,1764042136.2397418,1692.4171237945557,828.0,1655.0,927.0
7,1764042136.2802143,1697.2296862602234,828.0,1649.0,902.0
7,1764042136.3183281,1704.4569520950317,828.0,1659.0,888.0
7,1764042136.355154,1709.2227368354797,828.0,1659.0,889.0
7,1764042136.3897014,1714.069130897522,828.0,1656.0,896.0
7,1764042136.419899,1718.935730934143,828.0,1639.0,901.0
7,1764042136.4501143,1723.6514835357666,828.0,1625.0,908.0
8,1764042136.4748495,1726.1197595596313,828.0,1616.0,912.0
8,1764042136.5198252,1726.1197595596313,828.0,1618.0,914.0
8,1764042136.5504184,1726.1197595596313,828.0,1608.0,914.0
8,1764042136.5853393,1726.1197595596313,828.0,1593.0,912.0
8,1764042136.6202044,1726.1197595596313,828.0,1585.0,919.0
8,1764042136.6547668,1726.1197595596313,828.0,1579.0,930.0
8,1764042136.6754892,1726.1197595596313,828.0,1576.0,950.0
8,1764042136.710059,1726.1197595596313,828.0,1592.0,961.0
8,1764042136.7548335,1726.1197595596313,828.0,1602.0,965.0
8,1764042136.7795682,1726.1197595596313,828.0,1593.0,973.0
8,1764042136.8149667,1726.1197595596313,828.0,1591.0,973.0
8,1764042136.8453789,1726.1197595596313,828.0,1587.0,985.0
8,1764042136.8749168,1726.1197595596313,828.0,1360.0,887.0
8,1764042136.9200137,1726.1197595596313,828.0,1406.0,1510.0
8,1764042136.945003,1726.1197595596313,828.0,1560.0,1563.0
8,1764042136.9796348,180.40976810455322,921.0,1608.0,1489.0
8,1764042137.019951,185.3867678642273,921.0,1715.0,620.0
8,1764042137.0644207,192.44222927093506,921.0,101.0,974.0
8,1764042137.0844295,194.81358814239502,921.0,99.0,804.0
8,1764042137.115159,199.6482162475586,921.0,131.0,846.0
8,1764042137.1448562,204.5459656715393,921.0,138.0,840.0
8,1764042137.1794138,209.22670650482178,921.0,134.0,845.0
8,1764042137.2253911,216.4305477142334,921.0,142.0,839.0
8,1764042137.2602124,221.3222532272339,921.0,156.0,838.0
8,1764042137.285045,226.19854497909546,921.0,172.0,831.0
8,1764042137.314442,230.93124914169312,921.0,164.0,827.0
8,1764042137.362538,238.04865169525146,921.0,161.0,821.0
8,1764042137.3955646,242.94665145874023,921.0,179.0,841.0
8,1764042137.4277442,247.63894367218018,921.0,206.0,838.0
8,1764042137.465124,252.47292804718018,921.0,181.0,836.0
8,1764042137.491123,257.26199436187744,921.0,208.0,829.0
8,1764042137.5296974,262.1283082962036,921.0,215.0,841.0
8,1764042137.5600858,266.8174533843994,921.0,233.0,850.0
8,1764042137.59017,271.67743730545044,921.0,254.0,832.0
8,1764042137.6151888,276.54453802108765,921.0,271.0,822.0
8,1764042137.6598783,281.2894015312195,921.0,277.0,809.0
8,1764042137.689486,286.1481337547302,921.0,288.0,803.0
8,1764042137.7154567,290.8673553466797,921.0,276.0,779.0
8,1764042137.754807,295.6883935928345,921.0,293.0,760.0
8,1764042137.7948577,302.8746395111084,921.0,317.0,768.0
8,1764042137.8301027,307.6141028404236,921.0,335.0,824.0
8,1764042137.8547423,312.47755575180054,921.0,318.0,839.0
8,1764042137.8948095,317.2355799674988,921.0,317.0,839.0
8,1764042137.9350271,324.5202808380127,921.0,343.0,829.0
8,1764042137.9697077,329.23971700668335,921.0,350.0,815.0
8,1764042137.9948614,331.66976261138916,921.0,352.0,819.0
8,1764042138.0199354,336.41366052627563,921.0,340.0,828.0
8,1764042138.0455005,338.9415888786316,921.0,335.0,835.0
8,1764042138.0845282,346.02576780319214,921.0,314.0,840.0
8,1764042138.1145606,350.8600740432739,921.0,352.0,831.0
8,1764042138.161518,358.0165295600891,921.0,365.0,801.0
8,1764042138.185188,360.42032527923584,921.0,341.0,807.0
8,1764042138.2254899,368.0896906852722,921.0,336.0,803.0
8,1764042138.2609596,372.5020318031311,921.0,344.0,808.0
8,1764042138.2916372,377.3417739868164,921.0,351.0,815.0
8,1764042138.3251252,382.1927099227905,921.0,351.0,814.0
8,1764042138.3551483,386.9401125907898,921.0,368.0,803.0
8,1764042138.3866782,391.6695981025696,921.0,382.0,807.0
8,1764042138.4198847,396.4010863304138,921.0,411.0,803.0
8,1764042138.4547913,401.2886075973511,921.0,389.0,805.0
8,1764042138.485166,406.02664041519165,921.0,390.0,807.0
8,1764042138.5247138,410.831335067749,921.0,383.0,806.0
8,1764042138.5545104,415.68967390060425,921.0,397.0,812.0
8,1764042138.594522,422.8116183280945,921.0,398.0,822.0
8,1764042138.6250896,427.7188448905945,921.0,410.0,828.0
8,1764042138.6545331,432.44618463516235,921.0,406.0,817.0
8,1764042138.6942782,437.3443989753723,921.0,408.0,819.0
8,1764042138.7344148,444.4284348487854,921.0,411.0,826.0
8,1764042138.764671,446.88991594314575,921.0,466.0,823.0
8,1764042138.8028147,454.08524560928345,921.0,462.0,825.0
8,1764042138.825174,456.4698009490967,921.0,454.0,845.0
8,1764042138.8600268,461.2720994949341,921.0,450.0,847.0
8,1764042138.897415,468.4104948043823,921.0,453.0,842.0
8,1764042138.9203844,470.8568482398987,921.0,468.0,843.0
8,1764042138.963667,478.1224875450134,921.0,475.0,854.0
8,1764042138.9852076,480.4064779281616,921.0,480.0,854.0
8,1764042139.0204027,485.2997212409973,921.0,492.0,841.0
8,1764042139.0644834,492.4063949584961,921.0,497.0,842.0
8,1764042139.1073449,499.7077970504761,921.0,471.0,841.0
8,1764042139.1349664,504.51116847991943,921.0,484.0,845.0
8,1764042139.1721628,509.30195140838623,921.0,489.0,853.0
8,1764042139.201606,514.0045075416565,921.0,491.0,853.0
8,1764042139.2352154,518.8811569213867,921.0,482.0,847.0
8,1764042139.259392,521.2279825210571,921.0,487.0,813.0
8,1764042139.294747,528.4782795906067,921.0,494.0,797.0
8,1764042139.3306782,533.2054762840271,921.0,494.0,792.0
8,1764042139.35472,535.6716780662537,921.0,485.0,805.0
8,1764042139.3998451,542.9308800697327,921.0,493.0,814.0
8,1764042139.4256933,547.668447971344,921.0,527.0,831.0
8,1764042139.4552538,552.5542883872986,921.0,537.0,815.0
8,1764042139.495736,557.2774796485901,921.0,537.0,823.0
8,1764042139.53011,562.0916156768799,921.0,547.0,809.0
8,1764042139.5548115,566.8400912284851,921.0,563.0,794.0
8,1764042139.5943966,571.7489628791809,921.0,565.0,787.0
8,1764042139.6346874,578.8326768875122,921.0,561.0,804.0
8,1764042139.667824,583.7130813598633,921.0,578.0,809.0
8,1764042139.694602,588.4565143585205,921.0,577.0,828.0
8,1764042139.7251146,590.8725051879883,921.0,568.0,843.0
8,1764042139.7625,598.0366497039795,921.0,539.0,848.0
8,1764042139.80521,602.9173402786255,921.0,558.0,823.0
8,1764042139.8447552,610.1113467216492,921.0,577.0,798.0
8,1764042139.8700209,612.595787525177,921.0,568.0,792.0
8,1764042139.8948112,617.27001953125,921.0,560.0,814.0
8,1764042139.930688,622.0086245536804,921.0,549.0,823.0
8,1764042139.965537,626.800802230835,921.0,550.0,821.0
8,1764042140.0031333,634.0062527656555,921.0,538.0,804.0
8,1764042140.0356812,638.864520072937,921.0,554.0,811.0
8,1764042140.0600417,641.2112741470337,921.0,585.0,823.0
8,1764042140.1052957,648.5464363098145,921.0,598.0,822.0
8,1764042140.14755,655.766227722168,921.0,610.0,807.0
8,1764042140.1798275,660.4925303459167,921.0,599.0,819.0
8,1764042140.2004716,662.9180340766907,921.0,592.0,843.0
8,1764042140.2296612,667.6091461181641,921.0,590.0,854.0
8,1764042140.2601495,672.4746732711792,921.0,596.0,859.0
8,1764042140.3065524,679.7700672149658,921.0,593.0,847.0
8,1764042140.3448465,684.4006328582764,921.0,593.0,837.0
8,1764042140.3654447,686.9265942573547,921.0,606.0,835.0
8,1764042140.3946803,691.6240363121033,921.0,598.0,835.0
8,1764042140.4294899,696.4866666793823,921.0,618.0,827.0
8,1764042140.4756305,703.7066369056702,921.0,615.0,824.0
8,1764042140.5151162,710.9075813293457,921.0,627.0,817.0
8,1764042140.550131,715.6939654350281,921.0,649.0,831.0
8,1764042140.5749304,720.5057768821716,921.0,648.0,843.0
8,1764042140.5996716,722.9241280555725,921.0,636.0,838.0
8,1764042140.647322,730.0896315574646,921.0,642.0,835.0
8,1764042140.669583,732.447865486145,921.0,658.0,829.0
8,1764042140.7108688,739.7656469345093,921.0,673.0,825.0
8,1764042140.74477,744.4007186889648,921.0,683.0,813.0
8,1764042140.7654994,746.8420653343201,921.0,688.0,818.0
8,1764042140.80154,754.0261297225952,921.0,694.0,820.0
8,1764042140.834661,758.9440851211548,921.0,705.0,797.0
8,1764042140.8666806,763.6696724891663,921.0,709.0,793.0
8,1764042140.9050775,768.4161810874939,921.0,715.0,805.0
8,1764042140.950309,775.9037284851074,921.0,709.0,828.0
8,1764042140.9810605,780.507472038269,921.0,724.0,842.0
8,1764042141.0126004,785.3207855224609,921.0,725.0,843.0
8,1764042141.0498526,790.0670080184937,921.0,723.0,837.0
8,1764042141.0921626,797.287121295929,921.0,718.0,835.0
8,1764042141.1104646,799.7603325843811,921.0,744.0,828.0
8,1764042141.1407166,804.4695763587952,921.0,757.0,819.0
8,1764042141.1805112,809.216299533844,921.0,765.0,817.0
8,1764042141.204949,814.025857925415,921.0,758.0,818.0
8,1764042141.2365763,819.2339925765991,921.0,742.0,818.0
8,1764042141.2705233,823.7557320594788,921.0,724.0,830.0
8,1764042141.300227,828.5314946174622,921.0,731.0,837.0
8,1764042141.3357158,833.3506731987,921.0,750.0,838.0
8,1764042141.3704643,838.1905226707458,921.0,768.0,832.0
8,1764042141.4000812,842.9927496910095,921.0,772.0,822.0
8,1764042141.4426246,850.0282196998596,921.0,773.0,819.0
8,1764042141.4695897,852.482011795044,921.0,768.0,824.0
8,1764042141.5005789,857.2624950408936,921.0,762.0,825.0
8,1764042141.5443769,864.4745616912842,921.0,767.0,824.0
8,1764042141.5699403,869.240668296814,921.0,783.0,825.0
8,1764042141.6014779,874.0020184516907,921.0,794.0,825.0
8,1764042141.6398985,878.9434700012207,921.0,775.0,821.0
8,1764042141.6697333,883.6947350502014,921.0,772.0,831.0
8,1764042141.7148929,890.8420352935791,921.0,788.0,829.0
8,1764042141.7504923,895.713212966919,921.0,788.0,825.0
8,1764042141.7745953,900.4555015563965,921.0,783.0,825.0
8,1764042141.81425,905.2960305213928,921.0,770.0,833.0
8,1764042141.8501713,910.0234060287476,921.0,770.0,842.0
8,1764042141.8747213,914.9510173797607,921.0,783.0,838.0
8,1764042141.9074929,919.7912602424622,921.0,803.0,840.0
8,1764042141.9346328,924.4611291885376,921.0,823.0,838.0
8,1764042141.9856844,931.6257028579712,921.0,829.0,837.0
8,1764042142.0202963,936.5049986839294,921.0,823.0,841.0
8,1764042142.0464811,938.9045386314392,921.0,821.0,857.0
8,1764042142.0796525,946.2140946388245,921.0,827.0,865.0
8,1764042142.1097226,948.4341769218445,921.0,864.0,871.0
8,1764042142.1399744,953.2563953399658,921.0,883.0,862.0
8,1764042142.174942,960.5075149536133,921.0,892.0,854.0
8,1764042142.2121534,965.2751951217651,921.0,883.0,861.0
8,1764042142.2455893,970.1651482582092,921.0,865.0,857.0
8,1764042142.2701044,972.4174885749817,921.0,883.0,853.0
8,1764042142.3056912,979.6583800315857,921.0,894.0,862.0
8,1764042142.346028,984.4428329467773,921.0,904.0,869.0
8,1764042142.3804626,989.2647652626038,921.0,903.0,868.0
8,1764042142.4102364,994.1118388175964,921.0,913.0,869.0
8,1764042142.4470093,998.8804845809937,921.0,898.0,877.0
8,1764042142.484648,1006.1205177307129,921.0,899.0,877.0
8,1764042142.5134668,1008.4903745651245,921.0,907.0,867.0
8,1764042142.5403116,1013.2756857872009,921.0,896.0,853.0
8,1764042142.5854456,1020.4755930900574,921.0,898.0,838.0
8,1764042142.6095314,1025.2033977508545,921.0,929.0,845.0
8,1764042142.6424763,1030.143132686615,921.0,945.0,863.0
8,1764042142.6796405,1034.8646788597107,921.0,968.0,868.0
8,1764042142.7100468,1039.6727709770203,921.0,985.0,868.0
8,1764042142.740351,1044.4797902107239,921.0,993.0,876.0
8,1764042142.7859423,1051.7088799476624,921.0,989.0,876.0
8,1764042142.8250933,1056.430676460266,921.0,968.0,894.0
8,1764042142.8699696,1063.7381939888,921.0,952.0,914.0
8,1764042142.8948193,1068.489101409912,921.0,969.0,914.0
8,1764042142.9245718,1070.8361415863037,921.0,970.0,905.0
8,1764042142.9641922,1078.0732421875,921.0,983.0,904.0
8,1764042142.9894133,1080.493953704834,921.0,1003.0,906.0
8,1764042143.0151224,1085.2112441062927,921.0,1006.0,909.0
8,1764042143.0428185,1090.0120763778687,921.0,1005.0,902.0
8,1764042143.0851457,1094.9360041618347,921.0,1011.0,898.0
8,1764042143.1313844,1102.1441011428833,921.0,1009.0,878.0
8,1764042143.1604037,1106.8952231407166,921.0,995.0,874.0
8,1764042143.1901658,1111.626925945282,921.0,1003.0,892.0
8,1764042143.2148044,1116.4868741035461,921.0,999.0,920.0
8,1764042143.2447512,1118.89857339859,921.0,1000.0,921.0
8,1764042143.275021,1123.704984664917,921.0,1010.0,922.0
8,1764042143.3204358,1130.81001329422,921.0,1025.0,930.0
8,1764042143.354424,1135.6202511787415,921.0,1029.0,928.0
8,1764042143.3905902,1140.4357104301453,921.0,1025.0,922.0
8,1764042143.4283047,1147.6360111236572,921.0,1023.0,919.0
8,1764042143.450402,1150.1463799476624,921.0,1041.0,919.0
8,1764042143.479998,1154.930546760559,921.0,1051.0,922.0
8,1764042143.5144932,1159.6827774047852,921.0,1052.0,930.0
8,1764042143.5446827,1164.400032043457,921.0,1046.0,931.0
8,1764042143.5868504,1171.6208248138428,921.0,1053.0,924.0
8,1764042143.609935,1174.1515069007874,921.0,1087.0,911.0
8,1764042143.6603649,1181.2169103622437,921.0,1106.0,925.0
8,1764042143.6893814,1186.1037163734436,921.0,1120.0,931.0
8,1764042143.7194886,1190.8593802452087,921.0,1119.0,949.0
8,1764042143.7497518,1195.641294002533,921.0,1117.0,939.0
8,1764042143.7798436,1200.5874304771423,921.0,1114.0,942.0
8,1764042143.8278227,1207.7789335250854,921.0,1123.0,951.0
8,1764042143.860107,1212.4581007957458,921.0,1141.0,969.0
8,1764042143.884423,1214.881136894226,921.0,1161.0,978.0
8,1764042143.923571,1222.0534710884094,921.0,1164.0,973.0
8,1764042143.9594975,1226.9437103271484,921.0,1154.0,963.0
8,1764042143.987519,1231.730595111847,921.0,1118.0,948.0
8,1764042144.019909,1236.453607559204,921.0,1122.0,930.0
8,1764042144.0518568,1241.395380973816,921.0,1132.0,929.0
8,1764042144.0849903,1246.0858492851257,921.0,1138.0,933.0
8,1764042144.1147275,1250.8665828704834,921.0,1135.0,943.0
8,1764042144.150038,1255.6809334754944,921.0,1130.0,941.0
8,1764042144.1901157,1260.4613094329834,921.0,1134.0,927.0
8,1764042144.2292743,1267.655065536499,921.0,1138.0,918.0
8,1764042144.2617676,1272.538652896881,921.0,1149.0,932.0
8,1764042144.2852595,1274.805477142334,921.0,1151.0,931.0
8,1764042144.3144507,1279.7212510108948,921.0,1150.0,922.0
8,1764042144.3550272,1286.9648962020874,921.0,1160.0,914.0
8,1764042144.3894303,1291.6746406555176,921.0,1156.0,916.0
8,1764042144.4150693,1296.5266137123108,921.0,1187.0,935.0
8,1764042144.4595704,1301.328197002411,921.0,1184.0,940.0
8,1764042144.4845352,1306.0651211738586,921.0,1190.0,946.0
8,1764042144.5152416,1310.93297290802,921.0,1197.0,939.0
8,1764042144.5544884,1315.751293182373,921.0,1203.0,931.0
8,1764042144.5848563,1320.4000978469849,921.0,1211.0,934.0
8,1764042144.6272514,1327.7357249259949,921.0,1219.0,941.0
8,1764042144.6494553,1330.025830745697,921.0,1212.0,955.0
8,1764042144.690805,1337.2787027359009,921.0,1194.0,956.0
8,1764042144.7251618,1342.0671610832214,921.0,1181.0,958.0
8,1764042144.7545993,1346.8302278518677,921.0,1190.0,925.0
8,1764042144.7858229,1351.6118912696838,921.0,1204.0,929.0
8,1764042144.8252406,1356.5231232643127,921.0,1219.0,948.0
8,1764042144.8604736,1361.3808183670044,921.0,1214.0,965.0
8,1764042144.8895075,1366.102650642395,921.0,1210.0,973.0
8,1764042144.9334354,1373.307743549347,921.0,1211.0,971.0
8,1764042144.9652095,1378.0000715255737,921.0,1207.0,963.0
8,1764042144.9902308,1380.4692058563232,921.0,1209.0,958.0
8,1764042145.02995,1387.6228003501892,921.0,1220.0,963.0
8,1764042145.0626905,1392.4240260124207,921.0,1239.0,979.0
8,1764042145.091689,1397.378387928009,921.0,1248.0,953.0
8,1764042145.1249754,1402.0490436553955,921.0,1257.0,947.0
8,1764042145.1646526,1406.852665424347,921.0,1273.0,939.0
8,1764042145.189565,1411.6696982383728,921.0,1274.0,929.0
8,1764042145.220012,1416.4746432304382,921.0,1266.0,924.0
8,1764042145.2557049,1421.3828353881836,921.0,1269.0,933.0
8,1764042145.2999327,1428.4210948944092,921.0,1280.0,933.0
8,1764042145.339991,1433.3367972373962,921.0,1310.0,930.0
8,1764042145.362234,1438.095751285553,921.0,1333.0,915.0
8,1764042145.3902316,1440.4381065368652,921.0,1337.0,921.0
8,1764042145.4258626,1447.6744561195374,921.0,1335.0,925.0
8,1764042145.454525,1452.4449615478516,921.0,1329.0,936.0
8,1764042145.499818,1457.3421030044556,921.0,1331.0,937.0
8,1764042145.5246654,1462.0601086616516,921.0,1342.0,924.0
8,1764042145.5710623,1469.2699222564697,921.0,1351.0,927.0
8,1764042145.610191,1474.0154294967651,921.0,1337.0,951.0
8,1764042145.644517,1479.03759765625,921.0,1343.0,987.0
8,1764042145.6836643,1486.1144094467163,921.0,1379.0,966.0
8,1764042145.7154808,1490.874150276184,921.0,1385.0,953.0
8,1764042145.734861,1493.2262330055237,921.0,1404.0,959.0
8,1764042145.7652705,1498.0934410095215,921.0,1424.0,955.0
8,1764042145.7978268,1502.8696327209473,921.0,1426.0,956.0
8,1764042145.8257856,1507.6011209487915,921.0,1435.0,957.0
8,1764042145.859753,1512.4000935554504,921.0,1450.0,968.0
8,1764042145.8947442,1517.3656134605408,921.0,1457.0,964.0
8,1764042145.9246047,1522.1158056259155,921.0,1462.0,955.0
8,1764042145.967971,1526.8146424293518,921.0,1464.0,952.0
8,1764042146.0021,1534.1257362365723,921.0,1465.0,951.0
8,1764042146.0347114,1538.8105897903442,921.0,1468.0,949.0
8,1764042146.0601573,1541.2322669029236,921.0,1454.0,962.0
8,1764042146.0947554,1548.4795241355896,921.0,1435.0,957.0
8,1764042146.1356366,1553.2521395683289,921.0,1434.0,962.0
8,1764042146.1649106,1558.0046563148499,921.0,1445.0,964.0
8,1764042146.2125003,1565.2742652893066,921.0,1454.0,970.0
8,1764042146.2348611,1567.787995815277,921.0,1468.0,974.0
8,1764042146.2652562,1572.4238543510437,921.0,1479.0,972.0
8,1764042146.2945323,1577.3120193481445,921.0,1510.0,980.0
8,1764042146.329549,1582.1019082069397,921.0,1504.0,996.0
8,1764042146.3600612,1586.9074969291687,921.0,1513.0,995.0
8,1764042146.3956823,1591.7617945671082,921.0,1520.0,991.0
8,1764042146.4358435,1598.8999037742615,921.0,1528.0,991.0
8,1764042146.4605694,1601.215651512146,921.0,1520.0,997.0
8,1764042146.500254,1608.5925488471985,921.0,1521.0,1001.0
8,1764042146.5316396,1613.3277206420898,921.0,1511.0,1002.0
8,1764042146.5634127,1618.1392102241516,921.0,1511.0,1001.0
8,1764042146.6045802,1622.8509573936462,921.0,1527.0,994.0
8,1764042146.6353776,1627.6341943740845,921.0,1532.0,990.0
8,1764042146.6722596,1632.4858813285828,921.0,1531.0,986.0
8,1764042146.7074835,1639.7433667182922,921.0,1524.0,989.0
8,1764042146.74505,1644.4128422737122,921.0,1531.0,989.0
8,1764042146.7874227,1651.6972212791443,921.0,1543.0,985.0
8,1764042146.8052409,1654.1317372322083,921.0,1569.0,974.0
8,1764042146.8346145,1658.9046745300293,921.0,1562.0,961.0
8,1764042146.874875,1663.7428431510925,921.0,1556.0,962.0
8,1764042146.9050102,1668.5409216880798,921.0,1544.0,968.0
8,1764042146.9311671,1673.341718196869,921.0,1535.0,986.0
8,1764042146.9695613,1678.1265287399292,921.0,1527.0,1000.0
8,1764042146.9947224,1682.93905544281,921.0,1535.0,1005.0
8,1764042147.0347598,1687.7550511360168,921.0,1554.0,1006.0
8,1764042147.065284,1692.5318150520325,921.0,1556.0,1005.0
8,1764042147.102639,1697.2873358726501,921.0,1576.0,1004.0
8,1764042147.1407018,1704.4489769935608,921.0,1573.0,995.0
8,1764042147.1800907,1709.3351035118103,921.0,1582.0,995.0
8,1764042147.2100105,1714.1223816871643,921.0,1580.0,1012.0
8,1764042147.2497861,1718.933871269226,921.0,1583.0,1028.0
9,1764042147.2851303,1726.0677962303162,921.0,1584.0,1013.0
9,1764042147.3097022,1726.0677962303162,921.0,1585.0,999.0
9,1764042147.3502994,1726.0677962303162,921.0,1570.0,982.0
9,1764042147.3844528,1726.0677962303162,921.0,1558.0,966.0
9,1764042147.4098558,1726.0677962303162,921.0,1548.0,959.0
9,1764042147.444431,1726.0677962303162,921.0,1550.0,975.0
9,1764042147.4794612,1726.0677962303162,921.0,1556.0,1001.0
9,1764042147.519933,1726.0677962303162,921.0,1553.0,993.0
9,1764042147.5548358,1726.0677962303162,921.0,1564.0,988.0
9,1764042147.5807612,1726.0677962303162,921.0,1585.0,1006.0
9,1764042147.6200454,1726.0677962303162,921.0,1596.0,1019.0
9,1764042147.6401653,1726.0677962303162,921.0,1591.0,1038.0
9,1764042147.6801376,1726.0677962303162,921.0,1584.0,1038.0
9,1764042147.7094617,1726.0677962303162,921.0,1583.0,1032.0
9,1764042147.734781,1726.0677962303162,921.0,1591.0,1021.0
9,1764042147.7654228,1726.0677962303162,921.0,1600.0,1023.0
9,1764042147.7996306,180.54859924316406,1014.0,1400.0,1015.0
9,1764042147.8479552,187.62061882019043,1014.0,1023.0,904.0
9,1764042147.87503,190.11299896240234,1014.0,1258.0,1428.0
9,1764042147.9110985,197.2617654800415,1014.0,905.0,496.0
9,1764042147.939851,199.73354625701904,1014.0,923.0,620.0
9,1764042147.9702046,204.54993534088135,1014.0,183.0,1148.0
9,1764042148.0101316,211.63443613052368,1014.0,231.0,1046.0
9,1764042148.0346882,214.10353469848633,1014.0,256.0,983.0
9,1764042148.0650928,218.9356951713562,1014.0,271.0,933.0
9,1764042148.1103396,226.2102394104004,1014.0,288.0,907.0
9,1764042148.136196,230.8919816017151,1014.0,262.0,1038.0
9,1764042148.1795468,235.6438546180725,1014.0,219.0,900.0
9,1764042148.2195349,242.98634815216064,1014.0,218.0,1028.0
9,1764042148.247453,247.64620351791382,1014.0,249.0,880.0
9,1764042148.2744565,250.17109203338623,1014.0,265.0,856.0
9,1764042148.3123074,257.25713062286377,1014.0,289.0,872.0
9,1764042148.3448887,262.1876029968262,1014.0,120.0,1002.0
9,1764042148.3801942,266.8413071632385,1014.0,121.0,1002.0
9,1764042148.4106884,271.81401538848877,1014.0,92.0,1028.0
9,1764042148.4405425,276.45391511917114,1014.0,98.0,995.0
9,1764042148.4708767,281.2663345336914,1014.0,292.0,868.0
9,1764042148.5052226,286.095920085907,1014.0,297.0,870.0
9,1764042148.5527313,293.3175354003906,1014.0,92.0,992.0
9,1764042148.5782664,295.6812767982483,1014.0,122.0,999.0
9,1764042148.6043978,300.4063992500305,1014.0,132.0,1003.0
9,1764042148.6447086,307.7898769378662,1014.0,103.0,996.0
9,1764042148.6695309,310.0020914077759,1014.0,109.0,999.0
9,1764042148.7150347,317.35484886169434,1014.0,332.0,872.0
9,1764042148.7403748,319.6607975959778,1014.0,169.0,1015.0
9,1764042148.775835,326.8320231437683,1014.0,166.0,1014.0
9,1764042148.8175817,331.6895751953125,1014.0,383.0,877.0
9,1764042148.8494487,336.44727754592896,1014.0,161.0,1013.0
9,1764042148.8804274,341.24678659439087,1014.0,383.0,889.0
9,1764042148.905192,346.1076645851135,1014.0,401.0,881.0
9,1764042148.9402454,350.99007177352905,1014.0,388.0,868.0
9,1764042148.9906902,358.12120723724365,1014.0,165.0,1010.0
9,1764042149.0202725,362.9332332611084,1014.0,393.0,858.0
9,1764042149.0552828,367.7744417190552,1014.0,418.0,844.0
9,1764042149.0800204,372.437837600708,1014.0,180.0,1010.0
9,1764042149.112263,377.3248224258423,1014.0,422.0,848.0
9,1764042149.1397192,379.6862750053406,1014.0,421.0,844.0
9,1764042149.1852398,386.826208114624,1014.0,220.0,987.0
9,1764042149.2248938,394.0426378250122,1014.0,214.0,985.0
9,1764042149.252108,396.54950189590454,1014.0,413.0,858.0
9,1764042149.2753365,401.3111023902893,1014.0,408.0,858.0
9,1764042149.3098285,406.0996322631836,1014.0,385.0,857.0
9,1764042149.3529212,413.3292226791382,1014.0,395.0,871.0
9,1764042149.3802965,415.7047657966614,1014.0,413.0,872.0
9,1764042149.4214904,422.92841958999634,1014.0,414.0,879.0
9,1764042149.449793,427.7490644454956,1014.0,416.0,884.0
9,1764042149.4849012,432.52765226364136,1014.0,415.0,881.0
9,1764042149.520419,437.2954754829407,1014.0,413.0,879.0
9,1764042149.5450113,442.1465187072754,1014.0,441.0,863.0
9,1764042149.575637,446.9719557762146,1014.0,448.0,865.0
9,1764042149.6151557,451.60355854034424,1014.0,456.0,876.0
9,1764042149.6558254,458.91994524002075,1014.0,463.0,883.0
9,1764042149.6899362,463.7179522514343,1014.0,457.0,889.0
9,1764042149.718478,466.103187084198,1014.0,449.0,870.0
9,1764042149.7551107,473.22727727890015,1014.0,443.0,880.0
9,1764042149.79469,478.05353689193726,1014.0,446.0,877.0
9,1764042149.819933,482.83734607696533,1014.0,466.0,874.0
9,1764042149.8502195,487.8051905632019,1014.0,485.0,868.0
9,1764042149.8800976,492.525306224823,1014.0,495.0,864.0
9,1764042149.9152887,497.39669847488403,1014.0,492.0,872.0
9,1764042149.9503725,502.01853799819946,1014.0,479.0,876.0
9,1764042149.9801466,506.9068102836609,1014.0,462.0,888.0
9,1764042150.020673,511.6369752883911,1014.0,438.0,915.0
9,1764042150.0499997,516.4360551834106,1014.0,439.0,910.0
9,1764042150.0795422,521.318498134613,1014.0,467.0,888.0
9,1764042150.114875,526.0009198188782,1014.0,492.0,883.0
9,1764042150.1548655,533.2313685417175,1014.0,485.0,886.0
9,1764042150.1800113,535.640528678894,1014.0,479.0,904.0
9,1764042150.2187448,542.8088932037354,1014.0,499.0,915.0
9,1764042150.2505834,547.7568893432617,1014.0,526.0,921.0
9,1764042150.2807617,552.490487575531,1014.0,523.0,897.0
9,1764042150.3150897,557.3563365936279,1014.0,520.0,879.0
9,1764042150.345076,562.040117263794,1014.0,527.0,878.0
9,1764042150.37969,566.9810681343079,1014.0,526.0,873.0
9,1764042150.4248612,574.1701393127441,1014.0,537.0,883.0
9,1764042150.449819,576.4102845191956,1014.0,537.0,908.0
9,1764042150.4878426,583.7367205619812,1014.0,533.0,925.0
9,1764042150.5213614,588.5387687683105,1014.0,526.0,929.0
9,1764042150.5644305,595.7481532096863,1014.0,523.0,905.0
9,1764042150.5897896,598.1475858688354,1014.0,541.0,887.0
9,1764042150.6193905,602.8769998550415,1014.0,558.0,898.0
9,1764042150.6502383,607.6013712882996,1014.0,552.0,909.0
9,1764042150.6852324,612.4555616378784,1014.0,542.0,912.0
9,1764042150.7149885,617.3720149993896,1014.0,564.0,911.0
9,1764042150.7545838,622.0776824951172,1014.0,586.0,900.0
9,1764042150.7859478,626.8390684127808,1014.0,601.0,911.0
9,1764042150.82955,634.0746312141418,1014.0,619.0,899.0
9,1764042150.859769,638.9949469566345,1014.0,606.0,896.0
9,1764042150.8888993,643.6599521636963,1014.0,606.0,901.0
9,1764042150.9146857,646.0967569351196,1014.0,601.0,924.0
9,1764042150.9690373,655.6649832725525,1014.0,522.0,983.0
9,1764042150.9999123,660.4402809143066,1014.0,626.0,934.0
9,1764042151.0252306,662.9815487861633,1014.0,655.0,925.0
9,1764042151.0545766,667.7015929222107,1014.0,690.0,921.0
9,1764042151.0848083,672.4738149642944,1014.0,704.0,931.0
9,1764042151.1268024,679.64475440979,1014.0,696.0,901.0
9,1764042151.1554368,682.1558742523193,1014.0,706.0,888.0
9,1764042151.1848462,686.896803855896,1014.0,711.0,879.0
9,1764042151.2194245,691.7633323669434,1014.0,709.0,871.0
9,1764042151.265516,698.8925724029541,1014.0,689.0,895.0
9,1764042151.3046036,706.1015634536743,1014.0,670.0,917.0
9,1764042151.3294165,708.4370522499084,1014.0,676.0,909.0
9,1764042151.3594608,713.3029370307922,1014.0,693.0,887.0
9,1764042151.3947659,718.1269793510437,1014.0,697.0,875.0
9,1764042151.4203298,722.9238419532776,1014.0,723.0,906.0
9,1764042151.4600604,727.7060775756836,1014.0,720.0,921.0
9,1764042151.489997,732.5502543449402,1014.0,709.0,892.0
9,1764042151.519431,737.2822074890137,1014.0,717.0,885.0
9,1764042151.559705,744.433584690094,1014.0,731.0,884.0
9,1764042151.5924246,749.2757587432861,1014.0,730.0,889.0
9,1764042151.6256907,754.1600255966187,1014.0,714.0,891.0
9,1764042151.6600258,758.8455586433411,1014.0,696.0,902.0
9,1764042151.690553,763.6389880180359,1014.0,685.0,900.0
9,1764042151.7303338,768.5792236328125,1014.0,716.0,908.0
9,1764042151.755226,773.2666163444519,1014.0,748.0,919.0
9,1764042151.7895598,778.069272518158,1014.0,749.0,918.0
9,1764042151.8320081,785.255482673645,1014.0,747.0,909.0
9,1764042151.85972,787.653377532959,1014.0,750.0,924.0
9,1764042151.8894966,792.4429087638855,1014.0,745.0,945.0
9,1764042151.9302318,799.6331601142883,1014.0,752.0,958.0
9,1764042151.9555678,802.0072011947632,1014.0,757.0,946.0
9,1764042151.9945612,809.2695145606995,1014.0,746.0,936.0
9,1764042152.024984,814.1698746681213,1014.0,751.0,925.0
9,1764042152.0554738,818.9371256828308,1014.0,767.0,940.0
9,1764042152.0944448,823.690393447876,1014.0,777.0,951.0
9,1764042152.1388228,830.9111504554749,1014.0,774.0,938.0
9,1764042152.1695235,835.7327251434326,1014.0,755.0,916.0
9,1764042152.1945038,838.0671768188477,1014.0,751.0,935.0
9,1764042152.2248497,842.9324893951416,1014.0,804.0,966.0
9,1764042152.260105,847.733464717865,1014.0,797.0,971.0
9,1764042152.3053603,854.8742918968201,1014.0,792.0,970.0
9,1764042152.340374,859.7590594291687,1014.0,792.0,966.0
9,1764042152.365021,864.5226626396179,1014.0,806.0,940.0
9,1764042152.394689,869.3188815116882,1014.0,818.0,939.0
9,1764042152.4252572,874.0618138313293,1014.0,814.0,942.0
9,1764042152.4611206,878.8247017860413,1014.0,829.0,936.0
9,1764042152.495577,883.6007504463196,1014.0,848.0,947.0
9,1764042152.5369296,890.942385673523,1014.0,846.0,956.0
9,1764042152.5602674,893.218186378479,1014.0,806.0,951.0
9,1764042152.6047637,900.5454807281494,1014.0,807.0,957.0
9,1764042152.6406202,905.3348331451416,1014.0,805.0,940.0
9,1764042152.670555,910.0914268493652,1014.0,826.0,921.0
9,1764042152.6999986,914.8478417396545,1014.0,849.0,920.0
9,1764042152.7350357,919.6292548179626,1014.0,854.0,923.0
9,1764042152.769436,924.4310526847839,1014.0,856.0,928.0
9,1764042152.8072028,931.6993384361267,1014.0,861.0,945.0
9,1764042152.845347,936.4394454956055,1014.0,860.0,947.0
9,1764042152.864465,938.9276056289673,1014.0,873.0,944.0
9,1764042152.8949564,943.7701373100281,1014.0,875.0,938.0
9,1764042152.9296792,948.4896092414856,1014.0,898.0,948.0
9,1764042152.9736536,955.6159882545471,1014.0,898.0,945.0
9,1764042152.9952343,958.069887638092,1014.0,888.0,937.0
9,1764042153.0372102,965.2420430183411,1014.0,895.0,942.0
9,1764042153.0646713,970.1411514282227,1014.0,917.0,949.0
9,1764042153.0996702,974.8425989151001,1014.0,932.0,946.0
9,1764042153.1307206,979.6567707061768,1014.0,930.0,939.0
9,1764042153.1699975,984.5394997596741,1014.0,927.0,943.0
9,1764042153.199913,989.3204121589661,1014.0,941.0,983.0
9,1764042153.2406433,997.0816521644592,1014.0,961.0,989.0
9,1764042153.2651594,998.9071278572083,1014.0,959.0,956.0
9,1764042153.3073437,1006.1725525856018,1014.0,952.0,947.0
9,1764042153.3385403,1010.8360557556152,1014.0,944.0,946.0
9,1764042153.3747337,1015.7315878868103,1014.0,959.0,943.0
9,1764042153.4024,1020.4760937690735,1014.0,952.0,943.0
9,1764042153.4400535,1025.3130822181702,1014.0,960.0,975.0
9,1764042153.4651287,1030.1597623825073,1014.0,981.0,994.0
9,1764042153.5120442,1037.2590689659119,1014.0,977.0,972.0
9,1764042153.5496585,1042.0909790992737,1014.0,981.0,971.0
9,1764042153.5702217,1044.5053606033325,1014.0,1010.0,950.0
9,1764042153.615404,1051.680591583252,1014.0,1034.0,941.0
9,1764042153.6549635,1058.802035331726,1014.0,1021.0,944.0
9,1764042153.6745186,1061.3747744560242,1014.0,1023.0,937.0
9,1764042153.7062833,1066.175392150879,1014.0,1030.0,927.0
9,1764042153.7432601,1070.908275127411,1014.0,1038.0,921.0
9,1764042153.7703006,1075.6818203926086,1014.0,1044.0,922.0
9,1764042153.805511,1080.5119423866272,1014.0,1039.0,937.0
9,1764042153.8354008,1085.4203848838806,1014.0,1031.0,964.0
9,1764042153.8762321,1090.1526956558228,1014.0,1037.0,957.0
9,1764042153.9109726,1097.2674160003662,1014.0,1040.0,937.0
9,1764042153.9495513,1102.0482211112976,1014.0,1038.0,923.0
9,1764042153.9844363,1106.907060623169,1014.0,1057.0,934.0
9,1764042154.0069227,1111.625602722168,1014.0,1064.0,964.0
9,1764042154.0400395,1116.4058713912964,1014.0,1061.0,963.0
9,1764042154.0802937,1121.277621269226,1014.0,1031.0,953.0
9,1764042154.1216667,1128.512719154358,1014.0,1035.0,944.0
9,1764042154.155825,1133.2184581756592,1014.0,1050.0,949.0
9,1764042154.1805725,1135.6631307601929,1014.0,1049.0,958.0
9,1764042154.2048461,1140.493896484375,1014.0,1055.0,932.0
9,1764042154.2345788,1145.3402190208435,1014.0,1063.0,907.0
9,1764042154.270074,1150.0674514770508,1014.0,1093.0,912.0
9,1764042154.3109999,1157.2528748512268,1014.0,1093.0,935.0
9,1764042154.3394265,1159.710171699524,1014.0,1099.0,953.0
9,1764042154.3704815,1164.4857196807861,1014.0,1121.0,958.0
9,1764042154.4080715,1171.6110973358154,1014.0,1130.0,958.0
9,1764042154.445072,1176.4713315963745,1014.0,1112.0,979.0
9,1764042154.480242,1181.209364414215,1014.0,1115.0,972.0
9,1764042154.5152426,1186.1167697906494,1014.0,1128.0,972.0
9,1764042154.5518935,1193.2074575424194,1014.0,1144.0,968.0
9,1764042154.5749733,1195.70441532135,1014.0,1161.0,984.0
9,1764042154.6050854,1200.5519180297852,1014.0,1165.0,1013.0
9,1764042154.6346927,1205.286982536316,1014.0,1164.0,1019.0
9,1764042154.6808274,1212.4911456108093,1014.0,1159.0,1002.0
9,1764042154.7146828,1217.2348289489746,1014.0,1170.0,1009.0
9,1764042154.7401342,1219.6330814361572,1014.0,1161.0,1009.0
9,1764042154.7800655,1226.9094853401184,1014.0,1163.0,1001.0
9,1764042154.8075967,1231.6779880523682,1014.0,1159.0,989.0
9,1764042154.8447614,1236.435618877411,1014.0,1149.0,972.0
9,1764042154.8751698,1241.2613062858582,1014.0,1170.0,974.0
9,1764042154.9099445,1246.0731534957886,1014.0,1190.0,993.0
9,1764042154.955705,1253.275957584381,1014.0,1175.0,1010.0
9,1764042154.989603,1258.0570487976074,1014.0,1143.0,1005.0
9,1764042155.0161555,1262.8657488822937,1014.0,1124.0,989.0
9,1764042155.0402606,1265.2647166252136,1014.0,1144.0,997.0
9,1764042155.0750308,1270.100203037262,1014.0,1159.0,1017.0
9,1764042155.1127143,1277.2984652519226,1014.0,1159.0,1029.0
9,1764042155.140204,1279.6952514648438,1014.0,1161.0,1015.0
9,1764042155.1785645,1287.032166004181,1014.0,1189.0,1017.0
9,1764042155.2149346,1291.7701988220215,1014.0,1212.0,1020.0
9,1764042155.2494004,1296.5279369354248,1014.0,1237.0,1031.0
9,1764042155.2901561,1303.607967376709,1014.0,1250.0,1031.0
9,1764042155.314425,1306.126060962677,1014.0,1255.0,1008.0
9,1764042155.3510408,1313.2165341377258,1014.0,1254.0,1000.0
9,1764042155.394917,1318.1416063308716,1014.0,1245.0,995.0
9,1764042155.4310327,1325.2715616226196,1014.0,1252.0,993.0
9,1764042155.4743834,1330.058231830597,1014.0,1272.0,995.0
9,1764042155.515263,1337.349262714386,1014.0,1282.0,1002.0
9,1764042155.5397973,1339.6356492042542,1014.0,1276.0,997.0
9,1764042155.5603504,1344.5804982185364,1014.0,1270.0,988.0
9,1764042155.5916066,1349.3446021080017,1014.0,1281.0,996.0
9,1764042155.6154797,1351.6074566841125,1014.0,1281.0,982.0
9,1764042155.644972,1356.5242319107056,1014.0,1286.0,972.0
9,1764042155.675779,1361.2834362983704,1014.0,1286.0,961.0
9,1764042155.7101068,1366.1772875785828,1014.0,1280.0,986.0
9,1764042155.7513664,1373.2593207359314,1014.0,1273.0,1004.0
9,1764042155.7851226,1378.0059008598328,1014.0,1291.0,1019.0
9,1764042155.8100946,1380.454400062561,1014.0,1309.0,1012.0
9,1764042155.8469632,1387.6510171890259,1014.0,1305.0,1009.0
9,1764042155.8756704,1390.0343565940857,1014.0,1276.0,1013.0
9,1764042155.9201496,1397.419515132904,1014.0,1264.0,1021.0
9,1764042155.9495766,1402.065101146698,1014.0,1275.0,1035.0
9,1764042155.9852486,1406.9270877838135,1014.0,1301.0,1046.0
9,1764042156.0200725,1411.6005687713623,1014.0,1317.0,1044.0
9,1764042156.0504694,1416.470995426178,1014.0,1324.0,1027.0
9,1764042156.087737,1423.608639717102,1014.0,1323.0,1019.0
9,1764042156.1146939,1426.1476545333862,1014.0,1318.0,1025.0
9,1764042156.1450038,1430.8149127960205,1014.0,1316.0,1042.0
9,1764042156.1802938,1435.7586889266968,1014.0,1316.0,1045.0
9,1764042156.2244399,1442.8324251174927,1014.0,1314.0,1036.0
9,1764042156.2548723,1447.7435855865479,1014.0,1323.0,1024.0
9,1764042156.2854912,1452.496066570282,1014.0,1327.0,1022.0
9,1764042156.327376,1459.7163586616516,1014.0,1331.0,1028.0
9,1764042156.3650398,1464.436367034912,1014.0,1334.0,1042.0
9,1764042156.400287,1469.277539730072,1014.0,1344.0,1026.0
9,1764042156.4403818,1476.4909296035767,1014.0,1352.0,1011.0
9,1764042156.464635,1478.92533826828,1014.0,1352.0,1001.0
9,1764042156.492481,1483.7445883750916,1014.0,1359.0,988.0
9,1764042156.515345,1486.1833600997925,1014.0,1362.0,978.0
9,1764042156.5521684,1493.2687549591064,1014.0,1389.0,990.0
9,1764042156.5907314,1498.1167583465576,1014.0,1403.0,989.0
9,1764042156.616324,1502.9081134796143,1014.0,1401.0,985.0
9,1764042156.6602652,1507.6071648597717,1014.0,1429.0,978.0
9,1764042156.696193,1514.860716342926,1014.0,1432.0,977.0
9,1764042156.7195225,1517.212441444397,1014.0,1423.0,994.0
9,1764042156.760029,1524.4569091796875,1014.0,1436.0,1008.0
9,1764042156.7951674,1529.2720465660095,1014.0,1446.0,1014.0
9,1764042156.8200974,1531.603744506836,1014.0,1456.0,1022.0
9,1764042156.8450584,1536.5260272026062,1014.0,1445.0,1031.0
9,1764042156.891813,1543.6416773796082,1014.0,1442.0,1028.0
9,1764042156.9198437,1548.5235123634338,1014.0,1448.0,1022.0
9,1764042156.9520056,1553.2440571784973,1014.0,1469.0,1014.0
9,1764042156.991237,1558.0826907157898,1014.0,1488.0,1006.0
9,1764042157.020511,1562.8905682563782,1014.0,1482.0,1009.0
9,1764042157.0545278,1567.6170854568481,1014.0,1479.0,1022.0
9,1764042157.0893884,1572.5327877998352,1014.0,1466.0,1034.0
9,1764042157.1195083,1577.3057250976562,1014.0,1455.0,1025.0
9,1764042157.1596482,1584.494653224945,1014.0,1461.0,1005.0
9,1764042157.1999354,1589.2528562545776,1014.0,1470.0,984.0
9,1764042157.2202857,1591.7127995491028,1014.0,1491.0,997.0
9,1764042157.26011,1598.8024501800537,1014.0,1502.0,1006.0
9,1764042157.2894957,1603.6747364997864,1014.0,1510.0,1017.0
9,1764042157.330492,1608.4517149925232,1014.0,1515.0,1039.0
9,1764042157.3680987,1615.678837776184,1014.0,1530.0,1056.0
9,1764042157.3853312,1618.1941061019897,1014.0,1524.0,1075.0
9,1764042157.432286,1625.4067449569702,1014.0,1525.0,1076.0
9,1764042157.4648552,1630.141523361206,1014.0,1526.0,1057.0
9,1764042157.4894137,1632.5664548873901,1014.0,1523.0,1059.0
9,1764042157.520629,1637.2100739479065,1014.0,1524.0,1065.0
9,1764042157.5549002,1642.1912579536438,1014.0,1520.0,1067.0
9,1764042157.591574,1649.2198615074158,1014.0,1511.0,1068.0
9,1764042157.624991,1654.1453986167908,1014.0,1523.0,1062.0
9,1764042157.6549191,1658.8252453804016,1014.0,1541.0,1066.0
9,1764042157.6899192,1663.7351541519165,1014.0,1552.0,1067.0
9,1764042157.7302952,1668.4895663261414,1014.0,1556.0,1062.0
9,1764042157.769655,1675.715973854065,1014.0,1562.0,1061.0
9,1764042157.8000457,1680.4556875228882,1014.0,1559.0,1063.0
9,1764042157.8352044,1685.2731852531433,1014.0,1553.0,1067.0
9,1764042157.8694236,1690.070369720459,1014.0,1531.0,1054.0
9,1764042157.9052384,1694.9105410575867,1014.0,1556.0,1037.0
9,1764042157.9405003,1699.8788146972656,1014.0,1560.0,1030.0
9,1764042157.9851768,1707.019820690155,1014.0,1565.0,1027.0
9,1764042158.0147712,1711.7336778640747,1014.0,1567.0,1037.0
9,1764042158.044887,1716.4204983711243,1014.0,1579.0,1043.0
9,1764042158.075231,1721.248474597931,1014.0,1583.0,1041.0
