line_idx,timestamp,dot_x,dot_y,gaze_x,gaze_y
0,1764042709.1346517,178.0,178.0,197.0,229.0
0,1764042709.1692128,180.49699354171753,178.0,202.0,245.0
0,1764042709.1993682,185.15001821517944,178.0,209.0,252.0
0,1764042709.2414474,192.40314054489136,178.0,213.0,250.0
0,1764042709.2743087,197.28486824035645,178.0,221.0,243.0
0,1764042709.299662,199.57350778579712,178.0,220.0,240.0
0,1764042709.3399632,206.77970933914185,178.0,215.0,240.0
0,1764042709.3703942,211.51184129714966,178.0,207.0,238.0
0,1764042709.4043555,216.34736347198486,178.0,197.0,241.0
0,1764042709.444352,221.22937726974487,178.0,197.0,245.0
0,1764042709.4826214,228.34055709838867,178.0,215.0,258.0
0,1764042709.5145175,233.14214038848877,178.0,255.0,296.0
0,1764042709.5396137,235.55194425582886,178.0,237.0,260.0
0,1764042709.5692098,240.3234510421753,178.0,218.0,265.0
0,1764042709.6109412,247.78614330291748,178.0,212.0,264.0
0,1764042709.644265,252.35816526412964,178.0,224.0,262.0
0,1764042709.679565,257.1334271430969,178.0,233.0,251.0
0,1764042709.7146165,261.9940905570984,178.0,237.0,240.0
0,1764042709.7397084,266.8173460960388,178.0,240.0,241.0
0,1764042709.7746685,271.5620665550232,178.0,249.0,255.0
0,1764042709.8054276,276.43045473098755,178.0,257.0,261.0
0,1764042709.8347328,281.14048528671265,178.0,258.0,265.0
0,1764042709.8746142,285.97178745269775,178.0,259.0,268.0
0,1764042709.9099174,293.28992652893066,178.0,260.0,268.0
0,1764042709.944562,298.0015664100647,178.0,271.0,269.0
0,1764042709.9763458,302.77961778640747,178.0,279.0,259.0
0,1764042710.0042763,305.19725370407104,178.0,284.0,260.0
0,1764042710.049765,312.42169427871704,178.0,292.0,264.0
0,1764042710.0790725,317.1439914703369,178.0,305.0,286.0
0,1764042710.1146998,321.91446113586426,178.0,302.0,286.0
0,1764042710.1440887,326.8120675086975,178.0,306.0,284.0
0,1764042710.182057,331.5185217857361,178.0,311.0,284.0
0,1764042710.2200193,338.79474687576294,178.0,311.0,287.0
0,1764042710.2547045,343.59014320373535,178.0,307.0,291.0
0,1764042710.2750192,346.06560754776,178.0,304.0,284.0
0,1764042710.3094149,353.2145528793335,178.0,304.0,284.0
0,1764042710.3499782,358.0345540046692,178.0,313.0,284.0
0,1764042710.3843062,362.84407663345337,178.0,322.0,279.0
0,1764042710.409121,367.5212769508362,178.0,332.0,265.0
0,1764042710.440015,372.3326234817505,178.0,340.0,271.0
0,1764042710.4844136,377.14454221725464,178.0,341.0,263.0
0,1764042710.5228791,384.4267039299011,178.0,347.0,254.0
0,1764042710.5491192,389.1702084541321,178.0,353.0,252.0
0,1764042710.5851495,393.9917116165161,178.0,361.0,263.0
0,1764042710.6100986,396.36310625076294,178.0,369.0,273.0
0,1764042710.6449769,401.2185482978821,178.0,374.0,283.0
0,1764042710.680849,408.4639458656311,178.0,364.0,272.0
0,1764042710.7174203,413.23813486099243,178.0,354.0,267.0
0,1764042710.7452893,417.9100422859192,178.0,363.0,281.0
0,1764042710.784978,422.71927881240845,178.0,373.0,280.0
0,1764042710.8199613,427.6123790740967,178.0,379.0,279.0
0,1764042710.8583508,434.7895770072937,178.0,387.0,286.0
0,1764042710.884393,437.2162609100342,178.0,394.0,286.0
0,1764042710.9208853,444.4731025695801,178.0,392.0,293.0
0,1764042710.9443586,446.76481771469116,178.0,392.0,289.0
0,1764042710.9796858,451.6465096473694,178.0,395.0,282.0
0,1764042711.0191643,458.7201027870178,178.0,426.0,271.0
0,1764042711.054877,463.5619192123413,178.0,426.0,261.0
0,1764042711.084815,468.3133273124695,178.0,424.0,266.0
0,1764042711.1200113,473.1241731643677,178.0,420.0,280.0
0,1764042711.1549268,477.9422073364258,178.0,420.0,294.0
0,1764042711.189433,485.21728801727295,178.0,418.0,304.0
0,1764042711.225836,490.0077133178711,178.0,417.0,299.0
0,1764042711.249724,492.4125461578369,178.0,424.0,279.0
0,1764042711.2846465,497.2466378211975,178.0,424.0,275.0
0,1764042711.3221073,504.4492988586426,178.0,415.0,275.0
0,1764042711.3596265,509.1277151107788,178.0,410.0,276.0
0,1764042711.394112,514.0499978065491,178.0,414.0,278.0
0,1764042711.4199653,518.7235860824585,178.0,410.0,287.0
0,1764042711.45478,523.5283880233765,178.0,417.0,284.0
0,1764042711.489273,528.4944801330566,178.0,424.0,276.0
0,1764042711.5151827,533.1397800445557,178.0,421.0,272.0
0,1764042711.549303,538.0056290626526,178.0,418.0,278.0
0,1764042711.5800714,542.7306084632874,178.0,410.0,283.0
0,1764042711.6190574,547.5978879928589,178.0,417.0,287.0
0,1764042711.649936,552.4375228881836,178.0,425.0,296.0
0,1764042711.6846342,557.1844606399536,178.0,458.0,287.0
0,1764042711.7241483,564.4011406898499,178.0,443.0,291.0
0,1764042711.7496753,569.2536144256592,178.0,439.0,282.0
0,1764042711.779754,571.6170697212219,178.0,439.0,283.0
0,1764042711.8203185,578.8164763450623,178.0,443.0,291.0
0,1764042711.859805,583.6379795074463,178.0,455.0,290.0
0,1764042711.9050415,590.846827507019,178.0,479.0,280.0
0,1764042711.9293668,595.6077842712402,178.0,502.0,269.0
0,1764042711.9550133,597.9805378913879,178.0,490.0,278.0
0,1764042711.984437,602.8322248458862,178.0,487.0,280.0
0,1764042712.024851,610.0224046707153,178.0,483.0,278.0
0,1764042712.0643363,614.724066734314,178.0,485.0,269.0
0,1764042712.0842998,617.121675491333,178.0,508.0,267.0
0,1764042712.1218765,624.4250802993774,178.0,513.0,272.0
0,1764042712.1597178,629.1273860931396,178.0,529.0,290.0
0,1764042712.1940455,633.9919834136963,178.0,508.0,303.0
0,1764042712.2234848,639.3442063331604,178.0,501.0,310.0
0,1764042712.2545362,643.5557751655579,178.0,505.0,320.0
0,1764042712.2842522,648.3299641609192,178.0,503.0,323.0
0,1764042712.3149846,653.2185940742493,178.0,504.0,322.0
0,1764042712.360519,660.3171854019165,178.0,503.0,307.0
0,1764042712.38489,662.7918629646301,178.0,502.0,295.0
0,1764042712.4198403,667.5690202713013,178.0,509.0,299.0
0,1764042712.45714,674.7115640640259,178.0,520.0,298.0
0,1764042712.4941761,679.5633940696716,178.0,527.0,292.0
0,1764042712.5367765,686.855390548706,178.0,534.0,291.0
0,1764042712.5649164,689.1090898513794,178.0,539.0,296.0
0,1764042712.5893264,693.9462571144104,178.0,550.0,293.0
0,1764042712.6194532,698.8981513977051,178.0,550.0,285.0
0,1764042712.655073,703.5674481391907,178.0,559.0,268.0
0,1764042712.690203,708.3198575973511,178.0,569.0,263.0
0,1764042712.735091,715.6377820968628,178.0,580.0,260.0
0,1764042712.7696323,720.3311114311218,178.0,589.0,277.0
0,1764042712.7943234,725.1479654312134,178.0,586.0,283.0
0,1764042712.8202758,727.5256543159485,178.0,585.0,286.0
0,1764042712.8569322,734.8426132202148,178.0,581.0,285.0
0,1764042712.8897333,739.6418361663818,178.0,588.0,271.0
0,1764042712.9203265,744.3701772689819,178.0,596.0,257.0
0,1764042712.9600332,749.2558031082153,178.0,609.0,245.0
0,1764042712.9896214,754.0229825973511,178.0,607.0,243.0
0,1764042713.0343103,761.1564784049988,178.0,620.0,244.0
0,1764042713.0685058,765.9122138023376,178.0,626.0,230.0
0,1764042713.0893488,768.4165744781494,178.0,643.0,213.0
0,1764042713.1242623,773.1497793197632,178.0,646.0,209.0
0,1764042713.1680965,780.4364113807678,178.0,640.0,214.0
0,1764042713.199123,785.2046637535095,178.0,633.0,237.0
0,1764042713.2345428,790.0578527450562,178.0,637.0,258.0
0,1764042713.2591634,794.8366193771362,178.0,631.0,280.0
0,1764042713.2946157,799.667742729187,178.0,645.0,287.0
0,1764042713.3241994,804.3360023498535,178.0,653.0,281.0
0,1764042713.3540764,809.1114430427551,178.0,670.0,266.0
0,1764042713.4000905,816.3094906806946,178.0,676.0,272.0
0,1764042713.4243605,818.7810926437378,178.0,679.0,287.0
0,1764042713.4598632,823.614218711853,178.0,690.0,278.0
0,1764042713.49632,830.7437090873718,178.0,696.0,262.0
0,1764042713.534566,835.6576232910156,178.0,697.0,251.0
0,1764042713.5694308,840.4085664749146,178.0,697.0,267.0
0,1764042713.5897598,845.2662973403931,178.0,710.0,286.0
0,1764042713.6342123,849.9780087471008,178.0,716.0,286.0
0,1764042713.6590543,854.7408609390259,178.0,707.0,288.0
0,1764042713.6892083,859.5472722053528,178.0,707.0,307.0
0,1764042713.7252872,864.3118767738342,178.0,698.0,327.0
0,1764042713.771242,871.5412168502808,178.0,711.0,328.0
0,1764042713.8027291,876.3532786369324,178.0,736.0,321.0
0,1764042713.834649,881.1869769096375,178.0,737.0,308.0
0,1764042713.8644173,886.0031514167786,178.0,729.0,305.0
0,1764042713.9040542,890.8244400024414,178.0,728.0,313.0
0,1764042713.9395704,895.5713777542114,178.0,728.0,329.0
0,1764042713.9608526,900.39670753479,178.0,734.0,370.0
0,1764042713.9949222,905.1844863891602,178.0,735.0,378.0
0,1764042714.029567,909.9284200668335,178.0,744.0,377.0
0,1764042714.0691433,917.1738176345825,178.0,747.0,374.0
0,1764042714.110077,922.1013216972351,178.0,759.0,371.0
0,1764042714.1441777,926.7528443336487,178.0,778.0,355.0
0,1764042714.1704068,931.6465525627136,178.0,775.0,360.0
0,1764042714.1945384,934.0188055038452,178.0,787.0,342.0
0,1764042714.2400594,941.2583379745483,178.0,794.0,329.0
0,1764042714.2803326,948.3418374061584,178.0,808.0,300.0
0,1764042714.314694,953.2035021781921,178.0,811.0,295.0
0,1764042714.3391764,955.5129914283752,178.0,821.0,305.0
0,1764042714.3620489,960.4541568756104,178.0,828.0,305.0
0,1764042714.3950193,965.2092485427856,178.0,822.0,297.0
0,1764042714.4293277,969.9203519821167,178.0,822.0,267.0
0,1764042714.4641683,974.7182874679565,178.0,834.0,254.0
0,1764042714.5022225,979.5324592590332,178.0,831.0,280.0
0,1764042714.5300102,984.3637971878052,178.0,831.0,323.0
0,1764042714.5694315,991.5845184326172,178.0,837.0,333.0
0,1764042714.5942342,993.9828782081604,178.0,861.0,264.0
0,1764042714.631908,1001.1322526931763,178.0,866.0,258.0
0,1764042714.6691186,1006.0157327651978,178.0,860.0,270.0
0,1764042714.700983,1010.8746438026428,178.0,857.0,266.0
0,1764042714.7390459,1015.546980381012,178.0,881.0,288.0
0,1764042714.7649627,1020.3328995704651,178.0,843.0,321.0
0,1764042714.794733,1025.1523642539978,178.0,844.0,349.0
0,1764042714.8466187,1032.3527007102966,178.0,838.0,360.0
0,1764042714.8745744,1037.1663718223572,178.0,860.0,334.0
0,1764042714.9083247,1042.2341375350952,178.0,864.0,337.0
0,1764042714.954499,1049.1143612861633,178.0,873.0,326.0
0,1764042714.9790819,1051.6244797706604,178.0,910.0,312.0
0,1764042715.0042546,1056.3480644226074,178.0,907.0,340.0
0,1764042715.0349498,1061.191955089569,178.0,908.0,283.0
0,1764042715.059467,1063.5974674224854,178.0,914.0,279.0
0,1764042715.1123736,1073.1518535614014,178.0,935.0,218.0
0,1764042715.146213,1078.0984907150269,178.0,948.0,158.0
0,1764042715.1694021,1080.4569749832153,178.0,952.0,139.0
0,1764042715.1994212,1085.1497321128845,178.0,957.0,116.0
0,1764042715.2300122,1090.0412945747375,178.0,968.0,95.0
0,1764042715.2747004,1097.13480758667,178.0,967.0,100.0
0,1764042715.2991126,1099.5526223182678,178.0,963.0,119.0
0,1764042715.3348355,1106.7279963493347,178.0,990.0,176.0
0,1764042715.374986,1111.6501359939575,178.0,983.0,224.0
0,1764042715.3999674,1116.3330583572388,178.0,973.0,279.0
0,1764042715.4452727,1121.1169033050537,178.0,978.0,277.0
0,1764042715.469093,1125.9887247085571,178.0,964.0,361.0
0,1764042715.5041738,1130.8949856758118,178.0,969.0,371.0
0,1764042715.5390515,1135.558023929596,178.0,976.0,367.0
0,1764042715.5700498,1140.3459458351135,178.0,1004.0,365.0
0,1764042715.6002836,1145.2687649726868,178.0,1047.0,278.0
0,1764042715.6410756,1152.4482517242432,178.0,995.0,368.0
0,1764042715.6693802,1157.2093515396118,178.0,1013.0,336.0
0,1764042715.7052836,1161.941125869751,178.0,1062.0,261.0
0,1764042715.7392166,1166.841986656189,178.0,1020.0,329.0
0,1764042715.7700007,1171.5178637504578,178.0,1024.0,321.0
0,1764042715.8099625,1176.3226656913757,178.0,1033.0,326.0
0,1764042715.8331194,1181.135907649994,178.0,1030.0,333.0
0,1764042715.8692026,1186.0334782600403,178.0,1022.0,346.0
0,1764042715.9096444,1193.24897813797,178.0,1026.0,293.0
0,1764042715.939614,1195.776370048523,178.0,996.0,381.0
0,1764042715.9781907,1202.738347530365,178.0,1001.0,378.0
0,1764042716.0144863,1207.6319127082825,178.0,1015.0,390.0
0,1764042716.044826,1212.3649744987488,178.0,1023.0,400.0
0,1764042716.074389,1217.143991470337,178.0,1036.0,397.0
0,1764042716.1080146,1222.1820740699768,178.0,1050.0,394.0
0,1764042716.139749,1226.764967918396,178.0,1054.0,378.0
0,1764042716.169731,1231.6067485809326,178.0,1061.0,370.0
0,1764042716.2044454,1236.3194255828857,178.0,1071.0,372.0
0,1764042716.2518663,1243.6036257743835,178.0,1085.0,368.0
0,1764042716.2748637,1245.9296731948853,178.0,1093.0,375.0
0,1764042716.3042095,1250.8222370147705,178.0,1100.0,382.0
0,1764042716.344738,1258.0150990486145,178.0,1098.0,382.0
0,1764042716.377611,1262.8931431770325,178.0,1113.0,384.0
0,1764042716.405078,1265.139332294464,178.0,1120.0,365.0
0,1764042716.4449918,1272.4029331207275,178.0,1126.0,341.0
0,1764042716.4740524,1277.1201519966125,178.0,1127.0,334.0
0,1764042716.514875,1282.118001461029,178.0,1128.0,329.0
0,1764042716.5380516,1286.76544713974,178.0,1129.0,329.0
0,1764042716.579889,1291.582444190979,178.0,1130.0,339.0
0,1764042716.616417,1298.7785248756409,178.0,1134.0,343.0
0,1764042716.6410062,1301.1822490692139,178.0,1139.0,363.0
0,1764042716.6813524,1308.430293083191,178.0,1147.0,370.0
0,1764042716.7146637,1313.2290868759155,178.0,1158.0,383.0
0,1764042716.739982,1315.6438617706299,178.0,1172.0,241.0
0,1764042716.7799065,1322.7981715202332,178.0,1172.0,390.0
0,1764042716.8095517,1327.6099829673767,178.0,1180.0,376.0
0,1764042716.8402567,1332.3726563453674,178.0,1178.0,379.0
0,1764042716.8797715,1337.38720703125,178.0,1183.0,371.0
0,1764042716.9092803,1342.0555024147034,178.0,1185.0,372.0
0,1764042716.9501963,1349.331763267517,178.0,1187.0,376.0
0,1764042716.9792914,1351.5694408416748,178.0,1222.0,374.0
0,1764042717.0100305,1356.3100485801697,178.0,1227.0,358.0
0,1764042717.0447679,1361.2589387893677,178.0,1237.0,345.0
0,1764042717.0826747,1368.4163241386414,178.0,1224.0,237.0
0,1764042717.1194472,1373.2247023582458,178.0,1242.0,336.0
0,1764042717.1492915,1378.0365495681763,178.0,1249.0,332.0
0,1764042717.1765296,1382.79975938797,178.0,1252.0,330.0
0,1764042717.2143059,1387.5433712005615,178.0,1261.0,324.0
0,1764042717.249603,1392.4397974014282,178.0,1273.0,311.0
0,1764042717.274701,1397.2026138305664,178.0,1272.0,306.0
0,1764042717.3147545,1401.9259839057922,178.0,1277.0,301.0
0,1764042717.3441448,1406.7206649780273,178.0,1281.0,291.0
0,1764042717.374302,1411.6281418800354,178.0,1285.0,287.0
0,1764042717.4192207,1418.8677101135254,178.0,1270.0,295.0
0,1764042717.4510813,1423.6720113754272,178.0,1278.0,308.0
0,1764042717.490491,1428.3782868385315,178.0,1279.0,312.0
0,1764042717.520035,1433.1414251327515,178.0,1280.0,330.0
0,1764042717.5545976,1437.951376914978,178.0,1304.0,349.0
0,1764042717.5846868,1442.8388266563416,178.0,1309.0,343.0
0,1764042717.621205,1447.6144461631775,178.0,1319.0,360.0
0,1764042717.6640942,1454.8835544586182,178.0,1323.0,361.0
0,1764042717.6851802,1457.2221188545227,178.0,1334.0,340.0
0,1764042717.71424,1462.0176224708557,178.0,1347.0,346.0
0,1764042717.7590628,1469.1741495132446,178.0,1352.0,337.0
0,1764042717.7944407,1473.9780931472778,178.0,1358.0,329.0
0,1764042717.82001,1478.7577896118164,178.0,1367.0,313.0
0,1764042717.849786,1483.5639863014221,178.0,1375.0,321.0
0,1764042717.8802364,1488.3119611740112,178.0,1389.0,318.0
0,1764042717.920229,1493.31503200531,178.0,1396.0,312.0
0,1764042717.9504354,1497.9888348579407,178.0,1409.0,304.0
0,1764042717.980201,1502.8002886772156,178.0,1414.0,299.0
0,1764042718.0203404,1507.5690059661865,178.0,1424.0,305.0
0,1764042718.049112,1512.423267841339,178.0,1428.0,305.0
0,1764042718.0797122,1517.2397999763489,178.0,1433.0,308.0
0,1764042718.1240804,1524.386742591858,178.0,1434.0,309.0
0,1764042718.149243,1529.1887907981873,178.0,1434.0,305.0
0,1764042718.1876667,1534.0387969017029,178.0,1439.0,303.0
0,1764042718.2293391,1541.2031917572021,178.0,1463.0,303.0
0,1764042718.2541037,1543.5250191688538,178.0,1475.0,300.0
0,1764042718.2845662,1548.3402996063232,178.0,1484.0,307.0
0,1764042718.314421,1553.1158475875854,178.0,1493.0,313.0
0,1764042718.3493755,1557.977297782898,178.0,1495.0,310.0
0,1764042718.3842733,1562.8506927490234,178.0,1501.0,315.0
0,1764042718.4197478,1567.635682106018,178.0,1511.0,329.0
0,1764042718.459469,1574.7435359954834,178.0,1518.0,330.0
0,1764042718.4842725,1577.1158962249756,178.0,1520.0,323.0
0,1764042718.5238488,1584.3425183296204,178.0,1531.0,328.0
0,1764042718.5547678,1589.2432718276978,178.0,1535.0,327.0
0,1764042718.5891445,1593.926730632782,178.0,1533.0,331.0
0,1764042718.6246228,1598.835566520691,178.0,1538.0,326.0
0,1764042718.6499975,1603.594699382782,178.0,1526.0,339.0
0,1764042718.6963627,1610.7779412269592,178.0,1545.0,343.0
0,1764042718.7350693,1615.53342628479,178.0,1558.0,346.0
0,1764042718.7648845,1620.3272132873535,178.0,1422.0,-30.0
0,1764042718.804151,1625.2354054450989,178.0,1578.0,373.0
0,1764042718.8410485,1632.3147921562195,178.0,1579.0,376.0
0,1764042718.8591156,1634.9429636001587,178.0,1585.0,394.0
0,1764042718.8910072,1639.5679860115051,178.0,1574.0,381.0
0,1764042718.921721,1644.3977146148682,178.0,1604.0,388.0
0,1764042718.9544346,1649.1207628250122,178.0,1607.0,387.0
0,1764042718.9896648,1653.984537601471,178.0,1607.0,378.0
0,1764042719.0292678,1661.192491531372,178.0,1608.0,373.0
0,1764042719.0641844,1665.9146814346313,178.0,1607.0,386.0
0,1764042719.0891707,1668.498399734497,178.0,1610.0,393.0
0,1764042719.1192,1673.1257467269897,178.0,1613.0,391.0
0,1764042719.155171,1677.9949216842651,178.0,1619.0,413.0
0,1764042719.1897938,1685.2713971138,178.0,1621.0,407.0
0,1764042719.2249048,1690.0288133621216,178.0,1625.0,417.0
0,1764042719.259847,1694.7729258537292,178.0,1626.0,421.0
0,1764042719.2992404,1699.6223239898682,178.0,1634.0,418.0
0,1764042719.3245041,1704.405417919159,178.0,1636.0,411.0
0,1764042719.3563836,1709.2171578407288,178.0,1633.0,404.0
0,1764042719.3943233,1714.0276460647583,178.0,1632.0,399.0
0,1764042719.4198341,1718.8429980278015,178.0,1634.0,394.0
1,1764042719.4671776,1726.0462312698364,178.0,1636.0,390.0
1,1764042719.4992313,1726.0462312698364,178.0,1638.0,391.0
1,1764042719.5347352,1726.0462312698364,178.0,1643.0,392.0
1,1764042719.574908,1726.0462312698364,178.0,1648.0,392.0
1,1764042719.599179,1726.0462312698364,178.0,1661.0,383.0
1,1764042719.6298518,1726.0462312698364,178.0,1669.0,386.0
1,1764042719.6650214,1726.0462312698364,178.0,1680.0,381.0
1,1764042719.7045004,1726.0462312698364,178.0,1688.0,380.0
1,1764042719.7248192,1726.0462312698364,178.0,1689.0,372.0
1,1764042719.7592282,1726.0462312698364,178.0,1689.0,365.0
1,1764042719.799378,1726.0462312698364,178.0,1695.0,371.0
1,1764042719.8242354,1726.0462312698364,178.0,1696.0,376.0
1,1764042719.8648214,1726.0462312698364,178.0,1697.0,375.0
1,1764042719.894614,1726.0462312698364,178.0,1691.0,370.0
1,1764042719.9249861,1726.0462312698364,178.0,1698.0,388.0
1,1764042719.9644027,178.0,270.0,1461.0,423.0
1,1764042719.9947991,180.48873233795166,270.0,1490.0,-616.0
1,1764042720.0254958,185.22615718841553,270.0,1321.0,-469.0
1,1764042720.0644667,192.54282999038696,270.0,350.0,593.0
1,1764042720.0949447,197.21623945236206,270.0,240.0,463.0
1,1764042720.1275356,202.07203912734985,270.0,202.0,445.0
1,1764042720.1597178,206.9405345916748,270.0,174.0,437.0
1,1764042720.2068403,214.68078184127808,270.0,177.0,439.0
1,1764042720.241507,218.93258380889893,270.0,175.0,437.0
1,1764042720.2649605,221.34160089492798,270.0,179.0,436.0
1,1764042720.2895153,226.08413982391357,270.0,179.0,437.0
1,1764042720.3404646,233.36086559295654,270.0,182.0,437.0
1,1764042720.3657863,238.04407405853271,270.0,178.0,432.0
1,1764042720.4069057,242.90774154663086,270.0,185.0,435.0
1,1764042720.4312596,247.65986490249634,270.0,200.0,433.0
1,1764042720.4646814,252.48984384536743,270.0,197.0,423.0
1,1764042720.4996312,257.22011613845825,270.0,202.0,395.0
1,1764042720.5302343,262.1111421585083,270.0,205.0,392.0
1,1764042720.559243,266.9099717140198,270.0,220.0,398.0
1,1764042720.5990539,271.7012553215027,270.0,240.0,405.0
1,1764042720.62916,276.49146604537964,270.0,245.0,407.0
1,1764042720.6599638,281.3202290534973,270.0,250.0,404.0
1,1764042720.7048285,288.557758808136,270.0,262.0,400.0
1,1764042720.7292204,290.8994345664978,270.0,279.0,389.0
1,1764042720.7648335,298.0151562690735,270.0,290.0,387.0
1,1764042720.7993572,302.864661693573,270.0,315.0,381.0
1,1764042720.8397386,307.78676557540894,270.0,317.0,377.0
1,1764042720.869317,312.51703786849976,270.0,315.0,389.0
1,1764042720.8991694,317.2482042312622,270.0,321.0,392.0
1,1764042720.930113,322.11280155181885,270.0,327.0,383.0
1,1764042720.9646652,326.9452838897705,270.0,337.0,381.0
1,1764042721.0071414,334.08997344970703,270.0,349.0,390.0
1,1764042721.0452182,338.85994243621826,270.0,349.0,395.0
1,1764042721.0650384,341.32786083221436,270.0,324.0,392.0
1,1764042721.0996158,348.5971121788025,270.0,332.0,382.0
1,1764042721.1426423,353.2042531967163,270.0,335.0,384.0
1,1764042721.167954,358.20102977752686,270.0,333.0,388.0
1,1764042721.204271,362.9424958229065,270.0,335.0,384.0
1,1764042721.2348585,367.75305557250977,270.0,365.0,385.0
1,1764042721.264617,372.5030689239502,270.0,364.0,404.0
1,1764042721.3040493,377.33515787124634,270.0,357.0,408.0
1,1764042721.334054,382.2144179344177,270.0,346.0,400.0
1,1764042721.3643563,386.972692489624,270.0,348.0,393.0
1,1764042721.4147813,394.1158800125122,270.0,362.0,394.0
1,1764042721.4441125,398.8508014678955,270.0,366.0,388.0
1,1764042721.4708042,403.6512761116028,270.0,363.0,385.0
1,1764042721.5099456,408.46737909317017,270.0,355.0,383.0
1,1764042721.5394263,413.3002190589905,270.0,351.0,382.0
1,1764042721.5745862,418.0165796279907,270.0,348.0,388.0
1,1764042721.6004739,422.87388134002686,270.0,355.0,388.0
1,1764042721.6512184,430.13708877563477,270.0,358.0,379.0
1,1764042721.6895416,434.8204402923584,270.0,366.0,383.0
1,1764042721.719667,439.6912603378296,270.0,375.0,377.0
1,1764042721.7447975,444.4196014404297,270.0,383.0,376.0
1,1764042721.764503,446.8329815864563,270.0,395.0,373.0
1,1764042721.799152,451.70845079421997,270.0,403.0,373.0
1,1764042721.8342443,456.54089736938477,270.0,406.0,374.0
1,1764042721.8696961,463.600221157074,270.0,414.0,376.0
1,1764042721.8992343,468.53988456726074,270.0,448.0,385.0
1,1764042721.951219,475.73911237716675,270.0,445.0,378.0
1,1764042721.9947011,480.43154764175415,270.0,445.0,373.0
1,1764042722.015424,485.31821060180664,270.0,459.0,364.0
1,1764042722.0418522,487.7477912902832,270.0,459.0,362.0
1,1764042722.069912,492.4135117530823,270.0,466.0,367.0
1,1764042722.1050692,497.24588680267334,270.0,472.0,370.0
1,1764042722.1391864,504.5326976776123,270.0,445.0,379.0
1,1764042722.169593,506.8843512535095,270.0,449.0,375.0
1,1764042722.2098556,514.1288905143738,270.0,456.0,371.0
1,1764042722.2399685,518.8593058586121,270.0,463.0,382.0
1,1764042722.2743256,523.6384301185608,270.0,459.0,391.0
1,1764042722.3041549,528.4766702651978,270.0,457.0,387.0
1,1764042722.3506877,535.785975933075,270.0,467.0,392.0
1,1764042722.3821673,540.4953627586365,270.0,487.0,395.0
1,1764042722.404992,542.877200126648,270.0,532.0,385.0
1,1764042722.4399352,547.7691202163696,270.0,549.0,373.0
1,1764042722.4795115,554.8809795379639,270.0,545.0,373.0
1,1764042722.5051057,557.3413519859314,270.0,536.0,384.0
1,1764042722.5450282,564.419951915741,270.0,541.0,387.0
1,1764042722.5749412,569.2429213523865,270.0,546.0,383.0
1,1764042722.621593,576.4151482582092,270.0,546.0,373.0
1,1764042722.6454926,578.8628249168396,270.0,542.0,372.0
1,1764042722.6799064,583.6780338287354,270.0,535.0,374.0
1,1764042722.7090824,588.4150652885437,270.0,523.0,372.0
1,1764042722.7390661,593.4025435447693,270.0,515.0,364.0
1,1764042722.7748642,598.0601816177368,270.0,507.0,360.0
1,1764042722.8160613,605.2522211074829,270.0,504.0,365.0
1,1764042722.847229,610.0919990539551,270.0,504.0,373.0
1,1764042722.8870778,614.86203956604,270.0,508.0,376.0
1,1764042722.9130182,619.815721988678,270.0,521.0,382.0
1,1764042722.9444315,624.5116262435913,270.0,525.0,379.0
1,1764042722.9846096,629.3707876205444,270.0,532.0,378.0
1,1764042723.0295727,636.4643006324768,270.0,535.0,385.0
1,1764042723.0552819,641.2304787635803,270.0,548.0,379.0
1,1764042723.0952842,646.0308818817139,270.0,572.0,378.0
1,1764042723.1248662,650.8448748588562,270.0,575.0,373.0
1,1764042723.1591678,655.6837229728699,270.0,572.0,379.0
1,1764042723.181931,660.4767231941223,270.0,571.0,391.0
1,1764042723.209481,662.9185705184937,270.0,572.0,398.0
1,1764042723.254412,670.0894742012024,270.0,566.0,404.0
1,1764042723.2890663,674.8677401542664,270.0,547.0,408.0
1,1764042723.3191936,679.6642451286316,270.0,541.0,414.0
1,1764042723.3408747,684.4600348472595,270.0,551.0,408.0
1,1764042723.3842828,689.2017869949341,270.0,562.0,406.0
1,1764042723.4193456,696.5565829277039,270.0,563.0,412.0
1,1764042723.4441009,698.9101319313049,270.0,568.0,397.0
1,1764042723.4793086,703.6821751594543,270.0,568.0,399.0
1,1764042723.520042,710.9553604125977,270.0,572.0,412.0
1,1764042723.5596356,715.6839518547058,270.0,567.0,405.0
1,1764042723.6005495,722.9398994445801,270.0,565.0,389.0
1,1764042723.6390848,727.6425628662109,270.0,590.0,384.0
1,1764042723.6740818,732.4786930084229,270.0,622.0,354.0
1,1764042723.7191699,739.7018818855286,270.0,642.0,340.0
1,1764042723.754261,744.4110898971558,270.0,659.0,334.0
1,1764042723.7848518,749.362841129303,270.0,663.0,335.0
1,1764042723.823452,756.4791707992554,270.0,665.0,340.0
1,1764042723.8499625,758.8021783828735,270.0,663.0,350.0
1,1764042723.8799639,763.6415271759033,270.0,645.0,355.0
1,1764042723.9143288,768.4521584510803,270.0,636.0,376.0
1,1764042723.9443812,773.3559160232544,270.0,633.0,391.0
1,1764042723.985405,780.403724193573,270.0,637.0,393.0
1,1764042724.0146577,785.2149634361267,270.0,638.0,392.0
1,1764042724.0495403,790.0710492134094,270.0,645.0,387.0
1,1764042724.0851562,794.8620467185974,270.0,651.0,379.0
1,1764042724.129888,802.0772247314453,270.0,657.0,368.0
1,1764042724.1650074,806.8076043128967,270.0,658.0,368.0
1,1764042724.213065,814.1821413040161,270.0,654.0,371.0
1,1764042724.3152704,828.4021406173706,270.0,649.0,376.0
1,1764042724.379254,840.5428557395935,270.0,667.0,366.0
1,1764042724.4192414,845.344331741333,270.0,694.0,354.0
1,1764042724.4843142,854.8486857414246,270.0,719.0,346.0
1,1764042724.5636332,866.8527870178223,270.0,722.0,344.0
1,1764042724.628714,876.4743356704712,270.0,727.0,353.0
1,1764042724.6802084,883.6319355964661,270.0,737.0,352.0
1,1764042724.7238724,890.9361271858215,270.0,747.0,353.0
1,1764042724.7602425,895.6866769790649,270.0,750.0,360.0
1,1764042724.8007762,902.8712778091431,270.0,744.0,387.0
1,1764042724.8399162,907.6545505523682,270.0,760.0,388.0
1,1764042724.8800201,914.9096040725708,270.0,770.0,396.0
1,1764042724.9047115,917.2168045043945,270.0,785.0,391.0
1,1764042724.9439375,924.4065194129944,270.0,794.0,371.0
1,1764042724.9696748,926.9341616630554,270.0,806.0,379.0
1,1764042725.0082357,934.0729503631592,270.0,836.0,361.0
1,1764042725.0342882,936.5036754608154,270.0,853.0,325.0
1,1764042725.071012,943.6290173530579,270.0,856.0,323.0
1,1764042725.1093333,948.5111742019653,270.0,863.0,332.0
1,1764042725.1402807,953.3064632415771,270.0,870.0,343.0
1,1764042725.1830428,960.4633479118347,270.0,872.0,322.0
1,1764042725.21514,965.2008442878723,270.0,858.0,345.0
1,1764042725.2699888,972.5074677467346,270.0,840.0,368.0
1,1764042725.310236,979.7375588417053,270.0,834.0,392.0
1,1764042725.3497303,984.5308451652527,270.0,839.0,386.0
1,1764042725.3956578,991.7353658676147,270.0,841.0,395.0
1,1764042725.4349225,996.4906363487244,270.0,837.0,408.0
1,1764042725.4652128,1001.3525514602661,270.0,852.0,404.0
1,1764042725.4949217,1006.0656218528748,270.0,856.0,398.0
1,1764042725.5245528,1010.8189253807068,270.0,849.0,413.0
1,1764042725.5599906,1015.6489043235779,270.0,911.0,398.0
1,1764042725.5895941,1020.5817012786865,270.0,864.0,413.0
1,1764042725.620146,1025.3442673683167,270.0,875.0,414.0
1,1764042725.6621838,1032.4564485549927,270.0,885.0,408.0
1,1764042725.6891093,1034.8260192871094,270.0,891.0,433.0
1,1764042725.7196229,1039.6345047950745,270.0,893.0,432.0
1,1764042725.764255,1046.9264297485352,270.0,971.0,384.0
1,1764042725.7919536,1051.688244819641,270.0,898.0,436.0
1,1764042725.827627,1056.5681128501892,270.0,900.0,435.0
1,1764042725.874656,1063.6456398963928,270.0,913.0,438.0
1,1764042725.904175,1068.4471158981323,270.0,921.0,439.0
1,1764042725.9343903,1073.2284932136536,270.0,929.0,456.0
1,1764042725.9600203,1075.6136922836304,270.0,938.0,451.0
1,1764042725.994466,1080.5111198425293,270.0,942.0,450.0
1,1764042726.0317276,1087.660279750824,270.0,980.0,408.0
1,1764042726.0546422,1090.015151977539,270.0,939.0,463.0
1,1764042726.099835,1097.2665576934814,270.0,940.0,471.0
1,1764042726.129266,1102.1632342338562,270.0,955.0,470.0
1,1764042726.1644795,1106.9205431938171,270.0,955.0,470.0
1,1764042726.1947749,1111.7260961532593,270.0,956.0,475.0
1,1764042726.2309735,1116.439166545868,270.0,948.0,484.0
1,1764042726.26499,1121.2758331298828,270.0,946.0,483.0
1,1764042726.3009753,1128.4802823066711,270.0,1018.0,394.0
1,1764042726.3201041,1130.8215646743774,270.0,967.0,471.0
1,1764042726.3658507,1138.0678205490112,270.0,970.0,473.0
1,1764042726.3947406,1140.4192595481873,270.0,986.0,474.0
1,1764042726.4243603,1145.283856868744,270.0,992.0,481.0
1,1764042726.46331,1152.4747877120972,270.0,990.0,478.0
1,1764042726.5043266,1157.309594631195,270.0,987.0,488.0
1,1764042726.543159,1164.4750623703003,270.0,1003.0,486.0
1,1764042726.5642834,1166.84938955307,270.0,1010.0,471.0
1,1764042726.606099,1174.1065530776978,270.0,1009.0,467.0
1,1764042726.639491,1178.878918170929,270.0,1012.0,469.0
1,1764042726.6702769,1183.6935906410217,270.0,1011.0,466.0
1,1764042726.6948607,1186.0885529518127,270.0,1008.0,480.0
1,1764042726.7292821,1190.9087328910828,270.0,1002.0,506.0
1,1764042726.7591004,1195.6857829093933,270.0,992.0,507.0
1,1764042726.800192,1202.8599410057068,270.0,999.0,496.0
1,1764042726.8304334,1207.6916007995605,270.0,1025.0,487.0
1,1764042726.8596365,1212.6002221107483,270.0,1040.0,478.0
1,1764042726.8999383,1217.336109161377,270.0,1053.0,465.0
1,1764042726.9465714,1224.502149105072,270.0,1060.0,463.0
1,1764042726.9846416,1229.3506531715393,270.0,1072.0,462.0
1,1764042727.019075,1236.515977859497,270.0,1084.0,462.0
1,1764042727.0392225,1238.8776450157166,270.0,1093.0,460.0
1,1764042727.059371,1241.2792234420776,270.0,1096.0,450.0
1,1764042727.0996027,1248.595145225525,270.0,1105.0,449.0
1,1764042727.1305115,1250.8652596473694,270.0,1108.0,448.0
1,1764042727.1676352,1258.1404118537903,270.0,1112.0,442.0
1,1764042727.194813,1260.4759006500244,270.0,1113.0,453.0
1,1764042727.2294877,1267.6009922027588,270.0,1117.0,442.0
1,1764042727.2690816,1272.4302916526794,270.0,1118.0,437.0
1,1764042727.2950919,1277.3753552436829,270.0,1120.0,443.0
1,1764042727.344289,1284.4005613327026,270.0,1144.0,454.0
1,1764042727.3853867,1289.21484041214,270.0,1155.0,456.0
1,1764042727.4247925,1296.4051275253296,270.0,1152.0,458.0
1,1764042727.4442828,1298.931589603424,270.0,1155.0,455.0
1,1764042727.4740722,1303.6810665130615,270.0,1159.0,460.0
1,1764042727.5020404,1308.439054965973,270.0,1160.0,457.0
1,1764042727.535172,1313.3321194648743,270.0,1168.0,452.0
1,1764042727.5659976,1318.042757987976,270.0,1171.0,450.0
1,1764042727.5990539,1322.8598623275757,270.0,1176.0,449.0
1,1764042727.6340709,1327.660050868988,270.0,1187.0,441.0
1,1764042727.6643054,1332.5401692390442,270.0,1163.0,446.0
1,1764042727.7040868,1337.3361377716064,270.0,1166.0,436.0
1,1764042727.729872,1342.1244530677795,270.0,1155.0,436.0
1,1764042727.7651212,1346.9330101013184,270.0,1159.0,440.0
1,1764042727.7992618,1351.671293258667,270.0,1159.0,444.0
1,1764042727.8347268,1356.5978317260742,270.0,1157.0,438.0
1,1764042727.8749657,1363.649573802948,270.0,1160.0,444.0
1,1764042727.9025645,1368.4331684112549,270.0,1207.0,462.0
1,1764042727.9341047,1373.28968334198,270.0,1220.0,460.0
1,1764042727.969495,1378.0947713851929,270.0,1226.0,445.0
1,1764042728.0041597,1382.855477809906,270.0,1229.0,432.0
1,1764042728.0395896,1387.7179293632507,270.0,1233.0,434.0
1,1764042728.0811627,1394.8006777763367,270.0,1237.0,429.0
1,1764042728.1111145,1399.7080116271973,270.0,1240.0,435.0
1,1764042728.134703,1402.070966243744,270.0,1244.0,433.0
1,1764042728.1691737,1406.9355635643005,270.0,1252.0,426.0
1,1764042728.200114,1411.748483657837,270.0,1254.0,418.0
1,1764042728.2395155,1418.9316182136536,270.0,1266.0,417.0
1,1764042728.279253,1423.6721186637878,270.0,1280.0,435.0
1,1764042728.3145723,1428.4661202430725,270.0,1296.0,432.0
1,1764042728.339318,1433.2176356315613,270.0,1343.0,441.0
1,1764042728.369627,1438.0253343582153,270.0,1369.0,444.0
1,1764042728.4040465,1442.800488948822,270.0,1373.0,427.0
1,1764042728.4399164,1447.6646928787231,270.0,1377.0,412.0
1,1764042728.4695296,1452.4218945503235,270.0,1380.0,407.0
1,1764042728.5041964,1457.3960332870483,270.0,1381.0,408.0
1,1764042728.5470326,1464.4765286445618,270.0,1384.0,406.0
1,1764042728.5768297,1469.3209557533264,270.0,1383.0,406.0
1,1764042728.612175,1474.0599541664124,270.0,1390.0,403.0
1,1764042728.6347008,1476.4925746917725,270.0,1395.0,404.0
1,1764042728.6744123,1483.6333303451538,270.0,1397.0,404.0
1,1764042728.704799,1488.4109525680542,270.0,1397.0,409.0
1,1764042728.7400951,1493.3191804885864,270.0,1390.0,416.0
1,1764042728.779881,1500.636890411377,270.0,1394.0,411.0
1,1764042728.8049364,1502.813950061798,270.0,1396.0,414.0
1,1764042728.8398352,1507.630160331726,270.0,1404.0,412.0
1,1764042728.8742986,1512.4377875328064,270.0,1410.0,410.0
1,1764042728.9048626,1517.3210530281067,270.0,1416.0,412.0
1,1764042728.9393358,1524.5551137924194,270.0,1417.0,415.0
1,1764042728.9748762,1529.2255907058716,270.0,1418.0,406.0
1,1764042729.0090702,1534.0451984405518,270.0,1422.0,405.0
1,1764042729.0494099,1538.864770412445,270.0,1425.0,400.0
1,1764042729.0747,1543.6930327415466,270.0,1429.0,402.0
1,1764042729.1097338,1548.4917192459106,270.0,1434.0,408.0
1,1764042729.144703,1553.2426266670227,270.0,1436.0,413.0
1,1764042729.179861,1560.633900642395,270.0,1436.0,420.0
1,1764042729.2091498,1562.8942875862122,270.0,1437.0,417.0
1,1764042729.245705,1570.0448064804077,270.0,1435.0,430.0
1,1764042729.2795525,1574.9356894493103,270.0,1440.0,-710.0
1,1764042729.320295,1579.7566561698914,270.0,1442.0,422.0
1,1764042729.3542943,1584.5408945083618,270.0,1468.0,425.0
1,1764042729.3849661,1589.3675475120544,270.0,1474.0,419.0
1,1764042729.414557,1594.1429166793823,270.0,1479.0,423.0
1,1764042729.439615,1598.8008766174316,270.0,1486.0,422.0
1,1764042729.487808,1606.1417965888977,270.0,1488.0,416.0
1,1764042729.5093663,1608.5423378944397,270.0,1494.0,420.0
1,1764042729.5442066,1613.3484272956848,270.0,1498.0,415.0
1,1764042729.5790575,1620.513358592987,270.0,1501.0,420.0
1,1764042729.6202734,1625.3386883735657,270.0,1512.0,418.0
1,1764042729.6630678,1632.4067740440369,270.0,1516.0,414.0
1,1764042729.7001576,1637.2233777046204,270.0,1516.0,411.0
1,1764042729.729009,1642.214539527893,270.0,1521.0,405.0
1,1764042729.7450068,1644.5546774864197,270.0,1527.0,406.0
1,1764042729.7797859,1649.2323784828186,270.0,1528.0,401.0
1,1764042729.8216758,1656.4318566322327,270.0,1528.0,394.0
1,1764042729.8553534,1661.3331823349,270.0,1520.0,391.0
1,1764042729.8744977,1663.6793999671936,270.0,1521.0,392.0
1,1764042729.91941,1670.8475499153137,270.0,1521.0,378.0
1,1764042729.9448705,1673.2994465827942,270.0,1540.0,398.0
1,1764042729.979508,1680.5809288024902,270.0,1552.0,403.0
1,1764042730.0156775,1685.3303699493408,270.0,1561.0,405.0
1,1764042730.0500376,1690.1432900428772,270.0,1575.0,395.0
1,1764042730.084062,1694.9087886810303,270.0,1579.0,388.0
1,1764042730.1146014,1699.6623425483704,270.0,1573.0,385.0
1,1764042730.1448996,1704.5454649925232,270.0,1571.0,395.0
1,1764042730.1798685,1709.2004566192627,270.0,1572.0,395.0
1,1764042730.2192323,1716.5395884513855,270.0,1574.0,395.0
1,1764042730.2555277,1721.310523033142,270.0,1572.0,398.0
2,1764042730.287764,1726.1784105300903,270.0,1572.0,405.0
2,1764042730.3197074,1726.1784105300903,270.0,1575.0,411.0
2,1764042730.354811,1726.1784105300903,270.0,1578.0,417.0
2,1764042730.389338,1726.1784105300903,270.0,1575.0,415.0
2,1764042730.4149873,1726.1784105300903,270.0,1575.0,413.0
2,1764042730.4591267,1726.1784105300903,270.0,1575.0,423.0
2,1764042730.4891694,1726.1784105300903,270.0,1575.0,424.0
2,1764042730.5094194,1726.1784105300903,270.0,1571.0,423.0
2,1764042730.5542197,1726.1784105300903,270.0,1570.0,427.0
2,1764042730.5797744,1726.1784105300903,270.0,1568.0,430.0
2,1764042730.6144133,1726.1784105300903,270.0,1578.0,432.0
2,1764042730.664261,1726.1784105300903,270.0,1584.0,432.0
2,1764042730.6994812,1726.1784105300903,270.0,1583.0,432.0
2,1764042730.7190936,1726.1784105300903,270.0,1556.0,478.0
2,1764042730.7497275,1726.1784105300903,270.0,1288.0,539.0
2,1764042730.774177,1726.1784105300903,270.0,2579.0,-804.0
2,1764042730.822324,182.95003461837769,363.0,2504.0,-855.0
2,1764042730.8545425,187.69990491867065,363.0,327.0,593.0
2,1764042730.8848283,192.4010305404663,363.0,265.0,527.0
2,1764042730.9197793,197.30385828018188,363.0,289.0,494.0
2,1764042730.9500098,202.04600381851196,363.0,271.0,479.0
2,1764042730.9891598,206.86385917663574,363.0,268.0,490.0
2,1764042731.019513,211.60350131988525,363.0,271.0,509.0
2,1764042731.0540621,216.54742050170898,363.0,274.0,513.0
2,1764042731.084382,221.27136278152466,363.0,284.0,516.0
2,1764042731.1157877,226.1234073638916,363.0,290.0,513.0
2,1764042731.1598985,233.23133277893066,363.0,294.0,513.0
2,1764042731.184934,235.7068328857422,363.0,286.0,498.0
2,1764042731.2142086,240.51646280288696,363.0,292.0,496.0
2,1764042731.2547653,247.71111297607422,363.0,250.0,502.0
2,1764042731.2863834,252.4347333908081,363.0,258.0,498.0
2,1764042731.3246331,257.2427897453308,363.0,270.0,491.0
2,1764042731.367847,264.5370750427246,363.0,281.0,494.0
2,1764042731.3988545,269.20004177093506,363.0,285.0,507.0
2,1764042731.4242253,271.7511086463928,363.0,292.0,510.0
2,1764042731.4547095,276.4889626502991,363.0,310.0,499.0
2,1764042731.484198,281.23286056518555,363.0,316.0,493.0
2,1764042731.531872,288.4984641075134,363.0,321.0,487.0
2,1764042731.564059,293.36195278167725,363.0,305.0,473.0
2,1764042731.5894074,298.0756311416626,363.0,308.0,471.0
2,1764042731.6207862,302.94999170303345,363.0,316.0,463.0
2,1764042731.6542068,307.61063385009766,363.0,322.0,456.0
2,1764042731.6901984,312.5028042793274,363.0,327.0,449.0
2,1764042731.7200344,317.22349214553833,363.0,331.0,448.0
2,1764042731.7542045,322.12585496902466,363.0,328.0,448.0
2,1764042731.7896333,326.87804985046387,363.0,331.0,464.0
2,1764042731.8295934,334.10045194625854,363.0,343.0,465.0
2,1764042731.8643928,338.841703414917,363.0,348.0,455.0
2,1764042731.892112,343.622615814209,363.0,340.0,452.0
2,1764042731.9198806,346.06607246398926,363.0,344.0,457.0
2,1764042731.9559295,353.2704858779907,363.0,353.0,461.0
2,1764042731.9892519,358.04571199417114,363.0,353.0,463.0
2,1764042732.0205197,362.92525815963745,363.0,353.0,467.0
2,1764042732.0602608,367.75541591644287,363.0,360.0,473.0
2,1764042732.089166,372.4335103034973,363.0,367.0,470.0
2,1764042732.1242664,377.3404507637024,363.0,365.0,467.0
2,1764042732.15946,382.0820240974426,363.0,365.0,464.0
2,1764042732.1848934,386.8554620742798,363.0,368.0,456.0
2,1764042732.2240531,391.6998176574707,363.0,369.0,449.0
2,1764042732.2646866,398.82287073135376,363.0,374.0,443.0
2,1764042732.2893162,403.7482647895813,363.0,376.0,443.0
2,1764042732.3292243,408.42664527893066,363.0,378.0,444.0
2,1764042732.3543508,413.34685373306274,363.0,389.0,447.0
2,1764042732.3950927,418.11192321777344,363.0,425.0,460.0
2,1764042732.4383287,425.2639799118042,363.0,431.0,463.0
2,1764042732.4691253,430.1473526954651,363.0,437.0,469.0
2,1764042732.502703,434.93795680999756,363.0,439.0,463.0
2,1764042732.5349798,439.62720918655396,363.0,438.0,452.0
2,1764042732.5591667,442.0761733055115,363.0,441.0,449.0
2,1764042732.6001384,449.362841129303,363.0,439.0,447.0
2,1764042732.6308818,454.1090636253357,363.0,440.0,437.0
2,1764042732.6692317,458.9006333351135,363.0,447.0,442.0
2,1764042732.7000983,463.74531078338623,363.0,454.0,443.0
2,1764042732.7240705,468.4829502105713,363.0,454.0,444.0
2,1764042732.7662487,473.3353524208069,363.0,453.0,443.0
2,1764042732.7948117,478.05764961242676,363.0,458.0,462.0
2,1764042732.8292933,482.9453854560852,363.0,465.0,461.0
2,1764042732.8597054,487.683632850647,363.0,479.0,456.0
2,1764042732.8900108,492.5009517669678,363.0,481.0,465.0
2,1764042732.9348216,499.63723707199097,363.0,479.0,459.0
2,1764042732.9602127,502.1194248199463,363.0,475.0,453.0
2,1764042732.9993415,509.251060962677,363.0,485.0,463.0
2,1764042733.0390513,514.0754609107971,363.0,495.0,466.0
2,1764042733.0770357,521.2818055152893,363.0,501.0,465.0
2,1764042733.1002896,523.7815885543823,363.0,497.0,457.0
2,1764042733.1300597,528.5050659179688,363.0,509.0,455.0
2,1764042733.1696093,535.7922344207764,363.0,513.0,451.0
2,1764042733.2040818,540.4417543411255,363.0,517.0,441.0
2,1764042733.2296534,542.9212956428528,363.0,525.0,433.0
2,1764042733.259137,547.6194171905518,363.0,532.0,439.0
2,1764042733.3021834,554.9095182418823,363.0,537.0,445.0
2,1764042733.3347113,559.7298412322998,363.0,532.0,444.0
2,1764042733.3690522,564.4696621894836,363.0,528.0,436.0
2,1764042733.4007242,569.2393450737,363.0,523.0,433.0
2,1764042733.4294963,574.0996150970459,363.0,523.0,437.0
2,1764042733.5043092,583.7453751564026,363.0,534.0,435.0
2,1764042733.5496254,590.8638505935669,363.0,537.0,444.0
2,1764042733.5840523,595.6903605461121,363.0,535.0,447.0
2,1764042733.6195717,602.8199224472046,363.0,544.0,445.0
2,1764042733.6399527,605.2648096084595,363.0,558.0,447.0
2,1764042733.6699924,610.0366382598877,363.0,563.0,449.0
2,1764042733.700695,614.821985244751,363.0,557.0,452.0
2,1764042733.749228,622.0533638000488,363.0,556.0,449.0
2,1764042733.785046,626.9481449127197,363.0,566.0,449.0
2,1764042733.8090727,631.711748123169,363.0,582.0,449.0
2,1764042733.8349142,634.0577511787415,363.0,592.0,451.0
2,1764042733.8607533,638.8440279960632,363.0,598.0,439.0
2,1764042733.9044018,643.7248258590698,363.0,568.0,446.0
2,1764042733.9350772,648.477557182312,363.0,570.0,445.0
2,1764042733.9724262,655.6852607727051,363.0,579.0,442.0
2,1764042734.0044737,660.5546860694885,363.0,589.0,439.0
2,1764042734.0369864,665.2196912765503,363.0,594.0,435.0
2,1764042734.064233,667.7102117538452,363.0,591.0,425.0
2,1764042734.109616,674.8106985092163,363.0,597.0,423.0
2,1764042734.139981,679.6585230827332,363.0,603.0,424.0
2,1764042734.182555,686.8381171226501,363.0,623.0,428.0
2,1764042734.2193353,691.619065284729,363.0,641.0,435.0
2,1764042734.262193,698.8096385002136,363.0,645.0,433.0
2,1764042734.293034,703.6618618965149,363.0,648.0,434.0
2,1764042734.3150144,706.0229926109314,363.0,658.0,437.0
2,1764042734.3405015,710.8172445297241,363.0,665.0,436.0
2,1764042734.3648207,713.2636337280273,363.0,665.0,435.0
2,1764042734.3998168,718.1061654090881,363.0,666.0,436.0
2,1764042734.4442418,725.3399758338928,363.0,665.0,435.0
2,1764042734.4700334,730.0731091499329,363.0,663.0,434.0
2,1764042734.5003257,734.9344162940979,363.0,661.0,439.0
2,1764042734.5448253,739.6791367530823,363.0,651.0,451.0
2,1764042734.5868783,746.8461065292358,363.0,643.0,460.0
2,1764042734.6196482,751.6077070236206,363.0,645.0,453.0
2,1764042734.6491654,756.4457325935364,363.0,651.0,454.0
2,1764042734.684763,761.3038926124573,363.0,654.0,459.0
2,1764042734.7154634,766.0681753158569,363.0,663.0,458.0
2,1764042734.7400422,770.8716540336609,363.0,658.0,463.0
2,1764042734.7727268,775.6392984390259,363.0,654.0,464.0
2,1764042734.8102045,780.5586485862732,363.0,656.0,474.0
2,1764042734.8524952,787.6842050552368,363.0,657.0,487.0
2,1764042734.8851063,792.4587159156799,363.0,656.0,494.0
2,1764042734.9090621,794.9280648231506,363.0,659.0,483.0
2,1764042734.9449859,799.7396974563599,363.0,654.0,474.0
2,1764042734.974293,804.4106392860413,363.0,676.0,467.0
2,1764042735.0047388,809.230103969574,363.0,689.0,464.0
2,1764042735.0446937,816.5331511497498,363.0,701.0,456.0
2,1764042735.0851083,821.2274460792542,363.0,697.0,459.0
2,1764042735.1297903,828.4968404769897,363.0,684.0,464.0
2,1764042735.1501389,830.803897857666,363.0,678.0,461.0
2,1764042735.174706,835.7532887458801,363.0,677.0,452.0
2,1764042735.206851,840.6036167144775,363.0,691.0,452.0
2,1764042735.249578,847.7875380516052,363.0,710.0,456.0
2,1764042735.2796013,850.0668792724609,363.0,723.0,448.0
2,1764042735.3034246,854.8723249435425,363.0,741.0,426.0
2,1764042735.3442295,859.7437529563904,363.0,749.0,422.0
2,1764042735.3704178,864.5334987640381,363.0,767.0,429.0
2,1764042735.4193118,871.6497926712036,363.0,781.0,428.0
2,1764042735.444943,876.4357118606567,363.0,786.0,419.0
2,1764042735.4695444,878.9334564208984,363.0,787.0,419.0
2,1764042735.5152464,886.1145524978638,363.0,786.0,416.0
2,1764042735.5495317,890.8714680671692,363.0,768.0,430.0
2,1764042735.5717752,895.6005244255066,363.0,763.0,431.0
2,1764042735.6150193,900.4871516227722,363.0,763.0,440.0
2,1764042735.6528122,907.6743273735046,363.0,779.0,439.0
2,1764042735.6898952,912.5429301261902,363.0,792.0,436.0
2,1764042735.7217333,917.2847895622253,363.0,789.0,438.0
2,1764042735.754194,922.1341519355774,363.0,816.0,416.0
2,1764042735.797552,929.2000560760498,363.0,825.0,409.0
2,1764042735.8244114,931.6121129989624,363.0,833.0,414.0
2,1764042735.8615582,938.9599351882935,363.0,806.0,442.0
2,1764042735.884498,941.2431387901306,363.0,791.0,455.0
2,1764042735.9041653,943.7660961151123,363.0,801.0,460.0
2,1764042735.9507244,950.8776693344116,363.0,814.0,462.0
2,1764042735.9844077,955.6889085769653,363.0,816.0,451.0
2,1764042736.0100467,960.5392007827759,363.0,836.0,435.0
2,1764042736.0517259,967.6074652671814,363.0,858.0,424.0
2,1764042736.079071,970.0713424682617,363.0,836.0,445.0
2,1764042736.1100621,974.838629245758,363.0,839.0,475.0
2,1764042736.144047,979.6712188720703,363.0,830.0,484.0
2,1764042736.1902084,986.8500261306763,363.0,839.0,474.0
2,1764042736.222382,991.678789138794,363.0,842.0,461.0
2,1764042736.2546492,996.4496879577637,363.0,847.0,439.0
2,1764042736.2848911,1001.2147574424744,363.0,848.0,437.0
2,1764042736.314693,1006.0858635902405,363.0,855.0,447.0
2,1764042736.3444047,1010.8723192214966,363.0,867.0,432.0
2,1764042736.384819,1015.7427458763123,363.0,877.0,427.0
2,1764042736.409157,1020.4780964851379,363.0,879.0,436.0
2,1764042736.4492073,1027.7319340705872,363.0,880.0,441.0
2,1764042736.4881008,1032.5330166816711,363.0,883.0,460.0
2,1764042736.5190496,1037.2201232910156,363.0,890.0,467.0
2,1764042736.5449867,1039.7475152015686,363.0,904.0,466.0
2,1764042736.5848558,1046.8011169433594,363.0,924.0,470.0
2,1764042736.6144905,1051.6624598503113,363.0,932.0,436.0
2,1764042736.660266,1058.8730959892273,363.0,951.0,394.0
2,1764042736.692805,1063.6549382209778,363.0,978.0,392.0
2,1764042736.7093902,1066.0001544952393,363.0,977.0,417.0
2,1764042736.7490783,1070.943036556244,363.0,973.0,429.0
2,1764042736.7945557,1078.012445449829,363.0,970.0,451.0
2,1764042736.8296704,1082.920744895935,363.0,971.0,446.0
2,1764042736.8643947,1087.6837401390076,363.0,978.0,445.0
2,1764042736.8952634,1092.535140991211,363.0,964.0,437.0
2,1764042736.9192026,1097.2248582839966,363.0,992.0,383.0
2,1764042736.9509225,1102.1115927696228,363.0,1008.0,351.0
2,1764042736.9901562,1106.8066744804382,363.0,1041.0,307.0
2,1764042737.0304437,1114.1307859420776,363.0,1050.0,306.0
2,1764042737.059975,1118.8540844917297,363.0,1015.0,348.0
2,1764042737.0996256,1123.6608176231384,363.0,1005.0,374.0
2,1764042737.13975,1130.8221726417542,363.0,985.0,424.0
2,1764042737.1747189,1135.6274394989014,363.0,962.0,489.0
2,1764042737.2048752,1140.5467538833618,363.0,976.0,486.0
2,1764042737.2391298,1145.2764897346497,363.0,970.0,477.0
2,1764042737.2651215,1147.7099328041077,363.0,973.0,471.0
2,1764042737.3036876,1154.8462538719177,363.0,978.0,472.0
2,1764042737.3403254,1159.693720817566,363.0,986.0,468.0
2,1764042737.359114,1162.1535568237305,363.0,1031.0,449.0
2,1764042737.38502,1166.8322591781616,363.0,993.0,474.0
2,1764042737.4250438,1171.723750114441,363.0,1024.0,490.0
2,1764042737.4652143,1178.8613228797913,363.0,1026.0,490.0
2,1764042737.4892654,1183.7406544685364,363.0,1029.0,495.0
2,1764042737.5253656,1188.4314804077148,363.0,1036.0,488.0
2,1764042737.564426,1193.2028799057007,363.0,1042.0,486.0
2,1764042737.600204,1198.0168371200562,363.0,1043.0,501.0
2,1764042737.6200962,1202.89173412323,363.0,1044.0,513.0
2,1764042737.664449,1207.6937465667725,363.0,1050.0,511.0
2,1764042737.7034729,1214.9601011276245,363.0,1056.0,516.0
2,1764042737.73173,1219.6170954704285,363.0,1075.0,498.0
2,1764042737.7706382,1224.4632749557495,363.0,1094.0,453.0
2,1764042737.796939,1229.2842059135437,363.0,1109.0,375.0
2,1764042737.8220532,1231.7162899971008,363.0,1116.0,389.0
2,1764042737.8608186,1238.8251094818115,363.0,1114.0,386.0
2,1764042737.8890886,1243.7141327857971,363.0,1097.0,458.0
2,1764042737.9274592,1248.5879926681519,363.0,1095.0,409.0
2,1764042737.9647274,1253.214660167694,363.0,1076.0,453.0
2,1764042737.9950135,1258.1627278327942,363.0,1072.0,497.0
2,1764042738.0248744,1262.9619507789612,363.0,1074.0,506.0
2,1764042738.0592747,1267.6647930145264,363.0,1129.0,416.0
2,1764042738.0895994,1272.533610343933,363.0,1086.0,519.0
2,1764042738.1204228,1277.378252029419,363.0,1091.0,511.0
2,1764042738.1600595,1282.113781452179,363.0,1104.0,500.0
2,1764042738.1893046,1286.8730931282043,363.0,1107.0,503.0
2,1764042738.2196612,1291.7083292007446,363.0,1106.0,500.0
2,1764042738.2605171,1298.8826303482056,363.0,1112.0,497.0
2,1764042738.304121,1303.6882190704346,363.0,1112.0,508.0
2,1764042738.329047,1308.5543541908264,363.0,1122.0,501.0
2,1764042738.3692453,1315.7376317977905,363.0,1128.0,506.0
2,1764042738.409417,1320.5794839859009,363.0,1190.0,427.0
2,1764042738.4290931,1322.8360085487366,363.0,1180.0,428.0
2,1764042738.4592226,1327.6195673942566,363.0,1153.0,493.0
2,1764042738.4901211,1332.4649958610535,363.0,1162.0,499.0
2,1764042738.530873,1339.6468787193298,363.0,1145.0,511.0
2,1764042738.565888,1344.532289981842,363.0,1152.0,512.0
2,1764042738.5852466,1346.9227104187012,363.0,1157.0,502.0
2,1764042738.6248624,1351.6876368522644,363.0,1160.0,497.0
2,1764042738.6602395,1358.8668375015259,363.0,1165.0,489.0
2,1764042738.7043624,1363.692274570465,363.0,1186.0,422.0
2,1764042738.7396872,1370.8049564361572,363.0,1213.0,417.0
2,1764042738.759939,1373.464313030243,363.0,1183.0,473.0
2,1764042738.7940826,1378.0260710716248,363.0,1185.0,465.0
2,1764042738.8246548,1382.8681020736694,363.0,1194.0,465.0
2,1764042738.8548174,1387.627377986908,363.0,1214.0,476.0
2,1764042738.903148,1394.8787479400635,363.0,1221.0,490.0
2,1764042738.936288,1399.6183185577393,363.0,1229.0,447.0
2,1764042738.9597108,1402.0996479988098,363.0,1234.0,456.0
2,1764042738.9973376,1409.3056707382202,363.0,1236.0,455.0
2,1764042739.0348198,1414.0418796539307,363.0,1240.0,445.0
2,1764042739.0703282,1418.8988237380981,363.0,1244.0,441.0
2,1764042739.0991502,1423.6905722618103,363.0,1264.0,440.0
2,1764042739.1405568,1430.8140187263489,363.0,1325.0,422.0
2,1764042739.1748385,1435.6321244239807,363.0,1284.0,467.0
2,1764042739.2070024,1440.5468611717224,363.0,1293.0,470.0
2,1764042739.2444036,1445.2829270362854,363.0,1294.0,470.0
2,1764042739.2643802,1447.7144389152527,363.0,1301.0,492.0
2,1764042739.2943983,1452.513840675354,363.0,1302.0,507.0
2,1764042739.3344586,1459.7098498344421,363.0,1305.0,508.0
2,1764042739.3593624,1462.0186953544617,363.0,1309.0,508.0
2,1764042739.3970294,1469.2826180458069,363.0,1342.0,416.0
2,1764042739.4401965,1474.1301565170288,363.0,1280.0,530.0
2,1764042739.46935,1478.8057832717896,363.0,1284.0,513.0
2,1764042739.4940686,1483.6350827217102,363.0,1293.0,504.0
2,1764042739.534152,1488.449719429016,363.0,1296.0,515.0
2,1764042739.5716858,1495.623233795166,363.0,1306.0,512.0
2,1764042739.6061704,1500.4544644355774,363.0,1310.0,517.0
2,1764042739.644074,1505.212131023407,363.0,1312.0,513.0
2,1764042739.6701467,1510.014787197113,363.0,1313.0,515.0
2,1764042739.6945894,1512.554660320282,363.0,1319.0,522.0
2,1764042739.7321775,1519.6939496994019,363.0,1371.0,400.0
2,1764042739.7694786,1524.4993238449097,363.0,1329.0,520.0
2,1764042739.8002398,1529.2020587921143,363.0,1388.0,395.0
2,1764042739.8246574,1531.6563873291016,363.0,1376.0,428.0
2,1764042739.8701835,1538.9455227851868,363.0,1356.0,509.0
2,1764042739.9040954,1543.7034039497375,363.0,1375.0,508.0
2,1764042739.939565,1551.2855796813965,363.0,1424.0,415.0
2,1764042739.9741495,1555.6629447937012,363.0,1407.0,490.0
2,1764042740.0069933,1560.4203968048096,363.0,1416.0,482.0
2,1764042740.0446782,1565.3239398002625,363.0,1413.0,471.0
2,1764042740.079694,1570.0010328292847,363.0,1416.0,490.0
2,1764042740.1193619,1577.3879437446594,363.0,1419.0,487.0
2,1764042740.1496813,1582.0380001068115,363.0,1415.0,511.0
2,1764042740.1796582,1586.806073665619,363.0,1418.0,502.0
2,1764042740.204315,1589.2631559371948,363.0,1421.0,500.0
2,1764042740.234955,1594.0311937332153,363.0,1423.0,492.0
2,1764042740.2723775,1598.8217978477478,363.0,1433.0,491.0
2,1764042740.3094885,1606.056001663208,363.0,1445.0,498.0
2,1764042740.3347054,1608.5955171585083,363.0,1450.0,497.0
2,1764042740.365253,1613.3126645088196,363.0,1450.0,490.0
2,1764042740.404952,1620.4394011497498,363.0,1446.0,481.0
2,1764042740.436388,1625.3529934883118,363.0,1444.0,469.0
2,1764042740.4692385,1630.1087288856506,363.0,1490.0,459.0
2,1764042740.5006535,1634.9854140281677,363.0,1504.0,444.0
2,1764042740.5346093,1639.6958737373352,363.0,1506.0,431.0
2,1764042740.579728,1646.8335537910461,363.0,1515.0,443.0
2,1764042740.60424,1649.2289452552795,363.0,1527.0,446.0
2,1764042740.629437,1654.0973691940308,363.0,1527.0,434.0
2,1764042740.6757731,1661.217704296112,363.0,1527.0,425.0
2,1764042740.704097,1663.731291770935,363.0,1530.0,425.0
2,1764042740.741608,1670.951762676239,363.0,1539.0,432.0
2,1764042740.7845263,1675.788393497467,363.0,1546.0,440.0
2,1764042740.8085408,1680.522349357605,363.0,1547.0,475.0
2,1764042740.8491316,1687.7205758094788,363.0,1542.0,471.0
2,1764042740.8726141,1690.0715141296387,363.0,1537.0,481.0
2,1764042740.920038,1697.2293286323547,363.0,1525.0,470.0
2,1764042740.9443862,1699.6687083244324,363.0,1523.0,449.0
2,1764042740.9741979,1704.5691757202148,363.0,1560.0,372.0
2,1764042741.0113895,1711.6013555526733,363.0,1538.0,433.0
2,1764042741.034247,1714.168372631073,363.0,1550.0,456.0
2,1764042741.0783682,1721.2994723320007,363.0,1553.0,461.0
3,1764042741.1140704,1726.072910308838,363.0,1553.0,467.0
3,1764042741.1500113,1726.072910308838,363.0,1550.0,478.0
3,1764042741.1891232,1726.072910308838,363.0,1544.0,485.0
3,1764042741.2301624,1726.072910308838,363.0,1552.0,498.0
3,1764042741.2649047,1726.072910308838,363.0,1558.0,498.0
3,1764042741.2947989,1726.072910308838,363.0,1564.0,494.0
3,1764042741.3240802,1726.072910308838,363.0,1571.0,502.0
3,1764042741.3548324,1726.072910308838,363.0,1575.0,527.0
3,1764042741.3748276,1726.072910308838,363.0,1576.0,537.0
3,1764042741.405217,1726.072910308838,363.0,1576.0,533.0
3,1764042741.4511755,1726.072910308838,363.0,1573.0,528.0
3,1764042741.4848754,1726.072910308838,363.0,1566.0,523.0
3,1764042741.5097492,1726.072910308838,363.0,1563.0,522.0
3,1764042741.5496302,1726.072910308838,363.0,1565.0,531.0
3,1764042741.5790827,1726.072910308838,363.0,1575.0,557.0
3,1764042741.604808,1726.072910308838,363.0,1270.0,606.0
3,1764042741.6440885,182.93966341018677,456.0,922.0,542.0
3,1764042741.6794124,187.64415073394775,456.0,511.0,712.0
3,1764042741.7144468,192.41136598587036,456.0,380.0,601.0
3,1764042741.7495704,197.2738175392151,456.0,293.0,549.0
3,1764042741.7742229,202.0222930908203,456.0,273.0,571.0
3,1764042741.8093624,206.89822721481323,456.0,267.0,567.0
3,1764042741.8391266,211.6678385734558,456.0,267.0,572.0
3,1764042741.8751621,216.40333223342896,456.0,275.0,570.0
3,1764042741.9142363,223.60348987579346,456.0,275.0,566.0
3,1764042741.9498336,228.47835111618042,456.0,278.0,563.0
3,1764042741.9907856,233.299711227417,456.0,232.0,552.0
3,1764042742.0271213,240.40109205245972,456.0,244.0,542.0
3,1764042742.0448506,242.81940746307373,456.0,260.0,542.0
3,1764042742.0793753,247.73721981048584,456.0,267.0,549.0
3,1764042742.1223,254.80015563964844,456.0,273.0,561.0
3,1764042742.157085,259.7581295967102,456.0,283.0,563.0
3,1764042742.186944,264.5095019340515,456.0,295.0,559.0
3,1764042742.2200034,269.32091999053955,456.0,299.0,561.0
3,1764042742.244174,271.658447265625,456.0,310.0,556.0
3,1764042742.282987,278.8992671966553,456.0,302.0,539.0
3,1764042742.3095589,281.2590389251709,456.0,306.0,528.0
3,1764042742.349899,288.5054020881653,456.0,303.0,522.0
3,1764042742.374283,293.26564359664917,456.0,307.0,533.0
3,1764042742.414837,298.21113634109497,456.0,312.0,540.0
3,1764042742.4445126,302.89781379699707,456.0,319.0,543.0
3,1764042742.4843256,307.699969291687,456.0,322.0,534.0
3,1764042742.530152,314.805784702301,456.0,327.0,526.0
3,1764042742.5496123,317.29147720336914,456.0,343.0,525.0
3,1764042742.5928495,324.5295076370239,456.0,340.0,520.0
3,1764042742.61435,329.2756943702698,456.0,343.0,522.0
3,1764042742.650084,334.09984397888184,456.0,346.0,527.0
3,1764042742.6816313,338.9115481376648,456.0,356.0,535.0
3,1764042742.7248979,343.628445148468,456.0,362.0,532.0
3,1764042742.7616212,350.8893995285034,456.0,369.0,523.0
3,1764042742.7845633,353.35831928253174,456.0,376.0,523.0
3,1764042742.814243,358.06227016448975,456.0,378.0,524.0
3,1764042742.845085,362.8528742790222,456.0,379.0,523.0
3,1764042742.879269,367.64548110961914,456.0,383.0,522.0
3,1764042742.926542,374.84728384017944,456.0,387.0,526.0
3,1764042742.9500673,377.2722153663635,456.0,389.0,532.0
3,1764042742.9794407,382.0488004684448,456.0,398.0,526.0
3,1764042743.0203044,389.27578020095825,456.0,403.0,522.0
3,1764042743.0595508,394.0870552062988,456.0,399.0,517.0
3,1764042743.084681,398.82862854003906,456.0,386.0,509.0
3,1764042743.114997,403.6973385810852,456.0,387.0,514.0
3,1764042743.1492891,408.5242419242859,456.0,392.0,516.0
3,1764042743.1794832,413.2351665496826,456.0,422.0,514.0
3,1764042743.2247822,420.8405165672302,456.0,429.0,494.0
3,1764042743.259963,425.27563858032227,456.0,433.0,486.0
3,1764042743.2845988,427.66394901275635,456.0,436.0,496.0
3,1764042743.3295832,434.8839192390442,456.0,436.0,499.0
3,1764042743.3720677,442.1199827194214,456.0,440.0,494.0
3,1764042743.404053,446.9099073410034,456.0,444.0,493.0
3,1764042743.4294264,449.30826711654663,456.0,453.0,485.0
3,1764042743.4668224,456.5305619239807,456.0,461.0,490.0
3,1764042743.491969,458.8898329734802,456.0,468.0,492.0
3,1764042743.5142975,463.60537099838257,456.0,475.0,500.0
3,1764042743.554053,468.424120426178,456.0,479.0,493.0
3,1764042743.5843947,473.3360319137573,456.0,483.0,482.0
3,1764042743.627107,480.5314688682556,456.0,483.0,482.0
3,1764042743.66931,485.3301911354065,456.0,483.0,494.0
3,1764042743.7080789,492.489221572876,456.0,479.0,492.0
3,1764042743.7340672,497.2332625389099,456.0,475.0,485.0
3,1764042743.7542346,499.6220021247864,456.0,476.0,482.0
3,1764042743.789664,504.4584541320801,456.0,484.0,486.0
3,1764042743.8297048,509.3070297241211,456.0,496.0,509.0
3,1764042743.8702674,516.5615825653076,456.0,513.0,508.0
3,1764042743.8843427,518.8551931381226,456.0,521.0,498.0
3,1764042743.9299755,526.147189617157,456.0,520.0,502.0
3,1764042743.9540899,528.5558490753174,456.0,513.0,510.0
3,1764042743.9842436,533.2590131759644,456.0,500.0,502.0
3,1764042744.028015,540.4741196632385,456.0,485.0,490.0
3,1764042744.0597765,545.2812104225159,456.0,488.0,494.0
3,1764042744.084873,547.6430206298828,456.0,504.0,496.0
3,1764042744.129341,554.863420009613,456.0,514.0,497.0
3,1764042744.1699512,562.1172933578491,456.0,517.0,500.0
3,1764042744.2048624,566.9052867889404,456.0,525.0,499.0
3,1764042744.230016,569.3568615913391,456.0,538.0,493.0
3,1764042744.259121,574.0492610931396,456.0,587.0,501.0
3,1764042744.2946022,581.3135056495667,456.0,596.0,502.0
3,1764042744.3298724,586.1352233886719,456.0,594.0,496.0
3,1764042744.3502386,588.5332612991333,456.0,577.0,489.0
3,1764042744.3949013,595.6108956336975,456.0,574.0,485.0
3,1764042744.4194381,598.0684428215027,456.0,577.0,488.0
3,1764042744.4645839,605.2467494010925,456.0,575.0,492.0
3,1764042744.499603,610.1006178855896,456.0,586.0,498.0
3,1764042744.5495365,617.2713785171509,456.0,600.0,498.0
3,1764042744.579075,622.1189885139465,456.0,624.0,493.0
3,1764042744.6147022,629.3285160064697,456.0,628.0,493.0
3,1764042744.6391826,631.6540269851685,456.0,633.0,485.0
3,1764042744.6650717,636.4255695343018,456.0,629.0,489.0
3,1764042744.6962876,641.224184513092,456.0,632.0,491.0
3,1764042744.7249494,643.6225442886353,456.0,600.0,500.0
3,1764042744.761238,650.8327870368958,456.0,586.0,496.0
3,1764042744.7932725,653.2541780471802,456.0,600.0,503.0
3,1764042744.8270652,660.5286507606506,456.0,609.0,502.0
3,1764042744.8655438,665.2222661972046,456.0,616.0,501.0
3,1764042744.8909614,670.1186208724976,456.0,622.0,503.0
3,1764042744.9240592,674.9433784484863,456.0,629.0,513.0
3,1764042744.9644372,679.6603827476501,456.0,630.0,507.0
3,1764042745.009157,686.8923335075378,456.0,626.0,499.0
3,1764042745.050426,694.020929813385,456.0,626.0,486.0
3,1764042745.0841434,698.895254611969,456.0,626.0,474.0
3,1764042745.111127,701.315966129303,456.0,631.0,496.0
3,1764042745.1486402,708.4765343666077,456.0,641.0,510.0
3,1764042745.1693215,710.8019380569458,456.0,643.0,506.0
3,1764042745.1995811,715.6355290412903,456.0,642.0,500.0
3,1764042745.225356,720.4585700035095,456.0,646.0,501.0
3,1764042745.2609115,725.2523212432861,456.0,650.0,494.0
3,1764042745.2941883,730.122175693512,456.0,647.0,497.0
3,1764042745.3252232,734.8132519721985,456.0,649.0,504.0
3,1764042745.3646646,739.7897152900696,456.0,664.0,510.0
3,1764042745.4026167,746.8959240913391,456.0,682.0,503.0
3,1764042745.426669,749.3350892066956,456.0,681.0,493.0
3,1764042745.4661846,756.4193396568298,456.0,678.0,483.0
3,1764042745.5047042,761.3271384239197,456.0,684.0,474.0
3,1764042745.5393708,766.2098317146301,456.0,696.0,464.0
3,1764042745.5747414,773.3343868255615,456.0,701.0,461.0
3,1764042745.6111777,778.0271439552307,456.0,713.0,470.0
3,1764042745.6419013,782.9370169639587,456.0,719.0,479.0
3,1764042745.6693099,785.2259426116943,456.0,721.0,480.0
3,1764042745.6947339,790.1396780014038,456.0,714.0,476.0
3,1764042745.730894,794.9272065162659,456.0,714.0,480.0
3,1764042745.7643828,799.6340899467468,456.0,714.0,476.0
3,1764042745.8046196,806.8169741630554,456.0,720.0,477.0
3,1764042745.8295505,809.2588214874268,456.0,718.0,480.0
3,1764042745.8593028,814.1103653907776,456.0,724.0,483.0
3,1764042745.904207,821.3104157447815,456.0,733.0,477.0
3,1764042745.9343796,826.1858134269714,456.0,746.0,479.0
3,1764042745.9699397,830.8008222579956,456.0,758.0,475.0
3,1764042745.999295,835.6926708221436,456.0,766.0,474.0
3,1764042746.0291524,840.6089453697205,456.0,747.0,476.0
3,1764042746.070472,845.2842144966125,456.0,749.0,471.0
3,1764042746.0997593,850.0855116844177,456.0,755.0,457.0
3,1764042746.130301,854.9442081451416,456.0,765.0,454.0
3,1764042746.1650083,859.7621350288391,456.0,769.0,446.0
3,1764042746.2031648,866.8108015060425,456.0,782.0,453.0
3,1764042746.2401285,871.6961770057678,456.0,798.0,463.0
3,1764042746.2791755,878.9995102882385,456.0,810.0,459.0
3,1764042746.3096583,881.2076478004456,456.0,810.0,444.0
3,1764042746.349705,888.5721712112427,456.0,811.0,439.0
3,1764042746.3698072,890.8933191299438,456.0,796.0,442.0
3,1764042746.3952115,895.6544189453125,456.0,798.0,445.0
3,1764042746.4295805,900.433865070343,456.0,806.0,443.0
3,1764042746.469435,905.3398756980896,456.0,812.0,445.0
3,1764042746.5058303,912.5193266868591,456.0,813.0,452.0
3,1764042746.5341163,917.2406225204468,456.0,800.0,456.0
3,1764042746.5645087,919.6285753250122,456.0,836.0,447.0
3,1764042746.6029668,926.9462494850159,456.0,840.0,442.0
3,1764042746.6346288,931.6504507064819,456.0,843.0,444.0
3,1764042746.6677396,936.4510326385498,456.0,850.0,453.0
3,1764042746.7043579,941.2327318191528,456.0,852.0,457.0
3,1764042746.7347026,946.1544780731201,456.0,851.0,461.0
3,1764042746.7791622,953.3454446792603,456.0,837.0,470.0
3,1764042746.8148682,958.158007144928,456.0,845.0,469.0
3,1764042746.8345704,960.5336575508118,456.0,867.0,468.0
3,1764042746.8796093,967.7210478782654,456.0,883.0,471.0
3,1764042746.9061053,972.5542812347412,456.0,887.0,488.0
3,1764042746.9347062,977.3291139602661,456.0,875.0,497.0
3,1764042746.975071,982.054057598114,456.0,864.0,500.0
3,1764042747.010036,986.868157863617,456.0,854.0,503.0
3,1764042747.050337,994.0482168197632,456.0,857.0,512.0
3,1764042747.089201,998.8692908287048,456.0,870.0,503.0
3,1764042747.1094477,1001.2410073280334,456.0,883.0,498.0
3,1764042747.1349037,1006.0030727386475,456.0,891.0,512.0
3,1764042747.164522,1010.8587293624878,456.0,888.0,512.0
3,1764042747.2106712,1018.0661468505859,456.0,902.0,491.0
3,1764042747.2494266,1022.8670148849487,456.0,913.0,447.0
3,1764042747.2777803,1027.734079837799,456.0,914.0,454.0
3,1764042747.314088,1032.5140981674194,456.0,918.0,465.0
3,1764042747.345037,1037.255850315094,456.0,906.0,481.0
3,1764042747.3790495,1042.1523838043213,456.0,903.0,494.0
3,1764042747.4050064,1046.8912391662598,456.0,907.0,510.0
3,1764042747.4345233,1051.6177206039429,456.0,916.0,514.0
3,1764042747.4802394,1059.1590909957886,456.0,916.0,519.0
3,1764042747.5117652,1061.3602547645569,456.0,903.0,525.0
3,1764042747.539677,1066.112449645996,456.0,908.0,530.0
3,1764042747.584394,1073.32870054245,456.0,919.0,533.0
3,1764042747.6120517,1078.0067591667175,456.0,931.0,531.0
3,1764042747.645022,1082.8418879508972,456.0,921.0,528.0
3,1764042747.680045,1087.8084092140198,456.0,927.0,530.0
3,1764042747.7100787,1092.5239114761353,456.0,937.0,522.0
3,1764042747.7446039,1097.237768650055,456.0,947.0,529.0
3,1764042747.7800367,1102.1471409797668,456.0,942.0,544.0
3,1764042747.8152142,1109.2473058700562,456.0,935.0,554.0
3,1764042747.849514,1114.0852599143982,456.0,935.0,545.0
3,1764042747.884508,1118.9511804580688,456.0,940.0,543.0
3,1764042747.9047534,1121.2535529136658,456.0,942.0,539.0
3,1764042747.9393084,1126.0016708374023,456.0,953.0,529.0
3,1764042747.9811695,1133.3089380264282,456.0,958.0,524.0
3,1764042748.0264676,1140.419044971466,456.0,960.0,526.0
3,1764042748.0649066,1145.2924757003784,456.0,966.0,535.0
3,1764042748.0994258,1150.0511436462402,456.0,980.0,540.0
3,1764042748.1217039,1154.856768131256,456.0,967.0,552.0
3,1764042748.1447082,1157.3288350105286,456.0,963.0,554.0
3,1764042748.174207,1162.0378642082214,456.0,976.0,550.0
3,1764042748.2122622,1166.9631152153015,456.0,993.0,539.0
3,1764042748.239839,1171.6506152153015,456.0,1004.0,540.0
3,1764042748.2822063,1178.9524822235107,456.0,1002.0,556.0
3,1764042748.315114,1183.7269930839539,456.0,986.0,560.0
3,1764042748.3392088,1186.16068649292,456.0,987.0,550.0
3,1764042748.3790634,1193.3655290603638,456.0,988.0,551.0
3,1764042748.4200118,1198.1104998588562,456.0,1001.0,558.0
3,1764042748.4583423,1205.2164583206177,456.0,1003.0,563.0
3,1764042748.4842803,1207.691243171692,456.0,985.0,576.0
3,1764042748.5221205,1214.8298530578613,456.0,974.0,589.0
3,1764042748.5399203,1217.2250299453735,456.0,991.0,606.0
3,1764042748.5860982,1224.565306186676,456.0,1009.0,595.0
3,1764042748.6202178,1229.3813734054565,456.0,1030.0,580.0
3,1764042748.6542857,1234.0534238815308,456.0,1032.0,570.0
3,1764042748.6818101,1238.870385169983,456.0,1038.0,576.0
3,1764042748.7103202,1241.2568359375,456.0,1039.0,573.0
3,1764042748.7497885,1248.502269268036,456.0,1054.0,561.0
3,1764042748.7795146,1253.2072215080261,456.0,1076.0,553.0
3,1764042748.819097,1258.133616924286,456.0,1079.0,557.0
3,1764042748.8492568,1262.8345637321472,456.0,1073.0,567.0
3,1764042748.8801184,1267.6519899368286,456.0,1095.0,532.0
3,1764042748.9142838,1272.5223808288574,456.0,1098.0,524.0
3,1764042748.9399493,1277.2553353309631,456.0,1089.0,558.0
3,1764042748.987114,1284.503415107727,456.0,1093.0,562.0
3,1764042749.0197473,1289.2829685211182,456.0,1120.0,554.0
3,1764042749.0502644,1294.0066604614258,456.0,1113.0,561.0
3,1764042749.0803156,1298.8276987075806,456.0,1096.0,566.0
3,1764042749.1142085,1303.748586654663,456.0,1098.0,556.0
3,1764042749.145948,1308.5500984191895,456.0,1108.0,541.0
3,1764042749.1896863,1313.3618741035461,456.0,1120.0,525.0
3,1764042749.2342348,1320.460286617279,456.0,1119.0,531.0
3,1764042749.2748249,1327.669885635376,456.0,1119.0,527.0
3,1764042749.3070886,1332.5585870742798,456.0,1127.0,520.0
3,1764042749.3245783,1334.9864153862,456.0,1152.0,531.0
3,1764042749.354672,1339.696982383728,456.0,1160.0,548.0
3,1764042749.390101,1344.479468345642,456.0,1157.0,545.0
3,1764042749.414524,1349.301794052124,456.0,1174.0,536.0
3,1764042749.459304,1354.1546969413757,456.0,1186.0,530.0
3,1764042749.4901614,1358.9272050857544,456.0,1188.0,535.0
3,1764042749.5145142,1363.6443881988525,456.0,1173.0,555.0
3,1764042749.5658166,1370.9164290428162,456.0,1177.0,555.0
3,1764042749.5947452,1375.6409792900085,456.0,1187.0,563.0
3,1764042749.620047,1378.0799298286438,456.0,1159.0,594.0
3,1764042749.6547463,1385.335126399994,456.0,1158.0,590.0
3,1764042749.694756,1390.0375752449036,456.0,1167.0,573.0
3,1764042749.722391,1394.8720960617065,456.0,1184.0,544.0
3,1764042749.7493956,1397.3338632583618,456.0,1203.0,530.0
3,1764042749.789091,1404.528549194336,456.0,1205.0,541.0
3,1764042749.8241575,1409.2352538108826,456.0,1197.0,541.0
3,1764042749.8678439,1416.5488867759705,456.0,1190.0,560.0
3,1764042749.8899696,1418.8864498138428,456.0,1230.0,569.0
3,1764042749.9252524,1423.6122159957886,456.0,1238.0,543.0
3,1764042749.9542851,1428.4829287528992,456.0,1244.0,546.0
3,1764042749.98917,1433.2847623825073,456.0,1249.0,578.0
3,1764042750.0245814,1440.430739402771,456.0,1256.0,603.0
3,1764042750.054817,1445.3457264900208,456.0,1254.0,585.0
3,1764042750.0844448,1447.6566462516785,456.0,1272.0,572.0
3,1764042750.121579,1454.8814086914062,456.0,1279.0,535.0
3,1764042750.164816,1459.619942188263,456.0,1275.0,528.0
3,1764042750.1950538,1464.5590333938599,456.0,1275.0,540.0
3,1764042750.220219,1469.3058638572693,456.0,1285.0,541.0
3,1764042750.25913,1474.0938930511475,456.0,1280.0,517.0
3,1764042750.2949514,1481.3658981323242,456.0,1287.0,511.0
3,1764042750.319161,1483.6667685508728,456.0,1299.0,529.0
3,1764042750.3663886,1490.9616618156433,456.0,1309.0,551.0
3,1764042750.4159832,1498.1597452163696,456.0,1310.0,547.0
3,1764042750.4490628,1502.8510718345642,456.0,1313.0,514.0
3,1764042750.489375,1510.0457935333252,456.0,1313.0,526.0
3,1764042750.5299065,1514.8725538253784,456.0,1328.0,513.0
3,1764042750.5700939,1522.0171360969543,456.0,1358.0,534.0
3,1764042750.589248,1524.5179562568665,456.0,1389.0,573.0
3,1764042750.619677,1529.2757658958435,456.0,1393.0,594.0
3,1764042750.6660764,1537.0346455574036,456.0,1406.0,585.0
3,1764042750.6999145,1541.3133053779602,456.0,1402.0,573.0
3,1764042750.7201395,1543.6784415245056,456.0,1417.0,550.0
3,1764042750.7697434,1550.9495882987976,456.0,1427.0,546.0
3,1764042750.8112233,1558.1339030265808,456.0,1444.0,569.0
3,1764042750.844716,1562.8416447639465,456.0,1417.0,489.0
3,1764042750.8691285,1565.3413920402527,456.0,1378.0,588.0
3,1764042750.8849232,1567.6430492401123,456.0,1400.0,589.0
3,1764042750.9224973,1574.8132019042969,456.0,1418.0,567.0
3,1764042750.960101,1579.7557621002197,456.0,1421.0,555.0
3,1764042750.9940858,1584.5460801124573,456.0,1409.0,561.0
3,1764042751.0249994,1589.3590359687805,456.0,1429.0,561.0
3,1764042751.059659,1594.0574436187744,456.0,1446.0,536.0
3,1764042751.0946531,1601.3211517333984,456.0,1440.0,530.0
3,1764042751.1355743,1606.1153321266174,456.0,1440.0,539.0
3,1764042751.161308,1610.8363418579102,456.0,1459.0,551.0
3,1764042751.1898715,1613.2697491645813,456.0,1477.0,529.0
3,1764042751.2250903,1620.4119710922241,456.0,1483.0,534.0
3,1764042751.269613,1625.2910523414612,456.0,1491.0,520.0
3,1764042751.3056269,1632.4997215270996,456.0,1496.0,554.0
3,1764042751.3327847,1634.9618105888367,456.0,1496.0,569.0
3,1764042751.364833,1639.6910099983215,456.0,1493.0,582.0
3,1764042751.4017086,1646.8425660133362,456.0,1491.0,563.0
3,1764042751.4242077,1649.479320526123,456.0,1481.0,538.0
3,1764042751.4547029,1654.0815620422363,456.0,1481.0,524.0
3,1764042751.5043523,1661.2304000854492,456.0,1492.0,536.0
3,1764042751.5483625,1669.3775563240051,456.0,1510.0,553.0
3,1764042751.589377,1673.2423334121704,456.0,1546.0,536.0
3,1764042751.6142194,1678.1288175582886,456.0,1556.0,539.0
3,1764042751.6412,1682.840350151062,456.0,1567.0,535.0
3,1764042751.6598327,1685.312560081482,456.0,1578.0,533.0
3,1764042751.7050364,1692.4299268722534,456.0,1581.0,537.0
3,1764042751.7450585,1697.3121910095215,456.0,1583.0,561.0
3,1764042751.7828085,1702.1397380828857,456.0,1572.0,558.0
3,1764042751.8043745,1706.9088487625122,456.0,1568.0,541.0
3,1764042751.830239,1709.2399744987488,456.0,1554.0,501.0
3,1764042751.859683,1714.059331893921,456.0,1554.0,509.0
3,1764042751.9013097,1721.218970298767,456.0,1565.0,519.0
4,1764042751.9331985,1726.1407165527344,456.0,1583.0,566.0
4,1764042751.9597747,1726.1407165527344,456.0,1583.0,583.0
4,1764042752.0048697,1726.1407165527344,456.0,1587.0,605.0
4,1764042752.0303173,1726.1407165527344,456.0,1588.0,606.0
4,1764042752.0591016,1726.1407165527344,456.0,1608.0,585.0
4,1764042752.1050887,1726.1407165527344,456.0,1616.0,578.0
4,1764042752.134456,1726.1407165527344,456.0,1624.0,553.0
4,1764042752.1647615,1726.1407165527344,456.0,1630.0,577.0
4,1764042752.204904,1726.1407165527344,456.0,1617.0,567.0
4,1764042752.229297,1726.1407165527344,456.0,1413.0,629.0
4,1764042752.2692926,1726.1407165527344,456.0,1010.0,621.0
4,1764042752.3001974,1726.1407165527344,456.0,673.0,747.0
4,1764042752.3343291,1726.1407165527344,456.0,480.0,662.0
4,1764042752.3694034,1726.1407165527344,456.0,346.0,600.0
4,1764042752.3998516,1726.1407165527344,456.0,303.0,596.0
4,1764042752.430089,178.0,549.0,276.0,616.0
4,1764042752.4691122,182.84628677368164,549.0,259.0,596.0
4,1764042752.5003815,187.66932773590088,549.0,241.0,578.0
4,1764042752.534593,192.4510269165039,549.0,236.0,593.0
4,1764042752.5648086,197.39619779586792,549.0,254.0,602.0
4,1764042752.5950437,202.09950494766235,549.0,256.0,594.0
4,1764042752.6395094,209.26178979873657,549.0,262.0,579.0
4,1764042752.6650424,211.6957335472107,549.0,280.0,586.0
4,1764042752.6946366,216.4389877319336,549.0,281.0,612.0
4,1764042752.7352366,223.6057071685791,549.0,275.0,620.0
4,1764042752.765043,228.55584907531738,549.0,285.0,619.0
4,1764042752.800899,233.262553691864,549.0,306.0,619.0
4,1764042752.8342128,238.1008653640747,549.0,317.0,618.0
4,1764042752.8648825,242.87669944763184,549.0,317.0,625.0
4,1764042752.9045036,247.71826553344727,549.0,311.0,640.0
4,1764042752.9350836,252.53529834747314,549.0,310.0,645.0
4,1764042752.9648468,257.2752265930176,549.0,315.0,630.0
4,1764042753.0050473,264.55649423599243,549.0,323.0,617.0
4,1764042753.039385,269.23265743255615,549.0,331.0,606.0
4,1764042753.07257,274.01006507873535,549.0,336.0,610.0
4,1764042753.0998304,276.40863943099976,549.0,338.0,602.0
4,1764042753.1352944,283.64194917678833,549.0,337.0,611.0
4,1764042753.1828377,288.4974627494812,549.0,349.0,625.0
4,1764042753.219493,295.72762537002563,549.0,362.0,631.0
4,1764042753.2445796,300.4863290786743,549.0,371.0,642.0
4,1764042753.2805147,305.3457407951355,549.0,375.0,644.0
4,1764042753.3047218,307.7461748123169,549.0,374.0,643.0
4,1764042753.3392665,312.4801664352417,549.0,372.0,644.0
4,1764042753.3695526,317.30195569992065,549.0,373.0,645.0
4,1764042753.3996763,322.1467761993408,549.0,371.0,644.0
4,1764042753.449211,329.35358572006226,549.0,368.0,641.0
4,1764042753.4895854,336.5323929786682,549.0,370.0,637.0
4,1764042753.5091245,338.93132495880127,549.0,384.0,626.0
4,1764042753.5352051,343.6227946281433,549.0,394.0,627.0
4,1764042753.574049,348.4220175743103,549.0,394.0,635.0
4,1764042753.618624,355.6203513145447,549.0,390.0,643.0
4,1764042753.6490574,360.4779748916626,549.0,388.0,635.0
4,1764042753.6700964,362.8186135292053,549.0,393.0,614.0
4,1764042753.7120285,370.1112537384033,549.0,403.0,606.0
4,1764042753.7508898,374.9521760940552,549.0,395.0,593.0
4,1764042753.777472,379.79420709609985,549.0,387.0,582.0
4,1764042753.8046114,384.4911127090454,549.0,397.0,585.0
4,1764042753.8414297,389.38625144958496,549.0,409.0,594.0
4,1764042753.8740509,394.1248564720154,549.0,423.0,591.0
4,1764042753.9043536,398.8539843559265,549.0,438.0,595.0
4,1764042753.9403734,403.7131814956665,549.0,453.0,593.0
4,1764042753.979521,408.4679870605469,549.0,451.0,596.0
4,1764042754.004971,413.3213906288147,549.0,438.0,598.0
4,1764042754.0391774,418.12179374694824,549.0,442.0,596.0
4,1764042754.074879,422.898521900177,549.0,447.0,589.0
4,1764042754.1045542,427.6535062789917,549.0,444.0,586.0
4,1764042754.139315,432.4634222984314,549.0,435.0,588.0
4,1764042754.178485,439.7491602897644,549.0,434.0,586.0
4,1764042754.2097607,444.4854407310486,549.0,441.0,590.0
4,1764042754.240847,449.30815982818604,549.0,462.0,590.0
4,1764042754.2842479,456.4365773200989,549.0,464.0,591.0
4,1764042754.3093789,458.9066414833069,549.0,491.0,589.0
4,1764042754.3442867,463.693097114563,549.0,499.0,591.0
4,1764042754.3856266,470.89915561676025,549.0,498.0,597.0
4,1764042754.4196155,475.6302146911621,549.0,489.0,594.0
4,1764042754.4523754,480.45375633239746,549.0,491.0,582.0
4,1764042754.4743187,482.95357513427734,549.0,490.0,575.0
4,1764042754.5115287,490.0174765586853,549.0,507.0,568.0
4,1764042754.5395463,492.55774307250977,549.0,529.0,576.0
4,1764042754.5848818,499.7797517776489,549.0,542.0,587.0
4,1764042754.615135,504.5613794326782,549.0,524.0,600.0
4,1764042754.6406581,509.2863230705261,549.0,523.0,596.0
4,1764042754.689088,516.4052991867065,549.0,531.0,593.0
4,1764042754.7250288,521.3332681655884,549.0,539.0,582.0
4,1764042754.7455475,523.7220792770386,549.0,533.0,575.0
4,1764042754.7747033,528.5013823509216,549.0,534.0,570.0
4,1764042754.8045015,533.3401947021484,549.0,539.0,566.0
4,1764042754.849551,540.428629398346,549.0,537.0,573.0
4,1764042754.885227,545.2743439674377,549.0,538.0,589.0
4,1764042754.9091072,550.1654772758484,549.0,541.0,605.0
4,1764042754.9450822,554.8398523330688,549.0,556.0,607.0
4,1764042754.9797697,559.7263007164001,549.0,574.0,612.0
4,1764042755.0173793,564.504316329956,549.0,566.0,615.0
4,1764042755.056885,571.6404943466187,549.0,562.0,621.0
4,1764042755.0801208,574.09375,549.0,569.0,612.0
4,1764042755.1142392,578.8562445640564,549.0,581.0,603.0
4,1764042755.1441896,583.7119011878967,549.0,591.0,591.0
4,1764042755.1790595,588.5762124061584,549.0,589.0,583.0
4,1764042755.218666,595.6336765289307,549.0,583.0,575.0
4,1764042755.2494676,600.5396156311035,549.0,579.0,580.0
4,1764042755.282361,605.28351354599,549.0,588.0,591.0
4,1764042755.320067,610.1206092834473,549.0,605.0,594.0
4,1764042755.34908,614.8238806724548,549.0,617.0,578.0
4,1764042755.3798354,619.6413068771362,549.0,614.0,573.0
4,1764042755.4141166,624.4208602905273,549.0,602.0,580.0
4,1764042755.44543,629.3715028762817,549.0,611.0,575.0
4,1764042755.4841416,636.4206342697144,549.0,631.0,570.0
4,1764042755.5142145,638.8632683753967,549.0,641.0,568.0
4,1764042755.551714,646.0506229400635,549.0,647.0,565.0
4,1764042755.589899,650.9730129241943,549.0,656.0,560.0
4,1764042755.634567,658.0095200538635,549.0,659.0,558.0
4,1764042755.6540933,660.508909702301,549.0,646.0,565.0
4,1764042755.6797564,665.2735142707825,549.0,646.0,566.0
4,1764042755.719888,670.0940518379211,549.0,646.0,571.0
4,1764042755.754378,674.9174861907959,549.0,652.0,565.0
4,1764042755.7802622,679.7709255218506,549.0,656.0,554.0
4,1764042755.8294396,686.8908672332764,549.0,653.0,561.0
4,1764042755.8720806,694.1249995231628,549.0,658.0,576.0
4,1764042755.9045062,698.8433270454407,549.0,664.0,592.0
4,1764042755.929087,701.3736872673035,549.0,678.0,595.0
4,1764042755.965061,708.5585384368896,549.0,685.0,584.0
4,1764042756.0042295,713.2534770965576,549.0,696.0,580.0
4,1764042756.024315,715.7335548400879,549.0,707.0,584.0
4,1764042756.0501006,720.4855709075928,549.0,711.0,582.0
4,1764042756.084416,725.3022818565369,549.0,711.0,578.0
4,1764042756.114454,730.0658135414124,549.0,723.0,576.0
4,1764042756.1449304,734.8992257118225,549.0,711.0,565.0
4,1764042756.191255,742.0106916427612,549.0,714.0,565.0
4,1764042756.2197533,744.5681600570679,549.0,727.0,573.0
4,1764042756.2574313,751.7996459007263,549.0,735.0,569.0
4,1764042756.2902982,756.5385727882385,549.0,727.0,571.0
4,1764042756.3291686,761.2131266593933,549.0,710.0,565.0
4,1764042756.3750074,768.4269814491272,549.0,710.0,562.0
4,1764042756.4023535,773.3276991844177,549.0,732.0,562.0
4,1764042756.4330373,778.083327293396,549.0,751.0,563.0
4,1764042756.4652612,782.8368453979492,549.0,729.0,564.0
4,1764042756.4958923,787.7145318984985,549.0,723.0,566.0
4,1764042756.5242655,792.4392251968384,549.0,721.0,569.0
4,1764042756.5499487,794.9537782669067,549.0,739.0,571.0
4,1764042756.5857165,799.7054009437561,549.0,753.0,572.0
4,1764042756.629184,806.8425803184509,549.0,767.0,567.0
4,1764042756.6708202,814.4224314689636,549.0,759.0,568.0
4,1764042756.7149713,819.1879658699036,549.0,755.0,569.0
4,1764042756.744468,823.6992983818054,549.0,778.0,564.0
4,1764042756.7704897,828.5297780036926,549.0,786.0,561.0
4,1764042756.7947018,830.8321146965027,549.0,792.0,569.0
4,1764042756.8248093,835.7467083930969,549.0,792.0,567.0
4,1764042756.8500447,840.5137448310852,549.0,793.0,562.0
4,1764042756.8899827,845.3429369926453,549.0,791.0,553.0
4,1764042756.91905,850.0553278923035,549.0,788.0,550.0
4,1764042756.9547663,854.8297672271729,549.0,792.0,561.0
4,1764042756.9914382,862.041440486908,549.0,798.0,566.0
4,1764042757.0192664,864.5201592445374,549.0,819.0,565.0
4,1764042757.0590668,871.6413884162903,549.0,820.0,556.0
4,1764042757.0894275,876.5461473464966,549.0,814.0,549.0
4,1764042757.1292684,881.3533453941345,549.0,820.0,559.0
4,1764042757.1712112,888.4472875595093,549.0,833.0,557.0
4,1764042757.204764,893.2086734771729,549.0,849.0,558.0
4,1764042757.244848,900.5265979766846,549.0,859.0,560.0
4,1764042757.2711732,902.9148726463318,549.0,866.0,572.0
4,1764042757.3051374,907.6403169631958,549.0,869.0,611.0
4,1764042757.3347666,912.5479369163513,549.0,872.0,626.0
4,1764042757.364093,917.2144799232483,549.0,884.0,605.0
4,1764042757.3999808,922.1362261772156,549.0,882.0,590.0
4,1764042757.4414015,929.2616753578186,549.0,888.0,590.0
4,1764042757.4792154,934.0764193534851,549.0,874.0,599.0
4,1764042757.505192,938.8005046844482,549.0,854.0,601.0
4,1764042757.537228,943.7438516616821,549.0,853.0,603.0
4,1764042757.564176,948.425808429718,549.0,855.0,596.0
4,1764042757.5948024,950.8292107582092,549.0,866.0,592.0
4,1764042757.6247857,955.7505278587341,549.0,866.0,592.0
4,1764042757.6550117,960.5571537017822,549.0,871.0,602.0
4,1764042757.6977015,967.658784866333,549.0,885.0,599.0
4,1764042757.7291992,972.5266008377075,549.0,894.0,600.0
4,1764042757.754649,974.8933820724487,549.0,890.0,581.0
4,1764042757.794902,982.135525226593,549.0,886.0,576.0
4,1764042757.8241525,986.9367151260376,549.0,889.0,585.0
4,1764042757.8641124,991.7878656387329,549.0,892.0,586.0
4,1764042757.8948498,996.4033751487732,549.0,919.0,568.0
4,1764042757.9300458,1001.3691096305847,549.0,939.0,554.0
4,1764042757.970439,1008.6035280227661,549.0,935.0,550.0
4,1764042757.9955297,1010.8254342079163,549.0,921.0,550.0
4,1764042758.0250933,1015.7272963523865,549.0,921.0,550.0
4,1764042758.0597956,1020.4831748008728,549.0,930.0,557.0
4,1764042758.0953743,1027.6280074119568,549.0,933.0,561.0
4,1764042758.1347866,1032.5718908309937,549.0,936.0,568.0
4,1764042758.1702132,1037.2966556549072,549.0,934.0,560.0
4,1764042758.2050753,1044.560685634613,549.0,935.0,559.0
4,1764042758.24006,1049.3499665260315,549.0,929.0,559.0
4,1764042758.2746994,1054.0101079940796,549.0,932.0,562.0
4,1764042758.2992666,1056.5348534584045,549.0,941.0,563.0
4,1764042758.3368058,1063.6595158576965,549.0,946.0,567.0
4,1764042758.3724341,1068.431523323059,549.0,949.0,568.0
4,1764042758.4032931,1073.289433002472,549.0,971.0,559.0
4,1764042758.4393585,1078.1260995864868,549.0,980.0,553.0
4,1764042758.4701872,1082.8108458518982,549.0,985.0,544.0
4,1764042758.5127358,1090.0150804519653,549.0,978.0,548.0
4,1764042758.5551176,1094.8745279312134,549.0,972.0,549.0
4,1764042758.5795352,1099.7131614685059,549.0,981.0,529.0
4,1764042758.619195,1104.5859127044678,549.0,1001.0,520.0
4,1764042758.6495078,1109.3482642173767,549.0,1015.0,536.0
4,1764042758.6799085,1114.1061453819275,549.0,1005.0,546.0
4,1764042758.7102654,1118.83491563797,549.0,1001.0,551.0
4,1764042758.7366674,1123.6528782844543,549.0,999.0,546.0
4,1764042758.7648633,1128.528883934021,549.0,1007.0,541.0
4,1764042758.8045366,1133.3422331809998,549.0,1011.0,528.0
4,1764042758.8481474,1140.4034881591797,549.0,1026.0,528.0
4,1764042758.8802054,1145.2146916389465,549.0,1036.0,536.0
4,1764042758.8992476,1147.8100686073303,549.0,1043.0,547.0
4,1764042758.9291613,1152.528181552887,549.0,1033.0,540.0
4,1764042758.9758725,1159.7137479782104,549.0,1032.0,551.0
4,1764042759.0040538,1164.407470703125,549.0,1046.0,560.0
4,1764042759.0388398,1167.035141468048,549.0,1050.0,551.0
4,1764042759.0723352,1174.152114868164,549.0,1040.0,546.0
4,1764042759.1004388,1176.536241054535,549.0,1042.0,558.0
4,1764042759.1450963,1183.7126879692078,549.0,1044.0,569.0
4,1764042759.1798196,1188.4116678237915,549.0,1057.0,564.0
4,1764042759.2046025,1193.3349161148071,549.0,1067.0,553.0
4,1764042759.2347448,1198.0160503387451,549.0,1079.0,531.0
4,1764042759.2640507,1202.9558925628662,549.0,1075.0,521.0
4,1764042759.3048284,1207.654622077942,549.0,1077.0,532.0
4,1764042759.3342865,1212.5516920089722,549.0,1082.0,528.0
4,1764042759.3691075,1217.3587470054626,549.0,1092.0,525.0
4,1764042759.404715,1224.506655216217,549.0,1096.0,531.0
4,1764042759.4399338,1229.3006925582886,549.0,1103.0,534.0
4,1764042759.474498,1234.1504483222961,549.0,1116.0,522.0
4,1764042759.4990702,1236.5379362106323,549.0,1104.0,512.0
4,1764042759.5445273,1243.6482934951782,549.0,1089.0,516.0
4,1764042759.5749645,1248.541250705719,549.0,1104.0,520.0
4,1764042759.6043162,1253.3438711166382,549.0,1111.0,520.0
4,1764042759.6398602,1258.1190972328186,549.0,1113.0,522.0
4,1764042759.6703377,1262.9557638168335,549.0,1101.0,545.0
4,1764042759.7042115,1267.6790623664856,549.0,1078.0,595.0
4,1764042759.7395723,1272.4028973579407,549.0,1067.0,632.0
4,1764042759.769415,1277.2993593215942,549.0,1071.0,633.0
4,1764042759.8003836,1282.1094541549683,549.0,1078.0,631.0
4,1764042759.840472,1289.2128019332886,549.0,1090.0,643.0
4,1764042759.8719382,1294.1314010620117,549.0,1094.0,651.0
4,1764042759.910366,1298.8352446556091,549.0,1098.0,646.0
4,1764042759.9394212,1303.6380438804626,549.0,1106.0,642.0
4,1764042759.9699228,1308.4336905479431,549.0,1121.0,645.0
4,1764042760.0095427,1313.2819800376892,549.0,1123.0,643.0
4,1764042760.0441303,1320.4189448356628,549.0,1117.0,637.0
4,1764042760.0792153,1325.2271084785461,549.0,1116.0,646.0
4,1764042760.1195621,1330.1109104156494,549.0,1119.0,652.0
4,1764042760.1511686,1334.803560256958,549.0,1115.0,665.0
4,1764042760.1848326,1339.6275668144226,549.0,1144.0,672.0
4,1764042760.214981,1344.4353728294373,549.0,1162.0,687.0
4,1764042760.2399266,1349.3201761245728,549.0,1167.0,703.0
4,1764042760.2742581,1354.1322736740112,549.0,1165.0,701.0
4,1764042760.3041644,1358.928134918213,549.0,1162.0,691.0
4,1764042760.344743,1363.703182220459,549.0,1147.0,696.0
4,1764042760.3693867,1368.4207944869995,549.0,1146.0,699.0
4,1764042760.4050164,1373.2298521995544,549.0,1146.0,694.0
4,1764042760.4395094,1378.0927686691284,549.0,1143.0,694.0
4,1764042760.475002,1382.9285054206848,549.0,1150.0,713.0
4,1764042760.5117793,1390.0686531066895,549.0,1162.0,700.0
4,1764042760.5442195,1394.9158339500427,549.0,1169.0,692.0
4,1764042760.5763967,1399.6415286064148,549.0,1177.0,703.0
4,1764042760.6148748,1404.4233708381653,549.0,1177.0,709.0
4,1764042760.649297,1409.3440442085266,549.0,1176.0,702.0
4,1764042760.673281,1414.1101508140564,549.0,1191.0,710.0
4,1764042760.7102418,1418.855586528778,549.0,1219.0,717.0
4,1764042760.7451725,1423.686423778534,549.0,1253.0,707.0
4,1764042760.774918,1428.5037069320679,549.0,1259.0,697.0
4,1764042760.8093092,1433.3773880004883,549.0,1258.0,714.0
4,1764042760.8441043,1440.4150395393372,549.0,1261.0,709.0
4,1764042760.8798072,1445.2974824905396,549.0,1272.0,709.0
4,1764042760.9190505,1450.0706343650818,549.0,1277.0,710.0
4,1764042760.9401648,1452.5211720466614,549.0,1276.0,715.0
4,1764042760.980004,1459.600558757782,549.0,1289.0,709.0
4,1764042761.0096107,1464.5194439888,549.0,1298.0,709.0
4,1764042761.0417802,1469.2898063659668,549.0,1303.0,709.0
4,1764042761.0801654,1474.1309790611267,549.0,1286.0,715.0
4,1764042761.121382,1481.3694386482239,549.0,1283.0,721.0
4,1764042761.1554427,1486.1368684768677,549.0,1281.0,724.0
4,1764042761.1851244,1490.9611611366272,549.0,1287.0,723.0
4,1764042761.2191885,1495.611575126648,549.0,1294.0,701.0
4,1764042761.2571447,1500.4042892456055,549.0,1315.0,673.0
4,1764042761.2961323,1507.620862007141,549.0,1319.0,669.0
4,1764042761.335672,1512.4837069511414,549.0,1328.0,680.0
4,1764042761.3700888,1517.335036277771,549.0,1346.0,675.0
4,1764042761.4043624,1524.4537620544434,549.0,1345.0,650.0
4,1764042761.4345338,1526.907446861267,549.0,1338.0,638.0
4,1764042761.4724493,1534.034541130066,549.0,1348.0,653.0
4,1764042761.505308,1538.876965522766,549.0,1353.0,659.0
4,1764042761.5377102,1543.6953930854797,549.0,1378.0,669.0
4,1764042761.5757883,1548.5512642860413,549.0,1377.0,667.0
4,1764042761.6644409,1562.826159477234,549.0,1377.0,670.0
4,1764042761.7008164,1567.6936535835266,549.0,1388.0,669.0
4,1764042761.724056,1572.4077968597412,549.0,1402.0,665.0
4,1764042761.7496583,1574.9048261642456,549.0,1411.0,666.0
4,1764042761.7844782,1579.6592025756836,549.0,1425.0,659.0
4,1764042761.8197482,1584.5392136573792,549.0,1428.0,657.0
4,1764042761.860235,1591.6518239974976,549.0,1415.0,655.0
4,1764042761.891152,1596.5333013534546,549.0,1430.0,653.0
4,1764042761.923845,1601.3378529548645,549.0,1451.0,672.0
4,1764042761.9595115,1606.1231999397278,549.0,1451.0,674.0
4,1764042761.9843395,1610.954466342926,549.0,1446.0,678.0
4,1764042762.016762,1615.665855884552,549.0,1487.0,667.0
4,1764042762.0588477,1620.4481272697449,549.0,1498.0,669.0
4,1764042762.0904117,1625.3230957984924,549.0,1503.0,644.0
4,1764042762.1259987,1632.699206352234,549.0,1508.0,636.0
4,1764042762.1550167,1634.8400025367737,549.0,1509.0,641.0
4,1764042762.191996,1642.1281723976135,549.0,1521.0,644.0
4,1764042762.2190943,1644.437840461731,549.0,1531.0,648.0
4,1764042762.2562537,1651.7661361694336,549.0,1535.0,646.0
4,1764042762.286105,1656.7151336669922,549.0,1537.0,642.0
4,1764042762.321044,1661.316946029663,549.0,1536.0,635.0
4,1764042762.365297,1668.593957901001,549.0,1520.0,636.0
4,1764042762.3998544,1673.3882813453674,549.0,1550.0,635.0
4,1764042762.4195068,1675.6215243339539,549.0,1562.0,623.0
4,1764042762.4492013,1680.5041460990906,549.0,1562.0,617.0
4,1764042762.4893966,1685.307481765747,549.0,1562.0,610.0
4,1764042762.5145662,1690.094008922577,549.0,1559.0,631.0
4,1764042762.5551019,1694.8262481689453,549.0,1561.0,643.0
4,1764042762.592864,1702.0206837654114,549.0,1573.0,646.0
4,1764042762.619853,1704.5834093093872,549.0,1585.0,609.0
4,1764042762.6575022,1711.7416172027588,549.0,1596.0,604.0
4,1764042762.6950145,1716.4212493896484,549.0,1584.0,595.0
4,1764042762.729435,1721.273401260376,549.0,1571.0,586.0
5,1764042762.7545638,1726.1386065483093,549.0,1567.0,627.0
5,1764042762.7892976,1726.1386065483093,549.0,1550.0,662.0
5,1764042762.8300385,1726.1386065483093,549.0,1535.0,667.0
5,1764042762.8702343,1726.1386065483093,549.0,1529.0,654.0
5,1764042762.8940933,1726.1386065483093,549.0,1553.0,636.0
5,1764042762.9190927,1726.1386065483093,549.0,1570.0,662.0
5,1764042762.954237,1726.1386065483093,549.0,1580.0,665.0
5,1764042762.9848335,1726.1386065483093,549.0,1580.0,679.0
5,1764042763.0302062,1726.1386065483093,549.0,1567.0,661.0
5,1764042763.0590491,1726.1386065483093,549.0,1558.0,651.0
5,1764042763.084625,1726.1386065483093,549.0,1554.0,662.0
5,1764042763.124085,1726.1386065483093,549.0,1554.0,669.0
5,1764042763.154237,1726.1386065483093,549.0,1564.0,682.0
5,1764042763.1947355,1726.1386065483093,549.0,1575.0,711.0
5,1764042763.229874,1726.1386065483093,549.0,1585.0,738.0
5,1764042763.2597005,178.0,642.0,1510.0,753.0
5,1764042763.2952263,182.80186939239502,642.0,1077.0,799.0
5,1764042763.324354,187.62777137756348,642.0,1530.0,808.0
5,1764042763.3601282,192.45059776306152,642.0,468.0,786.0
5,1764042763.3941932,199.67142629623413,642.0,405.0,677.0
5,1764042763.4300818,204.56112909317017,642.0,397.0,677.0
5,1764042763.4624312,209.239116191864,642.0,348.0,655.0
5,1764042763.4893577,211.75155925750732,642.0,332.0,652.0
5,1764042763.5204747,216.48068714141846,642.0,327.0,666.0
5,1764042763.5644617,223.67265510559082,642.0,328.0,691.0
5,1764042763.6142454,230.8490662574768,642.0,331.0,700.0
5,1764042763.639519,235.67886638641357,642.0,344.0,684.0
5,1764042763.664897,238.09364128112793,642.0,269.0,728.0
5,1764042763.6902094,242.8027777671814,642.0,289.0,707.0
5,1764042763.7298079,247.61698532104492,642.0,304.0,690.0
5,1764042763.7596703,252.51469898223877,642.0,311.0,695.0
5,1764042763.7895603,257.3034076690674,642.0,316.0,704.0
5,1764042763.829652,264.4535689353943,642.0,331.0,708.0
5,1764042763.854367,266.9030694961548,642.0,338.0,708.0
5,1764042763.8941512,274.1449980735779,642.0,336.0,715.0
5,1764042763.926717,278.9286642074585,642.0,336.0,732.0
5,1764042763.960676,283.6773543357849,642.0,350.0,742.0
5,1764042763.9950585,288.5018615722656,642.0,361.0,737.0
5,1764042764.0248196,293.3464674949646,642.0,375.0,727.0
5,1764042764.0642102,298.16650438308716,642.0,381.0,705.0
5,1764042764.1015778,305.253258228302,642.0,368.0,689.0
5,1764042764.129823,307.660165309906,642.0,377.0,697.0
5,1764042764.1701145,314.84362173080444,642.0,378.0,706.0
5,1764042764.2071898,319.75342321395874,642.0,381.0,710.0
5,1764042764.2391505,324.51981592178345,642.0,389.0,710.0
5,1764042764.2746994,331.7473678588867,642.0,390.0,708.0
5,1764042764.294129,334.0464143753052,642.0,404.0,698.0
5,1764042764.3303058,338.95818281173706,642.0,405.0,692.0
5,1764042764.3747385,346.0778384208679,642.0,408.0,686.0
5,1764042764.4147356,350.8190541267395,642.0,398.0,688.0
5,1764042764.4610615,358.0462484359741,642.0,411.0,697.0
5,1764042764.4942374,362.94818210601807,642.0,412.0,696.0
5,1764042764.5198448,367.6137237548828,642.0,401.0,701.0
5,1764042764.5452185,370.0214533805847,642.0,403.0,707.0
5,1764042764.5694802,374.97216749191284,642.0,412.0,712.0
5,1764042764.5997462,379.6744017601013,642.0,424.0,711.0
5,1764042764.6248558,382.04579639434814,642.0,429.0,709.0
5,1764042764.6699798,389.322557926178,642.0,433.0,702.0
5,1764042764.7051516,394.0806894302368,642.0,434.0,697.0
5,1764042764.7342083,398.8838105201721,642.0,446.0,698.0
5,1764042764.7801955,406.18260192871094,642.0,451.0,692.0
5,1764042764.8057034,410.8323721885681,642.0,458.0,677.0
5,1764042764.8292358,413.21413803100586,642.0,456.0,686.0
5,1764042764.8599627,418.0156497955322,642.0,455.0,687.0
5,1764042764.9019783,425.30989933013916,642.0,455.0,687.0
5,1764042764.9403408,430.0893096923828,642.0,456.0,683.0
5,1764042764.9662645,434.8824529647827,642.0,460.0,687.0
5,1764042764.9995222,439.6690158843994,642.0,461.0,682.0
5,1764042765.0394034,444.40522480010986,642.0,475.0,679.0
5,1764042765.0790958,452.24564361572266,642.0,479.0,676.0
5,1764042765.1197095,456.5196542739868,642.0,468.0,673.0
5,1764042765.1647253,463.6807589530945,642.0,468.0,662.0
5,1764042765.1947362,468.53945541381836,642.0,474.0,679.0
5,1764042765.2504563,476.2170104980469,642.0,484.0,682.0
5,1764042765.2794864,480.4501085281372,642.0,487.0,677.0
5,1764042765.3100204,485.2430372238159,642.0,482.0,669.0
5,1764042765.3521037,492.55888748168945,642.0,495.0,665.0
5,1764042765.389771,497.26029920578003,642.0,501.0,651.0
5,1764042765.4248314,502.1413116455078,642.0,503.0,643.0
5,1764042765.4620848,509.2456965446472,642.0,505.0,645.0
5,1764042765.4842215,511.63858461380005,642.0,513.0,658.0
5,1764042765.5050347,514.1383676528931,642.0,524.0,661.0
5,1764042765.5351331,518.9520030021667,642.0,527.0,657.0
5,1764042765.565356,523.7142472267151,642.0,529.0,653.0
5,1764042765.6055527,530.9172658920288,642.0,523.0,651.0
5,1764042765.6361554,535.6490759849548,642.0,521.0,654.0
5,1764042765.6690521,540.4263048171997,642.0,517.0,659.0
5,1764042765.7101333,545.25252866745,642.0,529.0,661.0
5,1764042765.7404006,550.0008969306946,642.0,542.0,661.0
5,1764042765.7691035,554.9220352172852,642.0,557.0,645.0
5,1764042765.8000765,559.7750096321106,642.0,561.0,644.0
5,1764042765.834087,564.4859342575073,642.0,561.0,660.0
5,1764042765.8694053,569.2805080413818,642.0,556.0,669.0
5,1764042765.8993204,574.1465716362,642.0,562.0,667.0
5,1764042765.9498835,581.3000946044922,642.0,569.0,671.0
5,1764042765.9903178,588.4511857032776,642.0,574.0,678.0
5,1764042766.0095773,590.8019452095032,642.0,557.0,675.0
5,1764042766.0392678,595.7434325218201,642.0,558.0,675.0
5,1764042766.070973,600.5651502609253,642.0,561.0,667.0
5,1764042766.1027992,605.2840142250061,642.0,560.0,648.0
5,1764042766.1396043,610.0729374885559,642.0,560.0,642.0
5,1764042766.1745634,614.9528412818909,642.0,565.0,648.0
5,1764042766.2150922,622.1428065299988,642.0,572.0,667.0
5,1764042766.2494946,626.8359570503235,642.0,590.0,661.0
5,1764042766.2794316,631.791069984436,642.0,592.0,647.0
5,1764042766.304672,634.1164379119873,642.0,597.0,644.0
5,1764042766.3347821,638.8271837234497,642.0,602.0,648.0
5,1764042766.374223,646.0545926094055,642.0,605.0,650.0
5,1764042766.405137,650.8166580200195,642.0,611.0,657.0
5,1764042766.4448047,655.6113033294678,642.0,610.0,659.0
5,1764042766.4858267,662.9318742752075,642.0,606.0,671.0
5,1764042766.510085,665.2425436973572,642.0,617.0,666.0
5,1764042766.5343165,670.0729875564575,642.0,622.0,666.0
5,1764042766.5809705,677.2158889770508,642.0,640.0,673.0
5,1764042766.6044574,679.6082048416138,642.0,639.0,671.0
5,1764042766.6470742,686.9343905448914,642.0,647.0,662.0
5,1764042766.6794834,691.6920928955078,642.0,658.0,661.0
5,1764042766.7143812,696.4131026268005,642.0,664.0,664.0
5,1764042766.7457247,701.3237981796265,642.0,669.0,659.0
5,1764042766.779772,706.0223488807678,642.0,676.0,653.0
5,1764042766.8102405,710.9481720924377,642.0,684.0,663.0
5,1764042766.8463423,715.7473950386047,642.0,687.0,677.0
5,1764042766.880249,720.400062084198,642.0,688.0,677.0
5,1764042766.919702,727.6994972229004,642.0,686.0,671.0
5,1764042766.9497466,732.5258283615112,642.0,660.0,665.0
5,1764042766.9891732,737.2884659767151,642.0,657.0,666.0
5,1764042767.0248804,742.2472267150879,642.0,660.0,667.0
5,1764042767.0633464,749.2506175041199,642.0,676.0,664.0
5,1764042767.094718,754.0809540748596,642.0,674.0,663.0
5,1764042767.1197765,756.4098982810974,642.0,667.0,662.0
5,1764042767.1420224,761.3413362503052,642.0,681.0,668.0
5,1764042767.1793358,766.0782604217529,642.0,695.0,676.0
5,1764042767.2151675,770.9669260978699,642.0,701.0,682.0
5,1764042767.2492888,775.7752327919006,642.0,690.0,685.0
5,1764042767.2778535,780.412486076355,642.0,695.0,689.0
5,1764042767.3092136,785.3803305625916,642.0,697.0,683.0
5,1764042767.3448067,790.105131149292,642.0,693.0,671.0
5,1764042767.3851793,797.3161606788635,642.0,702.0,674.0
5,1764042767.4094708,799.7419505119324,642.0,720.0,682.0
5,1764042767.4463286,806.8549542427063,642.0,709.0,683.0
5,1764042767.4798913,811.6428046226501,642.0,713.0,683.0
5,1764042767.5191503,816.504433631897,642.0,714.0,675.0
5,1764042767.5544174,823.7050561904907,642.0,724.0,683.0
5,1764042767.5790606,826.1022357940674,642.0,728.0,672.0
5,1764042767.6093135,830.8390169143677,642.0,738.0,662.0
5,1764042767.6448233,835.7445268630981,642.0,730.0,658.0
5,1764042767.6796887,840.4742984771729,642.0,722.0,653.0
5,1764042767.7190757,847.716477394104,642.0,740.0,669.0
5,1764042767.745092,850.0511794090271,642.0,761.0,686.0
5,1764042767.7820716,857.2186498641968,642.0,762.0,686.0
5,1764042767.8199544,862.481143951416,642.0,761.0,678.0
5,1764042767.8459466,866.9556407928467,642.0,769.0,682.0
5,1764042767.8809466,871.6177492141724,642.0,772.0,677.0
5,1764042767.9150586,876.5788345336914,642.0,774.0,665.0
5,1764042767.9449065,881.3510565757751,642.0,777.0,666.0
5,1764042767.9893918,888.4663491249084,642.0,787.0,676.0
5,1764042768.0149994,890.8238677978516,642.0,799.0,674.0
5,1764042768.0442128,895.6244497299194,642.0,803.0,671.0
5,1764042768.0791802,900.5473046302795,642.0,795.0,675.0
5,1764042768.1192508,907.602587223053,642.0,788.0,664.0
5,1764042768.154083,912.5528721809387,642.0,790.0,666.0
5,1764042768.181106,917.2582178115845,642.0,808.0,672.0
5,1764042768.209728,919.6177749633789,642.0,818.0,676.0
5,1764042768.2546737,926.9478230476379,642.0,828.0,680.0
5,1764042768.2850833,931.767716884613,642.0,809.0,691.0
5,1764042768.314654,936.4639072418213,642.0,821.0,694.0
5,1764042768.3503127,941.2413506507874,642.0,836.0,686.0
5,1764042768.3851821,946.1815147399902,642.0,855.0,682.0
5,1764042768.429706,953.2098679542542,642.0,860.0,683.0
5,1764042768.459502,958.1249623298645,642.0,859.0,690.0
5,1764042768.486557,962.8805904388428,642.0,847.0,684.0
5,1764042768.5208685,967.664363861084,642.0,846.0,673.0
5,1764042768.549351,972.4423079490662,642.0,852.0,666.0
5,1764042768.5822823,977.2128849029541,642.0,864.0,667.0
5,1764042768.625202,982.0962219238281,642.0,871.0,669.0
5,1764042768.6496797,986.9494109153748,642.0,877.0,668.0
5,1764042768.6846688,991.6433839797974,642.0,879.0,671.0
5,1764042768.7144802,996.5473918914795,642.0,883.0,683.0
5,1764042768.7501364,1001.2778429985046,642.0,880.0,688.0
5,1764042768.785475,1006.1341433525085,642.0,884.0,675.0
5,1764042768.8224158,1013.2373838424683,642.0,878.0,670.0
5,1764042768.8495936,1015.7527952194214,642.0,864.0,663.0
5,1764042768.8891792,1022.8894023895264,642.0,870.0,672.0
5,1764042768.919506,1027.6035814285278,642.0,890.0,670.0
5,1764042768.9545906,1032.5820832252502,642.0,901.0,668.0
5,1764042768.9840884,1037.2984795570374,642.0,916.0,667.0
5,1764042769.0147383,1042.0522480010986,642.0,923.0,672.0
5,1764042769.0628777,1049.2869882583618,642.0,929.0,667.0
5,1764042769.084296,1051.624837398529,642.0,936.0,654.0
5,1764042769.1203241,1056.432536125183,642.0,946.0,655.0
5,1764042769.1544213,1063.7056498527527,642.0,943.0,649.0
5,1764042769.1841881,1066.1301522254944,642.0,950.0,658.0
5,1764042769.2215116,1073.295262336731,642.0,961.0,661.0
5,1764042769.2552054,1078.1022100448608,642.0,979.0,665.0
5,1764042769.2856827,1082.9254298210144,642.0,981.0,658.0
5,1764042769.3294659,1087.6030592918396,642.0,976.0,664.0
5,1764042769.3543556,1092.45631980896,642.0,974.0,686.0
5,1764042769.3897057,1097.3372249603271,642.0,969.0,688.0
5,1764042769.4191368,1102.0398168563843,642.0,958.0,661.0
5,1764042769.4545438,1106.8768410682678,642.0,960.0,645.0
5,1764042769.4948452,1114.0777854919434,642.0,974.0,655.0
5,1764042769.5200024,1116.4709239006042,642.0,981.0,653.0
5,1764042769.554323,1123.690894126892,642.0,993.0,644.0
5,1764042769.5919538,1128.5593538284302,642.0,1002.0,644.0
5,1764042769.6215756,1133.2680969238281,642.0,998.0,650.0
5,1764042769.6554713,1138.120177268982,642.0,1002.0,655.0
5,1764042769.694826,1142.8039937019348,642.0,1005.0,652.0
5,1764042769.730148,1147.659972190857,642.0,1015.0,651.0
5,1764042769.7597957,1152.54195022583,642.0,1028.0,653.0
5,1764042769.7852533,1157.2255878448486,642.0,1027.0,650.0
5,1764042769.8311226,1164.4498496055603,642.0,1032.0,641.0
5,1764042769.8703067,1169.2872672080994,642.0,1046.0,639.0
5,1764042769.889193,1171.7494277954102,642.0,1057.0,646.0
5,1764042769.9307916,1178.8875012397766,642.0,1055.0,648.0
5,1764042769.959808,1183.6007146835327,642.0,1037.0,648.0
5,1764042769.9842002,1186.0522179603577,642.0,1025.0,655.0
5,1764042770.0296507,1193.3262972831726,642.0,1050.0,660.0
5,1764042770.0542524,1198.0305342674255,642.0,1051.0,649.0
5,1764042770.089897,1202.8924493789673,642.0,1063.0,632.0
5,1764042770.129868,1207.6398520469666,642.0,1074.0,632.0
5,1764042770.1662064,1214.8493437767029,642.0,1083.0,641.0
5,1764042770.1980174,1219.6017174720764,642.0,1099.0,650.0
5,1764042770.224281,1222.0855145454407,642.0,1114.0,643.0
5,1764042770.266208,1229.3035535812378,642.0,1112.0,641.0
5,1764042770.2945907,1234.0500621795654,642.0,1107.0,634.0
5,1764042770.3256562,1238.9349727630615,642.0,1109.0,641.0
5,1764042770.3570924,1243.6365633010864,642.0,1126.0,654.0
5,1764042770.3990836,1248.4360723495483,642.0,1136.0,650.0
5,1764042770.4249587,1253.3297448158264,642.0,1139.0,637.0
5,1764042770.4649203,1258.1581859588623,642.0,1118.0,643.0
5,1764042770.5046272,1265.265968322754,642.0,1132.0,651.0
5,1764042770.5308108,1267.741289615631,642.0,1136.0,662.0
5,1764042770.5695767,1274.9478487968445,642.0,1136.0,665.0
5,1764042770.5978281,1280.2166728973389,642.0,1137.0,667.0
5,1764042770.6291888,1284.433391571045,642.0,1135.0,670.0
5,1764042770.6643574,1289.272954940796,642.0,1131.0,658.0
5,1764042770.6946106,1294.135585308075,642.0,1167.0,649.0
5,1764042770.7293868,1298.9466457366943,642.0,1187.0,649.0
5,1764042770.7592087,1303.7728695869446,642.0,1188.0,636.0
5,1764042770.7940865,1308.5110812187195,642.0,1194.0,631.0
5,1764042770.8372333,1315.6166820526123,642.0,1216.0,625.0
5,1764042770.859306,1318.1496887207031,642.0,1221.0,618.0
5,1764042770.9030857,1325.2059726715088,642.0,1226.0,625.0
5,1764042770.9345894,1330.0204663276672,642.0,1220.0,629.0
5,1764042770.969898,1334.9044470787048,642.0,1216.0,627.0
5,1764042771.0040925,1339.6726994514465,642.0,1218.0,628.0
5,1764042771.024891,1342.0948414802551,642.0,1219.0,639.0
5,1764042771.0646045,1349.2019443511963,642.0,1216.0,641.0
5,1764042771.1041088,1354.0223746299744,642.0,1222.0,633.0
5,1764042771.1299517,1358.8704495429993,642.0,1243.0,617.0
5,1764042771.1601932,1363.778534412384,642.0,1239.0,623.0
5,1764042771.1948302,1368.4350280761719,642.0,1241.0,623.0
5,1764042771.2292964,1373.2709794044495,642.0,1255.0,610.0
5,1764042771.2703571,1380.4704933166504,642.0,1267.0,610.0
5,1764042771.2945874,1382.9534678459167,642.0,1254.0,619.0
5,1764042771.329736,1387.7108125686646,642.0,1242.0,616.0
5,1764042771.3676023,1395.000663280487,642.0,1261.0,616.0
5,1764042771.3998902,1399.7320799827576,642.0,1270.0,616.0
5,1764042771.4390953,1404.4691472053528,642.0,1270.0,625.0
5,1764042771.462522,1409.2154412269592,642.0,1270.0,609.0
5,1764042771.4992926,1414.1678004264832,642.0,1270.0,608.0
5,1764042771.5432646,1421.2000160217285,642.0,1270.0,620.0
5,1764042771.5699525,1423.7462549209595,642.0,1264.0,624.0
5,1764042771.599133,1428.573444366455,642.0,1267.0,607.0
5,1764042771.6341014,1435.6576590538025,642.0,1265.0,599.0
5,1764042771.6652384,1438.14564037323,642.0,1267.0,617.0
5,1764042771.7046843,1445.3104643821716,642.0,1265.0,624.0
5,1764042771.7348962,1450.0707774162292,642.0,1277.0,617.0
5,1764042771.766287,1454.8269062042236,642.0,1311.0,609.0
5,1764042771.7996466,1459.7351341247559,642.0,1322.0,591.0
5,1764042771.8349693,1464.5476608276367,642.0,1327.0,581.0
5,1764042771.869233,1469.3281083106995,642.0,1334.0,589.0
5,1764042771.9044087,1474.1324095726013,642.0,1347.0,586.0
5,1764042771.9290822,1478.9050607681274,642.0,1327.0,578.0
5,1764042771.9757974,1486.1076502799988,642.0,1313.0,580.0
5,1764042772.000288,1488.5369806289673,642.0,1322.0,589.0
5,1764042772.0401065,1495.7329182624817,642.0,1337.0,601.0
5,1764042772.0705216,1500.5104331970215,642.0,1369.0,598.0
5,1764042772.1002595,1505.269995212555,642.0,1372.0,587.0
5,1764042772.1343644,1510.0204019546509,642.0,1351.0,586.0
5,1764042772.1742518,1514.873483657837,642.0,1348.0,602.0
5,1764042772.2049787,1519.604471206665,642.0,1349.0,622.0
5,1764042772.2347934,1524.4041948318481,642.0,1358.0,607.0
5,1764042772.2703447,1529.3598799705505,642.0,1365.0,578.0
5,1764042772.2993295,1534.155776977539,642.0,1369.0,558.0
5,1764042772.3450217,1541.2074117660522,642.0,1376.0,559.0
5,1764042772.3700612,1543.615463256836,642.0,1407.0,561.0
5,1764042772.4002006,1548.4121828079224,642.0,1407.0,572.0
5,1764042772.4449973,1555.6777863502502,642.0,1409.0,584.0
5,1764042772.4696834,1560.4683904647827,642.0,1419.0,590.0
5,1764042772.5050635,1565.3136401176453,642.0,1423.0,583.0
5,1764042772.5349946,1570.0499563217163,642.0,1426.0,589.0
5,1764042772.5701244,1574.8051195144653,642.0,1424.0,593.0
5,1764042772.609824,1579.600158214569,642.0,1424.0,590.0
5,1764042772.6472127,1586.933711051941,642.0,1418.0,584.0
5,1764042772.6695838,1589.3149046897888,642.0,1436.0,572.0
5,1764042772.7045496,1594.1134839057922,642.0,1447.0,586.0
5,1764042772.7425344,1601.3238697052002,642.0,1452.0,596.0
5,1764042772.779313,1606.1193017959595,642.0,1458.0,606.0
5,1764042772.8057628,1610.952105998993,642.0,1472.0,585.0
5,1764042772.840317,1615.6777291297913,642.0,1471.0,569.0
5,1764042772.8793871,1620.5238728523254,642.0,1461.0,582.0
5,1764042772.9190805,1627.7610449790955,642.0,1454.0,594.0
5,1764042772.951379,1632.4110655784607,642.0,1459.0,600.0
5,1764042772.9815578,1637.2811703681946,642.0,1457.0,604.0
5,1764042773.0041864,1639.6386890411377,642.0,1453.0,609.0
5,1764042773.047349,1646.9571142196655,642.0,1490.0,596.0
5,1764042773.086323,1651.7619876861572,642.0,1509.0,572.0
5,1764042773.129319,1658.9528470039368,642.0,1522.0,549.0
5,1764042773.154061,1663.6516122817993,642.0,1526.0,570.0
5,1764042773.1802585,1666.0851984024048,642.0,1531.0,594.0
5,1764042773.2099159,1670.807960510254,642.0,1532.0,596.0
5,1764042773.250003,1675.7410078048706,642.0,1516.0,579.0
5,1764042773.2879004,1682.8503279685974,642.0,1503.0,574.0
5,1764042773.3091283,1685.2637796401978,642.0,1506.0,570.0
5,1764042773.3516715,1692.5081043243408,642.0,1503.0,568.0
5,1764042773.3902402,1697.2727446556091,642.0,1504.0,566.0
5,1764042773.4090488,1699.7528223991394,642.0,1531.0,557.0
5,1764042773.4396331,1704.4037013053894,642.0,1533.0,564.0
5,1764042773.4853323,1711.7473392486572,642.0,1533.0,581.0
5,1764042773.5195963,1716.547670841217,642.0,1537.0,596.0
5,1764042773.5493326,1721.2551622390747,642.0,1538.0,595.0
6,1764042773.5902083,1726.0145454406738,642.0,1537.0,602.0
6,1764042773.624667,1726.0145454406738,642.0,1540.0,605.0
6,1764042773.6497233,1726.0145454406738,642.0,1542.0,609.0
6,1764042773.679838,1726.0145454406738,642.0,1539.0,611.0
6,1764042773.7053933,1726.0145454406738,642.0,1548.0,596.0
6,1764042773.7502632,1726.0145454406738,642.0,1539.0,589.0
6,1764042773.7848449,1726.0145454406738,642.0,1552.0,571.0
6,1764042773.8143811,1726.0145454406738,642.0,1551.0,564.0
6,1764042773.8443067,1726.0145454406738,642.0,1552.0,571.0
6,1764042773.8743436,1726.0145454406738,642.0,1546.0,593.0
6,1764042773.9149015,1726.0145454406738,642.0,1546.0,605.0
6,1764042773.9490957,1726.0145454406738,642.0,1534.0,591.0
6,1764042773.9744332,1726.0145454406738,642.0,1525.0,592.0
6,1764042774.0144691,1726.0145454406738,642.0,1527.0,598.0
6,1764042774.0448425,1726.0145454406738,642.0,1547.0,630.0
6,1764042774.0898159,180.40200757980347,735.0,1278.0,639.0
6,1764042774.1221395,185.2352409362793,735.0,1459.0,1172.0
6,1764042774.1445248,187.6489429473877,735.0,630.0,750.0
6,1764042774.1743042,192.47083950042725,735.0,466.0,751.0
6,1764042774.2202926,199.70246839523315,735.0,396.0,733.0
6,1764042774.2446184,202.12943840026855,735.0,360.0,739.0
6,1764042774.2860532,209.28396272659302,735.0,327.0,735.0
6,1764042774.3241441,214.13286018371582,735.0,314.0,759.0
6,1764042774.3648226,221.28076839447021,735.0,317.0,765.0
6,1764042774.389357,223.68803310394287,735.0,325.0,770.0
6,1764042774.4147367,228.50048828125,735.0,336.0,766.0
6,1764042774.4443817,233.27174472808838,735.0,281.0,785.0
6,1764042774.4798067,238.08949279785156,735.0,297.0,753.0
6,1764042774.5148818,242.84111547470093,735.0,309.0,744.0
6,1764042774.5495522,247.67427730560303,735.0,312.0,754.0
6,1764042774.5877564,254.9235372543335,735.0,313.0,763.0
6,1764042774.6150959,257.35129404067993,735.0,329.0,762.0
6,1764042774.6530576,264.42234802246094,735.0,337.0,774.0
6,1764042774.6895332,269.26033782958984,735.0,344.0,781.0
6,1764042774.7243261,274.2412714958191,735.0,351.0,770.0
6,1764042774.7649133,281.2534599304199,735.0,358.0,756.0
6,1764042774.7899094,283.6639075279236,735.0,371.0,769.0
6,1764042774.8271558,290.84782886505127,735.0,366.0,775.0
6,1764042774.8543031,293.31821489334106,735.0,357.0,764.0
6,1764042774.8844533,298.0320363044739,735.0,341.0,751.0
6,1764042774.9147582,302.80472326278687,735.0,331.0,745.0
6,1764042774.9498298,307.76258993148804,735.0,341.0,755.0
6,1764042774.990331,314.84372901916504,735.0,353.0,760.0
6,1764042775.0147033,317.33417797088623,735.0,361.0,762.0
6,1764042775.051022,324.4438199996948,735.0,356.0,765.0
6,1764042775.0898664,329.31914615631104,735.0,362.0,760.0
6,1764042775.1243734,334.1535954475403,735.0,368.0,756.0
6,1764042775.148444,338.9503149986267,735.0,379.0,753.0
6,1764042775.1894777,343.628981590271,735.0,383.0,753.0
6,1764042775.2147617,348.5149292945862,735.0,382.0,758.0
6,1764042775.2548988,353.39165019989014,735.0,394.0,758.0
6,1764042775.2911458,360.4477195739746,735.0,411.0,745.0
6,1764042775.321656,365.2058868408203,735.0,416.0,735.0
6,1764042775.364834,370.05743074417114,735.0,403.0,738.0
6,1764042775.3948417,374.94305658340454,735.0,396.0,747.0
6,1764042775.4148064,377.3365168571472,735.0,395.0,749.0
6,1764042775.4596276,384.4666152000427,735.0,403.0,741.0
6,1764042775.489925,389.31497621536255,735.0,408.0,747.0
6,1764042775.5198164,394.0055875778198,735.0,415.0,761.0
6,1764042775.554894,398.8854556083679,735.0,418.0,778.0
6,1764042775.5848255,403.70613622665405,735.0,432.0,771.0
6,1764042775.6275585,410.9390525817871,735.0,448.0,755.0
6,1764042775.6548576,413.2658152580261,735.0,451.0,742.0
6,1764042775.6842327,418.03649950027466,735.0,449.0,747.0
6,1764042775.7297268,425.2208857536316,735.0,453.0,742.0
6,1764042775.7730453,432.7213077545166,735.0,464.0,728.0
6,1764042775.8099058,437.23017263412476,735.0,473.0,731.0
6,1764042775.8364146,442.20838832855225,735.0,489.0,737.0
6,1764042775.8678372,446.8624143600464,735.0,500.0,736.0
6,1764042775.9035556,451.7378120422363,735.0,509.0,737.0
6,1764042775.931627,456.5064935684204,735.0,485.0,758.0
6,1764042775.961935,461.250892162323,735.0,481.0,760.0
6,1764042775.999148,466.04410696029663,735.0,494.0,762.0
6,1764042776.0256996,470.82591342926025,735.0,504.0,769.0
6,1764042776.0650184,475.61708974838257,735.0,506.0,772.0
6,1764042776.107051,482.9617648124695,735.0,507.0,773.0
6,1764042776.1401408,487.72079038619995,735.0,521.0,757.0
6,1764042776.1596262,490.0631456375122,735.0,516.0,749.0
6,1764042776.1944525,494.8484926223755,735.0,507.0,750.0
6,1764042776.2248733,499.60247564315796,735.0,504.0,753.0
6,1764042776.2547357,504.4490842819214,735.0,500.0,752.0
6,1764042776.2946188,509.33453130722046,735.0,506.0,744.0
6,1764042776.332806,516.4228587150574,735.0,520.0,735.0
6,1764042776.3545299,518.8082723617554,735.0,533.0,732.0
6,1764042776.3944814,526.1372833251953,735.0,537.0,747.0
6,1764042776.4278917,530.9488444328308,735.0,549.0,764.0
6,1764042776.4542506,533.2140593528748,735.0,552.0,762.0
6,1764042776.5099564,540.4083518981934,735.0,547.0,758.0
6,1764042776.5347044,545.3971891403198,735.0,547.0,748.0
6,1764042776.5643573,550.1115469932556,735.0,545.0,745.0
6,1764042776.5891776,554.8391728401184,735.0,552.0,753.0
6,1764042776.637138,562.0087532997131,735.0,547.0,762.0
6,1764042776.6692784,566.970696926117,735.0,539.0,766.0
6,1764042776.694122,569.3761734962463,735.0,546.0,749.0
6,1764042776.724273,574.099042892456,735.0,547.0,731.0
6,1764042776.7592473,581.3254504203796,735.0,549.0,718.0
6,1764042776.7949493,586.0042600631714,735.0,551.0,715.0
6,1764042776.829304,590.8438234329224,735.0,568.0,721.0
6,1764042776.875176,598.0162649154663,735.0,596.0,734.0
6,1764042776.9143465,602.9179482460022,735.0,605.0,739.0
6,1764042776.9402058,607.6492576599121,735.0,594.0,739.0
6,1764042776.9708097,612.4441175460815,735.0,615.0,737.0
6,1764042777.0047512,617.3059253692627,735.0,615.0,729.0
6,1764042777.0389054,622.1237807273865,735.0,620.0,735.0
6,1764042777.0668182,626.8549113273621,735.0,628.0,733.0
6,1764042777.1099677,631.6982655525208,735.0,629.0,719.0
6,1764042777.1455529,638.8031511306763,735.0,635.0,713.0
6,1764042777.1690488,641.3129477500916,735.0,650.0,726.0
6,1764042777.1897385,643.6723976135254,735.0,662.0,735.0
6,1764042777.2349467,650.8443026542664,735.0,637.0,739.0
6,1764042777.2702215,655.6847243309021,735.0,632.0,730.0
6,1764042777.3196757,665.3897075653076,735.0,637.0,722.0
6,1764042777.3391573,667.6889328956604,735.0,639.0,718.0
6,1764042777.364307,670.0048594474792,735.0,634.0,721.0
6,1764042777.4043596,677.2858052253723,735.0,634.0,727.0
6,1764042777.4299679,679.6614556312561,735.0,645.0,730.0
6,1764042777.4712222,686.8754177093506,735.0,660.0,739.0
6,1764042777.5040956,691.6386275291443,735.0,673.0,736.0
6,1764042777.5309775,696.4409618377686,735.0,681.0,733.0
6,1764042777.56472,701.3263731002808,735.0,684.0,725.0
6,1764042777.6113787,708.5706977844238,735.0,688.0,712.0
6,1764042777.649544,713.2891325950623,735.0,689.0,710.0
6,1764042777.6691823,715.7200722694397,735.0,701.0,727.0
6,1764042777.708138,723.0082421302795,735.0,707.0,723.0
6,1764042777.739462,727.7262477874756,735.0,707.0,716.0
6,1764042777.764616,730.1209597587585,735.0,706.0,700.0
6,1764042777.8027163,737.2908620834351,735.0,716.0,708.0
6,1764042777.8442852,742.0700936317444,735.0,725.0,730.0
6,1764042777.8692698,746.9035058021545,735.0,726.0,736.0
6,1764042777.8993876,751.7128138542175,735.0,736.0,736.0
6,1764042777.9395466,756.5194754600525,735.0,747.0,741.0
6,1764042777.9743683,761.3736658096313,735.0,752.0,744.0
6,1764042778.004651,766.0499720573425,735.0,754.0,740.0
6,1764042778.0346158,770.8646445274353,735.0,759.0,738.0
6,1764042778.0642564,775.7090358734131,735.0,765.0,728.0
6,1764042778.1076648,782.8401355743408,735.0,782.0,722.0
6,1764042778.1342916,785.2057008743286,735.0,789.0,719.0
6,1764042778.1646469,790.0729446411133,735.0,780.0,719.0
6,1764042778.2046459,797.2270040512085,735.0,771.0,710.0
6,1764042778.23447,802.0416407585144,735.0,774.0,700.0
6,1764042778.2745454,806.9656043052673,735.0,777.0,698.0
6,1764042778.299584,811.7435126304626,735.0,777.0,698.0
6,1764042778.3351674,816.5271787643433,735.0,777.0,705.0
6,1764042778.3743885,821.3516144752502,735.0,784.0,717.0
6,1764042778.4000747,826.0134010314941,735.0,800.0,721.0
6,1764042778.4351442,830.8510689735413,735.0,814.0,717.0
6,1764042778.4707756,835.7150225639343,735.0,826.0,708.0
6,1764042778.4991646,840.5585198402405,735.0,834.0,705.0
6,1764042778.5443408,847.6041107177734,735.0,825.0,702.0
6,1764042778.571127,852.4698166847229,735.0,812.0,699.0
6,1764042778.6097019,857.2380332946777,735.0,831.0,694.0
6,1764042778.6501434,864.4487051963806,735.0,832.0,686.0
6,1764042778.6854157,869.2123441696167,735.0,827.0,689.0
6,1764042778.7092676,871.7223196029663,735.0,824.0,693.0
6,1764042778.7345533,876.431134223938,735.0,827.0,701.0
6,1764042778.7692018,881.3281683921814,735.0,845.0,720.0
6,1764042778.8049204,886.1199169158936,735.0,862.0,718.0
6,1764042778.8429372,893.2012348175049,735.0,865.0,702.0
6,1764042778.8712785,895.6849246025085,735.0,852.0,694.0
6,1764042778.9091995,902.8713850975037,735.0,837.0,693.0
6,1764042778.949552,907.7224640846252,735.0,820.0,692.0
6,1764042778.989009,914.957597732544,735.0,816.0,690.0
6,1764042779.009278,917.2234563827515,735.0,819.0,693.0
6,1764042779.0390744,922.1063642501831,735.0,818.0,692.0
6,1764042779.0746965,926.8758683204651,735.0,818.0,700.0
6,1764042779.1099381,931.6019921302795,735.0,825.0,704.0
6,1764042779.1392403,936.4075450897217,735.0,829.0,700.0
6,1764042779.1804416,943.7319068908691,735.0,833.0,696.0
6,1764042779.2280812,950.8296041488647,735.0,865.0,707.0
6,1764042779.2493095,953.2363324165344,735.0,869.0,712.0
6,1764042779.2746835,958.1498889923096,735.0,869.0,708.0
6,1764042779.305837,962.838604927063,735.0,867.0,692.0
6,1764042779.3443143,967.6924018859863,735.0,860.0,686.0
6,1764042779.3747559,972.4872260093689,735.0,864.0,687.0
6,1764042779.403074,977.2171049118042,735.0,880.0,695.0
6,1764042779.450621,984.5060257911682,735.0,880.0,696.0
6,1764042779.4903705,989.2371921539307,735.0,883.0,696.0
6,1764042779.5192127,994.1070823669434,735.0,887.0,715.0
6,1764042779.545683,998.8358883857727,735.0,888.0,711.0
6,1764042779.569385,1001.3868479728699,735.0,891.0,697.0
6,1764042779.6142828,1008.4750323295593,735.0,897.0,698.0
6,1764042779.6497226,1013.3460669517517,735.0,901.0,703.0
6,1764042779.6759903,1018.1745796203613,735.0,920.0,711.0
6,1764042779.7099361,1022.819700717926,735.0,919.0,718.0
6,1764042779.7577655,1030.1275401115417,735.0,925.0,713.0
6,1764042779.786458,1034.939673423767,735.0,913.0,706.0
6,1764042779.8248627,1039.7241978645325,735.0,913.0,712.0
6,1764042779.8726075,1046.8284397125244,735.0,913.0,720.0
6,1764042779.9005487,1051.7014055252075,735.0,927.0,714.0
6,1764042779.9393942,1056.4104347229004,735.0,933.0,712.0
6,1764042779.9801342,1063.6841921806335,735.0,927.0,709.0
6,1764042780.004378,1066.0765080451965,735.0,942.0,712.0
6,1764042780.0344558,1070.8959369659424,735.0,957.0,710.0
6,1764042780.069208,1075.6637959480286,735.0,960.0,710.0
6,1764042780.0946276,1080.493953704834,735.0,956.0,702.0
6,1764042780.1241152,1085.3374152183533,735.0,974.0,707.0
6,1764042780.157151,1090.1259450912476,735.0,975.0,710.0
6,1764042780.1868255,1094.844129562378,735.0,979.0,706.0
6,1764042780.2251801,1099.6805815696716,735.0,979.0,695.0
6,1764042780.2548752,1104.600182056427,735.0,1001.0,690.0
6,1764042780.2853038,1109.3509106636047,735.0,1020.0,685.0
6,1764042780.31524,1114.1019253730774,735.0,1016.0,683.0
6,1764042780.3471663,1118.8509016036987,735.0,1011.0,684.0
6,1764042780.3796306,1123.740532875061,735.0,1016.0,680.0
6,1764042780.4147232,1128.449025630951,735.0,1006.0,686.0
6,1764042780.45553,1133.3420901298523,735.0,1014.0,691.0
6,1764042780.4918468,1140.594747543335,735.0,1013.0,697.0
6,1764042780.514914,1142.8388981819153,735.0,1011.0,680.0
6,1764042780.5394151,1147.7179436683655,735.0,1011.0,672.0
6,1764042780.5898805,1154.9758939743042,735.0,1023.0,681.0
6,1764042780.6191237,1159.6439390182495,735.0,1029.0,696.0
6,1764042780.655649,1164.47620677948,735.0,1026.0,696.0
6,1764042780.685076,1169.39062166214,735.0,1029.0,682.0
6,1764042780.71471,1174.0554122924805,735.0,1045.0,681.0
6,1764042780.750109,1178.938606262207,735.0,1059.0,683.0
6,1764042780.7890708,1183.648958683014,735.0,1054.0,683.0
6,1764042780.8148763,1188.4962825775146,735.0,1065.0,673.0
6,1764042780.8500462,1193.3102397918701,735.0,1072.0,670.0
6,1764042780.8794823,1198.0958371162415,735.0,1079.0,670.0
6,1764042780.9225717,1205.2258281707764,735.0,1082.0,657.0
6,1764042780.9612234,1210.006061077118,735.0,1091.0,669.0
6,1764042780.9866517,1214.9503021240234,735.0,1096.0,687.0
6,1764042781.020174,1219.6568279266357,735.0,1102.0,689.0
6,1764042781.0510967,1224.4626669883728,735.0,1114.0,675.0
6,1764042781.0816355,1229.228666305542,735.0,1116.0,670.0
6,1764042781.1249418,1234.2127113342285,735.0,1094.0,695.0
6,1764042781.1591582,1241.3120894432068,735.0,1083.0,707.0
6,1764042781.184109,1243.689206123352,735.0,1085.0,722.0
6,1764042781.2211711,1248.4564929008484,735.0,1097.0,718.0
6,1764042781.2547748,1253.2020001411438,735.0,1104.0,695.0
6,1764042781.2927032,1260.5277209281921,735.0,1108.0,680.0
6,1764042781.3191383,1265.3090982437134,735.0,1109.0,684.0
6,1764042781.3500152,1267.6124362945557,735.0,1124.0,686.0
6,1764042781.3898954,1274.9142317771912,735.0,1135.0,690.0
6,1764042781.4201462,1279.7220377922058,735.0,1135.0,684.0
6,1764042781.4559116,1284.4236283302307,735.0,1148.0,692.0
6,1764042781.4993443,1291.6575818061829,735.0,1157.0,696.0
6,1764042781.539535,1296.5216426849365,735.0,1177.0,702.0
6,1764042781.5699,1301.3500838279724,735.0,1189.0,706.0
6,1764042781.6142597,1308.4983139038086,735.0,1173.0,724.0
6,1764042781.6599395,1315.6903891563416,735.0,1168.0,727.0
6,1764042781.6845717,1318.1432514190674,735.0,1160.0,737.0
6,1764042781.722207,1325.2482800483704,735.0,1159.0,742.0
6,1764042781.772215,1332.4642806053162,735.0,1165.0,735.0
6,1764042781.819785,1339.7554903030396,735.0,1183.0,721.0
6,1764042781.8442912,1342.0154838562012,735.0,1198.0,717.0
6,1764042781.8701084,1346.8946723937988,735.0,1187.0,729.0
6,1764042781.8897018,1349.3510036468506,735.0,1195.0,725.0
6,1764042781.9194396,1354.193642616272,735.0,1194.0,726.0
6,1764042781.954774,1358.831253528595,735.0,1193.0,722.0
6,1764042781.996235,1366.125503063202,735.0,1190.0,725.0
6,1764042782.0440028,1373.2576756477356,735.0,1186.0,723.0
6,1764042782.074227,1378.1065373420715,735.0,1188.0,724.0
6,1764042782.10576,1382.8309087753296,735.0,1230.0,725.0
6,1764042782.1291623,1385.2760462760925,735.0,1253.0,724.0
6,1764042782.1741545,1392.5490527153015,735.0,1247.0,722.0
6,1764042782.2044804,1397.2965269088745,735.0,1247.0,726.0
6,1764042782.2348948,1402.030089378357,735.0,1254.0,729.0
6,1764042782.2687757,1406.9939641952515,735.0,1268.0,720.0
6,1764042782.3044255,1411.7028861045837,735.0,1270.0,719.0
6,1764042782.3396556,1416.4571194648743,735.0,1266.0,710.0
6,1764042782.3795247,1423.709240436554,735.0,1256.0,703.0
6,1764042782.4200592,1428.518548488617,735.0,1271.0,702.0
6,1764042782.4499192,1433.2543640136719,735.0,1302.0,707.0
6,1764042782.484999,1438.0828051567078,735.0,1300.0,695.0
6,1764042782.5252128,1445.3744082450867,735.0,1300.0,687.0
6,1764042782.5568256,1450.0174551010132,735.0,1306.0,685.0
6,1764042782.591052,1454.9277930259705,735.0,1320.0,692.0
6,1764042782.6199796,1459.6827416419983,735.0,1324.0,682.0
6,1764042782.654356,1464.546552181244,735.0,1328.0,676.0
6,1764042782.6831288,1469.2662386894226,735.0,1327.0,671.0
6,1764042782.716027,1474.1583018302917,735.0,1328.0,669.0
6,1764042782.7541652,1478.9206175804138,735.0,1332.0,673.0
6,1764042782.794242,1486.0882668495178,735.0,1332.0,671.0
6,1764042782.8299818,1490.9431366920471,735.0,1347.0,667.0
6,1764042782.8595357,1495.715036869049,735.0,1356.0,672.0
6,1764042782.893377,1500.460114955902,735.0,1341.0,677.0
6,1764042782.914524,1502.8616933822632,735.0,1324.0,670.0
6,1764042782.9449456,1507.7403454780579,735.0,1338.0,661.0
6,1764042782.9744155,1512.4573497772217,735.0,1356.0,659.0
6,1764042783.0141873,1517.2115116119385,735.0,1371.0,669.0
6,1764042783.0551193,1524.500039100647,735.0,1364.0,676.0
6,1764042783.0950005,1529.3774752616882,735.0,1361.0,664.0
6,1764042783.1320798,1536.502209186554,735.0,1376.0,660.0
6,1764042783.1796045,1543.610420703888,735.0,1376.0,662.0
6,1764042783.2285433,1550.8474855422974,735.0,1389.0,658.0
6,1764042783.276598,1558.1329016685486,735.0,1406.0,661.0
6,1764042783.3235438,1565.2221231460571,735.0,1413.0,659.0
6,1764042783.36447,1570.1723365783691,735.0,1409.0,656.0
6,1764042783.4048371,1577.3302941322327,735.0,1404.0,665.0
6,1764042783.4558907,1584.492042541504,735.0,1418.0,662.0
6,1764042783.4897072,1589.3489508628845,735.0,1424.0,667.0
6,1764042783.5323157,1596.450689315796,735.0,1424.0,670.0
6,1764042783.5797439,1603.6543517112732,735.0,1411.0,679.0
6,1764042783.627972,1610.8861236572266,735.0,1409.0,688.0
6,1764042783.6590805,1615.6989364624023,735.0,1428.0,667.0
6,1764042783.6934633,1620.474341392517,735.0,1428.0,670.0
6,1764042783.7348945,1625.3881483078003,735.0,1439.0,681.0
6,1764042783.7741253,1632.5570135116577,735.0,1443.0,690.0
6,1764042783.8146412,1637.237539768219,735.0,1446.0,695.0
6,1764042783.8544648,1644.522777080536,735.0,1455.0,691.0
6,1764042783.8827612,1649.253228187561,735.0,1471.0,683.0
6,1764042783.920009,1654.0039567947388,735.0,1481.0,687.0
6,1764042783.9592948,1661.3325743675232,735.0,1479.0,679.0
6,1764042783.9950347,1666.020896911621,735.0,1469.0,690.0
6,1764042784.0278666,1670.8216218948364,735.0,1469.0,694.0
6,1764042784.0597396,1675.7326393127441,735.0,1462.0,681.0
6,1764042784.093454,1680.5022149085999,735.0,1459.0,670.0
6,1764042784.1278296,1685.2238683700562,735.0,1458.0,663.0
6,1764042784.1494098,1687.664535522461,735.0,1462.0,661.0
6,1764042784.1702774,1692.448595046997,735.0,1480.0,657.0
6,1764042784.1992166,1697.3208456039429,735.0,1489.0,662.0
6,1764042784.2403722,1702.0323424339294,735.0,1499.0,663.0
6,1764042784.2671676,1706.893256187439,735.0,1500.0,670.0
6,1764042784.3095233,1711.6955547332764,735.0,1530.0,674.0
6,1764042784.3502398,1718.833020210266,735.0,1519.0,672.0
6,1764042784.3745358,1721.243968486786,735.0,1523.0,665.0
7,1764042784.4000168,1726.0997323989868,735.0,1511.0,675.0
7,1764042784.435241,1726.0997323989868,735.0,1520.0,686.0
7,1764042784.4651573,1726.0997323989868,735.0,1543.0,677.0
7,1764042784.509233,1726.0997323989868,735.0,1566.0,674.0
7,1764042784.544284,1726.0997323989868,735.0,1570.0,669.0
7,1764042784.5744023,1726.0997323989868,735.0,1566.0,661.0
7,1764042784.6004534,1726.0997323989868,735.0,1550.0,654.0
7,1764042784.6349523,1726.0997323989868,735.0,1533.0,658.0
7,1764042784.6744854,1726.0997323989868,735.0,1530.0,656.0
7,1764042784.6998487,1726.0997323989868,735.0,1532.0,665.0
7,1764042784.734365,1726.0997323989868,735.0,1532.0,669.0
7,1764042784.7793703,1726.0997323989868,735.0,1532.0,668.0
7,1764042784.8198695,1726.0997323989868,735.0,1544.0,680.0
7,1764042784.850072,1726.0997323989868,735.0,1562.0,678.0
7,1764042784.8749435,1726.0997323989868,735.0,1574.0,675.0
7,1764042784.9002652,178.0,828.0,1569.0,681.0
7,1764042784.9390473,182.84278202056885,828.0,1206.0,780.0
7,1764042784.9702356,187.73005294799805,828.0,846.0,857.0
7,1764042785.0042214,192.47227001190186,828.0,563.0,897.0
7,1764042785.0345235,197.20082569122314,828.0,431.0,901.0
7,1764042785.0802464,204.45820379257202,828.0,449.0,830.0
7,1764042785.1248753,211.62560272216797,828.0,441.0,843.0
7,1764042785.1493726,216.54809999465942,828.0,384.0,883.0
7,1764042785.1899903,221.3288335800171,828.0,366.0,885.0
7,1764042785.2186213,226.16067218780518,828.0,292.0,877.0
7,1764042785.244291,228.56979656219482,828.0,318.0,851.0
7,1764042785.2821517,235.67911672592163,828.0,315.0,844.0
7,1764042785.3091981,240.52193450927734,828.0,335.0,848.0
7,1764042785.3445952,245.2164797782898,828.0,331.0,852.0
7,1764042785.378293,250.0768928527832,828.0,324.0,865.0
7,1764042785.4042866,252.51258897781372,828.0,329.0,875.0
7,1764042785.4350908,257.2287349700928,828.0,335.0,862.0
7,1764042785.479907,264.47313117980957,828.0,350.0,861.0
7,1764042785.5050392,269.27739667892456,828.0,345.0,859.0
7,1764042785.536437,274.1584806442261,828.0,335.0,859.0
7,1764042785.5848808,281.32634449005127,828.0,336.0,854.0
7,1764042785.6250377,286.12299251556396,828.0,352.0,860.0
7,1764042785.6495335,290.93827295303345,828.0,359.0,853.0
7,1764042785.6804326,295.73163080215454,828.0,360.0,842.0
7,1764042785.704073,298.0347900390625,828.0,356.0,834.0
7,1764042785.7396944,302.8560070991516,828.0,354.0,832.0
7,1764042785.779527,310.1011185646057,828.0,360.0,829.0
7,1764042785.812256,314.8803858757019,828.0,378.0,836.0
7,1764042785.840212,319.6910171508789,828.0,387.0,840.0
7,1764042785.8796988,324.4372396469116,828.0,387.0,846.0
7,1764042785.915112,329.28620862960815,828.0,385.0,843.0
7,1764042785.939786,334.033718585968,828.0,392.0,823.0
7,1764042785.9747756,338.8556866645813,828.0,399.0,821.0
7,1764042786.0174332,346.0064558982849,828.0,408.0,824.0
7,1764042786.0398898,348.52780389785767,828.0,409.0,836.0
7,1764042786.084179,355.71265506744385,828.0,407.0,849.0
7,1764042786.1131232,360.4653148651123,828.0,410.0,844.0
7,1764042786.139454,362.87157821655273,828.0,422.0,825.0
7,1764042786.1795382,370.0714855194092,828.0,422.0,826.0
7,1764042786.2095027,374.92918062210083,828.0,424.0,836.0
7,1764042786.2398865,379.6506552696228,828.0,428.0,843.0
7,1764042786.2797399,384.4548850059509,828.0,428.0,858.0
7,1764042786.3115394,389.3294243812561,828.0,434.0,853.0
7,1764042786.3531885,396.493390083313,828.0,447.0,840.0
7,1764042786.3801346,398.8373188972473,828.0,447.0,829.0
7,1764042786.4104273,403.723659992218,828.0,431.0,829.0
7,1764042786.4452019,408.4490327835083,828.0,431.0,826.0
7,1764042786.4746675,413.2249026298523,828.0,449.0,832.0
7,1764042786.5092242,420.525839805603,828.0,447.0,821.0
7,1764042786.5452662,425.234582901001,828.0,454.0,812.0
7,1764042786.5797284,430.1538257598877,828.0,459.0,799.0
7,1764042786.619275,434.88416957855225,828.0,466.0,797.0
7,1764042786.644705,439.6566777229309,828.0,467.0,804.0
7,1764042786.6782327,444.48815870285034,828.0,475.0,813.0
7,1764042786.7204945,451.66786003112793,828.0,491.0,818.0
7,1764042786.7549064,456.4112572669983,828.0,493.0,814.0
7,1764042786.779551,458.8698773384094,828.0,509.0,808.0
7,1764042786.816204,466.1018280982971,828.0,501.0,816.0
7,1764042786.8505514,470.9258346557617,828.0,505.0,814.0
7,1764042786.880296,475.7166533470154,828.0,501.0,807.0
7,1764042786.9147003,480.47446298599243,828.0,506.0,799.0
7,1764042786.9452205,485.3981761932373,828.0,512.0,782.0
7,1764042786.9801521,490.06586360931396,828.0,515.0,769.0
7,1764042787.010348,494.910183429718,828.0,510.0,767.0
7,1764042787.0445924,499.6520428657532,828.0,502.0,782.0
7,1764042787.0848475,504.4175057411194,828.0,496.0,801.0
7,1764042787.1150134,509.27119541168213,828.0,500.0,806.0
7,1764042787.1592216,516.4868741035461,828.0,515.0,799.0
7,1764042787.1953216,521.2514786720276,828.0,533.0,794.0
7,1764042787.2196527,526.1418251991272,828.0,541.0,803.0
7,1764042787.254534,530.9532432556152,828.0,527.0,806.0
7,1764042787.2959793,538.0844144821167,828.0,516.0,797.0
7,1764042787.339109,542.9057745933533,828.0,526.0,785.0
7,1764042787.369777,547.6999192237854,828.0,559.0,804.0
7,1764042787.3964114,552.5492815971375,828.0,547.0,811.0
7,1764042787.4301736,557.2919635772705,828.0,549.0,813.0
7,1764042787.4556227,562.0221643447876,828.0,560.0,809.0
7,1764042787.4848828,564.4330410957336,828.0,569.0,803.0
7,1764042787.5146937,569.3193464279175,828.0,582.0,794.0
7,1764042787.5524275,576.4906077384949,828.0,588.0,786.0
7,1764042787.5949316,581.2247066497803,828.0,596.0,794.0
7,1764042787.6357946,588.4167819023132,828.0,605.0,813.0
7,1764042787.6601005,590.9429936408997,828.0,614.0,816.0
7,1764042787.6845903,595.6698327064514,828.0,618.0,807.0
7,1764042787.7147002,600.5409746170044,828.0,621.0,813.0
7,1764042787.7508233,605.2760033607483,828.0,628.0,814.0
7,1764042787.797174,612.490180015564,828.0,628.0,812.0
7,1764042787.8198147,614.919903755188,828.0,637.0,808.0
7,1764042787.8566046,622.1240668296814,828.0,634.0,799.0
7,1764042787.8844302,624.464741230011,828.0,644.0,793.0
7,1764042787.920822,631.7360668182373,828.0,649.0,798.0
7,1764042787.9620733,636.4438443183899,828.0,645.0,806.0
7,1764042787.9850101,641.3858680725098,828.0,633.0,799.0
7,1764042788.0194275,646.0593490600586,828.0,637.0,794.0
7,1764042788.05472,650.9318857192993,828.0,647.0,794.0
7,1764042788.0952456,658.4290533065796,828.0,666.0,799.0
7,1764042788.140241,662.8203301429749,828.0,664.0,809.0
7,1764042788.1633523,667.6947622299194,828.0,683.0,794.0
7,1764042788.194489,672.5024609565735,828.0,687.0,788.0
7,1764042788.2303145,677.3105888366699,828.0,687.0,791.0
7,1764042788.2649012,682.1536569595337,828.0,678.0,797.0
7,1764042788.290035,686.882462978363,828.0,684.0,794.0
7,1764042788.3205833,691.7583255767822,828.0,683.0,781.0
7,1764042788.3547258,696.4215784072876,828.0,691.0,782.0
7,1764042788.3966393,701.3555197715759,828.0,704.0,791.0
7,1764042788.4331846,708.4908752441406,828.0,700.0,797.0
7,1764042788.459643,710.8498244285583,828.0,702.0,799.0
7,1764042788.490461,715.7447128295898,828.0,699.0,795.0
7,1764042788.5251544,720.475950717926,828.0,700.0,789.0
7,1764042788.5543606,725.3129749298096,828.0,706.0,797.0
7,1764042788.599732,732.5567989349365,828.0,714.0,797.0
7,1764042788.6282074,737.2478394508362,828.0,721.0,777.0
7,1764042788.6642876,742.0047907829285,828.0,716.0,772.0
7,1764042788.689403,746.8634157180786,828.0,703.0,772.0
7,1764042788.720495,751.7527251243591,828.0,703.0,770.0
7,1764042788.7551634,756.5446166992188,828.0,734.0,780.0
7,1764042788.7890635,761.2415580749512,828.0,725.0,791.0
7,1764042788.8199008,766.0952477455139,828.0,743.0,796.0
7,1764042788.8601,770.922830581665,828.0,749.0,789.0
7,1764042788.8960874,778.0750660896301,828.0,751.0,786.0
7,1764042788.9242687,780.5340437889099,828.0,751.0,782.0
7,1764042788.9628322,787.6440434455872,828.0,759.0,781.0
7,1764042788.9923117,792.4611477851868,828.0,763.0,776.0
7,1764042789.0290558,797.3326115608215,828.0,770.0,781.0
7,1764042789.059434,802.084484577179,828.0,771.0,782.0
7,1764042789.0958593,806.8883209228516,828.0,762.0,773.0
7,1764042789.137589,814.1352920532227,828.0,761.0,761.0
7,1764042789.15434,816.4384870529175,828.0,778.0,754.0
7,1764042789.1996996,823.6235527992249,828.0,795.0,772.0
7,1764042789.2244565,826.0470538139343,828.0,801.0,801.0
7,1764042789.2595263,830.8066873550415,828.0,816.0,798.0
7,1764042789.299595,838.0098490715027,828.0,810.0,774.0
7,1764042789.3301158,842.841902256012,828.0,804.0,763.0
7,1764042789.3601227,847.6852564811707,828.0,801.0,776.0
7,1764042789.3942251,852.4920611381531,828.0,808.0,791.0
7,1764042789.424637,857.2168259620667,828.0,812.0,799.0
7,1764042789.4650977,862.0048551559448,828.0,814.0,791.0
7,1764042789.490782,866.9003157615662,828.0,813.0,785.0
7,1764042789.524927,871.7127709388733,828.0,818.0,775.0
7,1764042789.5594616,876.5392808914185,828.0,828.0,775.0
7,1764042789.5949259,881.3413648605347,828.0,836.0,771.0
7,1764042789.6350322,888.5545401573181,828.0,838.0,771.0
7,1764042789.6603775,890.9474639892578,828.0,804.0,795.0
7,1764042789.690125,895.7604913711548,828.0,817.0,794.0
7,1764042789.7341375,902.929141998291,828.0,839.0,800.0
7,1764042789.760712,907.751467704773,828.0,854.0,806.0
7,1764042789.7944164,912.4991564750671,828.0,840.0,800.0
7,1764042789.8303447,917.3503427505493,828.0,831.0,790.0
7,1764042789.8648248,922.1164493560791,828.0,835.0,782.0
7,1764042789.8997562,926.9501118659973,828.0,839.0,785.0
7,1764042789.9297366,931.7250518798828,828.0,832.0,791.0
7,1764042789.970431,938.8479261398315,828.0,841.0,795.0
7,1764042790.009837,943.6942486763,828.0,877.0,809.0
7,1764042790.0401027,948.4764485359192,828.0,895.0,798.0
7,1764042790.0742195,953.2518892288208,828.0,898.0,785.0
7,1764042790.1157079,960.487952709198,828.0,895.0,783.0
7,1764042790.139758,962.8297715187073,828.0,903.0,789.0
7,1764042790.1647646,967.6554231643677,828.0,921.0,782.0
7,1764042790.1994424,972.5240616798401,828.0,925.0,772.0
7,1764042790.2302883,977.2889165878296,828.0,913.0,764.0
7,1764042790.279929,984.5225124359131,828.0,911.0,759.0
7,1764042790.30929,989.2193465232849,828.0,919.0,759.0
7,1764042790.339176,994.07825756073,828.0,932.0,768.0
7,1764042790.3645577,996.5039043426514,828.0,946.0,788.0
7,1764042790.3946047,1001.2513070106506,828.0,937.0,791.0
7,1764042790.4354124,1008.5074334144592,828.0,934.0,792.0
7,1764042790.4651234,1013.2397084236145,828.0,940.0,788.0
7,1764042790.4998846,1018.0179028511047,828.0,945.0,791.0
7,1764042790.5450966,1025.231900691986,828.0,934.0,794.0
7,1764042790.5977106,1032.4588088989258,828.0,924.0,786.0
7,1764042790.6141636,1034.9320559501648,828.0,928.0,770.0
7,1764042790.6443942,1039.609435081482,828.0,941.0,773.0
7,1764042790.6648242,1042.127492904663,828.0,937.0,772.0
7,1764042790.7102387,1049.2958574295044,828.0,939.0,770.0
7,1764042790.744662,1054.0852456092834,828.0,954.0,773.0
7,1764042790.7747395,1058.8547496795654,828.0,961.0,774.0
7,1764042790.8051443,1063.7173085212708,828.0,961.0,776.0
7,1764042790.834432,1068.4630303382874,828.0,963.0,775.0
7,1764042790.8690574,1073.2326774597168,828.0,967.0,771.0
7,1764042790.9092648,1080.5319337844849,828.0,984.0,765.0
7,1764042790.94474,1085.2252988815308,828.0,991.0,756.0
7,1764042790.9696643,1087.661602973938,828.0,1001.0,772.0
7,1764042790.99957,1092.5078539848328,828.0,1008.0,765.0
7,1764042791.041713,1099.7138051986694,828.0,1000.0,772.0
7,1764042791.074556,1104.5460729599,828.0,1015.0,768.0
7,1764042791.104402,1109.2987685203552,828.0,1022.0,779.0
7,1764042791.139563,1114.0530376434326,828.0,1030.0,780.0
7,1764042791.18226,1118.8018708229065,828.0,1022.0,760.0
7,1764042791.2167928,1126.004174232483,828.0,1009.0,754.0
7,1764042791.2550793,1130.8827905654907,828.0,1018.0,765.0
7,1764042791.2813516,1135.6668500900269,828.0,1045.0,791.0
7,1764042791.3046331,1138.0886702537537,828.0,1063.0,785.0
7,1764042791.3448167,1145.3218727111816,828.0,1069.0,779.0
7,1764042791.3820531,1150.0276474952698,828.0,1060.0,782.0
7,1764042791.4051428,1152.5126605033875,828.0,1057.0,783.0
7,1764042791.4404578,1159.7278385162354,828.0,1076.0,766.0
7,1764042791.4720547,1164.4648699760437,828.0,1091.0,753.0
7,1764042791.505279,1169.3622975349426,828.0,1098.0,753.0
7,1764042791.539101,1174.0654616355896,828.0,1103.0,754.0
7,1764042791.5702066,1178.8495569229126,828.0,1109.0,760.0
7,1764042791.615714,1186.045744895935,828.0,1095.0,758.0
7,1764042791.6444998,1188.5233192443848,828.0,1082.0,765.0
7,1764042791.6749728,1193.2392148971558,828.0,1068.0,768.0
7,1764042791.704282,1198.1753735542297,828.0,1072.0,764.0
7,1764042791.7342093,1202.9539971351624,828.0,1085.0,753.0
7,1764042791.777762,1210.1685671806335,828.0,1102.0,747.0
7,1764042791.8202124,1214.9259476661682,828.0,1116.0,747.0
7,1764042791.860036,1222.2032098770142,828.0,1122.0,747.0
7,1764042791.8840768,1224.501648426056,828.0,1137.0,758.0
7,1764042791.909554,1229.302981376648,828.0,1136.0,769.0
7,1764042791.9394934,1234.01065158844,828.0,1141.0,777.0
7,1764042791.974226,1238.9246730804443,828.0,1123.0,783.0
7,1764042792.0050614,1243.8806443214417,828.0,1126.0,785.0
7,1764042792.0399592,1248.5805897712708,828.0,1128.0,775.0
7,1764042792.0745776,1253.2158761024475,828.0,1122.0,769.0
7,1764042792.1193204,1260.507586479187,828.0,1133.0,770.0
7,1764042792.1495833,1265.3082399368286,828.0,1141.0,781.0
7,1764042792.1891544,1272.5153713226318,828.0,1147.0,793.0
7,1764042792.2257621,1277.3090152740479,828.0,1167.0,793.0
7,1764042792.2603827,1282.0257692337036,828.0,1171.0,770.0
7,1764042792.3050385,1289.235761642456,828.0,1182.0,756.0
7,1764042792.3247912,1291.7527823448181,828.0,1190.0,776.0
7,1764042792.3517268,1296.4255838394165,828.0,1207.0,787.0
7,1764042792.3796673,1298.807921886444,828.0,1209.0,789.0
7,1764042792.4171054,1306.083896636963,828.0,1193.0,799.0
7,1764042792.4600227,1310.847499847412,828.0,1176.0,805.0
7,1764042792.4992328,1318.050983428955,828.0,1196.0,794.0
7,1764042792.5318754,1322.9567437171936,828.0,1218.0,766.0
7,1764042792.5512657,1325.250247001648,828.0,1226.0,760.0
7,1764042792.5791726,1330.0822644233704,828.0,1230.0,762.0
7,1764042792.614556,1334.9690704345703,828.0,1239.0,750.0
7,1764042792.6449554,1339.7350339889526,828.0,1244.0,757.0
7,1764042792.684576,1344.5480613708496,828.0,1236.0,778.0
7,1764042792.721816,1351.7282991409302,828.0,1221.0,789.0
7,1764042792.7450273,1354.0839581489563,828.0,1223.0,776.0
7,1764042792.774942,1358.9102535247803,828.0,1248.0,756.0
7,1764042792.809937,1363.9670400619507,828.0,1257.0,752.0
7,1764042792.8444717,1368.5702829360962,828.0,1264.0,785.0
7,1764042792.875088,1373.22305727005,828.0,1264.0,805.0
7,1764042792.9250102,1380.4958491325378,828.0,1274.0,808.0
7,1764042792.9501522,1385.2908520698547,828.0,1285.0,804.0
7,1764042792.9841013,1390.0790243148804,828.0,1281.0,820.0
7,1764042793.0149603,1394.8015718460083,828.0,1278.0,815.0
7,1764042793.0453522,1399.7052936553955,828.0,1277.0,811.0
7,1764042793.074878,1404.5357732772827,828.0,1276.0,803.0
7,1764042793.1204906,1411.7293148040771,828.0,1282.0,798.0
7,1764042793.1548235,1416.4351968765259,828.0,1285.0,799.0
7,1764042793.1800175,1418.8933520317078,828.0,1291.0,792.0
7,1764042793.2183204,1426.0677962303162,828.0,1298.0,789.0
7,1764042793.2505128,1430.809762954712,828.0,1301.0,786.0
7,1764042793.2894804,1435.7356576919556,828.0,1308.0,775.0
7,1764042793.3374026,1442.948546886444,828.0,1320.0,774.0
7,1764042793.361758,1447.7576761245728,828.0,1329.0,778.0
7,1764042793.3995469,1452.405837059021,828.0,1317.0,784.0
7,1764042793.4260094,1457.3831586837769,828.0,1287.0,804.0
7,1764042793.4493284,1459.6841006278992,828.0,1291.0,806.0
7,1764042793.479747,1464.4506006240845,828.0,1293.0,800.0
7,1764042793.5147102,1469.237986087799,828.0,1299.0,796.0
7,1764042793.5529096,1476.4063863754272,828.0,1298.0,804.0
7,1764042793.5891054,1481.2413721084595,828.0,1295.0,806.0
7,1764042793.609431,1483.731177330017,828.0,1296.0,799.0
7,1764042793.6540504,1490.9010796546936,828.0,1299.0,801.0
7,1764042793.6815507,1495.7414298057556,828.0,1336.0,797.0
7,1764042793.714221,1500.5794911384583,828.0,1348.0,795.0
7,1764042793.750348,1505.3128032684326,828.0,1347.0,797.0
7,1764042793.779535,1510.1483612060547,828.0,1350.0,802.0
7,1764042793.8197472,1514.8815660476685,828.0,1364.0,810.0
7,1764042793.8502219,1519.802453994751,828.0,1362.0,834.0
7,1764042793.879199,1524.4969635009766,828.0,1367.0,840.0
7,1764042793.9248056,1531.6619663238525,828.0,1378.0,825.0
7,1764042793.9599204,1536.4457397460938,828.0,1379.0,814.0
7,1764042793.9850957,1541.2252216339111,828.0,1387.0,800.0
7,1764042794.016333,1546.0634260177612,828.0,1397.0,793.0
7,1764042794.0515082,1550.8723406791687,828.0,1400.0,792.0
7,1764042794.0968347,1558.0380229949951,828.0,1395.0,796.0
7,1764042794.119648,1560.5231075286865,828.0,1386.0,798.0
7,1764042794.1616168,1567.721941947937,828.0,1386.0,787.0
7,1764042794.1940844,1572.507110118866,828.0,1415.0,780.0
7,1764042794.214155,1574.8416333198547,828.0,1434.0,793.0
7,1764042794.259703,1582.131555557251,828.0,1435.0,798.0
7,1764042794.2899063,1586.8229179382324,828.0,1437.0,800.0
7,1764042794.321766,1591.778281211853,828.0,1431.0,797.0
7,1764042794.3551297,1596.6686277389526,828.0,1425.0,812.0
7,1764042794.3895845,1601.2264876365662,828.0,1453.0,823.0
7,1764042794.424198,1606.0023574829102,828.0,1464.0,816.0
7,1764042794.454922,1610.8287243843079,828.0,1469.0,796.0
7,1764042794.4846995,1615.6678943634033,828.0,1465.0,785.0
7,1764042794.5296185,1622.906210899353,828.0,1463.0,774.0
7,1764042794.5697808,1627.7805714607239,828.0,1489.0,760.0
7,1764042794.5935643,1632.4697165489197,828.0,1492.0,744.0
7,1764042794.6296918,1637.315824508667,828.0,1485.0,744.0
7,1764042794.6642206,1642.157247543335,828.0,1478.0,759.0
7,1764042794.6898937,1646.8090562820435,828.0,1485.0,771.0
7,1764042794.7203383,1651.7186789512634,828.0,1496.0,777.0
7,1764042794.754701,1656.552770614624,828.0,1504.0,769.0
7,1764042794.7908018,1661.7542176246643,828.0,1504.0,761.0
7,1764042794.8318274,1668.4467940330505,828.0,1494.0,767.0
7,1764042794.860289,1670.875874042511,828.0,1492.0,771.0
7,1764042794.8900821,1675.6479887962341,828.0,1488.0,786.0
7,1764042794.9191256,1680.4239659309387,828.0,1489.0,805.0
7,1764042794.9649045,1687.7618460655212,828.0,1505.0,810.0
7,1764042794.989326,1692.5411133766174,828.0,1548.0,801.0
7,1764042795.019559,1694.861867904663,828.0,1556.0,787.0
7,1764042795.0601757,1702.0400671958923,828.0,1567.0,778.0
7,1764042795.100353,1706.9187550544739,828.0,1567.0,763.0
7,1764042795.1364443,1714.1465573310852,828.0,1556.0,759.0
7,1764042795.1593945,1716.5727047920227,828.0,1552.0,767.0
7,1764042795.1945398,1721.209958076477,828.0,1566.0,767.0
8,1764042795.2340813,1726.0338215827942,828.0,1575.0,763.0
8,1764042795.254739,1726.0338215827942,828.0,1582.0,761.0
8,1764042795.3003287,1726.0338215827942,828.0,1589.0,771.0
8,1764042795.3348231,1726.0338215827942,828.0,1589.0,771.0
8,1764042795.359696,1726.0338215827942,828.0,1582.0,771.0
8,1764042795.3890862,1726.0338215827942,828.0,1572.0,789.0
8,1764042795.4291172,1726.0338215827942,828.0,1573.0,787.0
8,1764042795.4543602,1726.0338215827942,828.0,1571.0,772.0
8,1764042795.49481,1726.0338215827942,828.0,1564.0,772.0
8,1764042795.5347366,1726.0338215827942,828.0,1563.0,773.0
8,1764042795.5693183,1726.0338215827942,828.0,1572.0,792.0
8,1764042795.5995345,1726.0338215827942,828.0,1568.0,806.0
8,1764042795.6294584,1726.0338215827942,828.0,1566.0,810.0
8,1764042795.659314,1726.0338215827942,828.0,1548.0,806.0
8,1764042795.6940877,1726.0338215827942,828.0,1513.0,829.0
8,1764042795.7241893,178.0,921.0,1205.0,902.0
8,1764042795.7671,185.22354650497437,921.0,1539.0,1385.0
8,1764042795.7945116,190.13788986206055,921.0,1576.0,1054.0
8,1764042795.8252695,192.4931197166443,921.0,318.0,964.0
8,1764042795.8641706,199.71870470046997,921.0,269.0,956.0
8,1764042795.88929,202.0824818611145,921.0,292.0,916.0
8,1764042795.936224,209.21161460876465,921.0,272.0,891.0
8,1764042795.9593112,214.09652519226074,921.0,263.0,879.0
8,1764042795.994694,218.97203016281128,921.0,257.0,896.0
8,1764042796.034273,226.10209274291992,921.0,265.0,908.0
8,1764042796.070071,230.81977653503418,921.0,267.0,905.0
8,1764042796.0944204,233.271315574646,921.0,236.0,913.0
8,1764042796.1367388,240.52694129943848,921.0,259.0,912.0
8,1764042796.167846,245.3469066619873,921.0,274.0,917.0
8,1764042796.2100313,250.1644401550293,921.0,279.0,911.0
8,1764042796.240338,254.8609881401062,921.0,285.0,889.0
8,1764042796.2773082,262.0342879295349,921.0,302.0,898.0
8,1764042796.3003876,264.47245168685913,921.0,311.0,919.0
8,1764042796.329437,269.33161306381226,921.0,316.0,924.0
8,1764042796.3603575,274.1708903312683,921.0,331.0,923.0
8,1764042796.4097357,281.2006025314331,921.0,342.0,921.0
8,1764042796.4494362,286.0130934715271,921.0,348.0,911.0
8,1764042796.4752486,290.9199266433716,921.0,328.0,912.0
8,1764042796.5048811,295.69129037857056,921.0,369.0,915.0
8,1764042796.5454028,300.46086597442627,921.0,382.0,901.0
8,1764042796.5748909,305.32832431793213,921.0,408.0,882.0
8,1764042796.599427,310.0961117744446,921.0,409.0,878.0
8,1764042796.6248388,312.4719409942627,921.0,398.0,887.0
8,1764042796.6700659,319.6128396987915,921.0,390.0,897.0
8,1764042796.6944172,324.4236855506897,921.0,399.0,895.0
8,1764042796.7411427,331.61872911453247,921.0,400.0,890.0
8,1764042796.7850447,336.5040330886841,921.0,396.0,905.0
8,1764042796.8101003,341.34095001220703,921.0,395.0,924.0
8,1764042796.8442857,346.11403036117554,921.0,393.0,921.0
8,1764042796.87003,350.96682596206665,921.0,406.0,914.0
8,1764042796.8943832,353.3620743751526,921.0,414.0,911.0
8,1764042796.9394894,360.49356746673584,921.0,424.0,916.0
8,1764042796.9691098,365.2239112854004,921.0,435.0,894.0
8,1764042797.0094717,370.07584857940674,921.0,444.0,889.0
8,1764042797.0548449,377.2922782897949,921.0,453.0,883.0
8,1764042797.0791798,382.1488289833069,921.0,461.0,905.0
8,1764042797.1000602,384.45138025283813,921.0,461.0,921.0
8,1764042797.1347356,389.29952669143677,921.0,455.0,927.0
8,1764042797.1702065,394.1155581474304,921.0,446.0,920.0
8,1764042797.199963,398.9922790527344,921.0,434.0,917.0
8,1764042797.2396083,406.10646295547485,921.0,423.0,919.0
8,1764042797.2804904,410.8567624092102,921.0,419.0,911.0
8,1764042797.3054316,415.6280903816223,921.0,428.0,893.0
8,1764042797.341273,420.49175786972046,921.0,429.0,883.0
8,1764042797.3747964,425.21312522888184,921.0,438.0,888.0
8,1764042797.4184034,432.5015811920166,921.0,453.0,892.0
8,1764042797.4490793,437.37933921813965,921.0,459.0,893.0
8,1764042797.4741771,442.08772468566895,921.0,463.0,883.0
8,1764042797.5000174,444.49166345596313,921.0,463.0,882.0
8,1764042797.5424008,451.668897151947,921.0,464.0,878.0
8,1764042797.574945,456.5333514213562,921.0,486.0,878.0
8,1764042797.6005127,458.9238791465759,921.0,511.0,885.0
8,1764042797.6397328,466.0377769470215,921.0,504.0,882.0
8,1764042797.674406,470.86028146743774,921.0,503.0,884.0
8,1764042797.704174,475.61648178100586,921.0,510.0,857.0
8,1764042797.7402976,480.4277925491333,921.0,515.0,847.0
8,1764042797.78108,487.61564779281616,921.0,527.0,852.0
8,1764042797.8094137,490.0470881462097,921.0,531.0,867.0
8,1764042797.8479443,497.38064098358154,921.0,529.0,879.0
8,1764042797.8701508,499.6086983680725,921.0,507.0,881.0
8,1764042797.9142165,506.8513779640198,921.0,468.0,895.0
8,1764042797.9494708,511.6778521537781,921.0,481.0,889.0
8,1764042797.9750435,516.55060338974,921.0,502.0,883.0
8,1764042798.0096314,521.385374546051,921.0,513.0,886.0
8,1764042798.0382264,526.0492353439331,921.0,517.0,873.0
8,1764042798.0747068,530.8670907020569,921.0,526.0,874.0
8,1764042798.109329,535.692277431488,921.0,537.0,881.0
8,1764042798.1395676,540.49178647995,921.0,539.0,882.0
8,1764042798.1745448,545.3725485801697,921.0,540.0,888.0
8,1764042798.2044783,550.154426574707,921.0,539.0,895.0
8,1764042798.2459364,557.3716788291931,921.0,583.0,897.0
8,1764042798.2847252,562.0967655181885,921.0,571.0,892.0
8,1764042798.31034,566.9114022254944,921.0,535.0,882.0
8,1764042798.3501961,571.6596632003784,921.0,540.0,900.0
8,1764042798.3850398,576.4729409217834,921.0,541.0,914.0
8,1764042798.4101453,581.3526301383972,921.0,547.0,910.0
8,1764042798.4396896,586.13068151474,921.0,542.0,900.0
8,1764042798.4798734,590.9718542098999,921.0,543.0,890.0
8,1764042798.5209544,598.0656890869141,921.0,548.0,891.0
8,1764042798.544172,600.5334286689758,921.0,554.0,900.0
8,1764042798.5820477,607.6362400054932,921.0,553.0,895.0
8,1764042798.6200967,612.493362903595,921.0,544.0,891.0
8,1764042798.6547358,617.2965912818909,921.0,591.0,878.0
8,1764042798.690209,622.1924095153809,921.0,606.0,881.0
8,1764042798.719452,626.9145278930664,921.0,621.0,882.0
8,1764042798.7493296,631.6872148513794,921.0,630.0,868.0
8,1764042798.784499,636.401358127594,921.0,638.0,884.0
8,1764042798.8227286,643.7331585884094,921.0,629.0,908.0
8,1764042798.865014,648.5303430557251,921.0,616.0,909.0
8,1764042798.889124,653.2165198326111,921.0,617.0,873.0
8,1764042798.919874,658.1188468933105,921.0,622.0,872.0
8,1764042798.9532166,662.9198579788208,921.0,630.0,880.0
8,1764042798.9947696,670.1765923500061,921.0,640.0,865.0
8,1764042799.0398448,674.931254863739,921.0,639.0,859.0
8,1764042799.078216,682.0207266807556,921.0,651.0,879.0
8,1764042799.099558,684.4762353897095,921.0,679.0,882.0
8,1764042799.1348813,689.3460183143616,921.0,677.0,878.0
8,1764042799.1730611,694.14910364151,921.0,669.0,878.0
8,1764042799.206879,701.3517646789551,921.0,696.0,869.0
8,1764042799.2496912,706.1662940979004,921.0,716.0,853.0
8,1764042799.274871,710.8176736831665,921.0,705.0,855.0
8,1764042799.3015873,715.6593828201294,921.0,698.0,869.0
8,1764042799.3249395,718.1879191398621,921.0,703.0,880.0
8,1764042799.3496022,722.8917269706726,921.0,705.0,880.0
8,1764042799.382538,727.6582627296448,921.0,713.0,866.0
8,1764042799.4144382,732.4479370117188,921.0,732.0,848.0
8,1764042799.4542377,737.2093586921692,921.0,747.0,838.0
8,1764042799.4790468,742.1485571861267,921.0,750.0,838.0
8,1764042799.5146933,746.882942199707,921.0,749.0,846.0
8,1764042799.5445485,751.6710429191589,921.0,738.0,853.0
8,1764042799.5846565,756.4618616104126,921.0,726.0,851.0
8,1764042799.614813,761.3168029785156,921.0,741.0,864.0
8,1764042799.6449652,766.1663084030151,921.0,768.0,862.0
8,1764042799.6793377,770.8197264671326,921.0,768.0,854.0
8,1764042799.7178926,778.0349402427673,921.0,757.0,840.0
8,1764042799.7504315,782.8685312271118,921.0,753.0,850.0
8,1764042799.7846243,787.6148610115051,921.0,759.0,862.0
8,1764042799.8218737,792.4021034240723,921.0,742.0,869.0
8,1764042799.8497584,797.2161679267883,921.0,737.0,870.0
8,1764042799.889628,802.0572690963745,921.0,731.0,875.0
8,1764042799.9278479,809.3210487365723,921.0,758.0,864.0
8,1764042799.949419,811.6092233657837,921.0,755.0,849.0
8,1764042799.9795263,816.555896282196,921.0,744.0,845.0
8,1764042800.021588,823.6663608551025,921.0,736.0,845.0
8,1764042800.0495322,826.16814661026,921.0,733.0,850.0
8,1764042800.0905964,833.2840828895569,921.0,728.0,866.0
8,1764042800.124081,838.0496530532837,921.0,737.0,872.0
8,1764042800.1598754,842.8451209068298,921.0,779.0,871.0
8,1764042800.194128,850.0803618431091,921.0,805.0,866.0
8,1764042800.219512,852.5636940002441,921.0,796.0,859.0
8,1764042800.254759,857.2593836784363,921.0,778.0,859.0
8,1764042800.2844863,862.0199112892151,921.0,782.0,866.0
8,1764042800.314869,866.8545036315918,921.0,793.0,876.0
8,1764042800.3503187,871.6623811721802,921.0,802.0,884.0
8,1764042800.391696,878.9109258651733,921.0,799.0,884.0
8,1764042800.4148479,881.2471656799316,921.0,796.0,868.0
8,1764042800.4563284,888.461699962616,921.0,818.0,861.0
8,1764042800.5028248,895.7242994308472,921.0,820.0,866.0
8,1764042800.5243616,898.1324939727783,921.0,828.0,881.0
8,1764042800.5547166,902.9677300453186,921.0,824.0,876.0
8,1764042800.5947475,910.1732878684998,921.0,812.0,868.0
8,1764042800.6394193,914.8164777755737,921.0,825.0,865.0
8,1764042800.66481,919.689658164978,921.0,825.0,860.0
8,1764042800.689713,922.1369414329529,921.0,813.0,860.0
8,1764042800.7190986,926.8217949867249,921.0,810.0,854.0
8,1764042800.7543402,934.1121821403503,921.0,816.0,861.0
8,1764042800.7848737,936.54172706604,921.0,828.0,867.0
8,1764042800.8248932,943.6933903694153,921.0,837.0,881.0
8,1764042800.8576353,948.4514145851135,921.0,851.0,888.0
8,1764042800.8852572,953.2698421478271,921.0,863.0,893.0
8,1764042800.9247925,958.0401329994202,921.0,881.0,900.0
8,1764042800.96604,965.3716473579407,921.0,872.0,881.0
8,1764042801.0048144,970.1309232711792,921.0,866.0,885.0
8,1764042801.024934,972.4920539855957,921.0,869.0,911.0
8,1764042801.0547037,977.2726445198059,921.0,880.0,915.0
8,1764042801.0947082,984.4965844154358,921.0,885.0,907.0
8,1764042801.119107,986.8169813156128,921.0,883.0,910.0
8,1764042801.1541727,994.0870552062988,921.0,899.0,920.0
8,1764042801.1897442,998.8040595054626,921.0,913.0,913.0
8,1764042801.2300043,1003.6225943565369,921.0,925.0,904.0
8,1764042801.2642088,1008.4328322410583,921.0,927.0,904.0
8,1764042801.2942812,1013.3048324584961,921.0,921.0,909.0
8,1764042801.3195121,1018.0920748710632,921.0,911.0,910.0
8,1764042801.3655353,1025.2638368606567,921.0,896.0,906.0
8,1764042801.3995264,1030.0614862442017,921.0,903.0,886.0
8,1764042801.4342806,1034.9401025772095,921.0,919.0,881.0
8,1764042801.46985,1039.6926908493042,921.0,931.0,875.0
8,1764042801.5069427,1044.4108037948608,921.0,942.0,867.0
8,1764042801.5422635,1051.6377477645874,921.0,954.0,864.0
8,1764042801.5850503,1056.4114360809326,921.0,964.0,859.0
8,1764042801.6060328,1061.2190990447998,921.0,966.0,884.0
8,1764042801.6344438,1066.1277203559875,921.0,961.0,890.0
8,1764042801.6556106,1068.4793739318848,921.0,953.0,888.0
8,1764042801.6897352,1073.243513584137,921.0,962.0,882.0
8,1764042801.730418,1078.137972831726,921.0,963.0,892.0
8,1764042801.7545886,1082.8547267913818,921.0,965.0,896.0
8,1764042801.7941263,1090.0800971984863,921.0,971.0,905.0
8,1764042801.8346624,1094.9212698936462,921.0,994.0,905.0
8,1764042801.878209,1102.0504384040833,921.0,997.0,894.0
8,1764042801.9043999,1104.54550075531,921.0,1007.0,886.0
8,1764042801.9449246,1111.6743116378784,921.0,1012.0,893.0
8,1764042801.9748573,1116.5218143463135,921.0,1003.0,888.0
8,1764042802.0150137,1121.2164669036865,921.0,987.0,879.0
8,1764042802.0443084,1126.0751991271973,921.0,981.0,891.0
8,1764042802.0796523,1130.8833627700806,921.0,984.0,889.0
8,1764042802.1242893,1138.061490535736,921.0,991.0,894.0
8,1764042802.1451037,1140.4918222427368,921.0,993.0,907.0
8,1764042802.174989,1145.2308921813965,921.0,964.0,910.0
8,1764042802.2107506,1150.016453742981,921.0,979.0,913.0
8,1764042802.234207,1154.9197463989258,921.0,989.0,892.0
8,1764042802.2649233,1159.7031979560852,921.0,997.0,888.0
8,1764042802.29025,1162.0700507164001,921.0,994.0,898.0
8,1764042802.3350718,1169.2455677986145,921.0,985.0,900.0
8,1764042802.3646655,1174.1537599563599,921.0,986.0,905.0
8,1764042802.392017,1178.8316397666931,921.0,985.0,914.0
8,1764042802.4390888,1186.1073999404907,921.0,987.0,907.0
8,1764042802.479849,1190.873649597168,921.0,993.0,885.0
8,1764042802.5028155,1195.7381753921509,921.0,1015.0,889.0
8,1764042802.5291414,1198.2093482017517,921.0,1023.0,895.0
8,1764042802.5593042,1202.9714136123657,921.0,1055.0,883.0
8,1764042802.6050324,1210.0973992347717,921.0,1051.0,885.0
8,1764042802.6292262,1214.8345022201538,921.0,1044.0,899.0
8,1764042802.6622458,1219.6471004486084,921.0,1044.0,915.0
8,1764042802.6957335,1224.5015053749084,921.0,1041.0,915.0
8,1764042802.7418606,1232.2402505874634,921.0,1051.0,928.0
8,1764042802.784835,1236.4740281105042,921.0,1066.0,934.0
8,1764042802.8295038,1243.7323718070984,921.0,1080.0,934.0
8,1764042802.854442,1248.5113887786865,921.0,1077.0,938.0
8,1764042802.8801255,1250.8969812393188,921.0,1092.0,938.0
8,1764042802.9047127,1255.610158920288,921.0,1103.0,920.0
8,1764042802.934178,1260.4006915092468,921.0,1105.0,899.0
8,1764042802.965472,1265.3140692710876,921.0,1115.0,896.0
8,1764042802.9999456,1270.083752155304,921.0,1110.0,911.0
8,1764042803.039348,1274.816599369049,921.0,1097.0,931.0
8,1764042803.069747,1279.7141699790955,921.0,1095.0,944.0
8,1764042803.1047378,1284.4715504646301,921.0,1085.0,938.0
8,1764042803.1347988,1289.303997039795,921.0,1096.0,933.0
8,1764042803.1652915,1294.0438895225525,921.0,1096.0,933.0
8,1764042803.1999109,1298.8101034164429,921.0,1110.0,931.0
8,1764042803.2442296,1306.005862236023,921.0,1119.0,932.0
8,1764042803.2795641,1310.8569412231445,921.0,1111.0,918.0
8,1764042803.3042219,1315.6872420310974,921.0,1117.0,928.0
8,1764042803.329158,1318.1716470718384,921.0,1128.0,932.0
8,1764042803.3692074,1325.3482728004456,921.0,1136.0,939.0
8,1764042803.4002125,1330.116060256958,921.0,1133.0,934.0
8,1764042803.434673,1334.8456172943115,921.0,1139.0,939.0
8,1764042803.4643202,1339.672842502594,921.0,1152.0,946.0
8,1764042803.5041914,1344.5323972702026,921.0,1132.0,933.0
8,1764042803.530033,1349.2230801582336,921.0,1139.0,932.0
8,1764042803.5797446,1356.4878969192505,921.0,1161.0,931.0
8,1764042803.6114855,1361.371376991272,921.0,1187.0,935.0
8,1764042803.634341,1366.1123065948486,921.0,1186.0,930.0
8,1764042803.675185,1370.8643226623535,921.0,1198.0,906.0
8,1764042803.7100265,1375.6168751716614,921.0,1239.0,891.0
8,1764042803.735978,1380.4980306625366,921.0,1246.0,908.0
8,1764042803.7701926,1385.2918176651,921.0,1257.0,906.0
8,1764042803.7994673,1390.1118903160095,921.0,1259.0,911.0
8,1764042803.8444004,1397.321632385254,921.0,1263.0,904.0
8,1764042803.8700154,1399.7140197753906,921.0,1267.0,913.0
8,1764042803.8992193,1404.4067769050598,921.0,1268.0,914.0
8,1764042803.9414046,1411.6867213249207,921.0,1258.0,915.0
8,1764042803.9692688,1414.0920190811157,921.0,1279.0,908.0
8,1764042804.010155,1421.3193922042847,921.0,1281.0,905.0
8,1764042804.0443745,1426.0384707450867,921.0,1282.0,905.0
8,1764042804.079979,1430.8788566589355,921.0,1268.0,896.0
8,1764042804.11083,1435.6061606407166,921.0,1254.0,905.0
8,1764042804.1446242,1440.465214729309,921.0,1274.0,921.0
8,1764042804.1824436,1447.651460647583,921.0,1281.0,937.0
8,1764042804.219373,1452.5492100715637,921.0,1257.0,930.0
8,1764042804.2619205,1459.7452192306519,921.0,1251.0,920.0
8,1764042804.2894902,1462.0852856636047,921.0,1260.0,910.0
8,1764042804.3201246,1466.8578295707703,921.0,1277.0,909.0
8,1764042804.3430884,1471.6718225479126,921.0,1294.0,904.0
8,1764042804.3747082,1476.4505534172058,921.0,1302.0,896.0
8,1764042804.4070358,1481.3149719238281,921.0,1336.0,890.0
8,1764042804.4395423,1486.0880880355835,921.0,1328.0,882.0
8,1764042804.4796226,1490.9414558410645,921.0,1322.0,900.0
8,1764042804.5177748,1498.002281665802,921.0,1329.0,922.0
8,1764042804.5391974,1500.5085377693176,921.0,1336.0,923.0
8,1764042804.5826523,1507.7282576560974,921.0,1330.0,923.0
8,1764042804.6243718,1512.491753578186,921.0,1326.0,931.0
8,1764042804.6498454,1517.252531528473,921.0,1332.0,926.0
8,1764042804.6841092,1522.1269278526306,921.0,1338.0,905.0
8,1764042804.7090538,1526.8558769226074,921.0,1354.0,867.0
8,1764042804.750037,1531.6707282066345,921.0,1360.0,867.0
8,1764042804.7843153,1536.4745287895203,921.0,1382.0,873.0
8,1764042804.8154979,1541.2738590240479,921.0,1379.0,889.0
8,1764042804.8499866,1546.0781960487366,921.0,1372.0,889.0
8,1764042804.884055,1553.2583265304565,921.0,1369.0,885.0
8,1764042804.920337,1558.1711678504944,921.0,1406.0,870.0
8,1764042804.9595542,1562.8147511482239,921.0,1414.0,873.0
8,1764042804.9899132,1567.6322131156921,921.0,1402.0,895.0
8,1764042805.0195453,1572.4165229797363,921.0,1392.0,909.0
8,1764042805.0454295,1577.2958188056946,921.0,1404.0,919.0
8,1764042805.080987,1582.148006439209,921.0,1405.0,917.0
8,1764042805.1277916,1589.2965941429138,921.0,1398.0,909.0
8,1764042805.1595106,1594.069996356964,921.0,1408.0,895.0
8,1764042805.1942334,1598.8698630332947,921.0,1428.0,891.0
8,1764042805.2243474,1603.6572127342224,921.0,1444.0,884.0
8,1764042805.2546096,1608.4762125015259,921.0,1447.0,894.0
8,1764042805.2902837,1613.2229714393616,921.0,1436.0,893.0
8,1764042805.320082,1618.027666091919,921.0,1436.0,890.0
8,1764042805.3493688,1622.8681235313416,921.0,1439.0,883.0
8,1764042805.3750498,1625.3012804985046,921.0,1446.0,882.0
8,1764042805.4200633,1632.5172095298767,921.0,1450.0,876.0
8,1764042805.4597464,1639.923110485077,921.0,1450.0,875.0
8,1764042805.4996662,1644.4610862731934,921.0,1486.0,904.0
8,1764042805.5191164,1646.8494682312012,921.0,1499.0,913.0
8,1764042805.5450249,1651.6026644706726,921.0,1504.0,912.0
8,1764042805.5762856,1656.400206565857,921.0,1505.0,898.0
8,1764042805.614837,1661.29176902771,921.0,1509.0,899.0
8,1764042805.6441941,1666.1505370140076,921.0,1504.0,904.0
8,1764042805.6796443,1670.9457187652588,921.0,1502.0,911.0
8,1764042805.7191372,1678.0054717063904,921.0,1504.0,912.0
8,1764042805.7447646,1680.4399876594543,921.0,1505.0,922.0
8,1764042805.7896194,1687.615933895111,921.0,1508.0,932.0
8,1764042805.8240576,1692.4008159637451,921.0,1518.0,938.0
8,1764042805.849917,1697.291877746582,921.0,1522.0,946.0
8,1764042805.8800094,1702.1000771522522,921.0,1522.0,945.0
8,1764042805.9204037,1706.8296699523926,921.0,1546.0,929.0
8,1764042805.9628155,1714.1286401748657,921.0,1533.0,923.0
8,1764042805.9792435,1716.5218501091003,921.0,1537.0,917.0
8,1764042806.009732,1721.2388186454773,921.0,1532.0,914.0
9,1764042806.0544367,1726.139250278473,921.0,1547.0,911.0
9,1764042806.0800931,1726.139250278473,921.0,1550.0,907.0
9,1764042806.114447,1726.139250278473,921.0,1550.0,913.0
9,1764042806.1540966,1726.139250278473,921.0,1540.0,909.0
9,1764042806.179541,1726.139250278473,921.0,1540.0,894.0
9,1764042806.2141504,1726.139250278473,921.0,1546.0,890.0
9,1764042806.2493627,1726.139250278473,921.0,1537.0,887.0
9,1764042806.2796414,1726.139250278473,921.0,1548.0,888.0
9,1764042806.325071,1726.139250278473,921.0,1548.0,894.0
9,1764042806.3493931,1726.139250278473,921.0,1547.0,886.0
9,1764042806.3799517,1726.139250278473,921.0,1538.0,884.0
9,1764042806.4142087,1726.139250278473,921.0,1541.0,882.0
9,1764042806.460085,1726.139250278473,921.0,1538.0,915.0
9,1764042806.4940822,1726.139250278473,921.0,1222.0,942.0
9,1764042806.5148973,1726.139250278473,921.0,1474.0,1501.0
9,1764042806.5494075,178.0,1014.0,1550.0,1251.0
9,1764042806.590053,185.35540390014648,1014.0,545.0,860.0
9,1764042806.61424,187.7604513168335,1014.0,393.0,801.0
9,1764042806.6505237,194.9317126274109,1014.0,308.0,968.0
9,1764042806.6948647,199.61341905593872,1014.0,262.0,968.0
9,1764042806.7308156,206.97261381149292,1014.0,250.0,976.0
9,1764042806.7591326,211.6902618408203,1014.0,260.0,988.0
9,1764042806.7958512,216.49871158599854,1014.0,268.0,996.0
9,1764042806.8197482,218.9276843070984,1014.0,279.0,1000.0
9,1764042806.85909,226.00539016723633,1014.0,279.0,996.0
9,1764042806.8948321,230.80883312225342,1014.0,276.0,997.0
9,1764042806.9168046,233.21166324615479,1014.0,289.0,979.0
9,1764042806.959696,240.4392867088318,1014.0,299.0,974.0
9,1764042806.99504,245.30767488479614,1014.0,260.0,992.0
9,1764042807.0201108,250.00990915298462,1014.0,282.0,987.0
9,1764042807.062027,254.83427333831787,1014.0,301.0,978.0
9,1764042807.1091566,262.03486013412476,1014.0,312.0,977.0
9,1764042807.1342878,266.8638377189636,1014.0,318.0,994.0
9,1764042807.1590972,271.68494749069214,1014.0,328.0,1015.0
9,1764042807.1890974,274.0667848587036,1014.0,330.0,1019.0
9,1764042807.2202165,278.831139087677,1014.0,319.0,1020.0
9,1764042807.2652466,286.0317974090576,1014.0,312.0,1018.0
9,1764042807.2956724,290.9662036895752,1014.0,308.0,1023.0
9,1764042807.3246553,295.71188974380493,1014.0,316.0,1010.0
9,1764042807.3593192,300.5191593170166,1014.0,334.0,993.0
9,1764042807.3945441,305.37066745758057,1014.0,360.0,970.0
9,1764042807.4249468,310.1298360824585,1014.0,369.0,975.0
9,1764042807.4546294,314.87208890914917,1014.0,368.0,981.0
9,1764042807.494512,319.6808247566223,1014.0,365.0,979.0
9,1764042807.5346196,326.9616274833679,1014.0,357.0,975.0
9,1764042807.5548408,329.218044757843,1014.0,351.0,980.0
9,1764042807.5892015,334.0259222984314,1014.0,360.0,985.0
9,1764042807.619612,338.8709931373596,1014.0,384.0,995.0
9,1764042807.6650338,346.02598237991333,1014.0,389.0,991.0
9,1764042807.6946762,350.81090021133423,1014.0,396.0,1007.0
9,1764042807.730306,355.7974843978882,1014.0,396.0,1007.0
9,1764042807.7597737,360.47822523117065,1014.0,410.0,987.0
9,1764042807.790397,365.2310996055603,1014.0,412.0,976.0
9,1764042807.8350165,372.47463750839233,1014.0,399.0,983.0
9,1764042807.8745613,377.28412437438965,1014.0,394.0,1005.0
9,1764042807.8947616,379.79173946380615,1014.0,390.0,1022.0
9,1764042807.9246705,384.5299868583679,1014.0,384.0,1029.0
9,1764042807.9628255,391.6565089225769,1014.0,401.0,1021.0
9,1764042807.990208,394.0271167755127,1014.0,414.0,1003.0
9,1764042808.029714,401.29254150390625,1014.0,432.0,1004.0
9,1764042808.0623703,406.04505825042725,1014.0,434.0,997.0
9,1764042808.1056747,413.2132797241211,1014.0,426.0,990.0
9,1764042808.1391082,418.0229811668396,1014.0,411.0,1004.0
9,1764042808.159522,420.5105690956116,1014.0,413.0,1029.0
9,1764042808.1944058,425.2434878349304,1014.0,416.0,1025.0
9,1764042808.2247744,430.0617723464966,1014.0,422.0,997.0
9,1764042808.2597697,434.8025231361389,1014.0,423.0,972.0
9,1764042808.300039,442.0161991119385,1014.0,446.0,979.0
9,1764042808.3246465,444.51562452316284,1014.0,455.0,993.0
9,1764042808.3699825,451.7483620643616,1014.0,458.0,995.0
9,1764042808.4132502,458.9826731681824,1014.0,460.0,991.0
9,1764042808.4438667,463.6523275375366,1014.0,465.0,987.0
9,1764042808.4766464,468.51012992858887,1014.0,476.0,982.0
9,1764042808.5102332,473.3853487968445,1014.0,474.0,967.0
9,1764042808.5396838,478.1282811164856,1014.0,466.0,965.0
9,1764042808.5749407,482.91087436676025,1014.0,458.0,965.0
9,1764042808.6047838,487.69200134277344,1014.0,456.0,959.0
9,1764042808.640075,492.5263433456421,1014.0,464.0,958.0
9,1764042808.6844301,499.64578437805176,1014.0,488.0,967.0
9,1764042808.704595,502.0480065345764,1014.0,502.0,983.0
9,1764042808.747041,509.25685453414917,1014.0,506.0,981.0
9,1764042808.7842171,514.0582590103149,1014.0,531.0,966.0
9,1764042808.8143458,518.8656001091003,1014.0,548.0,944.0
9,1764042808.8498971,523.6533789634705,1014.0,547.0,943.0
9,1764042808.8691564,526.1208324432373,1014.0,535.0,957.0
9,1764042808.9068573,533.3452372550964,1014.0,531.0,959.0
9,1764042808.9349003,535.659912109375,1014.0,537.0,953.0
9,1764042808.9597707,540.5112771987915,1014.0,543.0,958.0
9,1764042808.999456,547.738757610321,1014.0,547.0,963.0
9,1764042809.0351086,552.4721412658691,1014.0,551.0,958.0
9,1764042809.0698106,557.2145013809204,1014.0,562.0,946.0
9,1764042809.1050575,562.074592590332,1014.0,569.0,941.0
9,1764042809.1398492,566.8595819473267,1014.0,568.0,939.0
9,1764042809.1647234,571.6708927154541,1014.0,578.0,927.0
9,1764042809.2003884,576.4049558639526,1014.0,574.0,919.0
9,1764042809.2344818,581.2894372940063,1014.0,577.0,942.0
9,1764042809.2651641,586.0261826515198,1014.0,596.0,954.0
9,1764042809.294724,590.8424644470215,1014.0,606.0,952.0
9,1764042809.334066,595.6570296287537,1014.0,597.0,952.0
9,1764042809.3646624,600.453248500824,1014.0,592.0,968.0
9,1764042809.3992016,607.7006130218506,1014.0,592.0,976.0
9,1764042809.4400883,612.451949596405,1014.0,594.0,966.0
9,1764042809.4745302,617.2764210700989,1014.0,598.0,963.0
9,1764042809.5094364,622.0388798713684,1014.0,608.0,963.0
9,1764042809.5392392,626.8373160362244,1014.0,624.0,969.0
9,1764042809.5742528,631.6650061607361,1014.0,631.0,958.0
9,1764042809.613002,638.8578324317932,1014.0,631.0,935.0
9,1764042809.6391609,643.6944990158081,1014.0,625.0,921.0
9,1764042809.6796021,648.4631805419922,1014.0,629.0,934.0
9,1764042809.6993587,650.9512691497803,1014.0,635.0,946.0
9,1764042809.7341003,655.6208519935608,1014.0,634.0,956.0
9,1764042809.7742794,662.9254369735718,1014.0,638.0,966.0
9,1764042809.8100681,667.7275924682617,1014.0,660.0,965.0
9,1764042809.8396983,672.4824695587158,1014.0,656.0,963.0
9,1764042809.875043,677.2501139640808,1014.0,650.0,957.0
9,1764042809.917436,684.7439913749695,1014.0,639.0,963.0
9,1764042809.9398978,686.8303208351135,1014.0,652.0,956.0
9,1764042809.974468,691.6427760124207,1014.0,664.0,945.0
9,1764042809.9992025,696.4090971946716,1014.0,675.0,946.0
9,1764042810.0345902,701.2312083244324,1014.0,684.0,962.0
9,1764042810.0742626,708.4845094680786,1014.0,679.0,973.0
9,1764042810.1002078,710.9588651657104,1014.0,676.0,961.0
9,1764042810.1344602,715.641716003418,1014.0,687.0,959.0
9,1764042810.169938,722.8099732398987,1014.0,691.0,969.0
9,1764042810.2146077,727.7325778007507,1014.0,671.0,977.0
9,1764042810.2547781,734.8371057510376,1014.0,667.0,978.0
9,1764042810.2746909,737.2371463775635,1014.0,693.0,984.0
9,1764042810.3093176,742.2800211906433,1014.0,697.0,980.0
9,1764042810.3476596,749.2215065956116,1014.0,698.0,974.0
9,1764042810.3695302,751.7328767776489,1014.0,703.0,970.0
9,1764042810.4147055,758.852997303009,1014.0,696.0,970.0
9,1764042810.4545243,763.7840776443481,1014.0,689.0,983.0
9,1764042810.4947927,770.8481936454773,1014.0,693.0,993.0
9,1764042810.5149274,773.208752155304,1014.0,693.0,984.0
9,1764042810.5496037,778.0151991844177,1014.0,694.0,966.0
9,1764042810.5901518,785.3647737503052,1014.0,711.0,953.0
9,1764042810.6269336,790.025773525238,1014.0,726.0,959.0
9,1764042810.6591203,794.842770576477,1014.0,729.0,965.0
9,1764042810.685026,799.6631293296814,1014.0,740.0,973.0
9,1764042810.7142076,804.4904618263245,1014.0,761.0,977.0
9,1764042810.7480533,809.2093615531921,1014.0,775.0,968.0
9,1764042810.774923,811.6557149887085,1014.0,774.0,965.0
9,1764042810.8054392,816.5521054267883,1014.0,764.0,963.0
9,1764042810.8550308,823.8087682723999,1014.0,765.0,969.0
9,1764042810.8912141,830.9040336608887,1014.0,762.0,976.0
9,1764042810.914656,833.3003907203674,1014.0,755.0,974.0
9,1764042810.9401772,838.0549817085266,1014.0,753.0,984.0
9,1764042810.9799821,842.8013472557068,1014.0,761.0,990.0
9,1764042811.0150468,847.72895860672,1014.0,761.0,989.0
9,1764042811.0399728,852.5363354682922,1014.0,744.0,972.0
9,1764042811.0740998,857.3476462364197,1014.0,743.0,981.0
9,1764042811.1149783,864.4445567131042,1014.0,754.0,1006.0
9,1764042811.1396375,866.9078259468079,1014.0,770.0,1034.0
9,1764042811.1748805,871.7055468559265,1014.0,788.0,1013.0
9,1764042811.211288,878.8462309837341,1014.0,798.0,991.0
9,1764042811.2418125,883.6051850318909,1014.0,802.0,988.0
9,1764042811.2700024,886.0266118049622,1014.0,795.0,994.0
9,1764042811.3150373,893.2132868766785,1014.0,796.0,983.0
9,1764042811.339804,898.1220870018005,1014.0,816.0,960.0
9,1764042811.3858678,905.2420644760132,1014.0,824.0,975.0
9,1764042811.410287,907.7177791595459,1014.0,846.0,997.0
9,1764042811.4392705,912.437358379364,1014.0,846.0,997.0
9,1764042811.4848638,919.6995286941528,1014.0,831.0,985.0
9,1764042811.5091138,922.031298160553,1014.0,810.0,971.0
9,1764042811.5398395,926.8423585891724,1014.0,810.0,980.0
9,1764042811.5844674,934.0312509536743,1014.0,823.0,982.0
9,1764042811.612475,938.9127998352051,1014.0,849.0,970.0
9,1764042811.6500876,943.6620621681213,1014.0,852.0,968.0
9,1764042811.685209,948.4637885093689,1014.0,848.0,973.0
9,1764042811.7232535,955.6517152786255,1014.0,838.0,981.0
9,1764042811.7560616,960.440996170044,1014.0,844.0,977.0
9,1764042811.7877948,965.3332023620605,1014.0,862.0,976.0
9,1764042811.8150368,967.7784113883972,1014.0,864.0,975.0
9,1764042811.844864,972.4106936454773,1014.0,866.0,961.0
9,1764042811.8793252,979.7191410064697,1014.0,874.0,952.0
9,1764042811.9183738,984.4391136169434,1014.0,899.0,956.0
9,1764042811.9497714,989.3606452941895,1014.0,919.0,947.0
9,1764042811.9742324,991.7165188789368,1014.0,925.0,950.0
9,1764042812.0190597,998.8579897880554,1014.0,921.0,972.0
9,1764042812.0547354,1003.6548523902893,1014.0,543.0,996.0
9,1764042812.0918312,1010.9522132873535,1014.0,909.0,983.0
9,1764042812.114177,1013.2892756462097,1014.0,882.0,968.0
9,1764042812.155091,1020.4171924591064,1014.0,891.0,964.0
9,1764042812.195023,1025.2218871116638,1014.0,897.0,973.0
9,1764042812.2339814,1030.102506160736,1014.0,908.0,986.0
9,1764042812.2651732,1037.596347808838,1014.0,904.0,991.0
9,1764042812.3044696,1042.1395449638367,1014.0,908.0,982.0
9,1764042812.3344088,1046.8100934028625,1014.0,919.0,969.0
9,1764042812.3693717,1051.6469388008118,1014.0,943.0,968.0
9,1764042812.395849,1056.5808801651,1014.0,944.0,979.0
9,1764042812.4350138,1061.2256078720093,1014.0,942.0,974.0
9,1764042812.4691706,1066.076901435852,1014.0,943.0,968.0
9,1764042812.4897926,1070.8080677986145,1014.0,959.0,964.0
9,1764042812.5246367,1075.7398991584778,1014.0,970.0,968.0
9,1764042812.5447085,1078.0221371650696,1014.0,981.0,966.0
9,1764042812.5791597,1082.9217462539673,1014.0,987.0,974.0
9,1764042812.614597,1087.6415758132935,1014.0,998.0,982.0
9,1764042812.6592395,1094.9350028038025,1014.0,1005.0,978.0
9,1764042812.70471,1102.0654230117798,1014.0,988.0,960.0
9,1764042812.7357695,1106.9149641990662,1014.0,981.0,956.0
9,1764042812.7647815,1111.6298942565918,1014.0,1002.0,971.0
9,1764042812.7897596,1114.054289340973,1014.0,1008.0,975.0
9,1764042812.8295693,1121.3425664901733,1014.0,1006.0,966.0
9,1764042812.8598464,1126.1708645820618,1014.0,975.0,969.0
9,1764042812.8897269,1130.813482284546,1014.0,980.0,975.0
9,1764042812.9206688,1135.6080560684204,1014.0,994.0,975.0
9,1764042812.9496768,1138.052514076233,1014.0,1012.0,973.0
9,1764042812.9850907,1145.229676246643,1014.0,1026.0,961.0
9,1764042813.0148227,1147.6922302246094,1014.0,1032.0,956.0
9,1764042813.0597434,1154.8674969673157,1014.0,1034.0,962.0
9,1764042813.101867,1162.0834975242615,1014.0,1045.0,968.0
9,1764042813.1191604,1164.5218758583069,1014.0,1083.0,977.0
9,1764042813.163216,1171.6182856559753,1014.0,1074.0,977.0
9,1764042813.2049682,1176.5613107681274,1014.0,1064.0,979.0
9,1764042813.229075,1181.31050157547,1014.0,1046.0,981.0
9,1764042813.2546694,1183.6041836738586,1014.0,1043.0,988.0
9,1764042813.2944841,1190.8346681594849,1014.0,1042.0,991.0
9,1764042813.339062,1198.0205564498901,1014.0,1050.0,1004.0
9,1764042813.3792243,1202.8260378837585,1014.0,1062.0,990.0
9,1764042813.4031951,1207.6474695205688,1014.0,1075.0,988.0
9,1764042813.4242015,1210.0317387580872,1014.0,1078.0,992.0
9,1764042813.4506414,1214.8808150291443,1014.0,1079.0,997.0
9,1764042813.4943242,1219.6343331336975,1014.0,1061.0,996.0
9,1764042813.5397713,1226.8100290298462,1014.0,1069.0,995.0
9,1764042813.5695813,1231.7379622459412,1014.0,1077.0,977.0
9,1764042813.6193078,1238.8728885650635,1014.0,1082.0,967.0
9,1764042813.6491916,1243.676474571228,1014.0,1093.0,976.0
9,1764042813.6742089,1248.4437255859375,1014.0,1082.0,994.0
9,1764042813.7057176,1253.208580493927,1014.0,1076.0,998.0
9,1764042813.7341723,1255.6261448860168,1014.0,1069.0,983.0
9,1764042813.7649438,1260.4451446533203,1014.0,1081.0,977.0
9,1764042813.7949932,1265.2312426567078,1014.0,1094.0,983.0
9,1764042813.8292756,1270.0938372612,1014.0,1128.0,990.0
9,1764042813.860197,1274.8977093696594,1014.0,1136.0,959.0
9,1764042813.8949583,1279.6908168792725,1014.0,1129.0,929.0
9,1764042813.9353604,1286.8886499404907,1014.0,1133.0,926.0
9,1764042813.959627,1291.7644052505493,1014.0,1155.0,928.0
9,1764042813.9941356,1296.4189677238464,1014.0,1165.0,921.0
9,1764042814.0192814,1298.888352394104,1014.0,1163.0,924.0
9,1764042814.0647235,1306.0310034751892,1014.0,1165.0,922.0
9,1764042814.090305,1310.832407951355,1014.0,1174.0,911.0
9,1764042814.1349268,1315.6983642578125,1014.0,1172.0,930.0
9,1764042814.170847,1322.9239134788513,1014.0,1159.0,954.0
9,1764042814.1944153,1325.2258567810059,1014.0,1146.0,948.0
9,1764042814.229586,1330.083945274353,1014.0,1153.0,919.0
9,1764042814.2678983,1337.3725442886353,1014.0,1180.0,911.0
9,1764042814.2900429,1339.7376446723938,1014.0,1181.0,903.0
9,1764042814.3249934,1344.5131211280823,1014.0,1165.0,913.0
9,1764042814.3667789,1351.7313747406006,1014.0,1176.0,925.0
9,1764042814.3958845,1356.4076809883118,1014.0,1198.0,931.0
9,1764042814.4279478,1361.3611845970154,1014.0,920.0,942.0
9,1764042814.4594119,1366.020646572113,1014.0,1200.0,936.0
9,1764042814.5014877,1370.9259777069092,1014.0,1222.0,956.0
9,1764042814.52327,1375.644555568695,1014.0,1236.0,927.0
9,1764042814.5592237,1380.4881958961487,1014.0,1249.0,918.0
9,1764042814.6005445,1387.6017718315125,1014.0,1257.0,923.0
9,1764042814.6354182,1392.461076259613,1014.0,1262.0,926.0
9,1764042814.660255,1394.8438792228699,1014.0,1264.0,928.0
9,1764042814.704324,1402.1186022758484,1014.0,1259.0,924.0
9,1764042814.7462118,1409.3021302223206,1014.0,1256.0,927.0
9,1764042814.766802,1411.6100459098816,1014.0,1270.0,934.0
9,1764042814.7949963,1416.53679895401,1014.0,1280.0,932.0
9,1764042814.8349652,1421.3412432670593,1014.0,1263.0,937.0
9,1764042814.874742,1428.4978775978088,1014.0,1255.0,939.0
9,1764042814.9069712,1433.3627252578735,1014.0,1254.0,933.0
9,1764042814.9349022,1435.7359437942505,1014.0,1253.0,934.0
9,1764042814.9746473,1442.804458618164,1014.0,1250.0,940.0
9,1764042815.008213,1448.264184474945,1014.0,1257.0,940.0
9,1764042815.0443153,1452.5227813720703,1014.0,1271.0,941.0
9,1764042815.0840611,1459.7804098129272,1014.0,1281.0,946.0
9,1764042815.119117,1464.5325331687927,1014.0,1282.0,953.0
9,1764042815.1636348,1471.609595298767,1014.0,1314.0,966.0
9,1764042815.20414,1476.5126733779907,1014.0,1315.0,958.0
9,1764042815.2243655,1481.4751892089844,1014.0,1325.0,957.0
9,1764042815.254189,1483.648958683014,1014.0,1334.0,967.0
9,1764042815.299306,1490.9502892494202,1014.0,1342.0,981.0
9,1764042815.3343644,1495.6463723182678,1014.0,1346.0,1003.0
9,1764042815.3727798,1502.8587250709534,1014.0,1343.0,993.0
9,1764042815.3994343,1507.735517501831,1014.0,1336.0,958.0
9,1764042815.4292135,1510.0661783218384,1014.0,1324.0,944.0
9,1764042815.4742887,1517.2245292663574,1014.0,1331.0,941.0
9,1764042815.5098102,1522.1186308860779,1014.0,1345.0,940.0
9,1764042815.549499,1529.2637853622437,1014.0,1367.0,935.0
9,1764042815.5747824,1531.6445498466492,1014.0,1376.0,952.0
9,1764042815.5994089,1536.4725975990295,1014.0,1386.0,955.0
9,1764042815.634953,1541.215959072113,1014.0,1394.0,945.0
9,1764042815.664907,1546.0364608764648,1014.0,1392.0,923.0
9,1764042815.6999195,1550.8851795196533,1014.0,1392.0,911.0
9,1764042815.7393298,1558.097782611847,1014.0,1388.0,912.0
9,1764042815.7643294,1560.4694275856018,1014.0,1391.0,920.0
9,1764042815.7947369,1565.3225808143616,1014.0,1388.0,938.0
9,1764042815.8371346,1572.475817680359,1014.0,1385.0,969.0
9,1764042815.8660018,1577.2477178573608,1014.0,1395.0,992.0
9,1764042815.9029274,1582.089069366455,1014.0,1400.0,1003.0
9,1764042815.9404118,1586.9140057563782,1014.0,1394.0,998.0
9,1764042815.9702148,1591.7547492980957,1014.0,1390.0,976.0
9,1764042816.0048475,1596.5860514640808,1014.0,1385.0,964.0
9,1764042816.0446813,1603.6946921348572,1014.0,1394.0,949.0
9,1764042816.0753567,1608.448603630066,1014.0,1402.0,933.0
9,1764042816.1148765,1613.3712439537048,1014.0,1409.0,942.0
9,1764042816.1394057,1618.0868892669678,1014.0,1442.0,977.0
9,1764042816.1705494,1622.8830366134644,1014.0,1473.0,1002.0
9,1764042816.1996515,1627.768090248108,1014.0,1465.0,1023.0
9,1764042816.234485,1632.446256160736,1014.0,1470.0,1005.0
9,1764042816.270229,1637.3088507652283,1014.0,1473.0,992.0
9,1764042816.2998455,1642.011800289154,1014.0,1479.0,973.0
9,1764042816.3350115,1646.820858001709,1014.0,1485.0,977.0
9,1764042816.369658,1651.7435698509216,1014.0,1501.0,978.0
9,1764042816.3993304,1656.5101771354675,1014.0,1506.0,999.0
9,1764042816.445155,1663.6316208839417,1014.0,1487.0,1004.0
9,1764042816.469499,1666.0182147026062,1014.0,1467.0,1009.0
9,1764042816.4992702,1670.8458333015442,1014.0,1473.0,1006.0
9,1764042816.534323,1675.6197361946106,1014.0,1478.0,1023.0
9,1764042816.5700488,1682.8556566238403,1014.0,1472.0,1026.0
9,1764042816.6091137,1687.7098469734192,1014.0,1484.0,1032.0
9,1764042816.6391156,1692.6076321601868,1014.0,1512.0,1033.0
9,1764042816.669821,1697.306468963623,1014.0,1522.0,1030.0
9,1764042816.7044032,1702.059557914734,1014.0,1534.0,1023.0
9,1764042816.7346995,1706.874909877777,1014.0,1521.0,1022.0
9,1764042816.7702615,1711.603286743164,1014.0,1520.0,1024.0
9,1764042816.804283,1716.4289383888245,1014.0,1515.0,1031.0
9,1764042816.8432717,1723.6568837165833,1014.0,1531.0,1025.0
