line_idx,timestamp,dot_x,dot_y,gaze_x,gaze_y
0,1764043106.3004615,178.0,178.0,229.0,241.0
0,1764043106.3327572,180.46341228485107,178.0,231.0,247.0
0,1764043106.37124,185.25222826004028,178.0,232.0,243.0
0,1764043106.4057536,190.141752243042,178.0,230.0,243.0
0,1764043106.4366808,194.81441068649292,178.0,227.0,235.0
0,1764043106.4773707,202.1060495376587,178.0,229.0,228.0
0,1764043106.5103528,206.88342142105103,178.0,232.0,219.0
0,1764043106.5409603,211.65024328231812,178.0,223.0,229.0
0,1764043106.5759025,216.43998908996582,178.0,226.0,225.0
0,1764043106.6109543,221.25655698776245,178.0,227.0,211.0
0,1764043106.6412659,226.08979034423828,178.0,227.0,209.0
0,1764043106.6758842,230.7615189552307,178.0,223.0,215.0
0,1764043106.7060385,235.57622718811035,178.0,223.0,214.0
0,1764043106.7407546,240.5237226486206,178.0,223.0,213.0
0,1764043106.7713985,245.2364354133606,178.0,220.0,209.0
0,1764043106.808313,250.03258275985718,178.0,218.0,211.0
0,1764043106.8434653,257.22154664993286,178.0,220.0,213.0
0,1764043106.8706286,259.5896511077881,178.0,223.0,213.0
0,1764043106.910882,266.75136375427246,178.0,239.0,212.0
0,1764043106.9404044,271.54575872421265,178.0,255.0,218.0
0,1764043106.97972,276.48499298095703,178.0,262.0,224.0
0,1764043107.015983,281.26054096221924,178.0,269.0,216.0
0,1764043107.0578573,288.4654908180237,178.0,275.0,201.0
0,1764043107.0907843,293.3333067893982,178.0,284.0,200.0
0,1764043107.1205685,297.960081577301,178.0,293.0,199.0
0,1764043107.1606312,305.2663474082947,178.0,303.0,193.0
0,1764043107.1958685,310.0818066596985,178.0,315.0,192.0
0,1764043107.2312808,314.81225776672363,178.0,311.0,194.0
0,1764043107.2607865,320.13833808898926,178.0,308.0,182.0
0,1764043107.307292,326.80577325820923,178.0,316.0,186.0
0,1764043107.3431668,331.67770195007324,178.0,321.0,193.0
0,1764043107.3736453,336.4237813949585,178.0,326.0,197.0
0,1764043107.403282,341.1707191467285,178.0,324.0,193.0
0,1764043107.4463797,346.034029006958,178.0,330.0,194.0
0,1764043107.4866054,353.31182765960693,178.0,352.0,193.0
0,1764043107.5116045,355.68311500549316,178.0,354.0,183.0
0,1764043107.5431762,360.4166774749756,178.0,344.0,189.0
0,1764043107.5766737,365.21325397491455,178.0,353.0,204.0
0,1764043107.6116068,372.362735748291,178.0,358.0,213.0
0,1764043107.6455588,377.1736888885498,178.0,364.0,216.0
0,1764043107.6810675,381.9980173110962,178.0,369.0,212.0
0,1764043107.7162094,386.7586522102356,178.0,383.0,204.0
0,1764043107.743612,391.56860399246216,178.0,391.0,201.0
0,1764043107.7813077,396.5329079627991,178.0,388.0,197.0
0,1764043107.8164637,401.287034034729,178.0,388.0,197.0
0,1764043107.8455606,405.9762864112854,178.0,387.0,198.0
0,1764043107.8810453,413.328471660614,178.0,383.0,193.0
0,1764043107.9106655,415.6023769378662,178.0,382.0,178.0
0,1764043107.941062,420.516827583313,178.0,381.0,183.0
0,1764043107.981137,427.67371225357056,178.0,385.0,195.0
0,1764043108.015882,432.3895721435547,178.0,396.0,197.0
0,1764043108.045446,437.20817852020264,178.0,431.0,192.0
0,1764043108.07826,441.99492025375366,178.0,442.0,189.0
0,1764043108.1265848,449.1877107620239,178.0,439.0,193.0
0,1764043108.1564496,453.9586453437805,178.0,434.0,191.0
0,1764043108.1917143,458.88589906692505,178.0,433.0,193.0
0,1764043108.2214785,463.59045791625977,178.0,434.0,201.0
0,1764043108.256284,468.48205614089966,178.0,440.0,202.0
0,1764043108.2938862,473.17821073532104,178.0,455.0,200.0
0,1764043108.331262,480.4047613143921,178.0,459.0,198.0
0,1764043108.3630888,485.1550965309143,178.0,456.0,193.0
0,1764043108.3909543,487.6823453903198,178.0,454.0,188.0
0,1764043108.420759,492.46372270584106,178.0,454.0,187.0
0,1764043108.4560616,497.22028064727783,178.0,447.0,188.0
0,1764043108.4860923,502.0698218345642,178.0,447.0,185.0
0,1764043108.5230758,509.1831831932068,178.0,453.0,190.0
0,1764043108.566637,513.9667062759399,178.0,475.0,189.0
0,1764043108.6067436,521.1476950645447,178.0,484.0,182.0
0,1764043108.6409755,525.9943752288818,178.0,502.0,161.0
0,1764043108.6671152,530.7488946914673,178.0,489.0,165.0
0,1764043108.7005515,535.5909972190857,178.0,502.0,164.0
0,1764043108.747817,542.7480249404907,178.0,505.0,174.0
0,1764043108.7855914,547.6229934692383,178.0,505.0,172.0
0,1764043108.8131938,552.4893789291382,178.0,507.0,172.0
0,1764043108.8566737,557.1510224342346,178.0,520.0,187.0
0,1764043108.8960018,564.4058971405029,178.0,534.0,198.0
0,1764043108.9204082,569.2329077720642,178.0,540.0,193.0
0,1764043108.9564054,574.1154222488403,178.0,536.0,188.0
0,1764043109.002966,581.1492114067078,178.0,531.0,193.0
0,1764043109.0415285,585.9895615577698,178.0,518.0,206.0
0,1764043109.068476,590.8377437591553,178.0,524.0,217.0
0,1764043109.0961049,593.2919292449951,178.0,535.0,216.0
0,1764043109.126099,598.0294256210327,178.0,548.0,222.0
0,1764043109.164762,605.1996855735779,178.0,552.0,219.0
0,1764043109.201314,610.055413722992,178.0,558.0,214.0
0,1764043109.2355368,615.3422265052795,178.0,560.0,213.0
0,1764043109.2806048,622.079864025116,178.0,574.0,219.0
0,1764043109.3277724,629.1532425880432,178.0,569.0,220.0
0,1764043109.3612783,634.1212301254272,178.0,571.0,207.0
0,1764043109.3880568,638.8626246452332,178.0,579.0,201.0
0,1764043109.4260614,643.6592011451721,178.0,584.0,201.0
0,1764043109.4519432,648.4976201057434,178.0,592.0,198.0
0,1764043109.4856062,653.1920223236084,178.0,587.0,196.0
0,1764043109.520454,658.0774335861206,178.0,590.0,195.0
0,1764043109.565515,665.1812462806702,178.0,596.0,193.0
0,1764043109.6108353,672.7969675064087,178.0,583.0,196.0
0,1764043109.6366062,674.7678546905518,178.0,595.0,186.0
0,1764043109.6756246,682.0335655212402,178.0,591.0,179.0
0,1764043109.707939,686.8679432868958,178.0,587.0,176.0
0,1764043109.7358341,689.2036108970642,178.0,597.0,175.0
0,1764043109.7812603,696.5537934303284,178.0,609.0,182.0
0,1764043109.8162017,701.3147859573364,178.0,612.0,193.0
0,1764043109.8458047,706.0272126197815,178.0,625.0,201.0
0,1764043109.8754497,710.8152060508728,178.0,637.0,194.0
0,1764043109.9057088,715.6988649368286,178.0,663.0,188.0
0,1764043109.9404585,720.3911213874817,178.0,662.0,182.0
0,1764043109.9813206,727.6821522712708,178.0,657.0,175.0
0,1764043110.0293834,734.8761587142944,178.0,665.0,178.0
0,1764043110.0562122,737.1880083084106,178.0,690.0,179.0
0,1764043110.0806258,742.0064001083374,178.0,694.0,183.0
0,1764043110.1106713,746.8279390335083,178.0,684.0,175.0
0,1764043110.151274,751.623263835907,178.0,680.0,165.0
0,1764043110.1961746,758.8975219726562,178.0,682.0,165.0
0,1764043110.2307417,763.581910610199,178.0,689.0,164.0
0,1764043110.2700288,770.8408980369568,178.0,694.0,173.0
0,1764043110.3057249,775.5592613220215,178.0,698.0,169.0
0,1764043110.3416638,780.4907350540161,178.0,686.0,168.0
0,1764043110.3713043,785.2004795074463,178.0,690.0,175.0
0,1764043110.4116406,792.4496321678162,178.0,699.0,174.0
0,1764043110.450837,797.162130355835,178.0,705.0,167.0
0,1764043110.4806406,802.112057685852,178.0,710.0,161.0
0,1764043110.5245652,809.2149405479431,178.0,713.0,159.0
0,1764043110.5464048,811.6710929870605,178.0,719.0,155.0
0,1764043110.580735,816.4046912193298,178.0,745.0,140.0
0,1764043110.6307611,823.5548524856567,178.0,725.0,135.0
0,1764043110.6713822,830.7576208114624,178.0,722.0,134.0
0,1764043110.69613,833.2541136741638,178.0,739.0,140.0
0,1764043110.7257314,838.0642800331116,178.0,738.0,152.0
0,1764043110.764297,845.2144412994385,178.0,737.0,145.0
0,1764043110.791368,847.654643535614,178.0,743.0,146.0
0,1764043110.8311925,854.8713593482971,178.0,755.0,148.0
0,1764043110.8705914,859.613039970398,178.0,770.0,144.0
0,1764043110.9105928,866.8214230537415,178.0,771.0,140.0
0,1764043110.9364696,869.2011504173279,178.0,761.0,146.0
0,1764043110.9811797,876.4073877334595,178.0,759.0,160.0
0,1764043111.0159314,881.2617211341858,178.0,761.0,161.0
0,1764043111.045652,886.0501437187195,178.0,762.0,151.0
0,1764043111.0832145,893.1695847511292,178.0,752.0,161.0
0,1764043111.1170847,898.0669050216675,178.0,756.0,159.0
0,1764043111.1404345,900.4088668823242,178.0,776.0,158.0
0,1764043111.1710937,905.1514415740967,178.0,786.0,152.0
0,1764043111.206424,909.9777011871338,178.0,793.0,150.0
0,1764043111.2482824,917.1632318496704,178.0,800.0,159.0
0,1764043111.2707257,919.6971325874329,178.0,803.0,165.0
0,1764043111.300824,924.3494420051575,178.0,830.0,168.0
0,1764043111.3313816,929.1926531791687,178.0,842.0,162.0
0,1764043111.3762105,936.4095478057861,178.0,857.0,156.0
0,1764043111.4159517,941.2117390632629,178.0,859.0,159.0
0,1764043111.4528246,948.415472984314,178.0,854.0,159.0
0,1764043111.4804127,953.2335786819458,178.0,846.0,152.0
0,1764043111.5215058,958.1146626472473,178.0,844.0,161.0
0,1764043111.5554187,963.1468801498413,178.0,852.0,167.0
0,1764043111.591275,967.679205417633,178.0,863.0,159.0
0,1764043111.621384,972.4519281387329,178.0,875.0,160.0
0,1764043111.6706188,979.6363501548767,178.0,865.0,159.0
0,1764043111.7092316,986.7455987930298,178.0,861.0,164.0
0,1764043111.7583232,994.0228252410889,178.0,868.0,160.0
0,1764043111.8059847,1001.2024908065796,178.0,881.0,168.0
0,1764043111.853583,1008.5150866508484,178.0,918.0,160.0
0,1764043111.8958263,1013.1678252220154,178.0,927.0,165.0
0,1764043111.9409957,1020.3492074012756,178.0,929.0,174.0
0,1764043111.9812362,1027.6964573860168,178.0,929.0,181.0
0,1764043112.0319278,1034.8410754203796,178.0,913.0,202.0
0,1764043112.0617008,1039.6493463516235,178.0,901.0,234.0
0,1764043112.0858865,1042.0535354614258,178.0,907.0,247.0
0,1764043112.1205637,1049.2562322616577,178.0,927.0,239.0
0,1764043112.1557224,1053.9941577911377,178.0,934.0,220.0
0,1764043112.1873827,1058.7726740837097,178.0,933.0,223.0
0,1764043112.2161624,1061.2247495651245,178.0,924.0,248.0
0,1764043112.2523496,1068.540885925293,178.0,951.0,226.0
0,1764043112.2847247,1073.189619064331,178.0,972.0,200.0
0,1764043112.3321214,1080.35515832901,178.0,968.0,190.0
0,1764043112.3707438,1085.236886024475,178.0,966.0,180.0
0,1764043112.390746,1087.666359424591,178.0,985.0,194.0
0,1764043112.4305365,1094.8891191482544,178.0,994.0,204.0
0,1764043112.460666,1099.5586304664612,178.0,993.0,205.0
0,1764043112.5013962,1104.4795899391174,178.0,1004.0,198.0
0,1764043112.5306416,1109.1841487884521,178.0,1026.0,194.0
0,1764043112.5653996,1113.9565496444702,178.0,1040.0,187.0
0,1764043112.604576,1121.2046294212341,178.0,1035.0,206.0
0,1764043112.6405134,1125.9824304580688,178.0,1021.0,245.0
0,1764043112.6706748,1130.9556035995483,178.0,1006.0,273.0
0,1764043112.7160823,1137.9505543708801,178.0,1007.0,271.0
0,1764043112.7558675,1142.7688031196594,178.0,1006.0,275.0
0,1764043112.7811844,1147.6689128875732,178.0,1025.0,229.0
0,1764043112.8145254,1152.4363069534302,178.0,1044.0,184.0
0,1764043112.84669,1157.171371459961,178.0,1049.0,200.0
0,1764043112.8804276,1162.000813961029,178.0,1054.0,225.0
0,1764043112.9088213,1166.8886213302612,178.0,1066.0,224.0
0,1764043112.9413347,1171.593680858612,178.0,1080.0,210.0
0,1764043112.9730635,1176.4766602516174,178.0,1069.0,218.0
0,1764043113.010877,1181.2381892204285,178.0,1060.0,231.0
0,1764043113.0408664,1185.9906344413757,178.0,1060.0,225.0
0,1764043113.0706825,1190.768793106079,178.0,1069.0,208.0
0,1764043113.106252,1195.6064252853394,178.0,1099.0,198.0
0,1764043113.1412306,1200.6582050323486,178.0,1096.0,191.0
0,1764043113.1713855,1205.2600531578064,178.0,1093.0,198.0
0,1764043113.2056823,1210.0680022239685,178.0,1092.0,210.0
0,1764043113.2456841,1217.1663432121277,178.0,1092.0,236.0
0,1764043113.2718427,1219.6648387908936,178.0,1084.0,263.0
0,1764043113.3080032,1226.8991856575012,178.0,1082.0,300.0
0,1764043113.341113,1231.696870803833,178.0,1085.0,301.0
0,1764043113.3756714,1236.514404296875,178.0,1092.0,293.0
0,1764043113.4215128,1243.546154975891,178.0,1103.0,291.0
0,1764043113.4612856,1248.4731225967407,178.0,1097.0,293.0
0,1764043113.4856617,1253.1596927642822,178.0,1104.0,294.0
0,1764043113.5204234,1257.9469709396362,178.0,1111.0,291.0
0,1764043113.5660777,1265.2221231460571,178.0,1107.0,283.0
0,1764043113.600813,1270.090082168579,178.0,1097.0,291.0
0,1764043113.6361878,1274.8988180160522,178.0,1094.0,306.0
0,1764043113.6798086,1282.1203260421753,178.0,1094.0,308.0
0,1764043113.711501,1286.802568912506,178.0,1124.0,299.0
0,1764043113.7454438,1291.5909914970398,178.0,1140.0,299.0
0,1764043113.7720072,1296.3731198310852,178.0,1134.0,287.0
0,1764043113.8065567,1301.3076691627502,178.0,1136.0,281.0
0,1764043113.8457816,1306.0446290969849,178.0,1136.0,276.0
0,1764043113.876411,1310.761526107788,178.0,1147.0,279.0
0,1764043113.917423,1318.090787410736,178.0,1164.0,276.0
0,1764043113.9410203,1320.4569249153137,178.0,1181.0,267.0
0,1764043113.98119,1327.6628761291504,178.0,1181.0,276.0
0,1764043114.0122404,1332.3975114822388,178.0,1182.0,276.0
0,1764043114.0558345,1337.223198890686,178.0,1185.0,282.0
0,1764043114.0757477,1342.0364408493042,178.0,1175.0,279.0
0,1764043114.1114893,1346.8472151756287,178.0,1170.0,260.0
0,1764043114.14064,1351.5493063926697,178.0,1161.0,252.0
0,1764043114.1811368,1356.4279584884644,178.0,1175.0,238.0
0,1764043114.2117498,1361.2586884498596,178.0,1189.0,209.0
0,1764043114.2414956,1366.0600214004517,178.0,1197.0,206.0
0,1764043114.2908485,1373.2419757843018,178.0,1194.0,246.0
0,1764043114.3321087,1380.3473620414734,178.0,1194.0,253.0
0,1764043114.3713458,1385.1455478668213,178.0,1186.0,249.0
0,1764043114.399409,1389.9473457336426,178.0,1225.0,260.0
0,1764043114.4358234,1394.791307926178,178.0,1259.0,252.0
0,1764043114.4614697,1399.6613054275513,178.0,1268.0,258.0
0,1764043114.4915268,1404.3559937477112,178.0,1279.0,258.0
0,1764043114.523972,1409.1557173728943,178.0,1284.0,270.0
0,1764043114.5717173,1416.4636998176575,178.0,1279.0,279.0
0,1764043114.6063123,1421.2474732398987,178.0,1285.0,279.0
0,1764043114.6404493,1425.964084148407,178.0,1292.0,286.0
0,1764043114.6758413,1430.7620553970337,178.0,1297.0,285.0
0,1764043114.7163613,1438.0262641906738,178.0,1316.0,289.0
0,1764043114.750553,1442.8331761360168,178.0,1324.0,274.0
0,1764043114.7906423,1447.655179977417,178.0,1322.0,266.0
0,1764043114.8355277,1454.7500162124634,178.0,1317.0,269.0
0,1764043114.866355,1459.6368579864502,178.0,1329.0,270.0
0,1764043114.8956528,1464.4264607429504,178.0,1342.0,268.0
0,1764043114.931074,1469.1696434020996,178.0,1363.0,257.0
0,1764043114.9563649,1474.0673570632935,178.0,1361.0,262.0
0,1764043114.987458,1478.7815718650818,178.0,1354.0,286.0
0,1764043115.0160437,1481.1755328178406,178.0,1347.0,293.0
0,1764043115.0454836,1486.1168055534363,178.0,1348.0,291.0
0,1764043115.0830119,1493.1512026786804,178.0,1351.0,288.0
0,1764043115.116125,1497.9546456336975,178.0,1358.0,267.0
0,1764043115.150684,1502.8554348945618,178.0,1358.0,253.0
0,1764043115.1804864,1507.560101032257,178.0,1370.0,250.0
0,1764043115.2163632,1512.4115018844604,178.0,1360.0,271.0
0,1764043115.2606432,1519.6664481163025,178.0,1368.0,273.0
0,1764043115.3005097,1524.4951038360596,178.0,1414.0,258.0
0,1764043115.325601,1529.2072801589966,178.0,1435.0,170.0
0,1764043115.3614545,1534.0744524002075,178.0,1430.0,183.0
0,1764043115.391148,1538.8557224273682,178.0,1431.0,213.0
0,1764043115.4360144,1546.0211186408997,178.0,1430.0,199.0
0,1764043115.4756992,1550.873055934906,178.0,1444.0,174.0
0,1764043115.501245,1555.639091014862,178.0,1463.0,156.0
0,1764043115.5256228,1558.0805449485779,178.0,1458.0,152.0
0,1764043115.5708413,1565.1554255485535,178.0,1459.0,154.0
0,1764043115.6204822,1572.3451046943665,178.0,1467.0,126.0
0,1764043115.6554556,1577.1912841796875,178.0,1482.0,140.0
0,1764043115.68075,1582.0847420692444,178.0,1502.0,243.0
0,1764043115.7234013,1589.2188816070557,178.0,1506.0,265.0
0,1764043115.7562199,1593.9620642662048,178.0,1497.0,244.0
0,1764043115.791486,1598.8736181259155,178.0,1522.0,241.0
0,1764043115.8316956,1603.5473136901855,178.0,1530.0,249.0
0,1764043115.8677006,1610.8189969062805,178.0,1530.0,269.0
0,1764043115.9063625,1616.0265593528748,178.0,1531.0,270.0
0,1764043115.9364688,1620.3624753952026,178.0,1579.0,234.0
0,1764043115.9714036,1625.2159147262573,178.0,1587.0,206.0
0,1764043116.0009327,1630.0773649215698,178.0,1586.0,217.0
0,1764043116.0309916,1634.8755865097046,178.0,1584.0,210.0
0,1764043116.0605044,1639.5675210952759,178.0,1613.0,240.0
0,1764043116.091959,1644.4980292320251,178.0,1631.0,238.0
0,1764043116.1263185,1649.2944269180298,178.0,1655.0,284.0
0,1764043116.171457,1656.3838987350464,178.0,1631.0,328.0
0,1764043116.2108352,1661.1547260284424,178.0,1625.0,376.0
0,1764043116.2359757,1666.079297542572,178.0,1631.0,317.0
0,1764043116.2677553,1670.7912950515747,178.0,1625.0,271.0
0,1764043116.2959888,1673.261573791504,178.0,1630.0,277.0
0,1764043116.3312984,1680.3608088493347,178.0,1645.0,297.0
0,1764043116.3656814,1685.2230458259583,178.0,1663.0,303.0
0,1764043116.3960452,1690.1007680892944,178.0,1663.0,301.0
0,1764043116.4271955,1694.7871594429016,178.0,1666.0,304.0
0,1764043116.4611113,1699.5479373931885,178.0,1667.0,295.0
0,1764043116.4912531,1704.3534545898438,178.0,1668.0,279.0
0,1764043116.5256383,1709.2139749526978,178.0,1679.0,290.0
0,1764043116.5616999,1714.042559146881,178.0,1694.0,282.0
0,1764043116.595992,1718.8016204833984,178.0,1689.0,272.0
0,1764043116.6256502,1723.564043521881,178.0,1691.0,273.0
1,1764043116.6610243,1728.3568649291992,178.0,1690.0,252.0
1,1764043116.691152,1728.3568649291992,178.0,1687.0,256.0
1,1764043116.7206542,1728.3568649291992,178.0,1683.0,269.0
1,1764043116.760895,1728.3568649291992,178.0,1674.0,276.0
1,1764043116.8012385,1728.3568649291992,178.0,1673.0,252.0
1,1764043116.8404384,1728.3568649291992,178.0,1680.0,241.0
1,1764043116.8655367,1728.3568649291992,178.0,1699.0,234.0
1,1764043116.9056897,1728.3568649291992,178.0,1677.0,249.0
1,1764043116.9407465,1728.3568649291992,178.0,1670.0,244.0
1,1764043116.9709442,1728.3568649291992,178.0,1668.0,271.0
1,1764043116.996664,1728.3568649291992,178.0,1664.0,272.0
1,1764043117.03069,1728.3568649291992,178.0,1669.0,264.0
1,1764043117.066059,1728.3568649291992,178.0,1685.0,277.0
1,1764043117.1014407,1728.3568649291992,178.0,1701.0,318.0
1,1764043117.1309783,1728.3568649291992,178.0,1706.0,342.0
1,1764043117.167437,180.4056911468506,270.0,1332.0,349.0
1,1764043117.1964061,182.8208236694336,270.0,1893.0,1040.0
1,1764043117.2255702,187.67276096343994,270.0,448.0,580.0
1,1764043117.2662132,194.87921285629272,270.0,338.0,522.0
1,1764043117.2971952,199.75933122634888,270.0,309.0,437.0
1,1764043117.3283553,204.48509740829468,270.0,308.0,412.0
1,1764043117.3616245,209.25241994857788,270.0,281.0,407.0
1,1764043117.3963537,214.02839708328247,270.0,266.0,403.0
1,1764043117.425396,218.82250595092773,270.0,261.0,395.0
1,1764043117.4667623,223.65012454986572,270.0,267.0,393.0
1,1764043117.4962537,228.43182373046875,270.0,272.0,394.0
1,1764043117.5307088,233.309796333313,270.0,281.0,390.0
1,1764043117.5613108,238.0335955619812,270.0,255.0,384.0
1,1764043117.5961516,242.84637260437012,270.0,271.0,379.0
1,1764043117.6356347,250.15739488601685,270.0,275.0,370.0
1,1764043117.6654322,254.94721221923828,270.0,293.0,378.0
1,1764043117.7004929,259.6821336746216,270.0,301.0,384.0
1,1764043117.7307072,264.4890456199646,270.0,307.0,388.0
1,1764043117.7754612,271.7138795852661,270.0,307.0,390.0
1,1764043117.8156939,276.52579832077026,270.0,315.0,371.0
1,1764043117.8566418,283.69119453430176,270.0,327.0,343.0
1,1764043117.8908591,288.4632377624512,270.0,343.0,330.0
1,1764043117.9308748,293.41019678115845,270.0,357.0,330.0
1,1764043117.9710684,300.432005405426,270.0,348.0,327.0
1,1764043118.0058954,305.2711396217346,270.0,317.0,322.0
1,1764043118.0407295,310.1208953857422,270.0,324.0,336.0
1,1764043118.0834272,317.3107533454895,270.0,342.0,339.0
1,1764043118.116531,322.0199613571167,270.0,354.0,342.0
1,1764043118.145432,326.93051385879517,270.0,361.0,341.0
1,1764043118.1776657,331.7514805793762,270.0,360.0,335.0
1,1764043118.2214005,338.95932722091675,270.0,359.0,330.0
1,1764043118.2614055,343.64139127731323,270.0,364.0,320.0
1,1764043118.2807662,346.0800199508667,270.0,380.0,315.0
1,1764043118.3162282,350.98513650894165,270.0,374.0,304.0
1,1764043118.3460288,355.67413854599,270.0,374.0,292.0
1,1764043118.375756,360.4720025062561,270.0,380.0,302.0
1,1764043118.4057784,365.2896432876587,270.0,393.0,317.0
1,1764043118.441211,370.0500636100769,270.0,408.0,319.0
1,1764043118.4762778,374.81302309036255,270.0,410.0,311.0
1,1764043118.5128512,382.07118797302246,270.0,418.0,310.0
1,1764043118.5506742,386.90960693359375,270.0,421.0,302.0
1,1764043118.5808258,391.6728525161743,270.0,414.0,302.0
1,1764043118.6164064,396.5316562652588,270.0,412.0,305.0
1,1764043118.6506052,401.2956886291504,270.0,428.0,303.0
1,1764043118.6815524,406.00225019454956,270.0,423.0,313.0
1,1764043118.7154343,410.8244686126709,270.0,419.0,313.0
1,1764043118.745411,415.6710057258606,270.0,421.0,301.0
1,1764043118.7811375,422.91987228393555,270.0,428.0,288.0
1,1764043118.8200748,427.7901916503906,270.0,436.0,290.0
1,1764043118.8609328,434.8891763687134,270.0,441.0,284.0
1,1764043118.8859377,437.284245967865,270.0,453.0,276.0
1,1764043118.9208255,442.1248106956482,270.0,462.0,288.0
1,1764043118.9566743,446.88043880462646,270.0,463.0,296.0
1,1764043118.9958425,454.0057806968689,270.0,459.0,297.0
1,1764043119.0312595,458.8937668800354,270.0,458.0,293.0
1,1764043119.0733414,466.10826539993286,270.0,456.0,288.0
1,1764043119.1058695,470.95480251312256,270.0,454.0,294.0
1,1764043119.1415684,476.30570220947266,270.0,453.0,291.0
1,1764043119.1760614,480.56075859069824,270.0,459.0,282.0
1,1764043119.2034805,485.28137493133545,270.0,467.0,275.0
1,1764043119.241049,490.09633350372314,270.0,478.0,282.0
1,1764043119.2810495,497.26183700561523,270.0,488.0,292.0
1,1764043119.3128128,502.03935194015503,270.0,490.0,291.0
1,1764043119.3514519,506.92876863479614,270.0,481.0,277.0
1,1764043119.3805354,511.65321159362793,270.0,497.0,287.0
1,1764043119.420603,518.8397078514099,270.0,508.0,292.0
1,1764043119.4562743,523.6896781921387,270.0,515.0,287.0
1,1764043119.4891362,528.4711627960205,270.0,511.0,280.0
1,1764043119.5211673,533.2768230438232,270.0,509.0,267.0
1,1764043119.5515857,538.0373148918152,270.0,507.0,265.0
1,1764043119.586243,542.8268461227417,270.0,522.0,277.0
1,1764043119.6334531,550.124993801117,270.0,530.0,297.0
1,1764043119.6704667,554.9206762313843,270.0,536.0,285.0
1,1764043119.7026045,559.6260576248169,270.0,543.0,288.0
1,1764043119.7255015,564.5744829177856,270.0,535.0,291.0
1,1764043119.7556617,566.8993144035339,270.0,530.0,287.0
1,1764043119.786162,571.6485052108765,270.0,548.0,287.0
1,1764043119.8161776,576.5095262527466,270.0,565.0,286.0
1,1764043119.8511457,581.2120823860168,270.0,577.0,294.0
1,1764043119.8807192,586.1496357917786,270.0,582.0,291.0
1,1764043119.911247,590.9718542098999,270.0,589.0,287.0
1,1764043119.9457285,595.754340171814,270.0,590.0,275.0
1,1764043119.9869375,602.8495697975159,270.0,589.0,266.0
1,1764043120.0108864,605.2808313369751,270.0,584.0,278.0
1,1764043120.0504234,612.4402551651001,270.0,596.0,282.0
1,1764043120.0865026,617.2240643501282,270.0,590.0,268.0
1,1764043120.1212547,622.0776467323303,270.0,580.0,267.0
1,1764043120.166041,629.3256192207336,270.0,582.0,295.0
1,1764043120.2055726,636.5851430892944,270.0,595.0,322.0
1,1764043120.2461107,641.3122324943542,270.0,606.0,319.0
1,1764043120.281186,646.0218696594238,270.0,614.0,305.0
1,1764043120.316449,650.8710174560547,270.0,622.0,301.0
1,1764043120.3521628,658.0678849220276,270.0,634.0,304.0
1,1764043120.3859084,662.9408149719238,270.0,626.0,308.0
1,1764043120.4198375,667.7078156471252,270.0,624.0,305.0
1,1764043120.4704928,674.9377636909485,270.0,634.0,297.0
1,1764043120.5014002,679.7502903938293,270.0,643.0,282.0
1,1764043120.5286548,684.4100384712219,270.0,638.0,272.0
1,1764043120.566854,689.3033175468445,270.0,640.0,265.0
1,1764043120.600981,694.0016894340515,270.0,641.0,275.0
1,1764043120.6361115,698.8160400390625,270.0,641.0,280.0
1,1764043120.6718524,706.0185222625732,270.0,645.0,292.0
1,1764043120.7017128,711.0061793327332,270.0,647.0,293.0
1,1764043120.7383,715.7100944519043,270.0,651.0,288.0
1,1764043120.7698581,720.4362182617188,270.0,657.0,274.0
1,1764043120.8010998,725.2448825836182,270.0,678.0,265.0
1,1764043120.831999,730.0680665969849,270.0,654.0,273.0
1,1764043120.8658822,734.9137454032898,270.0,680.0,259.0
1,1764043120.9005237,739.744225025177,270.0,702.0,262.0
1,1764043120.9293818,744.495418548584,270.0,709.0,271.0
1,1764043120.9612455,749.3483214378357,270.0,710.0,279.0
1,1764043120.9966755,754.0704398155212,270.0,706.0,267.0
1,1764043121.0255165,758.9451937675476,270.0,690.0,264.0
1,1764043121.0738397,766.0761504173279,270.0,687.0,273.0
1,1764043121.1265187,773.3543782234192,270.0,702.0,276.0
1,1764043121.1903942,782.9587965011597,270.0,727.0,277.0
1,1764043121.2263813,787.6063494682312,270.0,717.0,253.0
1,1764043121.2613301,794.9487714767456,270.0,709.0,246.0
1,1764043121.3007658,799.7173457145691,270.0,720.0,245.0
1,1764043121.3461108,806.8923621177673,270.0,744.0,232.0
1,1764043121.386297,811.7246298789978,270.0,759.0,251.0
1,1764043121.4264445,818.907621383667,270.0,752.0,250.0
1,1764043121.472862,826.1383204460144,270.0,753.0,252.0
1,1764043121.5108023,830.8972387313843,270.0,753.0,268.0
1,1764043121.5456462,835.7314734458923,270.0,755.0,260.0
1,1764043121.5862184,842.9407505989075,270.0,760.0,239.0
1,1764043121.6318603,850.0462799072266,270.0,783.0,229.0
1,1764043121.6658614,854.9487857818604,270.0,790.0,231.0
1,1764043121.6913943,857.3274760246277,270.0,779.0,239.0
1,1764043121.7300875,864.5464806556702,270.0,785.0,245.0
1,1764043121.756102,866.8520359992981,270.0,800.0,242.0
1,1764043121.786214,871.6903834342957,270.0,807.0,243.0
1,1764043121.820956,878.8926510810852,270.0,812.0,250.0
1,1764043121.8506167,881.2809257507324,270.0,786.0,267.0
1,1764043121.8809192,886.1152319908142,270.0,778.0,261.0
1,1764043121.9218216,893.2256608009338,270.0,780.0,259.0
1,1764043121.9563556,898.0971603393555,270.0,798.0,262.0
1,1764043121.9865575,902.9418020248413,270.0,810.0,280.0
1,1764043122.021542,907.6140670776367,270.0,808.0,281.0
1,1764043122.050522,912.5361351966858,270.0,804.0,270.0
1,1764043122.0861025,917.3102526664734,270.0,818.0,272.0
1,1764043122.121325,922.1262125968933,270.0,852.0,286.0
1,1764043122.1509447,926.9078402519226,270.0,858.0,286.0
1,1764043122.2004135,934.006646156311,270.0,853.0,285.0
1,1764043122.2355053,938.9291791915894,270.0,849.0,285.0
1,1764043122.273787,946.1729316711426,270.0,859.0,277.0
1,1764043122.3114574,950.9358553886414,270.0,866.0,277.0
1,1764043122.3542101,958.1671624183655,270.0,879.0,294.0
1,1764043122.3964689,962.8294138908386,270.0,881.0,298.0
1,1764043122.4259107,967.6529912948608,270.0,869.0,279.0
1,1764043122.4563496,972.50603723526,270.0,869.0,268.0
1,1764043122.4907029,977.294638633728,270.0,886.0,276.0
1,1764043122.5364263,984.5029144287109,270.0,907.0,287.0
1,1764043122.570953,989.2771034240723,270.0,923.0,294.0
1,1764043122.6109009,996.5185670852661,270.0,919.0,293.0
1,1764043122.6356132,998.8767652511597,270.0,922.0,300.0
1,1764043122.6655018,1003.6171584129333,270.0,969.0,294.0
1,1764043122.6964676,1008.4365515708923,270.0,976.0,286.0
1,1764043122.7311819,1013.3018999099731,270.0,983.0,280.0
1,1764043122.7714472,1020.4866795539856,270.0,990.0,289.0
1,1764043122.7958634,1022.9199080467224,270.0,1001.0,288.0
1,1764043122.8318834,1030.0615577697754,270.0,997.0,283.0
1,1764043122.8606918,1034.8530201911926,270.0,987.0,284.0
1,1764043122.8910694,1037.246265888214,270.0,980.0,287.0
1,1764043122.9206052,1042.0605092048645,270.0,984.0,273.0
1,1764043122.9709442,1049.238386631012,270.0,978.0,261.0
1,1764043123.0105677,1056.5260558128357,270.0,975.0,257.0
1,1764043123.0313656,1058.8832168579102,270.0,989.0,287.0
1,1764043123.0661137,1063.703718662262,270.0,994.0,285.0
1,1764043123.100813,1070.8711891174316,270.0,991.0,277.0
1,1764043123.1307101,1073.3499794006348,270.0,989.0,270.0
1,1764043123.1606367,1078.04563331604,270.0,996.0,269.0
1,1764043123.1961186,1082.933762550354,270.0,983.0,274.0
1,1764043123.23253,1090.1352076530457,270.0,980.0,290.0
1,1764043123.2663853,1094.8565392494202,270.0,986.0,296.0
1,1764043123.3137228,1102.1654515266418,270.0,1014.0,306.0
1,1764043123.3508277,1106.8389325141907,270.0,1026.0,295.0
1,1764043123.3862371,1111.7496995925903,270.0,1022.0,288.0
1,1764043123.4317305,1118.944528579712,270.0,1017.0,300.0
1,1764043123.4666948,1123.7374930381775,270.0,1024.0,314.0
1,1764043123.5071511,1130.923023700714,270.0,1041.0,305.0
1,1764043123.5458827,1135.7514290809631,270.0,1061.0,306.0
1,1764043123.5763998,1140.4863147735596,270.0,1061.0,283.0
1,1764043123.6060417,1145.3005938529968,270.0,1063.0,273.0
1,1764043123.6361942,1150.1674799919128,270.0,1063.0,275.0
1,1764043123.6723847,1154.9336938858032,270.0,1066.0,270.0
1,1764043123.7013578,1159.7544102668762,270.0,1074.0,276.0
1,1764043123.7358954,1164.519980430603,270.0,1077.0,288.0
1,1764043123.7708113,1169.2459969520569,270.0,1072.0,290.0
1,1764043123.8083804,1176.4984040260315,270.0,1066.0,281.0
1,1764043123.83548,1178.8487343788147,270.0,1067.0,277.0
1,1764043123.8804939,1186.074390888214,270.0,1069.0,280.0
1,1764043123.9163537,1190.9831194877625,270.0,1074.0,294.0
1,1764043123.9567277,1198.0790286064148,270.0,1105.0,290.0
1,1764043123.9806325,1202.8441338539124,270.0,1118.0,282.0
1,1764043124.0259995,1207.801321029663,270.0,1114.0,290.0
1,1764043124.060422,1214.8125438690186,270.0,1110.0,312.0
1,1764043124.0967174,1219.6522860527039,270.0,1113.0,348.0
1,1764043124.1306486,1224.5007543563843,270.0,1119.0,365.0
1,1764043124.1662145,1229.2028098106384,270.0,1129.0,370.0
1,1764043124.2012064,1234.008005142212,270.0,1131.0,386.0
1,1764043124.231256,1238.8002185821533,270.0,1124.0,403.0
1,1764043124.2613292,1243.675973892212,270.0,1115.0,400.0
1,1764043124.2955475,1248.4469799995422,270.0,1120.0,400.0
1,1764043124.33612,1255.648639678955,270.0,1136.0,402.0
1,1764043124.3704379,1260.59037733078,270.0,1148.0,413.0
1,1764043124.402421,1265.3149633407593,270.0,1159.0,404.0
1,1764043124.440994,1270.145299911499,270.0,1164.0,405.0
1,1764043124.4808965,1277.2690682411194,270.0,1211.0,409.0
1,1764043124.5144732,1282.0953278541565,270.0,1234.0,411.0
1,1764043124.5513132,1286.9247703552246,270.0,1243.0,410.0
1,1764043124.5812204,1291.7659430503845,270.0,1241.0,407.0
1,1764043124.6156485,1296.6625123023987,270.0,1238.0,404.0
1,1764043124.651291,1301.2201218605042,270.0,1242.0,423.0
1,1764043124.6904235,1308.4477453231812,270.0,1240.0,441.0
1,1764043124.7113726,1310.9087972640991,270.0,1245.0,452.0
1,1764043124.756513,1318.1615619659424,270.0,1255.0,438.0
1,1764043124.7957585,1322.9442267417908,270.0,1260.0,434.0
1,1764043124.8207092,1327.690306186676,270.0,1198.0,414.0
1,1764043124.8510847,1332.4606685638428,270.0,1207.0,396.0
1,1764043124.8804123,1337.3390703201294,270.0,1208.0,386.0
1,1764043124.9162722,1342.0180587768555,270.0,1201.0,369.0
1,1764043124.9467087,1346.8849806785583,270.0,1210.0,368.0
1,1764043124.9859135,1351.6327767372131,270.0,1219.0,374.0
1,1764043125.0157075,1356.5059571266174,270.0,1238.0,388.0
1,1764043125.046461,1361.3391547203064,270.0,1231.0,386.0
1,1764043125.0881746,1368.5126333236694,270.0,1228.0,364.0
1,1764043125.1208947,1373.2080011367798,270.0,1224.0,341.0
1,1764043125.152387,1378.1436591148376,270.0,1224.0,328.0
1,1764043125.18819,1382.9808263778687,270.0,1224.0,340.0
1,1764043125.2159622,1387.6670031547546,270.0,1242.0,345.0
1,1764043125.2505531,1392.5626425743103,270.0,1245.0,350.0
1,1764043125.2806325,1397.34734582901,270.0,1269.0,368.0
1,1764043125.3118434,1402.029266834259,270.0,1313.0,369.0
1,1764043125.345497,1406.8960456848145,270.0,1321.0,354.0
1,1764043125.3758779,1411.6689114570618,270.0,1321.0,369.0
1,1764043125.408271,1416.834309577942,270.0,1331.0,379.0
1,1764043125.4411747,1421.3271169662476,270.0,1327.0,376.0
1,1764043125.475715,1426.1159687042236,270.0,1339.0,366.0
1,1764043125.5160198,1430.9439449310303,270.0,1347.0,362.0
1,1764043125.5556645,1438.0467920303345,270.0,1355.0,365.0
1,1764043125.586938,1442.9506568908691,270.0,1349.0,356.0
1,1764043125.6259158,1447.6158051490784,270.0,1346.0,363.0
1,1764043125.6604187,1454.8120646476746,270.0,1363.0,378.0
1,1764043125.691396,1457.2447209358215,270.0,1378.0,386.0
1,1764043125.7211595,1462.0489506721497,270.0,1332.0,372.0
1,1764043125.7559261,1466.9554977416992,270.0,1341.0,354.0
1,1764043125.7856865,1471.7295794487,270.0,1357.0,331.0
1,1764043125.8212588,1478.938069820404,270.0,1346.0,346.0
1,1764043125.8592312,1483.6383728981018,270.0,1339.0,346.0
1,1764043125.891617,1488.4358792304993,270.0,1338.0,368.0
1,1764043125.9206164,1493.2136087417603,270.0,1344.0,364.0
1,1764043125.9517012,1498.0296759605408,270.0,1345.0,368.0
1,1764043125.9813302,1502.94877576828,270.0,1343.0,376.0
1,1764043126.0169804,1507.6653509140015,270.0,1354.0,366.0
1,1764043126.0489862,1512.4569563865662,270.0,1363.0,351.0
1,1764043126.0812812,1517.293873310089,270.0,1364.0,365.0
1,1764043126.1159885,1522.1003561019897,270.0,1374.0,381.0
1,1764043126.161937,1529.4132738113403,270.0,1385.0,376.0
1,1764043126.2008953,1534.0361504554749,270.0,1394.0,364.0
1,1764043126.2310538,1538.9141945838928,270.0,1411.0,401.0
1,1764043126.260976,1543.6397461891174,270.0,1402.0,416.0
1,1764043126.2905293,1548.501732826233,270.0,1396.0,409.0
1,1764043126.3260546,1553.3481268882751,270.0,1394.0,384.0
1,1764043126.3558333,1558.0034403800964,270.0,1408.0,402.0
1,1764043126.3856971,1562.9416017532349,270.0,1454.0,424.0
1,1764043126.421462,1567.6839618682861,270.0,1489.0,434.0
1,1764043126.4507177,1572.5344686508179,270.0,1506.0,422.0
1,1764043126.4805417,1577.2717146873474,270.0,1510.0,425.0
1,1764043126.5161865,1582.0613889694214,270.0,1511.0,411.0
1,1764043126.550743,1586.9064955711365,270.0,1492.0,396.0
1,1764043126.586575,1591.9840960502625,270.0,1480.0,389.0
1,1764043126.6296654,1598.8760499954224,270.0,1478.0,373.0
1,1764043126.6663332,1603.7324576377869,270.0,1472.0,364.0
1,1764043126.705863,1610.815170288086,270.0,1472.0,363.0
1,1764043126.7423968,1615.7098441123962,270.0,1471.0,383.0
1,1764043126.7707071,1620.5024509429932,270.0,1472.0,414.0
1,1764043126.801199,1625.2503542900085,270.0,1471.0,402.0
1,1764043126.833112,1630.0826935768127,270.0,1489.0,374.0
1,1764043126.8656178,1634.8083882331848,270.0,1500.0,390.0
1,1764043126.8969772,1639.630928516388,270.0,1512.0,430.0
1,1764043126.9280725,1644.4790749549866,270.0,1507.0,438.0
1,1764043126.9612079,1649.237564086914,270.0,1502.0,434.0
1,1764043126.9929838,1654.0472655296326,270.0,1501.0,437.0
1,1764043127.026282,1658.899167060852,270.0,1513.0,437.0
1,1764043127.05627,1663.6581926345825,270.0,1530.0,430.0
1,1764043127.0925786,1668.4786586761475,270.0,1533.0,419.0
1,1764043127.136849,1675.6674795150757,270.0,1530.0,415.0
1,1764043127.1759884,1680.500820159912,270.0,1538.0,420.0
1,1764043127.2006326,1685.3139905929565,270.0,1551.0,409.0
1,1764043127.2318792,1690.0553493499756,270.0,1554.0,395.0
1,1764043127.2664115,1695.0061707496643,270.0,1568.0,387.0
1,1764043127.300963,1699.721887588501,270.0,1575.0,389.0
1,1764043127.3358088,1704.413643360138,270.0,1575.0,399.0
1,1764043127.3712437,1709.2209486961365,270.0,1573.0,391.0
1,1764043127.407727,1716.4359121322632,270.0,1575.0,386.0
1,1764043127.4355707,1718.8220052719116,270.0,1579.0,389.0
2,1764043127.4720166,1726.0903625488281,270.0,1569.0,402.0
2,1764043127.5010488,1726.0903625488281,270.0,1572.0,404.0
2,1764043127.5454526,1726.0903625488281,270.0,1579.0,402.0
2,1764043127.5862412,1726.0903625488281,270.0,1564.0,393.0
2,1764043127.6210086,1726.0903625488281,270.0,1556.0,368.0
2,1764043127.661219,1726.0903625488281,270.0,1566.0,376.0
2,1764043127.69071,1726.0903625488281,270.0,1591.0,386.0
2,1764043127.7213898,1726.0903625488281,270.0,1592.0,381.0
2,1764043127.7614362,1726.0903625488281,270.0,1592.0,383.0
2,1764043127.7958164,1726.0903625488281,270.0,1584.0,376.0
2,1764043127.821387,1726.0903625488281,270.0,1572.0,367.0
2,1764043127.8506267,1726.0903625488281,270.0,1568.0,359.0
2,1764043127.8804243,1726.0903625488281,270.0,1580.0,364.0
2,1764043127.9164033,1726.0903625488281,270.0,1578.0,369.0
2,1764043127.9504502,1726.0903625488281,270.0,1578.0,349.0
2,1764043127.986175,180.56433486938477,363.0,1584.0,349.0
2,1764043128.0239697,185.23305940628052,363.0,1415.0,376.0
2,1764043128.0531547,190.12669610977173,363.0,969.0,338.0
2,1764043128.086266,194.8347954750061,363.0,632.0,469.0
2,1764043128.1211462,199.65594100952148,363.0,415.0,422.0
2,1764043128.1506884,204.41571760177612,363.0,346.0,379.0
2,1764043128.1862733,209.33002519607544,363.0,369.0,364.0
2,1764043128.2212915,214.04538440704346,363.0,352.0,337.0
2,1764043128.2561686,218.87421894073486,363.0,341.0,342.0
2,1764043128.2931669,226.1381058692932,363.0,338.0,347.0
2,1764043128.3274355,230.92717218399048,363.0,335.0,352.0
2,1764043128.36156,235.77084827423096,363.0,333.0,353.0
2,1764043128.3904886,240.53881454467773,363.0,312.0,362.0
2,1764043128.4204998,245.37008094787598,363.0,238.0,403.0
2,1764043128.4532785,250.14477062225342,363.0,253.0,389.0
2,1764043128.5013242,257.2091369628906,363.0,270.0,381.0
2,1764043128.5462058,264.56893968582153,363.0,282.0,389.0
2,1764043128.5824432,269.37041568756104,363.0,283.0,398.0
2,1764043128.620777,274.18154764175415,363.0,285.0,396.0
2,1764043128.6509619,278.8415460586548,363.0,293.0,382.0
2,1764043128.6818173,283.70850372314453,363.0,305.0,379.0
2,1764043128.72826,290.9781484603882,363.0,308.0,381.0
2,1764043128.7763019,298.1358914375305,363.0,315.0,381.0
2,1764043128.80696,302.8891234397888,363.0,323.0,397.0
2,1764043128.8546746,310.17554092407227,363.0,331.0,404.0
2,1764043128.893891,314.9491219520569,363.0,338.0,399.0
2,1764043128.9330742,322.08726692199707,363.0,360.0,401.0
2,1764043128.966368,326.85408878326416,363.0,362.0,407.0
2,1764043129.001012,331.6225914955139,363.0,367.0,412.0
2,1764043129.0410485,336.44480991363525,363.0,363.0,398.0
2,1764043129.0785632,343.7827615737915,363.0,360.0,397.0
2,1764043129.1126096,348.4793095588684,363.0,367.0,410.0
2,1764043129.160965,355.6203155517578,363.0,367.0,406.0
2,1764043129.1961138,360.5841188430786,363.0,371.0,394.0
2,1764043129.2304392,365.39421367645264,363.0,378.0,380.0
2,1764043129.2693942,372.4240689277649,363.0,384.0,373.0
2,1764043129.3012562,377.27947521209717,363.0,390.0,381.0
2,1764043129.3406398,382.0813446044922,363.0,389.0,382.0
2,1764043129.3757088,386.8085412979126,363.0,387.0,388.0
2,1764043129.416181,394.12303256988525,363.0,382.0,401.0
2,1764043129.451087,398.8430051803589,363.0,379.0,403.0
2,1764043129.4861383,403.7023811340332,363.0,372.0,393.0
2,1764043129.5207589,408.5748462677002,363.0,382.0,380.0
2,1764043129.566226,415.61446475982666,363.0,426.0,379.0
2,1764043129.6013644,420.50288009643555,363.0,428.0,371.0
2,1764043129.640552,427.7756004333496,363.0,432.0,372.0
2,1764043129.6763275,432.44167852401733,363.0,428.0,382.0
2,1764043129.7024813,437.2856764793396,363.0,426.0,373.0
2,1764043129.7360497,442.09523487091064,363.0,435.0,357.0
2,1764043129.7707098,446.9098000526428,363.0,453.0,356.0
2,1764043129.8016176,451.60724210739136,363.0,467.0,370.0
2,1764043129.8408177,456.48342657089233,363.0,468.0,373.0
2,1764043129.8795965,463.68716049194336,363.0,464.0,366.0
2,1764043129.9208894,468.4263377189636,363.0,466.0,357.0
2,1764043129.9567003,475.63654470443726,363.0,476.0,344.0
2,1764043129.998866,480.4264335632324,363.0,490.0,354.0
2,1764043130.0209508,485.26163387298584,363.0,491.0,370.0
2,1764043130.0524309,490.0406150817871,363.0,486.0,383.0
2,1764043130.0857246,494.88690185546875,363.0,481.0,382.0
2,1764043130.117881,499.70214653015137,363.0,484.0,384.0
2,1764043130.1561239,504.45126581192017,363.0,491.0,381.0
2,1764043130.1863391,509.2867522239685,363.0,492.0,365.0
2,1764043130.2164614,514.0750675201416,363.0,483.0,360.0
2,1764043130.2622213,521.3397769927979,363.0,499.0,342.0
2,1764043130.3060248,528.5417943000793,363.0,507.0,334.0
2,1764043130.3460238,533.2693128585815,363.0,501.0,310.0
2,1764043130.3723626,538.0202202796936,363.0,501.0,312.0
2,1764043130.4005435,540.4911427497864,363.0,513.0,316.0
2,1764043130.4313807,545.3454761505127,363.0,523.0,320.0
2,1764043130.4656754,552.4893789291382,363.0,534.0,319.0
2,1764043130.5009632,557.2780160903931,363.0,542.0,320.0
2,1764043130.5326843,562.002673625946,363.0,543.0,316.0
2,1764043130.5656884,566.8420939445496,363.0,545.0,307.0
2,1764043130.6004193,571.7746405601501,363.0,552.0,300.0
2,1764043130.6322231,576.8887190818787,363.0,556.0,305.0
2,1764043130.6614926,581.3096790313721,363.0,556.0,299.0
2,1764043130.7015967,586.1344723701477,363.0,554.0,293.0
2,1764043130.73589,590.8228664398193,363.0,549.0,288.0
2,1764043130.77557,598.0079321861267,363.0,540.0,313.0
2,1764043130.8006234,600.4753856658936,363.0,548.0,319.0
2,1764043130.8312032,605.2846579551697,363.0,551.0,329.0
2,1764043130.8705027,612.4013452529907,363.0,562.0,331.0
2,1764043130.912184,617.3746972084045,363.0,567.0,326.0
2,1764043130.9458892,624.5214610099792,363.0,568.0,325.0
2,1764043130.985593,629.2853860855103,363.0,595.0,328.0
2,1764043131.0207164,634.0233116149902,363.0,630.0,344.0
2,1764043131.056242,638.9238147735596,363.0,629.0,331.0
2,1764043131.0922658,646.0142164230347,363.0,632.0,336.0
2,1764043131.1363456,650.8322863578796,363.0,640.0,345.0
2,1764043131.1761236,658.0889134407043,363.0,639.0,345.0
2,1764043131.2104125,662.8662853240967,363.0,634.0,338.0
2,1764043131.2412457,667.7785902023315,363.0,638.0,334.0
2,1764043131.2861269,674.8672752380371,363.0,648.0,336.0
2,1764043131.3337464,682.0329575538635,363.0,653.0,346.0
2,1764043131.362006,684.4712643623352,363.0,638.0,357.0
2,1764043131.391564,689.309540271759,363.0,647.0,347.0
2,1764043131.4213731,694.0561203956604,363.0,646.0,346.0
2,1764043131.4558482,698.8532691001892,363.0,644.0,354.0
2,1764043131.4947932,706.0753493309021,363.0,648.0,355.0
2,1764043131.5205462,708.5745601654053,363.0,653.0,332.0
2,1764043131.5656748,715.7436399459839,363.0,678.0,309.0
2,1764043131.6059375,722.8870778083801,363.0,674.0,294.0
2,1764043131.6464827,727.7896552085876,363.0,673.0,306.0
2,1764043131.6711645,732.5005798339844,363.0,692.0,343.0
2,1764043131.7027056,737.2854261398315,363.0,709.0,345.0
2,1764043131.7509775,744.4660930633545,363.0,724.0,341.0
2,1764043131.7962077,752.0692257881165,363.0,730.0,336.0
2,1764043131.8213656,754.045548915863,363.0,726.0,321.0
2,1764043131.8559704,758.9350371360779,363.0,724.0,326.0
2,1764043131.8980362,766.1489276885986,363.0,726.0,319.0
2,1764043131.9264257,770.8478002548218,363.0,722.0,309.0
2,1764043131.9619415,775.7254509925842,363.0,728.0,325.0
2,1764043132.0007687,780.5696635246277,363.0,744.0,350.0
2,1764043132.0376768,787.6779823303223,363.0,752.0,345.0
2,1764043132.0814445,792.4877910614014,363.0,742.0,328.0
2,1764043132.1167116,799.681797504425,363.0,742.0,336.0
2,1764043132.1508474,804.4058470726013,363.0,740.0,345.0
2,1764043132.1810558,809.2593579292297,363.0,735.0,345.0
2,1764043132.2114556,814.0496044158936,363.0,715.0,354.0
2,1764043132.2417705,816.4199619293213,363.0,725.0,359.0
2,1764043132.2769597,823.6844925880432,363.0,737.0,356.0
2,1764043132.3107903,828.4649758338928,363.0,747.0,352.0
2,1764043132.3363967,830.8087615966797,363.0,752.0,346.0
2,1764043132.3755732,838.0320219993591,363.0,743.0,339.0
2,1764043132.4055393,842.8030638694763,363.0,737.0,335.0
2,1764043132.440996,847.6194529533386,363.0,742.0,332.0
2,1764043132.47545,852.4625568389893,363.0,752.0,339.0
2,1764043132.5062144,857.2064189910889,363.0,748.0,346.0
2,1764043132.5455587,864.4718794822693,363.0,739.0,361.0
2,1764043132.575607,866.8768196105957,363.0,748.0,356.0
2,1764043132.613629,874.1610555648804,363.0,762.0,346.0
2,1764043132.6483188,878.8560299873352,363.0,768.0,339.0
2,1764043132.6783068,883.7746648788452,363.0,778.0,357.0
2,1764043132.7158961,888.5464220046997,363.0,794.0,365.0
2,1764043132.742441,893.3299450874329,363.0,799.0,366.0
2,1764043132.7755387,898.1905727386475,363.0,810.0,364.0
2,1764043132.8109624,902.9419093132019,363.0,821.0,365.0
2,1764043132.8463871,907.612135887146,363.0,844.0,374.0
2,1764043132.8756938,912.4135046005249,363.0,840.0,362.0
2,1764043132.9108744,917.2419457435608,363.0,847.0,355.0
2,1764043132.9409454,922.094455242157,363.0,850.0,353.0
2,1764043132.9757574,926.8327741622925,363.0,847.0,371.0
2,1764043133.0167913,934.0121178627014,363.0,845.0,376.0
2,1764043133.0562391,938.9342932701111,363.0,855.0,367.0
2,1764043133.0936823,946.0421829223633,363.0,871.0,352.0
2,1764043133.1356068,950.8086471557617,363.0,875.0,342.0
2,1764043133.1804938,958.1698803901672,363.0,875.0,329.0
2,1764043133.2224097,965.3697876930237,363.0,849.0,336.0
2,1764043133.2710779,972.5018172264099,363.0,846.0,332.0
2,1764043133.2905936,974.8339800834656,363.0,861.0,324.0
2,1764043133.3213332,979.643431186676,363.0,868.0,328.0
2,1764043133.3566184,984.4409732818604,363.0,873.0,333.0
2,1764043133.3862135,989.3158702850342,363.0,881.0,339.0
2,1764043133.421302,994.0557270050049,363.0,876.0,338.0
2,1764043133.456397,998.949649810791,363.0,873.0,341.0
2,1764043133.4943159,1006.139328956604,363.0,920.0,329.0
2,1764043133.5212126,1008.4724216461182,363.0,920.0,330.0
2,1764043133.5610485,1015.6218676567078,363.0,926.0,323.0
2,1764043133.5908153,1020.4319982528687,363.0,929.0,322.0
2,1764043133.6262329,1025.2278952598572,363.0,936.0,330.0
2,1764043133.6562307,1030.1614789962769,363.0,938.0,348.0
2,1764043133.691227,1034.8280935287476,363.0,941.0,356.0
2,1764043133.725729,1039.633825302124,363.0,939.0,357.0
2,1764043133.7614539,1044.4966702461243,363.0,936.0,352.0
2,1764043133.7904167,1049.3462114334106,363.0,914.0,337.0
2,1764043133.8265872,1056.6261558532715,363.0,925.0,337.0
2,1764043133.8693655,1061.2074403762817,363.0,929.0,312.0
2,1764043133.9006755,1066.0327343940735,363.0,934.0,306.0
2,1764043133.9356024,1070.804992198944,363.0,935.0,295.0
2,1764043133.9656048,1075.65202999115,363.0,937.0,308.0
2,1764043134.0005307,1080.4799704551697,363.0,923.0,319.0
2,1764043134.0311308,1085.2256207466125,363.0,924.0,321.0
2,1764043134.0660417,1092.5443320274353,363.0,929.0,305.0
2,1764043134.1004827,1097.2286491394043,363.0,939.0,301.0
2,1764043134.1356323,1102.002230167389,363.0,943.0,286.0
2,1764043134.1755745,1106.840970993042,363.0,941.0,287.0
2,1764043134.2207906,1114.1061811447144,363.0,947.0,287.0
2,1764043134.2506328,1118.9457445144653,363.0,953.0,282.0
2,1764043134.28584,1123.6586003303528,363.0,992.0,322.0
2,1764043134.3156607,1128.4669070243835,363.0,991.0,337.0
2,1764043134.36096,1135.617747783661,363.0,992.0,326.0
2,1764043134.400927,1140.4622464179993,363.0,999.0,311.0
2,1764043134.4392633,1147.689655303955,363.0,1009.0,307.0
2,1764043134.4664326,1152.6029615402222,363.0,1017.0,315.0
2,1764043134.502177,1157.2954325675964,363.0,1030.0,318.0
2,1764043134.5352402,1162.1690063476562,363.0,1031.0,313.0
2,1764043134.560715,1164.4322900772095,363.0,1019.0,319.0
2,1764043134.5986357,1171.6319828033447,363.0,1007.0,329.0
2,1764043134.6284237,1176.4192609786987,363.0,1003.0,335.0
2,1764043134.6623495,1181.3217668533325,363.0,1011.0,327.0
2,1764043134.6963453,1186.1427335739136,363.0,1037.0,309.0
2,1764043134.7312534,1190.8097772598267,363.0,1047.0,294.0
2,1764043134.7664664,1195.7024841308594,363.0,1042.0,285.0
2,1764043134.7977183,1200.478425502777,363.0,1026.0,293.0
2,1764043134.831619,1205.304220199585,363.0,1019.0,305.0
2,1764043134.861337,1210.0942878723145,363.0,1032.0,328.0
2,1764043134.896044,1214.8471264839172,363.0,1059.0,326.0
2,1764043134.925785,1219.6768550872803,363.0,1068.0,303.0
2,1764043134.9606109,1224.4670300483704,363.0,1064.0,302.0
2,1764043135.0004952,1231.7210822105408,363.0,1060.0,312.0
2,1764043135.0260835,1236.5505962371826,363.0,1059.0,320.0
2,1764043135.0617123,1241.2263660430908,363.0,1072.0,315.0
2,1764043135.0925996,1246.067216873169,363.0,1076.0,306.0
2,1764043135.126591,1250.937786579132,363.0,1079.0,299.0
2,1764043135.157509,1255.7427315711975,363.0,1061.0,311.0
2,1764043135.1914904,1260.4934244155884,363.0,1063.0,328.0
2,1764043135.226293,1265.2533798217773,363.0,1062.0,324.0
2,1764043135.2657092,1272.4944500923157,363.0,1075.0,320.0
2,1764043135.3104486,1277.3302583694458,363.0,1082.0,320.0
2,1764043135.3458228,1284.5114974975586,363.0,1108.0,330.0
2,1764043135.376398,1286.845055103302,363.0,1108.0,331.0
2,1764043135.4133043,1294.008985042572,363.0,1100.0,319.0
2,1764043135.44073,1296.5924530029297,363.0,1109.0,312.0
2,1764043135.4808884,1303.7509112358093,363.0,1150.0,321.0
2,1764043135.520405,1308.4927349090576,363.0,1158.0,329.0
2,1764043135.5497153,1313.331654548645,363.0,1179.0,343.0
2,1764043135.5862463,1320.5750136375427,363.0,1187.0,347.0
2,1764043135.615726,1322.9135780334473,363.0,1186.0,345.0
2,1764043135.6453905,1327.7536778450012,363.0,1185.0,342.0
2,1764043135.6804652,1332.438853263855,363.0,1195.0,328.0
2,1764043135.7107735,1337.2724800109863,363.0,1196.0,310.0
2,1764043135.7404494,1342.064085483551,363.0,1192.0,302.0
2,1764043135.7767515,1346.9011812210083,363.0,1198.0,312.0
2,1764043135.8127813,1354.093077659607,363.0,1206.0,323.0
2,1764043135.8410263,1356.4537434577942,363.0,1199.0,329.0
2,1764043135.8860931,1363.753357410431,363.0,1199.0,334.0
2,1764043135.9208913,1368.547001361847,363.0,1208.0,276.0
2,1764043135.9505105,1373.288074016571,363.0,1221.0,258.0
2,1764043135.9806986,1378.0271439552307,363.0,1250.0,251.0
2,1764043136.0164857,1382.894459247589,363.0,1252.0,254.0
2,1764043136.0458164,1387.6668243408203,363.0,1257.0,241.0
2,1764043136.082472,1392.574658870697,363.0,1258.0,245.0
2,1764043136.116694,1399.6480374336243,363.0,1267.0,253.0
2,1764043136.145989,1404.5364170074463,363.0,1266.0,265.0
2,1764043136.182113,1409.2721610069275,363.0,1271.0,275.0
2,1764043136.2137299,1414.0808968544006,363.0,1282.0,281.0
2,1764043136.250621,1418.8594131469727,363.0,1291.0,276.0
2,1764043136.2810593,1423.7761526107788,363.0,1361.0,323.0
2,1764043136.3205395,1428.4332900047302,363.0,1374.0,307.0
2,1764043136.3574185,1435.604479789734,363.0,1371.0,297.0
2,1764043136.3960361,1440.587308883667,363.0,1378.0,296.0
2,1764043136.437121,1447.6493864059448,363.0,1382.0,324.0
2,1764043136.4654713,1452.4587659835815,363.0,1371.0,328.0
2,1764043136.4955723,1454.933515071869,363.0,1353.0,326.0
2,1764043136.5334845,1462.1448307037354,363.0,1353.0,311.0
2,1764043136.5755877,1466.9414429664612,363.0,1374.0,308.0
2,1764043136.6203282,1474.0304141044617,363.0,1390.0,308.0
2,1764043136.6464717,1478.9288430213928,363.0,1383.0,300.0
2,1764043136.6770215,1483.729103088379,363.0,1391.0,283.0
2,1764043136.710389,1488.5416655540466,363.0,1389.0,290.0
2,1764043136.7462149,1493.320110321045,363.0,1352.0,333.0
2,1764043136.7755342,1498.1650738716125,363.0,1372.0,337.0
2,1764043136.8210986,1505.337408065796,363.0,1370.0,349.0
2,1764043136.8612428,1510.0505142211914,363.0,1361.0,358.0
2,1764043136.8868105,1514.8369340896606,363.0,1358.0,340.0
2,1764043136.9205482,1519.7250633239746,363.0,1362.0,338.0
2,1764043136.9559965,1524.5192079544067,363.0,1361.0,335.0
2,1764043136.986217,1529.2104988098145,363.0,1377.0,338.0
2,1764043137.0158823,1534.0448050498962,363.0,1385.0,337.0
2,1764043137.0504036,1538.8782529830933,363.0,1379.0,335.0
2,1764043137.0815237,1543.7509684562683,363.0,1364.0,322.0
2,1764043137.1181395,1548.4465866088867,363.0,1405.0,317.0
2,1764043137.157965,1555.6817202568054,363.0,1428.0,312.0
2,1764043137.2016299,1560.42107629776,363.0,1436.0,293.0
2,1764043137.238247,1567.709711074829,363.0,1431.0,278.0
2,1764043137.2804947,1572.4315791130066,363.0,1423.0,278.0
2,1764043137.320844,1579.7906665802002,363.0,1427.0,291.0
2,1764043137.3455398,1584.4690470695496,363.0,1447.0,298.0
2,1764043137.385508,1589.252748966217,363.0,1460.0,282.0
2,1764043137.4300086,1596.4441447257996,363.0,1467.0,268.0
2,1764043137.4630263,1601.3632802963257,363.0,1467.0,262.0
2,1764043137.5060356,1608.5434107780457,363.0,1476.0,255.0
2,1764043137.5363677,1610.9087257385254,363.0,1497.0,280.0
2,1764043137.5662475,1615.6070261001587,363.0,1502.0,295.0
2,1764043137.6060941,1622.830572605133,363.0,1514.0,293.0
2,1764043137.6369634,1627.6944904327393,363.0,1540.0,292.0
2,1764043137.6662092,1632.5694589614868,363.0,1529.0,292.0
2,1764043137.7030787,1637.3052387237549,363.0,1516.0,288.0
2,1764043137.736415,1642.0404105186462,363.0,1502.0,289.0
2,1764043137.7686698,1646.9136266708374,363.0,1501.0,294.0
2,1764043137.8056414,1651.639714717865,363.0,1511.0,292.0
2,1764043137.8355157,1656.5184025764465,363.0,1523.0,285.0
2,1764043137.8705938,1661.2241415977478,363.0,1528.0,275.0
2,1764043137.9013016,1666.1238222122192,363.0,1523.0,272.0
2,1764043137.9361982,1670.8771257400513,363.0,1515.0,275.0
2,1764043137.9704278,1678.202238559723,363.0,1506.0,283.0
2,1764043138.0067346,1682.9577236175537,363.0,1501.0,282.0
2,1764043138.0374749,1687.7703576087952,363.0,1511.0,295.0
2,1764043138.0814474,1692.4553184509277,363.0,1528.0,306.0
2,1764043138.1205492,1699.7697739601135,363.0,1540.0,307.0
2,1764043138.145932,1704.5278697013855,363.0,1569.0,305.0
2,1764043138.1818256,1709.294584274292,363.0,1567.0,295.0
2,1764043138.2161782,1714.1746311187744,363.0,1562.0,298.0
2,1764043138.2456832,1718.8329844474792,363.0,1568.0,307.0
2,1764043138.277832,1723.775544643402,363.0,1584.0,316.0
3,1764043138.3205202,1726.0618238449097,363.0,1601.0,308.0
3,1764043138.3615158,1726.0618238449097,363.0,1612.0,307.0
3,1764043138.4014673,1726.0618238449097,363.0,1602.0,309.0
3,1764043138.4205139,1726.0618238449097,363.0,1601.0,316.0
3,1764043138.45133,1726.0618238449097,363.0,1598.0,327.0
3,1764043138.485526,1726.0618238449097,363.0,1594.0,322.0
3,1764043138.5265188,1726.0618238449097,363.0,1596.0,332.0
3,1764043138.5605125,1726.0618238449097,363.0,1592.0,351.0
3,1764043138.5961013,1726.0618238449097,363.0,1600.0,351.0
3,1764043138.6211975,1726.0618238449097,363.0,1606.0,353.0
3,1764043138.6655202,1726.0618238449097,363.0,1611.0,350.0
3,1764043138.701503,1726.0618238449097,363.0,1609.0,342.0
3,1764043138.730478,1726.0618238449097,363.0,1601.0,341.0
3,1764043138.7654977,1726.0618238449097,363.0,1612.0,357.0
3,1764043138.7904744,178.0,456.0,1284.0,383.0
3,1764043138.8213139,180.44410037994385,456.0,832.0,393.0
3,1764043138.8553903,187.73738431930542,456.0,569.0,371.0
3,1764043138.890864,192.41973447799683,456.0,427.0,372.0
3,1764043138.9220657,197.26931142807007,456.0,364.0,406.0
3,1764043138.950779,199.65515422821045,456.0,354.0,523.0
3,1764043138.9812827,204.41013860702515,456.0,336.0,504.0
3,1764043139.0112753,209.2501311302185,456.0,330.0,489.0
3,1764043139.0459824,214.11637353897095,456.0,331.0,487.0
3,1764043139.086543,221.26181411743164,456.0,324.0,485.0
3,1764043139.1208243,226.11882972717285,456.0,327.0,490.0
3,1764043139.146413,230.90828943252563,456.0,332.0,494.0
3,1764043139.1768095,235.63119459152222,456.0,330.0,505.0
3,1764043139.2106614,240.49990463256836,456.0,293.0,538.0
3,1764043139.243096,245.3828125,456.0,300.0,530.0
3,1764043139.2866433,250.0978856086731,456.0,315.0,520.0
3,1764043139.3210077,257.26785945892334,456.0,339.0,511.0
3,1764043139.3512983,259.6610336303711,456.0,342.0,507.0
3,1764043139.3957396,266.96390199661255,456.0,328.0,502.0
3,1764043139.4376786,274.04071378707886,456.0,320.0,499.0
3,1764043139.4616988,276.51667881011963,456.0,347.0,498.0
3,1764043139.4993618,283.73421716690063,456.0,358.0,500.0
3,1764043139.5477366,290.9171371459961,456.0,360.0,514.0
3,1764043139.590874,295.66940355300903,456.0,377.0,511.0
3,1764043139.6268837,302.9451994895935,456.0,386.0,511.0
3,1764043139.6661544,307.6516180038452,456.0,368.0,517.0
3,1764043139.703562,312.4071388244629,456.0,359.0,522.0
3,1764043139.745909,319.6899085044861,456.0,370.0,510.0
3,1764043139.7876277,326.8930344581604,456.0,387.0,496.0
3,1764043139.8184521,331.70895862579346,456.0,390.0,501.0
3,1764043139.8455331,334.0355067253113,456.0,400.0,524.0
3,1764043139.8767655,338.8627676963806,456.0,406.0,526.0
3,1764043139.921305,346.1553363800049,456.0,430.0,511.0
3,1764043139.9474757,350.883141040802,456.0,406.0,479.0
3,1764043139.9856513,355.64066457748413,456.0,398.0,459.0
3,1764043140.0208704,360.4461817741394,456.0,403.0,473.0
3,1764043140.059509,367.71314430236816,456.0,407.0,487.0
3,1764043140.096117,372.5042133331299,456.0,413.0,486.0
3,1764043140.1317832,377.34442043304443,456.0,417.0,478.0
3,1764043140.1612096,382.0733337402344,456.0,417.0,474.0
3,1764043140.1963348,386.9846730232239,456.0,417.0,474.0
3,1764043140.2408338,394.0198926925659,456.0,424.0,475.0
3,1764043140.2912197,401.2898235321045,456.0,428.0,477.0
3,1764043140.316096,406.110933303833,456.0,451.0,491.0
3,1764043140.3637493,413.2087378501892,456.0,452.0,488.0
3,1764043140.3865743,415.62437105178833,456.0,451.0,482.0
3,1764043140.4206476,420.5312399864197,456.0,448.0,481.0
3,1764043140.4510114,425.20486402511597,456.0,452.0,478.0
3,1764043140.4857767,430.1448493003845,456.0,455.0,475.0
3,1764043140.5163934,434.8535566329956,456.0,462.0,474.0
3,1764043140.558816,442.4352674484253,456.0,465.0,469.0
3,1764043140.5858443,446.82550716400146,456.0,473.0,471.0
3,1764043140.6257896,451.74757528305054,456.0,500.0,473.0
3,1764043140.66894,458.87159395217896,456.0,507.0,464.0
3,1764043140.706333,463.6476426124573,456.0,500.0,447.0
3,1764043140.7465706,470.96460151672363,456.0,506.0,433.0
3,1764043140.7906742,475.76328802108765,456.0,510.0,428.0
3,1764043140.8308551,482.8977494239807,456.0,513.0,437.0
3,1764043140.858305,487.70598459243774,456.0,509.0,447.0
3,1764043140.8861458,490.1131420135498,456.0,499.0,439.0
3,1764043140.9219742,497.26759481430054,456.0,501.0,437.0
3,1764043140.956057,502.1535425186157,456.0,526.0,436.0
3,1764043140.9883513,506.87991666793823,456.0,543.0,437.0
3,1764043141.0255933,511.6360454559326,456.0,545.0,439.0
3,1764043141.0543175,516.5172367095947,456.0,536.0,438.0
3,1764043141.0912037,521.2790160179138,456.0,533.0,450.0
3,1764043141.1204937,526.1109261512756,456.0,548.0,448.0
3,1764043141.1562703,530.8932332992554,456.0,556.0,438.0
3,1764043141.1863692,535.7162384986877,456.0,559.0,425.0
3,1764043141.2210371,540.4935030937195,456.0,557.0,424.0
3,1764043141.2582896,547.6884036064148,456.0,547.0,417.0
3,1764043141.286386,550.0907688140869,456.0,547.0,410.0
3,1764043141.3228178,557.262638092041,456.0,563.0,404.0
3,1764043141.3554618,562.0652227401733,456.0,582.0,403.0
3,1764043141.3883288,566.9449834823608,456.0,592.0,401.0
3,1764043141.4262564,571.6073064804077,456.0,602.0,400.0
3,1764043141.4564724,576.4650731086731,456.0,603.0,399.0
3,1764043141.4907117,581.205144405365,456.0,598.0,392.0
3,1764043141.5261326,586.1335425376892,456.0,605.0,394.0
3,1764043141.5564985,590.8449320793152,456.0,595.0,421.0
3,1764043141.5907464,595.6557779312134,456.0,595.0,435.0
3,1764043141.6354132,602.9046087265015,456.0,601.0,439.0
3,1764043141.681228,610.1099162101746,456.0,607.0,434.0
3,1764043141.71675,614.8585705757141,456.0,610.0,425.0
3,1764043141.7611413,622.139301776886,456.0,606.0,427.0
3,1764043141.810737,629.3323426246643,456.0,607.0,431.0
3,1764043141.8556552,636.4326863288879,456.0,615.0,427.0
3,1764043141.8848333,641.2343769073486,456.0,654.0,408.0
3,1764043141.9210129,646.1156039237976,456.0,654.0,391.0
3,1764043141.956354,650.8806734085083,456.0,652.0,392.0
3,1764043141.98542,655.7554631233215,456.0,646.0,406.0
3,1764043142.015405,660.4010491371155,456.0,641.0,410.0
3,1764043142.0455456,665.3500823974609,456.0,641.0,412.0
3,1764043142.0816453,670.0211315155029,456.0,651.0,413.0
3,1764043142.116173,674.9070076942444,456.0,664.0,423.0
3,1764043142.1512353,679.6213297843933,456.0,665.0,427.0
3,1764043142.1811218,684.4547777175903,456.0,673.0,422.0
3,1764043142.221871,691.6942744255066,456.0,696.0,412.0
3,1764043142.255707,696.5981035232544,456.0,706.0,422.0
3,1764043142.2828588,701.2592463493347,456.0,714.0,421.0
3,1764043142.316278,706.0175924301147,456.0,727.0,415.0
3,1764043142.3491666,710.9656600952148,456.0,713.0,423.0
3,1764043142.3813598,715.6110672950745,456.0,712.0,421.0
3,1764043142.4165623,720.5168633460999,456.0,710.0,414.0
3,1764043142.450809,725.3289251327515,456.0,716.0,424.0
3,1764043142.4910169,732.4471144676208,456.0,722.0,431.0
3,1764043142.5239754,737.4130277633667,456.0,728.0,434.0
3,1764043142.5558813,742.1056060791016,456.0,725.0,429.0
3,1764043142.5913064,746.8084483146667,456.0,715.0,417.0
3,1764043142.6207886,751.7134218215942,456.0,723.0,426.0
3,1764043142.656118,756.4785628318787,456.0,732.0,445.0
3,1764043142.686044,761.3609342575073,456.0,743.0,436.0
3,1764043142.721427,766.0996823310852,456.0,759.0,432.0
3,1764043142.7513049,770.9721832275391,456.0,767.0,437.0
3,1764043142.7862577,775.640872001648,456.0,770.0,430.0
3,1764043142.820768,780.5124073028564,456.0,762.0,424.0
3,1764043142.86044,787.6537709236145,456.0,757.0,427.0
3,1764043142.9008663,792.4068956375122,456.0,769.0,425.0
3,1764043142.9455202,799.6022610664368,456.0,781.0,428.0
3,1764043142.9732146,804.5275120735168,456.0,784.0,443.0
3,1764043143.0153956,811.7381839752197,456.0,788.0,444.0
3,1764043143.0408046,814.0294699668884,456.0,845.0,418.0
3,1764043143.0754452,818.8878803253174,456.0,830.0,400.0
3,1764043143.1110847,823.691967010498,456.0,822.0,388.0
3,1764043143.1412883,828.4156947135925,456.0,822.0,375.0
3,1764043143.1756186,835.771635055542,456.0,834.0,378.0
3,1764043143.2054567,838.1378440856934,456.0,852.0,396.0
3,1764043143.2509592,845.3172950744629,456.0,868.0,411.0
3,1764043143.2915003,852.5419502258301,456.0,873.0,399.0
3,1764043143.322019,857.2109251022339,456.0,851.0,392.0
3,1764043143.3514366,859.6907525062561,456.0,847.0,383.0
3,1764043143.4025412,869.2412762641907,456.0,859.0,383.0
3,1764043143.4395132,874.0463643074036,456.0,864.0,384.0
3,1764043143.4671497,878.8649349212646,456.0,853.0,393.0
3,1764043143.5012877,883.6538224220276,456.0,846.0,392.0
3,1764043143.531223,888.4339480400085,456.0,842.0,381.0
3,1764043143.5658917,893.3222918510437,456.0,851.0,390.0
3,1764043143.600698,898.1214075088501,456.0,858.0,396.0
3,1764043143.635795,902.8029708862305,456.0,862.0,394.0
3,1764043143.6658382,907.6890258789062,456.0,865.0,382.0
3,1764043143.7006977,912.4687223434448,456.0,874.0,378.0
3,1764043143.7391593,919.6041493415833,456.0,891.0,387.0
3,1764043143.7658205,922.0425634384155,456.0,878.0,387.0
3,1764043143.8005552,929.2006282806396,456.0,847.0,354.0
3,1764043143.8359585,934.104850769043,456.0,859.0,359.0
3,1764043143.8836195,941.3059740066528,456.0,868.0,361.0
3,1764043143.9395566,948.5192923545837,456.0,877.0,370.0
3,1764043143.9794972,955.7268528938293,456.0,879.0,353.0
3,1764043144.0163434,960.5290441513062,456.0,863.0,346.0
3,1764043144.0612426,967.7360324859619,456.0,874.0,346.0
3,1764043144.0960367,972.4008231163025,456.0,884.0,349.0
3,1764043144.1260033,977.2109537124634,456.0,903.0,343.0
3,1764043144.1612206,982.1860580444336,456.0,906.0,354.0
3,1764043144.1956303,986.9450478553772,456.0,918.0,367.0
3,1764043144.2421598,994.1374092102051,456.0,924.0,355.0
3,1764043144.2836597,1001.2380747795105,456.0,927.0,346.0
3,1764043144.310427,1003.6377577781677,456.0,921.0,343.0
3,1764043144.340804,1008.4914116859436,456.0,904.0,344.0
3,1764043144.3754842,1015.7514719963074,456.0,915.0,343.0
3,1764043144.4098246,1018.0487303733826,456.0,931.0,350.0
3,1764043144.442646,1025.338044643402,456.0,924.0,402.0
3,1764043144.4762292,1030.0134568214417,456.0,942.0,412.0
3,1764043144.5064952,1034.8564176559448,456.0,948.0,399.0
3,1764043144.5422292,1039.6870403289795,456.0,937.0,381.0
3,1764043144.5760224,1044.555643081665,456.0,942.0,375.0
3,1764043144.6056995,1049.300756931305,456.0,960.0,391.0
3,1764043144.641144,1054.0716557502747,456.0,975.0,399.0
3,1764043144.6708405,1058.8337569236755,456.0,971.0,383.0
3,1764043144.7061794,1063.7385516166687,456.0,977.0,367.0
3,1764043144.7455847,1070.8570985794067,456.0,989.0,373.0
3,1764043144.770437,1073.2426195144653,456.0,1011.0,386.0
3,1764043144.8107843,1080.4444937705994,456.0,1015.0,389.0
3,1764043144.841812,1085.2487950325012,456.0,1022.0,397.0
3,1764043144.8754935,1090.0597839355469,456.0,1026.0,389.0
3,1764043144.9106264,1094.8394446372986,456.0,1024.0,392.0
3,1764043144.9510758,1099.7318296432495,456.0,1028.0,407.0
3,1764043144.9754157,1104.5045881271362,456.0,1036.0,419.0
3,1764043145.0115662,1109.367540359497,456.0,1053.0,402.0
3,1764043145.0609214,1116.4078741073608,456.0,1052.0,391.0
3,1764043145.0985973,1123.6954717636108,456.0,1045.0,395.0
3,1764043145.1354337,1128.5013465881348,456.0,1036.0,401.0
3,1764043145.170457,1133.326533317566,456.0,1053.0,397.0
3,1764043145.2055068,1138.1035833358765,456.0,1073.0,381.0
3,1764043145.246021,1145.392075061798,456.0,1078.0,380.0
3,1764043145.271113,1147.7826743125916,456.0,1076.0,386.0
3,1764043145.3065922,1154.8198609352112,456.0,1082.0,389.0
3,1764043145.3397605,1159.7193984985352,456.0,1090.0,388.0
3,1764043145.3709517,1164.473560333252,456.0,1086.0,386.0
3,1764043145.4029114,1169.267168521881,456.0,1087.0,391.0
3,1764043145.4363642,1174.0695385932922,456.0,1111.0,398.0
3,1764043145.4826,1181.350555896759,456.0,1124.0,388.0
3,1764043145.5209267,1186.1012845039368,456.0,1123.0,385.0
3,1764043145.5460198,1190.8706455230713,456.0,1114.0,398.0
3,1764043145.5782237,1195.6998376846313,456.0,1123.0,412.0
3,1764043145.6112058,1200.4914073944092,456.0,1141.0,410.0
3,1764043145.643668,1205.3012518882751,456.0,1148.0,380.0
3,1764043145.6812205,1210.1211099624634,456.0,1145.0,365.0
3,1764043145.7113345,1214.9398951530457,456.0,1136.0,377.0
3,1764043145.7459018,1219.7478799819946,456.0,1136.0,394.0
3,1764043145.7806249,1224.5457081794739,456.0,1145.0,398.0
3,1764043145.8191946,1231.6377549171448,456.0,1145.0,391.0
3,1764043145.855862,1236.540654182434,456.0,1134.0,386.0
3,1764043145.8906624,1241.2531881332397,456.0,1141.0,391.0
3,1764043145.9311352,1248.5008029937744,456.0,1135.0,397.0
3,1764043145.9785311,1255.6362657546997,456.0,1133.0,396.0
3,1764043146.0208344,1260.5481057167053,456.0,1149.0,399.0
3,1764043146.0614603,1267.632499217987,456.0,1159.0,401.0
3,1764043146.0919142,1272.429111480713,456.0,1169.0,391.0
3,1764043146.1420753,1279.6165018081665,456.0,1180.0,399.0
3,1764043146.17639,1284.4950108528137,456.0,1181.0,402.0
3,1764043146.2214694,1291.7179493904114,456.0,1178.0,405.0
3,1764043146.2505145,1296.435275554657,456.0,1178.0,401.0
3,1764043146.283021,1301.2422590255737,456.0,1185.0,415.0
3,1764043146.3161833,1306.0332922935486,456.0,1200.0,424.0
3,1764043146.3509266,1310.935118675232,456.0,1208.0,441.0
3,1764043146.386177,1315.6510858535767,456.0,1217.0,426.0
3,1764043146.416386,1320.5122499465942,456.0,1223.0,400.0
3,1764043146.453113,1325.336184978485,456.0,1219.0,393.0
3,1764043146.4861052,1330.0135283470154,456.0,1212.0,400.0
3,1764043146.5272892,1337.3717575073242,456.0,1208.0,424.0
3,1764043146.5607443,1342.072346687317,456.0,1213.0,431.0
3,1764043146.5867445,1346.9178109169006,456.0,1228.0,433.0
3,1764043146.618031,1351.6632823944092,456.0,1223.0,397.0
3,1764043146.6510243,1356.557813167572,456.0,1219.0,398.0
3,1764043146.6960406,1363.8349323272705,456.0,1227.0,387.0
3,1764043146.730983,1368.4025197029114,456.0,1231.0,377.0
3,1764043146.761983,1373.2497720718384,456.0,1228.0,379.0
3,1764043146.7912621,1375.6510286331177,456.0,1200.0,398.0
3,1764043146.821159,1380.4298667907715,456.0,1202.0,408.0
3,1764043146.8511202,1385.2978615760803,456.0,1213.0,407.0
3,1764043146.8855174,1390.0404362678528,456.0,1227.0,409.0
3,1764043146.9234967,1397.2875504493713,456.0,1227.0,418.0
3,1764043146.9562538,1402.0279078483582,456.0,1227.0,411.0
3,1764043146.987104,1406.8960456848145,456.0,1225.0,421.0
3,1764043147.0205483,1411.74662399292,456.0,1267.0,447.0
3,1764043147.0554852,1416.4357333183289,456.0,1278.0,430.0
3,1764043147.0865872,1421.2633876800537,456.0,1284.0,430.0
3,1764043147.1207287,1426.0260252952576,456.0,1293.0,422.0
3,1764043147.1516247,1430.9441595077515,456.0,1307.0,428.0
3,1764043147.1968846,1438.15043258667,456.0,1311.0,422.0
3,1764043147.2424948,1445.8030610084534,456.0,1318.0,400.0
3,1764043147.2925482,1452.5216727256775,456.0,1327.0,392.0
3,1764043147.339883,1459.623089313507,456.0,1331.0,409.0
3,1764043147.3657293,1462.1420769691467,456.0,1348.0,401.0
3,1764043147.3964822,1466.862943649292,456.0,1347.0,401.0
3,1764043147.4259796,1471.6541557312012,456.0,1329.0,408.0
3,1764043147.460857,1476.43989610672,456.0,1339.0,403.0
3,1764043147.4911797,1481.2825708389282,456.0,1358.0,404.0
3,1764043147.5255184,1486.1636190414429,456.0,1369.0,408.0
3,1764043147.561999,1493.25559425354,456.0,1368.0,410.0
3,1764043147.5866735,1495.606246471405,456.0,1363.0,423.0
3,1764043147.621067,1500.4283576011658,456.0,1374.0,428.0
3,1764043147.6596284,1507.6899557113647,456.0,1396.0,436.0
3,1764043147.6855845,1510.1337342262268,456.0,1416.0,425.0
3,1764043147.726117,1517.3235564231873,456.0,1404.0,428.0
3,1764043147.7560897,1522.0621256828308,456.0,1377.0,435.0
3,1764043147.7870672,1526.984158039093,456.0,1388.0,439.0
3,1764043147.8257554,1531.7429332733154,456.0,1414.0,434.0
3,1764043147.8558755,1536.4402322769165,456.0,1426.0,442.0
3,1764043147.8916585,1541.2755756378174,456.0,1412.0,450.0
3,1764043147.9263184,1546.030846118927,456.0,1408.0,461.0
3,1764043147.963288,1553.404667854309,456.0,1406.0,460.0
3,1764043147.9963255,1558.1420211791992,456.0,1402.0,447.0
3,1764043148.031138,1562.8403573036194,456.0,1400.0,449.0
3,1764043148.0604393,1567.6745920181274,456.0,1408.0,454.0
3,1764043148.0955923,1572.4177389144897,456.0,1432.0,453.0
3,1764043148.1308558,1577.208378791809,456.0,1463.0,448.0
3,1764043148.1667109,1582.04132604599,456.0,1462.0,443.0
3,1764043148.1956832,1586.8168382644653,456.0,1453.0,451.0
3,1764043148.2309704,1591.7258887290955,456.0,1463.0,456.0
3,1764043148.2604868,1596.510663509369,456.0,1478.0,462.0
3,1764043148.2991447,1603.6273865699768,456.0,1480.0,464.0
3,1764043148.3489869,1610.9457759857178,456.0,1477.0,467.0
3,1764043148.3857448,1615.653660774231,456.0,1483.0,450.0
3,1764043148.4304657,1622.8798179626465,456.0,1494.0,447.0
3,1764043148.4706311,1627.6530055999756,456.0,1510.0,444.0
3,1764043148.495398,1632.4230818748474,456.0,1516.0,452.0
3,1764043148.5310285,1637.4093799591064,456.0,1511.0,473.0
3,1764043148.5612323,1642.0311479568481,456.0,1500.0,479.0
3,1764043148.5963051,1646.8286900520325,456.0,1503.0,478.0
3,1764043148.6265216,1651.746645450592,456.0,1532.0,471.0
3,1764043148.66178,1656.5155057907104,456.0,1539.0,461.0
3,1764043148.69819,1663.6390237808228,456.0,1539.0,461.0
3,1764043148.7408237,1668.5648469924927,456.0,1534.0,481.0
3,1764043148.7811403,1675.6308941841125,456.0,1532.0,488.0
3,1764043148.8062153,1678.068986415863,456.0,1517.0,483.0
3,1764043148.843889,1685.3103070259094,456.0,1514.0,477.0
3,1764043148.8710804,1687.7713589668274,456.0,1516.0,470.0
3,1764043148.9064767,1694.914939880371,456.0,1517.0,464.0
3,1764043148.9404674,1699.7162013053894,456.0,1517.0,460.0
3,1764043148.975675,1704.4413595199585,456.0,1523.0,454.0
3,1764043149.00559,1709.2510251998901,456.0,1529.0,456.0
3,1764043149.0407567,1714.0318303108215,456.0,1555.0,459.0
3,1764043149.070598,1718.835452079773,456.0,1565.0,452.0
3,1764043149.1056855,1723.76975107193,456.0,1569.0,449.0
4,1764043149.1358156,1726.0172634124756,456.0,1556.0,443.0
4,1764043149.1708472,1726.0172634124756,456.0,1541.0,432.0
4,1764043149.196334,1726.0172634124756,456.0,1530.0,415.0
4,1764043149.2312613,1726.0172634124756,456.0,1523.0,412.0
4,1764043149.2605152,1726.0172634124756,456.0,1525.0,428.0
4,1764043149.2956624,1726.0172634124756,456.0,1518.0,437.0
4,1764043149.330818,1726.0172634124756,456.0,1514.0,444.0
4,1764043149.3663561,1726.0172634124756,456.0,1502.0,457.0
4,1764043149.4059381,1726.0172634124756,456.0,1511.0,459.0
4,1764043149.4462476,1726.0172634124756,456.0,1511.0,446.0
4,1764043149.476248,1726.0172634124756,456.0,1501.0,443.0
4,1764043149.51063,1726.0172634124756,456.0,1505.0,450.0
4,1764043149.5564666,1726.0172634124756,456.0,1520.0,461.0
4,1764043149.5960891,1726.0172634124756,456.0,1374.0,478.0
4,1764043149.6311243,180.42464542388916,549.0,879.0,535.0
4,1764043149.6658063,185.30197429656982,549.0,524.0,509.0
4,1764043149.705712,190.01354265213013,549.0,378.0,454.0
4,1764043149.7405405,197.37756538391113,549.0,388.0,458.0
4,1764043149.7796414,202.02583360671997,549.0,345.0,502.0
4,1764043149.8062162,206.85431051254272,549.0,315.0,498.0
4,1764043149.8357797,211.6634397506714,549.0,310.0,498.0
4,1764043149.8708549,216.42021226882935,549.0,317.0,498.0
4,1764043149.9208667,223.6309199333191,549.0,310.0,512.0
4,1764043149.9669347,230.87495851516724,549.0,271.0,564.0
4,1764043150.0016017,235.72643089294434,549.0,290.0,530.0
4,1764043150.0263364,238.13880968093872,549.0,301.0,532.0
4,1764043150.063231,245.2982692718506,549.0,309.0,525.0
4,1764043150.0960886,250.0505714416504,549.0,320.0,526.0
4,1764043150.1212165,252.53508377075195,549.0,333.0,528.0
4,1764043150.1563988,259.7563056945801,549.0,338.0,544.0
4,1764043150.2006156,264.5182638168335,549.0,346.0,567.0
4,1764043150.2458565,271.63999366760254,549.0,354.0,558.0
4,1764043150.2759433,276.51499795913696,549.0,356.0,559.0
4,1764043150.3106477,281.2574653625488,549.0,360.0,564.0
4,1764043150.3517597,288.5517864227295,549.0,355.0,576.0
4,1764043150.3916392,293.2733325958252,549.0,357.0,579.0
4,1764043150.4282742,298.07648944854736,549.0,366.0,567.0
4,1764043150.4713652,305.276074886322,549.0,373.0,550.0
4,1764043150.5144181,312.52064990997314,549.0,387.0,545.0
4,1764043150.5509453,317.2873287200928,549.0,397.0,568.0
4,1764043150.591011,324.48483991622925,549.0,391.0,568.0
4,1764043150.621615,329.2265205383301,549.0,395.0,567.0
4,1764043150.6597602,334.1419725418091,549.0,401.0,560.0
4,1764043150.7005427,341.3778929710388,549.0,410.0,555.0
4,1764043150.7454085,346.06414127349854,549.0,413.0,539.0
4,1764043150.776531,350.868549823761,549.0,413.0,516.0
4,1764043150.8011692,355.6844382286072,549.0,410.0,524.0
4,1764043150.855903,362.9546194076538,549.0,415.0,555.0
4,1764043150.8989534,370.0724868774414,549.0,425.0,570.0
4,1764043150.9357855,374.9436287879944,549.0,416.0,551.0
4,1764043150.9703934,379.6193985939026,549.0,415.0,537.0
4,1764043151.0087087,386.9211940765381,549.0,424.0,553.0
4,1764043151.035822,391.6697769165039,549.0,438.0,571.0
4,1764043151.0726252,396.5652017593384,549.0,444.0,562.0
4,1764043151.1108463,401.2917547225952,549.0,443.0,547.0
4,1764043151.1411817,406.00668478012085,549.0,447.0,528.0
4,1764043151.1836898,413.2119207382202,549.0,450.0,527.0
4,1764043151.2116518,415.73730993270874,549.0,460.0,519.0
4,1764043151.2414732,420.4406170845032,549.0,471.0,508.0
4,1764043151.2761972,427.72606897354126,549.0,474.0,510.0
4,1764043151.3116739,432.56531047821045,549.0,465.0,518.0
4,1764043151.3462117,437.2520594596863,549.0,461.0,521.0
4,1764043151.379537,442.05965089797974,549.0,490.0,533.0
4,1764043151.411092,446.9608693122864,549.0,491.0,550.0
4,1764043151.4466877,451.6312747001648,549.0,491.0,538.0
4,1764043151.4758248,456.45005989074707,549.0,496.0,535.0
4,1764043151.5107925,461.25679302215576,549.0,504.0,530.0
4,1764043151.545429,466.0631685256958,549.0,504.0,529.0
4,1764043151.5909297,473.29991149902344,549.0,505.0,520.0
4,1764043151.6362867,480.4290442466736,549.0,509.0,526.0
4,1764043151.675994,487.69557762145996,549.0,518.0,546.0
4,1764043151.7063136,490.1151804924011,549.0,515.0,552.0
4,1764043151.746391,497.2781090736389,549.0,519.0,543.0
4,1764043151.7708466,499.74878120422363,549.0,520.0,541.0
4,1764043151.8101325,506.8426876068115,549.0,526.0,532.0
4,1764043151.8417568,511.7307810783386,549.0,530.0,520.0
4,1764043151.8711736,516.5077953338623,549.0,536.0,504.0
4,1764043151.9061077,521.3411717414856,549.0,529.0,497.0
4,1764043151.9415715,526.1244444847107,549.0,524.0,495.0
4,1764043151.970793,530.9391527175903,549.0,546.0,507.0
4,1764043152.006138,535.6568722724915,549.0,550.0,504.0
4,1764043152.041322,540.5345945358276,549.0,546.0,505.0
4,1764043152.0762267,547.7304964065552,549.0,548.0,509.0
4,1764043152.1062236,550.1870064735413,549.0,554.0,518.0
4,1764043152.1404974,557.3711066246033,549.0,558.0,519.0
4,1764043152.1790729,562.058427810669,549.0,594.0,515.0
4,1764043152.2088144,566.988471031189,549.0,599.0,513.0
4,1764043152.240649,571.6556935310364,549.0,594.0,515.0
4,1764043152.2911997,578.8812069892883,549.0,588.0,505.0
4,1764043152.3303902,583.6854724884033,549.0,600.0,502.0
4,1764043152.356012,588.5506777763367,549.0,627.0,514.0
4,1764043152.3907547,593.2456879615784,549.0,635.0,524.0
4,1764043152.426554,598.0323581695557,549.0,626.0,520.0
4,1764043152.456677,602.8841524124146,549.0,626.0,497.0
4,1764043152.4905524,607.617178440094,549.0,629.0,500.0
4,1764043152.5286603,614.933708190918,549.0,628.0,502.0
4,1764043152.5557857,619.6643381118774,549.0,628.0,502.0
4,1764043152.5916557,624.5098023414612,549.0,630.0,502.0
4,1764043152.621394,629.2020587921143,549.0,641.0,502.0
4,1764043152.661262,634.0808539390564,549.0,642.0,503.0
4,1764043152.7039404,641.2058382034302,549.0,623.0,515.0
4,1764043152.7455962,646.0037021636963,549.0,628.0,519.0
4,1764043152.7858908,653.2042889595032,549.0,656.0,504.0
4,1764043152.8108664,655.6875495910645,549.0,642.0,511.0
4,1764043152.841196,660.5153470039368,549.0,627.0,516.0
4,1764043152.8754053,667.6072864532471,549.0,638.0,519.0
4,1764043152.9115934,672.5338249206543,549.0,650.0,522.0
4,1764043152.9480689,677.3417382240295,549.0,668.0,507.0
4,1764043152.9762347,682.1182160377502,549.0,676.0,508.0
4,1764043153.0104332,686.8066458702087,549.0,683.0,504.0
4,1764043153.060824,694.1106944084167,549.0,694.0,506.0
4,1764043153.1040063,701.2824206352234,549.0,704.0,505.0
4,1764043153.1304345,703.6103277206421,549.0,707.0,501.0
4,1764043153.1606324,708.5366158485413,549.0,708.0,503.0
4,1764043153.1962402,715.7325177192688,549.0,709.0,506.0
4,1764043153.2415087,720.4991250038147,549.0,708.0,517.0
4,1764043153.2815053,727.6954202651978,549.0,712.0,530.0
4,1764043153.3115644,732.5202851295471,549.0,705.0,528.0
4,1764043153.3454595,737.3056678771973,549.0,714.0,527.0
4,1764043153.375684,742.1567826271057,549.0,735.0,526.0
4,1764043153.4225204,749.213710308075,549.0,750.0,527.0
4,1764043153.4608018,754.0480523109436,549.0,758.0,522.0
4,1764043153.5041876,761.2771420478821,549.0,763.0,530.0
4,1764043153.5514233,768.5485391616821,549.0,768.0,528.0
4,1764043153.5762422,770.9206490516663,549.0,762.0,499.0
4,1764043153.6056037,775.6129770278931,549.0,765.0,506.0
4,1764043153.6410491,780.471387386322,549.0,774.0,523.0
4,1764043153.6758492,787.6738696098328,549.0,787.0,539.0
4,1764043153.714734,792.5270228385925,549.0,801.0,534.0
4,1764043153.7443054,797.3061113357544,549.0,787.0,498.0
4,1764043153.7808037,802.061381816864,549.0,782.0,502.0
4,1764043153.8255765,809.3354969024658,549.0,788.0,518.0
4,1764043153.865622,814.0789656639099,549.0,798.0,515.0
4,1764043153.8960347,818.8390641212463,549.0,812.0,511.0
4,1764043153.93081,823.6511616706848,549.0,814.0,512.0
4,1764043153.9648464,828.5488395690918,549.0,796.0,509.0
4,1764043154.0005176,835.7326536178589,549.0,793.0,507.0
4,1764043154.0329266,840.5571250915527,549.0,804.0,503.0
4,1764043154.0662322,845.3949360847473,549.0,809.0,508.0
4,1764043154.1004686,850.0636963844299,549.0,819.0,512.0
4,1764043154.1304379,854.8908500671387,549.0,808.0,508.0
4,1764043154.165894,859.6671133041382,549.0,792.0,501.0
4,1764043154.2011228,864.4697694778442,549.0,806.0,506.0
4,1764043154.2355404,871.6275482177734,549.0,834.0,520.0
4,1764043154.2667425,874.0550904273987,549.0,837.0,517.0
4,1764043154.3039074,881.3475518226624,549.0,836.0,514.0
4,1764043154.330858,883.7106137275696,549.0,834.0,502.0
4,1764043154.3691752,890.9921674728394,549.0,845.0,502.0
4,1764043154.3954592,895.6153659820557,549.0,844.0,505.0
4,1764043154.425882,898.0303554534912,549.0,848.0,495.0
4,1764043154.4664915,905.2940635681152,549.0,848.0,484.0
4,1764043154.4966698,910.0957899093628,549.0,847.0,485.0
4,1764043154.5278296,915.0004057884216,549.0,849.0,498.0
4,1764043154.5604558,919.6975259780884,549.0,858.0,504.0
4,1764043154.5957022,924.4219331741333,549.0,878.0,488.0
4,1764043154.6311228,929.3199687004089,549.0,891.0,481.0
4,1764043154.6554294,934.0083985328674,549.0,894.0,491.0
4,1764043154.7033312,941.3050084114075,549.0,892.0,495.0
4,1764043154.7410948,946.076229095459,549.0,893.0,486.0
4,1764043154.7682164,950.9025959968567,549.0,899.0,465.0
4,1764043154.8003633,955.603006362915,549.0,907.0,462.0
4,1764043154.840738,960.5341582298279,549.0,918.0,473.0
4,1764043154.882,967.6990180015564,549.0,933.0,489.0
4,1764043154.928333,974.9222068786621,549.0,937.0,497.0
4,1764043154.961093,979.6700029373169,549.0,934.0,507.0
4,1764043155.007475,986.9003443717957,549.0,933.0,492.0
4,1764043155.0507202,991.7082576751709,549.0,940.0,499.0
4,1764043155.0804,996.4860229492188,549.0,949.0,500.0
4,1764043155.1161082,1003.7127165794373,549.0,964.0,502.0
4,1764043155.1460345,1006.0115842819214,549.0,966.0,511.0
4,1764043155.1804814,1013.3687047958374,549.0,956.0,505.0
4,1764043155.2113883,1015.7514004707336,549.0,944.0,491.0
4,1764043155.2411234,1020.4536347389221,549.0,952.0,488.0
4,1764043155.2714546,1025.222924232483,549.0,962.0,488.0
4,1764043155.306274,1030.0153522491455,549.0,956.0,492.0
4,1764043155.3532305,1037.2483043670654,549.0,975.0,497.0
4,1764043155.3764913,1042.0894770622253,549.0,987.0,507.0
4,1764043155.4107146,1046.8938856124878,549.0,992.0,499.0
4,1764043155.4466588,1051.705768585205,549.0,998.0,492.0
4,1764043155.4760034,1056.5399317741394,549.0,994.0,486.0
4,1764043155.505685,1061.3447694778442,549.0,1004.0,501.0
4,1764043155.5407677,1066.064956665039,549.0,1010.0,512.0
4,1764043155.5760536,1070.8792715072632,549.0,1007.0,500.0
4,1764043155.6110518,1075.6083636283875,549.0,1010.0,493.0
4,1764043155.6504912,1082.8658847808838,549.0,1023.0,493.0
4,1764043155.6855068,1087.675371646881,549.0,1024.0,512.0
4,1764043155.7109184,1092.4357919692993,549.0,1019.0,521.0
4,1764043155.7439494,1097.240379333496,549.0,1027.0,506.0
4,1764043155.7810574,1102.134624004364,549.0,1025.0,491.0
4,1764043155.8106165,1106.9148211479187,549.0,1022.0,482.0
4,1764043155.8560152,1114.1921191215515,549.0,1028.0,498.0
4,1764043155.9037411,1121.259346485138,549.0,1046.0,505.0
4,1764043155.9261003,1123.7497596740723,549.0,1043.0,490.0
4,1764043155.976422,1130.9427289962769,549.0,1042.0,485.0
4,1764043156.021255,1138.044252872467,549.0,1057.0,489.0
4,1764043156.0565042,1142.930236339569,549.0,1063.0,510.0
4,1764043156.0980964,1150.1853613853455,549.0,1066.0,520.0
4,1764043156.1306384,1154.873540878296,549.0,1091.0,503.0
4,1764043156.1605294,1159.703519821167,549.0,1090.0,491.0
4,1764043156.191765,1164.4593267440796,549.0,1068.0,503.0
4,1764043156.2262592,1169.2655234336853,549.0,1070.0,515.0
4,1764043156.2613041,1174.084487438202,549.0,1081.0,524.0
4,1764043156.2912745,1178.8490920066833,549.0,1111.0,521.0
4,1764043156.331046,1183.6751012802124,549.0,1111.0,503.0
4,1764043156.3605137,1188.429334640503,549.0,1108.0,510.0
4,1764043156.3961005,1195.7115678787231,549.0,1105.0,534.0
4,1764043156.4350247,1200.5263476371765,549.0,1114.0,526.0
4,1764043156.4635603,1205.312695980072,549.0,1126.0,521.0
4,1764043156.4910285,1207.7025799751282,549.0,1132.0,536.0
4,1764043156.520855,1212.4506621360779,549.0,1139.0,515.0
4,1764043156.551333,1217.2161965370178,549.0,1138.0,495.0
4,1764043156.585603,1222.1242814064026,549.0,1150.0,488.0
4,1764043156.6157153,1226.952865600586,549.0,1157.0,496.0
4,1764043156.6507556,1231.7536263465881,549.0,1179.0,496.0
4,1764043156.681231,1236.6074948310852,549.0,1194.0,494.0
4,1764043156.7164133,1243.75847864151,549.0,1188.0,492.0
4,1764043156.7670648,1250.8663682937622,549.0,1194.0,502.0
4,1764043156.8055372,1255.6435256004333,549.0,1185.0,521.0
4,1764043156.835673,1260.4464321136475,549.0,1167.0,536.0
4,1764043156.8715103,1265.2487664222717,549.0,1190.0,536.0
4,1764043156.901414,1270.0040369033813,549.0,1215.0,534.0
4,1764043156.9359784,1274.8060851097107,549.0,1207.0,533.0
4,1764043156.9706397,1279.6517996788025,549.0,1202.0,535.0
4,1764043157.0009472,1284.4873933792114,549.0,1215.0,538.0
4,1764043157.0414007,1291.6093378067017,549.0,1217.0,529.0
4,1764043157.0882454,1298.90265750885,549.0,1212.0,527.0
4,1764043157.1254356,1303.6914377212524,549.0,1205.0,535.0
4,1764043157.1708057,1310.8745007514954,549.0,1188.0,535.0
4,1764043157.211505,1315.6924633979797,549.0,1216.0,532.0
4,1764043157.24072,1320.4280285835266,549.0,1232.0,527.0
4,1764043157.2753916,1327.6052265167236,549.0,1231.0,516.0
4,1764043157.3154886,1332.414176940918,549.0,1249.0,515.0
4,1764043157.343129,1337.3097805976868,549.0,1272.0,511.0
4,1764043157.3813586,1342.0744924545288,549.0,1309.0,500.0
4,1764043157.4107854,1346.8731789588928,549.0,1301.0,496.0
4,1764043157.4463217,1351.6299514770508,549.0,1294.0,502.0
4,1764043157.475999,1356.5497665405273,549.0,1284.0,496.0
4,1764043157.510685,1361.2792520523071,549.0,1272.0,495.0
4,1764043157.5464427,1366.062345981598,549.0,1281.0,507.0
4,1764043157.5757525,1370.815613746643,549.0,1300.0,522.0
4,1764043157.6107183,1375.7657556533813,549.0,1311.0,530.0
4,1764043157.6412826,1380.5014638900757,549.0,1311.0,500.0
4,1764043157.6864471,1387.6791982650757,549.0,1318.0,489.0
4,1764043157.721392,1392.4988775253296,549.0,1303.0,500.0
4,1764043157.7507062,1397.2498564720154,549.0,1299.0,524.0
4,1764043157.7861683,1402.0783333778381,549.0,1301.0,530.0
4,1764043157.8227386,1409.2044978141785,549.0,1297.0,535.0
4,1764043157.8659787,1414.094057559967,549.0,1300.0,515.0
4,1764043157.9035883,1421.2279825210571,549.0,1309.0,510.0
4,1764043157.9310815,1423.797038078308,549.0,1310.0,530.0
4,1764043157.967578,1430.8239250183105,549.0,1303.0,546.0
4,1764043157.9956496,1435.6439261436462,549.0,1331.0,542.0
4,1764043158.0316398,1440.4317049980164,549.0,1343.0,539.0
4,1764043158.0635133,1445.3138618469238,549.0,1348.0,533.0
4,1764043158.0963144,1450.0990300178528,549.0,1354.0,537.0
4,1764043158.136343,1454.8312692642212,549.0,1370.0,540.0
4,1764043158.1813009,1462.0510249137878,549.0,1368.0,538.0
4,1764043158.2173643,1466.9001369476318,549.0,1359.0,548.0
4,1764043158.2562194,1474.1002230644226,549.0,1400.0,566.0
4,1764043158.2866137,1478.8094668388367,549.0,1418.0,553.0
4,1764043158.320423,1483.6632995605469,549.0,1413.0,540.0
4,1764043158.3608718,1488.5064392089844,549.0,1406.0,553.0
4,1764043158.3907113,1493.3502941131592,549.0,1420.0,570.0
4,1764043158.4209087,1498.0858235359192,549.0,1425.0,576.0
4,1764043158.4558828,1502.9196290969849,549.0,1412.0,559.0
4,1764043158.480944,1507.6314477920532,549.0,1420.0,557.0
4,1764043158.5159106,1512.4988346099854,549.0,1444.0,581.0
4,1764043158.546708,1517.283573627472,549.0,1473.0,587.0
4,1764043158.5916936,1524.4825510978699,549.0,1469.0,584.0
4,1764043158.634374,1529.394498348236,549.0,1457.0,579.0
4,1764043158.6612995,1534.1466932296753,549.0,1457.0,558.0
4,1764043158.6956842,1538.9283208847046,549.0,1450.0,549.0
4,1764043158.7315407,1543.611493587494,549.0,1459.0,555.0
4,1764043158.761332,1548.458710193634,549.0,1469.0,562.0
4,1764043158.7915807,1553.203287601471,549.0,1469.0,566.0
4,1764043158.8261456,1558.0753593444824,549.0,1466.0,570.0
4,1764043158.8675234,1565.2176885604858,549.0,1521.0,577.0
4,1764043158.8911831,1567.6368265151978,549.0,1533.0,564.0
4,1764043158.9288833,1574.9548225402832,549.0,1547.0,561.0
4,1764043158.9667501,1579.6648173332214,549.0,1549.0,568.0
4,1764043159.008048,1586.8889360427856,549.0,1547.0,552.0
4,1764043159.0460362,1591.6815428733826,549.0,1537.0,545.0
4,1764043159.088954,1598.9609508514404,549.0,1548.0,542.0
4,1764043159.1211262,1603.6743431091309,549.0,1554.0,545.0
4,1764043159.155494,1608.4237842559814,549.0,1556.0,548.0
4,1764043159.1961563,1615.7199292182922,549.0,1554.0,541.0
4,1764043159.2412345,1620.4856781959534,549.0,1546.0,533.0
4,1764043159.2861516,1627.6716737747192,549.0,1527.0,530.0
4,1764043159.335745,1634.819725036621,549.0,1515.0,497.0
4,1764043159.371718,1639.7233753204346,549.0,1526.0,495.0
4,1764043159.407936,1646.8764691352844,549.0,1550.0,522.0
4,1764043159.4404333,1651.7105965614319,549.0,1576.0,545.0
4,1764043159.4812334,1656.4926176071167,549.0,1564.0,552.0
4,1764043159.520961,1663.7298254966736,549.0,1539.0,544.0
4,1764043159.5679715,1670.8128242492676,549.0,1522.0,527.0
4,1764043159.6033127,1675.7824568748474,549.0,1558.0,517.0
4,1764043159.63644,1680.4282574653625,549.0,1566.0,522.0
4,1764043159.6754565,1687.6149682998657,549.0,1534.0,537.0
4,1764043159.716713,1692.5620346069336,549.0,1514.0,510.0
4,1764043159.7612083,1699.688950061798,549.0,1530.0,496.0
4,1764043159.801358,1704.5401005744934,549.0,1546.0,496.0
4,1764043159.8367324,1711.8063478469849,549.0,1559.0,493.0
4,1764043159.8758085,1716.4125590324402,549.0,1578.0,492.0
4,1764043159.910564,1721.3600544929504,549.0,1600.0,503.0
5,1764043159.9513109,1726.0027437210083,549.0,1620.0,514.0
5,1764043159.98626,1726.0027437210083,549.0,1596.0,521.0
5,1764043160.0203977,1726.0027437210083,549.0,1587.0,508.0
5,1764043160.051015,1726.0027437210083,549.0,1607.0,490.0
5,1764043160.08053,1726.0027437210083,549.0,1617.0,501.0
5,1764043160.121389,1726.0027437210083,549.0,1625.0,520.0
5,1764043160.1565578,1726.0027437210083,549.0,1637.0,548.0
5,1764043160.1904886,1726.0027437210083,549.0,1649.0,560.0
5,1764043160.226275,1726.0027437210083,549.0,1630.0,568.0
5,1764043160.260898,1726.0027437210083,549.0,1626.0,580.0
5,1764043160.2960203,1726.0027437210083,549.0,1526.0,607.0
5,1764043160.3359635,1726.0027437210083,549.0,1118.0,626.0
5,1764043160.381042,1726.0027437210083,549.0,689.0,682.0
5,1764043160.4157372,1726.0027437210083,549.0,505.0,749.0
5,1764043160.4554026,180.55078077316284,642.0,445.0,750.0
5,1764043160.4904356,185.29410648345947,642.0,463.0,700.0
5,1764043160.5261354,190.03914880752563,642.0,435.0,696.0
5,1764043160.566321,197.28311586380005,642.0,426.0,703.0
5,1764043160.6010604,202.0251898765564,642.0,421.0,706.0
5,1764043160.6404667,209.29479885101318,642.0,420.0,706.0
5,1764043160.6761885,214.05464696884155,642.0,348.0,735.0
5,1764043160.7160769,218.91548919677734,642.0,379.0,709.0
5,1764043160.7460818,223.76406478881836,642.0,405.0,689.0
5,1764043160.7866998,230.91647911071777,642.0,404.0,695.0
5,1764043160.820854,235.73401260375977,642.0,405.0,699.0
5,1764043160.8611648,240.460458278656,642.0,378.0,703.0
5,1764043160.903726,247.63744163513184,642.0,396.0,703.0
5,1764043160.947913,254.89085006713867,642.0,410.0,691.0
5,1764043160.9756508,257.25673723220825,642.0,398.0,666.0
5,1764043161.0160453,264.4114761352539,642.0,386.0,644.0
5,1764043161.051311,269.32635593414307,642.0,397.0,666.0
5,1764043161.092564,276.4385371208191,642.0,394.0,676.0
5,1764043161.1254625,281.2054662704468,642.0,408.0,648.0
5,1764043161.1720207,288.46996116638184,642.0,425.0,611.0
5,1764043161.2042434,293.2117848396301,642.0,434.0,622.0
5,1764043161.2408333,298.0238823890686,642.0,437.0,627.0
5,1764043161.2853897,305.2047996520996,642.0,439.0,615.0
5,1764043161.3156457,310.12257623672485,642.0,428.0,618.0
5,1764043161.3567686,314.9181156158447,642.0,424.0,625.0
5,1764043161.401026,322.01034116744995,642.0,423.0,622.0
5,1764043161.4358883,326.8779067993164,642.0,435.0,612.0
5,1764043161.4812098,334.0527443885803,642.0,452.0,615.0
5,1764043161.5242817,341.2632374763489,642.0,485.0,620.0
5,1764043161.5558853,346.13613176345825,642.0,494.0,613.0
5,1764043161.591439,351.25897216796875,642.0,499.0,616.0
5,1764043161.6387622,358.10411262512207,642.0,496.0,625.0
5,1764043161.6808043,365.34543323516846,642.0,490.0,624.0
5,1764043161.7211633,370.00053215026855,642.0,480.0,618.0
5,1764043161.7656338,377.25944805145264,642.0,488.0,606.0
5,1764043161.790826,379.6536235809326,642.0,507.0,599.0
5,1764043161.829292,386.95105600357056,642.0,522.0,598.0
5,1764043161.8605793,391.6006832122803,642.0,525.0,601.0
5,1764043161.9006515,396.4912443161011,642.0,517.0,629.0
5,1764043161.9359012,401.2925772666931,642.0,509.0,641.0
5,1764043161.9730153,408.4233193397522,642.0,491.0,645.0
5,1764043162.0111947,413.2939248085022,642.0,490.0,635.0
5,1764043162.0551932,420.55863428115845,642.0,499.0,620.0
5,1764043162.0893662,425.23604917526245,642.0,510.0,615.0
5,1764043162.1257963,430.0748257637024,642.0,515.0,622.0
5,1764043162.1630208,437.21887159347534,642.0,508.0,627.0
5,1764043162.201168,442.1597867012024,642.0,498.0,626.0
5,1764043162.2408557,449.3531494140625,642.0,497.0,632.0
5,1764043162.2809408,454.01075172424316,642.0,505.0,628.0
5,1764043162.3160617,458.90531826019287,642.0,529.0,607.0
5,1764043162.3559887,466.13884258270264,642.0,527.0,599.0
5,1764043162.389152,470.81572103500366,642.0,529.0,614.0
5,1764043162.4229288,475.75205850601196,642.0,536.0,620.0
5,1764043162.4612684,480.4277925491333,642.0,549.0,621.0
5,1764043162.5007734,487.71288681030273,642.0,546.0,609.0
5,1764043162.5556774,494.8202042579651,642.0,547.0,609.0
5,1764043162.5963368,502.0768313407898,642.0,548.0,603.0
5,1764043162.6362264,506.971791267395,642.0,547.0,634.0
5,1764043162.675858,514.1434817314148,642.0,560.0,638.0
5,1764043162.710448,518.9206032752991,642.0,563.0,643.0
5,1764043162.7512572,523.6054210662842,642.0,556.0,650.0
5,1764043162.7815263,528.4944801330566,642.0,542.0,637.0
5,1764043162.826284,535.6140642166138,642.0,545.0,629.0
5,1764043162.867214,542.8178696632385,642.0,556.0,654.0
5,1764043162.8956313,545.339289188385,642.0,571.0,648.0
5,1764043162.9321241,552.4118094444275,642.0,587.0,621.0
5,1764043162.971345,557.2288422584534,642.0,586.0,620.0
5,1764043163.0118365,564.5137934684753,642.0,562.0,638.0
5,1764043163.0463285,569.3602232933044,642.0,566.0,641.0
5,1764043163.0860717,574.0962891578674,642.0,596.0,645.0
5,1764043163.126049,581.3465147018433,642.0,611.0,641.0
5,1764043163.1608436,586.1665515899658,642.0,618.0,632.0
5,1764043163.2073617,593.2602791786194,642.0,625.0,618.0
5,1764043163.2386322,598.0144052505493,642.0,626.0,613.0
5,1764043163.2758334,602.8813629150391,642.0,632.0,617.0
5,1764043163.3154092,610.0721864700317,642.0,626.0,622.0
5,1764043163.35574,614.8245601654053,642.0,622.0,630.0
5,1764043163.3906372,619.7139768600464,642.0,627.0,619.0
5,1764043163.4272964,626.8103866577148,642.0,651.0,623.0
5,1764043163.4661143,631.6524176597595,642.0,656.0,640.0
5,1764043163.508254,638.8370184898376,642.0,656.0,638.0
5,1764043163.5412054,643.6393527984619,642.0,658.0,616.0
5,1764043163.591753,650.8431582450867,642.0,679.0,603.0
5,1764043163.646241,658.0665259361267,642.0,690.0,593.0
5,1764043163.6863685,665.2008800506592,642.0,702.0,586.0
5,1764043163.7318985,672.4812893867493,642.0,708.0,599.0
5,1764043163.7608073,677.3458867073059,642.0,719.0,599.0
5,1764043163.797002,682.1632056236267,642.0,729.0,592.0
5,1764043163.8314962,686.9496612548828,642.0,743.0,594.0
5,1764043163.8706386,691.7159824371338,642.0,736.0,595.0
5,1764043163.9091635,698.9328055381775,642.0,718.0,587.0
5,1764043163.9409628,703.6798505783081,642.0,721.0,591.0
5,1764043163.9761596,708.5123329162598,642.0,739.0,596.0
5,1764043164.016129,713.2965354919434,642.0,736.0,600.0
5,1764043164.0603948,720.5753712654114,642.0,730.0,604.0
5,1764043164.0965538,725.3324656486511,642.0,731.0,599.0
5,1764043164.1321461,732.4482231140137,642.0,753.0,602.0
5,1764043164.160932,737.3646049499512,642.0,754.0,592.0
5,1764043164.2010639,742.0145540237427,642.0,762.0,579.0
5,1764043164.245427,749.2884902954102,642.0,769.0,579.0
5,1764043164.2768445,754.1361002922058,642.0,779.0,584.0
5,1764043164.3160539,758.9111475944519,642.0,782.0,584.0
5,1764043164.3554666,766.0094885826111,642.0,787.0,587.0
5,1764043164.4057562,773.2389717102051,642.0,792.0,593.0
5,1764043164.4383864,778.1405119895935,642.0,797.0,593.0
5,1764043164.4675303,782.8186779022217,642.0,796.0,586.0
5,1764043164.5059931,787.7368836402893,642.0,786.0,579.0
5,1764043164.5405226,792.4843935966492,642.0,793.0,586.0
5,1764043164.5755634,797.27170753479,642.0,795.0,579.0
5,1764043164.6122391,804.4085650444031,642.0,789.0,573.0
5,1764043164.6512413,809.2151551246643,642.0,778.0,589.0
5,1764043164.6921957,816.4113430976868,642.0,787.0,604.0
5,1764043164.731603,821.2243704795837,642.0,787.0,616.0
5,1764043164.7748923,828.4111886024475,642.0,782.0,623.0
5,1764043164.824858,835.7225685119629,642.0,774.0,629.0
5,1764043164.8564298,840.4793767929077,642.0,783.0,629.0
5,1764043164.8904407,845.2222018241882,642.0,814.0,631.0
5,1764043164.9209216,850.0861554145813,642.0,797.0,612.0
5,1764043164.9634569,857.2545914649963,642.0,785.0,607.0
5,1764043164.9912698,859.709098815918,642.0,781.0,605.0
5,1764043165.0361319,866.967227935791,642.0,793.0,609.0
5,1764043165.070845,871.6703205108643,642.0,814.0,607.0
5,1764043165.10748,878.8090376853943,642.0,823.0,592.0
5,1764043165.141428,883.746591091156,642.0,847.0,590.0
5,1764043165.1806045,888.4629158973694,642.0,865.0,610.0
5,1764043165.2255962,895.6060676574707,642.0,873.0,611.0
5,1764043165.252972,900.5458383560181,642.0,875.0,601.0
5,1764043165.2911143,905.2149205207825,642.0,919.0,600.0
5,1764043165.3260221,910.1062326431274,642.0,936.0,587.0
5,1764043165.3567364,914.8166923522949,642.0,936.0,578.0
5,1764043165.3969533,922.1465258598328,642.0,922.0,579.0
5,1764043165.4362364,926.9573359489441,642.0,914.0,585.0
5,1764043165.4758406,934.11572265625,642.0,926.0,594.0
5,1764043165.510689,938.8780026435852,642.0,949.0,609.0
5,1764043165.546919,943.705406665802,642.0,945.0,616.0
5,1764043165.595834,950.9406118392944,642.0,918.0,621.0
5,1764043165.6308918,955.664840221405,642.0,917.0,618.0
5,1764043165.6611552,960.5507521629333,642.0,922.0,611.0
5,1764043165.6965013,965.2552752494812,642.0,924.0,608.0
5,1764043165.735481,972.4577932357788,642.0,923.0,613.0
5,1764043165.7810123,979.7620921134949,642.0,924.0,629.0
5,1764043165.828588,986.8673710823059,642.0,921.0,631.0
5,1764043165.8713841,991.6906266212463,642.0,934.0,629.0
5,1764043165.9088333,998.8707213401794,642.0,957.0,625.0
5,1764043165.9507642,1003.7530927658081,642.0,966.0,622.0
5,1764043165.9879875,1010.934832572937,642.0,974.0,616.0
5,1764043166.0213892,1015.7569079399109,642.0,984.0,605.0
5,1764043166.0680492,1022.9512720108032,642.0,992.0,607.0
5,1764043166.1005383,1027.6150255203247,642.0,999.0,618.0
5,1764043166.1408048,1032.4626712799072,642.0,1007.0,632.0
5,1764043166.1814497,1039.746907234192,642.0,1018.0,637.0
5,1764043166.2160735,1044.4863348007202,642.0,1020.0,614.0
5,1764043166.250615,1049.2122440338135,642.0,1003.0,590.0
5,1764043166.2856674,1054.0638236999512,642.0,1002.0,594.0
5,1764043166.3205812,1061.3119750022888,642.0,1008.0,615.0
5,1764043166.3611412,1066.1932735443115,642.0,1017.0,603.0
5,1764043166.3966756,1070.915141582489,642.0,1043.0,579.0
5,1764043166.4358149,1078.1436591148376,642.0,1054.0,598.0
5,1764043166.4714212,1082.8759698867798,642.0,1062.0,597.0
5,1764043166.506603,1087.679090976715,642.0,1055.0,579.0
5,1764043166.5471578,1094.849672794342,642.0,1050.0,574.0
5,1764043166.5812378,1099.6322660446167,642.0,1042.0,577.0
5,1764043166.6161132,1104.543927192688,642.0,1048.0,590.0
5,1764043166.651366,1109.2264561653137,642.0,1069.0,597.0
5,1764043166.6919382,1116.5356903076172,642.0,1067.0,602.0
5,1764043166.725389,1121.3221459388733,642.0,1069.0,604.0
5,1764043166.7660394,1126.0270266532898,642.0,1094.0,596.0
5,1764043166.8073251,1133.2518606185913,642.0,1123.0,606.0
5,1764043166.8410895,1138.1633429527283,642.0,1129.0,611.0
5,1764043166.8753903,1142.810574054718,642.0,1130.0,598.0
5,1764043166.9213037,1150.1291780471802,642.0,1137.0,599.0
5,1764043166.964586,1157.2684316635132,642.0,1140.0,603.0
5,1764043167.005654,1162.1280579566956,642.0,1141.0,598.0
5,1764043167.0441751,1169.247320175171,642.0,1140.0,570.0
5,1764043167.0807068,1174.1151719093323,642.0,1169.0,599.0
5,1764043167.1206307,1181.3194065093994,642.0,1165.0,604.0
5,1764043167.1612902,1186.1177711486816,642.0,1159.0,597.0
5,1764043167.1962597,1190.8501176834106,642.0,1172.0,609.0
5,1764043167.2311795,1195.6348567008972,642.0,1177.0,612.0
5,1764043167.2706013,1202.8424887657166,642.0,1175.0,606.0
5,1764043167.307748,1207.7285795211792,642.0,1164.0,588.0
5,1764043167.3468843,1214.8086457252502,642.0,1185.0,596.0
5,1764043167.3862917,1219.6943788528442,642.0,1200.0,612.0
5,1764043167.420936,1224.4670658111572,642.0,1211.0,611.0
5,1764043167.4606924,1231.6823868751526,642.0,1187.0,600.0
5,1764043167.5004945,1236.4463477134705,642.0,1191.0,580.0
5,1764043167.536208,1241.3390188217163,642.0,1188.0,565.0
5,1764043167.5757565,1248.4908967018127,642.0,1167.0,581.0
5,1764043167.6108959,1253.2135872840881,642.0,1157.0,608.0
5,1764043167.64657,1258.1295757293701,642.0,1168.0,624.0
5,1764043167.686251,1265.3396754264832,642.0,1185.0,628.0
5,1764043167.7256265,1270.0152306556702,642.0,1186.0,621.0
5,1764043167.7646294,1277.2544770240784,642.0,1227.0,605.0
5,1764043167.805738,1282.131519794464,642.0,1245.0,610.0
5,1764043167.8462634,1289.403203010559,642.0,1224.0,629.0
5,1764043167.886344,1294.0554766654968,642.0,1210.0,616.0
5,1764043167.9310982,1301.235821723938,642.0,1218.0,598.0
5,1764043167.9659858,1306.122091293335,642.0,1245.0,599.0
5,1764043168.0111067,1313.3464245796204,642.0,1267.0,622.0
5,1764043168.071852,1322.921588897705,642.0,1260.0,626.0
5,1764043168.1057591,1327.6224641799927,642.0,1226.0,617.0
5,1764043168.1488216,1334.9478273391724,642.0,1233.0,631.0
5,1764043168.1816785,1339.6438031196594,642.0,1261.0,637.0
5,1764043168.2160048,1344.428828239441,642.0,1254.0,619.0
5,1764043168.2560053,1349.3021874427795,642.0,1254.0,604.0
5,1764043168.29586,1356.5188674926758,642.0,1270.0,606.0
5,1764043168.3360312,1361.3215594291687,642.0,1289.0,614.0
5,1764043168.371449,1368.493392944336,642.0,1280.0,596.0
5,1764043168.4058542,1373.3036665916443,642.0,1281.0,584.0
5,1764043168.445667,1378.1064658164978,642.0,1291.0,607.0
5,1764043168.4862974,1385.3466777801514,642.0,1294.0,620.0
5,1764043168.5208101,1390.1663212776184,642.0,1301.0,583.0
5,1764043168.5566006,1394.8899774551392,642.0,1308.0,590.0
5,1764043168.5914838,1399.7545747756958,642.0,1308.0,584.0
5,1764043168.62936,1406.9952158927917,642.0,1334.0,581.0
5,1764043168.6605544,1411.6338996887207,642.0,1349.0,569.0
5,1764043168.7007284,1416.454794883728,642.0,1344.0,565.0
5,1764043168.7467825,1423.7471132278442,642.0,1330.0,575.0
5,1764043168.7878082,1430.890408039093,642.0,1354.0,587.0
5,1764043168.82114,1435.699465751648,642.0,1357.0,597.0
5,1764043168.8606458,1440.4140739440918,642.0,1355.0,603.0
5,1764043168.8961277,1445.247450351715,642.0,1361.0,592.0
5,1764043168.9329932,1452.4959950447083,642.0,1352.0,599.0
5,1764043168.9657853,1457.2009115219116,642.0,1354.0,606.0
5,1764043169.0005276,1462.110426902771,642.0,1363.0,596.0
5,1764043169.0454242,1469.2689924240112,642.0,1359.0,579.0
5,1764043169.0924594,1476.442828655243,642.0,1373.0,584.0
5,1764043169.1311092,1481.259289264679,642.0,1401.0,589.0
5,1764043169.1806505,1488.4925990104675,642.0,1390.0,579.0
5,1764043169.215944,1493.2106761932373,642.0,1413.0,574.0
5,1764043169.252411,1500.4620819091797,642.0,1421.0,585.0
5,1764043169.2908554,1505.2279024124146,642.0,1429.0,592.0
5,1764043169.332595,1512.4894647598267,642.0,1440.0,587.0
5,1764043169.3755376,1517.3425822257996,642.0,1453.0,587.0
5,1764043169.4115014,1524.4766144752502,642.0,1439.0,594.0
5,1764043169.4442532,1529.2643575668335,642.0,1430.0,599.0
5,1764043169.4757833,1534.0090780258179,642.0,1452.0,599.0
5,1764043169.511903,1539.0042810440063,642.0,1483.0,583.0
5,1764043169.5430703,1543.7275080680847,642.0,1512.0,589.0
5,1764043169.5806506,1548.514965057373,642.0,1500.0,599.0
5,1764043169.6064904,1553.3174781799316,642.0,1512.0,613.0
5,1764043169.640639,1558.0406694412231,642.0,1522.0,621.0
5,1764043169.6760375,1562.863567352295,642.0,1531.0,619.0
5,1764043169.7062159,1567.7407174110413,642.0,1515.0,613.0
5,1764043169.7404869,1572.42617893219,642.0,1517.0,606.0
5,1764043169.7755551,1577.269962310791,642.0,1541.0,630.0
5,1764043169.8114843,1584.4349293708801,642.0,1555.0,648.0
5,1764043169.835548,1586.8979840278625,642.0,1567.0,662.0
5,1764043169.8712583,1591.63605260849,642.0,1568.0,664.0
5,1764043169.911158,1598.810317993164,642.0,1573.0,662.0
5,1764043169.9454205,1603.6552815437317,642.0,1573.0,670.0
5,1764043169.9758976,1608.5477380752563,642.0,1569.0,656.0
5,1764043170.011399,1613.3709936141968,642.0,1565.0,622.0
5,1764043170.0459986,1618.1201486587524,642.0,1565.0,612.0
5,1764043170.0782588,1622.9100375175476,642.0,1580.0,617.0
5,1764043170.126244,1630.0170331001282,642.0,1580.0,608.0
5,1764043170.17114,1637.3019485473633,642.0,1571.0,602.0
5,1764043170.2063382,1642.0275359153748,642.0,1584.0,610.0
5,1764043170.2458935,1649.3110566139221,642.0,1587.0,634.0
5,1764043170.296126,1656.5531640052795,642.0,1578.0,652.0
5,1764043170.3363028,1661.3500981330872,642.0,1602.0,648.0
5,1764043170.3606825,1666.0381345748901,642.0,1616.0,624.0
5,1764043170.3906765,1670.8244829177856,642.0,1614.0,623.0
5,1764043170.4260976,1675.6820349693298,642.0,1617.0,633.0
5,1764043170.4607892,1680.5424480438232,642.0,1617.0,626.0
5,1764043170.4961991,1685.253658771515,642.0,1599.0,633.0
5,1764043170.5261412,1690.0299577713013,642.0,1599.0,631.0
5,1764043170.556418,1694.821849346161,642.0,1607.0,631.0
5,1764043170.5904949,1699.6413855552673,642.0,1600.0,623.0
5,1764043170.620592,1704.524007320404,642.0,1588.0,625.0
5,1764043170.6568356,1709.2472701072693,642.0,1589.0,632.0
5,1764043170.7016346,1716.5441303253174,642.0,1606.0,644.0
5,1764043170.7409012,1723.666217803955,642.0,1613.0,649.0
6,1764043170.7663383,1726.1506943702698,642.0,1614.0,657.0
6,1764043170.7964714,1726.1506943702698,642.0,1608.0,662.0
6,1764043170.825691,1726.1506943702698,642.0,1604.0,672.0
6,1764043170.8561466,1726.1506943702698,642.0,1589.0,686.0
6,1764043170.8807204,1726.1506943702698,642.0,1584.0,693.0
6,1764043170.9154127,1726.1506943702698,642.0,1594.0,703.0
6,1764043170.9418614,1726.1506943702698,642.0,1616.0,708.0
6,1764043170.9764562,1726.1506943702698,642.0,1633.0,711.0
6,1764043171.011626,1726.1506943702698,642.0,1632.0,702.0
6,1764043171.0414102,1726.1506943702698,642.0,1628.0,702.0
6,1764043171.0810533,1726.1506943702698,642.0,1625.0,699.0
6,1764043171.1107183,1726.1506943702698,642.0,1618.0,695.0
6,1764043171.1462545,1726.1506943702698,642.0,1619.0,686.0
6,1764043171.1810274,1726.1506943702698,642.0,1621.0,687.0
6,1764043171.2114627,1726.1506943702698,642.0,1538.0,710.0
6,1764043171.250567,1726.1506943702698,642.0,1203.0,620.0
6,1764043171.2860162,180.54570245742798,735.0,1712.0,957.0
6,1764043171.3254044,187.60745811462402,735.0,538.0,751.0
6,1764043171.3611968,192.42073583602905,735.0,487.0,681.0
6,1764043171.3954933,197.21716928482056,735.0,445.0,690.0
6,1764043171.431066,204.5405297279358,735.0,410.0,698.0
6,1764043171.461246,206.88113260269165,735.0,396.0,687.0
6,1764043171.5006828,214.15624904632568,735.0,383.0,677.0
6,1764043171.526267,216.5587215423584,735.0,387.0,686.0
6,1764043171.5707448,223.7495093345642,735.0,387.0,705.0
6,1764043171.6062167,228.51625967025757,735.0,389.0,715.0
6,1764043171.636601,233.30160665512085,735.0,380.0,701.0
6,1764043171.680731,240.47154474258423,735.0,319.0,740.0
6,1764043171.7313285,247.67710256576538,735.0,362.0,737.0
6,1764043171.766414,252.53536987304688,735.0,396.0,723.0
6,1764043171.7913396,257.2005181312561,735.0,408.0,705.0
6,1764043171.821274,262.12415981292725,735.0,416.0,697.0
6,1764043171.8607638,266.9399766921997,735.0,426.0,708.0
6,1764043171.8855772,271.7554717063904,735.0,420.0,746.0
6,1764043171.921156,276.4843134880066,735.0,409.0,755.0
6,1764043171.9564643,281.3358573913574,735.0,406.0,746.0
6,1764043171.9971704,288.41778326034546,735.0,423.0,744.0
6,1764043172.0210335,290.90730237960815,735.0,422.0,757.0
6,1764043172.0513473,295.64440536499023,735.0,410.0,743.0
6,1764043172.1008353,302.84999895095825,735.0,415.0,725.0
6,1764043172.137978,310.00602531433105,735.0,425.0,706.0
6,1764043172.1632528,312.5196843147278,735.0,430.0,705.0
6,1764043172.2016883,319.63275957107544,735.0,418.0,721.0
6,1764043172.2306206,324.47371768951416,735.0,408.0,727.0
6,1764043172.2755198,329.3261556625366,735.0,421.0,719.0
6,1764043172.3130543,336.8387727737427,735.0,443.0,707.0
6,1764043172.3629458,343.7116651535034,735.0,456.0,696.0
6,1764043172.4006097,348.4650044441223,735.0,453.0,688.0
6,1764043172.4358423,353.2788543701172,735.0,445.0,704.0
6,1764043172.4762278,360.4732184410095,735.0,441.0,722.0
6,1764043172.515726,365.34861612319946,735.0,441.0,715.0
6,1764043172.5410316,370.09877252578735,735.0,457.0,688.0
6,1764043172.5707202,374.86466455459595,735.0,461.0,701.0
6,1764043172.612608,379.78065299987793,735.0,471.0,709.0
6,1764043172.6562972,386.85674953460693,735.0,478.0,712.0
6,1764043172.6821156,391.7279987335205,735.0,488.0,720.0
6,1764043172.7110255,396.5344457626343,735.0,497.0,725.0
6,1764043172.7413607,398.85713148117065,735.0,500.0,732.0
6,1764043172.7791128,406.0873656272888,735.0,489.0,745.0
6,1764043172.8013957,408.51440715789795,735.0,537.0,729.0
6,1764043172.850612,415.7082347869873,735.0,500.0,736.0
6,1764043172.885393,420.5970435142517,735.0,499.0,710.0
6,1764043172.9159396,425.3082184791565,735.0,502.0,719.0
6,1764043172.9465537,430.0780086517334,735.0,510.0,732.0
6,1764043172.976084,434.81132078170776,735.0,518.0,725.0
6,1764043173.010725,439.71640157699585,735.0,524.0,711.0
6,1764043173.0564315,446.8103437423706,735.0,531.0,715.0
6,1764043173.0907488,451.6779808998108,735.0,531.0,729.0
6,1764043173.131457,458.81616163253784,735.0,547.0,722.0
6,1764043173.1705313,463.7400894165039,735.0,530.0,701.0
6,1764043173.1979976,468.4874563217163,735.0,532.0,700.0
6,1764043173.2315354,473.2748417854309,735.0,531.0,693.0
6,1764043173.265488,478.0885486602783,735.0,523.0,698.0
6,1764043173.2961638,482.89485263824463,735.0,531.0,708.0
6,1764043173.3407502,490.0238780975342,735.0,535.0,713.0
6,1764043173.3804345,494.8609380722046,735.0,537.0,720.0
6,1764043173.4110627,499.7336893081665,735.0,567.0,716.0
6,1764043173.4562547,506.8410425186157,735.0,570.0,694.0
6,1764043173.4988203,514.0907316207886,735.0,571.0,688.0
6,1764043173.5318143,518.8505082130432,735.0,581.0,701.0
6,1764043173.565255,523.7097411155701,735.0,574.0,709.0
6,1764043173.5959284,528.4768133163452,735.0,577.0,712.0
6,1764043173.629556,533.2198529243469,735.0,572.0,713.0
6,1764043173.6606777,538.0049495697021,735.0,568.0,723.0
6,1764043173.6960425,542.9458646774292,735.0,566.0,715.0
6,1764043173.7304242,547.6660161018372,735.0,561.0,704.0
6,1764043173.760393,552.4409561157227,735.0,568.0,699.0
6,1764043173.790546,557.3153882026672,735.0,575.0,692.0
6,1764043173.8334444,564.4368677139282,735.0,558.0,686.0
6,1764043173.8608158,566.8829350471497,735.0,565.0,699.0
6,1764043173.8984704,574.025550365448,735.0,571.0,697.0
6,1764043173.9266372,576.4820246696472,735.0,577.0,693.0
6,1764043173.9561028,581.2886147499084,735.0,583.0,682.0
6,1764043173.996418,588.413134098053,735.0,588.0,660.0
6,1764043174.0267003,593.2875661849976,735.0,587.0,640.0
6,1764043174.0588624,598.1115012168884,735.0,597.0,623.0
6,1764043174.095913,602.8769640922546,735.0,602.0,624.0
6,1764043174.1304243,607.613208770752,735.0,609.0,635.0
6,1764043174.1656542,612.5299124717712,735.0,617.0,640.0
6,1764043174.203004,619.7109370231628,735.0,622.0,635.0
6,1764043174.2336676,624.4131712913513,735.0,622.0,629.0
6,1764043174.261209,626.8991856575012,735.0,634.0,632.0
6,1764043174.2974353,634.0283899307251,735.0,652.0,636.0
6,1764043174.3364475,638.8116626739502,735.0,658.0,650.0
6,1764043174.3655157,643.730619430542,735.0,656.0,668.0
6,1764043174.3965497,648.4876780509949,735.0,653.0,695.0
6,1764043174.4365177,653.3023505210876,735.0,648.0,694.0
6,1764043174.4705892,660.4689984321594,735.0,643.0,683.0
6,1764043174.515921,665.4074101448059,735.0,656.0,679.0
6,1764043174.5543194,672.4221019744873,735.0,674.0,677.0
6,1764043174.5906143,677.3108749389648,735.0,680.0,684.0
6,1764043174.6263201,682.1187524795532,735.0,673.0,681.0
6,1764043174.661134,686.8453412055969,735.0,674.0,673.0
6,1764043174.6913586,691.7452006340027,735.0,675.0,671.0
6,1764043174.7306924,698.8419680595398,735.0,683.0,680.0
6,1764043174.765074,703.6143689155579,735.0,671.0,691.0
6,1764043174.8004928,708.4590463638306,735.0,676.0,701.0
6,1764043174.8306916,713.2960705757141,735.0,690.0,697.0
6,1764043174.865455,718.1338815689087,735.0,690.0,685.0
6,1764043174.9011145,722.9613928794861,735.0,699.0,677.0
6,1764043174.9400232,730.1105885505676,735.0,710.0,669.0
6,1764043174.981251,734.9107413291931,735.0,715.0,671.0
6,1764043175.0214746,742.0874743461609,735.0,708.0,678.0
6,1764043175.045518,744.4204955101013,735.0,704.0,674.0
6,1764043175.0907085,751.6206531524658,735.0,696.0,667.0
6,1764043175.1325095,758.9502720832825,735.0,712.0,670.0
6,1764043175.1621203,763.6683850288391,735.0,742.0,696.0
6,1764043175.1904268,768.4446482658386,735.0,764.0,688.0
6,1764043175.2363536,773.3786969184875,735.0,767.0,688.0
6,1764043175.2714512,780.5983095169067,735.0,762.0,686.0
6,1764043175.3006985,782.8860192298889,735.0,756.0,689.0
6,1764043175.3364131,790.0018124580383,735.0,748.0,684.0
6,1764043175.3661568,792.413046836853,735.0,759.0,684.0
6,1764043175.418337,802.1531491279602,735.0,774.0,681.0
6,1764043175.4565012,806.820013999939,735.0,770.0,691.0
6,1764043175.4824646,811.7619304656982,735.0,739.0,675.0
6,1764043175.5166106,816.5518908500671,735.0,723.0,661.0
6,1764043175.5562549,821.2512283325195,735.0,730.0,670.0
6,1764043175.6001027,828.5531668663025,735.0,744.0,681.0
6,1764043175.6313586,833.2319407463074,735.0,764.0,692.0
6,1764043175.6707866,840.4986171722412,735.0,770.0,696.0
6,1764043175.7003996,842.9202227592468,735.0,785.0,678.0
6,1764043175.7390652,850.1162676811218,735.0,794.0,678.0
6,1764043175.7664247,852.4373083114624,735.0,805.0,696.0
6,1764043175.7960277,857.3403148651123,735.0,821.0,731.0
6,1764043175.82637,862.0380430221558,735.0,823.0,741.0
6,1764043175.8608897,866.8538956642151,735.0,817.0,733.0
6,1764043175.8985274,874.1578369140625,735.0,817.0,715.0
6,1764043175.9256413,876.5604166984558,735.0,837.0,696.0
6,1764043175.9712484,883.6538581848145,735.0,848.0,697.0
6,1764043176.012324,890.835705280304,735.0,833.0,706.0
6,1764043176.047541,895.7279114723206,735.0,844.0,732.0
6,1764043176.0757072,900.5637555122375,735.0,851.0,732.0
6,1764043176.1105835,905.2142767906189,735.0,854.0,729.0
6,1764043176.1467447,910.0188999176025,735.0,844.0,716.0
6,1764043176.1837149,914.8637204170227,735.0,862.0,711.0
6,1764043176.226212,922.1326856613159,735.0,847.0,712.0
6,1764043176.256393,926.9131331443787,735.0,865.0,697.0
6,1764043176.3003643,934.1067819595337,735.0,869.0,682.0
6,1764043176.3365827,938.8260750770569,735.0,868.0,694.0
6,1764043176.3708022,943.704083442688,735.0,877.0,702.0
6,1764043176.400516,948.4925417900085,735.0,872.0,701.0
6,1764043176.4311616,953.3136157989502,735.0,873.0,715.0
6,1764043176.4662278,958.0925254821777,735.0,879.0,714.0
6,1764043176.4961889,962.9053025245667,735.0,899.0,693.0
6,1764043176.531012,967.7000193595886,735.0,917.0,677.0
6,1764043176.5666156,972.4926619529724,735.0,918.0,680.0
6,1764043176.5958958,977.2877721786499,735.0,912.0,681.0
6,1764043176.6346416,984.4007759094238,735.0,911.0,691.0
6,1764043176.6666324,989.2251043319702,735.0,917.0,698.0
6,1764043176.7106614,996.4798359870911,735.0,906.0,701.0
6,1764043176.7754476,1006.1977653503418,735.0,906.0,706.0
6,1764043176.813236,1010.8171372413635,735.0,896.0,712.0
6,1764043176.8358061,1013.3842616081238,735.0,899.0,736.0
6,1764043176.860951,1018.0288462638855,735.0,921.0,748.0
6,1764043176.8855178,1020.4747705459595,735.0,930.0,707.0
6,1764043176.9162543,1025.2910165786743,735.0,935.0,700.0
6,1764043176.945538,1030.1036505699158,735.0,940.0,701.0
6,1764043176.9807813,1034.9225788116455,735.0,938.0,689.0
6,1764043177.0214648,1042.248549938202,735.0,953.0,677.0
6,1764043177.0665765,1049.2310194969177,735.0,959.0,673.0
6,1764043177.0997398,1054.0937571525574,735.0,959.0,691.0
6,1764043177.1255608,1056.4710884094238,735.0,961.0,714.0
6,1764043177.1622412,1063.7406973838806,735.0,960.0,712.0
6,1764043177.1943407,1068.4177904129028,735.0,966.0,697.0
6,1764043177.2267427,1073.21644115448,735.0,971.0,686.0
6,1764043177.2590067,1078.105857849121,735.0,977.0,686.0
6,1764043177.2910342,1082.9059748649597,735.0,983.0,723.0
6,1764043177.3263266,1087.6163630485535,735.0,991.0,733.0
6,1764043177.3610692,1092.492654800415,735.0,1004.0,739.0
6,1764043177.3913598,1097.304609298706,735.0,1012.0,763.0
6,1764043177.420499,1102.0366339683533,735.0,1010.0,775.0
6,1764043177.4564412,1106.8127899169922,735.0,1004.0,766.0
6,1764043177.491617,1111.7600708007812,735.0,1007.0,754.0
6,1764043177.5206573,1116.5077595710754,735.0,1017.0,744.0
6,1764043177.5559232,1121.2626008987427,735.0,1025.0,730.0
6,1764043177.5867712,1126.1019496917725,735.0,1020.0,723.0
6,1764043177.6163871,1130.8594732284546,735.0,1022.0,737.0
6,1764043177.6507554,1135.6024055480957,735.0,1041.0,736.0
6,1764043177.680514,1140.4921083450317,735.0,1035.0,734.0
6,1764043177.7242339,1147.736111164093,735.0,1034.0,735.0
6,1764043177.7554834,1152.4537234306335,735.0,1030.0,733.0
6,1764043177.7905536,1157.5190215110779,735.0,1030.0,741.0
6,1764043177.8305564,1164.4640831947327,735.0,1016.0,768.0
6,1764043177.8667169,1169.3583278656006,735.0,1023.0,760.0
6,1764043177.8978066,1174.083414554596,735.0,1051.0,751.0
6,1764043177.9304373,1178.8160829544067,735.0,1065.0,737.0
6,1764043177.966283,1183.6129813194275,735.0,1066.0,739.0
6,1764043177.996208,1188.4873776435852,735.0,1060.0,747.0
6,1764043178.0265994,1193.3101682662964,735.0,1081.0,754.0
6,1764043178.0614245,1198.1179027557373,735.0,1092.0,736.0
6,1764043178.1058645,1205.2762894630432,735.0,1099.0,734.0
6,1764043178.1462154,1210.1131706237793,735.0,1101.0,735.0
6,1764043178.1704779,1214.9388222694397,735.0,1098.0,744.0
6,1764043178.2188416,1222.0285444259644,735.0,1097.0,746.0
6,1764043178.2564535,1226.9203929901123,735.0,1101.0,735.0
6,1764043178.2869327,1231.7486910820007,735.0,1118.0,726.0
6,1764043178.3212562,1236.449387550354,735.0,1127.0,731.0
6,1764043178.3556836,1241.3124113082886,735.0,1113.0,729.0
6,1764043178.3957348,1248.5056309700012,735.0,1119.0,746.0
6,1764043178.4267428,1253.3407955169678,735.0,1139.0,732.0
6,1764043178.4590054,1258.1038265228271,735.0,1143.0,726.0
6,1764043178.4959486,1262.9141716957092,735.0,1141.0,717.0
6,1764043178.5305903,1267.6281719207764,735.0,1131.0,716.0
6,1764043178.5554934,1272.5370078086853,735.0,1153.0,713.0
6,1764043178.5909607,1277.3007183074951,735.0,1157.0,731.0
6,1764043178.6255724,1282.0969014167786,735.0,1166.0,733.0
6,1764043178.655661,1286.8178396224976,735.0,1180.0,755.0
6,1764043178.6910682,1291.672137260437,735.0,1184.0,766.0
6,1764043178.7211242,1296.4922099113464,735.0,1190.0,756.0
6,1764043178.7561646,1301.2273817062378,735.0,1187.0,722.0
6,1764043178.7858899,1306.0924797058105,735.0,1185.0,707.0
6,1764043178.8308125,1313.2351665496826,735.0,1189.0,727.0
6,1764043178.870637,1320.4761652946472,735.0,1209.0,744.0
6,1764043178.9108112,1325.2055792808533,735.0,1218.0,732.0
6,1764043178.9510417,1332.5368790626526,735.0,1217.0,723.0
6,1764043178.986701,1337.2875003814697,735.0,1210.0,730.0
6,1764043179.0197852,1342.0127301216125,735.0,1219.0,728.0
6,1764043179.0540137,1346.801510334015,735.0,1216.0,716.0
6,1764043179.0905519,1351.618221282959,735.0,1219.0,716.0
6,1764043179.135708,1358.9630751609802,735.0,1224.0,713.0
6,1764043179.179203,1366.039743900299,735.0,1223.0,713.0
6,1764043179.2210846,1370.937958240509,735.0,1235.0,705.0
6,1764043179.2663424,1378.0744938850403,735.0,1266.0,689.0
6,1764043179.3087175,1385.2505474090576,735.0,1266.0,688.0
6,1764043179.3564208,1392.5206928253174,735.0,1264.0,702.0
6,1764043179.4060433,1399.6172456741333,735.0,1269.0,722.0
6,1764043179.4374774,1404.5045166015625,735.0,1278.0,726.0
6,1764043179.4762263,1409.2461972236633,735.0,1289.0,719.0
6,1764043179.5067177,1414.0190987586975,735.0,1281.0,707.0
6,1764043179.5363796,1418.8772945404053,735.0,1279.0,707.0
6,1764043179.5690522,1423.6140398979187,735.0,1318.0,701.0
6,1764043179.600703,1428.454819202423,735.0,1343.0,721.0
6,1764043179.6359174,1433.3101181983948,735.0,1368.0,710.0
6,1764043179.6707733,1440.4966144561768,735.0,1383.0,698.0
6,1764043179.7019491,1442.8338556289673,735.0,1389.0,691.0
6,1764043179.7313042,1447.6035742759705,735.0,1381.0,724.0
6,1764043179.7654858,1452.5077252388,735.0,1363.0,733.0
6,1764043179.7957878,1457.231059551239,735.0,1361.0,719.0
6,1764043179.8374355,1464.405611038208,735.0,1363.0,720.0
6,1764043179.8611138,1466.8844728469849,735.0,1365.0,733.0
6,1764043179.8996127,1474.1082696914673,735.0,1383.0,731.0
6,1764043179.9361222,1478.8875727653503,735.0,1388.0,716.0
6,1764043179.9860795,1486.144772052765,735.0,1352.0,730.0
6,1764043180.0260541,1493.2743697166443,735.0,1340.0,749.0
6,1764043180.0521452,1495.7363872528076,735.0,1370.0,772.0
6,1764043180.0905225,1502.8127698898315,735.0,1395.0,785.0
6,1764043180.1221046,1507.7240376472473,735.0,1402.0,776.0
6,1764043180.1539025,1512.4363570213318,735.0,1383.0,780.0
6,1764043180.1807597,1514.8707299232483,735.0,1380.0,782.0
6,1764043180.2117283,1519.6748523712158,735.0,1390.0,771.0
6,1764043180.2505689,1526.8463997840881,735.0,1402.0,755.0
6,1764043180.2821078,1531.7330985069275,735.0,1435.0,740.0
6,1764043180.3154042,1536.5052490234375,735.0,1445.0,727.0
6,1764043180.3472202,1541.3418798446655,735.0,1452.0,707.0
6,1764043180.3780987,1546.1379556655884,735.0,1448.0,710.0
6,1764043180.4213252,1550.837507724762,735.0,1464.0,712.0
6,1764043180.4574087,1558.0177812576294,735.0,1468.0,714.0
6,1764043180.485664,1560.4668169021606,735.0,1457.0,710.0
6,1764043180.5160868,1565.203311920166,735.0,1446.0,707.0
6,1764043180.550847,1572.5076823234558,735.0,1449.0,717.0
6,1764043180.5812275,1574.9281077384949,735.0,1449.0,735.0
6,1764043180.6110675,1579.732337474823,735.0,1452.0,738.0
6,1764043180.6509147,1586.8324666023254,735.0,1475.0,751.0
6,1764043180.6815069,1591.6152744293213,735.0,1495.0,749.0
6,1764043180.7209551,1596.4861302375793,735.0,1501.0,740.0
6,1764043180.7565243,1601.3633875846863,735.0,1488.0,741.0
6,1764043180.790543,1608.462086200714,735.0,1490.0,765.0
6,1764043180.8206563,1610.8178882598877,735.0,1497.0,783.0
6,1764043180.8507538,1615.721610069275,735.0,1507.0,788.0
6,1764043180.8856401,1620.4739837646484,735.0,1507.0,779.0
6,1764043180.9162886,1625.2838282585144,735.0,1501.0,766.0
6,1764043180.945627,1630.0924925804138,735.0,1497.0,772.0
6,1764043180.9810553,1634.91978931427,735.0,1491.0,783.0
6,1764043181.026578,1642.1106128692627,735.0,1481.0,789.0
6,1764043181.070461,1649.2976813316345,735.0,1472.0,781.0
6,1764043181.1111631,1656.5550951957703,735.0,1484.0,775.0
6,1764043181.140916,1658.935537815094,735.0,1536.0,804.0
6,1764043181.1707878,1663.7474565505981,735.0,1547.0,800.0
6,1764043181.2014875,1668.4183983802795,735.0,1552.0,801.0
6,1764043181.231045,1673.331311225891,735.0,1573.0,795.0
6,1764043181.2765143,1680.4683117866516,735.0,1595.0,798.0
6,1764043181.3114102,1685.2501182556152,735.0,1587.0,806.0
6,1764043181.3462133,1690.092649936676,735.0,1588.0,810.0
6,1764043181.371864,1694.8341875076294,735.0,1595.0,801.0
6,1764043181.4062483,1699.61306142807,735.0,1590.0,785.0
6,1764043181.4373493,1704.4926433563232,735.0,1589.0,779.0
6,1764043181.4706957,1709.294870376587,735.0,1595.0,778.0
6,1764043181.5009892,1714.040449142456,735.0,1587.0,782.0
6,1764043181.5363572,1718.9505367279053,735.0,1582.0,788.0
6,1764043181.5656047,1723.6836700439453,735.0,1574.0,793.0
7,1764043181.6005378,1726.0059266090393,735.0,1571.0,796.0
7,1764043181.6355383,1726.0059266090393,735.0,1582.0,804.0
7,1764043181.6663783,1726.0059266090393,735.0,1609.0,802.0
7,1764043181.6962237,1726.0059266090393,735.0,1616.0,792.0
7,1764043181.7364686,1726.0059266090393,735.0,1608.0,775.0
7,1764043181.7668216,1726.0059266090393,735.0,1599.0,770.0
7,1764043181.806001,1726.0059266090393,735.0,1581.0,778.0
7,1764043181.8359957,1726.0059266090393,735.0,1577.0,787.0
7,1764043181.8654773,1726.0059266090393,735.0,1572.0,794.0
7,1764043181.9009914,1726.0059266090393,735.0,1572.0,804.0
7,1764043181.9309618,1726.0059266090393,735.0,1581.0,814.0
7,1764043181.971223,1726.0059266090393,735.0,1598.0,826.0
7,1764043182.011432,1726.0059266090393,735.0,1604.0,844.0
7,1764043182.0404313,1726.0059266090393,735.0,1595.0,847.0
7,1764043182.076016,178.0,828.0,1367.0,849.0
7,1764043182.1161,182.862380027771,828.0,1038.0,664.0
7,1764043182.1558537,190.1251940727234,828.0,1479.0,968.0
7,1764043182.20112,194.9323205947876,828.0,478.0,840.0
7,1764043182.23167,199.66266441345215,828.0,414.0,853.0
7,1764043182.2662444,204.50880813598633,828.0,384.0,833.0
7,1764043182.295948,209.31883144378662,828.0,385.0,811.0
7,1764043182.3316457,214.12602949142456,828.0,398.0,801.0
7,1764043182.367263,221.32164525985718,828.0,400.0,805.0
7,1764043182.3960836,226.15967082977295,828.0,401.0,809.0
7,1764043182.4472451,233.3592562675476,828.0,409.0,813.0
7,1764043182.4860156,238.09224653244019,828.0,418.0,802.0
7,1764043182.510777,242.85034227371216,828.0,350.0,825.0
7,1764043182.542421,247.60225105285645,828.0,351.0,821.0
7,1764043182.5708985,250.14466333389282,828.0,370.0,805.0
7,1764043182.607489,257.21053171157837,828.0,386.0,794.0
7,1764043182.6559772,264.5285634994507,828.0,416.0,783.0
7,1764043182.6899667,269.32986068725586,828.0,428.0,794.0
7,1764043182.7313256,274.03885412216187,828.0,427.0,809.0
7,1764043182.7534792,278.870943069458,828.0,426.0,820.0
7,1764043182.7906482,283.62260150909424,828.0,388.0,841.0
7,1764043182.816066,288.5034351348877,828.0,439.0,808.0
7,1764043182.8506334,293.3396010398865,828.0,458.0,803.0
7,1764043182.8855238,298.03811597824097,828.0,451.0,806.0
7,1764043182.9214146,302.8769283294678,828.0,459.0,805.0
7,1764043182.9504025,307.6029806137085,828.0,458.0,815.0
7,1764043182.992495,314.9712233543396,828.0,470.0,825.0
7,1764043183.0304604,319.6373372077942,828.0,477.0,820.0
7,1764043183.0729263,326.93813133239746,828.0,474.0,813.0
7,1764043183.1159298,334.1366081237793,828.0,467.0,811.0
7,1764043183.1558416,338.8160972595215,828.0,471.0,787.0
7,1764043183.2112925,346.0150032043457,828.0,482.0,768.0
7,1764043183.2478056,353.25779008865356,828.0,488.0,784.0
7,1764043183.290571,358.17481565475464,828.0,519.0,812.0
7,1764043183.326601,365.26478815078735,828.0,537.0,815.0
7,1764043183.3585062,370.0470595359802,828.0,534.0,826.0
7,1764043183.3910038,374.92167043685913,828.0,517.0,817.0
7,1764043183.4233258,379.63320302963257,828.0,506.0,813.0
7,1764043183.4508295,382.00445461273193,828.0,502.0,812.0
7,1764043183.4904878,389.2789273262024,828.0,517.0,819.0
7,1764043183.5220098,394.0418510437012,828.0,523.0,844.0
7,1764043183.5509908,398.857310295105,828.0,533.0,851.0
7,1764043183.5834112,403.6348967552185,828.0,525.0,833.0
7,1764043183.6157587,408.4388403892517,828.0,514.0,804.0
7,1764043183.65078,413.34038066864014,828.0,502.0,795.0
7,1764043183.6857076,418.1367783546448,828.0,529.0,793.0
7,1764043183.716433,422.8424816131592,828.0,548.0,805.0
7,1764043183.7462122,427.63061809539795,828.0,552.0,817.0
7,1764043183.7808228,432.5093774795532,828.0,527.0,839.0
7,1764043183.82658,439.65632009506226,828.0,526.0,842.0
7,1764043183.865665,444.5435194969177,828.0,525.0,842.0
7,1764043183.904218,451.63131046295166,828.0,549.0,831.0
7,1764043183.9459026,456.45470905303955,828.0,568.0,831.0
7,1764043183.9711053,461.32831859588623,828.0,583.0,825.0
7,1764043184.016607,468.5995011329651,828.0,580.0,828.0
7,1764043184.0555482,473.3213691711426,828.0,573.0,848.0
7,1764043184.0814745,478.1096487045288,828.0,559.0,851.0
7,1764043184.115684,482.9383044242859,828.0,574.0,830.0
7,1764043184.1512976,487.74360704421997,828.0,599.0,818.0
7,1764043184.1808963,492.5041346549988,828.0,609.0,810.0
7,1764043184.2159853,497.2837595939636,828.0,609.0,810.0
7,1764043184.2509518,502.05569553375244,828.0,622.0,799.0
7,1764043184.2959301,509.2387228012085,828.0,623.0,794.0
7,1764043184.3466165,516.4218573570251,828.0,616.0,804.0
7,1764043184.3757796,521.2217955589294,828.0,602.0,841.0
7,1764043184.4061682,526.1202602386475,828.0,650.0,834.0
7,1764043184.4466934,533.2746057510376,828.0,652.0,814.0
7,1764043184.481081,538.0693941116333,828.0,650.0,793.0
7,1764043184.5107722,542.8592472076416,828.0,657.0,803.0
7,1764043184.5437164,547.757354259491,828.0,660.0,829.0
7,1764043184.5708125,550.0850110054016,828.0,660.0,837.0
7,1764043184.6082094,557.3339490890503,828.0,657.0,833.0
7,1764043184.6354682,562.0673685073853,828.0,663.0,828.0
7,1764043184.6658914,564.4983081817627,828.0,659.0,829.0
7,1764043184.708402,571.7759637832642,828.0,633.0,838.0
7,1764043184.7310216,574.0618495941162,828.0,614.0,825.0
7,1764043184.7672246,581.369402885437,828.0,619.0,827.0
7,1764043184.801437,586.0378770828247,828.0,623.0,831.0
7,1764043184.8312976,590.9552960395813,828.0,646.0,819.0
7,1764043184.863701,595.799437046051,828.0,650.0,804.0
7,1764043184.9014661,600.497808933258,828.0,653.0,804.0
7,1764043184.9401128,605.3689866065979,828.0,657.0,812.0
7,1764043184.9659197,610.1106672286987,828.0,658.0,828.0
7,1764043185.0005534,614.9484782218933,828.0,657.0,848.0
7,1764043185.0358825,622.1295027732849,828.0,663.0,850.0
7,1764043185.065454,624.4160680770874,828.0,675.0,836.0
7,1764043185.1042826,631.779661655426,828.0,672.0,832.0
7,1764043185.1307125,634.170117855072,828.0,675.0,835.0
7,1764043185.1676607,641.2618069648743,828.0,670.0,837.0
7,1764043185.2007039,646.1833744049072,828.0,669.0,828.0
7,1764043185.2470727,653.2090811729431,828.0,665.0,812.0
7,1764043185.290789,658.0343036651611,828.0,660.0,803.0
7,1764043185.3208354,662.8438620567322,828.0,648.0,799.0
7,1764043185.3512292,667.6113634109497,828.0,652.0,803.0
7,1764043185.392252,674.9420552253723,828.0,660.0,816.0
7,1764043185.436089,682.160487651825,828.0,668.0,816.0
7,1764043185.4709616,686.9287400245667,828.0,660.0,780.0
7,1764043185.5158224,694.1204934120178,828.0,675.0,774.0
7,1764043185.5567014,698.8353519439697,828.0,674.0,775.0
7,1764043185.5959291,706.1365036964417,828.0,674.0,796.0
7,1764043185.636325,710.8951716423035,828.0,696.0,817.0
7,1764043185.6633642,715.619149684906,828.0,707.0,795.0
7,1764043185.6963475,720.5533056259155,828.0,708.0,781.0
7,1764043185.723841,722.9554204940796,828.0,712.0,765.0
7,1764043185.7607741,730.171528339386,828.0,707.0,763.0
7,1764043185.7956297,734.8349242210388,828.0,705.0,798.0
7,1764043185.825844,739.6897940635681,828.0,711.0,802.0
7,1764043185.856229,744.5382623672485,828.0,712.0,821.0
7,1764043185.891176,749.3370561599731,828.0,703.0,819.0
7,1764043185.9263797,754.0937213897705,828.0,700.0,806.0
7,1764043185.970701,761.3044648170471,828.0,739.0,797.0
7,1764043186.0169768,768.5303359031677,828.0,719.0,803.0
7,1764043186.0412796,770.9129242897034,828.0,730.0,807.0
7,1764043186.0795171,778.0528931617737,828.0,732.0,810.0
7,1764043186.1062176,780.4469256401062,828.0,752.0,813.0
7,1764043186.136583,785.3030829429626,828.0,770.0,800.0
7,1764043186.176248,792.4848585128784,828.0,776.0,802.0
7,1764043186.206951,797.3397998809814,828.0,758.0,799.0
7,1764043186.2380607,802.0063428878784,828.0,761.0,808.0
7,1764043186.2742853,806.8033843040466,828.0,796.0,796.0
7,1764043186.3027742,811.7145805358887,828.0,821.0,788.0
7,1764043186.3307443,814.0928058624268,828.0,824.0,766.0
7,1764043186.3662958,821.2391405105591,828.0,828.0,758.0
7,1764043186.4013658,826.0252742767334,828.0,826.0,753.0
7,1764043186.4475505,833.2531838417053,828.0,820.0,764.0
7,1764043186.4861543,838.1485013961792,828.0,828.0,779.0
7,1764043186.528924,845.2880411148071,828.0,844.0,792.0
7,1764043186.570543,850.135865688324,828.0,846.0,787.0
7,1764043186.6008768,854.8471121788025,828.0,844.0,777.0
7,1764043186.630635,859.744647026062,828.0,820.0,794.0
7,1764043186.6657133,864.4378333091736,828.0,821.0,817.0
7,1764043186.706686,871.6302661895752,828.0,829.0,821.0
7,1764043186.7363808,876.5271215438843,828.0,836.0,822.0
7,1764043186.770388,881.310215473175,828.0,839.0,798.0
7,1764043186.8160682,888.5336904525757,828.0,850.0,788.0
7,1764043186.8561027,893.3491139411926,828.0,861.0,780.0
7,1764043186.8964324,900.5101113319397,828.0,863.0,777.0
7,1764043186.9304333,905.405321598053,828.0,876.0,779.0
7,1764043186.9666111,910.0307731628418,828.0,887.0,753.0
7,1764043186.9961655,914.9818806648254,828.0,881.0,751.0
7,1764043187.0362375,922.1827535629272,828.0,889.0,752.0
7,1764043187.0662138,924.4969277381897,828.0,895.0,757.0
7,1764043187.11032,931.7129998207092,828.0,899.0,756.0
7,1764043187.1362226,936.487868309021,828.0,906.0,760.0
7,1764043187.1682024,941.3395910263062,828.0,910.0,779.0
7,1764043187.2007706,946.0324554443359,828.0,905.0,776.0
7,1764043187.2364306,950.9181528091431,828.0,917.0,763.0
7,1764043187.2660794,955.7207016944885,828.0,953.0,738.0
7,1764043187.3005686,960.4158549308777,828.0,961.0,739.0
7,1764043187.3362327,965.2580289840698,828.0,944.0,750.0
7,1764043187.3655064,970.1422600746155,828.0,946.0,774.0
7,1764043187.4104772,977.3240356445312,828.0,962.0,793.0
7,1764043187.4504914,982.0344595909119,828.0,949.0,778.0
7,1764043187.4759872,986.9194416999817,828.0,929.0,761.0
7,1764043187.526549,994.1387324333191,828.0,931.0,763.0
7,1764043187.5694876,1001.4004020690918,828.0,940.0,763.0
7,1764043187.6016395,1006.1188011169434,828.0,963.0,780.0
7,1764043187.6411664,1010.9011797904968,828.0,973.0,765.0
7,1764043187.671122,1015.629234790802,828.0,974.0,757.0
7,1764043187.7058098,1020.5093531608582,828.0,970.0,780.0
7,1764043187.745292,1027.7488498687744,828.0,978.0,782.0
7,1764043187.7704716,1030.0839095115662,828.0,979.0,762.0
7,1764043187.8159075,1037.2373967170715,828.0,977.0,740.0
7,1764043187.8583746,1044.436517238617,828.0,972.0,736.0
7,1764043187.8873162,1049.361231803894,828.0,987.0,736.0
7,1764043187.9203994,1054.125407218933,828.0,997.0,735.0
7,1764043187.955936,1058.8490991592407,828.0,998.0,739.0
7,1764043187.983033,1063.732114315033,828.0,989.0,728.0
7,1764043188.015874,1068.4991149902344,828.0,1011.0,728.0
7,1764043188.0564537,1073.3704357147217,828.0,1010.0,745.0
7,1764043188.0861137,1078.2259492874146,828.0,999.0,737.0
7,1764043188.1157486,1082.8020124435425,828.0,991.0,711.0
7,1764043188.1504538,1087.7522258758545,828.0,996.0,707.0
7,1764043188.1856139,1092.451813697815,828.0,1013.0,741.0
7,1764043188.230794,1099.735656261444,828.0,1024.0,773.0
7,1764043188.25587,1104.4212250709534,828.0,1039.0,778.0
7,1764043188.2866323,1109.2336444854736,828.0,1046.0,759.0
7,1764043188.3204284,1114.075782775879,828.0,1035.0,735.0
7,1764043188.3507824,1118.8580899238586,828.0,1032.0,733.0
7,1764043188.3867095,1123.658028125763,828.0,1050.0,739.0
7,1764043188.432417,1130.8617978096008,828.0,1075.0,759.0
7,1764043188.4766748,1138.248351097107,828.0,1067.0,762.0
7,1764043188.5155323,1142.991819858551,828.0,1081.0,777.0
7,1764043188.555816,1150.1195220947266,828.0,1094.0,775.0
7,1764043188.5855212,1152.4380235671997,828.0,1091.0,778.0
7,1764043188.6239936,1159.624412536621,828.0,1082.0,799.0
7,1764043188.6605573,1164.4291787147522,828.0,1092.0,804.0
7,1764043188.7158651,1174.126902103424,828.0,1087.0,790.0
7,1764043188.7404432,1176.4965801239014,828.0,1078.0,807.0
7,1764043188.771349,1181.3033847808838,828.0,1087.0,826.0
7,1764043188.8064044,1186.1860780715942,828.0,1081.0,796.0
7,1764043188.8413715,1190.808883190155,828.0,1093.0,773.0
7,1764043188.871246,1195.7191853523254,828.0,1095.0,742.0
7,1764043188.9056823,1200.5392580032349,828.0,1094.0,738.0
7,1764043188.9435952,1207.7883033752441,828.0,1098.0,741.0
7,1764043188.9709132,1210.1256518363953,828.0,1109.0,733.0
7,1764043189.0161748,1217.2120480537415,828.0,1134.0,744.0
7,1764043189.0613067,1224.5198516845703,828.0,1137.0,744.0
7,1764043189.0910625,1229.3163208961487,828.0,1129.0,766.0
7,1764043189.1255255,1234.0500264167786,828.0,1154.0,800.0
7,1764043189.1523027,1238.9164834022522,828.0,1150.0,799.0
7,1764043189.1858482,1243.6171798706055,828.0,1147.0,802.0
7,1764043189.2207563,1248.5268740653992,828.0,1155.0,797.0
7,1764043189.2558963,1253.3092527389526,828.0,1144.0,803.0
7,1764043189.291913,1258.0352692604065,828.0,1133.0,823.0
7,1764043189.3209321,1262.9422812461853,828.0,1139.0,823.0
7,1764043189.3558404,1270.1231985092163,828.0,1150.0,810.0
7,1764043189.3864777,1272.4955229759216,828.0,1147.0,790.0
7,1764043189.4256248,1279.7742156982422,828.0,1164.0,775.0
7,1764043189.4658258,1284.4285278320312,828.0,1193.0,781.0
7,1764043189.5059102,1291.6329054832458,828.0,1198.0,775.0
7,1764043189.5359755,1296.4927463531494,828.0,1177.0,781.0
7,1764043189.5706315,1301.2684016227722,828.0,1182.0,803.0
7,1764043189.601321,1306.131103515625,828.0,1193.0,796.0
7,1764043189.6355882,1310.8932046890259,828.0,1201.0,793.0
7,1764043189.6811516,1318.2034759521484,828.0,1212.0,799.0
7,1764043189.7292645,1325.3168730735779,828.0,1230.0,817.0
7,1764043189.7610822,1330.1132349967957,828.0,1227.0,825.0
7,1764043189.8128774,1337.3326330184937,828.0,1207.0,799.0
7,1764043189.8463998,1342.1414046287537,828.0,1211.0,787.0
7,1764043189.8706598,1346.820035457611,828.0,1250.0,807.0
7,1764043189.9191756,1354.0113596916199,828.0,1264.0,818.0
7,1764043189.955747,1358.8874726295471,828.0,1271.0,824.0
7,1764043189.9825087,1363.638952255249,828.0,1298.0,805.0
7,1764043190.0164294,1368.5141353607178,828.0,1312.0,809.0
7,1764043190.0565522,1373.308780670166,828.0,1300.0,823.0
7,1764043190.09646,1380.51122713089,828.0,1292.0,840.0
7,1764043190.121275,1382.8404216766357,828.0,1287.0,861.0
7,1764043190.1508508,1387.7204327583313,828.0,1284.0,865.0
7,1764043190.1855907,1392.5288825035095,828.0,1287.0,848.0
7,1764043190.2225704,1399.6614127159119,828.0,1298.0,836.0
7,1764043190.2564588,1404.5207886695862,828.0,1334.0,851.0
7,1764043190.2865865,1409.237256526947,828.0,1346.0,842.0
7,1764043190.318536,1414.032474040985,828.0,1362.0,828.0
7,1764043190.3558292,1418.8590197563171,828.0,1385.0,829.0
7,1764043190.3860853,1423.6477284431458,828.0,1395.0,815.0
7,1764043190.4206958,1428.4741311073303,828.0,1392.0,799.0
7,1764043190.455968,1433.3666234016418,828.0,1385.0,790.0
7,1764043190.486297,1438.0127816200256,828.0,1376.0,804.0
7,1764043190.5204966,1442.8305654525757,828.0,1383.0,830.0
7,1764043190.5560272,1450.1512079238892,828.0,1382.0,825.0
7,1764043190.5867105,1452.509620666504,828.0,1353.0,806.0
7,1764043190.622617,1459.6906094551086,828.0,1361.0,791.0
7,1764043190.6657286,1464.4940166473389,828.0,1368.0,785.0
7,1764043190.6963382,1469.3619756698608,828.0,1368.0,789.0
7,1764043190.7307796,1474.1439609527588,828.0,1365.0,802.0
7,1764043190.7671552,1481.3490896224976,828.0,1387.0,799.0
7,1764043190.800502,1486.0026865005493,828.0,1390.0,783.0
7,1764043190.830527,1490.821650505066,828.0,1371.0,765.0
7,1764043190.8713682,1495.7574515342712,828.0,1372.0,772.0
7,1764043190.916465,1502.9269247055054,828.0,1422.0,804.0
7,1764043190.946375,1507.7085523605347,828.0,1422.0,820.0
7,1764043190.9759338,1512.4396471977234,828.0,1406.0,817.0
7,1764043191.0157125,1517.3792748451233,828.0,1414.0,815.0
7,1764043191.0461152,1522.1540360450745,828.0,1433.0,840.0
7,1764043191.076022,1526.8299489021301,828.0,1436.0,847.0
7,1764043191.1116307,1531.6161541938782,828.0,1433.0,843.0
7,1764043191.1559076,1538.8033299446106,828.0,1439.0,834.0
7,1764043191.1963363,1546.1975722312927,828.0,1437.0,840.0
7,1764043191.221322,1548.420265197754,828.0,1443.0,839.0
7,1764043191.2560678,1553.3664016723633,828.0,1451.0,847.0
7,1764043191.2861469,1558.1489233970642,828.0,1462.0,849.0
7,1764043191.3214498,1562.8347067832947,828.0,1467.0,858.0
7,1764043191.3556502,1570.0946598052979,828.0,1478.0,860.0
7,1764043191.3910666,1574.9165205955505,828.0,1496.0,870.0
7,1764043191.4256196,1579.655089855194,828.0,1502.0,878.0
7,1764043191.4656336,1584.4494848251343,828.0,1489.0,873.0
7,1764043191.5195448,1594.0080909729004,828.0,1485.0,863.0
7,1764043191.550841,1598.8736896514893,828.0,1488.0,869.0
7,1764043191.5903919,1603.7342457771301,828.0,1512.0,894.0
7,1764043191.6154718,1608.5460929870605,828.0,1555.0,901.0
7,1764043191.6482787,1613.331654548645,828.0,1564.0,888.0
7,1764043191.6804116,1618.170395374298,828.0,1553.0,876.0
7,1764043191.7156725,1622.8355078697205,828.0,1550.0,882.0
7,1764043191.7459633,1627.669635295868,828.0,1552.0,886.0
7,1764043191.7944536,1634.8171501159668,828.0,1549.0,893.0
7,1764043191.8308833,1639.656391620636,828.0,1563.0,898.0
7,1764043191.856245,1644.4836525917053,828.0,1575.0,894.0
7,1764043191.8909786,1649.3637351989746,828.0,1580.0,884.0
7,1764043191.9369664,1656.535783290863,828.0,1626.0,887.0
7,1764043191.9818394,1663.6758952140808,828.0,1630.0,887.0
7,1764043192.0162008,1668.4200792312622,828.0,1628.0,898.0
7,1764043192.0562494,1673.2404022216797,828.0,1625.0,906.0
7,1764043192.0813048,1678.1419067382812,828.0,1636.0,904.0
7,1764043192.1273386,1685.3460340499878,828.0,1649.0,911.0
7,1764043192.1658642,1690.0120406150818,828.0,1656.0,925.0
7,1764043192.1912627,1694.8975949287415,828.0,1662.0,935.0
7,1764043192.2262447,1699.7308282852173,828.0,1660.0,940.0
7,1764043192.261045,1704.451587677002,828.0,1655.0,947.0
7,1764043192.305404,1711.6365818977356,828.0,1660.0,935.0
7,1764043192.351182,1718.938377380371,828.0,1655.0,926.0
7,1764043192.3909178,1723.6982612609863,828.0,1635.0,916.0
8,1764043192.41575,1726.068368434906,828.0,1648.0,912.0
8,1764043192.4467442,1726.068368434906,828.0,1653.0,907.0
8,1764043192.4765296,1726.068368434906,828.0,1644.0,910.0
8,1764043192.5055616,1726.068368434906,828.0,1649.0,928.0
8,1764043192.5363934,1726.068368434906,828.0,1646.0,930.0
8,1764043192.565792,1726.068368434906,828.0,1652.0,940.0
8,1764043192.5963469,1726.068368434906,828.0,1647.0,940.0
8,1764043192.626194,1726.068368434906,828.0,1646.0,940.0
8,1764043192.656323,1726.068368434906,828.0,1640.0,931.0
8,1764043192.7009768,1726.068368434906,828.0,1645.0,922.0
8,1764043192.7407207,1726.068368434906,828.0,1651.0,920.0
8,1764043192.7655303,1726.068368434906,828.0,1670.0,935.0
8,1764043192.7957947,1726.068368434906,828.0,1673.0,927.0
8,1764043192.8307877,1726.068368434906,828.0,1606.0,922.0
8,1764043192.861066,1726.068368434906,828.0,1155.0,807.0
8,1764043192.896404,1726.068368434906,828.0,1913.0,1276.0
8,1764043192.9263408,180.51741409301758,921.0,652.0,999.0
8,1764043192.96107,185.24804401397705,921.0,566.0,1003.0
8,1764043193.0016778,192.47287797927856,921.0,519.0,1017.0
8,1764043193.0465827,199.7493176460266,921.0,461.0,932.0
8,1764043193.080957,204.43688917160034,921.0,428.0,918.0
8,1764043193.1208239,209.2793493270874,921.0,416.0,927.0
8,1764043193.1617832,216.48261833190918,921.0,425.0,920.0
8,1764043193.2011676,221.27679872512817,921.0,436.0,906.0
8,1764043193.2366452,228.43314695358276,921.0,430.0,913.0
8,1764043193.2682757,233.269455909729,921.0,377.0,934.0
8,1764043193.302023,238.14792919158936,921.0,355.0,903.0
8,1764043193.3406231,242.92866277694702,921.0,384.0,922.0
8,1764043193.3760552,247.6143388748169,921.0,379.0,927.0
8,1764043193.412789,254.92954540252686,921.0,374.0,903.0
8,1764043193.4470332,259.74647092819214,921.0,380.0,914.0
8,1764043193.4862564,264.4989161491394,921.0,357.0,881.0
8,1764043193.5212097,269.28133058547974,921.0,373.0,871.0
8,1764043193.5512717,274.13763093948364,921.0,395.0,912.0
8,1764043193.5813456,278.9541630744934,921.0,386.0,917.0
8,1764043193.6163101,283.6578993797302,921.0,381.0,894.0
8,1764043193.6459613,288.45966148376465,921.0,395.0,908.0
8,1764043193.6808314,293.30330181121826,921.0,458.0,892.0
8,1764043193.71637,300.46583700180054,921.0,479.0,879.0
8,1764043193.751152,305.2877335548401,921.0,-76.0,605.0
8,1764043193.7811406,310.09006786346436,921.0,491.0,879.0
8,1764043193.8149016,314.86676025390625,921.0,-129.0,665.0
8,1764043193.8477204,319.7547106742859,921.0,-134.0,1068.0
8,1764043193.881051,324.48752212524414,921.0,499.0,889.0
8,1764043193.9165037,329.2918949127197,921.0,501.0,890.0
8,1764043193.945622,334.0439467430115,921.0,501.0,888.0
8,1764043193.9811225,338.80687046051025,921.0,503.0,890.0
8,1764043194.010591,343.71009159088135,921.0,-40.0,582.0
8,1764043194.0405278,348.45066356658936,921.0,-769.0,1385.0
8,1764043194.0808122,353.2026438713074,921.0,495.0,900.0
8,1764043194.1211104,360.45376348495483,921.0,499.0,889.0
8,1764043194.170841,368.1768445968628,921.0,-899.0,1299.0
8,1764043194.2055135,372.421923160553,921.0,2432.0,3238.0
8,1764043194.241377,377.27282333374023,921.0,535.0,884.0
8,1764043194.278382,384.44723176956177,921.0,527.0,879.0
8,1764043194.3204436,389.27960681915283,921.0,530.0,872.0
8,1764043194.3609712,396.45226287841797,921.0,2434.0,3250.0
8,1764043194.3896055,401.340106010437,921.0,535.0,887.0
8,1764043194.4162438,403.64626932144165,921.0,537.0,885.0
8,1764043194.4537194,410.9158425331116,921.0,529.0,890.0
8,1764043194.4803922,413.24138927459717,921.0,539.0,876.0
8,1764043194.5105157,418.10162353515625,921.0,563.0,858.0
8,1764043194.5407474,422.8099732398987,921.0,588.0,862.0
8,1764043194.5760105,427.64399337768555,921.0,602.0,856.0
8,1764043194.6117592,434.81833028793335,921.0,588.0,872.0
8,1764043194.6493266,439.68575286865234,921.0,594.0,884.0
8,1764043194.6861026,444.4203882217407,921.0,592.0,894.0
8,1764043194.735429,451.7510085105896,921.0,597.0,891.0
8,1764043194.7610805,456.4016728401184,921.0,595.0,859.0
8,1764043194.7884607,461.30836296081543,921.0,606.0,859.0
8,1764043194.821076,466.05497884750366,921.0,613.0,867.0
8,1764043194.8688798,473.2253460884094,921.0,616.0,873.0
8,1764043194.916359,480.469277381897,921.0,622.0,875.0
8,1764043194.9560678,485.3539733886719,921.0,625.0,861.0
8,1764043194.9858768,490.0013475418091,921.0,609.0,842.0
8,1764043195.016351,494.92566871643066,921.0,616.0,846.0
8,1764043195.0464656,499.6624140739441,921.0,626.0,857.0
8,1764043195.08105,504.47082805633545,921.0,651.0,867.0
8,1764043195.116136,509.3364624977112,921.0,643.0,879.0
8,1764043195.146403,514.1089706420898,921.0,630.0,880.0
8,1764043195.1807268,518.8429980278015,921.0,648.0,881.0
8,1764043195.2255163,526.0894684791565,921.0,661.0,887.0
8,1764043195.2678523,533.236554145813,921.0,672.0,875.0
8,1764043195.300839,538.1552963256836,921.0,656.0,851.0
8,1764043195.3351583,542.8837447166443,921.0,652.0,865.0
8,1764043195.361438,545.2695159912109,921.0,662.0,883.0
8,1764043195.3908525,550.0460653305054,921.0,657.0,865.0
8,1764043195.4318714,557.3203234672546,921.0,657.0,848.0
8,1764043195.4562895,559.6081762313843,921.0,673.0,842.0
8,1764043195.5079744,569.2704586982727,921.0,687.0,832.0
8,1764043195.550517,574.0945010185242,921.0,689.0,821.0
8,1764043195.5760963,578.9453296661377,921.0,683.0,812.0
8,1764043195.6118174,583.7221293449402,921.0,664.0,836.0
8,1764043195.6467319,588.5164527893066,921.0,658.0,851.0
8,1764043195.6761744,593.3456449508667,921.0,687.0,842.0
8,1764043195.71059,598.0406908988953,921.0,697.0,838.0
8,1764043195.740753,602.8498558998108,921.0,684.0,839.0
8,1764043195.776668,607.6787977218628,921.0,688.0,839.0
8,1764043195.8206437,614.9290232658386,921.0,702.0,849.0
8,1764043195.8460407,619.7348265647888,921.0,717.0,850.0
8,1764043195.8761268,624.4420676231384,921.0,707.0,843.0
8,1764043195.9263864,631.7294507026672,921.0,695.0,852.0
8,1764043195.965575,636.5424065589905,921.0,698.0,850.0
8,1764043195.9906926,641.3018612861633,921.0,691.0,836.0
8,1764043196.0262046,646.1463241577148,921.0,688.0,831.0
8,1764043196.061178,650.9225158691406,921.0,693.0,836.0
8,1764043196.091005,655.9480814933777,921.0,711.0,858.0
8,1764043196.1266367,660.5190663337708,921.0,715.0,855.0
8,1764043196.1673412,667.7689342498779,921.0,713.0,862.0
8,1764043196.1907456,670.0598983764648,921.0,709.0,886.0
8,1764043196.2310283,677.2350220680237,921.0,713.0,884.0
8,1764043196.2613294,682.0273427963257,921.0,707.0,846.0
8,1764043196.2963746,686.8510274887085,921.0,712.0,830.0
8,1764043196.3415039,694.0824775695801,921.0,726.0,836.0
8,1764043196.3821306,698.9515810012817,921.0,734.0,841.0
8,1764043196.415589,703.6543159484863,921.0,732.0,840.0
8,1764043196.445742,708.45893907547,921.0,738.0,841.0
8,1764043196.481234,713.2395296096802,921.0,753.0,832.0
8,1764043196.5106792,718.0073885917664,921.0,767.0,845.0
8,1764043196.5564914,725.2369432449341,921.0,737.0,838.0
8,1764043196.5811129,730.073860168457,921.0,735.0,828.0
8,1764043196.6157486,734.903338432312,921.0,753.0,829.0
8,1764043196.6505628,739.6949796676636,921.0,767.0,823.0
8,1764043196.692149,746.9000368118286,921.0,771.0,815.0
8,1764043196.730716,751.6760139465332,921.0,777.0,831.0
8,1764043196.7611682,756.4183740615845,921.0,788.0,850.0
8,1764043196.791118,761.2109808921814,921.0,794.0,841.0
8,1764043196.825825,766.0887746810913,921.0,784.0,841.0
8,1764043196.8613162,770.926549911499,921.0,774.0,842.0
8,1764043196.8911767,776.026180267334,921.0,796.0,837.0
8,1764043196.9328845,783.4720640182495,921.0,808.0,821.0
8,1764043196.975933,787.7113847732544,921.0,810.0,805.0
8,1764043197.0134294,794.9514179229736,921.0,813.0,814.0
8,1764043197.0507128,799.6130971908569,921.0,826.0,832.0
8,1764043197.0861528,804.4567375183105,921.0,840.0,828.0
8,1764043197.1207876,809.3384294509888,921.0,845.0,804.0
8,1764043197.1560059,816.4216785430908,921.0,843.0,803.0
8,1764043197.1902666,821.2999730110168,921.0,831.0,806.0
8,1764043197.2117803,823.6219792366028,921.0,816.0,811.0
8,1764043197.2518601,830.8171300888062,921.0,807.0,802.0
8,1764043197.2860792,835.748532295227,921.0,824.0,809.0
8,1764043197.3170204,840.4338865280151,921.0,847.0,807.0
8,1764043197.351284,845.303991317749,921.0,841.0,818.0
8,1764043197.398271,852.4944930076599,921.0,836.0,838.0
8,1764043197.4413574,857.3241500854492,921.0,841.0,860.0
8,1764043197.4859955,864.4145874977112,921.0,859.0,846.0
8,1764043197.510872,869.3867592811584,921.0,880.0,801.0
8,1764043197.5453904,874.0211515426636,921.0,876.0,798.0
8,1764043197.5755553,878.812041759491,921.0,896.0,826.0
8,1764043197.610798,883.7570695877075,921.0,878.0,840.0
8,1764043197.6460896,888.4681372642517,921.0,864.0,848.0
8,1764043197.6865888,895.7323460578918,921.0,875.0,841.0
8,1764043197.7306635,903.1389265060425,921.0,888.0,830.0
8,1764043197.7677202,907.6883821487427,921.0,907.0,801.0
8,1764043197.8062696,912.5286965370178,921.0,915.0,809.0
8,1764043197.8362935,917.3821358680725,921.0,894.0,833.0
8,1764043197.8668642,922.0702795982361,921.0,895.0,828.0
8,1764043197.8965256,926.96559715271,921.0,905.0,825.0
8,1764043197.9309895,931.6451578140259,921.0,900.0,818.0
8,1764043197.9765184,938.8804702758789,921.0,904.0,820.0
8,1764043198.0176938,943.7572984695435,921.0,918.0,816.0
8,1764043198.0455616,948.416796207428,921.0,928.0,810.0
8,1764043198.0804873,953.3463387489319,921.0,938.0,799.0
8,1764043198.1110632,958.0400257110596,921.0,942.0,789.0
8,1764043198.1515548,965.2443318367004,921.0,933.0,784.0
8,1764043198.1763206,967.676558971405,921.0,937.0,814.0
8,1764043198.2169843,974.9399452209473,921.0,943.0,831.0
8,1764043198.2455263,979.6168236732483,921.0,938.0,831.0
8,1764043198.2859354,984.4780235290527,921.0,935.0,805.0
8,1764043198.316154,989.2692356109619,921.0,953.0,797.0
8,1764043198.3511515,994.0330533981323,921.0,975.0,804.0
8,1764043198.3812346,998.8700776100159,921.0,974.0,820.0
8,1764043198.4158685,1003.7690072059631,921.0,954.0,850.0
8,1764043198.4462962,1008.5026054382324,921.0,948.0,850.0
8,1764043198.486347,1015.6373887062073,921.0,973.0,848.0
8,1764043198.5355012,1022.9041366577148,921.0,1000.0,846.0
8,1764043198.5805287,1030.1384835243225,921.0,1030.0,855.0
8,1764043198.6184163,1034.8945050239563,921.0,1020.0,851.0
8,1764043198.6463819,1039.6464853286743,921.0,1009.0,858.0
8,1764043198.6808693,1044.5289282798767,921.0,1010.0,856.0
8,1764043198.7109387,1049.3664531707764,921.0,1026.0,854.0
8,1764043198.7502155,1054.149046421051,921.0,1040.0,841.0
8,1764043198.7755697,1058.821454524994,921.0,1054.0,823.0
8,1764043198.8107104,1063.7465267181396,921.0,1054.0,847.0
8,1764043198.8468685,1068.5244708061218,921.0,1048.0,857.0
8,1764043198.8855958,1075.6037859916687,921.0,1041.0,840.0
8,1764043198.9255428,1080.5225281715393,921.0,1036.0,814.0
8,1764043198.9605293,1085.2418570518494,921.0,1053.0,840.0
8,1764043199.0010839,1092.5275950431824,921.0,1072.0,861.0
8,1764043199.035727,1097.3938732147217,921.0,1084.0,835.0
8,1764043199.0935683,1106.9411783218384,921.0,1078.0,844.0
8,1764043199.1356914,1111.6464166641235,921.0,1075.0,867.0
8,1764043199.1721132,1118.896499156952,921.0,1093.0,885.0
8,1764043199.2057102,1123.7576990127563,921.0,1077.0,904.0
8,1764043199.2462547,1128.5161881446838,921.0,1058.0,867.0
8,1764043199.2864902,1135.666027545929,921.0,1069.0,859.0
8,1764043199.325471,1140.424910068512,921.0,1080.0,859.0
8,1764043199.3688996,1147.717299938202,921.0,1104.0,862.0
8,1764043199.4130397,1154.8629908561707,921.0,1109.0,856.0
8,1764043199.441107,1157.3399572372437,921.0,1087.0,848.0
8,1764043199.4713898,1162.076166152954,921.0,1074.0,853.0
8,1764043199.5083902,1169.3101196289062,921.0,1082.0,843.0
8,1764043199.5410833,1174.0895657539368,921.0,1106.0,834.0
8,1764043199.5908794,1181.3400416374207,921.0,1123.0,848.0
8,1764043199.6308427,1186.1499218940735,921.0,1141.0,863.0
8,1764043199.6701038,1193.2190446853638,921.0,1120.0,850.0
8,1764043199.696287,1195.682421207428,921.0,1123.0,855.0
8,1764043199.7321088,1202.8977065086365,921.0,1151.0,880.0
8,1764043199.761298,1205.2432446479797,921.0,1160.0,884.0
8,1764043199.8013668,1212.4695806503296,921.0,1168.0,877.0
8,1764043199.8359087,1217.3083214759827,921.0,1171.0,853.0
8,1764043199.8694522,1222.119131565094,921.0,1172.0,841.0
8,1764043199.9004958,1226.8335967063904,921.0,1168.0,846.0
8,1764043199.9367082,1231.6863923072815,921.0,1166.0,878.0
8,1764043199.9659014,1236.5638999938965,921.0,1160.0,874.0
8,1764043200.0018926,1241.2056951522827,921.0,1168.0,872.0
8,1764043200.0415597,1248.4455852508545,921.0,1202.0,886.0
8,1764043200.075581,1253.3163695335388,921.0,1199.0,877.0
8,1764043200.1055505,1258.14634847641,921.0,1171.0,871.0
8,1764043200.1357768,1262.8602771759033,921.0,1156.0,883.0
8,1764043200.181333,1270.1016335487366,921.0,1152.0,876.0
8,1764043200.2313697,1277.2376327514648,921.0,1156.0,864.0
8,1764043200.255824,1279.7181396484375,921.0,1162.0,859.0
8,1764043200.2866385,1284.4298152923584,921.0,1196.0,862.0
8,1764043200.3156352,1289.3116145133972,921.0,1195.0,855.0
8,1764043200.3518276,1294.077184677124,921.0,1192.0,866.0
8,1764043200.3883712,1301.3245134353638,921.0,1188.0,861.0
8,1764043200.41618,1303.6616473197937,921.0,1194.0,839.0
8,1764043200.4531538,1310.848572731018,921.0,1196.0,815.0
8,1764043200.4810398,1313.3604793548584,921.0,1178.0,815.0
8,1764043200.521761,1320.4270629882812,921.0,1161.0,829.0
8,1764043200.5503438,1325.2966313362122,921.0,1184.0,851.0
8,1764043200.576339,1327.6466398239136,921.0,1205.0,849.0
8,1764043200.614221,1334.8914651870728,921.0,1202.0,860.0
8,1764043200.6506467,1339.608326435089,921.0,1183.0,861.0
8,1764043200.6959555,1346.8438177108765,921.0,1196.0,870.0
8,1764043200.741087,1354.0063886642456,921.0,1204.0,860.0
8,1764043200.7754705,1358.8843612670898,921.0,1229.0,862.0
8,1764043200.8111498,1363.8559250831604,921.0,1250.0,867.0
8,1764043200.8533854,1371.5472130775452,921.0,1234.0,866.0
8,1764043200.896203,1375.6444482803345,921.0,1237.0,866.0
8,1764043200.9208975,1380.5090098381042,921.0,1260.0,853.0
8,1764043200.9505796,1385.2130680084229,921.0,1272.0,828.0
8,1764043200.9910004,1390.0839953422546,921.0,1273.0,803.0
8,1764043201.028769,1397.3359017372131,921.0,1288.0,798.0
8,1764043201.0611908,1402.0816593170166,921.0,1297.0,802.0
8,1764043201.0968263,1406.820300102234,921.0,1294.0,799.0
8,1764043201.1419818,1414.022424697876,921.0,1285.0,798.0
8,1764043201.180533,1418.8358097076416,921.0,1297.0,795.0
8,1764043201.2108526,1423.6541299819946,921.0,1301.0,813.0
8,1764043201.2458816,1428.489616394043,921.0,1298.0,837.0
8,1764043201.276031,1433.2446365356445,921.0,1302.0,837.0
8,1764043201.311775,1438.1321578025818,921.0,1304.0,830.0
8,1764043201.3527887,1445.2248482704163,921.0,1295.0,855.0
8,1764043201.380934,1450.0359444618225,921.0,1317.0,879.0
8,1764043201.4163425,1454.8901705741882,921.0,1352.0,880.0
8,1764043201.4462488,1459.748902797699,921.0,1373.0,873.0
8,1764043201.4805686,1464.4615082740784,921.0,1365.0,871.0
8,1764043201.5110857,1469.395664215088,921.0,1368.0,872.0
8,1764043201.5456312,1474.0859179496765,921.0,1378.0,885.0
8,1764043201.5921772,1481.6137342453003,921.0,1390.0,885.0
8,1764043201.631085,1486.1565380096436,921.0,1394.0,884.0
8,1764043201.6808822,1493.2044534683228,921.0,1385.0,900.0
8,1764043201.7172222,1500.4562525749207,921.0,1395.0,901.0
8,1764043201.7561133,1505.3689150810242,921.0,1396.0,890.0
8,1764043201.7973578,1512.5046281814575,921.0,1392.0,884.0
8,1764043201.8406403,1517.262580871582,921.0,1380.0,902.0
8,1764043201.865714,1522.089126586914,921.0,1387.0,904.0
8,1764043201.8964088,1526.8911390304565,921.0,1379.0,906.0
8,1764043201.9310067,1531.6937952041626,921.0,1379.0,918.0
8,1764043201.966011,1536.4540367126465,921.0,1394.0,905.0
8,1764043202.0063417,1543.6732559204102,921.0,1425.0,885.0
8,1764043202.0562,1550.8090405464172,921.0,1443.0,872.0
8,1764043202.090673,1555.6145935058594,921.0,1462.0,873.0
8,1764043202.1342537,1562.8734378814697,921.0,1450.0,888.0
8,1764043202.161174,1565.323009967804,921.0,1463.0,892.0
8,1764043202.1907122,1570.102313041687,921.0,1492.0,908.0
8,1764043202.2292638,1577.3072271347046,921.0,1486.0,916.0
8,1764043202.255733,1579.643967628479,921.0,1465.0,923.0
8,1764043202.293142,1586.9770913124084,921.0,1458.0,916.0
8,1764043202.3359194,1591.7747764587402,921.0,1462.0,892.0
8,1764043202.3765755,1598.8743333816528,921.0,1488.0,890.0
8,1764043202.4007716,1601.2632517814636,921.0,1506.0,901.0
8,1764043202.4306498,1606.1421542167664,921.0,1499.0,913.0
8,1764043202.467872,1613.2176785469055,921.0,1502.0,919.0
8,1764043202.4962857,1615.7560496330261,921.0,1510.0,931.0
8,1764043202.5454571,1625.357964515686,921.0,1529.0,928.0
8,1764043202.5843651,1630.0424246788025,921.0,1526.0,916.0
8,1764043202.61198,1634.8468689918518,921.0,1538.0,889.0
8,1764043202.6411831,1637.27072763443,921.0,1551.0,888.0
8,1764043202.6866505,1644.4266467094421,921.0,1571.0,898.0
8,1764043202.726095,1651.6105680465698,921.0,1578.0,909.0
8,1764043202.7513466,1654.1392831802368,921.0,1562.0,902.0
8,1764043202.787898,1661.2496404647827,921.0,1547.0,907.0
8,1764043202.8229573,1666.03151845932,921.0,1549.0,904.0
8,1764043202.8614528,1670.9530143737793,921.0,1549.0,901.0
8,1764043202.906332,1678.0994563102722,921.0,1549.0,902.0
8,1764043202.9413385,1682.924499988556,921.0,1582.0,902.0
8,1764043202.976246,1687.6234440803528,921.0,1577.0,902.0
8,1764043203.006714,1692.5015954971313,921.0,1557.0,918.0
8,1764043203.041405,1697.2102313041687,921.0,1566.0,923.0
8,1764043203.0717087,1702.0884184837341,921.0,1580.0,936.0
8,1764043203.1080003,1709.2727689743042,921.0,1594.0,937.0
8,1764043203.1360247,1711.6631894111633,921.0,1602.0,935.0
8,1764043203.1726663,1718.91295003891,921.0,1604.0,934.0
8,1764043203.2013993,1721.2711482048035,921.0,1601.0,931.0
9,1764043203.2377267,1726.1050610542297,921.0,1599.0,946.0
9,1764043203.2615297,1726.1050610542297,921.0,1612.0,933.0
9,1764043203.2957363,1726.1050610542297,921.0,1626.0,912.0
9,1764043203.32585,1726.1050610542297,921.0,1639.0,910.0
9,1764043203.3559022,1726.1050610542297,921.0,1627.0,928.0
9,1764043203.3867443,1726.1050610542297,921.0,1618.0,947.0
9,1764043203.4154303,1726.1050610542297,921.0,1599.0,951.0
9,1764043203.466521,1726.1050610542297,921.0,1595.0,940.0
9,1764043203.5065129,1726.1050610542297,921.0,1586.0,944.0
9,1764043203.5304375,1726.1050610542297,921.0,1596.0,968.0
9,1764043203.5664017,1726.1050610542297,921.0,1613.0,984.0
9,1764043203.6008372,1726.1050610542297,921.0,1625.0,983.0
9,1764043203.6364882,1726.1050610542297,921.0,1637.0,966.0
9,1764043203.6655142,1726.1050610542297,921.0,1320.0,952.0
9,1764043203.6958358,1726.1050610542297,921.0,917.0,891.0
9,1764043203.7263045,178.0,1014.0,1195.0,1619.0
9,1764043203.7662172,182.92593050003052,1014.0,542.0,953.0
9,1764043203.7956583,187.69772338867188,1014.0,512.0,1010.0
9,1764043203.833008,194.83014631271362,1014.0,548.0,1025.0
9,1764043203.857375,197.35521364212036,1014.0,463.0,933.0
9,1764043203.891189,202.0622043609619,1014.0,428.0,923.0
9,1764043203.9309494,209.22903108596802,1014.0,432.0,944.0
9,1764043203.971033,214.1491322517395,1014.0,449.0,943.0
9,1764043204.0107126,221.2933211326599,1014.0,445.0,942.0
9,1764043204.0463526,226.03171157836914,1014.0,441.0,934.0
9,1764043204.0865128,230.92470455169678,1014.0,439.0,951.0
9,1764043204.1233191,238.0526213645935,1014.0,351.0,1007.0
9,1764043204.1708403,245.23568439483643,1014.0,406.0,1007.0
9,1764043204.205797,250.13397026062012,1014.0,379.0,1009.0
9,1764043204.2411618,254.85930728912354,1014.0,402.0,992.0
9,1764043204.2763522,259.6325306892395,1014.0,400.0,997.0
9,1764043204.3261464,266.81269693374634,1014.0,410.0,979.0
9,1764043204.3622272,274.1173892021179,1014.0,407.0,981.0
9,1764043204.401768,278.94250440597534,1014.0,399.0,983.0
9,1764043204.4387712,283.6231379508972,1014.0,416.0,992.0
9,1764043204.4764128,290.84393072128296,1014.0,423.0,972.0
9,1764043204.516003,295.6211953163147,1014.0,420.0,976.0
9,1764043204.5506322,302.97652769088745,1014.0,431.0,990.0
9,1764043204.595614,307.7089457511902,1014.0,419.0,969.0
9,1764043204.6426768,314.83046102523804,1014.0,438.0,988.0
9,1764043204.681474,322.0926671028137,1014.0,434.0,965.0
9,1764043204.7158945,326.9360213279724,1014.0,467.0,922.0
9,1764043204.7461338,331.7026643753052,1014.0,439.0,926.0
9,1764043204.7940571,338.8872652053833,1014.0,-36.0,685.0
9,1764043204.831368,343.66585302352905,1014.0,-87.0,741.0
9,1764043204.8810706,350.81261682510376,1014.0,418.0,937.0
9,1764043204.9154189,355.65339612960815,1014.0,-86.0,909.0
9,1764043204.9540923,362.8175048828125,1014.0,-90.0,741.0
9,1764043204.9863973,367.65978622436523,1014.0,-68.0,814.0
9,1764043205.0266397,372.5325016975403,1014.0,439.0,946.0
9,1764043205.0708594,379.76466703414917,1014.0,452.0,944.0
9,1764043205.1144376,386.886182308197,1014.0,-1166.0,-28.0
9,1764043205.146493,391.73339891433716,1014.0,-1205.0,-37.0
9,1764043205.1776075,396.5141324996948,1014.0,2456.0,3292.0
9,1764043205.2213054,401.21300506591797,1014.0,2457.0,3290.0
9,1764043205.261398,408.56100606918335,1014.0,2459.0,3297.0
9,1764043205.2855377,410.9433798789978,1014.0,545.0,955.0
9,1764043205.3251188,418.0402903556824,1014.0,2459.0,3303.0
9,1764043205.3534207,422.91515159606934,1014.0,591.0,938.0
9,1764043205.3861163,427.63533878326416,1014.0,2460.0,3299.0
9,1764043205.4177327,432.4326663017273,1014.0,623.0,936.0
9,1764043205.461109,437.26811695098877,1014.0,624.0,939.0
9,1764043205.4854355,442.0304684638977,1014.0,614.0,938.0
9,1764043205.521191,446.8368082046509,1014.0,-1277.0,150.0
9,1764043205.5565104,451.68119955062866,1014.0,629.0,923.0
9,1764043205.597332,458.86787462234497,1014.0,638.0,918.0
9,1764043205.620804,461.3580017089844,1014.0,631.0,909.0
9,1764043205.6506138,466.1156325340271,1014.0,632.0,914.0
9,1764043205.6857073,470.8513765335083,1014.0,631.0,913.0
9,1764043205.7214215,478.12502670288086,1014.0,637.0,921.0
9,1764043205.7564383,482.8420310020447,1014.0,652.0,917.0
9,1764043205.7862785,487.63252782821655,1014.0,666.0,920.0
9,1764043205.8187468,492.59386348724365,1014.0,660.0,938.0
9,1764043205.860588,497.26716566085815,1014.0,653.0,962.0
9,1764043205.897585,504.4159321784973,1014.0,-1763.0,65.0
9,1764043205.9265647,506.90920639038086,1014.0,679.0,935.0
9,1764043205.9615693,514.1141204833984,1014.0,682.0,936.0
9,1764043205.9907475,518.9938097000122,1014.0,665.0,952.0
9,1764043206.0237255,521.2525515556335,1014.0,656.0,957.0
9,1764043206.0606866,528.5072116851807,1014.0,668.0,950.0
9,1764043206.0931466,533.2963852882385,1014.0,671.0,945.0
9,1764043206.137334,540.5308394432068,1014.0,668.0,933.0
9,1764043206.1758556,545.2563195228577,1014.0,669.0,936.0
9,1764043206.2116306,550.0662355422974,1014.0,662.0,942.0
9,1764043206.2412627,554.8885970115662,1014.0,641.0,960.0
9,1764043206.2756002,559.7234396934509,1014.0,640.0,947.0
9,1764043206.3062155,564.4673018455505,1014.0,647.0,914.0
9,1764043206.34065,569.25075340271,1014.0,666.0,918.0
9,1764043206.3773847,576.5278367996216,1014.0,659.0,910.0
9,1764043206.4063244,578.8308172225952,1014.0,663.0,908.0
9,1764043206.4357388,583.7368636131287,1014.0,663.0,906.0
9,1764043206.4760745,590.8968954086304,1014.0,671.0,909.0
9,1764043206.5067136,595.6785230636597,1014.0,694.0,894.0
9,1764043206.536482,600.4915146827698,1014.0,702.0,903.0
9,1764043206.5710049,605.3516416549683,1014.0,707.0,889.0
9,1764043206.6062167,610.0472955703735,1014.0,704.0,863.0
9,1764043206.63606,614.9195103645325,1014.0,725.0,845.0
9,1764043206.6814396,622.0406322479248,1014.0,730.0,849.0
9,1764043206.726635,626.9574790000916,1014.0,722.0,860.0
9,1764043206.7676284,634.1240196228027,1014.0,718.0,851.0
9,1764043206.8062932,638.949170589447,1014.0,726.0,872.0
9,1764043206.8455145,646.1032299995422,1014.0,734.0,882.0
9,1764043206.8762927,650.9190111160278,1014.0,745.0,891.0
9,1764043206.9013352,653.31658411026,1014.0,747.0,888.0
9,1764043206.938507,660.5303316116333,1014.0,745.0,894.0
9,1764043206.9660523,662.8499059677124,1014.0,744.0,911.0
9,1764043207.0027812,670.1341776847839,1014.0,739.0,907.0
9,1764043207.0403917,674.9508528709412,1014.0,749.0,905.0
9,1764043207.0706582,679.6794443130493,1014.0,764.0,888.0
9,1764043207.1062462,684.5783381462097,1014.0,756.0,889.0
9,1764043207.1360643,689.3024234771729,1014.0,764.0,906.0
9,1764043207.1711075,694.0913467407227,1014.0,764.0,932.0
9,1764043207.2060194,698.8711504936218,1014.0,768.0,940.0
9,1764043207.2599018,708.4028272628784,1014.0,782.0,919.0
9,1764043207.2960024,713.2761507034302,1014.0,810.0,905.0
9,1764043207.3367832,720.4179792404175,1014.0,805.0,939.0
9,1764043207.3757658,725.2398400306702,1014.0,796.0,954.0
9,1764043207.405615,730.1026849746704,1014.0,797.0,918.0
9,1764043207.43593,734.9149971008301,1014.0,790.0,922.0
9,1764043207.4820411,742.0823602676392,1014.0,797.0,931.0
9,1764043207.5210629,746.9236044883728,1014.0,809.0,936.0
9,1764043207.550883,751.6006259918213,1014.0,816.0,920.0
9,1764043207.5862505,756.5892844200134,1014.0,829.0,909.0
9,1764043207.6161382,761.3670496940613,1014.0,851.0,917.0
9,1764043207.6509187,766.0759358406067,1014.0,850.0,927.0
9,1764043207.6856842,770.8176522254944,1014.0,838.0,918.0
9,1764043207.7259016,778.0695943832397,1014.0,835.0,918.0
9,1764043207.7714388,785.2326302528381,1014.0,859.0,929.0
9,1764043207.811271,790.0775938034058,1014.0,864.0,924.0
9,1764043207.8461337,794.8564677238464,1014.0,866.0,898.0
9,1764043207.8860865,802.1272568702698,1014.0,881.0,894.0
9,1764043207.913369,806.9207577705383,1014.0,889.0,924.0
9,1764043207.9458776,811.7151169776917,1014.0,890.0,920.0
9,1764043207.9776006,816.4902000427246,1014.0,919.0,904.0
9,1764043208.005925,818.9784317016602,1014.0,924.0,906.0
9,1764043208.0427108,826.0366826057434,1014.0,921.0,921.0
9,1764043208.0813434,830.9257774353027,1014.0,910.0,929.0
9,1764043208.1062362,835.658839225769,1014.0,898.0,934.0
9,1764043208.1410103,840.5937104225159,1014.0,889.0,914.0
9,1764043208.1761477,845.3298478126526,1014.0,896.0,914.0
9,1764043208.2101588,850.1141219139099,1014.0,896.0,926.0
9,1764043208.2460883,854.8526911735535,1014.0,894.0,927.0
9,1764043208.2764401,859.6988348960876,1014.0,896.0,935.0
9,1764043208.3162532,866.8743162155151,1014.0,907.0,935.0
9,1764043208.3624055,874.1148142814636,1014.0,913.0,933.0
9,1764043208.3962224,878.9937882423401,1014.0,919.0,912.0
9,1764043208.4358828,883.6054711341858,1014.0,924.0,897.0
9,1764043208.4666214,888.4350924491882,1014.0,912.0,895.0
9,1764043208.495716,893.350329875946,1014.0,905.0,909.0
9,1764043208.5261233,898.0964093208313,1014.0,910.0,902.0
9,1764043208.5613678,902.9125480651855,1014.0,930.0,903.0
9,1764043208.6057744,910.095217704773,1014.0,950.0,907.0
9,1764043208.6454237,914.8141531944275,1014.0,953.0,910.0
9,1764043208.6711283,919.7345404624939,1014.0,949.0,875.0
9,1764043208.7007046,924.4513659477234,1014.0,944.0,858.0
9,1764043208.735456,929.303768157959,1014.0,936.0,866.0
9,1764043208.7661488,934.1367869377136,1014.0,947.0,884.0
9,1764043208.801099,938.868239402771,1014.0,972.0,893.0
9,1764043208.835744,943.6162858009338,1014.0,983.0,896.0
9,1764043208.865759,948.5446481704712,1014.0,971.0,890.0
9,1764043208.900537,953.2737760543823,1014.0,952.0,902.0
9,1764043208.9309664,958.0475001335144,1014.0,947.0,914.0
9,1764043208.9606352,962.9011898040771,1014.0,939.0,910.0
9,1764043208.9956174,967.6666884422302,1014.0,941.0,890.0
9,1764043209.0259013,972.526743888855,1014.0,954.0,877.0
9,1764043209.0613909,977.2012619972229,1014.0,984.0,891.0
9,1764043209.0906365,982.1374921798706,1014.0,983.0,911.0
9,1764043209.1261127,986.8543176651001,1014.0,970.0,909.0
9,1764043209.1558852,991.7254595756531,1014.0,972.0,912.0
9,1764043209.1879258,996.47003698349,1014.0,965.0,932.0
9,1764043209.2285209,1003.7023811340332,1014.0,969.0,951.0
9,1764043209.2616253,1008.4979205131531,1014.0,977.0,929.0
9,1764043209.2912672,1013.2177858352661,1014.0,969.0,907.0
9,1764043209.3367627,1020.4067497253418,1014.0,962.0,886.0
9,1764043209.3757062,1025.2012162208557,1014.0,975.0,892.0
9,1764043209.4193017,1032.4575572013855,1014.0,993.0,916.0
9,1764043209.465726,1039.6158723831177,1014.0,998.0,938.0
9,1764043209.4976473,1044.568124294281,1014.0,1000.0,926.0
9,1764043209.5262284,1046.9690232276917,1014.0,985.0,920.0
9,1764043209.5616782,1054.110279560089,1014.0,995.0,927.0
9,1764043209.5956614,1058.9513092041016,1014.0,1008.0,928.0
9,1764043209.630766,1063.6327652931213,1014.0,1017.0,905.0
9,1764043209.658739,1068.5327320098877,1014.0,1023.0,912.0
9,1764043209.6914744,1073.3139305114746,1014.0,1020.0,934.0
9,1764043209.7259722,1078.101637840271,1014.0,1000.0,917.0
9,1764043209.7611005,1082.8093795776367,1014.0,1008.0,914.0
9,1764043209.7963047,1087.6052050590515,1014.0,1032.0,927.0
9,1764043209.825562,1092.4882917404175,1014.0,1059.0,948.0
9,1764043209.8605072,1097.2160964012146,1014.0,1055.0,925.0
9,1764043209.8907368,1102.0965008735657,1014.0,1060.0,896.0
9,1764043209.926263,1106.9734363555908,1014.0,1050.0,910.0
9,1764043209.9560978,1111.71000289917,1014.0,1037.0,944.0
9,1764043209.9964027,1118.881371498108,1014.0,1036.0,962.0
9,1764043210.0283892,1123.6857442855835,1014.0,1034.0,952.0
9,1764043210.058208,1128.4483103752136,1014.0,1050.0,935.0
9,1764043210.0928838,1133.3195595741272,1014.0,1070.0,944.0
9,1764043210.125397,1138.1442098617554,1014.0,1080.0,949.0
9,1764043210.156207,1142.8780584335327,1014.0,1075.0,925.0
9,1764043210.201319,1150.1081852912903,1014.0,1066.0,921.0
9,1764043210.2405722,1154.9906640052795,1014.0,1075.0,930.0
9,1764043210.2706928,1159.6409349441528,1014.0,1096.0,942.0
9,1764043210.3057773,1164.4402294158936,1014.0,1086.0,948.0
9,1764043210.3463218,1171.657910823822,1014.0,1080.0,963.0
9,1764043210.385605,1176.5408544540405,1014.0,1070.0,957.0
9,1764043210.4268472,1183.7329654693604,1014.0,1083.0,915.0
9,1764043210.4661465,1188.5741381645203,1014.0,1128.0,912.0
9,1764043210.4959369,1193.3960347175598,1014.0,1143.0,926.0
9,1764043210.5462663,1200.427248954773,1014.0,1146.0,927.0
9,1764043210.5962355,1207.6261191368103,1014.0,1155.0,932.0
9,1764043210.6254551,1212.5937490463257,1014.0,1156.0,947.0
9,1764043210.6565735,1217.355206489563,1014.0,1160.0,958.0
9,1764043210.6984375,1224.5360164642334,1014.0,1164.0,959.0
9,1764043210.747631,1231.8399934768677,1014.0,1171.0,952.0
9,1764043210.786653,1236.514153957367,1014.0,1176.0,927.0
9,1764043210.8165033,1241.222575187683,1014.0,1176.0,894.0
9,1764043210.8597744,1248.4893231391907,1014.0,1187.0,895.0
9,1764043210.9004416,1253.3211975097656,1014.0,1188.0,921.0
9,1764043210.926646,1258.1247119903564,1014.0,1186.0,935.0
9,1764043210.9564762,1262.8305940628052,1014.0,1189.0,913.0
9,1764043210.9908516,1267.6698713302612,1014.0,1194.0,894.0
9,1764043211.025503,1272.5938348770142,1014.0,1152.0,921.0
9,1764043211.060886,1277.236023426056,1014.0,1154.0,953.0
9,1764043211.0911849,1282.0690779685974,1014.0,1147.0,970.0
9,1764043211.1265862,1286.9375376701355,1014.0,1151.0,966.0
9,1764043211.1558464,1291.7222409248352,1014.0,1139.0,934.0
9,1764043211.19635,1298.9923148155212,1014.0,1144.0,916.0
9,1764043211.2204003,1301.3898520469666,1014.0,1164.0,950.0
9,1764043211.266283,1308.4967403411865,1014.0,1175.0,976.0
9,1764043211.3014712,1313.2233290672302,1014.0,1183.0,965.0
9,1764043211.330755,1318.0204420089722,1014.0,1205.0,951.0
9,1764043211.3615057,1322.8189496994019,1014.0,1207.0,927.0
9,1764043211.3966458,1327.7400522232056,1014.0,1202.0,925.0
9,1764043211.4304802,1334.9537281990051,1014.0,1213.0,939.0
9,1764043211.461782,1337.2676162719727,1014.0,1209.0,947.0
9,1764043211.49072,1342.0804290771484,1014.0,1209.0,922.0
9,1764043211.540438,1349.2721109390259,1014.0,1242.0,926.0
9,1764043211.5810785,1356.5377144813538,1014.0,1275.0,949.0
9,1764043211.6156476,1361.3306789398193,1014.0,1263.0,977.0
9,1764043211.6610298,1368.58119058609,1014.0,1241.0,972.0
9,1764043211.6962624,1373.3726172447205,1014.0,1232.0,987.0
9,1764043211.7260375,1378.094199180603,1014.0,1245.0,973.0
9,1764043211.7664158,1383.0073266029358,1014.0,1244.0,949.0
9,1764043211.8005826,1390.09876537323,1014.0,1238.0,943.0
9,1764043211.8307474,1394.993796825409,1014.0,1268.0,949.0
9,1764043211.8604069,1397.2999243736267,1014.0,1287.0,942.0
9,1764043211.906715,1404.4815211296082,1014.0,1284.0,938.0
9,1764043211.9466598,1411.6084008216858,1014.0,1267.0,945.0
9,1764043211.970709,1414.0414147377014,1014.0,1274.0,942.0
9,1764043212.0057628,1418.819537639618,1014.0,1289.0,940.0
9,1764043212.0505981,1426.1270909309387,1014.0,1310.0,943.0
9,1764043212.0854774,1430.959680557251,1014.0,1346.0,950.0
9,1764043212.1157596,1435.6207160949707,1014.0,1348.0,954.0
9,1764043212.1461122,1440.489676475525,1014.0,1341.0,948.0
9,1764043212.1809883,1445.3116087913513,1014.0,1350.0,942.0
9,1764043212.2260945,1452.4487881660461,1014.0,1370.0,950.0
9,1764043212.2607343,1457.3084859848022,1014.0,1382.0,977.0
9,1764043212.2860932,1462.0829610824585,1014.0,1373.0,998.0
9,1764043212.3213012,1466.8054013252258,1014.0,1355.0,995.0
9,1764043212.3560863,1471.6310172080994,1014.0,1350.0,967.0
9,1764043212.394651,1478.8979082107544,1014.0,1343.0,960.0
9,1764043212.4261703,1483.6655883789062,1014.0,1366.0,967.0
9,1764043212.4579077,1488.4080557823181,1014.0,1382.0,1000.0
9,1764043212.4962554,1493.338635444641,1014.0,1373.0,998.0
9,1764043212.5226285,1498.121943950653,1014.0,1369.0,977.0
9,1764043212.560904,1502.9141573905945,1014.0,1389.0,948.0
9,1764043212.590885,1507.7137022018433,1014.0,1380.0,929.0
9,1764043212.636114,1514.8062496185303,1014.0,1353.0,936.0
9,1764043212.676038,1519.6388034820557,1014.0,1348.0,958.0
9,1764043212.712521,1527.259853363037,1014.0,1382.0,1006.0
9,1764043212.7637894,1534.1063885688782,1014.0,1420.0,981.0
9,1764043212.7961326,1538.802400112152,1014.0,1401.0,941.0
9,1764043212.82603,1543.6603813171387,1014.0,1389.0,944.0
9,1764043212.8605945,1548.4434752464294,1014.0,1402.0,948.0
9,1764043212.8966026,1553.3183007240295,1014.0,1413.0,928.0
9,1764043212.9374325,1560.5191020965576,1014.0,1432.0,919.0
9,1764043212.9765568,1565.2771620750427,1014.0,1460.0,917.0
9,1764043213.0031507,1570.0343279838562,1014.0,1463.0,931.0
9,1764043213.03658,1574.8854069709778,1014.0,1470.0,954.0
9,1764043213.071083,1579.7568707466125,1014.0,1473.0,948.0
9,1764043213.105817,1584.4711213111877,1014.0,1490.0,929.0
9,1764043213.140933,1589.3741993904114,1014.0,1524.0,924.0
9,1764043213.181055,1596.5183882713318,1014.0,1527.0,921.0
9,1764043213.2112484,1601.2362508773804,1014.0,1507.0,929.0
9,1764043213.2364614,1603.7805228233337,1014.0,1488.0,940.0
9,1764043213.275536,1611.0092549324036,1014.0,1513.0,925.0
9,1764043213.3103952,1615.6684308052063,1014.0,1542.0,922.0
9,1764043213.3374155,1620.4561023712158,1014.0,1550.0,928.0
9,1764043213.3766751,1625.393798828125,1014.0,1537.0,948.0
9,1764043213.4063032,1630.0111322402954,1014.0,1528.0,958.0
9,1764043213.446672,1634.938350200653,1014.0,1535.0,961.0
9,1764043213.4855292,1642.0115857124329,1014.0,1533.0,962.0
9,1764043213.5160797,1646.8341975212097,1014.0,1535.0,951.0
9,1764043213.5512068,1651.7221837043762,1014.0,1546.0,945.0
9,1764043213.5813346,1656.4950137138367,1014.0,1551.0,953.0
9,1764043213.6156375,1661.3189487457275,1014.0,1567.0,973.0
9,1764043213.6491632,1666.0541563034058,1014.0,1589.0,974.0
9,1764043213.6811464,1670.9798364639282,1014.0,1604.0,971.0
9,1764043213.7108727,1675.7168679237366,1014.0,1606.0,957.0
9,1764043213.7462628,1680.415919303894,1014.0,1611.0,942.0
9,1764043213.781195,1685.3189973831177,1014.0,1606.0,937.0
9,1764043213.821412,1692.4186615943909,1014.0,1613.0,933.0
9,1764043213.8663995,1699.669316291809,1014.0,1625.0,942.0
9,1764043213.9005837,1704.4764785766602,1014.0,1639.0,942.0
9,1764043213.9457216,1711.6136221885681,1014.0,1635.0,959.0
9,1764043213.9907126,1718.9885883331299,1014.0,1633.0,963.0
9,1764043214.016774,1721.33838224411,1014.0,1644.0,960.0
