timestamp,target_index,target_x,target_y,original_gaze_x,original_gaze_y,rbf_gaze_x,rbf_gaze_y,poly_gaze_x,poly_gaze_y,original_dx,original_dy,rbf_dx,rbf_dy,poly_dx,poly_dy,spread,n_samples,sim_rbf_gaze_x,sim_rbf_gaze_y,sim_pwa_gaze_x,sim_pwa_gaze_y,sim_gpr_gaze_x,sim_gpr_gaze_y,subject_name,distance,is_outlier
2025-11-07T14:23:02.537,11,1336,321,1314.5363636363636,437.2272727272728,1331,376,1355,362,-21,116,-5,55,19,41,39.55,110,1354.929603725667,351.462817428998,1348.0267133823547,327.71263121722785,1351.22789082671,320.88892664729826,subject_001,118.19249811883267,False
2025-11-07T14:23:08.941,19,569,476,514.3703703703703,487.0185185185185,551,470,563,477,-54,11,-18,-6,-6,1,53.94,108,562.0186165035623,474.9188315679571,569.1007818106315,466.3873131157932,566.148324575524,466.8933574274116,subject_001,55.729742362704734,False
2025-11-07T14:23:21.750,4,202,234,111.49090909090908,231.9181818181818,144,250,184,234,-90,-2,-58,16,-18,0,40.06,110,166.64741083858087,251.2256894299696,163.0,132.0,172.34538200021177,254.9717199274059,subject_001,90.5330299069474,False
2025-11-07T14:23:34.565,18,1800,203,1753.8818181818183,298.6909090909091,1756,256,1779,158,-46,95,-44,53,-21,-45,40.98,110,1779.0620100484086,202.35217787155284,1741.0,132.0,1766.7848519618326,209.50082447551696,subject_001,106.22446411660307,False
2025-11-07T14:23:53.783,17,1046,679,1003.5855855855856,692.3423423423424,1036,680,1046,679,-42,13,-10,1,0,0,60.89,111,1043.6429364878743,681.3512840502269,1050.385261361006,670.6935096883391,1049.671201585341,679.1887085226098,subject_001,44.46347545230745,False
2025-11-07T14:24:00.188,16,924,834,888.5229357798165,820.0,910,834,924,839,-35,-14,-14,0,0,5,47.83,109,917.1954274701496,842.7685392971238,916.3249410494548,839.5560908015934,911.3303925698652,852.6965359280301,subject_001,38.139508199281,False
2025-11-07T14:24:06.598,3,386,572,298.6756756756757,599.5585585585585,324,599,345,606,-87,27,-62,27,-41,34,105.28,111,340.5667292657951,612.9612618236581,339.6098398698504,609.7647651124541,342.5428668980005,604.3930901218222,subject_001,91.56970988555813,False
2025-11-07T14:24:19.407,15,363,581,283.6422018348624,578.6146788990826,312,577,332,583,-79,-2,-51,-4,-31,2,59.51,109,327.66915590205247,591.4747544182991,329.76052982302735,586.9859748969388,332.1302381378934,582.7133984428057,subject_001,79.39363882814035,False
2025-11-07T14:24:25.807,2,1399,894,1370.0,911.9908256880734,1424,948,1421,924,-29,17,25,54,22,30,26.44,109,1420.782126477311,933.7918242152788,1422.6552311811615,961.7010099841036,1425.127378036735,959.6871324025618,subject_001,34.12725903055565,False
2025-11-07T14:24:38.621,8,1322,465,1289.990990990991,609.027027027027,1322,573,1336,557,-32,144,0,108,14,92,42.31,111,1334.1636884085406,560.8920622221424,1333.2496337303362,542.7762536849043,1338.0225829764038,545.3442600636373,subject_001,147.5410491083169,False
2025-11-07T14:24:57.839,12,255,558,165.61261261261262,549.1531531531532,194,558,218,554,-89,-8,-61,0,-37,-4,62.49,111,213.2625249187738,570.0590661858371,222.03411571361252,565.5851216678209,221.4576059851102,562.4885343793591,subject_001,89.82411548729229,False
2025-11-07T14:25:04.243,14,1141,837,1125.6542056074766,873.9626168224299,1154,917,1167,893,-15,36,13,80,26,56,26.16,107,1165.2528002485735,904.810509420612,1161.542537667634,941.4288908174352,1167.872344855354,929.5040059549116,subject_001,40.02159976686819,False
2025-11-07T14:51:37.897,2,708,533,769.5641025641025,498.8034188034188,713,541,717,556,61,-34,5,8,9,23,43.66,117,721.0155156341749,569.1091582404845,702.5860361706897,552.1228303439667,719.2008423766409,576.5292987388212,subject_001,70.42403630904514,False
2025-11-07T14:51:50.702,8,1390,913,1345.4444444444443,800.8717948717949,1350,914,1361,938,-44,-112,-40,1,-29,25,41.52,117,1361.1337300955086,924.1715619594028,1354.788875475854,940.0083676136078,1366.718800501192,930.13876188062,subject_001,120.656255188602,False
2025-11-07T14:51:57.106,9,448,465,490.9741379310345,475.4655172413793,468,503,456,505,42,10,20,38,8,40,55.46,116,458.4779387343509,521.7965622579891,459.3085129291065,530.2834405138807,463.7141373286324,525.4062720300591,subject_001,44.2301207554895,False
2025-11-07T14:52:09.913,17,347,322,296.09565217391304,349.8695652173913,300,352,291,346,-50,27,-47,30,-56,24,57.11,115,287.3920998204751,354.8599449032417,296.07821057016105,351.4558214565517,295.0005515702992,356.79524419848536,subject_001,58.03417349291426,False
2025-11-07T14:52:35.526,0,1597,599,1501.5277777777778,596.574074074074,1506,634,1519,665,-95,-2,-91,35,-78,66,42.92,108,1515.1381007825266,655.5846595950093,1499.9026212440108,663.3705637687654,1518.9845024927615,652.236330554579,subject_001,95.50303834249176,False
2025-11-07T14:52:41.934,7,1685,670,1578.6495726495727,610.982905982906,1610,642,1616,672,-106,-59,-75,-28,-69,2,54.53,117,1607.6739957606478,669.3999023302382,1617.3790736662204,654.3756965026824,1611.1112629622858,666.5692169784548,subject_001,121.62824829718224,False
2025-11-07T14:52:48.337,16,1231,541,1196.9298245614036,493.60526315789474,1161,504,1157,559,-34,-47,-70,-37,-74,18,41.72,114,1161.736775344912,546.352721052729,1149.4368482535367,522.997188009225,1158.7961472397214,543.8770889279584,subject_001,58.36983754259683,False
2025-11-07T14:53:07.564,3,765,460,767.4491525423729,400.8813559322034,712,436,716,443,2,-59,-53,-24,-49,-17,41.77,118,718.6548630048516,451.68250905466766,702.9893252811398,443.2111099032618,717.4765408026713,457.84102422059766,subject_001,59.1693537618135,False
2025-11-07T14:53:20.367,10,514,204,515.9487179487179,209.7692307692308,496,218,489,212,1,5,-18,14,-25,8,40.86,117,489.4342001741799,214.4380406574065,490.2133947336213,214.65577017999064,493.482694641826,221.3981905773424,subject_001,6.089460182339214,False
2025-11-07T14:53:26.773,1,929,330,905.4782608695652,359.7826086956522,848,399,849,400,-23,29,-81,69,-80,70,47.62,115,854.7999235727914,400.4093995329532,846.7863555281145,396.64118440931713,849.9791013492392,402.1657452096811,subject_001,37.95096826747063,False
2025-11-07T14:53:33.178,20,1703,617,1589.991452991453,556.7692307692307,1615,574,1618,601,-113,-60,-88,-43,-85,-16,46.6,117,1612.1796509884462,600.1481474470066,1619.8597359710336,582.0152220891507,1614.2957231309726,595.3687247110745,subject_001,128.05732020901104,False
2025-11-07T14:53:39.585,11,345,281,306.1965811965812,337.1709401709402,310,340,301,334,-38,56,-35,59,-44,53,62.64,117,297.0998871906405,341.58948701506574,305.6357140215145,339.0681941910072,304.6215835080948,343.78374379143463,subject_001,68.27063666409491,False
2025-11-07T15:44:15.780,11,1814,187,1774.033898305085,253.6779661016949,1783,211,1788,178,-39,66,-31,24,-26,-9,34.71,118,1785.1191501451326,205.1654110870432,1741.0,132.0,1789.803703054258,207.63335226038237,subject_001,77.73828174166874,False
2025-11-07T15:44:22.179,2,814,919,790.6608695652174,812.9478260869565,791,871,817,883,-23,-106,-23,-48,3,-36,46.95,115,808.8552306611516,905.6868560599064,796.9540099467855,926.0690927875584,803.9124818934481,911.5338215029582,subject_001,108.58995626269596,False
2025-11-07T15:44:28.585,8,1519,702,1469.5344827586207,695.9137931034483,1463,711,1474,727,-49,-6,-56,9,-45,25,36.98,116,1469.9649122019157,720.9128453096779,1469.05904685145,712.2835527665904,1463.2617418043164,721.0894571113536,subject_001,49.83853238554308,False
2025-11-07T15:44:34.990,10,1644,525,1607.3389830508474,508.6186440677966,1617,507,1617,499,-36,-16,-27,-18,-27,-26,34.43,118,1614.3621578869563,499.0094708331359,1619.1873261780909,502.4220111759241,1615.3458220597158,495.04106560154503,subject_001,40.15443918078781,False
2025-11-07T15:44:41.398,12,1267,824,1199.017094017094,778.8119658119658,1186,823,1212,834,-67,-45,-81,-1,-55,10,37.49,117,1201.134180992989,838.5453020745462,1218.3903107609174,836.7374262918734,1193.0970987367616,842.8624656503185,subject_001,81.63108439595533,False
2025-11-07T15:44:47.801,6,1092,940,1061.7350427350427,834.9487179487179,1032,894,1077,901,-30,-105,-60,-46,-15,-39,37.18,117,1064.3202294334312,914.88018020572,1039.3190882129447,925.3731412661688,1027.892308172911,921.371007521613,subject_001,109.32401153848916,False
2025-11-07T15:45:19.832,5,1473,328,1426.5086206896551,302.4051724137931,1473,279,1455,268,-46,-25,0,-49,-18,-60,35.92,116,1455.691042262102,270.18980761543077,1471.7898757519108,268.7214945118365,1480.2218129504793,262.46093785899365,subject_001,53.07111784526517,False
2025-11-07T15:45:26.239,0,932,583,890.3534482758621,499.9568965517241,929,524,927,529,-41,-83,-3,-59,-5,-54,35.1,116,918.5835506767996,532.5161935872002,912.3016701166584,533.3857888308398,920.324038124876,533.5814767972292,subject_001,92.90098116183889,False
2025-11-07T15:45:32.644,14,1675,144,1669.3508771929824,177.2982456140351,1688,126,1692,96,-5,33,13,-18,17,-48,92.31,114,1688.5783434484083,122.38656661979596,1741.0,132.0,1686.999952645721,122.40797068307248,subject_001,33.774039578667136,False
2025-11-07T15:45:39.049,17,808,197,756.1724137931035,238.06896551724137,792,231,796,238,-51,41,-16,34,-12,41,31.54,116,791.0870205052672,235.34047548779685,796.0775625635305,226.9379109604108,799.7957951136822,233.5268815876195,subject_001,66.12683737099219,False
2025-11-07T15:45:51.865,16,1189,752,1128.3217391304347,740.6782608695652,1111,785,1147,793,-60,-11,-78,33,-42,41,31.05,115,1132.9189606162956,800.5520169010739,1124.90606137523,803.0356293114908,1104.467097672154,804.36336763417,subject_001,61.7254657260084,False
2025-11-07T15:46:11.067,9,316,821,296.29464285714283,824.3571428571429,304,866,327,900,-19,3,-12,45,11,79,52.8,112,324.4880069967056,903.1029127433164,313.56532091707646,892.263471443322,304.3003587366665,905.2813815397744,subject_001,19.98928483690243,False
2025-11-12T11:21:29.502,6,529,206,516.258064516129,230.0752688172043,527,232,536,220,-12,24,-2,26,7,14,35.46,93,537.1227728030009,221.58541985715084,533.7565645711053,233.4972782722395,537.097511242515,236.96116612322163,subject_001,27.239227017222415,False
2025-11-12T11:21:35.909,5,1043,199,1023.752688172043,251.91397849462365,1034,224,1039,222,-19,52,-9,25,-4,23,54.72,93,1046.418602983745,205.872414873089,1047.8159072177573,199.1567681039145,1047.175345833034,179.37768110276676,subject_001,56.30584456992105,False
2025-11-12T11:21:42.312,7,1485,709,1451.340206185567,707.0103092783505,1481,730,1491,728,-33,-1,-4,21,6,19,30.46,97,1492.0483523212845,727.0956665353636,1490.0358268605278,722.213272211909,1490.060396095785,718.1170228338544,subject_001,33.71854962476825,False
2025-11-12T11:21:55.131,15,416,586,380.9368421052632,578.6105263157895,402,595,405,605,-35,-7,-14,9,-11,19,42.99,95,418.26236721247506,626.7253197061245,433.0131313822643,634.3762473803944,424.9869157878851,631.3771811223819,subject_001,35.83335545104424,False
2025-11-12T11:22:01.533,18,857,584,803.7708333333334,562.3541666666666,821,580,828,593,-53,-21,-36,-4,-29,9,38.97,96,837.9756860421022,599.8410150310344,839.1766095830666,585.3271790523025,838.6823514799672,575.5976994130004,subject_001,57.46204212105779,False
2025-11-12T11:22:07.938,9,1554,547,1527.978723404255,625.4255319148937,1550,623,1563,608,-26,78,-4,76,9,61,40.08,94,1566.5218346985794,617.1347084638089,1564.0578156511465,605.1334798187559,1563.9151752336738,592.6674232616059,subject_001,82.62972160068232,False
2025-11-12T11:22:14.352,13,442,862,399.9139784946237,835.2688172043011,425,877,430,926,-42,-26,-17,15,-12,64,52.34,93,440.2804356048498,932.2315402766616,446.1696372812406,945.5316603909554,444.3988345747638,957.0551135218176,subject_001,49.85769087922213,False
2025-11-12T11:22:27.157,16,1546,649,1500.7065217391305,718.0108695652174,1532,741,1542,736,-45,69,-14,92,-4,87,34.06,92,1543.2038437439444,737.6666328106937,1536.0830466576192,730.3674627382294,1541.6463073867012,727.4033298067442,subject_001,82.54695204012869,False
2025-11-12T11:23:05.598,12,1104,584,1074.7659574468084,563.8510638297872,1090,575,1101,583,-29,-20,-14,-9,-3,-1,35.73,94,1106.1909742316277,577.0992065177415,1102.553270551624,570.2914087177113,1104.7664038160133,567.9869416798864,subject_001,35.50505418659608,False
2025-11-12T11:23:12.004,14,885,331,869.2659574468086,303.02127659574467,878,283,887,290,-15,-27,-7,-48,2,-41,36.02,94,892.893649502724,280.5400179696454,889.3151346754802,266.45001620741647,891.8589439376138,241.35218095889903,subject_001,32.09936227399953,False
2025-11-12T11:23:31.221,19,783,440,760.8315789473684,415.9578947368421,772,408,781,421,-22,-24,-11,-32,-2,-19,42.08,95,790.3285026018158,423.4805004618463,789.3863051426259,411.6376793346754,790.9742332785411,383.18624600076095,subject_001,32.70262554370102,False
2025-11-12T11:23:37.628,11,297,502,246.8736842105263,506.7894736842105,261,513,270,514,-50,4,-36,11,-27,12,42.08,95,276.53454991889794,534.1282972823515,273.90886412022985,526.791245153489,281.5434204426009,524.6387649554556,subject_001,50.354608456404314,False
2025-11-12T11:41:01.012,17,1224,809,1206.2592592592594,747.0,1200,769,1197,786,-17,-62,-24,-40,-27,-23,73.58,27,1200.2132877138683,800.158338683116,1216.4580744455736,822.1734795359018,1197.198511043023,796.8823896806672,subject_001,64.48824607655393,False
2025-11-12T11:41:07.430,13,982,394,916.8,365.36,934,384,951,379,-65,-28,-48,-10,-31,-15,43.44,25,952.2630712903816,395.52063067734343,954.988389627469,411.2407892019814,950.9406390681036,388.01488168818065,subject_001,71.21298757951394,False
2025-11-12T11:41:39.440,15,1259,301,1195.7706422018348,296.4678899082569,1207,306,1248,291,-63,-4,-52,5,-11,-10,72.07,109,1237.4392762320092,305.1816522897262,1239.6045141013888,312.80397873206766,1239.4484947405308,298.14295977120264,subject_001,63.39157443581975,False
2025-11-12T11:41:45.849,8,1015,749,1024.375,701.0178571428571,1020,723,1019,748,9,-47,5,-26,4,-1,40.69,112,1020.2853675511776,756.3139262636921,1020.8344360815556,743.4444335721627,1018.0237055009544,755.8650304146862,subject_001,48.88943299081375,False
2025-11-12T11:41:52.253,20,402,442,405.8888888888889,415.4242424242424,404,437,391,436,3,-26,2,-5,-11,-6,29.63,99,405.7416042720223,449.61606973537033,400.6383029140237,461.1008085850407,405.81584863235497,449.94408382925025,subject_001,26.85878529486325,False
2025-11-12T11:41:58.658,9,605,343,587.3457943925233,339.69158878504675,601,355,603,356,-17,-3,-4,12,-2,13,31.29,107,610.9272183200021,365.28208077848393,616.9352968135604,358.6794579075076,609.2153582034728,365.9934641645806,subject_001,17.96153001273248,False
2025-11-12T11:42:17.881,18,1190,652,1146.8415841584158,605.1782178217821,1155,621,1154,632,-43,-46,-35,-31,-36,-20,33.85,101,1156.5199518950578,648.655574969342,1170.406988290383,655.7025769478221,1153.6636471067052,643.0887693142453,subject_001,63.678317693698425,False
2025-11-12T11:42:24.285,0,245,574,273.4854368932039,556.0194174757281,271,576,224,591,28,-17,26,2,-21,17,33.88,103,250.1012690778645,608.949978613646,260.6692932994427,613.754794143223,248.0970164009549,605.4302682046389,subject_001,33.68562694843087,False
2025-11-12T11:42:30.690,16,1483,675,1444.366972477064,648.5963302752293,1432,653,1444,655,-38,-26,-51,-22,-39,-20,39.22,109,1446.3168018741728,674.6636903774315,1434.23036528973,661.6244225465078,1448.2300130025046,673.7802281997302,subject_001,46.79385205903328,False
2025-11-12T11:42:37.097,4,1669,717,1661.2818181818182,659.8090909090909,1652,662,1651,643,-7,-57,-17,-55,-18,-74,46.77,110,1665.994360436698,673.2446340617171,1656.3663550057136,669.1128510111772,1668.7128048282557,675.7503420389235,subject_001,57.70936157351896,False
2025-11-12T11:42:49.909,7,677,499,693.3069306930693,471.0693069306931,701,487,699,501,16,-27,24,-12,22,2,50.57,101,706.8432099712024,512.9542220078017,708.8718068996221,502.10910829683235,706.5580822210283,511.8528607317331,subject_001,32.342535521513994,False
2025-11-12T11:43:02.718,11,1325,134,1221.6574074074074,159.25925925925927,1233,160,1299,143,-103,25,-92,26,-26,9,51.37,108,1275.669069032761,147.42600682804084,1275.7239550661095,150.44594426963792,1278.274947155899,146.31554925569242,subject_001,106.38478097023582,False
2025-11-12T11:59:43.628,9,1089,415,1134.049019607843,486.7549019607843,1132,456,1112,465,45,71,43,41,23,50,64.0,102,1109.2872411932506,454.6312941688822,1119.8376757658054,432.47565447121855,1119.872112416327,448.6076957226773,subject_001,84.72414132364871,False
2025-11-12T11:59:50.042,10,993,679,1070.1121495327102,727.6915887850467,1037,740,1039,741,77,48,44,61,46,62,41.27,107,1035.457317385965,739.7349996447955,1030.3240172196392,734.6808459074003,1032.790719987006,741.7922247502612,subject_001,91.19843432848586,False
2025-11-12T11:59:56.437,5,588,313,661.4326923076923,267.875,654,272,659,264,73,-45,66,-41,71,-49,53.19,104,645.9633578383869,268.50759271195545,637.0277756529027,273.9466097575613,647.0865314106769,268.6602620384743,subject_001,86.18947687830695,False
2025-11-12T12:00:15.674,17,501,684,567.939393939394,658.3131313131313,536,669,564,687,66,-25,35,-15,63,3,51.69,99,538.245216616528,691.4339994528233,519.7946911504253,688.7484749341089,514.4651117722588,694.0302296487469,subject_001,71.69865887106825,False
2025-11-12T12:00:47.701,12,414,162,488.4423076923077,186.2692307692308,485,198,486,186,74,24,71,36,72,24,52.65,104,480.8218254222273,194.45138820078628,482.68229744842887,198.4868110928028,477.4743905177704,199.1190620626367,subject_001,78.29848489393898,False
2025-11-12T12:01:00.503,11,554,668,625.0388349514564,685.1941747572815,586,695,618,716,71,17,32,27,64,48,31.87,103,590.4633625774896,718.8788584657119,566.2104219597445,706.4462630556565,562.5966607011829,722.4913526975577,subject_001,73.09005210590696,False
2025-11-12T12:01:06.909,13,1344,445,1421.8316831683169,463.13861386138615,1418,435,1381,406,77,18,74,-10,37,-39,49.49,101,1387.752445451953,406.74156556843457,1403.8724085887425,397.1851832814925,1401.9839555143749,396.7908007266011,subject_001,79.91733364937629,False
2025-11-12T12:01:13.316,16,1308,905,1314.7238095238097,888.1619047619048,1289,904,1251,909,6,-16,-19,-1,-57,4,133.23,105,1272.2904730726175,905.9976169634632,1289.3177623550807,928.6678636231468,1288.8222743962804,909.9872424588629,subject_001,18.130942219301183,False
2025-11-12T12:01:26.129,8,674,838,796.2476190476191,834.3523809523809,754,863,770,883,122,-3,80,25,96,45,38.05,105,752.6292675637134,879.2670754350958,733.2772818368577,884.9437379034346,728.418803919531,885.6536035945528,subject_001,122.30202568857294,False
2025-11-12T12:01:32.534,19,605,759,651.1923076923077,749.2692307692307,612,765,639,788,46,-9,7,6,34,29,28.29,104,613.2878517098783,788.3348081994116,592.6967716621314,784.8237126347686,584.2683382463711,792.8937712546192,subject_001,47.20611358461231,False
2025-11-12T12:01:38.939,3,536,918,591.4455445544554,902.9108910891088,566,929,566,970,55,-15,30,11,30,52,128.31,101,555.662543339605,953.9163144368345,547.884171067834,970.5896548666462,538.5757517484947,958.5614614294168,subject_001,57.46207113100638,False
2025-11-12T12:01:45.346,2,1301,649,1387.2056074766356,633.8411214953271,1372,604,1342,601,86,-15,71,-45,41,-48,71.42,107,1352.2887524537148,602.3692068413867,1357.7529648507834,580.880395943864,1367.8369494216608,598.4998638873606,subject_001,87.5282717636719,False
2025-11-14T09:42:39.364,7,1683,214,1686.905982905983,222.7692307692308,1671,226,1685,220,3,8,-12,12,2,6,27.95,117,1681.191877735266,221.2831054638613,1667.9947165879348,224.727667352644,1667.1794126188763,222.91491941920975,subject_001,9.59979743254278,False
2025-11-14T09:43:04.980,19,902,726,904.1896551724138,689.4310344827586,905,701,909,677,2,-36,3,-25,7,-49,39.63,116,893.6157210983328,702.8453082799138,898.989074191957,716.067982940299,897.6407855253294,711.6803203796671,subject_001,36.634462310443006,False
2025-11-14T09:43:11.394,17,226,968,219.8275862068965,864.9137931034483,236,868,236,930,-6,-103,10,-100,10,-38,37.86,116,245.51377162823096,899.7706240734175,255.9331396024188,900.816962419342,255.7173575422767,898.1894220270592,subject_001,103.27083201152185,False
2025-11-14T09:43:17.797,14,1574,385,1578.1206896551723,401.3706896551725,1572,394,1580,386,4,16,-2,9,6,1,40.81,116,1575.1410938397244,392.244776558706,1572.1579951234796,390.6777657424754,1568.5256517213495,387.0334410392039,subject_001,16.881337714180596,False
2025-11-14T09:43:24.200,1,789,517,794.2068965517242,558.6724137931035,792,563,805,536,5,41,3,46,16,19,39.21,116,790.9165283199454,563.8880108863057,789.5216387424363,568.486948635893,786.6974164642769,571.6002358069057,subject_001,41.99645036242943,False
2025-11-14T09:43:49.839,11,1756,885,1798.701754385965,832.9824561403509,1803,861,1766,842,42,-52,47,-24,10,-43,59.06,114,1774.2515462059373,871.402684668089,1741.0,1060.0,1772.100393637044,879.8920169621858,subject_001,67.29981201184586,False
2025-11-14T09:44:02.651,4,1713,548,1725.8034188034187,514.1367521367522,1741,519,1725,506,12,-33,28,-29,12,-42,29.84,117,1723.060229322911,522.5611715157813,1741.0,533.4849033483795,1761.851826034097,522.7577806442314,subject_001,36.20286023097475,False
2025-11-14T09:44:15.465,8,1768,771,1778.2136752136753,721.6153846153846,1796,739,1761,722,10,-49,28,-32,-7,-49,53.34,117,1764.4893326337756,748.4480787206752,1741.0,780.2947406165986,1791.605697175759,754.6625744792354,subject_001,50.42974715440117,False
2025-11-14T09:44:21.871,16,1214,324,1186.0086206896551,354.3534482758621,1189,344,1187,325,-27,30,-25,20,-27,1,33.61,116,1186.3258476507203,333.3285294172646,1189.2433854984718,319.0140465610632,1192.2638647647464,330.76310322416316,subject_001,41.28981881688316,False
2025-11-14T09:44:28.280,13,1756,561,1822.017391304348,505.5739130434783,1837,523,1821,503,66,-55,81,-38,65,-58,54.87,115,1817.4992749663331,523.6144474781659,1741.0,596.0,1845.4030959702925,526.0173901657423,subject_001,86.19946096086275,False
2025-11-14T09:44:34.685,18,1052,317,1059.6347826086956,375.8782608695652,1063,378,1062,345,7,58,11,61,10,28,41.91,115,1060.1834674559882,360.5293281203981,1061.342428509503,370.9176134099573,1066.723182495192,362.5366037429805,subject_001,59.3712010027304,False
2025-11-14T09:44:41.090,15,1670,330,1650.9913793103449,311.6465517241379,1641,311,1652,303,-19,-18,-29,-19,-18,-27,36.17,116,1647.21882329626,307.6633343702143,1641.5061061919628,309.9654895408895,1637.5683883324284,306.8260922834224,subject_001,26.423033969208188,False
2025-11-14T09:54:07.101,5,139,373,93.84166666666668,356.40833333333336,104,347,91,359,-45,-16,-35,-26,-48,-14,36.05,120,104.5186108167016,367.1191894492331,163.0,132.0,104.30713857875242,400.9128788490862,subject_001,48.10985836834504,False
2025-11-14T09:54:19.902,14,1352,480,1335.6134453781513,469.655462184874,1334,474,1359,535,-16,-10,-18,-6,7,55,51.2,119,1356.211094661187,503.0163133979587,1343.69847531409,483.7451421063926,1353.4216476374943,514.2597367537563,subject_001,19.37856122067384,False
2025-11-14T09:54:32.699,7,1149,961,1173.844827586207,888.198275862069,1211,943,1222,976,24,-72,62,-18,73,15,33.45,116,1216.3141430812436,950.4217269779308,1220.5645313304017,935.825606732952,1217.2992975456389,939.6141047760644,subject_001,76.92435566999417,False
2025-11-14T09:54:39.116,15,1246,541,1287.1596638655462,520.7647058823529,1288,519,1314,591,41,-20,42,-22,68,50,60.9,119,1311.4596662342872,557.2007211768369,1300.593385122146,530.100840543379,1309.4158717289176,566.2396747562573,subject_001,45.86485645406987,False
2025-11-14T09:54:45.512,0,1068,563,1039.1238938053098,491.0353982300885,1060,519,1070,567,-28,-71,-8,-44,2,4,56.68,113,1074.012684802413,544.7348994599968,1069.901982236374,528.1014362259164,1074.4420897453124,536.3784788762671,subject_001,77.54181721412633,False
2025-11-14T09:54:58.326,9,151,544,150.10833333333332,524.95,163,551,142,550,0,-19,12,7,-9,6,35.19,120,160.10290356891994,556.3529711949965,169.5811511778432,566.0104686896741,158.11019940925988,572.0328278463797,subject_001,19.070856547214724,False
2025-11-14T09:55:04.745,3,645,391,675.5086206896551,393.4741379310345,708,431,703,455,30,2,63,40,58,64,79.56,116,714.3940228835942,454.37765106725215,732.5495499480194,448.0448509713388,715.2350519705748,437.7736912910124,subject_001,30.60877806915911,False
2025-11-14T09:55:11.153,17,941,860,918.3613445378152,853.781512605042,960,946,961,946,-22,-6,19,86,20,86,95.72,119,962.8628658628012,933.6003775712046,970.1943046055726,954.0349781590962,964.8070412099844,905.0017241157047,subject_001,23.477186940022477,False
2025-11-14T09:55:23.965,1,1785,391,1752.5333333333333,385.125,1760,407,1748,413,-32,-5,-25,16,-37,22,33.86,120,1767.5054964234275,416.6373269993596,1741.0,596.0,1768.5298367808764,427.8325137747094,subject_001,32.993939889689536,False
2025-11-14T09:55:43.180,10,167,700,166.6949152542373,627.7203389830509,176,664,156,663,0,-72,9,-36,-11,-37,44.74,118,174.4889855304879,667.2202831279222,180.41360939284615,673.7121872131713,172.19389980599283,676.3993394690717,subject_001,72.28030487917975,False
2025-11-14T09:55:49.591,13,848,288,770.8487394957983,253.109243697479,808,299,804,306,-77,-34,-40,11,-44,18,55.51,119,809.3915845510157,304.4778680113085,816.4788611174145,304.39959004522075,811.4743864575411,295.0687160169366,subject_001,84.67397399879788,False
2025-11-14T09:56:02.402,12,1215,228,1162.203539823009,180.95575221238937,1175,199,1191,228,-52,-47,-40,-29,-24,0,38.78,113,1185.022898265505,214.1375157478886,1185.5420455610472,208.0436234109117,1183.991913417348,221.24807341048316,subject_001,70.71511477133241,False
2025-11-14T10:04:43.335,8,1304,522,1300.1083333333331,523.0166666666667,1323,538,1328,557,-3,1,19,16,24,35,27.04,120,1327.5954371907385,558.1824681186283,1340.9320699198267,561.8994617340338,1322.8275058383117,560.2307616261594,subject_001,4.022273058303871,False
2025-11-14T10:04:49.732,2,268,896,300.9495798319328,894.0,289,918,225,960,32,-2,21,22,-43,64,41.47,119,241.088992482639,959.2443627013794,224.4146070113992,968.6456785701776,243.1842022330857,970.2152190586048,subject_001,33.01022282719268,False
2025-11-14T10:04:56.136,5,582,964,612.6302521008404,830.8739495798319,600,869,582,901,30,-133,18,-95,0,-63,38.72,119,579.0489846784111,911.4364323456236,582.2880292131872,923.7091985676648,578.0444562269454,933.0054530130172,subject_001,136.6043836933287,False
2025-11-14T10:05:02.541,1,785,835,822.1848739495798,827.5126050420168,809,865,807,900,37,-7,24,30,22,65,50.85,119,799.2772268457759,910.4208308033092,790.1082919758171,921.345221573702,800.5374473009156,925.8804603602316,subject_001,37.93120000610277,False
2025-11-14T10:05:15.356,9,1164,876,1175.2033898305085,828.2118644067797,1174,847,1177,893,11,-47,10,-29,13,17,33.79,118,1170.5250353231313,888.2617082731122,1177.3628332707783,882.6745429358442,1170.269416558456,883.1731190660776,subject_001,49.08382469989836,False
2025-11-14T10:05:34.557,3,593,735,594.4333333333333,684.3333333333334,581,722,589,733,1,-50,-12,-13,-4,-2,35.56,120,582.8774134970055,743.8369505364811,573.5023531705026,755.4338695359064,583.9016661358163,757.2070520898826,subject_001,50.68693673477962,False
2025-11-14T10:05:47.371,12,100,801,175.50833333333333,823.4166666666666,163,837,104,867,75,22,63,36,4,66,33.15,120,121.59243488152862,867.3714296462093,163.0,1060.0,124.3097996395554,868.224004286614,subject_001,78.76557209353729,False
2025-11-14T10:05:53.775,15,302,367,267.60504201680675,368.3949579831933,283,343,289,350,-34,1,-19,-24,-13,-17,36.5,119,285.8202855621754,349.3323189096549,286.36004134188477,338.09282666773663,286.5226549415818,328.66413896925695,subject_001,34.423234049701136,False
2025-11-14T10:06:19.409,19,1260,698,1248.126050420168,644.6050420168067,1262,657,1269,689,-11,-53,2,-41,9,-9,45.58,119,1266.295642982525,689.219521794099,1284.0696063866242,684.4469028089567,1262.5390914459858,687.6632479839412,subject_001,54.69928899584867,False
2025-11-14T10:06:25.811,0,1403,905,1427.6610169491526,849.8644067796611,1426,861,1433,903,24,-55,23,-44,30,-2,43.35,118,1425.4384993274057,888.2606184473852,1420.2089665854812,879.1154220454728,1426.4526388869754,878.4413274610874,subject_001,60.399498315177034,False
2025-11-14T10:06:32.213,17,1717,506,1673.7731092436975,430.1428571428572,1684,433,1691,444,-43,-75,-33,-73,-26,-62,56.47,119,1684.5291154841102,436.36677733900126,1682.0713046662306,426.5257283076206,1683.9941104829345,426.16631281293263,subject_001,87.30904997138772,False
2025-11-14T10:06:45.025,20,294,392,301.55,456.4666666666666,314,438,313,454,7,64,20,46,19,62,41.68,120,312.6770019586134,451.4262187479564,321.1927435801399,429.412140431516,311.68848348466594,431.81785470213754,subject_001,64.90726932409883,False
2025-11-14T10:29:29.618,10,524,231,575.6916666666667,249.125,576,235,583,214,51,18,52,4,59,-17,55.8,120,576.1506947122178,209.57682891058113,579.2113843520942,195.33677497126828,551.2299557149072,203.17292207522448,subject_001,54.77722179681791,False
2025-11-14T10:29:36.029,14,1481,317,1499.9495798319329,332.98319327731093,1501,302,1516,285,18,15,20,-15,35,-32,65.2,119,1511.6072296204434,285.2265159946018,1510.45963021766,268.33539813269533,1507.2650546459229,275.8159030897492,subject_001,24.790099700216487,False
2025-11-14T10:29:55.249,17,318,521,400.06722689075633,482.0840336134454,399,479,376,471,82,-38,81,-42,58,-50,128.81,119,381.0876284506975,466.7721645772598,391.2904122351915,467.1349808292597,366.4224956487736,464.24442204389374,subject_001,90.8266600142179,False
2025-11-14T10:30:08.057,11,166,154,192.96638655462183,197.14285714285717,188,183,179,143,26,43,22,29,13,-11,46.08,119,175.9452661001402,145.19306372958852,178.5770844545931,144.02826355946743,155.56413472356104,149.22493459341678,subject_001,50.87722600793278,False
2025-11-14T10:30:14.463,13,570,263,605.8487394957983,290.3697478991597,606,278,611,262,35,27,36,15,41,-1,52.62,119,605.3296586260473,256.9008145286057,609.8182899201914,241.83703475277463,581.9373033009532,250.84984464343108,subject_001,45.10249686548591,False
2025-11-14T10:30:27.277,16,1507,878,1623.0336134453785,959.3277310924368,1617,966,1599,973,116,81,110,88,92,95,25.81,119,1600.025917790844,969.8650432175252,1605.9125967054883,973.2777779294414,1626.8079784863378,970.6415027918284,subject_001,141.69685703583983,False
2025-11-14T10:30:33.683,5,1424,476,1511.579831932773,441.7226890756302,1509,416,1517,412,87,-34,85,-60,93,-64,42.06,119,1515.710733548235,405.4818111121687,1507.910467064208,379.7876508125168,1517.9345552213074,396.3666734665195,subject_001,94.048716129348,False
2025-11-14T10:30:40.103,7,1558,493,1627.09243697479,434.126050420168,1623,412,1630,395,69,-58,65,-81,72,-98,98.32,119,1631.0107325644706,393.32402805956457,1624.9171324263384,384.0380535784891,1637.64704198941,386.512424443008,subject_001,90.7739323057227,False
2025-11-14T10:30:46.515,4,286,314,318.3333333333333,308.94166666666666,317,300,303,276,32,-5,31,-14,17,-38,43.68,120,304.0892607302801,271.83948719514876,313.85150565973805,270.7045041350637,283.9724773885639,269.10629039246885,subject_001,32.72661272658009,False
2025-11-14T10:30:52.929,2,1649,813,1675.8166666666666,801.025,1672,805,1655,803,26,-11,23,-8,6,-10,47.41,120,1661.1677503007652,799.0565835663751,1661.8279175836442,804.5395645819266,1683.466481886125,801.9569425839773,subject_001,29.368933179656157,False
2025-11-14T10:31:24.948,1,610,613,621.9910714285714,608.1160714285714,621,605,604,614,11,-4,11,-8,-6,1,93.63,112,605.249747932909,613.9442639137881,613.1625605654871,603.8046331197163,594.6383400313489,615.762106356165,subject_001,12.947530741261772,False
2025-11-14T10:31:31.354,9,354,789,348.11504424778764,760.3362831858407,339,764,306,764,-5,-28,-15,-25,-48,-25,29.91,113,310.38965281979785,765.6777978353265,305.84175094211014,774.7087080626102,309.1087930621246,767.2405838541188,subject_001,29.261602242662953,False
2025-11-14T10:40:39.651,8,297,876,358.33613445378154,806.3697478991596,313,827,321,836,61,-69,16,-49,24,-40,65.02,119,318.05451866572866,837.3502984710816,309.92563033131745,837.9928018699118,322.61741147941353,823.8122989485761,subject_001,92.7927443141917,False
2025-11-14T10:40:46.062,14,739,409,781.0175438596491,405.2105263157895,744,465,736,450,42,-3,5,56,-3,41,53.67,114,738.1859524541231,451.8958509904704,730.9334207396599,489.30278609380207,735.5010397307306,426.878948760923,subject_001,42.18808010328106,False
2025-11-14T10:40:58.873,4,1746,267,1713.3389830508474,219.46610169491527,1787,207,1849,199,-32,-47,41,-60,103,-68,29.75,118,1792.491354334937,229.6893866040876,1741.0,132.0,1790.175136305513,263.6342649725052,subject_001,57.67333453365574,False
2025-11-14T10:41:05.275,11,188,207,240.55172413793105,183.6379310344828,236,187,222,211,52,-23,48,-20,34,4,69.43,116,236.79862310457463,199.4708221075317,233.35351266600827,195.36019899612091,230.58360067758372,186.05671683985517,subject_001,57.51060751043051,False
2025-11-14T10:41:11.686,6,1122,836,1183.7983193277312,811.0336134453781,1147,821,1116,861,61,-24,25,-15,-6,25,52.11,119,1123.4177061086734,844.9675118681595,1116.3383058467675,836.3304406969637,1119.747303277619,851.585075858073,subject_001,66.65097695703369,False
2025-11-14T10:41:18.091,13,1188,725,1199.009090909091,661.5181818181818,1177,661,1145,712,11,-63,-11,-64,-43,-13,55.35,110,1154.9921360575302,693.9046268970814,1160.457588570093,663.2303285208247,1152.3755605509475,699.6753831684654,subject_001,64.42935140379772,False
2025-11-14T10:41:24.496,18,140,616,110.47747747747748,600.009009009009,109,620,96,628,-29,-15,-31,4,-44,12,92.63,111,95.12563461027906,626.446723206605,163.0,596.0,92.77334021413483,606.6490848640075,subject_001,33.57515642505341,False
2025-11-14T10:41:43.716,7,625,683,640.2203389830509,681.8813559322034,590,726,583,726,15,-1,-35,43,-42,43,60.41,118,580.2223572804293,723.0442907282085,565.891042741293,739.8194862954189,580.0518755849425,704.8385745777825,subject_001,15.26139191913352,False
2025-11-14T10:41:56.534,3,828,263,838.7699115044247,229.21238938053096,813,266,814,262,10,-33,-15,3,-14,-1,37.88,113,819.7275653232826,264.40596928080674,811.9227841442622,266.982673817,815.8832640744849,249.17375966847484,subject_001,35.46256653410744,False
2025-11-14T10:42:02.940,2,1740,679,1716.162393162393,591.5299145299145,1734,613,1744,623,-23,-87,-6,-66,4,-56,33.68,117,1736.4519691758794,623.8670688247117,1741.0,596.0,1737.2697495284276,642.6230350203523,subject_001,90.66006481295048,False
2025-11-14T10:42:09.342,15,523,779,573.1101694915254,705.1271186440678,517,743,519,747,50,-73,-6,-36,-4,-32,35.41,118,515.4435716472449,744.2486475967447,495.25964202279306,757.8493422658629,517.2617977048501,726.65092639502,subject_001,89.26495217215458,False
2025-11-14T10:42:22.153,9,529,714,568.3135593220339,603.1949152542373,522,649,517,647,39,-110,-7,-65,-12,-67,70.57,118,514.517145335832,645.9753196171714,502.7896162148041,653.4346651624394,515.0106109095804,622.6634603089469,subject_001,117.57262756306302,False
2025-11-15T15:34:50.855,3,1245,139,1215.8859649122808,241.0877192982456,1209,237,1244,216,-29,102,-36,98,-1,77,143.66,114,1242.8231419318072,212.62348242614783,1219.7130834011607,227.40378497098473,1223.6944534295435,222.96715381456437,subject_001,106.1580400657733,False
2025-11-15T15:35:10.061,14,1363,470,1363.3508771929824,524.8508771929825,1374,505,1373,545,0,54,11,35,10,75,29.94,114,1378.8517209836175,501.9961826247699,1398.99022285874,465.1422329396761,1361.8886302886044,459.1580509808193,subject_001,54.85199944983045,False
2025-11-15T15:35:16.464,20,1582,858,1613.7043478260869,833.6,1583,867,1576,876,31,-24,1,9,-6,18,16.28,115,1581.9914439807976,851.9073133108377,1569.7344410665796,867.4973512929736,1602.5300106443135,886.0173352804899,subject_001,40.00657034885017,False
2025-11-15T15:35:35.680,13,197,665,166.00833333333333,741.5,160,736,180,775,-30,76,-37,71,-17,110,45.34,120,146.42058966679292,732.3114498947608,163.0,596.0,152.00481566900206,723.0953521770641,subject_001,82.53928399724448,False
2025-11-15T15:35:54.896,10,447,155,428.9159663865546,148.42857142857142,428,138,446,133,-18,-6,-19,-17,-1,-22,36.92,119,449.2192541710257,148.66002558854893,464.451544278006,133.0445420728196,436.6703794137732,120.28833634480766,subject_001,19.24099647111893,False
2025-11-15T15:36:07.703,6,654,969,645.5042735042736,945.7606837606836,635,975,609,944,-8,-23,-19,6,-45,-25,32.61,117,604.9001627987265,960.9569833699752,609.391064544727,998.8839061587852,626.3845003134477,1004.1520886814492,subject_001,24.74354841087153,False
2025-11-15T15:36:14.107,8,1517,275,1545.5416666666667,254.9,1574,231,1591,251,28,-20,57,-44,74,-24,36.93,120,1601.143641489028,230.01105527344495,1640.5495845890896,190.01422971086092,1554.2438251588,182.63032300299807,subject_001,34.90897787262061,False
2025-11-15T15:36:20.526,17,309,690,330.0,617.0666666666667,317,628,344,645,21,-72,8,-62,35,-45,54.25,120,318.0131755271149,630.2375919596607,341.4375385827431,641.5673879569405,321.01544007645344,645.042738149241,subject_001,75.89644992429555,False
2025-11-15T15:36:26.934,12,273,330,271.135593220339,336.1186440677966,265,342,298,359,-1,6,-8,12,25,29,41.26,118,284.1075382730265,346.62232134858954,267.58100862734324,347.1965725130068,271.6932123789098,344.08091937331056,subject_001,6.39639100340406,False
2025-11-15T15:36:46.152,18,1469,254,1479.579831932773,209.3109243697479,1498,184,1524,190,10,-44,29,-70,55,-64,60.15,119,1532.7502394611104,180.455737592414,1546.1830776872691,162.632630882714,1489.5951239989172,139.9497260195319,subject_001,45.92435437120608,False
2025-11-15T15:36:52.554,2,983,951,966.5210084033612,992.4285714285714,936,998,909,987,-16,41,-47,47,-74,36,26.46,119,919.591417463084,997.8394544915734,924.7535067591118,1010.8108436458944,947.1142504666632,1015.6837227375784,subject_001,44.58568934820162,False
2025-11-15T15:40:28.677,6,368,410,369.55,427.7916666666667,368,436,327,421,1,17,0,26,-41,11,46.21,120,364.9138663391235,436.09314725948934,370.6733746715715,455.9894624814167,372.8095185246487,410.7377304481525,subject_001,17.85905660380129,False
2025-11-15T15:40:35.086,14,550,880,599.5882352941177,901.8655462184872,584,901,570,879,49,21,34,21,20,-1,69.95,119,580.3457268164565,901.7294195193264,562.8059597710452,907.7600694519342,582.1207969989015,898.920628059999,subject_001,54.194973853832416,False
2025-11-15T15:40:41.501,16,1324,321,1338.9579831932774,301.02521008403363,1358,297,1354,284,14,-19,34,-24,30,-37,54.9,119,1386.2479265557215,298.2131827250902,1402.5714339095305,286.91420784436895,1354.891186871023,328.73172211097295,subject_001,24.954628696844225,False
2025-11-15T15:40:54.317,17,531,611,510.2457627118644,587.0,507,590,461,567,-20,-24,-24,-21,-70,-44,100.27,118,502.1492465571333,597.6313383064247,499.8390532737915,599.8667315183133,506.9833995386761,577.6709907394157,subject_001,31.729140634631715,False
2025-11-15T15:41:19.935,8,1377,899,1370.2222222222222,903.3504273504274,1317,905,1290,925,-6,4,-60,6,-87,26,22.26,117,1355.1894677636865,936.3882638621748,1361.021526794601,922.0619879717184,1358.0157016084263,936.69533773388,subject_001,8.053849373826496,False
2025-11-15T15:41:26.344,2,1408,958,1391.8543689320388,954.0291262135922,1344,961,1315,985,-16,-3,-64,3,-93,27,39.84,103,1369.705160992938,991.643710624892,1418.18476136331,1012.3708097141276,1377.4116588404672,988.7429923548648,subject_001,16.626762800085093,False
2025-11-15T15:41:32.746,7,1584,422,1508.0916666666667,444.31666666666666,1512,445,1472,439,-75,22,-72,23,-112,17,57.2,120,1533.785534193774,459.5117801901766,1547.5227441239954,458.61444045790614,1518.4490340447903,480.9767889716088,subject_001,79.12084858338888,False
2025-11-15T15:41:45.554,5,1774,799,1784.5166666666669,783.3666666666667,1699,822,1669,835,10,-15,-75,23,-105,36,26.68,120,1719.3582855251266,855.59265984215,1713.2667406870582,887.0712414957276,1780.824548258092,835.3855611146988,subject_001,18.84148053866503,False
2025-11-15T15:41:58.369,4,1059,723,1081.867256637168,719.3539823008849,1083,721,1015,705,22,-3,24,-2,-44,-18,38.57,113,1100.8884402701167,730.9858772795463,1112.7249419730265,726.4549219931998,1076.3281560050357,737.8510622854747,subject_001,23.156097926299445,False
2025-11-15T15:42:11.177,12,1323,391,1272.8067226890755,409.83193277310926,1289,409,1250,393,-50,18,-34,18,-73,2,60.41,119,1309.7866256494206,411.2501989564625,1329.9642208296,400.1738536862043,1283.159974825456,435.17687088037417,subject_001,53.6097638418812,False
2025-11-15T15:42:17.582,18,803,229,785.4033613445379,221.34453781512605,790,229,809,206,-17,-7,-13,0,6,-23,59.09,119,802.068370304569,226.77476922906752,799.6801689875872,240.2951976231688,801.2585489946565,222.4398695981954,subject_001,19.18978356404624,False
2025-11-15T15:42:23.997,10,528,120,546.3166666666667,152.41666666666666,552,156,574,152,18,32,24,36,46,32,37.02,120,555.4551214635327,152.59573855851812,559.9587352770823,153.14993436108435,563.7629390315215,141.7795784713492,subject_001,37.23359444850251,False
2025-11-15T15:45:51.733,19,1020,192,1034.3583333333331,186.8,1052,155,1081,151,14,-5,32,-37,61,-41,37.22,120,1071.2532859298406,153.93594609283508,1060.644598927228,142.31067658758633,1062.902912163512,166.40912898253973,subject_001,15.270944178769854,False
2025-11-15T15:46:23.733,11,199,458,199.9327731092437,493.218487394958,190,499,151,491,0,35,-9,41,-48,33,49.38,119,157.75905269866092,484.3243132428853,168.3953498602162,483.0000686047332,171.62736804958186,439.8980545783191,subject_001,35.23083762930061,False
2025-11-15T15:46:30.139,4,1689,645,1670.764705882353,605.4117647058823,1696,639,1689,641,-18,-39,7,-6,0,-4,32.57,119,1690.235147413808,632.2062851409548,1692.1029344808546,638.6442779263249,1691.830797567985,635.7330071191016,subject_001,43.58617126176052,False
2025-11-15T15:46:49.355,5,277,906,421.19827586206895,1027.9396551724135,372,1004,338,989,144,121,95,98,61,83,126.46,116,340.8245703005559,997.6386656093424,335.53124675502374,993.081088388348,328.38626002450013,1007.5223586572688,subject_001,188.8449688637758,False
2025-11-15T15:47:02.165,10,1288,859,1349.1120689655172,869.2672413793103,1319,862,1308,884,61,10,31,3,20,25,48.36,116,1309.18909046629,880.8897776250882,1303.911320660815,869.4950145058759,1300.7948396677527,892.6136985594648,subject_001,61.968550239513874,False
2025-11-15T15:47:08.572,8,1287,496,1284.8823529411766,485.10084033613447,1298,474,1307,478,-2,-10,11,-22,20,-18,41.74,119,1303.5734210727026,471.9183807883392,1299.3427090728408,472.4512142313251,1298.9795927104255,489.9121092633917,subject_001,11.10297754857574,False
2025-11-15T15:47:14.983,16,242,946,307.56302521008405,996.7394957983194,259,977,225,960,65,50,17,31,-17,14,96.53,119,224.00003127590048,967.5000573809224,216.19648781032905,965.7277651733152,210.1644912540301,968.97593743737,subject_001,82.90359888789982,False
2025-11-15T15:47:21.382,12,760,863,866.3846153846154,790.9316239316239,834,785,823,773,106,-72,74,-78,63,-90,25.14,117,829.2669232350278,767.3235361285173,830.1584778856047,774.9191168016804,830.6316492845643,785.1978378398851,subject_001,128.49722650573213,False
2025-11-15T15:47:40.610,14,1128,355,1072.596638655462,323.66386554621846,1092,296,1104,298,-55,-31,-36,-59,-24,-57,29.52,119,1098.9076042147583,294.36234432053914,1097.3876691172434,277.75384820468884,1096.4341034593776,310.7036449926512,subject_001,63.651282554076886,False
2025-11-15T15:47:47.015,6,349,750,387.9333333333333,731.8583333333333,344,715,331,711,38,-18,-5,-35,-18,-39,54.71,120,333.8647780766554,709.9014686458881,332.21875565274064,703.7792636644327,323.4127442840506,698.0305411921387,subject_001,42.9525844843926,False
2025-11-15T15:47:53.423,18,384,420,421.8050847457627,453.771186440678,405,472,390,442,37,33,21,52,6,22,61.81,118,394.5641465660914,449.48644129486354,398.0412725836871,472.969039046616,395.746603975065,410.8559015351425,subject_001,50.69238075140417,False
2025-11-15T15:47:59.826,9,1530,549,1508.5378151260504,492.11764705882354,1540,522,1542,501,-21,-56,10,-27,12,-48,41.61,119,1540.735522765894,496.0295071260945,1538.2372157427126,532.2817043097269,1548.1128120508251,509.25340537334495,subject_001,60.79660727119694,False
2025-11-15T15:52:41.771,12,231,845,257.79831932773106,819.5126050420168,287,841,327,883,26,-25,56,-4,96,38,171.72,119,326.62053630081397,873.5571860126491,346.6439560934148,887.2390356529235,306.645077304209,888.3786267897062,subject_001,36.98320186970389,False
2025-11-15T15:53:07.399,18,1712,532,1737.9915966386554,547.2436974789916,1728,556,1725,536,25,15,16,24,13,4,87.92,119,1732.968503104101,553.7620506595329,1716.7558643603402,564.2538737020566,1749.5868925819816,567.0694389657749,subject_001,30.13193337072118,False
2025-11-15T15:53:20.188,2,1438,247,1387.327731092437,203.9579831932773,1400,211,1395,209,-50,-43,-38,-36,-43,-38,41.15,119,1399.357809869689,214.99289025860008,1409.0489626253957,220.18176759893936,1397.301131682692,229.6631526571757,subject_001,66.48529196018148,False
2025-11-15T15:53:32.998,14,245,547,243.140350877193,506.9122807017544,258,510,277,526,-1,-40,13,-37,32,-21,34.3,114,284.4698322869987,528.7797927827858,271.37578094687154,516.1501030896416,283.52727427393006,508.7718456143541,subject_001,40.13083021063592,False
2025-11-15T15:53:58.618,5,537,797,527.0598290598291,715.3846153846154,558,741,574,737,-9,-81,21,-56,37,-60,56.9,117,578.6514710202758,745.7101613291716,581.5464435138614,761.8408191357202,567.8312701198248,765.0827223293417,subject_001,82.21847726780753,False
2025-11-15T15:54:05.022,16,192,769,155.18965517241378,729.3189655172414,168,746,215,790,-36,-39,-24,-23,23,21,48.58,116,217.3742947657668,779.684030007812,207.36876589633852,781.7612765629763,203.48215990897256,788.9705556372719,subject_001,54.12564996328156,False
2025-11-15T15:54:11.433,7,356,345,355.47457627118644,358.85593220338984,383,350,381,358,0,13,27,5,25,13,31.2,118,386.8925034706574,364.7025371083877,405.6767631412073,344.9568984697515,395.7158394991991,341.73962687033367,subject_001,13.865890787098246,False
2025-11-15T15:54:17.836,6,597,386,621.034188034188,364.5982905982906,638,370,645,356,24,-21,41,-16,48,-30,42.55,117,646.9126246119209,368.66516340077976,644.7153614795336,380.2545877374089,650.1947810753968,380.74901682251,subject_001,32.18191044325868,False
2025-11-15T15:54:24.239,13,1807,213,1837.2881355932204,230.6949152542373,1831,247,1825,254,30,17,24,34,18,41,57.25,118,1831.0275584614335,252.79178174060607,1741.0,132.0,1839.380169745103,258.90459772375675,subject_001,35.07821522780123,False
2025-11-15T15:54:30.652,1,1542,501,1532.7394957983192,443.9159663865546,1537,450,1531,436,-9,-57,-5,-51,-11,-65,60.06,119,1538.7331364215845,450.73028573629347,1547.3963092386457,466.41457272167094,1546.6340064754188,473.5360141868694,subject_001,57.83030201935929,False
2025-11-15T15:54:37.048,8,1011,410,975.2773109243698,390.3109243697479,983,382,993,378,-35,-19,-28,-28,-18,-32,33.14,119,993.7267578765365,386.62552809884744,986.450339396328,377.5810461909264,997.4566296122786,375.9018772398977,subject_001,40.78933946471722,False
2025-11-15T15:54:43.452,15,225,608,218.35,577.425,229,586,259,608,-6,-30,4,-22,34,0,46.14,120,265.2987742668518,607.8303397545071,246.58708158723127,599.2195714511365,261.1506056841398,595.7656270099077,subject_001,31.289824623989233,False
2025-11-15T15:58:03.922,16,812,515,777.2583333333333,531.0333333333333,770,550,735,578,-34,16,-42,35,-77,63,46.0,120,755.10172586927,572.2326603894817,755.6637764004108,576.00384476206,769.618859084043,558.7976726139333,subject_001,38.26292174619648,False
2025-11-15T15:58:16.718,6,955,422,1062.2857142857142,449.0756302521008,1068,473,1010,488,107,27,113,51,55,66,43.55,119,1028.3714966499865,483.5507995477481,1056.4317395990338,513.0093685566652,1047.9747480471333,465.4863625255918,subject_001,110.64951081385033,False
2025-11-15T15:58:29.515,4,1621,143,1642.8,184.19166666666663,1627,173,1600,163,21,41,6,30,-21,20,33.09,120,1608.439290990495,168.84256649667734,1589.8164780849036,153.02329639477662,1611.5050815271186,184.03015985664305,subject_001,46.604650012394394,False
2025-11-15T15:58:35.922,11,1318,874,1266.4583333333333,878.1583333333333,1248,882,1256,900,-51,4,-70,8,-62,26,33.56,120,1230.239387362731,892.8124936136461,1182.4879324575472,880.7995466933445,1264.2793240273816,881.7239559723891,subject_001,51.70913980031863,False
2025-11-15T15:58:42.331,5,617,501,633.8305084745763,423.728813559322,614,446,592,468,16,-77,-3,-55,-25,-33,37.4,118,611.1377503656526,461.6265987532872,570.2664950942144,474.0363996685476,624.3983221064524,455.3380755441426,subject_001,79.0828822784223,False
2025-11-15T15:58:55.142,12,1430,418,1415.109243697479,428.6218487394958,1420,436,1368,454,-14,10,-10,18,-62,36,44.47,119,1384.5771547900938,445.8692765009517,1421.2206078606423,450.31723477175666,1395.347992091543,433.5621663554722,subject_001,18.290934746638705,False
2025-11-15T15:59:07.945,3,1705,909,1741.5210084033613,769.4621848739496,1740,775,1744,780,36,-139,35,-134,39,-129,42.91,119,1744.7752935224696,771.5287105433217,1741.0,596.0,1729.1898650041103,758.0196384819063,subject_001,144.2379489071798,False
2025-11-15T15:59:14.343,9,1058,235,1057.3193277310925,275.781512605042,1066,293,1000,298,0,40,8,58,-58,63,48.2,119,1029.7480242633628,299.87241522733854,1059.9260833142948,317.67229962393606,1037.067275202291,294.6954798117555,subject_001,40.78719266010911,False
2025-11-15T15:59:39.961,2,515,861,412.228813559322,823.2796610169491,425,832,410,861,-102,-37,-90,-29,-105,0,79.93,118,447.9850400421668,863.2443664812388,475.64812253054254,863.544502077864,419.6262501390989,857.8525826472365,subject_001,109.4748406503561,False
2025-11-15T15:59:46.368,13,963,268,939.3559322033898,295.58474576271186,960,322,884,324,-23,27,-3,54,-79,56,37.94,118,916.8693725991768,325.70946472028726,982.6220075494912,365.5178307352108,921.3755986883216,342.1113014595366,subject_001,36.33125570034912,False
2025-11-15T15:59:52.771,0,1130,947,1140.076923076923,888.6495726495726,1107,890,1128,913,10,-58,-23,-57,-2,-34,30.4,117,1101.834423546607,906.5520232593208,1027.3261373537534,886.3110450754244,1139.9599210805543,893.2296838650378,subject_001,59.2141600521001,False
2025-11-15T15:59:59.161,14,598,780,654.1176470588235,730.2016806722689,644,739,631,774,56,-49,46,-41,33,-6,35.35,119,657.5726101591551,771.4774237365826,678.6651376528889,774.5048484663986,655.0377587190517,756.9852377081917,subject_001,75.02708123927893,False
2025-11-17T15:35:34.869,9,1456,701,1437.0336134453785,704.8571428571429,1454,709,1445,732,-18,3,-2,8,-11,31,55.23,119,1443.948367233931,725.1684440177352,1472.4002107569088,703.6568758151213,1481.4529256375984,744.1876947329191,subject_001,19.354621410912085,False
2025-11-17T15:35:47.707,8,1120,117,1133.8991596638657,276.74789915966386,1131,285,1128,282,13,159,11,168,8,165,24.65,119,1137.83029966934,290.7865835280136,1148.780274059044,296.7245097133272,1146.7434681855011,280.37603928232465,subject_001,160.35142009127256,False
2025-11-17T15:36:13.323,5,722,743,826.7372881355932,759.5084745762712,804,764,761,767,104,16,82,21,39,24,33.79,118,747.3762017731377,793.0514698934535,734.400452077746,797.3921467618236,728.1001917993116,783.7432462105775,subject_001,106.03032235560572,False
2025-11-17T15:36:19.727,7,443,155,487.8495575221239,155.5929203539823,475,162,452,171,44,0,32,7,9,16,79.26,113,455.89228904958554,173.92148900080772,450.9181413425239,180.98145800171403,463.5647231311339,132.15062705103867,subject_001,44.85347661526884,False
2025-11-17T15:36:26.141,1,345,204,411.78991596638656,217.0420168067227,406,222,371,229,66,13,61,18,26,25,50.77,119,374.6211983681799,235.68666548384672,385.93406694334647,238.85199784466948,397.12886519326383,195.103347888744,subject_001,68.05135617446442,False
2025-11-17T15:36:32.540,4,1322,280,1370.420168067227,240.4453781512605,1383,252,1380,239,48,-39,61,-28,58,-41,130.95,119,1394.7514291414072,247.25662796836804,1389.0065980123986,252.3647349899955,1390.8850755192225,248.9871020378717,subject_001,62.52264218069553,False
2025-11-17T15:36:38.947,11,378,385,435.672268907563,431.9159663865546,433,426,380,433,57,46,55,41,2,48,35.48,119,384.8152253477712,443.61047011978746,422.2349346020446,430.2272678629161,423.16100864116856,423.93564839760126,subject_001,74.34513099679482,False
2025-11-17T15:36:45.351,2,1383,913,1405.2100840336134,887.1344537815127,1419,887,1390,929,22,-25,36,-26,7,16,37.09,119,1394.3356503610848,915.7609274268776,1425.0505274223358,893.651988622608,1428.8066732706218,929.6548306217788,subject_001,34.09273110152475,False
2025-11-17T15:36:51.755,3,1808,515,1697.9518072289156,501.90361445783134,1697,500,1743,511,-110,-13,-111,-15,-65,-4,58.46,83,1725.0017373877718,506.8777507488299,1704.9032722038792,495.1238678748552,1697.5516690818486,536.5539920117792,subject_001,110.82472669242576,False
2025-11-17T15:37:10.984,0,489,827,518.6875,818.1517857142857,500,838,416,807,29,-8,11,11,-73,-20,63.33,112,411.60586683299255,838.3415720352834,417.31720074122984,873.1897226053849,418.614192462422,841.6581802715572,subject_001,30.978033383284988,False
2025-11-17T15:37:23.770,20,207,402,271.2931034482759,325.86206896551727,263,328,217,330,64,-76,56,-74,10,-72,99.39,116,219.03903475970583,340.0730699125148,221.7770605851183,347.2541978213625,242.82709822633203,306.41043134837867,subject_001,99.65233410825032,False
2025-11-17T15:37:42.987,18,1592,551,1556.2268907563025,599.4201680672269,1564,603,1584,619,-35,48,-28,52,-8,68,33.37,119,1574.6317338719518,612.8768227748569,1572.1486098812352,599.6362881963149,1571.4706562643769,635.8283232002467,subject_001,60.201561612802145,False
2025-11-18T12:24:02.797,10,452,309,439.2083333333333,315.76666666666665,440,324,427,324,-12,6,-12,15,-25,15,31.49,120,454.9912037879987,327.5115401703736,444.0994651358477,331.04399308250674,440.7680114234303,349.78865543434154,subject_001,14.471161456112952,False
2025-11-18T12:24:09.208,12,137,781,155.72268907563026,753.0252100840336,153,764,171,794,18,-27,16,-17,34,13,44.71,119,158.79632381907567,789.8124765644214,163.0,596.0,134.46792856260785,773.4639115053892,subject_001,33.661966030895776,False
2025-11-18T12:24:28.418,15,268,433,255.89915966386556,413.1932773109244,249,424,258,434,-12,-19,-19,-9,-10,1,28.09,119,260.2376066486065,428.7548757848046,243.2705636981825,432.1694324877229,252.14182768071305,438.0715373403515,subject_001,23.21070012995217,False
2025-11-18T12:24:41.229,19,590,596,553.781512605042,589.6638655462185,562,599,541,618,-36,-6,-28,3,-49,22,30.96,119,568.7002743858355,623.7484841089594,585.0904116114181,621.6471713768763,541.6185073557931,630.0520698576056,subject_001,36.768538575732435,False
2025-11-18T12:24:47.620,17,771,343,760.1694915254237,338.83898305084745,766,340,744,357,-10,-4,-5,-3,-27,14,25.07,118,773.1365552184159,360.0290473804023,784.5444302392976,351.56866906613766,761.1786788434275,389.2476315497504,subject_001,11.602326312813451,False
2025-11-18T12:25:00.436,7,1249,937,1275.926605504587,862.6146788990826,1251,869,1265,990,26,-74,2,-68,16,53,72.73,109,1207.9939905404133,959.214434315396,1183.5722700118854,963.6522278322396,1251.2707733824354,940.3018745635434,subject_001,79.10890012688994,False
2025-11-18T12:25:06.838,13,752,264,764.5981308411215,258.97196261682245,773,259,747,269,12,-5,21,-5,-5,5,49.05,107,781.646735409497,276.14415381297147,792.5390259290401,261.6916070371013,769.6823729518654,309.4507620023562,subject_001,13.564441035908814,False
2025-11-18T12:25:13.234,9,1388,186,1386.1363636363635,126.12727272727273,1379,122,1424,214,-1,-59,-9,-64,36,28,57.99,110,1387.6908883284111,182.12853300518512,1386.6305365622684,175.79495712917588,1399.1932476495597,207.9934152013741,subject_001,59.90172461265409,False
2025-11-18T12:25:19.638,2,507,818,505.05555555555554,827.2592592592592,519,836,491,865,-1,9,12,18,-16,47,49.8,108,516.24299413001,882.4430073402275,531.7010396026236,877.6552110768571,480.7005772047319,865.628675088943,subject_001,9.461223294464034,False
2025-11-18T12:25:45.262,16,739,262,728.042372881356,200.7457627118644,739,200,708,202,-10,-61,0,-62,-31,-60,62.2,118,750.6200875751033,213.6163349843444,767.7462540401219,196.837505686358,736.0201132573029,249.25007555153823,subject_001,62.22661149237091,False
2025-11-18T12:25:51.670,4,901,645,893.275,618.825,891,626,878,671,-7,-26,-10,-19,-23,26,38.32,120,880.3655314179672,668.0003633391972,894.3063856338478,656.4654099271838,880.2875345440353,676.5552825914414,subject_001,27.29113867173735,False
2025-11-18T12:25:58.078,18,1260,571,1374.2542372881355,468.70338983050846,1358,487,1401,595,114,-102,98,-84,141,24,69.68,118,1331.4713207175046,547.2822180575083,1277.2164569321212,550.5777488610568,1369.8456965310866,550.6308308543696,subject_001,153.3578403292851,False
2025-11-18T12:35:16.391,0,605,489,607.5897435897435,475.8974358974359,625,488,626,499,2,-13,20,-1,21,10,35.68,117,620.5218632288523,495.040087548732,623.6813356855052,488.2276852148747,618.1952283268469,498.85054203033,subject_001,13.356045744247014,False
2025-11-18T12:35:22.804,12,1785,501,1813.9831932773109,526.4873949579832,1806,514,1771,524,28,25,21,13,-14,23,47.93,119,1783.9500683593767,518.8935922928565,1741.0,596.0,1786.4453443694251,524.9112117503822,subject_001,38.5957613513995,False
2025-11-18T12:35:42.015,20,1040,123,1029.4406779661017,120.6186440677966,1039,126,1053,121,-10,-2,-1,3,13,-2,36.15,118,1036.6783268282395,122.94100796653066,1215.0,132.0,1039.3409164797197,137.16211820093258,subject_001,10.82451559615535,False
2025-11-18T12:35:48.420,3,1631,343,1652.068376068376,336.0940170940171,1647,327,1633,335,21,-6,16,-16,2,-8,73.69,117,1634.477205758953,330.4403232032053,1634.9663190554609,326.20191781459977,1636.1017334763185,339.4122805578119,subject_001,22.171356973722787,False
2025-11-18T12:35:54.825,17,1351,165,1362.9736842105262,130.06140350877192,1359,124,1374,128,11,-34,8,-41,23,-37,49.17,114,1357.699055084168,126.80388725900264,1351.082308938807,132.0,1360.5089482108638,140.00282909411845,subject_001,36.933381084735,False
2025-11-18T12:36:14.032,1,900,501,889.3761467889908,481.8990825688073,915,498,914,502,-10,-19,15,-3,14,1,36.52,109,911.8363561462884,495.0082409398689,919.7989434822274,494.68921462688263,911.7045048505764,499.46596076881985,subject_001,21.85660778259775,False
2025-11-18T12:36:33.246,4,863,797,843.7899159663865,804.6974789915967,853,804,875,840,-19,7,-10,7,12,43,50.35,119,871.791763184013,827.0497636849977,872.1607317559248,802.8481502657894,873.0197284149159,817.8143080829846,subject_001,20.694890949327664,False
2025-11-18T12:36:39.652,6,381,595,381.3362068965517,608.4568965517242,373,631,388,641,0,13,-8,36,7,46,23.07,116,381.1340499488783,642.1518278117331,370.1430102398341,647.1380032215375,381.30839409215736,635.3391220136896,subject_001,13.46109579050291,False
2025-11-18T12:36:52.477,11,937,756,901.895652173913,677.2782608695652,914,680,930,706,-35,-78,-23,-76,-7,-50,54.08,115,927.5169525300292,693.4240901486995,930.5484851726894,674.2843780569061,928.8381318216368,693.6188865873361,subject_001,86.19412652852354,False
2025-11-18T12:36:58.873,8,1445,491,1459.7217391304348,523.1478260869566,1462,524,1457,532,14,32,17,33,12,41,66.06,115,1459.2287135619908,525.5002638731187,1459.6123116081037,523.8004375328554,1457.4682143750658,529.1397345386637,subject_001,35.35834166277854,False
2025-11-18T12:37:18.090,15,935,510,895.2051282051282,511.0854700854701,919,525,921,532,-39,1,-16,15,-14,22,42.01,117,918.2045213351048,524.5887789773335,925.5895517738918,521.3738324144118,918.3615391135526,528.377623984349,subject_001,39.809673026498665,False
2025-11-18T12:37:24.498,14,1710,266,1691.771186440678,292.2118644067797,1684,286,1670,289,-18,26,-26,20,-40,23,65.3,118,1669.7568039397624,286.3927711124427,1669.0362110534938,287.01961397562116,1673.250157970819,294.97055608551966,subject_001,31.927284248114837,False
2025-11-18T12:44:30.167,12,449,219,431.0336134453781,251.15126050420167,448,239,452,239,-17,32,-1,20,3,20,55.25,119,452.5079444836799,240.3727730455817,452.16417074118806,234.1276818099548,452.8465448975204,231.590996714308,subject_001,36.83062038357673,False
2025-11-18T12:44:36.579,16,509,783,464.6833333333333,774.625,501,796,503,791,-44,-8,-8,13,-6,8,41.2,120,508.0981934083926,797.6999054115402,514.4523895497805,804.057345501813,510.32197488727735,809.8796086235621,subject_001,45.10108168818625,False
2025-11-18T12:44:55.792,6,1567,121,1599.6694915254238,149.864406779661,1590,161,1576,179,32,28,23,40,9,58,73.29,118,1573.230684755786,177.4812160107,1575.9041272871827,173.00996260182777,1573.3320578978366,169.66200127124668,subject_001,43.59414702997962,False
2025-11-18T12:45:02.200,4,134,248,127.8655462184874,273.9747899159664,135,262,135,253,-6,25,1,14,1,5,29.32,119,143.9179853241548,263.1728011121732,163.0,132.0,140.49435105647066,259.3993733774864,subject_001,26.68934683307378,False
2025-11-18T12:45:08.606,8,1638,531,1674.775,525.2166666666667,1652,554,1644,550,36,-5,14,23,6,19,55.82,120,1649.7675470006363,552.582930751383,1642.0871843691696,569.4777271669603,1646.2205946053498,573.0195714479722,subject_001,37.22697368098098,False
2025-11-18T12:45:27.825,5,686,199,680.5739130434782,219.3304347826087,706,205,704,215,-5,20,20,6,18,16,48.61,115,704.3381151928535,212.16211921677828,716.3255004886903,195.77443755507244,708.4509161102185,196.46164194255036,subject_001,21.042076848772357,False
2025-11-18T12:45:34.231,18,546,144,544.9391304347826,166.49565217391304,564,148,569,154,-1,22,18,4,23,10,31.56,115,566.4116945591463,154.69381983992437,574.7848813268005,138.78384477118053,569.8851298329267,138.56944659750954,subject_001,22.520652987071298,False
2025-11-18T12:45:40.636,15,1647,117,1589.2434782608696,119.9304347826087,1580,131,1567,149,-57,2,-67,14,-80,32,72.03,115,1563.010129015293,147.5941862109577,1564.606246383839,145.41250607275802,1563.9737466527097,140.25515251312223,subject_001,57.83081575957382,False
2025-11-18T12:45:53.437,10,566,266,570.9747899159664,262.4201680672269,593,249,594,256,4,-3,27,-17,28,-10,34.19,119,595.583908280129,253.7188026574829,600.1658130748331,243.58026367959383,598.0627249825392,240.3760164379566,subject_001,6.128925792902322,False
2025-11-18T12:46:06.257,14,366,347,341.5798319327731,330.0420168067227,356,324,360,320,-24,-16,-10,-23,-6,-27,46.52,119,363.0331038080234,322.1499926382326,356.39795514132106,321.7586942148604,360.9811271540169,319.34677460099414,subject_001,29.730755160524986,False
2025-11-18T12:46:19.058,7,1071,848,1042.6525423728813,804.1016949152543,1058,805,1072,821,-28,-43,-13,-43,1,-27,58.48,118,1065.9401399312094,815.446564301394,1064.9306959510725,809.0725128026073,1065.004198988308,801.9484635597844,subject_001,52.25552165307228,False
2025-11-18T12:46:25.465,1,144,582,122.24166666666666,563.5166666666667,136,562,136,565,-21,-18,-8,-20,-8,-17,43.6,120,147.87653743257712,566.1527510487606,163.0,596.0,143.52550750150573,563.7394036775788,subject_001,28.549232573846123,False
2025-11-21T15:50:59.352,10,1004,447,1049.3247863247864,454.4017094017094,1041,455,1053,455,45,7,37,8,49,8,34.04,117,1050.1537788299054,462.2502232814808,1042.653822742501,461.0019913942325,1035.7509738389256,457.410414339625,subject_001,45.92517346134792,False
2025-11-21T15:51:12.160,3,629,350,614.8888888888889,344.8034188034188,612,355,607,339,-14,-5,-17,5,-22,-11,32.87,117,612.9702528592995,357.86668694834714,612.9536313766845,365.42034986633206,608.654562942026,366.5207092297576,subject_001,15.03755009709972,False
2025-11-21T15:51:18.555,2,1248,385,1230.9583333333333,373.2083333333333,1219,364,1234,372,-17,-11,-29,-21,-14,-13,36.76,120,1226.8684527970302,370.3840849396878,1217.7900161021328,360.59254860803645,1208.0748652450843,357.72705089428484,subject_001,20.72346026983811,False
2025-11-21T15:51:24.959,0,1763,207,1769.3474576271187,218.77966101694915,1763,227,1770,223,6,11,0,20,7,16,33.92,118,1769.9969694793188,240.10112142417543,1741.0,132.0,1763.1717952990446,233.75846515853175,subject_001,13.38098023323774,False
2025-11-21T15:51:37.769,8,426,636,409.6470588235294,612.2436974789916,406,628,402,622,-16,-23,-20,-8,-24,-14,37.73,119,404.21212767220175,639.6488211266089,407.3433475679203,642.8064073534565,405.264660815283,647.9317987917453,subject_001,28.84060669595521,False
2025-11-21T15:51:50.568,17,1163,775,1162.9557522123894,745.0088495575221,1170,760,1192,774,0,-29,7,-15,29,-1,45.97,113,1181.773865140676,783.0806783086819,1159.107407187261,775.78583446636,1161.3952778137582,774.7729200875009,subject_001,29.991183083200458,False
2025-11-21T15:52:03.364,1,898,576,886.9579831932773,526.8067226890756,886,537,890,530,-11,-49,-12,-39,-8,-46,34.61,119,892.8812978529041,547.1966518993836,897.5220008627997,554.6792735824322,892.725412530525,552.0159330467555,subject_001,50.41730524085409,False
2025-11-21T15:52:16.179,9,868,456,884.3898305084746,428.79661016949154,884,437,883,426,16,-27,16,-19,15,-30,31.07,118,886.49304501773,442.02098307584833,886.7818781722096,451.2518329516308,886.2423094150561,447.4789189366938,subject_001,31.759265771852075,False
2025-11-21T15:52:28.991,14,388,492,370.6050420168068,494.66386554621846,365,508,360,499,-17,2,-23,16,-28,7,26.69,119,361.6206920153573,514.9212647998856,360.27468128926455,518.9327343223827,358.37102526640535,521.7713730098276,subject_001,17.59774823337879,False
2025-11-21T15:52:35.405,16,243,444,230.70833333333331,456.01666666666665,224,464,218,462,-12,12,-19,20,-25,18,29.96,120,214.0207943340296,469.19644443077703,213.3541442044564,471.4098213044568,213.05729392563148,472.4249438297912,subject_001,17.189687234566613,False
2025-11-21T15:52:54.619,12,1494,843,1606.2905982905984,807.1025641025641,1656,838,1670,869,112,-35,162,-5,176,26,24.8,117,1656.5102706831583,904.9969400036408,1681.7900654603295,935.8415412539778,1699.229659416838,912.5573403903782,subject_001,117.8889493059933,False
2025-11-21T15:53:01.019,18,1686,489,1672.4745762711864,504.8220338983051,1671,517,1701,533,-13,15,-15,28,15,44,31.18,118,1685.7635561987538,551.0106295665246,1665.2365535415254,540.417094689348,1662.0853547779654,544.8807696647558,subject_001,20.81523105139769,False
2025-11-21T16:10:49.308,14,299,635,311.09166666666664,615.6666666666666,310,633,294,642,12,-19,11,-2,-5,7,48.42,120,305.4386441699604,645.6446215840967,304.2042605493568,654.3637953045334,293.508398737609,656.4465469482304,subject_001,22.803205488605247,False
2025-11-21T16:10:55.711,20,1358,948,1378.1525423728813,941.9830508474575,1363,967,1324,959,20,-6,5,19,-34,11,39.42,118,1341.96670190676,985.9452749685652,1343.8701819922017,983.1078886170552,1346.4183685446058,983.7601969101931,subject_001,21.031610523092528,False
2025-11-21T16:11:14.931,19,1583,901,1621.3979591836735,895.5918367346939,1600,917,1542,911,38,-5,17,16,-41,10,104.88,98,1577.7444022085544,955.6356827010788,1591.8849568468677,977.930580417526,1588.4522265641006,985.1099361639042,subject_001,38.77694546215911,False
2025-11-21T16:11:21.336,15,1008,833,1034.9561403508771,826.0438596491229,1022,831,1007,841,26,-6,14,-2,-1,8,52.14,114,1003.3119687104044,847.573070638236,998.445606240688,840.6904531055369,1007.9564950832404,839.0941857332484,subject_001,27.839206008744007,False
2025-11-21T16:11:27.742,0,1502,617,1512.7520661157023,568.1570247933885,1478,580,1457,576,10,-48,-24,-37,-45,-41,31.68,121,1472.966293165818,596.726675737642,1473.4293309883833,611.3325283677885,1486.1538043066464,600.9281293020478,subject_001,50.012429982856276,False
2025-11-21T16:11:40.555,13,1302,736,1334.6134453781513,685.6890756302521,1326,701,1288,692,32,-50,24,-35,-14,-44,54.36,119,1303.7229966557904,710.0176929454461,1317.4141910075757,715.9311520498613,1307.5089306254638,718.8568708381313,subject_001,59.95686724948319,False
2025-11-21T16:11:46.961,7,773,740,822.7310924369748,667.1512605042017,814,681,804,676,49,-72,41,-59,31,-64,46.15,119,799.9470166619197,683.1867850628726,798.0445565562204,692.9897549596369,800.1134592224539,694.7714532215508,subject_001,88.20499079474821,False
2025-11-21T16:11:53.366,9,1418,939,1505.3805309734514,887.1946902654868,1492,912,1438,902,87,-51,74,-27,20,-37,76.55,113,1465.9839065024878,938.0358731048798,1471.479062970127,947.958364823954,1473.521715133155,953.5270479406544,subject_001,101.58320387687696,False
2025-11-21T16:11:59.786,6,1761,399,1756.8333333333333,310.8583333333333,1714,333,1702,336,-4,-88,-47,-66,-59,-63,18.76,120,1716.9498840707945,350.53478589957666,1712.5965035942,349.453598197511,1732.5340779467915,350.26100750947336,subject_001,88.24009584020689,False
2025-11-21T16:12:06.179,18,1092,910,1082.3697478991596,875.7058823529412,1065,885,1052,893,-9,-34,-27,-25,-40,-17,33.44,119,1048.9665122045767,900.7428532388432,1046.651324017202,892.3409616768002,1054.1549307268986,889.7665086198616,subject_001,35.62061567008702,False
2025-11-21T16:12:18.990,5,775,665,807.0168067226891,638.5714285714286,798,653,789,646,32,-26,23,-12,14,-19,45.39,119,785.9652599019295,653.4321910666945,784.9389944663361,663.8111442605357,785.0040624866622,666.454155946142,subject_001,41.51560309658447,False
2025-11-21T16:12:25.379,1,1376,306,1401.0,271.228813559322,1392,276,1380,281,25,-34,16,-30,4,-25,42.63,118,1376.8230332972385,281.32513710246815,1364.9208756804187,273.876052006124,1380.2657893953935,274.75959208151716,subject_001,42.82563959233286,False
2025-11-24T14:37:11.627,11,1014,326,1044.7666666666669,326.1666666666667,1008,357,1045,361,30,0,-6,31,31,35,36.23,120,1068.0503427367053,321.3248095031912,1073.365617985944,303.46552987913384,1098.0670276715052,300.1785533741759,subject_001,30.767118089862898,False
2025-11-24T14:37:18.042,16,1388,248,1371.81512605042,233.4453781512605,1452,166,1492,120,-16,-14,64,-82,104,-128,34.61,119,1418.9537358513733,226.17010475697327,1432.22223467021,201.15272813099543,1429.884697362865,201.94956606386,subject_001,21.766652519935068,False
2025-11-24T14:37:24.440,6,1340,330,1281.2268907563025,335.672268907563,1294,325,1312,355,-58,5,-46,-5,-28,25,91.08,119,1320.151098490413,336.599961772559,1323.4680808909957,305.8615199842411,1338.3155431828245,312.2420784016974,subject_001,59.046193820866264,False
2025-11-24T14:37:37.252,18,1484,136,1524.1596638655462,125.38655462184876,1703,-25,2539,-1244,40,-10,219,-161,1055,-1380,102.08,119,1585.3431914451903,116.46944052602171,1741.0,132.0,1584.1625999882117,108.0354715303393,subject_001,41.5384619911313,False
2025-11-24T14:37:43.657,13,693,198,680.6083333333333,179.20833333333334,600,246,694,162,-12,-18,-93,48,1,-36,44.17,120,692.2905242001146,169.30797012807244,693.6020857107494,171.52370467538478,727.4866684548192,164.1887639091508,subject_001,22.509556612445483,False
2025-11-24T14:37:56.473,8,1670,218,1715.6666666666667,280.69166666666666,1905,122,1996,34,45,62,235,-96,326,-184,31.57,120,1793.9481054055266,300.7014737577071,1741.0,132.0,1779.3935317664548,314.60823823922647,subject_001,77.56087618051316,False
2025-11-24T14:38:02.876,12,190,864,181.92307692307693,724.3846153846154,264,655,233,726,-8,-139,74,-209,43,-138,91.78,26,238.5030991950208,751.2667952153088,232.92736463443305,761.6928013103612,223.32337944293096,787.6580901331686,subject_001,139.84881947192946,False
2025-11-24T14:38:09.284,20,184,427,177.4952380952381,247.57142857142856,129,288,194,268,-6,-179,-55,-139,10,-159,53.61,105,205.69199826806928,249.05601909298872,195.69221089327849,247.649412412786,216.7068812815945,252.2734443824342,subject_001,179.54644015500728,False
2025-11-24T14:38:34.912,2,1625,557,1577.2333333333331,534.125,1592,522,1637,608,-47,-22,-33,-35,12,51,54.9,120,1650.286292194454,578.1464133374845,1664.9418461104603,614.3952137715373,1639.893126683742,597.3007502479915,subject_001,52.96149610277701,False
2025-11-24T14:38:41.316,10,1003,429,924.9666666666668,358.6083333333333,883,394,912,409,-78,-70,-120,-35,-91,-20,49.69,120,937.9163163100368,362.7535812082971,915.1292704850388,361.1019317313712,976.5132689112538,346.32158040823595,subject_001,105.09133098035348,False
2025-11-24T14:38:47.729,14,397,785,335.7391304347826,623.5217391304348,382,584,356,655,-61,-161,-15,-201,-41,-130,73.23,23,358.94244214573024,670.4211602720368,310.0025616582104,726.7932964538045,379.1280819250299,697.2692824222592,subject_001,172.70820152310642,False
2025-11-24T14:45:52.348,9,719,768,729.8679245283018,709.3207547169811,736,728,700,790,10,-58,17,-40,-19,22,83.57,106,741.5224845898172,766.4445152158103,741.5189389409521,787.4136787588017,743.1105490775379,754.2494890637239,subject_001,59.67717830576072,False
2025-11-24T14:45:58.758,8,456,817,347.45454545454544,664.0454545454545,335,673,310,800,-108,-152,-121,-144,-146,-17,61.86,44,331.4781397364645,762.6007482713959,349.88350101261045,707.0834365172642,320.5464863672292,733.8806495601506,subject_001,187.55588147985645,False
2025-11-24T14:46:05.161,19,679,627,731.0796460176991,556.858407079646,719,584,699,597,52,-70,40,-43,20,-30,104.01,113,722.2017111141255,587.8283371371684,707.8597141243546,612.7157531183293,721.2741995754074,587.0735588262104,subject_001,87.36207750925742,False
2025-11-24T14:46:11.563,5,1128,559,1085.141414141414,537.3434343434343,1122,533,1080,527,-42,-21,-6,-26,-48,-32,157.68,99,1108.0080961555916,519.8404741911992,1176.234111242945,512.4912255820561,1120.6569197125557,538.5989501979001,subject_001,48.01942542174908,False
2025-11-24T14:46:17.972,2,1277,862,1136.953488372093,813.046511627907,1150,802,1153,863,-140,-48,-127,-60,-124,1,56.95,43,1167.353080951087,832.8854853134121,1185.3463113560947,826.2683148623612,1197.184592630629,836.7892384956451,subject_001,148.35588779331317,False
2025-11-24T14:46:24.378,10,1768,944,1645.774193548387,829.2096774193549,1692,848,1775,846,-122,-114,-76,-96,7,-98,74.48,62,1751.8627076918926,848.6746568557479,1741.0,1060.0,1756.056483347419,815.5843541100381,subject_001,167.6781617292953,False
2025-11-24T14:57:33.589,17,1529,637,1512.3478260869565,573.6,1539,609,1574,614,-16,-63,10,-28,45,-23,53.33,115,1574.720640209054,633.7614260422262,1577.3937977730425,643.7759245877705,1567.6090199972025,634.7433653508015,subject_001,65.55039966339064,False
2025-11-24T14:57:40.004,12,797,884,860.7666666666667,763.8777777777777,883,858,890,886,63,-120,86,-26,93,2,61.11,90,873.0098697569873,878.4175185268093,886.6346497686726,918.3462910312774,881.1903243744617,859.6378392693048,subject_001,135.99829428850467,False
2025-11-24T14:58:05.615,9,837,416,828.4587155963303,329.07339449541286,820,357,861,407,-8,-86,-17,-59,24,-9,51.38,109,838.4269185871697,392.8030859436228,812.0504371181835,378.56953797638135,831.7994014646632,398.31392179218295,subject_001,87.34522473389424,False
2025-11-24T14:58:24.847,0,522,703,600.625,553.4791666666666,596,583,606,660,78,-149,74,-120,84,-43,81.11,48,596.81679562894,646.7092123772484,593.5691101173305,619.156224954735,597.2413296609479,644.8583008749262,subject_001,168.93303473771627,False
2025-11-24T14:58:44.065,5,372,660,379.5378151260504,589.5126050420168,374,629,352,702,7,-70,2,-31,-20,42,91.06,119,357.8194306496274,695.777060835529,382.2833115776223,659.1769487949525,363.3473129178115,690.8241452311452,subject_001,70.88929048056006,False
2025-11-24T14:58:50.466,14,1332,233,1298.0666666666666,209.25,1321,218,1344,265,-33,-23,-11,-15,12,32,32.63,120,1332.3942350843072,251.2253437619316,1335.9143055290058,246.6832992435357,1327.113948559829,254.6420267675424,subject_001,41.419000604929074,False
2025-11-24T14:58:56.871,19,728,901,746.0736842105263,715.9263157894737,754,784,763,840,18,-185,26,-117,35,-61,44.55,95,750.7592817889762,827.7129888047574,740.067377166772,841.0866055826059,757.5499302458329,812.6030516072001,subject_001,185.95409822910443,False
2025-11-24T14:59:03.279,11,596,382,621.8139534883721,265.2558139534884,636,322,640,338,25,-116,40,-60,44,-44,81.01,86,625.5558816976124,334.4256144065564,633.2038402245704,351.6567685025027,609.8143169572168,337.58297010813044,subject_001,119.56406303886776,False
2025-11-24T14:59:16.087,1,437,535,460.375,409.6160714285714,471,436,456,495,23,-125,34,-99,19,-40,56.38,112,448.97769112655374,493.4295618103358,470.85858729886274,447.5101948057436,443.1042204549116,496.6991139008614,subject_001,127.54418908364704,False
2025-11-24T14:59:22.492,20,1209,379,1176.9444444444443,262.52777777777777,1195,265,1223,325,-32,-116,-14,-114,14,-54,88.61,108,1206.545867084017,307.96899904904916,1229.3815078423877,303.2216048192894,1200.1347650727027,315.49287204323457,subject_001,120.80288569135271,False
2025-11-24T14:59:28.895,18,857,676,847.0823529411765,572.3882352941176,847,620,878,672,-9,-103,-10,-56,21,-4,43.29,85,859.3620838391892,665.0740052514409,861.8438490021051,683.9999159723903,860.0171950193071,656.4501787161823,subject_001,104.08533762567389,False
2025-11-24T14:59:41.707,16,1153,748,1138.4827586206898,622.9224137931035,1174,677,1191,705,-14,-125,21,-71,38,-43,52.66,116,1174.3745463806472,707.7602896161571,1192.440629285555,714.3415746529771,1171.6858616102818,700.1237638485699,subject_001,125.91724611271002,False
2025-11-27T14:56:52.154,7,755,233,770.3025210084033,251.109243697479,754,278,759,268,15,18,-1,45,4,35,32.68,119,757.2372879697879,274.55847015076364,754.5211901109639,277.31581083899385,752.2591019497191,278.31309839006826,subject_001,23.708898255872384,False
2025-11-27T14:56:58.573,1,214,572,185.8571428571429,561.7647058823529,186,560,193,574,-28,-10,-28,-12,-21,2,36.83,119,189.2442253498108,575.1482656230371,186.2193871750626,556.5598084816268,185.96779188616011,590.6982707387994,subject_001,29.946312858814593,False
2025-11-27T14:57:04.966,12,1542,301,1546.0168067226891,274.9579831932773,1564,294,1544,289,4,-26,22,-7,2,-12,38.47,119,1553.7446665980517,296.22786899244744,1572.4752974506107,305.0174787077072,1579.0605146490943,309.5640378977651,subject_001,26.349978664300053,False
2025-11-27T14:57:11.373,15,691,218,665.8571428571429,207.73949579831933,661,220,656,223,-25,-10,-30,2,-35,5,47.11,119,657.6496848132159,223.40195644040955,662.3833982424542,216.71768323312403,659.9163122858855,233.05378563127107,subject_001,27.155868827544953,False
2025-11-27T14:57:24.192,16,871,624,835.504761904762,608.0285714285715,836,640,826,640,-35,-15,-35,16,-45,16,43.23,105,831.9697159465983,648.8998712160897,838.5700397404361,655.0342240554066,844.4669669053735,643.7459164943314,subject_001,38.92298110435379,False
2025-11-27T14:57:30.592,2,541,961,523.5700934579439,882.4953271028037,529,913,525,937,-17,-78,-12,-48,-16,-24,67.47,107,527.152269043507,935.5663464428914,527.8450085653959,929.2290592680122,527.2471744204942,921.5518819636696,subject_001,80.41632488966776,False
2025-11-27T14:57:43.403,25,320,247,337.109243697479,210.6806722689076,341,210,336,219,17,-36,21,-37,16,-28,42.9,119,341.81125352271386,208.69536354912003,345.5841409986941,205.84874411967627,344.2947298949682,233.1480281006226,subject_001,40.14747547154391,False
2025-11-27T14:57:49.814,31,557,514,572.5083333333333,429.7416666666667,570,458,566,447,15,-84,13,-56,9,-67,70.16,120,569.9708619710656,456.29631840420024,573.1861694150145,467.0922786842346,570.7419808499693,459.16506965931984,subject_001,85.67365487061286,False
2025-11-27T14:57:56.219,8,1351,398,1355.638655462185,334.3193277310924,1363,351,1348,353,4,-63,12,-47,-3,-45,58.63,119,1354.4579251614305,358.64748696124866,1372.93570269603,377.8935564471299,1378.0551135088317,368.5587120439386,subject_001,63.84939424236438,False
2025-11-27T14:58:02.624,29,1636,825,1515.592105263158,694.3421052631579,1519,699,1518,736,-120,-130,-117,-126,-118,-89,91.27,76,1521.4625921191507,738.037881449922,1526.246551160814,719.2408287488919,1522.898395427412,738.0033701672621,subject_001,177.67821074071563,False
2025-11-27T14:58:15.438,10,764,615,744.5882352941177,571.6890756302521,746,609,736,600,-19,-43,-18,-6,-28,-15,34.56,119,741.5084004393858,610.8800334726106,748.5005168066649,620.5448389949544,750.5419827160116,605.7930191041553,subject_001,47.46211940862483,False
2025-11-27T14:58:21.842,13,185,217,195.34745762711864,191.55084745762716,201,185,200,196,10,-25,16,-32,15,-21,56.32,118,204.1209802324728,180.4387793147793,211.7619570756393,174.21686842846742,214.5143881036114,212.33701708312017,subject_001,27.472335984949986,False
2025-11-27T14:58:28.252,4,229,350,267.1666666666667,340.9,268,343,270,348,38,-9,39,-7,41,-2,46.69,120,272.3393259146968,343.00716243519753,273.0461597603935,341.356728892099,272.1500113346411,365.6430884482669,subject_001,39.236519270246774,False
2025-11-27T14:58:34.653,5,517,458,480.525,485.69166666666666,481,508,476,503,-36,27,-36,50,-41,45,46.06,120,480.99710992860867,510.4575492242087,481.620224928173,519.4634417680494,479.1594500438826,515.5442153891088,subject_001,45.795786135601816,False
2025-11-27T14:58:47.468,21,594,463,629.4621848739496,443.16806722689074,626,477,621,462,35,-19,32,14,27,-1,61.09,119,625.4499410458371,473.1425933107748,630.9044798012605,481.4655911491341,628.2471661160763,473.3945434381326,subject_001,40.63092558078518,False
2025-11-27T14:58:53.876,24,729,516,685.2521008403361,461.7647058823529,681,499,676,483,-43,-54,-48,-17,-53,-33,61.17,119,679.9192974129364,494.85031035325704,687.5638249474582,501.6575023917858,683.8299365044179,492.8989011209471,subject_001,69.68031148690285,False
2025-11-27T14:59:00.280,23,1186,887,1211.3333333333333,825.9083333333333,1212,860,1208,885,25,-61,26,-27,22,-2,74.36,120,1212.9873077616194,877.3696036503626,1202.5113769570346,882.9299039725986,1205.7524015162764,869.799505690043,subject_001,66.13599257506377,False
2025-11-27T14:59:06.688,18,460,203,482.7,180.16666666666663,486,181,477,192,22,-22,26,-22,17,-11,55.15,120,482.411209937502,184.60688721716548,485.6431597258006,177.3601433181882,481.5338219076789,203.24533011965485,subject_001,32.197066809122724,False
2025-11-27T14:59:19.500,17,887,885,855.6302521008404,788.5210084033613,872,814,850,839,-31,-96,-15,-71,-37,-46,23.15,119,858.8773556021902,837.5460565626723,873.3408809028585,830.294930845151,879.350099354166,828.4297762981879,subject_001,101.45076097674728,False
2025-11-27T14:59:25.903,27,456,818,458.6806722689076,725.90756302521,465,750,458,760,2,-92,9,-68,2,-58,89.85,119,461.5607658021417,764.8787784131771,464.75434047034054,761.4719687046846,465.55585415178,760.9076431273566,subject_001,92.13144388192856,False
2025-11-27T14:59:32.314,11,1345,478,1295.8166666666666,453.3416666666666,1289,463,1288,478,-49,-24,-56,-15,-57,0,67.97,120,1290.9640257614703,480.9735325969855,1295.9175665861146,477.6730716567399,1294.3512541125117,489.6974824997548,subject_001,55.01848489876439,False
2025-11-27T14:59:38.719,6,861,321,842.6218487394958,216.0084033613445,821,244,830,233,-18,-104,-40,-77,-31,-88,42.61,119,826.5941452013451,239.53059421411209,813.8634442732942,248.9704853064056,814.1384289344378,243.0724795482876,subject_001,106.58795339290508,False
2025-11-27T14:59:45.123,0,982,677,941.6416666666668,596.625,935,624,932,629,-40,-80,-47,-53,-50,-48,73.33,120,935.3700522618832,635.9786890397636,935.686241766188,644.9994651044491,942.2032987274426,633.0290451320252,subject_001,89.93851063056601,False
2025-11-27T14:59:51.528,19,788,407,772.2372881355932,247.22033898305085,756,274,761,264,-15,-159,-32,-133,-27,-143,105.31,118,759.0769602550088,270.4657256085807,756.0550308672355,273.23505445211276,754.014838822393,274.3548661794777,subject_001,160.5552962689537,False
2025-11-27T14:59:57.948,26,618,750,650.5294117647059,613.1596638655462,657,647,644,643,32,-136,39,-103,26,-107,42.84,119,650.6557367894451,652.1090538004769,654.8292652833019,662.1550364090297,657.4905379335136,647.3524261331404,subject_001,140.65361788147533,False
2025-11-27T15:00:04.343,22,1000,467,946.9083333333332,372.40833333333336,915,418,935,393,-53,-94,-85,-49,-65,-74,109.36,120,929.7582115755288,406.2279402488894,907.1325940301206,435.5123287587364,901.9001119511132,403.8737206852616,subject_001,108.47261623203448,False
2025-11-27T15:05:39.530,4,1675,501,1746.5045045045044,405.6306306306306,1741,410,1733,438,71,-95,66,-91,58,-63,128.82,111,1729.5121608632026,434.99169582901766,1741.0,427.3505825788288,1736.9119933407949,445.8107498929216,subject_001,119.19819956000136,False
2025-11-27T15:05:52.347,1,528,116,592.3603603603603,132.32432432432432,580,122,594,114,64,16,52,6,66,-2,38.0,111,582.7339579198319,128.27235713554444,593.145986967928,132.0,571.3518348491,144.18205186128765,subject_001,66.39833996690858,False
2025-11-27T15:06:05.154,21,1173,402,1166.5169491525423,391.5847457627119,1148,394,1158,378,-6,-10,-25,-8,-15,-24,48.13,118,1149.9762267547574,386.2895710989362,1146.2165245753151,391.5143546343759,1148.5960272200518,419.3653951237241,subject_001,12.268148561134597,False
2025-11-27T15:06:11.564,27,1570,399,1622.042372881356,344.83898305084745,1614,345,1609,359,52,-54,44,-54,39,-40,88.37,118,1610.923603307113,359.15436135389575,1609.8775343335114,353.1475992126119,1611.877042346684,381.49917073272366,subject_001,75.1120784700336,False
2025-11-27T15:06:17.969,10,685,760,695.0084033613446,705.344537815126,692,708,675,713,10,-54,7,-52,-10,-47,40.55,119,674.9636659556638,720.3858044601758,673.8397473489247,724.9849518971273,663.4819353115143,727.8798441883591,subject_001,55.56426625526121,False
2025-11-27T15:06:24.374,26,1131,834,1145.127118644068,804.7627118644068,1132,821,1124,821,14,-29,1,-13,-7,-13,30.06,118,1121.206551885567,827.9342655862642,1121.0618857730285,831.4781661986373,1118.2036649632537,838.2371761300747,subject_001,32.47144127856469,False
2025-11-27T15:06:30.780,30,132,934,210.2016806722689,896.9915966386554,188,923,167,958,78,-37,56,-11,35,24,42.69,119,157.2156023682219,962.0520025515748,163.0,1060.0,167.43859980373102,912.1863959038544,subject_001,86.51661562569063,False
2025-11-27T15:06:37.184,8,1814,773,1744.7931034482758,689.4137931034483,1738,696,1730,746,-69,-83,-76,-77,-84,-27,74.66,29,1704.3250005696625,745.5361951105696,1708.1354735423918,730.6083803480369,1729.2103723464247,733.7774163006881,subject_001,108.5184247659088,False
2025-11-27T15:06:43.603,20,717,553,708.8571428571429,505.781512605042,699,517,698,499,-8,-47,-18,-36,-19,-54,48.53,119,690.6711224321474,513.3789235976385,689.0478219728305,519.9402111811698,681.7311568670864,525.6406676212727,subject_001,47.91546383284614,False
2025-11-27T15:06:50.000,5,130,864,220.93636363636364,785.7454545454545,204,803,187,835,90,-78,74,-61,57,-29,79.44,110,176.69269054277882,840.5206671684214,163.0,1060.0,180.67115083128692,799.5118025552924,subject_001,119.97164713257244,False
2025-11-27T15:06:56.402,12,1416,493,1413.3428571428572,421.6857142857143,1395,421,1402,423,-2,-71,-21,-72,-14,-70,47.33,70,1398.259077656195,424.2945919668968,1387.227880150463,420.44834781736887,1398.4592204207397,455.1019023041379,subject_001,71.36377060597371,False
2025-11-27T15:07:02.801,25,840,670,864.5169491525423,620.7627118644068,855,626,850,618,24,-49,15,-44,10,-52,47.16,118,845.4009779549549,628.0494675567477,847.0760224219922,631.4275001236882,837.2886522604712,645.6032613275895,subject_001,55.00355750945363,False
2025-11-27T15:07:09.203,3,748,246,753.6333333333333,221.99166666666667,734,214,752,200,5,-24,-14,-32,4,-46,34.72,120,737.6929048731263,214.37564608968532,720.790938655248,202.8549030986416,733.1380234006236,238.57238738012623,subject_001,24.660383490304618,False
2025-11-27T15:07:15.608,28,298,133,381.52991452991455,101.6923076923077,387,100,386,98,83,-31,89,-33,88,-35,59.8,117,379.63724611066255,107.42771756059788,426.0,364.0,358.03047009219756,108.66318102365092,subject_001,89.20436210751112,False
2025-11-27T15:07:22.013,2,896,670,907.0260869565218,582.7130434782608,895,589,894,577,11,-87,-1,-81,-2,-93,35.35,115,887.6918397820408,587.9002032838745,886.3636019158572,591.4915616415922,881.2296013193705,607.8813352334992,subject_001,87.98060793379848,False
2025-11-27T15:07:34.836,19,1089,977,1106.0176991150445,855.0088495575221,1093,871,1083,874,17,-121,4,-106,-6,-103,34.65,113,1080.7567324368906,880.816522152233,1084.9241793753322,880.6849750010091,1077.4566286237778,888.4083745965202,subject_001,123.17241115383533,False
2025-11-27T15:07:41.232,9,535,869,561.2649572649573,811.2136752136752,564,810,533,834,26,-57,29,-59,-2,-35,55.45,117,534.9949234223043,837.9518074766069,553.7237138184639,821.4616331681746,525.5246640268081,832.5119907923561,subject_001,63.47524960518589,False
2025-11-27T15:07:47.637,18,1572,623,1538.3157894736842,543.0350877192982,1526,545,1525,563,-33,-79,-46,-78,-47,-60,62.27,57,1517.0679382861151,561.5130784879489,1520.881261767336,548.8618271529529,1522.7397179893123,580.8823559852788,subject_001,86.76988668219812,False
2025-11-27T15:07:54.042,31,475,961,527.9579831932773,837.9327731092437,531,836,497,865,52,-123,56,-125,22,-96,57.48,119,499.0466693562949,868.6631197914203,523.7952419820458,845.8356923381862,491.1608572302108,858.9282941754226,subject_001,133.97794713489353,False
2025-11-27T15:08:00.437,23,1655,407,1633.4736842105262,352.56140350877195,1625,353,1621,368,-21,-54,-30,-54,-34,-39,34.16,57,1621.7967523761656,368.169446307335,1621.8801988855091,361.6474355093355,1623.3160061646868,389.5766853691068,subject_001,58.54009787660843,False
2025-11-27T15:08:06.843,15,1068,191,1117.7394957983192,188.6890756302521,1114,173,1112,164,49,-2,46,-18,44,-27,52.0,119,1107.7826976061658,174.0835553872719,1113.932344668031,160.69291663498052,1103.357936381447,212.42769597604783,subject_001,49.79315026902508,False
2025-11-27T15:08:13.249,7,1410,761,1479.271186440678,648.3050847457627,1471,659,1465,671,69,-112,61,-102,55,-90,94.91,118,1454.672986335787,673.2718476590949,1468.0923681489292,664.0142454281647,1460.6045546965984,686.476531781743,subject_001,132.28242965359732,False
2025-11-27T15:08:19.652,13,385,411,335.6333333333333,416.8,331,435,328,429,-49,5,-54,24,-57,18,79.11,120,318.6007836571275,440.80460518270127,313.1791110587317,451.7202216390503,304.828291354581,427.4914128202737,subject_001,49.70621467963316,False
2025-11-27T15:08:26.063,6,601,336,607.1111111111111,360.7592592592592,597,372,602,351,6,24,-4,36,1,15,54.63,108,591.3221978073783,366.7482765685794,589.712923655994,372.4087315043731,581.5204876033887,376.323550951104,subject_001,25.50228613437542,False
2025-11-27T15:08:32.468,24,674,834,694.3157894736842,800.0526315789474,692,799,669,815,20,-33,18,-35,-5,-19,27.78,114,671.3595681635147,819.0629658773807,669.1679771205961,818.0541016831038,660.7883753178869,823.981562546558,subject_001,39.56204146216087,False
2025-11-27T15:08:45.281,22,1014,800,1037.6916666666666,834.9833333333333,1028,842,1015,851,23,34,14,42,1,51,35.68,120,1014.0870474703128,855.8832825733841,1023.3927966232372,847.4872403366389,1008.535591366416,866.6489764476839,subject_001,42.25078319458177,False
2025-11-27T15:08:51.682,0,189,169,205.10084033613447,182.2941176470588,216,192,208,198,16,13,27,23,19,29,40.27,119,201.88873810672928,200.07009737378027,219.32854443158033,197.9416640824116,177.2839808039904,186.7551093707887,subject_001,20.879909567417556,False
2025-11-27T15:08:58.073,11,1318,788,1299.561403508772,749.2105263157895,1287,771,1282,768,-18,-38,-31,-17,-36,-20,89.9,57,1275.1309480669515,774.8222994710628,1273.7210396659511,783.3872534790634,1276.1018195146185,785.1050230783355,subject_001,42.948866216285474,False
2025-11-27T15:17:50.135,31,1492,753,1487.8898305084747,772.6355932203389,1503,757,1506,763,-4,19,11,4,14,10,88.81,118,1500.0870604321854,763.0987907985532,1506.385467574804,746.2446315598314,1500.9379113994746,761.598321535307,subject_001,20.061156855069093,False
2025-11-27T15:17:56.538,3,1691,279,1716.5470085470083,338.5982905982906,1715,320,1713,291,25,59,24,41,22,12,81.14,117,1714.0908628744294,297.61145361000797,1722.5492991434437,291.51791644278546,1720.501631215116,315.8366457463822,subject_001,64.84293244401589,False
2025-11-27T15:18:02.943,30,1304,933,1301.2767857142858,915.7678571428572,1312,918,1312,922,-2,-17,8,-15,8,-11,18.16,112,1315.5955442610964,920.5608062587906,1309.3165205341263,919.111890871865,1315.9329810313625,911.6594532678788,subject_001,17.4459921900388,False
2025-11-27T15:18:09.352,17,968,978,963.8991596638656,990.218487394958,975,1000,963,1009,-4,12,7,22,-5,31,38.48,119,974.8378787070936,1006.2690722311422,963.3910872615344,1009.9975810962488,976.386817562478,996.3319421924658,subject_001,12.888301892926515,False
2025-11-27T15:18:15.756,2,1070,564,1070.4414414414414,576.3423423423424,1081,577,1080,569,0,12,11,13,10,5,35.11,111,1076.22474631824,575.3255457406964,1087.067505942637,574.7229107712201,1072.8638425126435,574.3463952194869,subject_001,12.35023420999776,False
2025-11-27T15:18:22.163,15,1559,946,1562.5344827586207,946.948275862069,1577,942,1580,949,3,0,18,-4,21,3,13.87,116,1581.3460998083326,949.1210472920484,1590.351471395369,951.8958967041584,1581.316282575064,936.0351246678993,subject_001,3.6594802201364054,False
2025-11-27T15:18:28.568,7,995,154,1019.2033898305084,155.16101694915255,1003,141,1002,139,24,1,8,-13,7,-15,74.47,118,1001.0675593697524,141.10636431162357,994.1182135169056,142.81229295665264,1009.3863687481607,149.30935464347738,subject_001,24.231220349866344,False
2025-11-27T15:18:34.977,0,1739,890,1696.578947368421,887.9894736842106,1709,882,1720,881,-42,-2,-30,-8,-19,-9,45.75,95,1714.9366941979436,883.8226497338572,1716.4793167458097,893.2929314086911,1715.4132917364043,872.6476768081865,subject_001,42.46866989249456,False
2025-11-27T15:18:41.384,26,406,410,388.2090909090909,380.6363636363636,389,390,397,390,-17,-29,-17,-20,-9,-20,55.68,110,388.85945267274,397.8649702825843,392.3576671387966,400.75163432665886,376.7109478186939,394.98084106789634,subject_001,34.332777149203366,False
2025-11-27T15:18:47.787,9,1078,365,1060.1596638655462,406.4117647058824,1053,396,1063,393,-17,41,-25,31,-15,28,73.5,119,1054.7222677473528,399.1813538435253,1052.5100527133334,394.2096803874087,1057.7738593863196,402.57403607620773,subject_001,45.09115045600036,False
2025-11-27T15:18:54.194,29,1819,102,1904.408695652174,111.48695652173912,1916,93,1870,43,85,9,97,-9,51,-59,88.53,115,1903.5383836763497,59.09455212026161,1741.0,132.0,1904.4581591128624,80.71192726866919,subject_001,85.93397254317436,False
2025-11-27T15:19:00.602,20,733,201,789.2333333333333,213.075,787,203,782,208,56,12,54,2,49,7,59.79,120,780.9206640440582,209.98789374648575,786.8049436002739,199.65075053836387,778.135476743751,214.2805663340129,subject_001,57.515158026191486,False
2025-11-27T15:19:07.007,4,821,392,829.1344537815127,422.6218487394958,827,421,834,419,8,30,6,29,13,27,77.5,119,827.9880526340526,426.38233250139746,821.9773134691721,427.3108811438044,824.3061561134541,425.34891247520994,subject_001,31.68385959046226,False
2025-11-27T15:19:32.632,25,1297,690,1262.4273504273503,711.1538461538462,1277,711,1276,705,-34,21,-20,21,-21,15,107.38,117,1272.806149347579,707.4186797377879,1277.366525597254,715.7697277249454,1270.9629808147308,705.5566665572599,subject_001,40.53089322447539,False
2025-11-27T15:19:39.036,12,280,199,289.60504201680675,168.1344537815126,287,175,291,182,9,-30,7,-24,11,-17,39.52,119,283.2995648501101,183.49882939911615,280.7866192268365,185.56128298668165,271.02190107412946,182.53707304683877,subject_001,32.32551276484573,False
2025-11-27T15:19:45.442,21,1252,224,1217.388888888889,295.1574074074074,1199,287,1211,272,-34,71,-53,63,-41,48,111.99,108,1201.678408081429,277.80688417813406,1192.1706548866048,288.44886886151056,1213.9054050354418,285.5986204551542,subject_001,79.128412351629,False
2025-11-27T15:19:51.834,22,1371,719,1322.1652173913044,662.3913043478261,1332,660,1336,651,-48,-56,-39,-59,-35,-68,55.61,115,1329.7286983922584,653.9311376510647,1338.052899335709,656.5309861935937,1330.1050024400452,654.5392731182867,subject_001,74.76215898353263,False
2025-11-27T15:19:58.242,5,438,452,397.61344537815125,464.6890756302521,398,476,408,475,-40,12,-40,24,-30,23,64.87,119,399.76172414936394,482.83359719317656,400.3486032134755,480.909250520782,388.5475873006209,479.8256228385582,subject_001,42.333041877165286,False
2025-11-27T15:20:11.051,11,1410,772,1371.0619469026549,780.0619469026549,1387,771,1386,775,-38,8,-23,-1,-24,3,54.99,113,1383.3876941110664,774.9453330666805,1394.4120356488445,767.7855418754224,1382.8536440034882,772.3348054391331,subject_001,39.76389023816576,False
2025-11-27T15:20:17.464,14,923,814,919.875,808.2053571428571,954,804,927,817,-3,-5,31,-10,4,3,59.43,112,933.506184093188,818.8024400894813,974.0047907170434,802.4033077348811,926.7997793602128,813.2551570597932,subject_001,6.583578877923246,False
2025-11-27T15:20:23.866,16,348,123,349.2695652173913,104.89565217391304,347,109,344,117,1,-18,-1,-14,-4,-6,64.09,115,341.0013993209599,116.68590318222276,163.0,132.0,329.6910071395334,116.86441868441014,subject_001,18.148807289988778,False
2025-11-27T15:20:30.270,18,1093,491,1108.571428571429,495.3949579831933,1109,493,1115,484,15,4,16,2,22,-7,100.84,119,1108.5560430775306,489.8676605361738,1112.5395948266528,493.4860364314616,1109.241462146733,491.3367471465757,subject_001,16.17977266308605,False
2025-11-27T15:20:36.675,8,576,285,612.1680672268908,248.69747899159665,614,249,611,250,36,-36,38,-36,35,-35,64.25,119,608.3308654260347,254.97323272437035,613.757545174881,254.0474488309913,599.837057396155,255.22460677470323,subject_001,51.244532571723774,False
2025-11-27T15:20:43.085,10,1124,270,1163.2820512820513,338.6837606837607,1149,330,1161,319,39,68,25,60,37,49,55.44,117,1151.2408884066567,325.017012836179,1144.833736946012,330.45052828566486,1160.320630108365,331.159278366866,subject_001,79.1235649764962,False
2025-11-27T15:20:49.490,13,566,182,623.0,157.3913043478261,626,153,614,159,57,-24,60,-29,48,-23,69.34,115,616.2574688231992,159.63287835665952,624.6688302728824,152.76044088181698,608.2900037484982,162.47838293062483,subject_001,62.08532758793597,False
2025-11-27T15:20:55.899,6,670,899,751.0084745762712,869.5677966101695,761,878,754,884,81,-29,91,-21,84,-15,114.51,118,758.2498525600572,886.1674821549175,779.076938885575,871.9863213926614,757.5114634842085,880.0352466536403,subject_001,86.1894863052027,False
2025-11-27T15:21:02.302,27,421,223,445.2457627118644,222.82203389830508,446,227,446,231,24,0,25,4,25,8,49.65,118,441.5180340638849,234.599689302003,443.59555593187787,233.8735455489197,430.11487273045833,233.62238960753052,subject_001,24.24641584674707,False
2025-11-27T15:21:08.712,28,1690,213,1763.25,191.16666666666663,1769,171,1741,135,73,-21,79,-42,51,-78,141.13,108,1759.9205801230412,144.02032995706315,1741.0,132.0,1763.72858075015,165.2753066190257,subject_001,76.43465800567466,False
2025-11-27T15:25:40.537,7,1161,327,1169.6302521008404,341.2268907563025,1159,330,1166,321,8,14,-2,3,5,-6,26.48,119,1161.2786949266283,326.3012451142886,1160.6599695492623,317.4885092434731,1161.199101549141,329.8869608752182,subject_001,16.639881968205952,False
2025-11-27T15:25:46.950,23,561,910,574.7647058823529,898.3613445378152,548,944,531,953,13,-11,-13,34,-30,43,14.75,119,533.6193532817057,970.8806927956826,534.4360232919805,1007.3414794476572,535.1397773074975,999.6823099775742,subject_001,18.025688031116207,False
2025-11-27T15:25:53.356,26,171,494,131.24576271186442,518.4152542372881,118,527,96,548,-39,24,-53,33,-75,54,42.34,118,97.22643805163818,539.6078176909989,163.0,596.0,95.56481756674566,531.2557768117427,subject_001,46.65301728541042,False
2025-11-27T15:25:59.756,10,1652,106,1657.7627118644068,76.9322033898305,1677,89,1683,86,5,-29,25,-17,31,-20,36.01,118,1682.3628392075618,92.80881061760728,1741.0,132.0,1685.0561951250263,110.54510319502477,subject_001,29.633522365766044,False
2025-11-27T15:26:12.565,21,1603,170,1627.0,176.10344827586206,1640,187,1645,180,24,6,37,17,42,10,43.53,116,1643.4382437981697,190.07212373009895,1653.9257527956072,204.2566512241983,1646.023613324154,207.4271936402977,subject_001,24.76392700797116,False
2025-11-27T15:26:18.976,8,723,835,784.4833333333333,807.5333333333333,776,840,748,833,61,-27,53,5,25,-2,27.1,120,755.3473189003851,867.5008306917456,763.0328833265783,899.8491952103899,757.0599395942799,914.64021058389,subject_001,67.33957273071725,False
2025-11-27T15:26:25.388,20,270,390,264.3898305084746,382.3305084745763,249,390,237,390,-5,-7,-21,0,-33,0,64.73,118,237.60824759052105,392.3671031104361,240.3700502421676,395.9938205820388,237.21987179555092,391.9309419272972,subject_001,9.502373492038132,False
2025-11-27T15:26:31.784,2,1269,544,1291.4358974358977,531.5384615384615,1272,521,1280,525,22,-12,3,-23,11,-19,44.39,117,1277.0734532426154,533.2373687413929,1273.1092936902555,523.4966783346682,1278.5745049352158,524.6917039919804,subject_001,25.66436117620157,False
2025-11-27T15:26:38.197,4,613,849,686.6302521008404,766.8403361344538,671,794,650,788,73,-82,58,-55,37,-61,44.32,119,655.0895193495086,821.3223872928932,661.0822619536702,844.4025392013161,655.8881988837518,850.5613308035399,subject_001,110.3250850483826,False
2025-11-27T15:26:44.598,16,832,489,848.4910714285714,504.4285714285714,840,504,828,489,16,15,8,15,-4,0,64.85,112,828.0679095546716,509.783993912585,834.1775667091663,507.69238963684774,827.1300602042686,506.6498778179076,subject_001,22.583096625325208,False
2025-11-27T15:26:51.010,11,653,556,664.9107142857143,519.5267857142857,653,515,640,511,11,-36,0,-41,-13,-45,45.23,112,638.6434888067658,531.1066431222987,645.7719879265128,513.4650613241489,637.427827815935,509.897172366025,subject_001,38.36874346558088,False
2025-11-27T15:26:57.409,3,738,486,774.2268907563025,518.5126050420168,766,515,752,506,36,32,28,29,14,20,38.54,119,751.4930315981392,527.6125909924399,759.3840116258752,514.7553587027821,750.275675237801,512.5563757565353,subject_001,48.67706955525625,False
2025-11-27T15:27:03.819,30,1619,411,1623.74,364.19,1626,371,1630,369,4,-46,7,-40,11,-42,40.56,100,1624.1164336393983,381.0229117710368,1623.265105880241,380.38701460918,1625.9104251376298,385.591105314868,subject_001,47.04937512868795,False
2025-11-27T15:27:10.223,9,1702,486,1601.3846153846157,403.38461538461536,1601,409,1605,407,-100,-82,-101,-77,-97,-79,47.38,39,1598.1030976869506,419.3285630680965,1593.8616338914178,416.3722709230579,1599.4651813552791,422.08142697207074,subject_001,130.18739338526464,False
2025-11-27T15:27:16.639,0,402,701,399.8050847457627,678.8983050847457,365,699,363,703,-2,-22,-37,-2,-39,2,39.53,118,360.70972588335974,713.6477367404564,352.64446045372677,712.4982875324583,360.4069592294604,703.674133738578,subject_001,22.210415824568873,False
2025-11-27T15:27:23.035,28,873,353,892.0,366.9913793103448,882,366,880,344,19,13,9,13,7,-9,26.36,116,874.6802563068119,354.5892057622319,873.95680665911,359.0079180795869,872.6290211188607,363.1601927994438,subject_001,23.59573467824101,False
2025-11-27T15:27:29.439,17,742,294,782.6355932203389,322.8728813559322,771,315,770,301,40,28,29,21,28,7,22.19,118,762.6617335932089,307.48500908873245,758.1797204277722,297.3758031005383,759.9378725262453,300.64216547776573,subject_001,49.84871828003797,False
2025-11-27T15:27:35.849,31,252,671,297.3760683760684,614.1196581196581,270,627,262,638,45,-56,18,-44,10,-33,45.52,117,259.5472993080467,640.7824001626184,257.68550926479156,638.3579216132566,258.5919440045217,634.4230855778504,subject_001,72.76235890688409,False
2025-11-27T15:27:48.658,15,1293,634,1319.3474576271187,614.7203389830509,1300,607,1303,617,26,-19,7,-27,10,-17,56.95,118,1301.4919238014222,624.5599476400688,1300.0392579465754,613.3405191736263,1302.4856159656858,609.0926552832525,subject_001,32.648029838587284,False
2025-11-27T15:27:55.063,14,1530,722,1558.8305084745762,655.5932203389831,1549,662,1545,678,28,-66,19,-60,15,-44,43.44,59,1537.3170806127516,685.9941912613892,1543.405730924081,674.3486263727866,1535.2420641176957,676.178056066986,subject_001,72.39515594188231,False
2025-11-27T15:28:01.473,12,538,465,548.3263157894737,464.0842105263158,530,463,524,456,10,0,-8,-2,-14,-9,47.11,95,519.8788372939639,471.2537971012715,519.5595025709962,467.1270085522387,519.0805686464175,464.44814545809766,subject_001,10.366844657080804,False
2025-11-27T15:28:07.880,1,1444,504,1401.9615384615386,504.9102564102564,1389,501,1394,501,-42,0,-55,-3,-50,-3,43.93,78,1389.6728458895768,509.792444729768,1388.3702125526315,511.44403063636526,1390.6033140835982,514.0188907865364,subject_001,42.04831524868879,False
2025-11-27T15:28:14.284,25,1421,144,1434.5384615384614,125.73504273504274,1444,120,1450,118,13,-18,23,-24,29,-26,45.46,117,1447.436901739887,119.82080402010423,1456.140656917784,132.0,1448.2692259176026,131.82422631829778,subject_001,22.735404212793636,False
2025-11-27T15:28:20.695,6,428,816,433.0336134453781,779.3697478991596,393,810,392,818,5,-36,-35,-6,-36,2,17.45,119,390.82300593258987,828.0134628685809,379.6441903505625,822.5773388206742,390.9241327233552,817.6544884080746,subject_001,36.97448624779812,False
2025-11-27T15:28:27.098,27,329,753,359.3135593220339,682.042372881356,325,701,322,710,30,-70,-4,-52,-7,-43,56.66,118,319.2933629328198,716.332645203955,313.8312664759346,714.8446087890575,318.6890586377739,706.4279240414385,subject_001,77.16149768556204,False
2025-11-27T15:28:39.906,24,821,225,807.875,241.22321428571428,797,229,799,218,-13,16,-24,4,-22,-7,52.32,112,790.5131183997793,218.2553567201275,780.3844744890123,208.7289138698073,786.4756609311348,207.679645291793,subject_001,20.867637785820506,False
2025-11-27T15:28:46.300,18,331,491,358.56779661016947,532.0254237288135,334,542,327,542,27,41,3,51,-4,51,50.49,118,324.934071478787,550.6940936937534,319.76980980651143,549.660000054136,324.56484718986474,547.1700821482833,subject_001,49.427409420971735,False
2025-11-27T15:28:52.708,22,507,351,483.8205128205128,338.6666666666667,466,338,463,329,-23,-12,-41,-13,-44,-22,32.77,117,458.3072885276295,336.04133102652344,448.7576924981197,336.798231830645,457.359081264808,339.01670250920887,subject_001,26.25642277643932,False
2025-11-27T15:35:01.405,15,1289,405,1286.5593220338983,425.8305084745763,1284,418,1280,429,-2,20,-5,13,-9,24,25.08,118,1279.794518285274,427.4335164998269,1287.4391903844175,415.6048487923904,1283.6112545489082,461.63989696830646,subject_001,20.97300627577288,False
2025-11-27T15:35:07.828,13,1687,499,1732.9237288135594,494.7542372881356,1721,530,1730,536,45,-4,34,31,43,37,112.86,118,1719.9729507332786,558.0022543001038,1718.1185272638545,546.0982655837117,1735.2209580099002,552.6989131211895,subject_001,46.11957685350984,False
2025-11-27T15:35:14.234,12,550,924,558.8220338983051,878.0338983050848,539,881,530,889,8,-45,-11,-43,-20,-35,37.54,118,533.4773306669281,887.1056874204157,527.7813452246403,883.4515881812023,520.7478588594213,888.1892530521797,subject_001,46.80502950677557,False
2025-11-27T15:35:20.642,4,712,411,727.0083333333333,399.75,707,406,717,384,15,-11,-5,-5,5,-27,29.89,120,716.2310231912978,391.8733076359415,700.0652193173985,400.9325403382678,714.6456264585951,408.72544688481054,subject_001,18.756667333096363,False
2025-11-27T15:35:27.046,14,1400,365,1452.7227722772277,332.8712871287129,1441,323,1446,341,52,-32,41,-42,46,-24,128.93,101,1445.0610393178497,340.37512476143195,1434.379248798253,320.86716233220625,1457.3105742158689,372.42308551978846,subject_001,61.74095000372136,False
2025-11-27T15:35:33.457,23,826,961,851.3983050847457,924.813559322034,843,943,816,967,25,-36,17,-18,-10,6,24.19,118,829.7277309292984,957.7520070114522,835.3194422530529,957.5597171497866,816.6868064327297,949.6303121790166,subject_001,44.210093758301056,False
2025-11-27T15:35:39.860,5,1798,383,1740.8028169014085,307.01408450704224,1736,330,1736,331,-57,-75,-62,-53,-62,-52,119.49,71,1736.451545742689,353.0323108005305,1740.2154984215526,354.9974948223761,1752.0867773803902,361.9447887028407,subject_001,95.1071874661254,False
2025-11-27T15:35:46.268,18,624,215,631.0593220338983,196.5169491525424,618,191,616,193,7,-18,-6,-24,-8,-22,24.17,118,617.8303562534367,188.42628706266524,612.4273351070384,182.5456948498428,626.4378599898535,197.10551571605356,subject_001,19.78527725881003,False
2025-11-27T15:35:52.670,0,798,319,780.0420168067227,322.109243697479,762,328,769,310,-17,3,-36,9,-29,-9,34.54,119,768.6038813225186,314.7908985236586,756.8868407078464,323.4428484015223,772.3424998256743,332.1043021835078,subject_001,18.225162735634015,False
2025-11-27T15:35:59.081,9,1040,485,1051.6218487394958,466.3109243697479,1052,472,1043,460,11,-18,12,-13,3,-25,34.49,119,1046.709567873043,465.53572347292845,1053.119917161261,473.317558551916,1042.3000441183967,491.8317783158868,subject_001,22.007928481276995,False
2025-11-27T15:36:05.484,16,496,656,518.9915254237288,627.1525423728814,507,617,507,611,22,-28,11,-39,11,-45,46.6,118,507.28143607811063,614.4202276006419,504.75788032799016,614.4604579121933,491.96871970890373,630.6617222434331,subject_001,36.88883371507391,False
2025-11-27T15:36:24.706,17,1806,744,1725.2155172413793,642.2241379310345,1714,681,1718,709,-80,-101,-92,-63,-88,-35,90.77,116,1706.0646023586428,728.5516551308551,1704.8700904463192,728.3228668093318,1720.4247746964252,702.7965218488838,subject_001,129.9402122303137,False
2025-11-27T15:36:31.110,10,317,851,336.0840336134454,823.3109243697479,327,807,313,817,19,-27,10,-44,-4,-34,39.66,119,313.9009915092145,815.4652147525031,319.3086264192999,803.8457819054591,296.34934345037027,821.9406566949827,subject_001,33.628637323224,False
2025-11-27T15:36:37.524,31,1443,407,1465.654867256637,397.42477876106193,1453,390,1460,409,22,-9,10,-17,17,2,49.08,113,1456.2573740843677,410.0721667580554,1449.14853106673,386.32931935927513,1467.4501130336405,425.3411505933253,subject_001,24.595281502565857,False
2025-11-27T15:36:50.330,19,1207,213,1242.6101694915253,211.96610169491527,1237,202,1229,213,35,-1,30,-11,22,0,47.95,118,1236.5225865767177,205.36191537584847,1235.141770271844,196.84495110037517,1248.8927602694262,240.34053380661103,subject_001,35.62517532476742,False
2025-11-27T15:36:56.736,7,495,514,468.0512820512821,511.9316239316239,464,496,458,492,-26,-2,-31,-18,-37,-22,41.81,117,459.3393100690277,494.1271384984471,464.39470573607525,489.7989113070131,445.4830476420729,510.8515824848613,subject_001,27.027977701629496,False
2025-11-27T15:37:03.139,24,907,731,958.747899159664,740.4201680672269,973,743,941,754,51,9,66,12,34,23,34.09,119,951.4260709015648,757.979344882519,982.8429527112042,751.2798607342568,934.7574553496692,766.734732037595,subject_001,52.5983329950062,False
2025-11-27T15:37:09.546,8,1628,397,1654.6351351351352,384.7432432432432,1643,398,1651,408,26,-12,15,1,23,11,100.78,74,1645.6859086276436,422.1071528860719,1643.0084589276885,413.0334945715273,1660.6215607537329,437.0964089289941,subject_001,29.31993366058691,False
2025-11-27T15:37:15.956,20,1635,860,1626.132530120482,825.3855421686746,1614,855,1602,929,-8,-34,-21,-5,-33,69,133.78,83,1598.7932142048792,929.2280405379732,1595.6234302017476,941.3361942166435,1610.835946707839,884.777694965952,subject_001,35.73223632828989,False
2025-11-27T15:37:22.362,27,1187,873,1194.0869565217392,903.4173913043478,1179,952,1161,974,7,30,-8,79,-26,101,26.95,115,1172.251337636584,960.9741768858524,1171.6630264903858,971.2063875079824,1166.900251644829,944.0274240205018,subject_001,31.232077204419745,False
2025-11-27T15:37:28.765,11,138,559,140.14406779661016,513.3813559322034,147,480,131,493,2,-45,9,-79,-7,-66,67.57,118,130.85179132799254,489.6073927678228,163.0,596.0,111.27104471274647,496.8944465296269,subject_001,45.66900166744149,False
2025-11-27T15:37:35.171,30,822,381,798.6083333333333,426.3083333333333,778,437,789,412,-23,45,-44,56,-33,31,28.66,120,788.7905694178565,420.8923392355781,775.732152475378,433.6690933483467,786.3573115735365,439.1590920119148,subject_001,50.99034358473066,False
2025-11-27T15:37:41.580,28,1070,716,1081.7203389830509,728.7033898305085,1096,734,1065,749,11,12,26,18,-5,33,9.82,118,1074.5610285459838,751.0571124734263,1100.0085453470324,739.787821010811,1060.620244590762,760.6314800955926,subject_001,17.28416787304175,False
2025-11-27T15:37:47.989,2,884,851,913.8403361344538,854.3193277310925,923,864,887,885,29,3,39,13,3,34,44.98,119,899.4489884392334,882.4426354166833,927.0891032363646,876.2227652088623,883.6345821809654,877.1314572619901,subject_001,30.024383377574743,False
2025-11-27T15:37:54.391,3,145,913,164.20353982300884,935.3185840707964,129,946,131,938,19,22,-16,33,-14,25,46.32,113,130.45132896935945,937.4077557153848,163.0,1060.0,115.92764163041872,927.9952066812774,subject_001,29.44308300193942,False
2025-11-27T15:38:00.794,22,563,601,546.5779816513761,623.1926605504588,532,616,534,607,-16,22,-31,15,-29,6,32.98,109,534.8085965955047,611.9176581673876,530.213073183781,613.5670529037895,520.2662402594095,627.9250132701711,subject_001,27.607913158194823,False
2025-11-27T15:38:07.207,29,173,671,208.42857142857144,677.7478991596639,214,638,195,658,35,6,41,-33,22,-13,59.78,119,195.63281936958617,654.8608279984901,214.7000626835413,623.6311838794753,173.11758098266597,664.8647898152708,subject_001,36.0654657052752,False
2025-11-27T15:38:13.612,21,1276,103,1312.3697478991596,120.32773109243698,1308,109,1295,127,36,17,32,6,19,24,54.07,119,1308.3674042275882,116.5776670865868,1309.4102235271262,132.0,1324.292506416576,151.4971101150982,subject_001,40.286583710464114,False
2025-11-28T13:59:04.834,1,209,925,282.8695652173913,814.2608695652174,270,821,251,863,73,-110,61,-104,42,-62,41.63,46,231.06354660047907,849.8810311352183,209.65099950322676,843.0109967905316,241.1219499620491,846.9713986550182,subject_001,133.11599330981318,False
2025-11-28T13:59:11.239,29,1746,175,1826.4787234042556,281.51063829787233,1717,149,1718,150,80,106,-29,-26,-28,-25,51.61,94,1757.0002812771493,231.7139631365255,1713.8627157167516,146.1550522229436,1812.821565075743,142.5473066152794,subject_001,133.4965954299916,False
2025-11-28T13:59:24.045,0,580,461,609.1525423728814,440.7796610169492,609,445,647,449,29,-20,29,-16,67,-12,42.47,118,598.4183463844267,453.1909300529202,604.8162870626505,466.4133136710244,577.256335368955,467.6346529351699,subject_001,35.47862504934666,False
2025-11-28T13:59:36.862,6,759,334,764.3898305084746,348.6610169491525,765,350,796,327,5,14,6,16,37,-7,127.17,118,752.9162072169917,343.3017601816386,744.3283739513221,339.11831977830605,736.4818386476503,340.21714252633825,subject_001,15.62036142006388,False
2025-11-28T13:59:43.266,20,848,444,820.5847457627119,429.5254237288136,823,430,854,417,-27,-14,-25,-14,6,-27,69.73,118,813.7349607132979,428.9373747404259,830.5242574337958,434.2249240383376,793.187766182326,435.3377973028908,subject_001,31.00176645169649,False
2025-11-28T13:59:56.080,21,346,465,427.0840336134454,453.57142857142856,426,458,462,480,81,-11,80,-7,116,15,81.69,119,410.9292864113077,472.9509153079895,401.3815533739171,480.1707869819559,391.28813146141863,488.86867367242087,subject_001,81.88548559985648,False
2025-11-28T14:00:02.485,30,315,591,402.88235294117646,589.4201680672269,402,591,425,628,87,-1,87,0,110,37,60.8,119,376.9693448204756,613.9486383537442,354.84378819821916,596.2849415778919,365.4725632448856,610.5037920447534,subject_001,87.89655185167003,False
2025-11-28T14:00:08.891,18,209,560,322.54700854700855,538.0512820512821,319,539,345,581,113,-21,110,-21,136,21,89.77,117,295.80382091061904,560.8447383962351,265.2260035652704,546.2224240412435,283.88212382157894,547.4168624678897,subject_001,115.64890561335548,False
2025-11-28T14:00:15.304,5,305,153,372.8611111111111,140.2962962962963,380,144,403,138,67,-12,75,-9,98,-15,190.36,108,372.3916909869055,143.96041487664044,384.0392960045267,136.53270916556457,338.49327314227753,172.11151807985328,subject_001,69.03994850103858,False
2025-11-28T14:00:21.706,19,488,467,532.8050847457627,435.8305084745763,532,440,571,450,44,-31,44,-27,83,-17,124.4,118,520.2872141494862,451.3407460641522,530.2942348052462,472.0193434727977,499.357826207649,471.5817012377646,subject_001,54.580516862965254,False
2025-11-28T14:00:28.112,13,1487,910,1471.225806451613,838.483870967742,1466,857,1464,897,-15,-71,-21,-53,-23,-13,35.44,93,1457.1391274025789,919.2119144575944,1455.2223548038912,899.6409932535554,1454.5193981329735,864.9461829803645,subject_001,73.23511380383428,False
2025-11-28T14:00:34.517,27,950,142,1021.7674418604652,171.36046511627907,1020,170,1007,75,71,29,70,28,57,-67,73.31,86,992.1335165047716,128.0578746683594,952.0,364.0,1000.6724215372742,137.54957789707683,subject_001,77.54097383344813,False
2025-11-28T14:00:40.930,9,415,288,466.6237623762376,289.1188118811881,467,294,504,293,51,1,52,6,89,5,37.16,101,457.4096962136448,298.7048562118477,454.339244466545,320.5559830850686,433.4400788564104,329.0623924152675,subject_001,51.635884633689905,False
2025-11-28T14:00:47.346,4,884,255,995.9701492537314,208.3283582089552,997,208,991,126,111,-46,113,-47,107,-129,159.81,67,970.7522490334756,171.007769043778,936.240357582732,161.18873815916635,974.0354860340824,177.7703590746044,subject_001,121.30769337257422,False
2025-11-28T14:00:53.752,7,250,889,225.9391304347826,853.4521739130435,203,864,175,904,-24,-35,-47,-25,-75,15,27.39,115,167.02660073579128,891.685594250277,163.0,1060.0,182.68474220585415,887.7259122479888,subject_001,42.92520685731069,False
2025-11-28T14:01:00.156,26,1758,811,1779.5384615384614,682.3461538461538,1781,698,1749,722,21,-128,23,-113,-9,-89,59.93,78,1742.1859063922009,774.8982704865932,1741.0,841.9088488342812,1770.0662973595352,872.1798329989131,subject_001,130.4443078697622,False
2025-11-28T14:01:12.971,24,501,345,507.4434782608696,298.4,507,303,545,298,6,-46,6,-42,44,-47,85.69,115,497.03752084592463,306.37111178696205,489.817216882464,325.2813327636962,474.5900204927673,332.154640185593,subject_001,47.04336735500873,False
2025-11-28T14:01:19.388,3,766,594,716.125,575.1,718,580,749,592,-49,-18,-48,-14,-17,-2,45.8,120,707.9893093510273,592.7505657184346,722.7343468858818,602.6840363813423,687.7218029243567,602.0925600670873,subject_001,53.335969335899385,False
2025-11-28T14:01:32.205,15,837,687,871.1333333333333,631.8666666666667,871,635,900,649,34,-55,34,-52,63,-38,44.96,120,866.3346223509509,649.3107590155281,862.8744056047569,657.5984927657041,843.1376336288411,655.687447165689,subject_001,64.84418932247428,False
2025-11-28T14:01:38.610,31,732,808,739.7916666666666,781.1833333333333,736,789,751,815,7,-26,4,-19,19,7,34.13,120,722.5933892132934,813.1687037849456,725.1087138754754,812.5583505757476,707.8387531743473,814.3741415415428,subject_001,27.925681380327283,False
2025-11-28T14:01:45.019,23,1424,790,1436.5378151260504,795.4873949579832,1433,810,1434,844,12,5,9,20,10,54,88.86,119,1427.080958760149,862.2891049980907,1432.970553256695,822.4455100809739,1419.0761118628814,807.8134984960185,subject_001,13.686062675580498,False
2025-11-28T14:01:51.422,25,768,172,863.972972972973,69.32432432432432,853,59,844,-32,95,-102,85,-113,76,-204,78.52,74,832.2406698172119,27.460664199188383,689.0,132.0,840.4219878525327,33.51261237610057,subject_001,140.54574314694682,False
2025-11-28T14:01:57.832,22,372,571,384.6806722689076,516.2016806722689,383,519,414,552,12,-54,11,-52,42,-19,47.72,119,362.7568293785897,538.2081104470118,342.47208516004105,531.5353598757604,347.48940213826074,538.7401704873006,subject_001,56.2463798864907,False
2025-11-28T14:02:04.236,17,674,183,631.927536231884,213.6231884057971,629,214,658,182,-42,30,-45,31,-16,-1,99.84,69,616.4090569323903,205.27639781736005,591.1724172255317,200.85854688857776,602.3611372404118,200.87951925416797,subject_001,52.037216255833464,False
2025-11-28T14:02:10.640,2,476,645,495.4201680672269,636.8235294117648,498,640,517,671,19,-8,22,-5,41,26,46.42,119,473.1763842932528,663.0864326001489,476.4151221810516,660.2605950851782,459.55221903991,670.135395643972,subject_001,21.07125053335978,False
2025-11-28T14:02:17.053,8,1492,318,1380.4767441860463,321.8139534883721,1383,319,1352,238,-111,3,-109,1,-140,-80,61.67,86,1354.8025409401253,285.40446924408786,1351.5014375365283,287.85219365955203,1365.6303758114725,284.3405059626378,subject_001,111.58845293557944,False
2025-11-28T14:02:23.456,16,1484,783,1536.6923076923076,773.7094017094017,1537,794,1529,824,52,-9,53,11,45,41,51.61,117,1522.1520255430416,852.8853948040842,1529.0352806346086,821.9746901462776,1521.4194662156533,825.681604078367,subject_001,53.50508860415137,False
2025-11-28T14:07:44.303,7,346,589,372.85087719298247,587.5877192982456,367,591,372,583,26,-1,21,2,26,-6,40.4,114,361.3318235988268,584.6290340316773,363.620301447824,587.2421324566475,359.44306772665846,579.562909418177,subject_001,26.887992539666733,False
2025-11-28T14:07:50.701,3,1306,836,1320.8508771929824,800.6491228070175,1312,798,1315,816,14,-35,6,-38,9,-20,26.96,114,1307.2667281427514,809.4082593613321,1307.978780150089,805.6464805407496,1305.8315855299152,809.532147849074,subject_001,38.34361839621257,False
2025-11-28T14:07:57.103,30,797,279,815.1875,302.9553571428572,810,297,804,272,18,23,13,18,7,-7,33.48,112,800.3023144487007,278.51979293398136,797.853756539235,274.28800612356315,796.7409858812199,297.6803070506802,subject_001,30.077305266460304,False
2025-11-28T14:08:16.348,31,729,426,757.4414414414415,437.6306306306306,753,436,751,416,28,11,24,10,22,-10,33.48,111,745.3873249281828,422.3454208956826,743.1083441585336,422.2416750627442,742.8733963926803,433.3016102859304,subject_001,30.727628612262105,False
2025-11-28T14:08:22.754,28,1232,416,1224.821428571429,419.7946428571428,1219,420,1226,407,-7,3,-13,4,-6,-9,20.5,112,1211.9292866443732,410.1085118160654,1214.623473723373,413.3153636322157,1213.9333257996052,422.1570674104779,subject_001,8.119803086797244,False
2025-11-28T14:08:29.172,5,599,273,616.1727272727272,267.27272727272725,616,255,599,234,17,-5,17,-18,0,-39,32.14,110,603.286092013546,238.62183818282432,609.3876437778922,225.13567029607427,609.3418010092225,258.5692462625604,subject_001,18.10260243379475,False
2025-11-28T14:08:35.580,12,344,647,348.19642857142856,637.3839285714286,340,642,349,636,4,-9,-4,-5,5,-11,30.13,112,336.6593454038103,637.069982865242,334.94595867670705,641.3942971051957,330.7640292787801,629.6599402513372,subject_001,10.491846475930249,False
2025-11-28T14:08:48.394,11,461,974,469.4909090909091,1012.2545454545456,477,1019,478,1027,8,38,16,45,17,53,29.24,110,468.7485361691383,1023.2576122113868,476.8458479165518,1022.3436761696626,467.2333202128117,1011.3456999403654,subject_001,39.185530302957176,False
2025-11-28T14:08:54.798,0,1787,429,1695.2333333333331,387.1,1716,400,1708,403,-91,-41,-71,-29,-79,-26,234.01,30,1697.3942465187858,397.65750141992834,1714.1497835813134,401.30276918196114,1708.3237994888827,395.99998244304805,subject_001,100.87978544342344,False
2025-11-28T14:09:07.612,20,454,578,466.8392857142857,552.0267857142857,464,553,463,542,12,-25,10,-25,9,-36,58.57,112,456.7843561253302,545.9385174226171,462.84890359357945,546.5226444039544,459.81921576179894,544.919712568126,subject_001,28.973351859677827,False
2025-11-28T14:09:14.015,2,1474,458,1516.138613861386,374.8415841584159,1514,370,1524,375,42,-83,40,-88,50,-83,111.41,101,1511.6948878031335,372.7504979969132,1506.230326658582,363.2479527685084,1504.8236550290685,373.6123738893044,subject_001,93.22545201521316,False
2025-11-28T14:09:20.418,15,1456,315,1471.085106382979,310.97872340425533,1463,303,1479,304,15,-4,7,-12,23,-11,23.16,94,1464.990318756883,303.7374939245182,1457.685194187181,295.50894704959416,1454.7426393276987,315.53189477634777,subject_001,15.611889701290949,False
2025-11-28T14:09:26.821,18,1100,141,1137.6146788990825,201.70642201834863,1125,191,1133,169,37,60,25,50,33,28,47.85,109,1120.4411952720832,178.5113366931125,1110.5819234545988,173.70765713244788,1109.7219344406622,199.8572541515656,subject_001,71.4152206672424,False
2025-11-28T14:09:33.232,26,1162,325,1170.232142857143,346.79464285714283,1161,344,1169,326,8,21,-1,19,7,1,61.76,112,1155.1624549735086,332.2591607559868,1151.6653740929028,336.09627396268314,1149.2738559903937,347.3707297681601,subject_001,23.29752418800796,False
2025-11-28T14:09:39.634,21,1001,956,1027.3333333333333,931.3423423423424,1028,932,1022,943,26,-24,27,-24,21,-13,68.0,111,1022.8781369601608,939.7519536052224,1024.2880824502038,935.6342011589884,1019.932971604177,937.622178685436,subject_001,36.07553915891879,False
2025-11-28T14:09:52.445,17,1639,922,1685.2941176470588,860.2588235294118,1668,884,1674,903,46,-61,29,-38,35,-19,124.11,85,1660.18665417629,897.7566710996094,1648.5304286739797,902.6651894821628,1642.5020675043943,875.3433889599345,subject_001,77.16941233864645,False
2025-11-28T14:09:58.854,6,604,336,591.7589285714286,366.07142857142856,592,359,580,341,-12,30,-12,23,-24,5,47.92,112,580.2561860617983,345.1841854813743,586.140007236063,339.86603595673273,588.5121744314596,358.32810392550584,subject_001,32.467439782741074,False
2025-11-28T14:10:05.259,27,1461,702,1519.8690476190477,661.2619047619048,1518,664,1520,681,58,-40,57,-38,59,-21,103.74,84,1507.947027610756,673.210833156952,1493.1890410452186,655.5580855117472,1509.0528828873328,671.2305721732836,subject_001,71.59020303925544,False
2025-11-28T14:10:11.659,19,1086,447,1091.608695652174,452.6173913043479,1087,456,1090,437,5,5,1,9,4,-10,28.17,115,1077.977786504823,442.8919572885659,1077.7198045982325,454.5705356743422,1077.2063197882358,453.44383260928765,subject_001,7.938044594538311,False
2025-11-28T14:10:18.062,1,746,481,759.8918918918919,466.26126126126127,755,465,754,447,13,-14,9,-16,8,-34,47.25,111,748.3310445094228,453.0353482667462,745.4016583499408,455.3586315832837,745.6269539901135,462.3517192218177,subject_001,20.253767055656805,False
2025-11-28T14:10:24.473,22,1341,297,1331.209090909091,272.2909090909091,1319,262,1334,253,-9,-24,-22,-35,-7,-44,51.47,110,1319.2571371774811,257.6309114747482,1309.7127540647866,250.5902705242012,1306.4102340093982,274.25686855780214,subject_001,26.578206756291205,False
2025-11-28T14:10:30.876,25,1578,222,1524.857142857143,217.4642857142857,1520,209,1535,207,-53,-4,-58,-13,-43,-15,115.58,28,1521.7279940944816,209.71284117278717,1519.5185370839763,207.16119794093905,1518.3647734724625,221.56787754780697,subject_001,53.33606630965347,False
2025-11-28T14:10:43.688,16,1121,790,1169.392857142857,769.9017857142857,1167,770,1166,777,48,-20,46,-20,45,-13,75.36,112,1160.0833422085798,773.9889986305819,1169.1040266056468,777.3932624225695,1165.6089075888876,776.1275788047561,subject_001,52.40044694392853,False
2025-11-28T14:10:50.092,10,317,873,324.60714285714283,853.3660714285714,319,856,334,865,7,-19,2,-17,17,-8,72.91,112,316.59959263342864,859.8155603498279,312.3922295272497,859.6586284655814,309.56653327485077,848.1826501144133,subject_001,21.05611012501924,False
2025-11-28T14:10:56.497,29,1396,846,1425.969696969697,819.8383838383838,1410,816,1419,842,29,-26,14,-30,23,-4,92.42,99,1408.5124283437922,834.0102224543194,1398.9519993700158,820.289963045418,1395.484023890058,830.5368562267497,subject_001,39.78206752599972,False
2025-11-28T14:11:02.903,13,231,718,214.08035714285717,692.3571428571429,201,699,220,700,-16,-25,-30,-19,-11,-18,55.67,112,199.8314451806365,694.555757221486,193.9384756786689,702.6279061186135,189.65616903219797,683.3802013391626,subject_001,30.721823462519968,False
2025-11-28T14:45:57.208,26,282,965,267.716814159292,975.6460176991152,208,951,171,937,-14,10,-74,-14,-111,-28,74.71,113,170.17428528469895,944.657489287558,163.0,1060.0,204.74043546495716,919.34675825235,subject_001,17.814238423521633,False
2025-11-28T14:46:03.611,25,898,169,932.842105263158,186.92105263157896,913,185,915,192,34,17,15,16,17,23,44.6,114,913.061456116405,196.467112321886,908.703394974723,191.16338275667232,911.7091564600314,180.46059142155545,subject_001,39.18081707408368,False
2025-11-28T14:46:10.018,8,351,721,387.6725663716814,745.8672566371681,365,743,340,737,36,24,14,22,-11,16,63.69,113,322.6098494639276,741.0323509087475,332.4331161572333,735.7912560354775,334.90918570202933,733.1872428454066,subject_001,44.30866254971096,False
2025-11-28T14:46:16.425,11,785,695,803.0956521739131,705.1652173913044,778,710,776,711,18,10,-7,15,-9,16,87.22,115,754.168648097891,718.5989907326863,738.5762769084974,730.8366674851621,762.6998260910266,729.7478330241715,subject_001,20.755343220764217,False
2025-11-28T14:46:22.830,5,1601,687,1546.8869565217392,669.2521739130435,1589,683,1574,690,-54,-17,-12,-4,-27,3,88.67,115,1556.227551889222,685.1720187211333,1588.7927309529566,682.6303072828944,1527.508555237332,687.2567171750012,subject_001,56.94915982956199,False
2025-11-28T14:46:29.244,9,1332,411,1345.7105263157894,407.9473684210527,1358,415,1365,415,13,-3,26,4,33,4,37.76,114,1353.1530441943194,409.5750572379048,1361.2144489303355,414.81807481934146,1328.903579351584,422.1302142952984,subject_001,14.046248303826149,False
2025-11-28T14:46:35.644,18,1254,620,1260.0,626.4601769911504,1298,649,1268,642,6,6,44,29,14,22,79.04,113,1252.9800326655836,638.3749945065584,1306.9618679326668,658.9229006974023,1234.2405554742977,660.3889741022585,subject_001,8.81668229874421,False
2025-11-28T14:46:48.478,19,528,137,567.0,87.38461538461539,562,102,528,102,39,-49,34,-35,0,-35,83.99,117,545.3089952559683,108.06602520854632,689.0,132.0,539.0997200067992,113.80427889132758,subject_001,63.1085286671504,False
2025-11-28T14:47:01.283,2,570,348,535.2293577981651,341.2201834862385,520,359,518,354,-34,-6,-50,11,-52,6,68.41,109,498.29098904222275,367.020541162336,491.09204312470706,386.6849676086437,498.7453787988725,388.99510310576466,subject_001,35.425463597365884,False
2025-11-28T14:47:07.695,1,741,865,801.0088495575221,782.9911504424779,777,785,762,785,60,-82,36,-80,21,-80,78.28,113,748.9841369977167,792.4880321855235,746.7986734512233,803.0757455345117,758.186287085224,800.8611592899072,subject_001,101.61945399856084,False
2025-11-28T14:47:14.110,6,855,820,841.1754385964912,793.5350877192982,812,794,802,796,-13,-26,-43,-26,-53,-24,84.31,114,788.9407655217238,802.7500240133138,776.6615469753896,808.3167367779042,799.1075854739379,806.9441784023267,subject_001,29.85816605259987,False
2025-11-28T14:47:20.508,23,949,619,926.2389380530974,619.5840707964602,903,623,915,630,-22,0,-46,4,-34,11,47.18,113,887.4450160630377,634.7076828913771,873.6890190208862,645.8186160884326,891.748749545642,640.0006638776817,subject_001,22.768554623559556,False
2025-11-28T14:47:26.923,12,208,516,296.4782608695652,536.9130434782609,278,544,270,541,88,20,70,28,62,25,83.01,115,243.308186059504,543.7478158986016,246.06727460940297,547.9187774998016,247.6375706939148,548.982380242133,subject_001,90.91621436260124,False
2025-11-28T14:47:33.332,31,1210,237,1216.4,248.2086956521739,1205,240,1216,248,6,11,-5,3,6,11,36.23,115,1212.2105332940923,245.626518510352,1211.2881160593126,238.6358528577132,1200.995481933504,235.89173815969545,subject_001,12.907163058668752,False
2025-11-28T14:47:39.737,28,469,399,482.62280701754383,386.5175438596491,467,404,465,399,13,-12,-2,5,-4,0,48.59,114,442.5859679398924,410.3801251247778,438.7786751822181,427.2836402201806,443.3497854556346,431.3642656952665,subject_001,18.476812017580997,False
2025-11-28T14:47:46.136,14,1682,650,1700.5172413793102,608.2586206896551,1737,597,1746,626,18,-41,55,-53,64,-24,70.65,116,1716.382918505651,621.5592254053204,1741.0,598.9880579192608,1687.1153696408974,594.7849255691144,subject_001,45.66432935048677,False
2025-11-28T14:47:52.537,3,926,257,974.0555555555557,272.44444444444446,953,269,966,279,48,15,27,12,40,22,38.29,108,953.6851719428134,282.27001563080137,943.6852153823168,272.35862702582153,951.421232147542,265.2787919981203,subject_001,50.47640323904455,False
2025-11-28T14:47:58.944,17,1195,733,1235.1607142857142,697.0535714285714,1258,717,1234,713,40,-35,63,-16,39,-20,50.83,112,1217.6707329006051,709.8017807876257,1245.5208653373963,721.5437464943698,1206.5854066272132,724.4202358076462,subject_001,53.898318146112736,False
2025-11-28T14:48:11.758,22,422,240,407.39473684210526,211.40350877192984,399,228,382,229,-14,-28,-23,-12,-40,-11,39.07,114,378.22100894749,233.89888534294823,381.5310981442955,242.61013564604912,371.4411963998236,248.44989734819168,subject_001,32.1103257920011,False
2025-11-28T14:48:18.164,16,1099,797,1116.212389380531,744.29203539823,1099,750,1101,757,17,-52,0,-47,2,-40,110.2,113,1080.2035631413296,755.2179429720554,1056.9912974487518,745.6318184592577,1083.0118581040429,750.4882810333269,subject_001,55.447235103731295,False
2025-11-28T14:48:24.567,27,1250,684,1228.9557522123894,629.0176991150443,1265,651,1235,644,-21,-54,15,-33,-15,-40,53.88,113,1218.5250138735116,640.9312990835483,1274.0921990605273,660.4764210776044,1202.2868374538714,660.1555162925046,subject_001,58.87201181843679,False
2025-11-28T14:48:30.975,7,1778,733,1825.745283018868,589.8301886792453,1860,571,1885,607,47,-143,82,-162,107,-126,70.69,106,1839.8407319510975,605.2048793367139,1741.0,596.0,1816.2559154080193,578.4631721314448,subject_001,150.92119441672955,False
2025-11-28T14:48:37.382,15,637,974,792.7818181818182,911.4,776,913,728,905,155,-62,139,-61,91,-69,104.67,110,735.8698419281586,914.5476565963232,756.965099120973,922.8042234493474,745.8271203544342,924.558125660368,subject_001,167.8890552598145,False
2025-11-28T14:48:43.798,13,1471,885,1449.3652173913044,766.7565217391304,1483,798,1455,788,-21,-118,12,-87,-16,-97,51.47,115,1441.9790733651862,786.3842477422284,1487.7612674966545,808.1277878004705,1424.404353408203,805.9739480214962,subject_001,120.20642233156366,False
2025-11-28T14:48:50.206,0,695,610,647.6106194690266,544.141592920354,629,558,630,553,-47,-65,-66,-52,-65,-57,59.15,113,601.0729191931632,564.8180819517895,586.0904465489821,578.2327571441859,607.9552488785985,585.6802402031839,subject_001,81.13620135412901,False
2025-11-28T14:49:09.424,10,542,861,621.4181818181818,802.4454545454546,612,807,571,797,79,-58,70,-54,29,-64,58.34,110,565.7221433642894,805.9951413710604,578.6914005429612,812.5747710191954,573.1924123080413,814.5431561231694,subject_001,98.67057513106025,False
2025-11-28T14:49:15.830,24,678,389,701.8189655172414,381.4913793103448,682,395,690,393,23,-7,4,6,12,4,34.35,116,664.5948244040364,405.7683296506891,651.604096987443,418.6896798304411,668.5705047957953,422.536069890643,subject_001,24.974436990103552,False
2025-11-28T14:53:52.165,8,1277,507,1305.7413793103449,549.2758620689655,1309,547,1308,550,28,42,32,40,31,43,65.32,116,1302.2778705881913,549.5420104003639,1311.1479558978815,548.9520634948954,1315.077884963615,563.0151042452641,subject_001,51.12059661560411,False
2025-11-28T14:53:58.568,6,269,318,276.55652173913046,284.0608695652174,282,274,265,256,7,-33,13,-44,-4,-62,40.78,115,278.4547675217463,262.97538185030055,282.0297335312029,267.6105707507485,285.75825860020865,277.66265103400514,subject_001,34.77018256298259,False
2025-11-28T14:54:04.979,4,1507,287,1531.4615384615386,260.2735042735043,1507,247,1500,242,24,-26,0,-40,-7,-45,71.42,117,1502.4385093024148,255.29719217221816,1498.398170127577,249.7069915926764,1491.6434080822878,278.1742265623827,subject_001,36.23082165399682,False
2025-11-28T14:54:11.384,25,1329,924,1357.3050847457628,863.8559322033898,1389,879,1376,898,28,-60,60,-45,47,-26,64.07,118,1366.6336023691274,895.7448605506346,1396.433237769499,887.4574509695045,1408.648638091537,878.3161394396087,subject_001,66.47169859111514,False
2025-11-28T14:54:24.206,29,481,591,453.4396551724138,547.3189655172414,468,542,456,532,-27,-43,-13,-49,-25,-59,50.55,116,457.1823587281352,535.5586108305162,469.3033990536189,549.4057228572791,486.52185551081914,544.0533248115551,subject_001,51.64886620729835,False
2025-11-28T14:54:30.616,9,1402,146,1443.8482142857142,138.08035714285714,1411,93,1401,105,41,-7,9,-53,-1,-41,21.03,112,1415.1253809632572,123.83450927204922,1421.5360883390454,132.0,1408.3512676974092,155.50935683422637,subject_001,42.59100588020609,False
2025-11-28T14:54:37.030,7,1135,682,1118.878260869565,664.4869565217391,1131,672,1130,668,-16,-17,-4,-10,-5,-14,64.11,115,1125.554206292089,671.2507312097415,1133.2080476184344,675.1154143408216,1142.413872006226,673.887412257196,subject_001,23.8037216514824,False
2025-11-28T14:54:43.440,3,809,400,782.1794871794872,430.6752136752137,781,431,782,408,-26,30,-28,31,-27,8,38.39,117,778.5565719240919,420.1348495020193,771.1809866308959,414.0320337537886,782.390334088641,434.24939586025965,subject_001,40.74688505855765,False
2025-11-28T14:54:49.854,11,1767,289,1772.5945945945946,289.36036036036035,1760,307,1735,285,5,0,-7,18,-32,-4,88.02,111,1735.128583117305,310.4339815917444,1741.0,132.0,1739.363514073235,313.2021034174343,subject_001,5.6061883902689145,False
2025-11-28T14:54:56.272,17,550,965,537.6810344827586,931.5862068965516,520,938,547,941,-12,-33,-30,-27,-3,-24,52.14,116,523.9610342106238,941.84610571317,507.7267936904675,948.5145577463148,495.78038257254025,929.4846983388004,subject_001,35.61233607859833,False
2025-11-28T14:55:02.681,15,806,341,830.9152542372881,353.1779661016949,827,360,825,326,24,12,21,19,19,-15,64.1,118,824.4885867736442,341.45013334213786,817.5919027637461,348.77915756276957,822.7476961186421,357.95907925212276,subject_001,27.73216097030182,False
2025-11-28T14:55:09.090,27,235,932,261.2586206896552,905.2758620689656,261,910,261,911,26,-26,26,-22,26,-21,54.17,116,258.2729314264093,909.5124303054804,260.58235321210316,916.4471484698456,259.5917400029168,897.5632707308608,subject_001,37.46591395762473,False
2025-11-28T14:55:15.502,14,1504,763,1502.40350877193,746.140350877193,1515,752,1514,776,-1,-16,11,-11,10,13,30.68,114,1494.9582828271186,774.4308258737174,1517.2476876243477,761.3917090040364,1511.0802161344725,763.6877040318893,subject_001,16.935068726919045,False
2025-11-28T14:55:21.906,16,1666,803,1623.6601941747572,761.5145631067961,1623,769,1634,801,-42,-41,-43,-34,-32,-2,31.67,103,1600.8884069786425,801.487051488179,1608.7662587796697,796.5861011231807,1596.4425236312848,781.5735327047865,subject_001,59.276476207170646,False
2025-11-28T14:55:34.725,22,655,619,670.5357142857143,642.2142857142857,666,621,680,634,15,23,11,2,25,15,37.71,112,666.6709927973029,635.5552738910715,663.8439230513914,605.5834080052999,663.5571218332179,606.715600552495,subject_001,27.93316093090497,False
2025-11-28T14:55:41.125,21,818,874,856.256880733945,867.5963302752293,845,873,873,880,38,-6,27,-1,55,6,46.03,109,851.7656324706793,881.2965709088154,835.3461174909353,883.0282374690482,829.8981730196076,872.5348296282036,subject_001,38.789121019110944,False
2025-11-28T14:55:53.933,18,1339,359,1358.6016949152545,358.90677966101697,1335,337,1343,344,19,0,-4,-22,4,-15,62.83,118,1339.1698001530372,346.34388474908747,1331.435491747028,331.75775811549613,1328.1755285523188,374.1850066232065,subject_001,19.601916579312174,False
2025-11-28T14:56:00.338,30,560,541,572.2758620689655,548.3706896551724,580,536,577,533,12,7,20,-5,17,-8,33.53,116,572.8828917844572,537.5021081209247,582.762733946055,527.1378925754244,593.951826455041,547.3503303239206,subject_001,14.318654110255306,False
2025-11-28T14:56:06.749,23,725,197,782.5677966101695,228.5254237288136,778,225,767,192,57,31,53,28,42,-5,50.84,118,774.6078367920056,213.13215617359143,772.4910071968134,222.34296962003828,773.9050559325873,231.79942080041516,subject_001,65.63462156385974,False
2025-11-28T14:56:13.149,20,1145,980,1192.4786324786326,924.5384615384615,1229,949,1213,955,47,-55,84,-31,68,-25,50.79,117,1207.2041095519403,955.6279965392376,1240.178021000269,959.34446941374,1248.740370183344,939.1726980891508,subject_001,73.00823782671222,False
2025-11-28T14:56:25.959,31,904,849,964.0695652173912,828.0,964,840,981,841,60,-21,60,-9,77,-8,67.15,115,967.3340189320444,843.009288653305,961.9676849091242,853.3239475205015,963.9982657610814,849.5137475837417,subject_001,63.63452416264628,False
2025-11-28T14:56:32.374,28,1102,920,1144.008849557522,883.6548672566372,1174,905,1164,908,42,-36,72,-15,62,-12,68.23,113,1157.7088554607988,909.4692558862808,1183.9547174634802,915.384159348073,1191.774268959592,894.3012299805933,subject_001,55.549186450200786,False
2025-11-28T14:56:38.775,5,1675,270,1718.3153153153153,198.66666666666663,1708,211,1672,182,43,-71,33,-59,-3,-88,99.37,111,1684.5422337342943,212.50599762867523,1694.4668737048846,222.7438219130014,1690.8319207937532,222.15817632683127,subject_001,83.45454442575094,False
2025-11-28T14:56:45.180,12,717,866,764.1379310344828,851.5086206896551,747,849,779,860,47,-14,30,-17,62,-6,55.98,116,755.2208992855099,860.5884379436446,737.3543062934501,849.2842518340811,725.3192708024308,854.036680738106,subject_001,49.31515605296153,False
2025-11-28T14:56:51.583,13,1135,530,1142.3589743589744,546.1794871794872,1145,549,1147,541,7,16,10,19,12,11,44.57,117,1142.3335518551503,544.3813357917588,1155.1285165179982,553.7197820091515,1150.421850995538,554.2954878500653,subject_001,17.774428514223242,False
2025-11-28T14:56:57.992,2,145,401,190.0775862068965,356.9741379310345,191,339,181,335,45,-44,46,-62,36,-66,44.08,116,192.9516114669391,334.8884786588372,179.83579270708327,323.17031884888524,196.06959672362817,348.68591204982437,subject_001,63.01004133593124,False
2025-11-28T14:57:04.396,19,593,775,618.3247863247864,748.5555555555555,608,737,629,747,25,-26,15,-38,36,-28,66.61,117,610.8761501918209,747.0446704373852,601.0639271849575,733.3938193522641,594.5265447657938,747.7762752027392,subject_001,36.614934717562946,False
2025-11-28T14:57:10.814,0,395,953,374.2136752136752,928.1623931623932,366,938,378,936,-20,-24,-29,-15,-17,-17,57.15,117,366.06771085872793,936.0123391078522,361.3473929753551,945.4295868067176,356.0572949799758,922.8957710014736,subject_001,32.3879300286714,False
2025-11-28T15:01:27.747,21,1552,767,1578.3559322033898,780.3474576271186,1561,784,1563,795,26,13,9,17,11,28,33.34,118,1567.610753556328,805.3632848757841,1563.1934652334396,794.7168341626647,1577.6499154949242,807.7536469595514,subject_001,29.54301588222512,False
2025-11-28T15:01:34.145,15,1242,645,1259.8474576271187,659.9067796610169,1246,653,1243,658,17,14,4,8,1,13,51.15,118,1245.356536693795,655.3770924488201,1238.2384177955073,646.1095213874257,1256.600694674992,647.5878052539241,subject_001,23.253899105610355,False
2025-11-28T15:01:40.551,23,1507,847,1520.6806722689075,827.0504201680673,1499,828,1502,840,13,-19,-8,-19,-5,-7,16.4,119,1506.4894604599854,849.1015275806227,1498.9443002620478,831.7746354477797,1518.8364337713458,849.5966896984377,subject_001,24.18980217364154,False
2025-11-28T15:01:46.955,2,752,193,766.1271186440678,204.82203389830508,768,199,758,196,14,11,16,6,6,3,38.17,118,761.0098907541728,201.66915273332793,769.5185034694339,193.73168758543565,760.8213563411807,200.51684751671817,subject_001,18.421073982703653,False
2025-11-28T15:01:53.375,20,715,773,735.0084745762712,768.5593220338983,736,783,716,774,20,-4,21,10,1,1,40.19,118,727.0600999433674,783.809473787454,729.5398198171885,794.4023606100563,725.4244726859963,791.4741250229663,subject_001,20.49533302163961,False
2025-11-28T15:01:59.783,17,936,671,935.2857142857144,654.5210084033613,939,654,916,653,0,-16,3,-17,-20,-18,37.08,119,927.1770554475808,656.1781110197536,940.3599311891352,649.9729974495355,928.6282102484524,656.1735355173563,subject_001,16.494464772271986,False
2025-11-28T15:02:06.194,7,1223,557,1220.9333333333334,562.4083333333333,1211,553,1207,556,-2,5,-12,-4,-16,-1,46.14,120,1208.479804928195,552.5116437497452,1200.9443256925792,542.8224357170053,1217.9558483051517,544.1731382145588,subject_001,5.789747883591735,False
2025-11-28T15:02:12.603,31,354,719,360.11764705882354,698.7983193277311,355,715,348,725,6,-20,1,-4,-6,6,47.57,119,352.7489691107185,722.572490291856,353.4490705144116,725.8781570312367,347.03895116130616,729.7812207534789,subject_001,21.107664662881504,False
2025-11-28T15:02:25.418,22,1377,372,1391.3529411764705,380.84033613445376,1387,378,1389,368,14,8,10,6,12,-4,27.29,119,1385.933463230453,371.10026989289224,1382.7798663026929,375.8356881988434,1391.4575986710852,366.8417125572919,subject_001,16.857000426687755,False
2025-11-28T15:02:31.831,19,599,632,550.563025210084,624.3361344537815,545,649,535,638,-48,-7,-54,17,-64,6,58.38,119,542.3085959581339,648.0601478964925,542.318534131361,660.3097990314923,540.0292297456782,660.8328263415827,subject_001,49.039528565326506,False
2025-11-28T15:02:38.230,11,649,680,669.7033898305085,678.9491525423729,670,699,652,687,20,-1,21,19,3,7,49.76,118,662.2544691771286,697.8271546627952,665.2892448690179,713.4419469032952,660.053024839107,708.4092043568625,subject_001,20.730041747502696,False
2025-11-28T15:02:44.638,6,1369,829,1372.5593220338983,804.1440677966102,1351,801,1353,810,3,-24,-18,-28,-16,-19,66.61,118,1355.2407176974073,812.2382702231226,1348.2694192853023,799.776252599959,1369.5000875022183,807.0821000817135,subject_001,25.10948305004512,False
2025-11-28T15:02:51.044,0,1291,810,1280.578512396694,784.8181818181819,1263,780,1260,788,-10,-25,-28,-30,-31,-22,18.48,121,1263.4290128846917,787.115867279721,1255.8811958767624,777.5662671130866,1276.6773162282866,779.7491838247599,subject_001,27.25309837079096,False
2025-11-28T15:02:57.461,16,1544,897,1595.25,869.4553571428571,1578,877,1576,889,51,-27,34,-20,32,-8,30.04,112,1583.2950512724517,902.238136475254,1580.0897138988985,901.3133562966868,1594.099498489209,905.3501754077382,subject_001,58.18307185193605,False
2025-11-28T15:03:03.855,29,399,975,447.6194690265487,967.8849557522124,440,977,435,984,48,-7,41,2,36,9,21.38,113,437.36744752441456,985.244070031611,436.0757324730629,981.04130277836,433.5861805856736,984.3571705866336,subject_001,49.13732413422107,False
2025-11-28T15:03:10.264,28,1520,494,1541.2966101694915,496.0508474576271,1537,499,1537,494,21,2,17,5,17,0,60.14,118,1538.8059855920192,502.22678291261457,1537.8346438623223,506.83527252199303,1542.1876442911414,502.0721848997373,subject_001,21.39512981979179,False
2025-11-28T15:03:23.084,24,836,859,850.7372881355932,880.9237288135594,849,888,829,884,14,21,13,29,-7,25,20.98,118,840.2243431884203,891.419517795889,848.3886160282227,891.8472879652195,841.5960614525185,893.330997507699,subject_001,26.416614973951315,False
2025-11-28T15:03:29.503,25,881,713,872.65,724.925,878,731,853,726,-8,11,-3,18,-28,13,39.77,120,864.7060196370438,732.322836359644,876.8932935489695,741.6415029328848,864.8339857436197,735.4078553546755,subject_001,14.557751371691964,False
2025-11-28T15:03:35.903,10,1639,166,1639.5169491525423,129.59322033898306,1649,127,1663,103,0,-36,10,-39,24,-63,39.43,118,1658.944826201967,126.74149190956496,1741.0,132.0,1644.0177125917446,128.90944563036044,subject_001,36.410449622493694,False
2025-11-28T15:03:42.306,12,131,377,169.4867256637168,330.2920353982301,163,340,161,376,38,-46,32,-37,30,-1,61.41,113,168.21522182887875,348.1773296903659,175.5923637859583,343.76701583526904,156.96307207268725,349.204925635205,subject_001,60.52158300601851,False
2025-11-28T15:03:48.713,4,519,116,553.0508474576271,118.98305084745763,549,127,545,123,34,2,30,11,26,7,33.47,118,549.0696616818414,125.25228123544322,689.0,132.0,546.0822512597746,129.13333147061547,subject_001,34.181263945926716,False
2025-11-28T15:03:55.118,26,360,237,392.6890756302521,195.23529411764707,376,212,383,216,32,-41,16,-25,23,-21,38.06,119,387.55011503607375,209.97686263321475,385.9926124529508,209.32842839556525,383.48268109440505,215.54183914317733,subject_001,53.036462202901376,False
2025-11-28T15:04:01.525,14,1409,699,1440.3983050847455,697.4915254237288,1422,695,1425,702,31,-1,13,-4,16,3,38.76,118,1426.9749342940067,704.858875049268,1421.6860567316487,695.0035097993663,1438.806698011659,701.8190392163207,subject_001,31.43452016083612,False
2025-11-28T15:04:07.932,3,1689,203,1687.415254237288,213.5,1699,215,1707,197,-1,10,10,12,18,-6,53.18,118,1706.303756880857,217.08491915379423,1719.674105660278,216.5560439207424,1691.8373727942758,218.57382344645004,subject_001,10.618917983129608,False
2025-11-28T15:04:14.348,13,1567,388,1559.904347826087,397.4086956521739,1562,402,1562,390,-7,9,-5,14,-5,2,35.68,115,1562.5869457568674,400.488915593755,1563.8201405005043,409.8525952512672,1561.6838361766,400.9009633548959,subject_001,11.784389404988,False
2025-11-28T15:04:20.762,5,331,193,347.3137254901961,202.57843137254903,332,219,338,228,16,9,1,26,7,35,46.77,102,343.0847910099382,217.86113494228417,339.47560419374395,218.7874067520353,337.573798937019,222.7439072486706,subject_001,18.9178219393276,False
2025-11-28T15:04:33.586,18,599,262,622.2352941176471,292.74789915966386,610,308,611,297,23,30,11,46,12,35,55.68,119,614.0779291225941,304.35277612201514,612.3688418943915,313.9747773020534,614.7849807341515,311.10083182151004,subject_001,38.53974825380184,False
2025-11-28T15:04:46.399,8,121,678,115.46666666666668,664.8666666666667,120,668,110,712,-5,-13,-1,-10,-11,34,36.66,120,112.18940299509052,684.3869239867003,163.0,596.0,100.02617258215552,682.1131278667347,subject_001,14.251393694029431,False
2025-10-19T21:27:23.130,9,1158,217,1152.6638655462184,264.3613445378151,1134,234,1121,215,-5,47,-24,17,-37,-2,40.83,119,1130.2012047424744,211.46516496693755,1122.0737061142993,219.56247761821197,1129.0017476986943,210.56282278823303,subject_002,47.66100384316789,False
2025-10-19T21:27:29.545,12,1072,818,1124.7333333333331,704.8166666666667,1117,712,1096,744,52,-113,45,-106,24,-74,40.93,120,1097.2786002392866,740.0041021942011,1108.4545738444542,728.8846622097824,1093.7763427206346,744.2279472507782,subject_002,124.86501266923754,False
2025-10-19T21:27:35.958,7,1550,637,1519.403361344538,609.3361344537815,1528,609,1535,606,-30,-27,-22,-28,-15,-31,37.16,119,1528.8012138593992,608.0232984406191,1531.7516052619012,613.8346834784555,1528.101917772838,606.3256155237626,subject_002,41.24856062909543,False
2025-10-19T21:27:42.374,24,506,774,564.0769230769231,695.3931623931624,538,721,519,747,58,-79,32,-53,13,-27,39.79,117,514.9324700860175,751.0112208230689,515.8268369721816,743.1632979788252,517.099277048234,752.1090077974875,subject_002,97.73414916307702,False
2025-10-19T21:28:08.043,16,1728,819,1647.0862068965516,782.7931034482758,1667,802,1681,802,-80,-36,-61,-17,-47,-17,43.8,116,1669.5492598028045,809.5515211964089,1679.8021173200973,811.395189486283,1670.543206044683,805.8706956688266,subject_002,88.64525521591612,False
2025-10-19T21:28:14.469,1,1200,331,1188.5897435897436,367.2393162393162,1179,342,1165,336,-11,36,-21,11,-35,5,46.75,117,1169.593178303336,330.04799749737634,1168.4031643985766,334.42779362798655,1167.3540715960612,330.73514143402883,subject_002,37.99318350495211,False
2025-10-19T21:28:40.108,22,952,417,996.85,405.03333333333336,981,394,966,385,44,-12,29,-23,14,-32,35.98,120,968.579560934114,384.0377149162685,969.7861369133471,389.0604514473313,965.9805776785486,383.6616189971552,subject_002,46.41900053976941,False
2025-10-19T21:28:46.525,15,1318,247,1338.2767857142858,283.66964285714283,1327,254,1320,233,20,36,9,7,2,-14,35.98,112,1326.9304565901034,229.24355520187407,1319.7222550761635,231.29466363853504,1326.68992283924,228.4270550376238,subject_002,41.902395470587,False
2025-10-19T21:28:52.943,17,1642,168,1618.9421487603306,234.9917355371901,1616,197,1623,165,-23,66,-26,29,-19,-3,35.56,121,1628.834965747733,169.96734932747967,1617.2887542452663,166.9750911387635,1630.4144511076777,171.60374358411025,subject_002,70.8488329761016,False
2025-10-19T21:28:59.341,3,1436,663,1391.1333333333334,620.9583333333334,1391,612,1390,628,-44,-42,-45,-51,-46,-35,36.96,120,1386.7153708278342,623.5058563651534,1377.496287871519,621.6367571793526,1385.934883997132,625.8344890965174,subject_002,61.48592939761809,False
2025-10-19T21:29:05.755,0,1658,497,1587.4117647058824,511.781512605042,1604,505,1610,487,-70,14,-54,8,-48,-10,27.33,119,1604.1322380156744,492.2718847374214,1619.360801410573,494.9985729756656,1602.7773362127916,489.5239417496391,subject_002,72.119290601272,False
2025-10-19T21:29:12.168,20,717,345,758.5126050420168,344.781512605042,729,329,723,314,41,0,12,-16,6,-31,33.27,119,722.9631210286914,318.43696384878666,719.9381267379466,308.86106883192735,724.7188453932458,317.0598062161666,subject_002,41.51318000486397,False
2025-10-19T21:29:18.621,2,798,127,833.3362068965517,194.6206896551724,802,141,790,135,35,67,4,14,-8,8,45.91,116,800.895694160212,134.76310713216026,689.0,132.0,800.9956309321647,136.46528281796813,subject_002,76.29682291732108,False
2025-10-19T21:29:37.849,11,856,949,872.5378151260504,822.7478991596639,838,888,818,901,16,-126,-18,-61,-38,-48,40.24,119,823.8980501760482,904.7504044923052,818.3725322053076,922.714727295016,823.3820560435436,903.7720905874396,subject_002,127.33064162149586,False
2025-10-19T21:29:44.273,21,506,417,532.0,434.2608695652174,499,444,501,422,26,16,-7,27,-5,5,40.29,115,493.6857177250747,430.3066319627335,488.7279263919832,445.9730444427039,497.12988996328056,427.6638479851211,subject_002,31.207973630907976,False
2025-10-19T21:29:50.696,23,1398,417,1374.633928571429,447.9732142857143,1374,427,1369,424,-23,30,-24,10,-29,7,37.23,112,1369.6285586980357,418.6350867038584,1371.4509683254291,413.0098425469213,1367.9841471384054,419.9387114562448,subject_002,38.798367197523426,False
2025-10-20T16:07:36.485,16,636,793,467.71794871794873,783.6153846153846,541,796,599,788,-168,-9,-95,3,-37,-5,56.7,117,596.7624065888639,805.772689986951,598.1428201771733,814.0947374730455,603.1324533714322,808.7408543109768,subject_002,168.54352491155538,False
2025-10-20T16:07:42.917,1,798,925,679.4621848739496,866.1596638655462,745,899,796,888,-118,-58,-53,-26,-2,-37,49.42,119,792.6159435291513,903.9210411322684,785.6568722113565,923.9839147335548,801.7002123042554,907.8507369564368,subject_002,132.33819845862044,False
2025-10-20T16:08:02.147,17,1433,681,1278.627118644068,713.8135593220339,1358,708,1361,723,-154,32,-75,27,-72,42,47.21,118,1375.1693702338334,716.6219469903858,1390.040547100168,705.0571749014786,1371.9850227106,714.923316798721,subject_002,157.8217861181189,False
2025-10-20T16:08:14.958,14,755,529,617.8151260504202,564.6470588235294,699,548,738,550,-137,35,-56,19,-17,21,49.57,119,744.0125296026448,557.0122526555588,754.5503920759306,541.4470077163123,748.3643109007518,559.0535193188008,subject_002,141.7406167734932,False
2025-10-20T16:08:21.363,8,1560,794,1482.470588235294,797.6302521008404,1551,791,1553,817,-77,3,-9,-3,-7,23,46.05,119,1565.4572450852295,808.1639942946251,1575.586206421863,797.6448812014545,1565.023618870864,806.5619329099646,subject_002,77.61435704105911,False
2025-10-20T16:08:34.187,7,219,759,48.82905982905983,799.6410256410256,191,793,216,788,-170,40,-28,34,-3,29,49.55,117,216.33784600777096,795.0581397838096,221.64164140187563,793.8989007556019,206.21385260937743,794.5897822195084,subject_002,174.95668562194533,False
2025-10-20T16:08:59.819,6,1502,161,1344.8050847457628,225.53389830508476,1427,191,1451,190,-157,64,-75,30,-51,29,45.45,118,1448.7776763900856,196.1238060574504,1446.2969029404,193.73595801419287,1445.8006048407965,194.3714183663767,subject_002,169.92605866151857,False
2025-10-20T16:09:12.651,15,1089,709,971.3083333333332,701.8333333333334,1048,696,1069,708,-117,-7,-41,-13,-20,-1,43.17,120,1078.1605318504696,708.624074341621,1073.426524894571,698.1921596690123,1080.357096008619,710.1269901106431,subject_002,117.9096667533622,False
2025-10-20T16:09:19.055,3,1660,849,1497.0258620689656,826.5172413793103,1564,823,1566,850,-162,-22,-96,-26,-94,1,59.94,116,1578.1496432034226,839.9312115794254,1586.815232141243,830.763036504751,1578.4058463536571,838.2048198443551,subject_002,164.51761021106535,False
2025-10-20T16:09:25.459,18,1074,459,942.3983050847456,493.6949152542373,1024,481,1046,478,-131,34,-50,22,-28,19,50.23,118,1061.3710600354386,474.7035930099822,1075.0937289999265,474.8536994538956,1056.865895805306,471.3726101143705,subject_002,136.09828525395312,False
2025-10-20T16:09:31.869,2,1029,651,921.9747899159664,631.8739495798319,998,622,1023,629,-107,-19,-31,-29,-6,-22,54.2,119,1034.3556375276885,630.0052805271965,1033.3943465029818,623.885401855127,1034.926086592931,630.432531435192,subject_002,108.7207496212491,False
2025-10-20T16:09:38.302,12,179,683,70.27731092436974,722.7647058823529,206,720,233,704,-108,39,27,37,54,21,49.75,119,233.45159335758393,715.2680878942192,234.732954241992,721.862421130331,227.5735529903035,714.4232629792999,subject_002,115.76638093050246,False
2025-10-20T16:29:31.935,10,177,738,-4.476190476190476,803.2952380952381,97,794,182,800,-181,65,-80,56,5,62,48.56,105,169.23969921734556,785.6316256588924,174.0431959598894,787.9409058411345,179.25214912855188,789.5994091634107,subject_002,192.86543450723465,False
2025-10-20T16:29:38.330,8,1496,150,1361.596638655462,251.27731092436971,1449,210,1510,193,-134,101,-47,60,14,43,38.53,119,1506.1832490713746,198.8822954688785,1508.2732101033876,200.28814718096064,1511.4230069754522,196.63090535644884,subject_002,168.28950427398,False
2025-10-20T16:29:44.747,5,1264,253,1112.966101694915,367.6949152542373,1193,319,1252,316,-151,114,-71,66,-12,63,52.52,118,1253.5808882211336,305.18293582487985,1251.0765274365758,295.5748050944901,1256.9387287997033,284.16368373636817,subject_002,189.64746774583463,False
2025-10-20T16:29:51.178,14,205,493,45.81196581196581,574.6923076923077,151,557,229,527,-159,81,-54,64,24,34,42.88,117,218.36264659863005,533.8362882435314,219.60113538567333,539.7776254379462,218.71465885386036,533.5690341048465,subject_002,178.92585996648282,False
2025-10-20T16:30:10.435,12,1127,756,1002.775,735.5583333333333,1059,740,1115,724,-124,-20,-68,-16,-12,-32,60.5,120,1116.4761295843268,726.7536838412573,1117.3451296784203,737.1852291348632,1115.418004889762,734.394095248386,subject_002,125.89564075499644,False
2025-10-20T16:30:16.831,19,1234,293,1137.2372881355932,394.6186440677966,1215,350,1275,346,-96,101,-19,57,41,53,36.4,118,1275.645107044928,335.9116910366964,1274.5213476752908,327.56156365080926,1279.7092416903265,316.1306259903341,subject_002,140.31881994063286,False
2025-10-20T16:30:36.053,17,1740,955,1613.357142857143,945.3660714285714,1649,922,1669,939,-126,-9,-91,-33,-71,-16,63.42,112,1681.9529018363248,921.3915062889284,1679.9202339356846,907.8634848528134,1672.129435119125,909.3833597886996,subject_002,127.0087628670774,False
2025-10-20T16:30:42.451,7,289,203,124.92592592592592,277.3611111111111,217,235,286,180,-164,74,-72,32,-3,-23,60.35,108,293.7702760507724,202.00771736000368,290.22598536799154,192.96993283794427,281.9408379683665,197.45880044611403,subject_002,180.13849291293562,False
2025-10-20T16:30:48.871,9,1048,327,908.061403508772,397.6842105263158,984,350,1048,346,-139,70,-64,23,0,19,53.72,114,1051.5696971899954,332.7211359039914,1056.2281698161562,309.0229823021839,1057.610007845096,310.3871818151495,subject_002,156.77712972772295,False
2025-10-20T16:31:01.709,2,1050,298,928.8971962616822,397.98130841121497,1004,351,1069,347,-121,99,-46,53,19,49,58.55,107,1071.8442265001754,333.3314146934031,1075.4185529431677,311.87716203926016,1077.6209357076473,310.7398060744575,subject_002,157.04187691472617,False
2025-10-20T16:31:14.547,15,1393,276,1264.1913043478262,371.2260869565217,1346,329,1404,321,-128,95,-47,53,11,45,44.32,115,1402.3931278745968,317.4853948647848,1408.3313590101964,303.33342541329955,1408.6382634455497,304.664719787016,subject_002,160.18641550601404,False
2025-10-20T16:31:33.792,11,1653,291,1517.7264957264956,326.12820512820514,1600,305,1666,273,-135,35,-53,14,13,-18,46.96,117,1655.0929213818422,288.35687665610635,1660.8872895104892,299.175184071439,1670.7065054828436,297.76041863906806,subject_002,139.7601937390009,False
2025-10-21T18:48:06.816,3,755,439,691.6036036036036,468.0810810810811,743,447,771,441,-63,29,-12,8,16,2,36.55,111,766.5165401706969,446.48135508968267,767.696543155973,440.1583342104575,770.3397711313577,449.8183187802773,subject_002,69.74820680772689,False
2025-10-21T18:48:13.227,15,108,336,155.21621621621622,315.23423423423424,169,264,183,229,47,-20,61,-72,75,-107,54.07,111,166.4706712391068,244.4208568068791,166.9573306475207,239.078594927325,172.662074383726,244.26311730658136,subject_002,51.580888918427235,False
2025-10-21T18:48:19.671,17,1231,743,1175.5135135135135,724.8018018018018,1211,727,1255,712,-55,-18,-20,-16,24,-31,36.88,111,1240.16256571206,719.0669946835134,1245.215373340043,737.0567756999196,1240.1253164663435,717.3075123628531,subject_002,58.39455968046978,False
2025-10-21T18:48:26.081,0,1239,335,1159.8636363636365,375.9181818181818,1223,356,1259,321,-79,40,-16,21,20,-14,51.85,110,1254.1916112573765,325.6519604535428,1252.4493162288263,330.9370277630826,1253.583943249586,323.570610980407,subject_002,89.08906584364065,False
2025-10-21T18:48:51.771,12,1266,253,1183.7798165137615,294.4954128440367,1248,255,1281,230,-82,41,-18,2,15,-23,44.68,109,1279.549024367565,229.33955964584248,1278.0837252632834,223.06273715137064,1278.7196753056644,230.4197798818595,subject_002,92.09792538167063,False
2025-10-21T18:48:58.186,11,613,324,591.7117117117117,319.06306306306305,653,278,680,268,-21,-4,40,-46,67,-56,37.98,111,673.6956336016896,264.20810741468915,685.3557744934527,261.1298834852203,677.5840478017578,266.2130986524012,subject_002,21.853250663564108,False
2025-10-21T18:49:04.588,18,1399,292,1323.1531531531532,283.01801801801804,1386,239,1411,209,-75,-8,-13,-53,12,-83,49.89,111,1415.0554320355177,207.4357179908712,1411.4436862530677,203.01954123184615,1409.7209804664603,209.2934544752318,subject_002,76.37683010529884,False
2025-10-21T18:49:10.977,5,294,184,255.76576576576576,260.9189189189189,293,199,311,178,-38,76,-1,15,17,-6,37.68,111,291.9146634783242,182.80148965057333,297.9912537484326,173.6712701444696,296.53661856555834,183.38053899873077,subject_002,85.89747816515633,False
2025-10-21T18:49:23.790,19,980,275,916.2454545454544,265.2,986,229,1021,208,-63,-9,6,-46,41,-67,38.81,110,1014.778788220132,204.89607329478164,1011.9698361460556,198.9691041227839,1021.4077583019664,206.97613759816736,subject_002,64.5033492627764,False
2025-10-21T18:49:49.450,1,971,897,916.8125,826.4017857142857,933,832,960,851,-54,-70,-38,-65,-11,-46,49.06,112,951.1205386386496,863.4276693673253,938.4608959202536,840.4735896601518,952.8130510441024,867.3872525230419,subject_002,88.99658991546609,False
2025-10-21T18:50:08.680,4,1439,117,1348.6727272727271,184.4909090909091,1408,125,1430,101,-90,67,-31,8,-9,-16,58.21,110,1439.2104030059454,94.07527712062422,1215.0,132.0,1434.3884152196706,101.15359656799652,subject_002,112.75654751837914,False
2025-10-21T18:50:15.098,14,582,830,540.1801801801802,728.4144144144144,575,743,543,745,-41,-101,-7,-87,-39,-85,45.23,111,550.0959656671347,763.0295407263945,570.1370246814246,768.2445351431173,544.5780836623328,763.7246271678414,subject_002,109.85685471798531,False
2025-10-22T15:46:10.454,11,391,208,303.6218487394958,278.3529411764706,311,244,322,240,-87,70,-80,36,-69,32,48.81,119,322.72303232846093,242.4375762389447,318.10927977590677,236.46077520531537,322.6604160968603,231.81072703988417,subject_002,112.18055825268246,False
2025-10-22T15:46:23.263,6,965,714,894.2413793103449,710.1551724137931,920,720,922,703,-70,-3,-45,6,-43,-11,46.37,116,928.8291063794958,720.8219477947133,938.9648652825898,727.3216354815096,927.88450570806,725.6651540122972,subject_002,70.8630023430432,False
2025-10-22T15:46:36.074,19,1682,441,1613.41592920354,486.3185840707965,1640,425,1657,400,-68,45,-42,-16,-25,-41,52.83,113,1658.892097017172,407.88800873670976,1657.6122038984097,399.8963873621998,1659.3865666999686,391.676476323198,subject_002,82.20431150004053,False
2025-10-22T15:46:42.484,3,826,645,783.9026548672566,620.4513274336283,806,627,808,601,-42,-24,-20,-18,-18,-44,52.15,113,817.3131655676557,621.028531890768,819.0286498829416,627.7755199944527,816.0937090888308,623.0981578391545,subject_002,48.7321638345379,False
2025-10-22T15:46:55.316,0,508,692,486.0336134453781,671.3529411764706,502,678,507,676,-21,-20,-6,-14,-1,-16,36.8,119,513.7663587690639,690.1820088003348,510.8469377314787,684.2294455082229,515.9578599602916,686.3895611575654,subject_002,30.146694285267124,False
2025-10-22T15:47:01.719,2,1041,975,999.6470588235294,876.5546218487395,1024,902,1035,908,-41,-98,-17,-73,-6,-67,39.07,119,1035.8393647771989,911.0690560881634,1036.0494174695862,919.6981820020596,1037.2088099488562,918.1891545333232,subject_002,106.77807932009878,False
2025-10-22T15:47:20.975,14,828,402,772.4285714285714,405.9411764705882,797,389,794,359,-55,3,-31,-13,-34,-43,47.76,119,805.8727442177176,370.59149613953593,812.6048187869318,375.33773330412777,802.6278267725877,370.0635752891071,subject_002,55.711009194249066,False
2025-10-22T15:47:33.807,5,1121,101,1044.1596638655462,181.10084033613447,1067,116,1070,116,-76,80,-54,15,-51,15,39.39,119,1074.0540756916164,106.3454996106136,1215.0,132.0,1072.9599268181382,114.76443562638364,subject_002,110.99811655974504,False
2025-10-22T15:47:40.224,20,1662,866,1596.1833333333334,872.1583333333333,1642,858,1651,854,-65,6,-20,-8,-11,-12,26.38,120,1654.789398411804,858.0229546955258,1659.5407030369342,858.6794306132815,1653.0530124228717,855.7937739824316,subject_002,66.10415025212522,False
2025-10-22T15:47:53.049,15,312,309,291.1333333333333,332.575,296,300,310,297,-20,23,-16,-9,-2,-12,34.51,120,309.45929460130696,303.25143575502966,301.93551273744094,294.8074160083013,310.7737565257043,290.393227760206,subject_002,31.48330355565911,False
2025-10-22T15:48:05.868,7,1544,723,1413.0672268907565,716.3025210084033,1443,684,1455,675,-130,-6,-101,-39,-89,-48,60.42,119,1453.8164203328415,681.2267137251256,1460.6571349012877,676.4595906230986,1455.7888409610484,669.6854454522982,subject_002,131.1039560765407,False
2025-10-22T15:48:12.291,18,1267,196,1240.420168067227,287.2436974789916,1256,217,1270,213,-26,91,-11,21,3,17,31.76,119,1269.2006444979666,210.50171518529496,1260.0279264146614,211.38110467550263,1271.9095241786542,210.04322070749873,subject_002,95.036307773462,False
2025-10-23T17:01:30.834,0,1780,266,1668.1440677966102,343.6949152542373,1782,334,1814,329,-111,77,2,68,34,63,40.52,118,1816.753578021389,323.29712190734404,1741.0,132.0,1824.7051578715336,330.977660656922,subject_002,136.1919580057958,False
2025-10-23T17:01:43.672,13,174,681,32.577319587628864,785.1340206185567,-18,829,11,844,-141,104,-192,148,-163,163,47.78,97,80.19510005538153,759.0029160320047,163.0,596.0,89.66985545970469,755.7270670192048,subject_002,175.6253648685339,False
2025-10-23T17:01:50.089,9,1537,631,1423.5593220338983,678.5338983050848,1504,682,1570,636,-113,47,-33,51,33,5,51.22,118,1546.806432921876,664.6254695000788,1548.050360024772,683.9745125290655,1549.878042339945,658.8471490163839,subject_002,122.99698738378488,False
2025-10-23T17:02:15.747,2,1691,264,1542.4873949579833,373.4705882352941,1664,357,1693,342,-148,109,-27,93,2,78,39.85,119,1690.44491439781,348.5714867220191,1689.275866057487,357.6652431369912,1691.6548403975878,351.59008502414054,subject_002,184.49879009074115,False
2025-10-23T17:02:28.556,7,112,838,-31.899159663865547,884.1344537815127,-234,1036,-156,1046,-143,46,-346,198,-268,208,43.11,119,-4.566738804978726,871.9830807872211,163.0,596.0,16.547786138371904,864.3832725475831,subject_002,151.1137186945156,False
2025-10-23T17:02:41.358,3,1057,898,1002.2436974789916,867.5210084033613,1046,846,1101,838,-54,-30,-11,-52,44,-60,31.38,119,1100.971714736478,849.0466579894056,1100.882218024362,834.1227395726169,1098.625338128282,851.9771288624036,subject_002,62.66754817702827,False
2025-10-23T17:02:47.782,4,1106,891,1062.271186440678,856.3983050847457,1120,837,1168,824,-43,-34,14,-54,62,-67,34.37,118,1165.9189235419544,837.1925881609429,1186.4186598206134,828.9796692533859,1162.0088110878266,838.4766350346047,subject_002,55.76276917724107,False
2025-10-23T17:02:54.188,14,946,592,860.4406779661017,631.1949152542373,940,575,998,563,-85,39,-6,-17,52,-29,45.87,118,974.6363592911104,578.0354325762024,952.3150930499304,560.7010074577287,964.0165790314536,583.2522374803393,subject_002,94.1097177165417,False
2025-10-23T17:03:07.004,19,322,746,210.3534482758621,800.1465517241379,252,780,224,827,-111,54,-70,34,-98,81,58.95,116,253.06172574936727,790.9122271007169,271.77260197630585,775.5023464740825,274.72097422802887,785.7862868356219,subject_002,124.08384897119102,False
2025-10-23T17:03:13.418,18,223,519,78.61538461538461,611.9487179487179,169,551,148,575,-144,92,-54,32,-75,56,39.37,117,163.2377624873383,552.2171216881209,195.224486665702,532.5879207285918,147.76714573510682,553.8434489808423,subject_002,171.71599030979505,False
2025-10-23T17:03:26.242,20,969,870,876.7833333333333,876.375,907,857,962,854,-92,6,-62,-13,-7,-16,35.03,120,964.6199730403872,862.0740413451925,933.5164186581754,837.1057541030821,966.9805640289871,866.1557980910584,subject_002,92.4367580354867,False
2025-10-23T17:03:32.640,17,1468,394,1345.322033898305,479.3559322033898,1468,453,1501,427,-122,85,0,59,33,33,37.7,118,1487.1806147119255,446.50390113746965,1493.337815573055,449.38554331957033,1479.5125668417725,444.22061552840927,subject_002,149.45072274551995,False
2025-10-28T15:19:02.128,10,796,443,763.9495798319327,491.4201680672269,773,477,796,473,-32,48,-23,34,0,30,39.92,119,790.8572806166932,476.95027629033774,782.0740339151062,465.30507118365176,791.9736126320711,476.8944974600124,subject_002,58.06670395853505,False
2025-10-28T15:19:08.533,2,1733,450,1624.571428571429,539.109243697479,1671,506,1698,452,-108,89,-62,56,-35,2,50.53,119,1706.5117686094536,470.88525567441354,1702.10104663652,466.2106456938319,1711.1218732251994,470.59086870470304,subject_002,140.34675776225626,False
2025-10-28T15:19:14.940,20,282,424,308.5126050420168,468.52100840336135,308,434,315,418,26,44,26,10,33,-6,46.86,119,306.55911046469896,428.8078132127479,309.7087653528758,414.05147969297474,301.2976812167943,422.3290926092235,subject_002,51.81735631394317,False
2025-10-28T15:19:27.755,17,1370,644,1326.2605042016808,713.3361344537815,1384,691,1393,703,-43,69,14,47,23,59,55.42,119,1403.9613263001677,692.0289946618118,1426.983471325187,678.4166436186015,1396.6423210306805,684.6968446168723,subject_002,81.97952813772503,False
2025-10-28T15:19:34.160,3,933,199,869.1932773109244,298.218487394958,882,259,909,237,-63,99,-51,60,-24,38,45.32,119,900.6573810263527,225.34943575139235,897.5867014494721,221.54468637531252,902.3209140428944,219.98017366034193,subject_002,117.96442727052948,False
2025-10-28T15:19:40.574,1,427,594,437.436974789916,624.6134453781513,426,632,441,634,10,30,-1,38,14,40,56.08,119,434.5586439440722,642.5526713213314,424.9240568818317,653.5818403415997,439.2414104872086,643.579320716517,subject_002,32.34367759990185,False
2025-10-28T15:19:53.390,19,444,743,457.8083333333333,722.6333333333333,444,757,456,766,13,-20,0,14,12,23,49.47,120,453.3865630923377,771.597951678221,432.1740983050656,798.5320918185794,460.06807942246576,776.835559423232,subject_002,24.606323995175597,False
2025-10-28T15:19:59.784,6,1569,634,1476.7416666666666,632.7416666666667,1535,602,1549,584,-92,-1,-34,-32,-20,-50,62.25,120,1559.3401995805575,583.6109226846876,1571.0707171753338,582.0357317002968,1555.5939187641395,574.8046195892982,subject_002,92.26691428796263,False
2025-10-28T15:20:06.190,4,1742,965,1711.436974789916,1007.2605042016806,1780,984,1815,975,-30,42,38,19,73,10,68.23,119,1813.6379873486976,985.9489374402348,1741.0,1060.0,1823.1616941694456,979.279800562238,subject_002,52.15408637271392,False
2025-10-28T15:20:44.644,9,1141,294,1093.0593220338983,390.64406779661016,1121,339,1142,341,-47,96,-20,45,1,47,40.5,118,1141.8203404309622,322.1349266602345,1141.2095106705704,290.25688263376304,1140.6676018343103,314.14151120059876,subject_002,107.88134428215682,False
2025-10-28T15:20:51.062,7,163,915,188.64166666666668,920.1083333333332,153,943,138,1023,25,5,-10,28,-25,108,55.76,120,147.94745798342677,977.2506919935882,163.0,1060.0,162.09705321048483,975.627996965987,subject_002,26.14555677144567,False
2025-10-28T15:20:57.461,5,882,965,868.0,862.6134453781513,903,949,896,945,-14,-102,21,-16,14,-20,44.83,119,909.389454725056,948.6009761608526,915.6198409189344,977.309400766837,905.3133637906112,967.665397478691,subject_002,103.33927891819653,False
2025-11-03T21:42:24.371,1,1710,518,1682.9052631578948,579.1894736842105,1691,586,1733,570,-27,61,-19,68,23,52,135.48,95,1706.227994810244,591.8676721084161,1705.6927488992085,583.701847368618,1710.8336306819465,590.4917637223211,subject_002,66.91992568954052,False
2025-11-03T21:42:37.184,20,280,526,330.1909090909091,629.3545454545455,295,594,262,579,50,103,15,68,-18,53,49.1,110,255.1278509490421,587.6987497103767,270.7261394100717,552.3257482815795,264.22687016328115,582.9032758457804,subject_002,114.89686428048246,False
2025-11-03T21:42:43.588,9,1077,806,1174.6991150442475,742.8761061946902,1137,798,1106,812,97,-63,60,-8,29,6,39.21,113,1111.567854217663,813.6274542236013,1111.9536839825964,818.1358938225724,1110.6275011989708,817.151330543061,subject_002,116.317423671491,False
2025-11-03T21:42:56.398,5,371,776,450.07964601769913,825.3805309734513,392,838,363,803,79,49,21,62,-8,27,57.05,113,358.9389560478386,823.2485294117039,345.52017509809974,833.2847066507188,359.96007540517365,815.8405972277719,subject_002,93.23104232767422,False
2025-11-03T21:43:02.805,11,608,499,694.3153153153153,501.1711711711712,654,502,604,497,86,2,46,3,-4,-2,39.66,111,589.9995967411345,506.6117253488091,587.8938863601954,506.31209841475254,583.7627889223385,505.5864265471879,subject_002,86.34261776340132,False
2025-11-03T21:43:15.620,13,321,489,414.2300884955752,557.0884955752213,369,535,340,519,93,68,48,46,19,30,47.32,113,329.3917822941558,527.457350532405,334.7344942323251,509.29226724754943,335.3870056054637,521.6200185602295,subject_002,115.44649250016091,False
2025-11-03T21:43:22.024,15,1155,478,1195.4778761061948,469.4070796460177,1156,465,1127,488,40,-8,1,-13,-28,10,41.55,113,1130.0964534027887,484.5667592777312,1134.8835632100731,468.9816052675312,1128.4002196225929,485.9741414554176,subject_002,41.379907373970035,False
2025-11-03T21:43:41.247,6,294,301,359.25,344.32142857142856,309,324,294,299,65,43,15,23,0,-2,44.32,112,286.04450704875376,300.45415768451437,290.51492183524056,304.27165207303733,292.6279307983149,299.2826374836949,subject_002,78.32182756722028,False
2025-11-03T21:43:47.650,17,1546,329,1564.9478260869564,369.81739130434784,1556,361,1561,334,18,40,10,32,15,5,38.08,115,1559.8194630156306,342.60040282361325,1553.0925470932789,348.1083342918588,1561.163543251946,337.52611097056274,subject_002,45.00088383925139,False
2025-11-03T21:44:13.280,0,1028,685,1105.758928571429,646.1964285714286,1067,669,1029,692,77,-38,39,-16,1,7,41.43,112,1030.0330202933294,697.5316852360993,1034.2384302502178,700.6630003636217,1026.3513734375308,701.0589344537351,subject_002,86.90321126511279,False
2025-11-03T21:44:19.686,10,1384,719,1406.495652173913,683.2869565217392,1399,740,1380,740,22,-35,15,21,-4,21,29.78,115,1383.5638025350768,737.8733354615042,1394.7835409253637,736.8235841648749,1389.239663831264,738.9999358268436,subject_002,42.20753299127803,False
2025-11-03T21:44:26.091,19,1064,454,1123.8090909090909,458.6,1080,459,1047,476,59,4,16,5,-17,22,33.03,110,1048.30369579312,474.05168411624055,1051.067468464602,468.9877683968825,1044.5300699985607,475.8868248319453,subject_002,59.985726263602864,False
2025-11-04T15:08:01.246,11,1369,968,1301.247311827957,830.9354838709677,1343,901,1353,896,-67,-137,-26,-67,-16,-72,28.86,93,1364.0018583770905,896.0354792330021,1382.9077851383329,932.9298792398276,1380.1760013190187,893.882689339037,subject_002,152.8957433554769,False
2025-11-04T15:08:14.051,12,1226,453,1205.2065217391305,455.2391304347826,1209,463,1193,436,-20,2,-17,10,-33,-17,27.81,92,1212.903129975184,467.6950469769987,1220.0843884203923,496.429434983579,1214.2991855225011,464.3096758623216,subject_002,20.913690331675625,False
2025-11-04T15:08:20.457,4,464,852,541.6808510638298,876.4468085106383,525,865,460,760,77,24,61,13,-4,-92,48.94,94,470.49868789545593,798.5979724189037,479.2341645299674,840.7779142146346,470.5039592842864,786.4023202943451,subject_002,81.43685325672108,False
2025-11-04T15:08:26.862,9,1157,671,1172.3085106382978,582.436170212766,1175,598,1164,570,15,-88,18,-73,7,-101,21.69,94,1184.6963288558436,609.8972963839756,1199.0743808749469,638.4898538347214,1192.819568043277,604.9125344449767,subject_002,89.87715196057913,False
2025-11-04T15:08:33.266,19,1328,726,1286.5833333333333,635.6979166666666,1310,662,1316,639,-41,-90,-18,-64,-12,-87,20.28,96,1338.284366527881,675.3760630856342,1361.9313514470446,714.5039649102487,1358.0678923533608,670.7380798340746,subject_002,99.34689996229407,False
2025-11-04T15:09:05.296,7,1259,890,1232.4782608695652,779.5978260869565,1253,826,1257,812,-26,-110,-6,-64,-2,-78,15.04,92,1273.4594261574907,831.7839590964983,1276.3376354904035,816.9835167187864,1286.7727626643143,828.8438501462125,subject_002,113.54313123755544,False
2025-11-04T15:09:11.704,15,1055,463,1096.645161290323,381.0752688172043,1086,383,1052,361,41,-81,31,-80,-3,-102,35.14,93,1065.71764106562,386.7475906340797,1061.8900178504136,399.38319603762966,1052.470871123638,383.2008361924946,subject_002,91.90201868441385,False
2025-11-04T15:09:24.517,3,1558,103,1503.6129032258063,189.55913978494624,1515,168,1550,142,-54,86,-43,65,-8,39,58.31,93,1564.274196445455,145.2056403221807,1566.0025038758374,132.0,1553.7405751300748,143.26149566075412,subject_002,102.22739836186466,False
2025-11-04T15:09:30.924,8,1381,331,1328.7578947368422,370.7578947368421,1338,366,1342,346,-52,39,-43,35,-39,15,32.88,95,1360.5743439557166,363.319547904684,1357.493101004391,346.68477366543567,1361.58302485207,364.6183510326394,subject_002,65.65004003222447,False
2025-11-04T15:09:43.736,17,1342,746,1272.5157894736842,677.7473684210527,1295,709,1301,689,-69,-68,-47,-37,-41,-57,19.85,95,1322.5507493838147,722.7631962138664,1340.7281842137213,748.5735012822511,1341.7228033214403,717.9611084159037,subject_002,97.3985483973806,False
2025-11-04T15:10:02.954,10,724,222,813.9117647058823,229.94117647058823,790,238,716,219,89,7,66,16,-8,-3,35.02,102,724.7871879460622,225.6199945323767,694.6688313147486,262.1224171148941,702.9799577947405,223.676025457842,subject_002,90.26177328339485,False
2025-11-04T15:20:29.942,0,1583,144,1578.060606060606,246.1818181818182,1590,216,1630,165,-4,102,7,72,47,21,79.63,99,1620.2148884690866,185.5425478111536,1621.1950709998644,176.67186153498915,1621.24254944762,182.0965642209853,subject_002,102.30113185801356,False
2025-11-04T15:20:42.757,6,693,808,710.5930232558139,711.5348837209302,698,757,695,787,17,-96,5,-51,2,-21,35.04,86,696.8169330886046,795.4811619786175,687.3409991341663,811.4177807791076,700.7104474770764,800.5749383773705,subject_002,98.05627530155355,False
2025-11-04T15:20:55.584,7,1347,315,1333.8235294117646,357.77647058823527,1336,341,1351,330,-13,42,-11,26,4,15,37.02,85,1352.1169060541315,331.4416776233673,1343.8799882812984,325.08158193868803,1353.0703858621318,326.1432925378382,subject_002,44.759868332567606,False
2025-11-04T15:21:01.991,5,864,801,912.0121951219512,666.4756097560976,891,711,896,731,48,-134,27,-90,32,-70,35.35,82,894.6436852927189,742.1245769612276,879.6691866530011,744.7268953661971,898.4451962186987,747.8351954824935,subject_002,142.83550836861983,False
2025-11-04T15:21:21.203,2,496,763,515.710843373494,654.8072289156627,518,685,507,704,19,-108,22,-78,11,-59,57.01,83,515.0422358385458,715.3128352221675,527.1541069773639,721.5828671549397,516.5747150087898,716.2436588545427,subject_002,109.97360165695324,False
2025-11-04T15:21:27.617,18,1569,957,1560.7951807228917,815.4819277108434,1570,836,1568,856,-8,-141,1,-121,-1,-101,13.23,83,1577.909781767615,867.1306059069361,1578.1705579354534,849.1451610175116,1576.1755053274094,869.9827077797581,subject_002,141.75571891041636,False
2025-11-04T15:21:53.239,12,727,638,751.9186046511628,559.2093023255813,740,596,740,598,24,-78,13,-42,13,-40,42.49,86,741.1948296470246,615.0683517250272,728.1470223220699,636.3837105789336,745.6604888981104,616.3272483663718,subject_002,82.63722464956452,False
2025-11-04T15:22:06.059,10,1485,435,1464.7674418604652,450.48837209302326,1464,441,1485,418,-20,15,-21,6,0,-17,38.85,86,1486.333837998301,435.2910184516211,1461.8722604364625,424.9120742095812,1488.4019392926307,429.5675584991581,subject_002,25.480307670073348,False
2025-11-04T15:22:12.459,20,702,944,717.8641975308642,847.0493827160494,704,899,702,967,15,-96,2,-45,0,23,24.65,81,702.5258850072694,952.8625725857596,692.1670117082641,964.8906603745546,704.9173829583892,961.8675108952568,subject_002,98.23998653825912,False
2025-11-04T15:22:18.865,8,1761,348,1722.690476190476,391.9047619047619,1740,376,1778,297,-38,43,-21,28,17,-51,39.22,84,1771.6137579105675,352.8614982134004,1741.0,132.0,1770.986351528138,350.83697368633057,subject_002,58.26875434078136,False
2025-11-04T15:22:25.271,17,983,971,1016.0823529411764,837.1764705882352,991,916,999,953,33,-133,8,-55,16,-18,19.52,85,996.1866965054816,945.13633229661,990.2148891502222,958.8421983355744,997.4005182196432,952.2622219405556,subject_002,137.85201884755273,False
2025-11-04T15:22:31.676,14,1523,177,1480.1976744186047,247.72093023255812,1487,218,1521,185,-42,70,-36,41,-2,8,45.7,86,1514.6242442166815,191.4066733276257,1516.9257427955836,182.75871198563357,1516.1021527560183,186.0942551507875,subject_002,82.66492029956915,False
2025-11-04T22:19:42.333,16,895,450,971.5267857142856,547.4107142857143,944,533,880,521,76,97,49,83,-15,71,36.67,112,892.0243756221996,500.5650474051171,883.4331104931609,492.8733896200585,897.2069525929419,496.9003075914083,subject_002,123.87572881486209,False
2025-11-04T22:19:48.746,7,1415,866,1392.1238938053098,881.0796460176991,1406,873,1431,872,-22,15,-9,7,16,6,38.67,113,1468.1000360748717,876.8844115566959,1438.2508009147205,872.0227052953929,1461.246077226073,890.8083211822054,subject_002,27.399123319001543,False
2025-11-04T22:20:07.982,2,1611,936,1570.796460176991,979.5575221238938,1610,990,1690,1018,-40,43,-1,54,79,82,25.58,113,1698.7941593808634,992.1574241681318,1741.0,1060.0,1677.1019190724203,1007.4078989505877,subject_002,59.27547847022208,False
2025-11-04T22:20:27.201,12,1379,421,1387.6194690265486,477.07964601769913,1444,450,1425,427,8,56,65,29,46,6,35.86,113,1441.3908186821511,430.3159087626135,1479.3819130800357,436.3013154506866,1438.149167089409,431.32475081460075,subject_002,56.7381877025524,False
2025-11-04T22:20:46.417,13,662,446,735.9464285714286,526.0535714285714,701,504,606,511,73,80,39,58,-56,65,38.96,112,605.4841070925625,473.57683631989505,603.2582959610885,464.2303539541253,605.7990770533471,464.7417216332665,subject_002,108.98003760753056,False
2025-11-04T22:20:52.825,9,226,339,351.9217391304348,387.6347826086957,300,385,192,415,125,48,74,46,-34,76,47.54,115,190.7868317125171,391.6496880591827,206.59462420014623,412.1068196706743,191.7211423696315,400.858109328813,subject_002,134.98750484777605,False
2025-11-04T22:20:59.241,8,962,830,931.7456140350876,763.2719298245614,872,745,841,722,-30,-66,-90,-85,-121,-108,15.19,114,852.6007756650974,707.1480735154744,835.7476858038963,709.6900537215755,859.0538872194024,700.3290377262706,subject_002,73.26638533087424,False
2025-11-04T22:21:05.652,3,1438,891,1351.3873873873874,887.7117117117117,1359,875,1375,875,-86,-3,-79,-16,-63,-16,19.72,111,1415.413775439283,881.3209347860077,1381.5955013954988,874.9136766960181,1410.3386268427066,895.6593866220157,subject_002,86.67501083616538,False
2025-11-04T22:21:18.490,18,1013,658,1004.8521739130434,644.7304347826087,967,628,923,612,-8,-13,-46,-30,-90,-46,38.1,115,939.600115252426,597.1426301244109,940.8686550861164,585.0592712872972,945.724384967017,594.1616429210446,subject_002,15.571397849964924,False
2025-11-04T22:21:31.310,20,1474,275,1440.6017699115043,349.9026548672566,1522,306,1511,281,-33,74,48,31,37,6,43.84,113,1508.376677932966,292.8993657292983,1566.7449434858015,276.6035086205065,1498.3880277625856,285.2305964673463,subject_002,82.01127653687301,False
2025-11-04T22:21:44.120,4,1576,641,1496.2758620689656,639.6465517241379,1522,621,1579,603,-79,-1,-54,-20,3,-38,35.9,116,1578.5510382322004,606.2496615920998,1554.435142835394,602.8880219113134,1580.7696719785656,610.3605119868182,subject_002,79.7356256078927,False
2025-11-04T22:42:14.254,18,720,265,724.869918699187,325.6666666666667,704,331,663,368,4,60,-16,66,-57,103,92.03,123,664.6794592539608,356.2305078000072,659.221854388812,358.8737224099102,660.0999200974892,349.9161163515937,subject_002,60.861815225814105,False
2025-11-04T22:42:27.069,8,1186,512,1258.1683168316831,493.4158415841584,1255,513,1201,543,72,-18,69,1,15,31,35.05,101,1220.5723756328916,527.6177154591936,1237.4326193663414,555.6824402851361,1241.8618676330636,554.4150183720863,subject_002,74.5227273946901,False
2025-11-04T22:42:33.478,5,266,601,304.3069306930693,547.5247524752475,278,562,237,617,38,-53,12,-39,-29,16,47.32,101,230.24333348102107,602.7671333792997,204.40505500920077,588.1106838821721,203.13019737167025,591.7089598499476,subject_002,65.78011125680135,False
2025-11-04T22:42:39.894,17,1628,471,1613.5656565656566,462.0,1607,456,1585,476,-14,-9,-21,-15,-43,5,45.85,99,1599.7091218677274,445.9101125022575,1605.1620965320844,430.7759796240616,1605.0031769979028,423.5302621095214,subject_002,17.01029895035866,False
2025-11-04T22:42:46.309,15,938,125,966.2376237623762,144.0891089108911,952,132,953,84,28,19,14,7,15,-41,35.22,101,928.8121975405568,127.20725917364533,689.0,132.0,917.625340079388,112.5478539341876,subject_002,34.08456358466944,False
2025-11-04T22:42:52.708,19,1069,371,1123.904761904762,372.8952380952381,1119,376,1075,405,54,1,50,5,6,34,38.19,105,1086.057022788877,392.9838783245961,1091.1743725428212,386.8215600704286,1100.0910885784765,381.3112938112384,subject_002,54.93746269401453,False
2025-11-04T22:42:59.114,10,1747,889,1784.3454545454545,818.7545454545455,1765,835,1719,860,37,-70,18,-54,-28,-29,19.15,110,1748.1772431335764,852.7294880481511,1741.0,1060.0,1740.453384522879,873.4457108154161,subject_002,79.5556840175743,False
2025-11-04T22:43:05.521,1,724,102,744.2972972972973,145.47747747747746,726,141,710,115,20,43,2,39,-14,13,34.22,111,692.9812847525402,141.1095481543735,683.5795825916163,134.2140260339957,683.4355209530173,136.02004253299788,subject_002,47.98198959379896,False
2025-11-04T22:43:37.561,9,665,645,728.3211009174312,499.4220183486239,707,519,658,568,63,-145,42,-126,-7,-77,51.23,109,662.8085265661183,560.0436973501241,658.6757520784676,575.5868598863052,660.327624371544,575.9527980154363,subject_002,158.75298599737863,False
2025-11-04T22:43:50.377,14,103,345,110.16666666666669,362.8333333333333,84,366,41,422,7,17,-19,21,-62,77,40.06,108,38.94985642392,386.3743343745961,163.0,132.0,14.77668680262763,371.9433453137371,subject_002,19.219492420167825,False
2025-11-04T22:43:56.771,7,614,909,680.1926605504588,752.2385321100918,656,785,612,815,66,-156,42,-124,-2,-94,44.1,109,614.0523549144336,830.4072573300742,623.5962889114941,820.9375886552832,631.4778765285686,850.7289050973836,subject_002,170.16352760138403,False
2025-11-04T22:44:03.183,11,789,843,874.5818181818182,693.8363636363637,848,733,802,762,85,-149,59,-110,13,-81,31.65,110,805.9287407158965,769.3034594586534,797.5429113189108,777.4641745127108,786.4077161099817,793.1794618503826,subject_002,171.9710383074107,False
2025-11-04T23:24:33.137,8,684,457,674.2397260273973,454.2397260273973,664,476,660,457,-9,-2,-20,19,-24,0,39.71,146,657.2759157969579,477.1345553125019,650.6566469693317,505.66603004068736,659.6559993195614,471.4907545972944,subject_002,10.14307943496913,False
2025-11-04T23:24:45.951,3,365,288,416.0854700854701,291.1794871794872,409,274,396,260,51,3,44,-14,31,-28,34.84,117,393.2814004651354,268.23474291909486,399.71376324635423,257.8407434378017,388.30779453353983,274.7637279951671,subject_002,51.18431783835731,False
2025-11-04T23:24:58.769,7,793,595,828.3529411764706,501.8067226890756,817,519,821,511,35,-93,24,-76,28,-84,39.38,119,814.4652902720889,529.5322115125539,802.409061247457,549.7054242561156,819.7225617576117,526.0119242632409,subject_002,99.67355409424228,False
2025-11-04T23:25:05.170,14,869,402,885.5798319327731,336.61344537815125,879,334,891,313,16,-65,10,-68,22,-89,42.04,119,878.6853676103973,320.0966482049327,869.3059562479593,315.24017098521136,881.3881430180655,321.2078316482117,subject_002,67.45585484029546,False
2025-11-04T23:25:11.579,18,1322,895,1338.111111111111,847.5299145299145,1350,905,1338,906,16,-47,28,10,16,11,16.41,117,1343.3309815105542,909.9143473389846,1350.7891380271262,948.275696382392,1340.6152242403332,897.614280438516,subject_002,50.129601193025515,False
2025-11-04T23:25:17.984,15,122,724,202.08403361344537,690.4117647058823,170,709,135,736,80,-33,48,-15,13,12,38.49,119,158.46918935245438,766.6069158978446,163.0,775.8830384119155,160.6790446449651,764.3455425130003,subject_002,86.84251257288945,False
2025-11-04T23:25:30.798,0,784,925,798.0603448275862,769.5689655172414,783,812,778,851,14,-155,-1,-113,-6,-74,37.7,116,779.5773290515154,857.1954580121918,769.5896571545512,856.9134407895297,784.6728646893304,857.3032239712513,subject_002,156.0656905826874,False
2025-11-04T23:25:56.422,4,1281,228,1287.420168067227,273.0672268907564,1301,246,1311,214,6,45,20,18,30,-14,36.47,119,1306.0357415889976,218.42343469438572,1313.7758693059588,218.28427245937996,1298.3488780081243,223.22513521940337,subject_002,45.52223080687453,False
2025-11-04T23:26:02.830,6,1318,846,1300.008547008547,752.025641025641,1309,772,1301,787,-17,-93,-9,-74,-17,-59,19.87,117,1306.665426238542,796.4065202348037,1310.2526594703222,799.9247249714706,1302.4915533385702,789.4301584189723,subject_002,95.68109805695872,False
2025-11-04T23:26:09.234,12,567,529,589.6779661016949,451.4237288135593,580,469,570,453,22,-77,13,-60,3,-76,39.13,118,570.3847492497752,473.43574066691303,564.1298733254389,489.2389802282866,571.0618325021965,469.2776935228489,subject_002,80.82306600038018,False
2025-11-04T23:26:28.471,20,621,563,675.3916666666667,422.9916666666667,666,440,664,419,54,-140,45,-123,43,-144,29.84,120,659.4317248905539,437.637768130738,655.7512687734712,461.8293536716324,661.1655904169966,432.8199790532157,subject_002,150.20248601656218,False
2025-11-04T23:26:34.878,17,1443,296,1384.9666666666667,368.4666666666666,1403,355,1404,313,-58,72,-40,59,-39,17,29.24,120,1406.554674124027,324.2416809741276,1422.432959738693,338.0098536723664,1397.2562099287502,325.24906703686554,subject_002,92.8401074727703,False
2025-11-04T23:37:16.773,9,311,325,299.244094488189,366.3070866141732,297,370,308,392,-11,41,-14,45,-3,67,99.83,127,300.76527061589945,391.0254226214348,293.6553067262225,380.6155758218714,284.4322433800015,387.3854026059744,subject_002,42.94737150226352,False
2025-11-04T23:37:23.180,7,1529,804,1504.4126984126983,767.2063492063492,1548,796,1528,817,-24,-36,19,-8,-1,13,24.43,126,1541.7143868855865,795.9595527083775,1577.579601450212,822.0724545438474,1552.5173196555309,804.3190775057551,subject_002,44.25277548436991,False
2025-11-04T23:37:35.989,2,1777,884,1762.1186440677966,914.3898305084746,1769,956,1776,974,-14,30,-8,72,-1,90,38.32,118,1780.6527447300805,952.6209542243477,1741.0,1060.0,1818.7398702925248,968.1362435297094,subject_002,33.8377976930346,False
2025-11-04T23:37:42.397,12,422,515,415.0,459.965811965812,413,478,428,498,-7,-55,-9,-37,6,-17,45.18,117,421.81034795798894,518.6713182018553,423.4778964219532,539.9394522894554,407.2490627070215,533.0128333602856,subject_002,55.477579728953216,False
2025-11-04T23:38:08.007,13,781,256,735.436974789916,268.3109243697479,744,265,754,218,-45,12,-37,9,-27,-38,29.38,119,755.9443777319641,266.44486516733946,759.1457862196922,249.60493063202648,739.1219498978296,261.085136177607,subject_002,47.19690800394029,False
2025-11-04T23:38:14.413,15,1499,532,1410.364406779661,546.7118644067797,1432,544,1445,580,-88,14,-67,12,-54,48,31.53,118,1455.5019904676174,555.5749010890424,1490.4128691962749,574.6435658798456,1450.0645875603464,554.4064946775981,subject_002,89.84824617011098,False
2025-11-04T23:38:20.819,1,1401,363,1297.428571428571,395.6302521008403,1310,386,1334,395,-103,32,-91,23,-67,32,40.6,119,1340.575153181131,389.14841643563864,1337.0817558711026,377.1446493822473,1329.2619362252549,382.7307453668887,subject_002,108.58993585268846,False
2025-11-04T23:38:40.037,18,566,926,532.7368421052631,762.3508771929825,541,809,544,832,-33,-163,-25,-117,-22,-94,36.0,114,542.072139395176,867.1489696368185,553.0302142054088,886.1536270771312,535.8688955552788,895.8287778648515,subject_002,166.99542828663456,False
2025-11-04T23:38:52.834,8,325,731,314.13675213675214,612.5384615384615,313,641,325,693,-10,-118,-12,-90,0,-38,41.53,117,316.86248011132756,703.2953860760567,326.00591647192664,751.0602963816591,306.0052047914276,728.501472548728,subject_002,118.95859047926264,False
2025-11-04T23:38:59.245,0,1165,201,1080.7881355932204,287.10169491525426,1093,277,1112,244,-84,86,-72,76,-53,43,41.61,118,1115.662344966749,272.76407011254685,1113.415927642194,264.00472816232053,1100.5834776821082,264.6123646408609,subject_002,120.4372864778402,False
2025-11-04T23:39:05.647,6,1780,778,1722.4298245614036,809.5877192982456,1739,841,1745,873,-57,31,-41,63,-35,95,53.45,114,1748.6381929246272,841.0764314756117,1736.661664579315,851.1149706892961,1781.289902504176,855.2218748877071,subject_002,65.66665143355128,False
2025-11-04T23:39:18.461,3,700,174,663.0593220338983,243.71186440677965,670,238,678,185,-36,69,-30,64,-22,11,35.0,118,680.9135512817661,237.8452642505155,685.0137014621472,225.1482701122693,668.0084081686651,232.31759725687616,subject_002,78.89459884975945,False
2025-11-05T17:27:49.323,15,1519,724,1485.3617021276596,734.5177304964539,1505,708,1527,703,-33,10,-14,-16,8,-21,31.47,141,1532.769509646517,706.5274091853555,1520.663806751415,693.8971010245835,1536.30248135492,704.3485356754404,subject_002,35.24425823512731,False
2025-11-05T17:27:55.739,19,689,476,690.8067226890756,465.6470588235294,695,464,706,461,1,-10,6,-12,17,-15,35.54,119,709.2122183242114,466.8012532938389,697.1527958289668,461.14305247197177,709.1468418816453,466.3313681273802,subject_002,10.50940711356646,False
2025-11-05T17:28:08.541,6,342,972,309.56779661016947,806.3305084745763,317,862,312,904,-32,-165,-25,-110,-30,-68,48.42,118,317.0406212329661,897.2327485386697,325.99785719154517,913.6803218933162,317.2760485593464,901.3623520326912,subject_002,168.81418257661818,False
2025-11-05T17:28:14.945,1,634,467,641.2268907563025,457.9495798319328,643,457,654,454,7,-9,9,-10,20,-13,28.49,119,656.7610333160947,460.18385359848423,645.3239567334532,454.9020505018186,657.277326047321,459.346147599442,subject_002,11.58179844506406,False
2025-11-05T17:28:34.166,7,822,207,777.7833333333333,291.75,795,272,800,258,-44,84,-27,65,-22,51,46.08,120,802.3172864817172,257.14105371597253,814.0620302715311,252.3429838553643,796.3913601793048,255.14547440879824,subject_002,95.591192644046,False
2025-11-05T17:28:46.977,11,1184,780,1171.1525423728813,723.7881355932203,1199,728,1206,726,-12,-56,15,-52,22,-54,30.46,118,1209.2731028927544,728.2285844565799,1211.7844193294327,737.1332600478605,1210.2862973167594,727.2257339622431,subject_002,57.6613463905136,False
2025-11-05T17:28:53.384,20,126,903,178.76470588235293,822.8151260504202,178,867,174,935,52,-80,52,-36,48,32,42.15,119,181.1013935425045,918.2993514077388,183.39863046318783,920.4045368488804,179.8054273224136,921.8374066729184,subject_002,95.98816696427332,False
2025-11-05T17:29:12.608,12,749,722,754.3333333333334,643.9145299145299,759,657,774,668,5,-78,10,-65,25,-54,49.92,117,776.3725984458713,675.830741077437,763.1063849762508,666.8799919667317,778.2783146369562,679.2335380294271,subject_002,78.26739476252733,False
2025-11-05T17:29:25.415,3,1018,398,962.7033898305084,428.7457627118644,986,423,990,405,-55,30,-32,25,-28,7,43.13,118,995.1326853237751,408.02866392941615,1007.8144869926394,411.3306803532492,990.6076752045318,405.7540578588452,subject_002,63.26940035254795,False
2025-11-05T17:29:31.821,13,1435,144,1373.6694915254238,256.8813559322034,1388,225,1417,194,-61,112,-47,81,-18,50,40.62,118,1411.5047028212716,188.39944266281665,1410.5858155990488,189.51536095497917,1412.07241348207,189.89025992834956,subject_002,128.46646171994794,False
2025-11-05T17:29:44.636,9,264,229,255.78813559322035,277.3474576271187,251,261,248,247,-8,48,-13,32,-16,18,38.26,118,246.86756236947377,258.0535608954285,248.07462380472543,251.08659591210028,245.82628699540587,252.2608353034011,subject_002,49.039895758875446,False
2025-11-05T17:29:57.448,16,429,805,408.91525423728814,699.8135593220339,414,747,412,760,-20,-105,-15,-58,-17,-45,42.99,118,416.34791019096735,766.365685330826,425.2771885161082,787.211169461013,419.01901349200733,768.2130636153785,subject_002,107.08680738005052,False
2025-11-05T21:53:12.925,3,996,229,1002.252100840336,249.81512605042016,997,257,993,282,6,20,1,28,-3,53,38.6,119,989.370880609226,280.9513576446918,989.624779431184,270.8957249690597,989.9682265456028,266.5905454429074,subject_002,21.73380402535667,False
2025-11-05T21:53:25.735,18,138,161,149.78813559322035,170.8728813559322,132,171,97,183,11,9,-6,10,-41,22,29.45,118,105.50590782962334,187.20911901049857,163.0,132.0,106.31519697519629,170.59287514999835,subject_002,15.376408131695197,False
2025-11-05T21:53:44.953,13,739,592,772.655462184874,479.5630252100841,755,529,758,577,33,-112,16,-63,19,-15,33.5,119,752.1509049028141,579.9303564975062,735.2673894174709,609.8140119135958,735.5959248304862,616.4143923746786,subject_002,117.36593813703216,False
2025-11-05T21:54:04.176,11,1138,429,1157.6134453781513,332.7563025210084,1157,338,1158,383,19,-96,19,-91,20,-46,46.93,119,1157.2490243206394,369.1207124805738,1151.4246296553663,361.7183612406657,1153.3276453529802,352.8220304948863,subject_002,98.22187406086982,False
2025-11-05T21:54:10.579,15,1711,863,1654.6666666666667,769.9487179487179,1685,800,1682,865,-56,-93,-26,-63,-29,2,42.1,117,1704.229309851627,839.8723076886378,1709.4201305610682,835.2414645418261,1709.5375140700453,839.0504703578725,subject_002,108.77493064043612,False
2025-11-05T21:54:23.395,0,286,444,291.80833333333334,377.35,273,397,259,450,5,-66,-13,-47,-27,6,38.15,120,257.4588278606981,441.0461325267746,249.71679376349695,421.1889892034431,248.0724315472435,400.2461074027941,subject_002,66.90261008444371,False
2025-11-05T21:54:29.798,10,335,120,342.4102564102564,91.06837606837608,333,88,292,76,7,-28,-2,-32,-43,-44,34.99,117,305.36117324889256,94.706675949509,163.0,132.0,316.4580725040853,82.67248917146281,subject_002,29.865544752886393,False
2025-11-05T21:54:49.017,4,574,552,559.1875,424.5803571428572,544,460,536,512,-14,-127,-30,-92,-38,-40,45.42,112,534.4953386692904,512.3869226308069,530.191876056483,519.5849032563576,528.7778099027652,531.7232478622819,subject_002,128.27772816078328,False
2025-11-05T21:54:55.427,7,1738,107,1687.991071428571,154.5,1700,138,1754,52,-50,47,-38,31,16,-55,48.31,112,1727.0824659516231,112.17808430300884,1741.0,132.0,1714.0153266020957,114.3266778959273,subject_002,68.97204460404431,False
2025-11-05T21:55:01.830,2,1216,591,1217.7117117117118,455.9009009009009,1220,473,1221,535,1,-135,4,-118,5,-56,42.57,111,1224.9905463012124,515.4337448585866,1215.4636597613016,516.6302908769663,1220.0386153721731,515.0567970832625,subject_002,135.1099423964506,False
2025-11-05T21:55:14.644,14,143,333,154.02678571428572,301.4553571428572,132,311,112,352,11,-31,-11,-22,-31,19,34.99,112,112.03628780388138,344.08452157979946,163.0,132.0,99.58400969709948,302.1615683497577,subject_002,33.416380656400605,False
2025-11-05T22:00:57.774,10,1283,628,1286.1554054054054,575.2972972972973,1310,618,1322,634,3,-52,27,-10,39,6,27.95,148,1339.2701308307062,647.8025418265526,1323.8459926913424,648.2625239491279,1351.809518790829,649.8596421902316,subject_002,52.79707809568564,False
2025-11-05T22:01:04.187,4,796,908,801.1848739495798,737.0420168067227,803,797,820,899,5,-170,7,-111,24,-9,23.32,119,821.7237850536823,882.4920911290022,814.5940175034493,872.3471178921384,832.5552726423359,884.1281141899675,subject_002,171.0365894637341,False
2025-11-05T22:01:10.596,6,1792,310,1690.4273504273503,339.8974358974359,1734,348,1765,327,-101,29,-58,38,-27,17,51.59,117,1769.8157846887614,341.3902644356211,1741.0,132.0,1779.3641870556835,347.3579130688447,subject_002,105.88134781182931,False
2025-11-05T22:01:17.001,15,757,393,734.3362068965517,312.87068965517244,742,330,749,358,-22,-80,-15,-63,-8,-35,35.69,116,750.6525108205308,357.35782296208015,759.0499611256845,357.55953318712545,737.4689398526334,351.26527140097875,subject_002,83.2727680227672,False
2025-11-05T22:01:42.625,11,1397,406,1350.1913043478262,360.6434782608696,1409,381,1400,382,-46,-45,12,-25,3,-24,33.31,115,1415.103595964473,392.46093251443585,1449.5068504803771,399.6608019874708,1410.1927931660389,393.07279430873615,subject_002,65.17873927079324,False
2025-11-05T22:01:49.033,12,981,804,994.2564102564104,618.5384615384615,999,650,1015,720,13,-185,18,-154,34,-84,30.57,117,1025.8077243315593,721.1755325906457,1014.02643005321,704.6970043459459,1036.4258586185597,722.8599547897555,subject_002,185.93470537101717,False
2025-11-05T22:01:55.439,20,882,295,855.6491228070175,223.76315789473685,871,223,886,254,-26,-71,-11,-72,4,-41,39.73,114,882.6865700522236,242.2172171708292,891.6421502608982,228.45377434022137,864.7958385722511,239.83535491699797,subject_002,75.95430469677038,False
2025-11-05T22:02:01.843,2,437,130,421.3761467889908,115.60550458715596,421,118,437,122,-15,-14,-16,-12,0,-8,43.9,109,419.8532529756584,125.56028967098472,426.0,364.0,386.4998142047453,123.45487763445772,subject_002,21.243970611671216,False
2025-11-05T22:02:08.237,17,1722,748,1598.9830508474577,708.3050847457627,1625,727,1651,747,-123,-39,-97,-21,-71,-1,39.03,118,1668.2340267572652,754.0092876597739,1669.7125326672528,745.0828533759645,1699.250596497704,751.7880578495734,subject_002,129.26274047783556,False
2025-11-05T22:02:14.643,5,1234,337,1163.8461538461538,301.7264957264957,1190,309,1207,330,-70,-35,-44,-28,-27,-7,41.55,117,1214.0928738357925,329.75991692298544,1199.1008246974577,337.42126456885455,1204.298851019327,328.1766694074752,subject_002,78.52249508204922,False
2025-11-05T22:02:40.266,1,1665,495,1558.698275862069,426.1293103448276,1615,445,1617,433,-106,-68,-50,-50,-48,-62,47.32,116,1634.0228174325307,449.129516447692,1652.8026076185463,449.0887051360038,1640.5504019123505,451.2679406475075,subject_002,126.66186659084036,False
2025-11-05T22:02:59.486,7,850,940,812.1367521367522,747.6410256410256,814,808,833,912,-37,-192,-36,-132,-17,-28,13.46,117,833.4642777646625,894.4609945065284,825.5994698444558,882.7048750163191,845.031889078443,896.233308996863,subject_002,196.04999504001597,False
2025-11-06T22:58:24.806,16,997,321,944.245283018868,432.7169811320755,1023,402,1052,395,-52,111,26,81,55,74,50.69,106,1064.443496882852,389.11493182611866,1075.3245958085072,376.18763039017034,1059.675823480279,376.3759896587775,subject_002,123.54652579908448,False
2025-11-06T22:58:37.609,20,353,857,297.5833333333333,752.0185185185185,338,843,371,861,-55,-104,-15,-14,18,4,24.62,108,371.2500345695079,871.5806101510263,364.2823688397525,897.5362392741147,372.72086955727735,883.5308189051852,subject_002,118.71022870204192,False
2025-11-06T22:58:44.016,15,665,530,571.5140186915888,483.30841121495325,641,500,648,503,-93,-46,-24,-30,-17,-27,60.7,107,653.1232446793456,504.0937378545544,662.338551130197,509.51092495225635,658.4576966291398,506.67516008241586,subject_002,104.49752707346,False
2025-11-06T22:59:03.233,18,889,575,758.1717171717172,551.4141414141415,839,575,847,568,-130,-23,-50,0,-42,-7,31.74,99,858.3828903698827,565.5161234814909,860.93144294019,570.522582568484,860.2924706766094,566.6810537986983,subject_002,132.93732475504865,False
2025-11-06T22:59:16.052,11,943,364,938.3472222222222,368.25,1014,323,1046,311,-4,4,71,-41,103,-53,195.02,72,1056.7077374758053,308.09769289662023,1059.7063327075434,292.84310349879996,1052.421142913523,292.91120836884784,subject_002,6.301653834461489,False
2025-11-06T22:59:28.859,4,385,535,310.24528301886795,478.0754716981132,359,507,377,527,-74,-56,-26,-28,-8,-8,40.2,106,376.3268289504198,529.3910206968291,365.5326015545023,524.8526935485575,377.8260735511448,527.4469363825547,subject_002,93.9610005977026,False
2025-11-06T22:59:48.076,12,1501,702,1367.045045045045,720.009009009009,1452,751,1512,737,-133,18,-49,49,11,35,55.19,111,1517.1840025182526,733.7638313792903,1471.5633683224878,758.0124119370299,1523.4428571825397,739.0520387280242,subject_002,135.16010640152135,False
2025-11-06T23:00:07.311,5,1545,869,1348.3727272727272,853.5454545454545,1429,918,1476,918,-196,-15,-116,49,-69,49,31.93,110,1491.7824862840678,912.3176847222626,1469.820180170969,936.2715998415316,1504.1910670428556,931.4800684660464,subject_002,197.2336871717708,False
2025-11-06T23:00:13.719,14,956,315,774.8018018018018,393.0720720720721,845,374,865,364,-181,78,-111,59,-91,49,48.52,111,876.3852028713973,361.3581712596935,886.1220331715421,351.25946704867494,875.533522962923,352.8357824698728,subject_002,197.30188916454983,False
2025-11-06T23:00:26.532,9,122,903,37.46428571428572,742.6964285714286,91,812,115,873,-84,-160,-31,-91,-7,-30,102.09,112,112.71202054915383,885.6447505199077,163.0,1060.0,94.07418785848192,884.5131831873125,subject_002,181.2278179600224,False
2025-11-06T23:09:59.747,0,436,543,377.4907407407408,615.8796296296297,386,619,409,622,-58,72,-50,76,-27,79,41.74,108,403.1892780938754,630.320245047738,397.0830272942427,621.4177478266058,402.0022549875177,638.3353620140349,subject_002,93.46001195173903,False
2025-11-06T23:10:25.357,17,205,855,178.03571428571428,795.625,192,814,222,836,-26,-59,-13,-41,17,-19,47.26,112,214.76607866774248,858.9581410818697,218.92057358882676,859.0774078072815,214.02156143230695,856.5214718528779,subject_002,65.21091418682637,False
2025-11-06T23:10:31.763,10,210,653,144.5090909090909,618.4090909090909,161,628,187,630,-65,-34,-49,-25,-23,-23,46.37,110,175.73145022931757,654.7232711845102,182.11141598538168,644.8193276624243,175.8459614677932,656.6570955814586,subject_002,74.06477006842901,False
2025-11-06T23:10:38.175,9,1083,471,1029.4351851851852,565.3888888888889,1056,548,1081,529,-53,94,-27,77,-2,58,37.52,108,1083.1776716331635,534.359900887354,1081.197956432562,529.1972153139433,1082.4587567185793,534.4664409708266,subject_002,108.52857564634496,False
2025-11-06T23:10:44.579,5,533,795,497.1261261261261,778.1711711711712,509,800,531,811,-35,-16,-24,5,-2,16,33.56,111,528.1956476592967,815.3144559918466,515.9070244458841,805.5781084441687,523.4226737818768,819.213002267473,subject_002,39.62504645383563,False
2025-11-06T23:10:57.389,2,787,497,767.4159292035398,543.1769911504425,777,529,798,521,-19,46,-10,32,11,24,27.49,113,793.8026563292781,525.4696908353804,780.996838669039,519.367860858996,786.9878522529252,528.3434000036831,subject_002,50.15825296667351,False
2025-11-06T23:11:10.203,19,728,708,722.8440366972477,672.816513761468,745,682,758,676,-5,-35,17,-26,30,-32,41.65,109,755.9385374529639,682.6494843039545,757.7431284951556,686.0535217867659,750.7203654090868,683.2971286532603,subject_002,35.55926969829812,False
2025-11-06T23:11:16.610,18,1430,853,1316.2363636363636,863.6363636363636,1380,868,1425,885,-113,10,-50,15,-5,32,28.59,110,1435.47764495323,864.331175322576,1456.217078847284,818.9115544073186,1442.523678611954,865.1586638895526,subject_002,114.2597794067652,False
2025-11-06T23:11:35.831,11,1511,915,1435.073394495413,919.577981651376,1497,919,1572,953,-75,4,-14,4,61,38,30.65,109,1570.646366946092,922.9390326444068,1574.765472995729,905.911886399172,1571.8036807901697,920.61367842721,subject_002,76.06449460457573,False
2025-11-06T23:11:42.233,1,1567,970,1494.5545454545454,977.2,1555,991,1647,1032,-72,7,-12,21,80,62,29.86,110,1637.1993190903268,991.5843434490253,1619.3942988409574,1016.0489469785268,1632.4579613114004,983.1154864903618,subject_002,72.80236180439154,False
2025-11-06T23:11:48.638,16,1165,629,1126.7857142857142,676.4285714285714,1178,672,1196,656,-38,47,13,43,31,27,52.23,112,1206.7287902534022,658.2290013876051,1218.9952131284726,656.7590774859686,1214.6119617631969,658.2405570260727,subject_002,60.90813591309596,False
2025-11-06T23:11:55.050,12,674,222,654.8738738738739,299.85585585585585,663,263,666,260,-19,77,-11,41,-8,38,38.82,111,669.3845603668719,250.81535028413833,673.7652254618869,250.05966845461137,665.2711463755719,256.61526137102635,subject_002,80.17071155752758,False
2025-11-06T23:23:37.936,0,1312,389,1269.3853211009175,449.0,1307,410,1350,388,-42,60,-5,21,38,-1,34.48,109,1355.458528561774,382.4603084925664,1353.109748458589,363.4055317709081,1355.1601557323618,352.5758721277334,subject_002,73.59355173975439,False
2025-11-06T23:23:44.346,14,1431,653,1409.048076923077,640.3557692307693,1484,623,1525,605,-21,-12,53,-30,94,-48,39.03,104,1526.0912003844696,616.7640740384367,1537.9376373947462,603.6712115851465,1523.753939358191,599.0063779177646,subject_002,25.333051504323542,False
2025-11-06T23:24:09.972,8,1699,486,1531.8363636363636,559.6272727272727,1597,538,1674,482,-167,73,-102,52,-25,-4,50.79,110,1663.8508287695963,507.418351850609,1667.0454917472066,514.0614154639358,1664.2038192106963,505.7727042287243,subject_002,182.6599480224668,False
2025-11-06T23:24:16.376,11,1680,660,1557.446428571429,707.5,1641,703,1710,668,-122,47,-39,43,30,8,39.18,112,1700.083825209492,695.1369704910808,1704.6189289025876,707.5892906612073,1700.3372631487923,699.9101839179687,subject_002,131.43678278890533,False
2025-11-06T23:24:22.780,12,1492,534,1349.1801801801803,591.009009009009,1409,566,1452,551,-142,57,-83,32,-40,17,39.83,111,1454.076522962368,557.047879653021,1463.28359385495,531.6198815324758,1452.09741916976,532.347215532025,subject_002,153.77752775212326,False
2025-11-06T23:24:29.189,20,1488,249,1394.201834862385,348.9633027522936,1435,299,1493,254,-93,99,-53,50,5,5,38.29,109,1493.9723851927552,249.5152701377144,1492.2158356427328,236.60584367379025,1495.1644530994463,227.42830995660216,subject_002,137.07938459276065,False
2025-11-06T23:24:42.002,4,756,973,720.1181818181818,777.4363636363636,722,844,735,872,-35,-195,-34,-129,-21,-101,35.37,110,740.8701228646663,866.6685608676843,729.8033164917333,868.2805155230071,744.2737202117793,875.7087661342265,subject_002,198.82816888912313,False
2025-11-06T23:24:48.406,16,1410,616,1310.8,601.0,1368,578,1406,570,-99,-15,-42,-38,-4,-46,27.58,110,1409.6155739432402,573.6517800801211,1417.0194507522642,550.5724291048366,1407.5292604284807,548.4743480042088,subject_002,100.32766318418868,False
2025-11-06T23:25:01.221,9,1189,411,1174.3423423423424,467.3153153153153,1209,437,1239,422,-14,56,20,26,50,11,39.98,111,1246.895866667451,417.01589179604866,1241.529978038233,405.1997621050076,1246.1991955520466,392.4260407432335,subject_002,58.19159447095837,False
2025-11-06T23:25:07.623,19,794,184,819.3243243243244,240.93693693693692,835,225,824,198,25,56,41,41,30,14,31.2,111,843.360388264316,188.98330410284353,844.3665586674931,202.2481452183273,841.0793910700913,202.84351461792713,subject_002,62.31481517459792,False
2025-11-06T23:25:20.437,17,1573,435,1449.688679245283,464.9245283018868,1501,427,1568,380,-123,29,-72,-8,-5,-55,26.43,106,1564.160505298937,389.96057300154894,1564.931196209485,375.0126531623012,1564.591373510296,372.79646641332135,subject_002,126.89034329042973,False
2025-11-06T23:34:59.734,15,1219,172,1218.6944444444443,297.01851851851853,1228,256,1249,198,0,125,9,84,30,26,51.66,108,1249.5572252324746,203.94916593333903,1234.0816719718202,207.5669521702207,1235.5699745956183,200.62160042062143,subject_002,125.01889191943228,False
2025-11-06T23:35:06.138,18,427,181,439.8165137614679,256.9449541284404,443,248,428,228,12,75,16,67,1,47,33.75,109,436.72347738875374,225.8073689299622,443.8641487096664,231.8002961203388,440.4362118937129,224.66809252241745,subject_002,77.01882291082362,False
2025-11-06T23:35:12.564,17,1478,641,1410.6605504587155,631.7981651376147,1453,630,1455,635,-67,-9,-25,-11,-23,-6,39.95,109,1469.302071493771,644.1521591170159,1482.0761080848065,629.7177612891428,1500.5106047824509,651.0800327127004,subject_002,67.96525016034155,False
2025-11-06T23:35:25.376,2,1534,868,1477.4414414414414,812.6846846846847,1500,844,1545,933,-56,-55,-34,-24,11,65,24.08,111,1531.0816248314998,902.7068757122796,1517.1442628554255,914.6063529635592,1504.317460765326,906.5966555641188,subject_002,79.11165941032115,False
2025-11-06T23:35:44.593,12,1403,318,1314.1926605504586,402.091743119266,1354,372,1349,321,-88,84,-49,54,-54,3,43.02,109,1363.9759041016068,334.4053113471191,1398.398186290618,329.79065032365133,1405.9190849673382,333.3447261791221,subject_002,122.303576402911,False
2025-11-06T23:35:50.997,1,211,134,199.75,163.08,196,160,196,150,-11,29,-15,26,-15,16,33.89,100,189.44969787664655,146.32710949584327,193.06883685082687,159.55329112386264,196.0145008274818,146.28199868680213,subject_002,31.180264591564978,False
2025-11-06T23:35:57.404,19,1335,441,1274.4563106796118,515.8543689320388,1318,502,1301,476,-60,74,-17,61,-34,35,49.76,103,1321.64963514973,490.7160522003499,1355.0504615479697,487.9708319224685,1365.2368234906946,492.0409125984488,subject_002,96.27416509499042,False
2025-11-06T23:36:03.811,0,1022,187,969.2685185185184,324.52777777777777,949,269,975,256,-52,137,-73,82,-47,69,38.5,108,970.9330375174652,252.53360930539444,958.5218247825547,240.6346415137639,931.0971233854144,252.7826780349166,subject_002,147.2905251525897,False
2025-11-06T23:36:16.625,4,1292,841,1227.7798165137615,767.2660550458716,1265,835,1257,855,-64,-73,-27,-6,-35,14,51.42,109,1271.929720050285,857.1873657591494,1285.8524241728626,873.1116504138457,1298.78058237421,855.9592051088202,subject_002,97.7799908238111,False
2025-11-06T23:36:29.437,3,1327,948,1233.787037037037,818.9074074074074,1274,903,1269,943,-93,-129,-53,-45,-58,-5,34.57,108,1279.0699862809388,931.2489661830992,1296.083283328874,954.3974185784044,1307.3912182313852,929.2197246370648,subject_002,159.22799353948983,False
2025-11-06T23:36:48.655,8,315,837,287.25,750.8425925925926,288,765,269,856,-27,-86,-27,-72,-46,19,27.66,108,284.4663951743522,859.9137945364243,289.6006342150258,859.2498316678344,299.83063579293076,857.4022608640199,subject_002,90.51608338392674,False
2025-11-06T23:36:55.065,14,1186,251,1118.8636363636365,348.95454545454544,1112,304,1136,272,-67,97,-74,53,-50,21,38.86,110,1136.414397245091,274.97232373522354,1106.091944386107,266.6243084005109,1103.563584132503,273.4394701467156,subject_002,118.75346014967582,False
2025-11-07T00:11:39.725,10,1365,129,1415.7735849056603,273.41509433962267,1437,208,1469,150,50,144,72,79,104,21,59.81,106,1467.0259550057026,144.58746816687582,1455.2629130904752,132.0,1458.5948106734395,138.2751186510755,subject_002,153.0806205804458,False
2025-11-07T00:11:46.132,12,1212,622,1225.5272727272727,680.9545454545455,1226,676,1247,655,13,58,14,54,35,33,33.04,110,1232.5217274067206,654.6718939087524,1230.290516954902,667.3415349963471,1233.9592449426973,652.1650641107658,subject_002,60.4865731976121,False
2025-11-07T00:11:52.535,8,1498,792,1504.747663551402,821.2056074766355,1491,817,1523,850,6,29,-7,25,25,58,47.77,107,1515.9817126329092,835.689846167107,1475.7447012207683,814.2992849155088,1520.447072110546,840.4218326086402,subject_002,29.974964078080625,False
2025-11-07T00:11:58.938,1,1412,398,1368.5794392523364,480.25233644859816,1395,434,1422,398,-43,82,-17,36,10,0,38.49,107,1406.6031688507292,389.4050704126964,1418.362938996278,399.9921361316467,1413.2458641895669,387.3880090683237,subject_002,93.0096336241302,False
2025-11-07T00:12:05.344,20,319,217,299.8288288288288,273.0,323,263,319,237,-19,56,4,46,0,20,34.92,111,334.84108211971466,235.8748205451324,336.3233991145303,250.46700615825975,333.2633512402161,237.63858496988615,subject_002,59.19065639164973,False
2025-11-07T00:12:18.140,11,861,289,868.9722222222222,385.9351851851852,876,356,879,314,7,96,15,67,18,25,48.77,108,886.8956548406612,301.9009511437405,885.3195224021467,295.1959563142745,881.7594954482689,297.57657768169645,subject_002,97.26246169024638,False
2025-11-07T00:12:24.542,3,1125,611,1086.2342342342342,687.5765765765766,1087,687,1098,665,-38,76,-38,76,-27,54,41.45,111,1085.5374212870672,668.8839226332935,1091.1374931185724,671.7688902982425,1083.8276694344263,665.7348437861249,subject_002,85.82981227752113,False
2025-11-07T00:12:37.351,17,350,556,293.8796296296296,608.1111111111111,313,601,337,599,-56,52,-37,45,-13,43,36.85,108,327.8921080422207,610.0207407853624,327.1937474679903,604.8216863125248,329.65799583823855,614.4998687643914,subject_002,76.58370500140425,False
2025-11-07T00:12:56.569,6,246,881,240.56880733944956,844.2201834862385,258,852,279,878,-5,-36,12,-29,33,-3,36.4,109,273.56379904367714,885.2626340513856,281.78130614080624,885.7266168672855,276.8063963825756,883.0142015238589,subject_002,37.178659961084925,False
2025-11-07T00:13:15.785,18,436,428,411.2376237623762,445.6039603960396,440,440,438,411,-24,17,4,12,2,-17,51.75,101,446.3243289617956,420.1247445083646,457.5566887065775,439.5318663986353,452.8048178588069,421.54707805759347,subject_002,30.382144403563213,False
2025-11-07T00:13:35.004,4,1624,223,1542.834862385321,335.6788990825688,1591,281,1627,215,-81,112,-33,58,3,-8,46.1,109,1611.5129587041963,227.9258376439066,1629.8109519744478,241.87164295566896,1625.4848199882397,220.95560202347897,subject_002,138.86797277439285,False
2025-11-07T00:13:47.811,5,1049,585,1014.0566037735848,622.6037735849056,1019,614,1029,585,-34,37,-30,29,-20,0,34.04,106,1016.7495428350228,587.2315613912627,1017.9402789275716,589.3269476838785,1013.9930964519828,584.0104961578826,subject_002,51.33307635103408,False
2025-11-07T14:09:45.939,4,753,949,824.8407079646017,1055.0884955752213,752,995,753,991,71,106,-1,46,0,42,26.07,113,773.5047255797665,1005.8247747853542,751.7792282678555,993.6016178722368,744.6298232055059,999.3908407273584,subject_002,128.12437790783193,False
2025-11-07T14:09:52.341,0,528,474,635.2300884955753,513.3008849557522,603,519,529,490,107,39,75,45,1,16,51.57,113,515.5695383997283,503.33259465731896,517.1872428082021,505.12227786115994,518.3236254362808,516.5355360278661,subject_002,114.20530389204424,False
2025-11-07T14:10:24.365,19,246,911,363.1181818181818,1026.9363636363637,330,990,272,910,117,115,84,79,26,-1,51.71,110,269.5473609018557,919.1447403071512,277.78530139100764,907.8001797213684,270.87680226221005,895.8034761961104,subject_002,164.7965683065635,False
2025-11-07T14:10:30.770,16,559,433,656.3008849557522,465.0353982300885,621,471,545,445,97,32,62,38,-14,12,36.21,113,533.3797465226583,458.40888414751015,538.2589423133062,462.1468763216531,534.2836615270697,470.0559671648628,subject_002,102.4389035129373,False
2025-11-07T14:10:56.396,5,1511,938,1406.8761061946902,842.6991150442478,1467,851,1543,854,-104,-95,-44,-87,32,-84,14.58,113,1533.784539837194,840.4518327641795,1549.1759847495478,870.5849237686447,1557.0750850707527,859.9853986404758,subject_002,141.15255553665662,False
2025-11-07T14:11:09.207,12,979,387,1048.8532110091744,430.8348623853211,1027,421,988,406,69,43,48,34,9,19,34.44,109,990.7626501649056,415.980830161377,986.1575907029392,416.44953503725503,984.02444055141,420.6307908407846,subject_002,82.4679710471422,False
2025-11-07T14:11:15.611,20,767,350,876.2456140350877,354.3421052631579,838,359,767,334,109,4,71,9,0,-16,44.71,114,765.966352820087,352.3818912162775,766.1547209316129,341.8733953799749,752.5478362435124,369.97111954622096,subject_002,109.33187121795588,False
2025-11-07T14:11:22.016,3,898,111,1046.391304347826,93.91304347826087,992,79,883,40,148,-17,94,-32,-15,-71,31.47,115,939.7280207768554,57.95182802013734,689.0,132.0,879.6288678664681,93.79661730348911,subject_002,149.37182896793135,False
2025-11-07T14:11:28.423,17,239,283,344.6607142857143,291.8482142857143,289,278,208,285,105,8,50,-5,-31,2,44.9,112,197.85038982685643,252.191183374618,213.07122861544875,253.300907234499,210.41066895323087,249.69289587214487,subject_002,106.03054955725383,False
2025-11-07T14:11:34.831,13,1367,180,1386.4424778761063,266.17699115044246,1395,221,1382,175,19,86,28,41,15,-5,26.62,113,1413.5547256985876,184.2189045005127,1393.440527253728,169.89242251120396,1395.0499609650826,160.12610133812723,subject_002,88.34298925045677,False
2025-11-07T14:11:41.233,6,586,925,662.4434782608696,898.0521739130435,611,871,579,837,76,-26,25,-54,-7,-88,62.51,115,576.1717910982754,852.7731015157656,572.3727546396859,861.8655406205385,566.4083082089073,871.6309536118978,subject_002,81.054245412766,False
2025-11-07T14:11:47.636,8,993,647,1019.5350877192982,635.719298245614,1010,631,983,619,26,-11,17,-16,-10,-28,29.03,114,983.9635410747222,626.7896635724002,996.2843978395738,625.7478770715259,985.4921197768408,631.233949816303,subject_002,28.83340271876104,False
2025-11-07T15:36:00.818,10,1174,590,1080.5339805825242,691.2135922330098,1100,666,1158,623,-93,101,-74,76,-16,33,26.62,103,1143.750767392404,627.5627271003967,1138.3407955511836,610.253676546929,1144.054029025957,629.1475718831067,subject_002,137.76824031124855,False
2025-11-07T15:36:07.229,3,309,761,309.1509433962264,744.377358490566,311,746,312,766,0,-16,2,-15,3,5,37.58,106,302.61024117361967,768.5221176247774,311.11349632018596,761.1496035399207,300.0982029591078,769.8890166432267,subject_002,16.623326822872155,False
2025-11-07T15:36:32.845,1,1411,556,1319.1214953271028,647.4672897196261,1351,616,1404,557,-91,91,-60,60,-7,1,23.69,107,1395.770284925766,559.8583240193025,1393.7266219489509,569.4913719602705,1397.1697957817714,558.4280584464199,subject_002,129.6453805948427,False
2025-11-07T15:36:45.659,19,157,529,166.6320754716981,537.1132075471698,164,527,151,532,9,8,7,-2,-6,3,21.25,106,149.4047242889595,526.5374950210539,163.0,596.0,150.49188681349617,525.1916215693782,subject_002,12.593689475127691,False
2025-11-07T15:36:52.062,2,549,739,497.1320754716981,724.3679245283018,507,722,528,717,-51,-14,-42,-17,-21,-22,39.16,106,520.1143833456402,727.9591848023646,526.557086277467,720.6905974656444,522.722383352979,730.1926265396588,subject_002,53.892292839357765,False
2025-11-07T15:37:11.280,11,1222,206,1140.811320754717,350.7830188679245,1154,322,1241,221,-81,144,-68,116,19,15,42.73,106,1217.070954152047,215.4570727959634,1209.2937771897975,193.2057314425009,1211.441604574224,213.79979854981195,subject_002,165.99314500937453,False
2025-11-07T15:37:17.688,0,1552,322,1444.8285714285714,486.8285714285714,1473,456,1542,364,-107,164,-79,134,-10,42,39.9,105,1538.8477376525486,366.1963602445535,1540.8816508329787,374.4033587086281,1547.6283570578255,364.1629517518751,subject_002,196.60664551643336,False
2025-11-07T15:37:24.092,7,1604,717,1467.8425925925926,754.7777777777778,1511,734,1538,679,-136,37,-93,17,-66,-38,30.78,108,1540.3161418639054,680.001213448972,1548.6870102635755,693.498429109999,1539.480673891598,678.83851852262,subject_002,141.30109725594448,False
2025-11-07T15:37:36.905,14,1566,142,1475.4953271028037,311.05607476635515,1499,283,1582,162,-90,169,-67,141,16,20,39.67,107,1578.2413940503736,165.03807286123225,1587.75493913,169.06170358646287,1585.8441463409235,164.87494080497663,subject_002,191.75779575192232,False
2025-11-07T15:38:02.529,18,927,778,879.0093457943925,804.373831775701,895,803,937,777,-47,26,-32,25,10,-1,22.42,107,930.8473136062668,791.1360969558347,929.4122329028866,791.3718043426439,937.4654527917525,792.2461503101388,subject_002,54.760221818535086,False
2025-11-07T15:38:08.936,4,947,918,889.4761904761905,895.9904761904762,909,902,937,890,-57,-22,-38,-16,-10,-28,21.9,105,936.9815923709812,904.8182212659104,939.5468258642524,912.2190093551578,947.0732049308864,906.3854499855312,subject_002,61.59064702090337,False
2025-11-07T18:16:36.417,1,123,503,209.77,482.62,146,509,104,504,86,-20,23,6,-19,1,29.75,100,110.31234645529788,521.3519750412597,163.0,596.0,107.13346366026288,522.6013262618876,subject_002,89.13123638769969,False
2025-11-07T18:16:55.650,3,184,855,292.39130434782606,784.8586956521739,232,823,189,879,108,-70,48,-32,5,24,26.53,92,197.5877092998804,871.0972073855099,199.23203213747172,867.8221429385399,195.60326884508763,871.2880134557863,subject_002,129.10645775420156,False
2025-11-07T18:17:02.058,14,201,239,296.45871559633025,252.89908256880733,224,258,210,247,95,13,23,19,9,8,27.66,109,205.43324319876572,257.6010736162988,206.8671610892777,261.15817522742043,204.2541578505481,259.02331448252437,subject_002,96.46528328655646,False
2025-11-07T18:17:14.868,18,742,133,794.6846846846847,177.81981981981983,759,154,748,169,52,44,17,21,6,36,20.4,111,744.57480253603,161.3567508315965,755.6541579675356,154.35849107083317,744.2599774436411,166.88080299115413,subject_002,69.17002420850933,False
2025-11-07T18:17:21.273,7,1470,254,1460.75,261.1851851851852,1454,259,1452,248,-9,7,-16,5,-18,-6,24.34,108,1450.1489130310065,255.45423979295833,1449.0500424514355,256.8762901405606,1449.3298969901523,256.2889961616135,subject_002,11.71278729190474,False
2025-11-07T18:17:27.684,11,166,760,281.7383177570093,709.7196261682243,220,746,178,782,115,-50,54,-14,12,22,25.88,107,186.1326839146348,782.9593793345055,189.86689806877976,780.8258905939558,184.25566762745473,784.2431680236182,subject_002,126.18824901664011,False
2025-11-07T18:17:34.089,2,865,119,923.9619047619047,133.45714285714286,891,110,886,122,58,14,26,-9,21,3,24.19,105,879.8050598137436,111.776556945861,689.0,132.0,880.5941858542775,115.46318141377893,subject_002,60.70844416342559,False
2025-11-07T18:17:40.499,10,874,870,900.8888888888888,796.8611111111111,894,836,870,893,26,-73,20,-34,-4,23,32.33,108,874.2072789229142,895.2795787159157,887.6669379635258,881.9242799706851,871.7381426552723,890.3448102535863,subject_002,77.9250243091412,False
2025-11-07T18:17:46.900,20,1765,582,1688.6355140186915,444.5140186915888,1690,447,1699,443,-76,-137,-75,-135,-66,-139,59.54,107,1702.5827486904511,457.4037583442434,1694.8787962854576,453.28865703092106,1703.9099937168771,461.6626949826979,subject_002,157.27024440601045,False
2025-11-07T18:18:12.511,13,276,828,374.1764705882353,752.6078431372549,309,793,281,838,98,-75,33,-35,5,10,27.89,102,285.5159750650572,833.5366623046258,279.9618585685272,827.536645261247,285.8936473000066,834.622971163471,subject_002,123.784476787598,False
2025-11-07T18:18:31.729,6,1180,483,1179.9433962264152,470.8962264150944,1168,494,1160,487,0,-12,-12,11,-20,4,36.85,106,1161.457967129764,502.9389838897524,1161.9133115868774,510.02489064862846,1161.0146169944308,503.36575076667214,subject_002,12.10390593906951,False
2025-11-07T18:18:38.132,9,1283,440,1289.7522935779816,467.0825688073394,1282,487,1277,481,6,27,-1,47,-6,41,32.65,109,1278.2856027455618,495.86534354106016,1280.2375548293694,503.69447042594584,1277.531995563697,497.0120918820474,subject_002,27.911628432743296,False
2025-11-12T12:47:26.311,5,1768,652,1743.2666666666669,725.0761904761905,1779,705,1815,685,-24,73,11,53,47,33,18.72,105,1833.6600272613807,692.5609724096812,1741.0,596.0,1838.7955098662776,695.4580429113105,subject_002,77.14834665947316,False
2025-11-12T12:47:39.128,15,101,438,69.28571428571429,488.4380952380952,60,476,57,479,-31,50,-41,38,-44,41,35.74,105,45.59722313871123,474.20230897465336,163.0,596.0,48.68613957255559,471.2428940640214,subject_002,59.58017597837812,False
2025-11-12T12:47:51.939,18,1260,290,1154.673076923077,417.7980769230769,1186,389,1228,344,-105,127,-74,99,-32,54,42.22,104,1231.8553915532132,340.41707654978194,1232.66044986611,321.2385026271464,1233.8013534382549,337.132246630997,subject_002,165.60830048668683,False
2025-11-12T12:48:04.753,11,597,905,519.1730769230769,797.2788461538462,537,829,539,848,-77,-107,-60,-76,-58,-57,37.97,104,545.1395454623948,865.9112891201011,551.2745966199744,873.4260363465128,548.3036756594574,869.3347537826113,subject_002,132.89423216064736,False
2025-11-12T12:48:11.163,2,1598,678,1519.950495049505,746.6138613861386,1557,733,1588,725,-78,68,-41,55,-10,47,24.02,101,1592.4433181656354,725.1646741105625,1581.996968694625,713.0806937840023,1587.7608594131548,723.9391541705421,subject_002,103.9210623373991,False
2025-11-12T12:48:17.582,14,230,334,219.76288659793812,378.8556701030928,219,368,224,339,-10,44,-11,34,-6,5,31.21,97,216.80727229605628,343.75968791785704,217.75531480809536,339.33880901782163,218.92397925634745,343.1878804702332,subject_002,46.009016846746114,False
2025-11-12T12:48:36.802,17,1381,327,1273.3592233009708,439.4563106796117,1303,414,1351,364,-107,112,-78,87,-30,37,40.91,103,1353.7998913268384,363.7169985095298,1357.0153272454083,368.2877127325698,1354.165040689012,357.079083055403,subject_002,155.66938883428435,False
2025-11-12T12:48:56.016,0,1204,670,1126.0283018867924,733.7264150943396,1169,725,1184,732,-77,63,-35,55,-20,62,26.58,106,1190.2566621622086,731.6720009516421,1193.435183816164,710.9524377723146,1189.052292331879,734.251838604288,subject_002,100.70075316219464,False
2025-11-12T12:49:15.236,16,589,816,522.0612244897959,749.5714285714286,540,778,545,786,-66,-66,-49,-38,-44,-30,36.51,98,550.4562994605932,806.8838326742696,553.9062170360486,810.5258150335101,554.1070725826258,810.1454052108717,subject_002,94.30564547706736,False
2025-11-12T12:49:21.645,8,1469,354,1403.9245283018868,441.7641509433962,1431,424,1486,360,-65,87,-38,70,17,6,41.77,106,1488.3841701140805,365.0335727057493,1492.1157887081752,387.5173125226803,1487.6726217853277,356.9237682413926,subject_002,109.2582409136591,False
2025-11-12T12:49:28.051,4,1726,287,1641.4803921568628,375.4019607843137,1673,348,1732,270,-84,88,-53,61,6,-17,33.8,102,1737.962003980016,283.51986950060035,1737.187626889239,278.67346592400867,1741.2577444127587,284.07478241244945,subject_002,122.3048272983084,False
2025-11-12T12:49:34.456,10,528,269,473.79047619047617,319.0190476190476,485,303,503,257,-54,50,-43,34,-25,-12,34.85,105,499.4914283380592,268.46224243010323,499.3977285825083,272.9403177664766,499.4222726742647,267.83780144213915,subject_002,73.76027112458226,False
2025-11-12T15:59:16.187,13,191,220,199.84615384615384,266.04273504273505,202,254,215,223,8,46,11,34,24,3,39.27,117,211.94272513193323,239.21387722472048,209.15265097564543,235.54774052113927,215.16255613453285,228.1586741693878,subject_002,46.884836440850734,False
2025-11-12T15:59:29.001,15,517,438,502.859649122807,434.5,518,433,540,409,-14,-3,1,-5,23,-29,28.32,114,548.0006478776819,423.95282407257537,547.9392989005005,429.60447641973275,545.1133072382939,426.8029912100523,subject_002,14.5670698127706,False
2025-11-12T15:59:41.813,11,1320,148,1265.482142857143,260.8392857142857,1288,208,1311,160,-54,112,-32,60,-9,12,32.33,112,1307.8270023320383,160.94473610474228,1307.0547897176043,162.81791011686664,1308.995502269917,157.6511989384146,subject_002,125.31919704482304,False
2025-11-12T15:59:54.629,8,1113,879,1056.6842105263158,799.0877192982456,1107,848,1115,846,-56,-79,-6,-31,2,-33,32.82,114,1118.005014597519,845.4151969213684,1128.7821332605351,857.0799227811236,1113.4338278042687,862.4097942872695,subject_002,97.7621642098839,False
2025-11-12T16:00:07.444,6,1299,899,1217.6695652173912,831.7565217391304,1270,902,1276,880,-81,-67,-29,3,-23,-19,27.44,115,1276.0833706677847,875.7433145906115,1280.1986958470386,897.4945839136481,1273.0614106196674,911.2463152850008,subject_002,105.52878749681632,False
2025-11-12T16:00:13.849,16,879,931,807.3504273504274,802.1880341880342,836,832,860,864,-71,-128,-43,-99,-19,-67,43.36,117,864.1233806242308,863.3434876468503,862.2378016257687,865.5104183715714,864.2376137194599,867.4532521120443,subject_002,147.39804543212043,False
2025-11-12T16:00:20.254,5,1648,969,1581.1610169491526,934.0,1605,967,1633,992,-66,-35,-43,-2,-15,23,22.98,118,1632.4528300672152,961.3929280618854,1627.1986496543009,981.2188718555092,1638.4160487541162,984.4468855617228,subject_002,75.44832440333894,False
2025-11-12T16:00:26.658,2,1203,282,1139.6666666666667,332.1929824561403,1162,284,1189,253,-63,50,-41,2,-14,-29,31.07,114,1187.123709764236,248.36443400365636,1187.431347354233,252.4810605510085,1187.0172864305555,230.6374666182841,subject_002,80.81117867568516,False
2025-11-12T16:00:45.879,0,533,291,494.2413793103448,329.4655172413793,508,318,531,288,-38,38,-25,27,-2,-3,31.24,116,533.2159307216002,296.23759992990745,528.8165014637884,297.8515746129694,532.4770105588609,295.8700888358025,subject_002,54.60610491887711,False
2025-11-12T16:00:52.283,10,593,574,546.7264957264957,550.008547008547,567,556,586,547,-46,-23,-26,-18,-7,-27,31.35,117,599.1548461933183,564.6921174202118,612.6612595884155,572.2044182523239,593.8960782327838,574.7513375926521,subject_002,52.12319075412707,False
2025-11-12T16:00:58.689,19,760,977,722.008547008547,837.4615384615385,742,873,772,916,-37,-139,-18,-104,12,-61,41.39,117,774.809103318183,912.0969796770852,762.420248442524,909.8800793686472,777.7975706062867,919.4600112400568,subject_002,144.61788530096302,False
2025-11-12T16:01:05.096,12,840,366,799.2017543859649,388.2894736842105,819,364,848,342,-40,22,-21,-2,8,-24,29.87,114,851.8366573243514,339.28242457498936,848.292328197058,321.48556126304186,849.4079417892765,318.24675665466725,subject_002,46.489971846649304,False
2025-11-12T16:07:20.240,20,926,915,823.8888888888889,798.9401709401709,840,835,890,874,-102,-116,-86,-80,-36,-41,44.82,117,874.9262313256332,880.0349570674092,879.2990145292567,908.058551504306,883.0908235424786,888.3438457964577,subject_002,154.58513167100654,False
2025-11-12T16:07:52.269,7,722,403,662.3421052631579,381.219298245614,679,363,724,371,-59,-21,-43,-40,2,-32,33.0,114,707.1027364165145,370.3000909686992,693.8605380226566,362.95956215323054,708.0906718726732,367.1916819393385,subject_002,63.50955340219015,False
2025-11-12T16:07:58.673,13,1390,908,1284.9298245614036,850.6666666666666,1309,880,1325,874,-105,-57,-81,-28,-65,-34,30.37,114,1315.6540198745852,873.5179829624217,1321.4310688960677,874.3229535891485,1320.4908255469113,873.4368829485554,subject_002,119.69483229366476,False
2025-11-12T16:08:24.301,2,1225,712,1142.5344827586207,741.3275862068965,1166,767,1200,764,-82,29,-59,55,-25,52,32.45,116,1192.3950726965995,776.4574900206908,1202.1628427867868,783.8695686126847,1199.468443003305,778.2618450671988,subject_002,87.52524690974127,False
2025-11-12T16:08:30.705,10,1526,596,1435.5478260869563,648.6869565217391,1446,636,1466,614,-90,52,-80,40,-60,18,41.51,115,1463.5494958278014,624.5791136908553,1462.544037299831,626.1105993689853,1466.2421272475628,621.5220796786609,subject_002,104.67813120761726,False
2025-11-12T16:08:37.115,12,610,492,573.9137931034483,490.2327586206897,586,484,634,504,-36,-1,-24,-8,24,12,26.22,116,616.9055822358113,509.6501876691085,604.9012498394445,487.5742846635639,618.0630996232237,507.5898269912253,subject_002,36.129454331244546,False
2025-11-12T16:08:43.519,18,342,315,354.74311926605503,323.2844036697248,370,308,377,290,12,8,28,-7,35,-25,29.38,109,377.0682574148958,309.16110616729566,383.4441583956957,286.07713718389755,377.1142631207782,304.4939801857234,subject_002,15.199290535806346,False
2025-11-12T16:08:49.929,14,513,170,474.9322033898305,223.83898305084745,493,201,507,178,-38,53,-20,31,-6,8,25.38,118,500.7032677026998,188.73184292803347,500.32449729748856,178.34667882959064,499.7629077840059,183.1737718483384,subject_002,65.93779822455913,False
2025-11-12T16:08:56.340,8,485,634,485.6293103448276,612.198275862069,496,623,540,657,0,-21,11,-11,55,23,29.14,116,523.9691459128592,667.6388894911606,522.9214460795139,702.0129955533671,523.1495834924814,666.0289299693883,subject_002,21.81080482000956,False
2025-11-12T16:09:02.734,1,1401,765,1327.923076923077,760.1025641025641,1344,768,1368,760,-73,-4,-57,3,-33,-5,30.98,117,1361.1247478765122,765.4919147303714,1363.6794288497258,757.1711229077672,1364.5656106238157,764.4099924656557,subject_002,73.24084628648163,False
2025-11-12T16:09:09.125,9,1288,431,1228.7787610619469,457.3982300884956,1249,452,1282,424,-59,26,-39,21,-6,-7,32.61,113,1279.6595900604366,439.034108537988,1284.7467917827362,447.0254700952392,1283.5456933074588,436.942342575253,subject_002,64.83842759631928,False
2025-11-12T16:09:15.533,0,1197,646,1104.8636363636365,602.1818181818181,1126,610,1168,604,-92,-43,-71,-36,-29,-42,28.68,110,1160.9866789367925,619.1534145763557,1172.5910815976015,631.0380985124618,1166.2977265619486,619.5899007461745,subject_002,102.02520552286798,False
2025-11-12T16:23:34.894,6,948,398,938.6576576576576,426.5495495495496,944,428,934,444,-9,28,-4,30,-14,46,41.52,111,936.3745219427884,446.1619912868507,945.075350012413,431.8372079905271,931.055324397182,434.4672145881065,subject_002,30.039243331410862,False
2025-11-12T16:24:00.522,12,822,255,782.6896551724138,349.7155172413793,781,351,775,362,-39,94,-41,96,-47,107,47.18,116,775.1486143434225,360.6567888749884,775.2129986031373,355.71618333862057,772.0089786908316,349.6094209694226,subject_002,102.54917072685546,False
2025-11-12T16:24:06.923,15,607,482,575.4051724137931,487.9051724137931,569,513,558,534,-31,5,-38,31,-49,52,30.49,116,559.5478523634724,544.6309694967392,563.5067216009585,550.070146839101,560.3972352126874,554.6888162277776,subject_002,32.141938202895616,False
2025-11-12T16:24:19.739,2,1140,201,1124.578947368421,329.6929824561403,1126,315,1128,309,-15,128,-14,114,-12,108,35.15,114,1123.2957887676066,302.787210104393,1121.053972272524,297.94219532198707,1120.1315330152174,289.0637086685554,subject_002,129.61362813270205,False
2025-11-12T16:24:51.769,19,1037,854,1012.2566371681417,770.7433628318585,1012,807,998,865,-24,-83,-25,-47,-39,11,48.74,113,1004.2545068929808,874.6136846719767,1000.0188191893496,882.9598596085668,1002.4711658060236,888.2044350984522,subject_002,86.85563675879969,False
2025-11-12T16:24:58.173,16,997,696,991.2894736842104,698.0877192982456,995,723,979,775,-5,2,-2,27,-18,79,40.89,114,985.713670849607,787.8537880720216,988.0404533621502,796.0020691703614,982.099443317328,798.2698755253823,subject_002,6.080187716805503,False
2025-11-12T16:25:04.579,17,111,892,207.5948275862069,839.7068965517242,193,865,175,960,96,-52,82,-27,64,68,54.67,116,186.9592196434436,937.2245091698852,190.87186912749115,919.1135253246406,186.12334462973007,923.2583836563376,subject_002,109.8413828420833,False
2025-11-12T16:25:10.999,11,816,806,833.1081081081081,717.8198198198198,829,754,818,812,17,-88,13,-52,2,6,45.57,111,822.6671412266984,830.5323200164526,816.9152736135211,846.7381021229229,822.9398597604534,857.8743100382073,subject_002,89.82444845167576,False
2025-11-12T16:25:17.407,1,321,972,406.8333333333333,873.0087719298245,408,917,380,1016,85,-98,87,-55,59,44,45.47,114,391.0926512525164,998.8121062652598,399.8542271291407,1004.2262982110218,391.6211018551935,1020.2117239393692,subject_002,131.02146521067684,False
2025-11-12T16:25:23.813,3,1193,381,1199.8859649122808,372.12280701754383,1204,361,1203,349,6,-8,11,-20,10,-32,32.0,114,1200.3133625557466,346.0175141060516,1200.2782716957156,348.22041538244775,1196.1066511941835,337.8275753907403,subject_002,11.234814997183124,False
2025-11-12T16:25:36.627,7,817,419,871.373831775701,390.0093457943925,873,392,866,405,54,-28,56,-27,49,-14,35.94,107,866.8823761171507,405.5903879343572,872.7973490779921,394.2202896007462,862.6986330893649,393.4848483603264,subject_002,61.61957167362766,False
2025-11-12T16:25:43.035,9,1557,938,1517.4299065420562,886.9906542056075,1495,931,1497,934,-39,-51,-62,-7,-60,-4,17.06,107,1499.934199284227,925.2582877084744,1490.7546522723349,936.3772644905598,1508.561449527189,937.00823903756,subject_002,64.55807970070298,False
2025-11-12T16:38:33.065,11,300,199,227.78666666666663,286.12,258,264,279,243,-72,87,-42,65,-21,44,101.64,75,276.84243048227245,260.4602214097114,274.5845893557012,242.36591311665137,277.4263766057213,266.4463024421142,subject_002,113.15767720800528,False
2025-11-12T16:38:45.877,18,1694,677,1642.9719626168223,820.7757009345794,1679,789,1691,756,-51,143,-15,112,-3,79,31.59,107,1683.5938610854826,743.2739055898123,1671.220022314437,740.778032403657,1680.944803834634,743.3406299463292,subject_002,152.56248811031037,False
2025-11-12T16:38:58.705,12,438,902,392.4695652173913,808.1130434782609,426,819,465,887,-45,-93,-12,-83,27,-15,41.75,115,461.4017602525385,871.004381372439,458.5875007645697,835.3766346983809,460.4682877270051,874.7470366419273,subject_002,104.34453074506736,False
2025-11-12T16:39:05.112,4,1585,115,1490.5726495726497,241.47008547008548,1527,164,1542,103,-94,126,-58,49,-43,-12,31.41,117,1537.3322816573332,117.76566230283746,1540.1271376357647,133.4403046327622,1539.3757671513115,121.96299227093016,subject_002,157.83284521144626,False
2025-11-12T16:39:24.333,2,157,115,106.70434782608696,201.70434782608692,128,145,142,135,-50,86,-29,30,-15,20,34.2,115,142.08324511370662,162.0167924096083,163.0,132.0,144.43213612904225,176.73743710906848,subject_002,100.23620383646973,False
2025-11-12T16:39:30.737,7,1284,561,1181.6814159292037,659.4159292035398,1256,642,1265,632,-102,98,-28,81,-19,71,27.98,113,1263.2534863669096,624.3290798592218,1272.8241896482054,628.2198336071883,1261.1190077152376,623.0021912848831,subject_002,141.9675588550031,False
2025-11-12T16:39:56.360,9,1265,978,1155.7837837837835,976.3153153153152,1203,999,1249,1009,-109,-1,-62,21,-16,31,78.93,111,1241.2232402062848,1001.6147576245596,1247.1298904706807,1014.0140100363358,1243.747965511623,995.8602779866522,subject_002,109.2292087633805,False
2025-11-12T16:40:09.182,13,1679,916,1572.457627118644,1003.4237288135594,1620,987,1635,977,-106,87,-59,71,-44,61,30.4,118,1624.6643185813643,957.5440670528886,1630.324355790626,960.6649648827834,1623.8358242550971,955.0291733697428,subject_002,137.8193947848294,False
2025-11-12T16:40:28.396,8,1518,937,1447.0588235294117,986.6218487394958,1512,983,1521,978,-70,49,-6,46,3,41,19.32,119,1511.9075291328152,962.2003718382972,1516.4571602581643,969.1087891393178,1509.829715961745,957.4166391637732,subject_002,86.57354325287,False
2025-11-12T16:40:34.799,1,1554,465,1491.5042735042734,536.7777777777778,1537,447,1548,449,-62,71,-17,-18,-6,-16,43.95,117,1545.3282293044538,440.90155691131736,1540.765909656957,408.6340484977943,1541.158454098211,442.8263534099012,subject_002,95.17229225433584,False
2025-11-12T16:40:41.205,19,466,156,437.5258620689655,223.3362068965517,484,204,511,161,-28,67,18,48,45,5,26.44,116,500.7178567446294,183.28720914234097,508.48185607845465,176.4495768766381,502.0231593344012,183.58885999607023,subject_002,73.10910538456062,False
2025-11-13T20:00:25.550,6,883,526,813.8859649122807,484.87719298245617,828,507,841,549,-69,-41,-55,-19,-42,23,36.08,114,839.5770446295995,557.7965754237398,848.800068319025,558.4871177005218,826.4986834799647,568.1713264399573,subject_002,80.42285187127258,False
2025-11-13T20:00:31.964,19,1727,588,1659.9827586206898,703.75,1718,733,1746,722,-67,115,-9,145,19,134,27.26,116,1744.2423924635889,733.602851762525,1741.0,742.0329890741062,1763.1745940797805,743.5850573775708,subject_002,133.75116127381,False
2025-11-13T20:00:44.788,2,1718,295,1634.963963963964,381.1351351351352,1669,354,1699,291,-83,86,-49,59,-19,-4,35.96,111,1703.6970799399176,327.8358058514365,1701.605236980104,328.54047788492556,1721.6205895010216,311.08932017227164,subject_002,119.64215304534548,False
2025-11-13T20:00:57.601,17,436,136,417.92105263157896,107.6842105263158,415,131,423,142,-18,-28,-21,-5,-13,6,34.32,114,414.5721480496523,143.82273252164458,427.3669679530605,152.55937584058262,375.21681145692446,164.03404327984882,subject_002,33.59512273333948,False
2025-11-13T20:01:10.412,4,1073,779,1003.6608695652174,696.4347826086956,1020,746,1041,798,-69,-82,-53,-33,-32,19,28.94,115,1041.460598009441,799.740728010269,1041.0076734922177,825.5930081310919,1044.2016942151183,826.3360861718182,subject_002,107.81896926016846,False
2025-11-13T20:01:16.821,12,1389,654,1282.6052631578948,679.061403508772,1322,731,1341,749,-106,25,-67,77,-48,95,25.41,114,1339.4337053467698,737.5196219889465,1333.342647563563,749.226089854691,1348.372051961417,745.6409164610939,subject_002,109.30651386596458,False
2025-11-13T20:01:42.447,20,314,664,274.948717948718,578.957264957265,271,598,263,670,-39,-85,-43,-66,-51,6,36.94,117,254.12587306623365,663.2236835458529,269.0930986287162,649.892635480909,242.66821629948873,649.5228448562239,subject_002,93.58028325132172,False
2025-11-13T20:01:48.852,8,383,433,359.85470085470087,355.0854700854701,347,377,362,419,-23,-77,-36,-56,-21,-14,37.06,117,351.0407575864334,421.0196067008234,330.718257677984,414.0973655031624,321.9449581899739,418.3630249935307,subject_002,81.27963363800036,False
2025-11-13T20:02:01.662,18,1483,131,1459.8785046728972,258.10280373831773,1480,217,1508,173,-23,127,-3,86,25,42,85.02,107,1512.1481731850756,184.12373001547587,1502.988550611514,173.88102745228815,1524.266024465,151.12097541103554,subject_002,129.18872344095112,False
2025-11-13T20:02:08.066,0,126,273,134.19298245614036,238.2280701754386,137,255,126,294,8,-34,11,-18,0,21,27.76,114,120.00142269100554,289.09797260119797,163.0,132.0,70.52249909945778,283.34888566251436,subject_002,35.724110419307095,False
2025-11-13T20:02:14.477,15,562,239,561.1826086956522,211.15652173913043,556,234,573,247,0,-27,-6,-5,11,8,32.66,115,563.0765320774433,255.53664872706065,540.6242659366418,265.815958009946,536.3606845338062,265.8284352678787,subject_002,27.85547361306104,False
2025-11-13T20:02:20.882,9,831,638,790.2155172413793,590.7672413793103,803,629,814,679,-40,-47,-28,-9,-17,41,35.2,116,813.6252649705592,690.4129353048321,817.9642943534806,713.5318620534736,804.9941716396046,712.0292804865759,subject_002,62.404387031750915,False
2025-11-13T20:26:35.622,9,712,299,665.6470588235294,336.47058823529414,670,312,684,290,-46,37,-42,13,-28,-9,28.58,119,674.7244990580353,291.0859270741256,670.6675826322687,286.1986184095787,676.5292841108326,279.5447470509999,subject_002,59.60402787067589,False
2025-11-13T20:26:42.040,2,1596,173,1546.1512605042017,313.327731092437,1545,270,1540,200,-49,140,-51,97,-56,27,43.73,119,1535.4600788550315,197.0121247323112,1537.658497364784,203.39692930749897,1538.5086270828613,197.7942350689847,subject_002,148.91866552877536,False
2025-11-13T20:26:48.438,10,906,384,842.5213675213676,425.4273504273504,856,413,873,392,-63,41,-50,29,-33,8,42.27,117,868.2114027804081,395.94014547991696,875.9314221239804,387.218873225668,871.1784392110137,385.56429952810385,subject_002,75.80080570012287,False
2025-11-13T20:27:26.889,20,1799,889,1846.8125,952.5267857142856,1807,915,1775,912,47,63,8,26,-24,23,22.93,112,1791.2837359410858,889.0452881462396,1741.0,1060.0,1796.4066749545634,884.1836136902625,subject_002,79.50904136913458,False
2025-11-13T20:27:33.299,17,1522,411,1455.803738317757,484.9158878504673,1457,450,1455,409,-66,73,-65,39,-67,-2,40.94,107,1457.1566226635598,400.9669997873603,1459.8429892995534,393.58271803830047,1454.8001995918826,388.4396879730376,subject_002,99.22451076940034,False
2025-11-13T20:27:52.512,14,975,459,920.6460176991152,529.6283185840708,935,524,955,514,-54,70,-40,65,-20,55,31.31,113,952.8463809372053,525.259430121396,956.2480320302616,529.9399416136699,957.3494450529652,520.7499188910232,subject_002,89.12190964054744,False
2025-11-13T20:27:58.919,13,1171,813,1129.3893805309735,766.6548672566372,1145,790,1159,789,-41,-46,-26,-23,-12,-24,63.74,113,1157.887853996569,797.872274305402,1158.644860188889,788.7072922968191,1161.5435967469425,805.8800126583972,subject_002,62.28414711301779,False
2025-11-13T20:28:11.742,18,494,660,445.7226890756302,618.5966386554621,455,623,465,642,-48,-41,-39,-37,-29,-18,49.29,119,465.2238481785286,660.926138492044,470.52021387514327,646.398767078043,461.9813877098333,665.3282363418313,subject_002,63.599819816683805,False
2025-11-13T20:28:18.138,11,264,409,274.12820512820514,395.965811965812,264,375,242,352,10,-13,0,-34,-22,-57,27.47,117,253.571422023912,369.60063609915215,248.01225513586917,359.572381318028,252.93192428088304,356.69431200814046,subject_002,16.506683398840913,False
2025-11-13T20:28:24.550,15,1065,628,992.3362068965516,670.301724137931,1004,681,1029,682,-72,42,-61,53,-36,54,46.39,116,1026.896334380591,700.1355215253369,1018.471208243723,707.646398283922,1033.0386137229311,707.4424017824913,subject_002,84.08009689113334,False
2025-11-13T20:28:30.952,16,533,704,549.212389380531,675.6991150442478,560,690,582,715,16,-28,27,-14,49,11,40.27,113,580.5736022232518,742.919146244247,583.5083024648101,735.6002162827064,579.1628765869431,758.7722119044181,subject_002,32.615665847942985,False
2025-11-13T20:28:37.358,5,990,948,927.6302521008404,785.3613445378152,937,824,970,834,-62,-162,-53,-124,-20,-114,53.16,119,965.8223874470916,859.2967676315118,959.277278886762,886.5995015797461,973.6277237032464,883.1784653896821,subject_002,174.1875934260302,False
2025-11-13T20:41:04.949,0,216,510,219.46067415730337,548.561797752809,221,548,214,548,3,38,5,38,-2,38,73.07,89,218.44207088356808,562.9273161186076,221.81784267805287,545.9126957141779,217.58306424327452,559.1363430620748,subject_002,38.716773000232976,False
2025-11-13T20:41:11.366,12,1686,315,1608.9322033898304,404.8728813559322,1628,368,1649,315,-77,89,-58,53,-37,0,42.4,118,1652.1372197325163,331.16656908364644,1650.918277241758,330.98578872905546,1651.2910117885942,327.5506622245975,subject_002,118.39163854581932,False
2025-11-13T20:41:24.170,2,972,618,918.8655462184872,628.546218487395,952,620,962,623,-53,10,-20,2,-10,5,26.12,119,968.5244556780592,637.9950727461077,967.2689137483716,622.8508223832442,971.9463383361912,640.0241415645852,subject_002,54.1709599605138,False
2025-11-13T20:41:43.405,9,1031,451,956.771186440678,480.1271186440678,988,446,1001,452,-74,29,-43,-5,-30,1,22.24,118,1004.335146410514,453.4260552435612,999.5876126536853,434.01617445209854,1007.293380430958,451.92083113439486,subject_002,79.73898546464076,False
2025-11-13T20:41:56.218,13,1023,885,948.5811965811964,837.6239316239316,977,861,997,884,-74,-47,-46,-24,-26,-1,23.97,117,1002.232998867196,893.930285820244,1008.7778850387288,894.7316152607855,1009.0616217325812,899.6353045338876,subject_002,88.21932983796938,False
2025-11-13T20:42:02.619,7,924,360,883.7657657657658,381.0450450450451,911,340,926,349,-40,21,-13,-20,2,-11,25.47,111,925.7440653551688,344.64555247138134,920.3157755621731,324.77063260080774,927.4768411687644,343.55283116627595,subject_002,45.40580937901231,False
2025-11-13T20:42:21.839,4,1397,184,1305.127118644068,323.3220338983051,1324,294,1353,259,-91,139,-73,110,-44,75,31.9,118,1353.3838734262351,245.20377971802031,1353.5267894045128,237.43903753882717,1354.4620061326807,237.48680356139192,subject_002,166.886954128241,False
2025-11-13T20:42:28.245,3,1475,636,1396.3760683760684,719.1111111111111,1433,694,1445,699,-78,83,-42,58,-30,63,28.86,117,1444.905788621028,701.289247671632,1444.2499591515405,678.1864417489978,1443.004054691291,697.9782829591195,subject_002,114.4079517084723,False
2025-11-13T20:42:41.068,19,1335,905,1252.5042735042734,872.6239316239316,1299,884,1306,912,-82,-32,-36,-21,-29,7,29.89,117,1308.2007377203745,902.9351558246022,1316.4845438651446,906.4978600857532,1312.698675674892,902.3397430727714,subject_002,88.62141216178838,False
2025-11-13T20:42:53.885,5,1746,307,1669.3949579831933,392.0252100840336,1690,354,1708,295,-76,85,-56,47,-38,-12,30.03,119,1711.9129415227944,317.38788704370654,1711.8881086842998,320.9263971474759,1712.0814795847923,315.8696686963495,subject_002,114.44482868277956,False
2025-11-13T20:43:00.295,11,1585,345,1494.6694915254238,445.228813559322,1513,411,1539,370,-90,100,-72,66,-46,25,28.94,118,1539.7358210476252,376.87946457014834,1534.9307735519376,367.8763060966683,1538.2942125080574,370.08427157725,subject_002,134.9274465362211,False
2025-11-13T20:43:06.699,8,1301,528,1221.4745762711864,603.7881355932203,1260,588,1270,574,-79,75,-41,60,-31,46,34.71,118,1274.6258058977903,577.1741076999053,1274.6249820261032,574.4427313069752,1276.974749482982,570.9494043750402,subject_002,109.85506140339508,False
2025-11-13T20:48:21.298,2,502,769,458.5677966101695,730.1779661016949,445,774,464,775,-43,-38,-57,5,-38,6,32.96,118,465.1719977964915,788.6506651078868,439.1083085233649,797.8607181084426,443.12661569949904,790.3388945769068,subject_002,58.25381195507083,False
2025-11-13T20:48:27.696,16,532,762,479.55,730.2416666666667,468,776,487,776,-52,-31,-64,14,-45,14,26.18,120,489.1066678028359,789.8911525014868,461.23267556333974,799.877303029969,468.36678617681673,791.9953002422812,subject_002,61.31553013805809,False
2025-11-13T20:48:34.104,14,552,380,546.8363636363637,418.2272727272728,560,420,559,417,-5,38,8,40,7,37,21.42,110,558.2000403766601,423.1519145735787,562.8830059371448,428.40557214351327,560.5382958238216,424.6377019852705,subject_002,38.57444128773821,False
2025-11-13T20:48:46.916,10,1604,576,1589.590909090909,728.5818181818182,1638,683,1675,637,-14,152,34,107,71,61,38.32,110,1679.7656782330976,665.3511080978157,1673.3123940775342,608.4840770310986,1672.067699541818,663.0782736653939,subject_002,153.2606705599838,False
2025-11-13T20:48:53.325,6,1405,258,1338.9357798165138,396.2477064220183,1368,357,1393,311,-66,138,-37,99,-12,53,37.33,109,1399.3928417840225,301.7186940415973,1399.4211031637783,303.9943382065073,1403.4769430416,297.5163063535853,subject_002,153.22176581478465,False
2025-11-13T20:48:59.728,20,690,110,660.2935779816514,182.3577981651376,668,144,682,158,-29,72,-22,34,-8,48,25.12,109,670.429565035069,136.3687917862215,671.1579999493977,132.0,668.8122299137781,141.22834450819073,subject_002,78.21842790825585,False
2025-11-13T20:49:06.135,11,671,492,638.0857142857143,485.15238095238095,647,500,660,489,-32,-6,-24,8,-11,-3,23.37,105,658.0565258784693,501.3679182716835,648.4944876134183,518.5028852257932,646.6322572819921,503.6744500268976,subject_002,33.61904357210281,False
2025-11-13T20:49:31.760,17,109,802,149.15,767.7083333333334,115,780,108,804,40,-34,6,-22,-1,2,28.58,120,116.91823513120568,814.4935783641939,163.0,596.0,101.68940382854802,811.9119849603392,subject_002,52.80095551008311,False
2025-11-13T20:49:57.385,3,1184,301,1148.457627118644,385.39830508474574,1176,353,1198,330,-35,84,-8,52,14,29,26.72,118,1202.703993699925,316.36955404728894,1212.8486728721552,308.20954361696573,1212.252513262128,314.97752320516554,subject_002,91.57693034391995,False
2025-11-13T20:50:03.791,18,1164,616,1085.6837606837607,651.025641025641,1122,652,1148,641,-78,35,-42,36,-16,25,22.84,117,1159.9596273043985,636.0918287435629,1182.5417429493466,599.7229861531926,1178.330321726333,635.369794564101,subject_002,85.79177623697696,False
2025-11-13T20:50:10.202,5,1635,383,1576.4414414414414,477.3603603603604,1607,429,1637,352,-58,94,-28,46,2,-31,35.19,111,1646.1508099846528,367.7557949463964,1641.2421847306398,355.72731931337523,1638.3041878256763,363.6894093310309,subject_002,111.05396160332694,False
2025-11-13T20:50:23.011,12,576,251,546.75,267.2916666666667,561,246,560,252,-29,16,-15,-5,-16,1,28.63,120,554.5637016034498,243.77466484538743,562.4528897671063,230.7731323919015,564.1589626730323,246.0199882876058,subject_002,33.481052892311766,False
2025-11-13T21:01:25.816,1,272,794,224.2659574468085,759.6063829787234,211,770,187,798,-47,-34,-61,-24,-85,4,96.34,94,193.14500331944808,805.0614778381712,184.9803008652156,787.1833192620711,185.9412744665231,784.8434946038077,subject_002,58.83417128060989,False
2025-11-13T21:01:32.213,6,1481,792,1499.3865546218487,870.4033613445379,1539,882,1549,873,18,78,58,90,68,81,19.74,119,1550.2915097843431,867.5970919059528,1558.499694148114,885.5205054762504,1549.053447052398,885.5684774319141,subject_002,80.53044431135595,False
2025-11-13T21:01:38.617,12,636,146,579.6083333333333,213.50833333333333,583,203,602,187,-56,67,-53,57,-34,41,29.42,120,585.4001891183898,186.61793966190297,586.3869734216798,192.66133926094884,587.5769689746189,192.24775474387707,subject_002,87.96246437480526,False
2025-11-13T21:01:51.432,19,1079,632,1006.5338983050848,679.1610169491526,1039,681,1061,673,-72,47,-40,49,-18,41,31.83,118,1061.8530055361252,686.8421440207275,1067.444012444424,675.9159764214348,1068.073629617188,669.8439120333982,subject_002,86.46095890363493,False
2025-11-13T21:02:04.241,9,1088,402,1014.15,443.85,1047,414,1057,396,-73,41,-41,12,-31,-6,21.37,120,1054.5913874031532,405.6103270802072,1064.826219416704,394.0295791828303,1055.7219651853818,385.7610417535423,subject_002,84.88371457470511,False
2025-11-13T21:02:10.652,13,1325,124,1314.0,247.1,1319,199,1334,149,-11,123,-6,75,9,25,37.66,120,1333.6130989729425,147.4442412693955,1326.1087463100596,155.154770599951,1332.118064099463,153.75260094923442,subject_002,123.59049316189332,False
2025-11-13T21:02:17.059,0,1603,381,1550.3166666666666,527.625,1556,468,1564,430,-52,146,-47,87,-39,49,30.24,120,1576.2889578819777,438.073973682595,1560.336085448931,415.6360446047991,1569.51526606109,409.3564796585928,subject_002,155.80251678362296,False
2025-11-13T21:02:23.462,11,170,214,117.75,237.91666666666663,109,231,63,234,-52,23,-61,17,-107,20,29.5,120,87.43772543617371,226.64423934586503,163.0,132.0,94.91116477080948,228.54355865952223,subject_002,57.463635844283665,False
2025-11-13T21:02:36.273,18,1089,288,1040.1344537815123,375.4033613445378,1070,340,1080,318,-48,87,-19,52,-9,30,30.64,119,1075.562911215619,323.94945665622663,1080.919741078937,318.8473773391697,1075.7398570258956,309.2934452934257,subject_002,100.13585362673552,False
2025-11-13T21:03:01.903,2,1739,350,1683.0,507.64406779661016,1683,445,1679,389,-56,157,-56,95,-60,39,37.46,118,1703.2341179211924,405.51279829893355,1694.3910422514314,392.5168569279558,1696.728605386064,369.82540820825506,subject_002,167.29510486401634,False
2025-11-13T21:03:27.526,15,646,528,591.0583333333333,521.7,589,530,617,515,-54,-6,-57,2,-29,-13,19.26,120,602.9933465261026,539.2242644143747,589.9861382540796,540.5213656079641,603.523652882028,540.2309390046483,subject_002,55.30168836582765,False
2025-11-17T14:17:56.037,6,1417,364,1378.942857142857,468.2761904761905,1406,415,1401,402,-38,104,-11,51,-16,38,39.46,105,1405.878536135781,400.71363555958874,1415.1460735710857,398.70529964869,1406.084231652169,394.47588457730615,subject_002,111.00391895188092,False
2025-11-17T14:18:08.849,5,1563,601,1559.9727272727273,754.9545454545455,1566,680,1575,696,-3,153,3,79,12,95,42.65,110,1577.2222150433452,687.2768109970365,1570.5311954584563,659.2364141699709,1572.1699869736638,681.5908223999068,subject_002,153.98430584407296,False
2025-11-17T14:18:28.068,4,1579,804,1580.453781512605,902.2100840336136,1579,840,1598,868,1,98,0,36,19,64,43.24,119,1595.5659954615537,852.5401832547316,1583.9288115960096,824.6488493738467,1589.7210846724709,848.1100132284539,subject_002,98.22084344260053,False
2025-11-17T14:18:34.474,1,195,614,229.02564102564105,591.2735042735043,208,623,203,624,34,-22,13,9,8,10,24.25,117,207.9316719899989,642.0515414306137,207.02828605805408,631.3982172502187,200.5246475436968,639.940969816912,subject_002,40.91745171943404,False
2025-11-17T14:18:47.287,7,1576,363,1549.1709401709402,409.2649572649573,1567,351,1558,329,-26,46,-9,-12,-18,-34,29.31,117,1563.430303856171,330.001618830213,1567.9443630101457,331.9842719890582,1563.9137498959092,325.8762484258155,subject_002,53.48125580088405,False
2025-11-17T14:18:53.691,20,1129,253,1082.6470588235295,336.4873949579832,1109,305,1113,290,-46,83,-20,52,-16,37,33.6,119,1110.4363231393054,291.58161443655024,1110.2330394819996,296.91659292334293,1113.3437095582965,290.9781707312568,subject_002,95.49209534081665,False
2025-11-17T14:19:19.316,10,931,107,874.801724137931,147.64655172413794,892,108,900,116,-56,40,-39,1,-31,9,23.7,116,884.8167776986184,104.0928794896063,689.0,132.0,885.07368321946,109.24210748779724,subject_002,69.35696343505981,False
2025-11-17T14:19:25.729,9,237,347,254.65546218487395,351.5546218487395,235,356,227,349,17,4,-2,9,-10,2,24.25,119,232.46656652168025,361.8839004220604,234.4129149899738,354.26274093050927,230.9132016357377,357.2493982484837,subject_002,18.233483626189734,False
2025-11-17T14:19:32.132,13,1685,672,1616.728813559322,781.728813559322,1620,709,1627,720,-68,109,-65,37,-58,48,48.68,118,1630.4127524845555,714.4889125256213,1624.3844216517691,681.437553643185,1625.915790351082,709.3175620582879,subject_002,129.23377044392956,False
2025-11-17T14:19:38.539,12,738,888,661.2016806722689,871.2689075630252,697,919,695,944,-76,-16,-41,31,-43,56,45.59,119,706.313054902074,947.2993946912386,739.9182275186853,960.9991519606624,713.8596429792245,953.3142953144576,subject_002,78.59969023920353,False
2025-11-17T14:19:44.945,14,1284,207,1259.7844827586207,275.36206896551727,1281,232,1284,218,-24,68,-3,25,0,11,25.51,116,1280.8430323386456,213.74305127811888,1283.8267299520726,217.53129578756412,1283.0988334548051,215.2565296450876,subject_002,72.52422869988813,False
2025-11-17T14:19:57.757,11,858,512,816.9396551724138,550.301724137931,843,548,848,535,-41,38,-15,36,-10,23,26.37,116,851.3393475185045,553.3196419404495,848.3264255252717,553.7681575051425,853.5513108613861,555.2634584520645,subject_002,56.151348953506464,False
2025-11-17T15:56:28.330,16,813,651,751.9067796610169,626.6355932203389,785,627,812,606,-61,-24,-28,-24,-1,-45,27.7,118,815.5944005422867,620.843308644182,810.2873206681315,626.2359426262956,822.2748442899821,627.3494942973274,subject_002,65.7723793785228,False
2025-11-17T15:56:41.143,8,752,512,693.3130434782609,495.1304347826087,733,492,763,477,-58,-16,-19,-20,11,-35,26.99,115,760.5213939900744,488.9499910366494,743.7619351422543,497.1721773100733,768.5503959927075,495.7998723865705,subject_002,61.06341864331148,False
2025-11-17T15:56:47.546,9,909,692,868.3130434782609,642.8347826086956,900,640,925,615,-40,-49,-9,-52,16,-77,36.78,115,932.789670330808,626.3706942194268,944.1943697870452,644.3580487122198,941.935048398327,628.3825261225943,subject_002,63.81729414614907,False
2025-11-17T15:56:53.960,0,1700,730,1851.3761467889908,803.1926605504588,1788,745,1706,674,151,73,88,15,6,-56,41.81,109,1733.2441593216229,687.8475472210745,1727.4199520112863,682.9511861713388,1727.7446366607137,686.5137215737236,subject_002,168.1425091258507,False
2025-11-17T15:57:00.372,19,222,322,223.0695652173913,329.02608695652174,217,313,231,306,1,7,-5,-9,9,-16,22.43,115,256.7768951037642,323.2460298534173,228.55944169952767,311.7286732148382,248.88515884357145,299.9944963379109,subject_002,7.10702945504366,False
2025-11-17T15:57:25.995,15,1498,574,1526.2372881355932,693.2118644067797,1502,647,1475,606,28,119,4,73,-23,32,48.43,118,1479.2483415543393,595.9716855166188,1461.5450417057405,569.7674827589674,1469.8944465393151,556.5786711949302,subject_002,122.51046100881726,False
2025-11-17T15:57:32.416,13,1376,484,1383.4375,659.0982142857143,1382,613,1367,588,7,175,6,129,-9,104,46.99,112,1371.4632278878655,576.1303307787779,1364.934186875876,546.9725980602245,1366.3699832408818,528.6129729308759,subject_002,175.25610132687515,False
2025-11-17T15:57:45.216,4,758,605,724.4070796460177,587.141592920354,759,587,786,568,-33,-17,1,-18,28,-37,29.63,113,788.4497711875828,582.0402720126696,778.8894518524628,587.7924231531863,794.9676370344641,588.7012709854516,subject_002,38.04480255345465,False
2025-11-17T15:57:51.633,14,828,826,765.7247706422019,789.8990825688073,799,800,825,776,-62,-36,-29,-26,-3,-50,36.8,109,825.2067616972328,788.3056507743378,831.4001975429566,795.5653518771691,831.7166538254835,800.7734643577915,subject_002,71.98250086611435,False
2025-11-17T15:58:04.445,3,1003,801,962.1779661016948,833.0254237288135,993,826,1014,800,-40,32,-10,25,11,-1,42.47,118,1018.195490074438,805.5967550191673,1031.3397039640654,806.9742693469284,1029.1728019634345,806.6734853505739,subject_002,51.88512519599844,False
2025-11-17T15:58:10.850,11,1325,572,1355.504347826087,532.1217391304348,1352,482,1351,473,30,-39,27,-90,26,-99,60.32,115,1348.9347881571057,463.3939047694138,1342.1578125098413,426.02784005010983,1343.761980417955,401.2278025590375,subject_002,50.2074787882841,False
2025-11-17T15:58:30.061,17,364,850,416.8108108108109,796.7027027027027,430,817,436,817,52,-53,66,-33,72,-33,33.82,111,443.09093539931007,816.5437600805944,444.5164284746029,835.0501602956297,431.41794870316727,834.1937433410894,subject_002,75.03055136204021,False
2025-11-17T18:55:45.288,2,793,295,765.4137931034483,352.0431034482759,782,335,796,334,-27,57,-11,40,3,39,23.44,116,793.3434070654728,332.8180346894844,792.688562566344,328.39460587971905,798.2838834377477,319.37798936557425,subject_002,63.36335267289809,False
2025-11-17T18:55:51.698,19,1471,548,1391.0420168067226,668.09243697479,1433,632,1479,612,-79,120,-38,84,8,64,28.71,119,1474.4505600978507,609.6941006806343,1468.7432076221298,601.2910346067824,1471.2149375052852,594.7464416313571,subject_002,144.2756822714082,False
2025-11-17T18:56:10.912,13,509,696,483.4957983193277,678.0420168067227,483,700,483,712,-25,-17,-26,4,-26,16,25.74,119,482.2368242482273,717.7586525603448,481.4076658190991,711.4013887801267,480.363639687147,714.5670964207176,subject_002,31.192201970018672,False
2025-11-17T18:56:17.309,11,158,484,142.9051724137931,476.1034482758621,125,495,122,491,-15,-7,-33,11,-36,7,19.64,116,119.85657840769753,504.59090518060566,163.0,596.0,126.1658839767692,505.2469114301891,subject_002,17.035531954984496,False
2025-11-17T18:56:23.712,4,1150,563,1084.2627118644068,647.771186440678,1126,631,1151,635,-65,84,-24,68,1,72,31.05,118,1145.849658628626,627.3980698489016,1136.2457614914654,615.4268735617468,1145.5653335043587,611.2514278685046,subject_002,107.27322639867876,False
2025-11-17T18:56:42.930,7,809,567,790.8793103448276,583.0172413793103,826,593,829,590,-18,16,17,26,20,23,26.0,116,828.0255937817157,592.847967373321,836.4063588525404,592.9529372462359,832.9919128731563,592.5791509372464,subject_002,24.18494190570168,False
2025-11-17T18:56:49.337,14,1036,213,1006.3931623931624,295.7606837606838,1023,237,1038,245,-29,82,-13,24,2,32,24.99,117,1033.0096833681566,235.4058419469882,1029.596412271859,230.8768508158585,1028.866308734522,214.2027734692416,subject_002,87.89707395365083,False
2025-11-17T18:57:02.148,15,471,808,495.9495798319328,768.5714285714286,491,795,491,816,24,-39,20,-13,20,8,24.02,119,489.9450238491525,817.6764286589583,484.9648806528851,809.4930959481776,482.502939499501,813.6565507559687,subject_002,46.65933752945865,False
2025-11-17T18:57:14.962,18,560,210,581.7983193277311,208.7983193277311,596,212,606,198,21,-1,36,2,46,-12,26.95,119,601.2591963919067,195.1840718450052,602.6526449973587,209.5231551144625,610.3269926643038,214.32009726362372,subject_002,21.831416856261033,False
2025-11-17T18:57:21.380,3,786,808,789.0672268907563,740.5546218487395,838,792,830,774,3,-67,52,-16,44,-34,30.29,119,829.5683853544517,777.4184234917429,842.0517957690648,798.7324105684129,833.7339728522028,807.4470107152247,subject_002,67.51508657156488,False
2025-11-17T18:57:34.178,12,173,749,233.27731092436971,734.1344537815127,204,755,188,771,60,-14,31,6,15,22,30.86,119,194.15240044323804,779.1926310223848,181.56052994985637,769.2391243976996,178.25686973405826,760.8033960146814,subject_002,62.083320438320015,False
2025-11-17T18:57:40.587,17,457,506,485.35087719298247,493.219298245614,496,508,497,506,28,-12,39,2,40,0,31.57,114,497.0710188702967,514.8205075876004,507.1954466615901,519.597391399262,505.8741451925157,519.8678208284886,subject_002,31.098530109092582,False
2025-11-17T19:14:09.008,4,1353,512,1224.2727272727273,548.2363636363636,1271,542,1323,559,-128,36,-82,30,-30,47,49.23,110,1323.385708183473,553.1899829737738,1305.7948131154344,543.48002200403,1301.2260767611,547.1806601398395,subject_002,133.73026880025492,False
2025-11-17T19:14:15.414,10,803,487,723.7927927927927,519.8108108108108,789,521,779,526,-79,32,-14,34,-24,39,18.46,111,786.5587576684284,519.1606509968612,787.0339851094847,520.4575035235318,791.9853902822616,507.5199221853391,subject_002,85.73407128807244,False
2025-11-17T19:14:41.039,12,1031,605,935.1355932203388,618.1949152542373,998,621,1009,637,-95,13,-33,16,-22,32,23.4,118,1016.4062003742916,630.1247867978045,1020.1076456564792,625.9295083925545,1018.5103705281804,619.4236562415734,subject_002,96.76822968197185,False
2025-11-17T19:14:53.854,2,1536,977,1380.8813559322034,986.8050847457628,1434,999,1493,1006,-155,9,-102,22,-43,29,35.13,118,1482.8667779199209,1008.4938708885828,1483.0116218481082,1000.1420945159466,1482.4084407700104,1035.9737020693185,subject_002,155.4282259575247,False
2025-11-17T19:15:00.258,18,1413,610,1322.7456140350878,620.921052631579,1369,623,1425,635,-90,10,-44,13,12,25,38.3,114,1429.4018163811547,631.0866080536617,1432.5759212062237,625.4316235736667,1415.8095795137335,630.461135813391,subject_002,90.9127250525748,False
2025-11-17T19:15:06.663,0,124,339,179.89830508474577,402.03389830508473,164,379,163,357,55,63,40,40,39,18,29.58,118,168.33184973565957,352.8788443514737,166.40037603373872,349.03550969056477,171.48484305849624,364.825916902724,subject_002,84.24899315055984,False
2025-11-17T19:15:13.070,13,1680,908,1551.0252100840337,918.7058823529412,1593,922,1668,929,-128,10,-87,14,-12,21,51.1,119,1664.0935047289656,928.2009276433554,1655.5091533902742,917.0119213568828,1661.220198277722,964.2457516669828,subject_002,129.4183617220627,False
2025-11-17T19:15:19.479,11,1814,317,1696.6702127659576,424.56382978723406,1785,427,1808,418,-117,107,-29,110,-6,101,50.32,94,1845.2414555629111,412.5259401204366,1741.0,596.0,1866.3809031068472,421.2364700483398,subject_002,159.1736675800452,False
2025-11-17T19:15:32.297,5,504,892,542.7142857142857,864.8403361344538,538,880,553,904,38,-27,34,-12,49,12,23.93,119,551.6966924647164,900.0814092864273,542.1119359226459,889.9466653760531,544.1628593544261,883.4214829988866,subject_002,47.29104840936392,False
2025-11-17T19:15:45.100,15,1028,798,939.5546218487395,781.5966386554621,1003,807,1010,812,-88,-16,-25,9,-18,14,34.92,119,1019.4925909699411,811.0737634547141,1031.5010497176042,815.9070336707853,1033.0153129399969,805.2631373776491,subject_002,89.95362794083927,False
2025-11-17T19:15:57.901,19,376,299,379.6974789915967,368.00840336134456,405,332,402,333,3,69,29,33,26,34,18.29,119,403.78279856329664,327.7768913140643,409.7139923018549,320.7275235449471,408.54417563498293,327.8397912279831,subject_002,69.10738806651088,False
2025-11-17T19:16:04.304,7,1797,241,1736.895652173913,340.7913043478261,1832,331,1850,329,-60,99,35,90,53,88,54.76,115,1892.205404129286,318.4442834924891,1741.0,132.0,1913.3181307242992,329.4984764829632,subject_002,116.49393568353548,False
2025-11-18T18:31:24.582,17,1582,821,1463.8487394957983,914.6302521008404,1477,896,1505,888,-118,93,-105,75,-77,67,58.96,119,1502.9785634060318,864.6708080358281,1494.9486393819598,841.9651830913928,1494.7025769018494,844.5471993927048,subject_002,150.7525935670715,False
2025-11-18T18:31:30.982,4,1688,908,1572.811320754717,981.5471698113208,1588,954,1622,952,-115,73,-100,46,-66,44,76.4,106,1617.0630551982897,918.2651351437046,1614.081352309914,897.4904616922229,1607.7902792671905,886.7694682740419,subject_002,136.6660821620638,False
2025-11-18T18:31:37.388,15,808,346,801.8,392.65833333333336,825,347,814,360,-6,46,17,1,6,14,13.55,120,815.5292111097808,356.6184330443047,823.7651436902239,345.4335899219085,831.2120989507657,342.2870897211471,subject_002,47.06846151558862,False
2025-11-18T18:31:56.609,19,1208,184,1145.0504201680671,273.672268907563,1195,225,1201,234,-62,89,-13,41,-7,50,29.21,119,1196.4377511849068,227.28025240914656,1203.5713516137446,220.4071119437736,1215.1562184897575,214.37503558343388,subject_002,109.56169682898847,False
2025-11-18T18:32:03.013,14,1403,920,1346.9741379310344,964.1379310344828,1372,958,1388,945,-56,44,-31,38,-15,25,35.12,116,1385.33665850058,930.0880157153016,1391.8454880801828,927.2139226078148,1398.4037183281123,925.13023589287,subject_002,71.32358779937753,False
2025-11-18T18:32:15.823,1,387,358,416.8571428571428,402.6890756302521,387,387,382,377,29,44,0,29,-5,19,19.38,119,385.3121741116259,381.8446423325891,382.5368003281544,383.6422873108028,380.58520174062306,383.6177909045087,subject_002,53.745348266414865,False
2025-11-18T18:32:22.214,8,468,760,555.7833333333333,769.4333333333333,516,779,517,775,87,9,48,19,49,15,28.03,120,519.6070777708816,778.1766928136847,512.307133363597,779.1504181027802,506.3819185853721,781.1434089819369,subject_002,88.28873874333512,False
2025-11-18T18:32:28.623,2,777,506,806.2773109243698,529.3529411764706,807,502,805,505,29,23,30,-4,28,-1,19.62,119,809.2513690422309,508.0090883072334,807.5207229634301,502.3610960337682,804.9492601375636,503.381388642807,subject_002,37.45024427896189,False
2025-11-18T18:32:41.434,9,1395,616,1369.3916666666669,672.3083333333333,1386,652,1401,640,-25,56,-9,36,6,24,25.23,120,1405.2361558433013,634.4208382203329,1407.462320550236,622.8457298768504,1390.0350034781122,628.3125377798772,subject_002,61.85802404610797,False
2025-11-18T18:33:07.087,12,1816,359,1792.872881355932,407.0677966101695,1815,397,1849,364,-23,48,-1,38,33,5,30.52,118,1850.0450781586237,361.21514036107106,1741.0,596.0,1838.7006101001773,391.22528833629866,subject_002,53.342072398187035,False
2025-11-18T18:33:13.498,16,1819,256,1755.731092436975,304.0840336134454,1791,298,1823,263,-63,48,-28,42,4,7,25.13,119,1820.0817043701736,263.8882165390397,1741.0,132.0,1822.3305890561555,296.81403813533836,subject_002,79.4671564406174,False
2025-11-18T18:33:26.308,20,1614,772,1598.9916666666666,811.475,1602,785,1639,776,-15,39,-12,13,25,4,28.14,120,1637.257135404175,752.0685253709756,1619.652541789438,745.6290697713157,1604.103680064247,729.8497499808884,subject_002,42.23180903589674,False
2025-11-18T18:48:47.391,6,1367,546,1261.9747899159663,610.0336134453781,1307,578,1298,566,-105,64,-60,32,-69,20,28.6,119,1316.3819248387604,569.2274173961446,1325.283051738749,562.5836872683287,1319.6282609896557,582.6554086499197,subject_002,123.00649740589937,False
2025-11-18T18:49:06.610,20,794,855,802.6695652173913,862.7913043478261,790,869,802,875,8,7,-4,14,8,20,27.85,115,799.1550927815498,880.8104159186961,793.2812150361568,877.3440622915612,793.7973986488478,878.1200351349357,subject_002,11.656147927126495,False
2025-11-18T18:49:19.421,14,367,387,402.52941176470586,420.5966386554622,356,408,361,403,35,33,-11,21,-6,16,19.15,119,358.77864685648035,408.9050614466474,349.3192932202508,405.5781836831344,357.79127428592216,407.9982963375456,subject_002,48.89860150650236,False
2025-11-18T18:49:32.233,15,1625,100,1527.4916666666666,147.61666666666667,1550,111,1580,77,-97,47,-75,11,-45,-23,44.55,120,1568.3336371520636,69.81657440062645,1741.0,132.0,1563.2215461917478,64.44851469952918,subject_002,108.5136950522325,False
2025-11-18T18:49:38.639,19,108,505,157.18487394957984,524.2100840336135,82,533,70,526,49,19,-26,28,-38,21,21.61,119,85.94331313368409,537.2594178185371,163.0,596.0,84.25006768374566,531.3366550891571,subject_002,52.80321158807057,False
2025-11-18T18:49:45.044,5,1216,956,1136.918918918919,989.5405405405404,1164,1013,1197,1010,-79,33,-52,57,-19,54,29.49,111,1193.5248723464524,1014.8915031892384,1207.7049565855689,1055.943911701493,1199.3117468134908,1004.3400011091524,subject_002,85.89985590618967,False
2025-11-18T18:49:51.449,7,1003,425,975.1680672268908,464.3529411764706,981,437,988,423,-27,39,-22,12,-15,-2,26.82,119,993.0718905519924,427.01650494747486,987.7524403304718,424.4222715320807,991.9618611385029,433.7983709184032,subject_002,48.200315985744595,False
2025-11-18T18:49:57.857,4,183,456,232.3361344537815,482.016806722689,166,483,162,477,49,26,-17,27,-21,21,20.16,119,169.73497595705922,486.10922215405,169.9634848851791,483.9673484326494,168.52478332625216,482.07337112453007,subject_002,55.77569717078724,False
2025-11-18T18:50:10.670,9,1595,955,1503.0166666666669,1063.05,1546,1077,1622,1082,-91,108,-49,122,27,127,37.49,120,1603.7039081684468,1072.487211696908,1741.0,1060.0,1611.774442568172,1070.8471928962745,subject_002,141.9004443654461,False
2025-11-18T18:50:29.895,17,1392,418,1325.1101694915253,468.9915254237288,1364,436,1362,412,-66,50,-28,18,-30,-6,19.27,118,1377.1670095269485,413.74876151643383,1383.0683787052385,413.07244620050426,1380.04236463644,425.2906354773376,subject_002,84.10936386925803,False
2025-11-18T18:50:36.292,11,843,814,814.109243697479,845.2857142857143,801,849,814,854,-28,31,-42,35,-29,40,25.84,119,811.4437936217321,860.3239820949584,803.421499163296,856.5968831109269,805.717325427274,858.4484651503578,subject_002,42.58487663594916,False
2025-11-18T18:50:49.109,0,904,607,910.875,657.8583333333333,903,643,915,635,6,50,-1,36,11,28,23.0,120,918.171510475862,643.3070374355829,902.0681000727571,640.5226425318214,911.6333273794046,648.8301321334043,subject_002,51.32090894016245,False
2025-11-19T17:24:21.079,12,1547,408,1435.7425742574258,557.0693069306931,1505,516,1527,492,-111,149,-42,108,-20,84,41.01,101,1539.1104979449708,494.6767438843736,1538.6446825095527,490.416822362588,1537.4915465153915,486.0141271870448,subject_002,186.01041113782208,False
2025-11-19T17:24:46.708,5,779,186,641.3220338983051,251.89830508474577,716,211,743,208,-137,65,-63,25,-36,22,19.53,118,722.0011859588484,202.5017735523751,734.5007856747873,200.3481907212173,721.9805306662572,200.5472967804166,subject_002,152.63619807549478,False
2025-11-19T17:24:53.118,15,551,756,505.8487394957983,743.2941176470588,554,759,565,767,-45,-12,3,3,14,11,26.31,119,564.9362463483889,777.701255832162,576.1594504167687,777.6398044611562,561.3977196186785,784.4485789310719,subject_002,46.90496531802433,False
2025-11-19T17:24:59.525,8,1776,843,1660.6363636363635,947.8347107438016,1701,899,1721,870,-115,104,-75,56,-55,27,39.78,121,1732.6936604534917,882.8315109937014,1717.6421405238443,874.7363364962722,1734.3919682322658,871.4344104480989,subject_002,155.8816383406907,False
2025-11-19T17:25:05.933,13,1326,624,1177.7333333333331,691.0416666666666,1275,656,1279,656,-148,67,-51,32,-47,32,34.36,120,1290.7268730935075,657.006699496907,1297.7422559996935,642.8954965356758,1292.056504223417,649.6403429745197,subject_002,162.71935814121483,False
2025-11-19T17:25:18.750,19,615,143,533.6638655462185,210.6638655462185,606,164,625,161,-81,67,-9,21,10,18,24.48,119,603.3217860690128,155.08218394552762,619.2378218474826,152.90508352965747,603.4085635063002,151.77480992659883,subject_002,105.80153811991748,False
2025-11-19T17:25:25.155,14,1302,114,1206.9831932773109,177.4033613445378,1268,151,1326,134,-95,63,-34,37,24,20,38.42,119,1306.7790479713274,117.87118621409934,1215.0,132.0,1304.2569857033632,125.89466496971676,subject_002,114.22862946548425,False
2025-11-19T17:25:31.565,3,134,927,181.0677966101695,906.8220338983052,164,945,157,999,47,-20,30,18,23,72,25.29,118,172.72350384069972,968.5581445230824,163.0,1060.0,174.4871339949852,971.672573303576,subject_002,51.2106218839161,False
2025-11-19T17:25:37.985,7,762,705,690.6440677966102,688.3644067796611,757,706,776,691,-71,-16,-5,1,14,-14,29.5,118,778.6220081988591,706.9143575124617,782.2000483241862,714.1405596868182,779.4600156826821,711.1497129451723,subject_002,73.2694480831359,False
2025-11-19T17:25:44.389,2,1679,612,1586.3529411764705,744.1260504201681,1642,701,1659,667,-92,132,-37,89,-20,55,52.08,119,1676.4608253730426,674.1886613692361,1680.655718624666,662.7202642390429,1674.21464241459,662.7069697133966,subject_002,161.37153004258013,False
2025-11-19T17:25:50.809,11,1814,715,1650.8545454545454,830.9636363636364,1696,784,1715,748,-163,115,-118,69,-99,33,35.05,110,1731.513409894684,760.1114232209818,1722.0094015453994,750.8946544181167,1731.2052624503733,748.7832031119231,subject_002,200.1599467863656,False
2025-11-19T17:26:03.609,16,1100,914,938.7796610169491,897.5508474576271,1024,922,1033,917,-161,-16,-76,8,-67,3,37.8,118,1042.3092359686666,920.58196758574,1044.1764308744737,925.3529824294948,1052.1093648403337,929.178033707107,subject_002,162.05731184112636,False
2025-11-19T17:38:48.177,3,1202,671,1095.3025210084031,744.5714285714286,1128,736,1155,727,-106,73,-74,65,-47,56,38.03,119,1156.2778508087958,724.1984103657176,1147.3484989061485,725.7638485724044,1151.2618043255848,727.233896401845,subject_002,129.60365398090855,False
2025-11-19T17:39:20.222,6,424,798,410.2844827586207,797.3275862068965,356,819,368,807,-13,0,-68,21,-56,9,28.97,116,362.4350571792508,807.0844769676655,349.760026502656,817.8709787429079,340.76343756334086,824.9402101336076,subject_002,13.731990151020671,False
2025-11-19T17:39:33.032,8,401,638,373.33898305084745,639.8305084745763,339,644,339,626,-27,1,-62,6,-62,-12,31.86,118,331.43985910617397,628.0547278326103,328.8862929826751,637.9320602940347,329.7300951714491,644.8098464599458,subject_002,27.72151907700587,False
2025-11-19T17:39:45.862,12,1369,979,1244.7983193277312,979.2773109243698,1281,993,1313,992,-124,0,-88,14,-56,13,47.3,119,1319.7965624948474,991.0865833981352,1321.9326432275514,1000.5024056619654,1329.1306762507888,1007.1095241011,subject_002,124.20199025444404,False
2025-11-19T17:39:52.277,2,1670,797,1559.6410256410256,871.7948717948718,1607,862,1658,832,-110,74,-63,65,-12,35,41.54,117,1652.3824640857406,834.0686346726669,1656.1025135353182,834.0934290170076,1660.7274201753762,834.1131717482846,subject_002,133.31682590121952,False
2025-11-19T17:39:58.685,0,1685,682,1588.6134453781513,737.2436974789916,1632,708,1684,669,-96,55,-53,26,-1,-13,44.19,119,1676.3609173341854,669.3483203853847,1676.5734903307878,660.558153671889,1675.2688008538223,657.5935320492938,subject_002,111.09560757753196,False
2025-11-19T17:40:05.082,17,1130,386,1068.9166666666667,462.725,1111,419,1121,399,-61,76,-19,33,-9,13,42.56,120,1121.0267400349271,395.73326059607655,1122.512436431623,399.3711839434913,1120.9236591318506,400.6445082140324,subject_002,98.07088883104458,False
2025-11-19T17:40:17.892,5,726,175,735.4285714285714,271.9243697478992,751,201,749,197,9,96,25,26,23,22,27.7,119,748.0720169188004,191.63534306357212,754.9769619783335,194.76655386429263,757.7523698389073,195.5094938027867,subject_002,97.38188440470412,False
2025-11-19T17:40:30.730,7,258,252,304.425,297.225,268,244,269,233,46,45,10,-8,11,-19,23.54,120,259.34695803352764,231.2763073481653,256.14364586558173,225.9868427270704,257.60939058024604,226.74764947016013,subject_002,64.81189127004397,False
2025-11-19T17:40:43.558,11,1618,843,1505.6416666666669,892.825,1553,889,1601,863,-112,49,-65,46,-17,20,30.02,120,1597.1701144953115,865.2353821059309,1608.299504332792,869.9418121496827,1614.0851572836968,869.757576564892,subject_002,122.91023429496992,False
2025-11-19T17:40:49.978,4,1464,762,1370.5666666666666,789.3166666666667,1415,782,1455,755,-93,27,-49,20,-9,-7,33.34,120,1453.3184337112964,756.6145898789674,1477.0493143173185,765.0781738006116,1479.480861770543,764.5894713355328,subject_002,97.34468683783192,False
2025-11-21T15:32:10.780,5,640,283,601.8319327731092,312.83193277310926,615,292,614,286,-38,29,-25,9,-26,3,18.64,119,608.7289624365521,289.36056585142916,613.6748212437872,288.66382252770893,614.7528457783814,286.6602339875111,subject_002,48.443220050031414,False
2025-11-21T15:32:23.597,8,1473,506,1402.4833333333331,550.1083333333333,1450,519,1449,500,-70,44,-23,13,-24,-6,26.46,120,1464.3032383677464,505.6694875101582,1473.9862301540677,503.947426912227,1470.877168970601,502.2111495362605,subject_002,83.17538907166141,False
2025-11-21T15:32:55.628,14,552,495,567.3166666666667,498.7166666666666,555,497,558,489,15,3,3,2,6,-6,16.78,120,556.3795803566093,499.4312409146605,553.299517341157,497.48105335891165,546.8718466801504,498.9983744456314,subject_002,15.761151255187228,False
2025-11-21T15:33:02.026,19,579,827,620.8389830508474,792.271186440678,592,815,614,819,41,-34,13,-12,35,-8,21.13,118,603.0762135161798,840.8559470836116,591.3434944032992,855.9433975254635,582.0526516348261,845.434588510504,subject_002,54.37454362077211,False
2025-11-21T15:33:08.434,13,1559,159,1494.3846153846157,219.24786324786325,1541,188,1563,164,-64,60,-18,29,4,5,21.74,117,1551.1328404622757,171.32231196025094,1554.133944736481,183.55603011928855,1553.1990991303182,175.81057837390378,subject_002,88.3456447988653,False
2025-11-21T15:33:14.840,10,704,770,729.2100840336135,776.7899159663865,713,790,735,793,25,6,9,20,31,23,25.75,119,727.5141528871518,815.0677990919756,718.0300664306192,838.3452495671688,706.3022866489949,819.1057413152879,subject_002,26.108452574069656,False
2025-11-21T15:33:21.244,1,1537,180,1474.627118644068,221.88135593220335,1523,189,1543,167,-62,41,-14,9,6,-13,23.07,118,1531.899060610201,173.6069919686166,1534.908581839259,184.35324637478593,1534.8130488934305,177.80042294334064,subject_002,75.12938375470054,False
2025-11-21T15:33:27.650,6,1185,486,1138.2833333333333,522.4916666666667,1173,507,1177,486,-46,36,-12,21,-8,0,23.11,120,1196.1668910188043,489.47913792907895,1216.085955480303,487.2707503983904,1207.4642091034027,485.65914482657234,subject_002,59.27974932939206,False
2025-11-21T15:33:46.895,7,1063,515,1034.5677966101696,540.8983050847457,1058,529,1067,512,-28,25,-5,14,4,-3,16.23,118,1082.5439652393288,516.4948992604485,1092.0433937010018,515.7241128593507,1085.5289748116422,513.6766133558475,subject_002,38.45923030773304,False
2025-11-21T15:33:53.307,2,760,139,729.3305084745763,197.07627118644064,763,154,770,162,-30,58,3,15,10,23,15.17,118,754.3244387967358,156.81993232379634,765.7326772838937,152.44055327688488,762.0395317037928,153.89439056813055,subject_002,65.67702022282248,False
2025-11-21T15:34:06.118,12,1750,499,1721.8166666666666,506.0833333333333,1729,485,1771,437,-28,7,-21,-14,21,-62,22.22,120,1766.1843080925114,454.75373768219265,1741.0,596.0,1741.3270985950646,458.2379159367852,subject_002,29.059832912267268,False
2025-11-21T15:34:18.934,18,515,182,514.45,219.4,532,194,530,189,0,37,17,12,15,7,22.01,120,518.2111731952801,190.9685405522064,528.9432610966102,190.033556091022,531.8370487310879,188.65346391037892,subject_002,37.40404389902248,False
2025-11-26T15:09:17.777,9,1585,130,1547.4789915966387,181.42857142857144,1555,194,1568,170,-37,51,-30,64,-17,40,49.12,119,1561.3669316531607,178.18228856118597,1557.8275968688183,187.61178091564375,1584.681934705057,200.42450687998976,subject_002,63.66100871639393,False
2025-11-26T15:09:43.397,7,367,376,406.7647058823529,362.1344537815126,390,359,396,368,39,-13,23,-17,29,-8,26.98,119,399.89366007110493,371.0383916756914,387.025732487905,359.7034969479093,397.78588568357554,358.9246721628903,subject_002,42.11276772959768,False
2025-11-26T15:09:56.209,18,1154,158,1076.6324786324783,177.6153846153846,1113,174,1107,193,-77,19,-41,16,-47,35,34.01,117,1114.0174882428369,177.55803559944928,1128.374130102712,177.6358930093716,1092.969571699702,168.72390262045485,subject_002,79.815391223519,False
2025-11-26T15:10:02.612,4,1724,813,1660.7522123893805,836.1327433628319,1680,839,1689,841,-63,23,-44,26,-35,28,44.46,113,1695.6338956419106,845.6012865436107,1698.4448696412692,833.3040612427936,1718.015370112635,826.4022553040201,subject_002,67.34542637127394,False
2025-11-26T15:10:09.018,20,1052,304,995.3949579831932,296.672268907563,1036,282,1019,315,-56,-7,-16,-22,-33,11,34.16,119,1035.5958639013104,303.02891888507406,1058.1798695693271,280.01949205722104,1010.8860137474792,263.7275468484549,subject_002,57.077372265088826,False
2025-11-26T15:10:15.419,29,1673,111,1632.7394957983192,99.5798319327731,1632,106,1654,85,-40,-11,-41,-5,-19,-26,34.16,119,1639.392155483814,88.53341712143452,1741.0,132.0,1671.8219854150136,106.10066349538413,subject_002,41.8488761767537,False
2025-11-26T15:10:21.831,8,847,653,842.0252100840336,579.4201680672269,858,608,861,621,-4,-73,11,-45,14,-32,35.56,119,874.7729735763946,631.2300805962948,867.0761495978212,626.6243461148007,857.2528149038188,624.5086554027189,subject_002,73.74781489619296,False
2025-11-26T15:10:34.635,10,682,309,693.7435897435897,279.7606837606838,706,275,708,297,11,-29,24,-34,26,-12,28.6,117,714.0573694837875,281.43331563548236,711.3727041142748,289.0200651799077,695.5339286431896,259.7639466435687,subject_002,31.509514661582575,False
2025-11-26T15:10:41.039,3,1428,318,1381.2100840336134,294.10084033613447,1406,312,1403,293,-46,-23,-22,-6,-25,-25,30.91,119,1408.8620391027334,302.70651957288226,1414.1915267773534,317.95874245625583,1413.667735390336,325.0138544253637,subject_002,52.54013769281975,False
2025-11-26T15:10:53.840,12,452,940,445.64406779661016,854.6610169491526,471,901,458,951,-6,-85,19,-39,6,11,50.4,118,463.0273130571274,942.450991141377,475.7763907982248,954.3919627635504,449.7115982636378,947.0007517409372,subject_002,85.57534634652036,False
2025-11-26T15:11:00.241,0,1715,957,1648.5378151260504,938.6806722689076,1687,956,1689,963,-66,-18,-28,-1,-26,6,33.79,119,1692.1756662188657,960.0060476185704,1705.2094694650982,956.8434810752302,1707.621087231196,954.1585237014876,subject_002,68.94069760843897,False
2025-11-26T15:11:13.056,27,812,781,806.5701754385965,707.7368421052631,814,765,831,771,-5,-73,2,-16,19,-10,41.36,114,837.2823347173337,788.9055285722503,820.2691325376668,809.7639727155491,823.1851145891983,827.7350384594898,subject_002,73.46409530836657,False
2025-11-26T15:11:25.862,15,1196,737,1157.3090909090909,712.1818181818181,1176,750,1190,759,-38,-24,-20,13,-6,22,39.07,110,1192.68141785357,772.0767471513349,1204.523269889569,770.9842541181158,1189.5041502330512,780.8054263724168,subject_002,45.96660304004777,False
2025-11-26T15:11:38.676,11,1153,229,1092.0169491525423,234.45762711864407,1131,231,1119,249,-60,5,-22,2,-34,20,37.37,118,1131.2250602460513,238.6221298564943,1147.303268466546,234.57200933612444,1110.3406106282416,222.8911901238429,subject_002,61.22677669475804,False
2025-11-26T15:11:45.078,28,580,494,564.0,477.1623931623932,565,490,565,503,-16,-16,-15,-4,-15,9,29.43,117,576.0174735471918,505.749729441951,564.7183713435221,500.86402008804566,564.6060946342029,493.0528140898156,subject_002,23.22724701762617,False
2025-11-26T15:11:57.890,2,769,876,737.4873949579832,827.8487394957983,750,906,770,920,-31,-48,-19,30,1,44,36.08,119,768.355911042475,932.8256579109734,765.5291039286965,977.913230166299,753.816947686903,997.8651800199398,subject_002,57.54640010181034,False
2025-11-26T15:12:04.295,21,649,673,663.2649572649573,591.0512820512821,674,628,673,635,14,-81,25,-45,24,-38,29.18,117,686.3141593786125,644.8978243736493,680.7391263954011,649.2353869869675,670.8715723300775,653.8489217790632,subject_002,83.18101573802508,False
2025-11-26T15:12:10.711,14,1053,934,1017.4188034188036,844.4102564102565,1023,907,1062,928,-35,-89,-30,-27,9,-6,39.23,117,1053.4315085037867,937.5030132193124,1045.7322240200454,952.8440326078864,1046.4825330209642,967.6865079758044,subject_002,96.39680340460328,False
2025-11-26T19:13:23.073,11,747,838,681.5726495726495,783.7350427350427,654,829,635,854,-65,-54,-93,-9,-112,16,42.56,117,635.5676793899149,855.6591149177372,633.4725096737585,860.2679837079141,637.9426943301796,827.9350497742244,subject_002,85.00249273351315,False
2025-11-26T19:13:29.478,1,870,516,852.3474576271186,519.2796610169491,823,550,827,553,-17,3,-47,34,-43,37,37.6,118,820.6162712139768,550.9700555297172,817.3542462024366,557.9547946469862,815.349514725957,542.2260581453118,subject_002,17.954621372016415,False
2025-11-26T19:13:35.887,27,1333,273,1270.9583333333333,307.175,1273,294,1260,298,-62,34,-60,21,-73,25,37.39,120,1265.3626864433024,292.5210202851772,1275.7206029121735,279.73048119390296,1273.1670445427903,310.29353498196895,subject_002,70.83148330917395,False
2025-11-26T19:13:42.291,28,156,355,160.55084745762713,352.8813559322034,139,355,128,354,4,-2,-17,0,-28,-1,35.11,118,119.39411291527828,351.73989558980054,163.0,132.0,135.85895565182335,370.3482774179512,subject_002,5.019847135979441,False
2025-11-26T19:13:48.696,6,493,328,523.1779661016949,316.364406779661,491,333,494,317,30,-11,-2,5,1,-11,32.09,118,487.6923604202267,319.40782093202614,489.44842666089295,328.28370300527575,487.771708169335,327.54807584592004,subject_002,32.34341768620386,False
2025-11-26T19:13:55.102,4,1012,800,1047.7457627118645,727.0084745762712,1039,762,1029,784,35,-72,27,-38,17,-16,40.5,118,1028.3990497606926,778.0694534936714,1035.0686872866047,776.1713161677806,1032.2501323429824,763.3949021355083,subject_002,81.27436456556134,False
2025-11-26T19:14:01.511,9,425,885,513.4067796610169,804.1779661016949,479,842,456,877,88,-80,54,-43,31,-8,36.86,118,456.80823750910696,875.321083880333,454.81383756706657,870.1796224977866,453.0485676756912,851.5513774246252,subject_002,119.78296979742308,False
2025-11-26T19:14:07.917,20,1100,221,1107.3025210084031,205.05882352941177,1103,178,1087,181,7,-15,3,-43,-13,-40,44.01,119,1092.0602988024675,180.47012215022053,1101.2605589704776,169.2241410835468,1097.3540201227936,202.2380942171665,subject_002,17.53419289116567,False
2025-11-26T19:14:14.321,8,1082,482,1094.2100840336134,460.9243697478992,1080,468,1080,481,12,-21,-2,-14,-2,-1,34.92,119,1077.437280656002,473.00814577018394,1070.800677298825,470.4255830233917,1075.0986022944917,477.1643908624764,subject_002,24.357100456153766,False
2025-11-26T19:14:20.726,30,1270,455,1289.7666666666669,421.2166666666666,1290,417,1285,430,19,-33,20,-38,15,-25,35.34,120,1286.024373648988,420.9406504126385,1290.6042096383069,407.685455099392,1289.9855787026795,432.58737026713527,subject_002,39.14121513471748,False
2025-11-26T19:14:27.132,24,1814,428,1813.25,409.9583333333333,1817,406,1840,391,0,-18,3,-22,26,-37,36.1,120,1835.4345500288812,400.44387181317535,1741.0,596.0,1827.0641521694356,415.3260206055239,subject_002,18.05724885222308,False
2025-11-26T19:14:33.542,2,1475,147,1468.495575221239,196.7787610619469,1471,173,1458,160,-6,49,-4,26,-17,13,33.31,113,1468.729582129837,165.0150677022188,1467.9678649835391,151.4514832161027,1473.2404195454778,189.77818473231517,subject_002,50.20191823590968,False
2025-11-26T19:14:39.946,3,996,952,988.75,871.2410714285714,977,929,961,945,-7,-80,-19,-23,-35,-7,41.62,112,963.44926766997,945.86136271138,964.3387311041548,954.1073737477036,966.6193340213406,918.8818963181684,subject_002,81.0837039361492,False
2025-11-26T19:14:46.352,29,617,588,658.8230088495575,547.5929203539823,625,578,624,587,41,-40,8,-10,7,-1,30.12,113,618.950031112152,586.1273170058148,618.5966451434371,585.3735424415705,617.7457437448826,574.5454923742747,subject_002,58.15407255515111,False
2025-11-26T19:15:05.571,31,942,127,962.7368421052632,145.01754385964912,944,114,937,111,20,18,2,-13,-5,-16,35.68,114,938.9383688991492,116.10611380761765,952.0,364.0,935.4522376523508,139.18212699682235,subject_002,27.470866517694667,False
2025-11-26T19:15:11.976,21,1226,531,1230.8655462184877,512.0252100840336,1227,507,1225,536,4,-18,1,-24,-1,5,34.61,119,1224.1037872941356,523.9911658532861,1228.0992156550394,496.8788366371983,1225.7484504227652,530.6965399028137,subject_002,19.588675104746137,False
2025-11-26T19:15:18.382,7,1626,237,1603.775,255.39166666666668,1602,245,1604,223,-22,18,-24,8,-22,-14,30.21,120,1608.9768590626843,229.97930236401828,1600.1526074637195,231.31649152517045,1600.8554546244154,251.39180543138647,subject_002,28.847946682177817,False
2025-11-26T19:15:24.790,22,1369,534,1335.9747899159663,505.0252100840336,1337,504,1336,524,-33,-28,-32,-30,-33,-10,28.31,119,1336.2141768830604,513.9029957668112,1335.230305506508,506.66553502201566,1339.0496948328112,522.1405335969871,subject_002,43.934075064452536,False
2025-11-26T19:15:31.198,15,668,136,702.3217391304348,146.31304347826088,668,121,675,114,34,10,0,-15,7,-22,30.76,115,669.1441643497103,121.76096249599334,689.0,132.0,657.2985693454137,143.1453861313228,subject_002,35.837698624801796,False
2025-11-26T19:15:37.603,19,315,200,365.1666666666667,204.01666666666668,341,195,339,180,50,4,26,-5,24,-20,29.76,120,331.982060935334,186.16159902701375,336.5184382731851,177.32306393791336,341.2548729167642,208.44829361694897,subject_002,50.32720989241861,False
2025-11-26T19:15:56.823,0,849,978,838.7226890756302,805.546218487395,821,860,802,876,-10,-172,-28,-118,-47,-102,61.27,119,803.0578532655742,878.6544452459483,806.1787187960857,887.9029637229646,809.0439464941467,849.8079889709043,subject_002,172.7597461153306,False
2025-11-26T19:16:03.227,16,847,822,883.8389830508474,706.3813559322034,867,752,854,765,36,-115,20,-70,7,-57,41.36,118,852.9178207901854,763.9563665442612,859.8375334154325,768.6323005824494,858.2754459338478,742.860358989988,subject_002,121.34571079480504,False
2025-11-26T19:16:09.636,14,325,702,404.2857142857143,613.9411764705883,372,645,357,662,79,-88,47,-57,32,-40,35.18,119,355.1352541776753,657.393643259721,357.8289340489273,655.9334694618275,360.7464764318155,648.3166998512805,subject_002,118.49295713746024,False
2025-11-26T19:16:16.043,23,1337,149,1342.1166666666666,205.53333333333333,1348,177,1328,175,5,56,11,28,-9,26,37.41,120,1338.8991302129352,175.89124129423325,1346.5963370965983,163.5869371479962,1351.0836131676324,200.42864678720576,subject_002,56.76440835202596,False
2025-11-26T19:16:22.445,12,1430,503,1409.9666666666667,498.60833333333335,1414,504,1415,514,-20,-4,-16,1,-15,11,49.83,120,1414.6729150532783,506.3717165646187,1414.7040529817727,509.6601180332024,1417.3391813811102,514.5181163607268,subject_002,20.50905118613619,False
2025-11-26T19:16:28.853,25,138,868,212.65254237288136,784.4406779661017,171,818,143,852,74,-83,33,-50,5,-16,47.69,118,144.5561193684191,843.6226910517379,163.0,1060.0,138.5813131584553,833.3240329444835,subject_002,112.04982097932852,False
2025-11-26T19:16:35.261,5,255,887,347.453781512605,790.655462184874,308,825,283,861,92,-96,53,-62,28,-26,35.35,119,283.95173649052555,854.9246625315243,280.9734093653177,850.736133233994,278.3857829929869,838.6673270290883,subject_002,133.52891702845028,False
2025-11-26T19:16:41.667,26,553,223,601.0176991150443,241.07079646017695,566,242,573,228,48,18,13,19,20,5,32.02,113,566.3895595244769,232.30466218307916,562.7808504579879,232.34893796665287,559.2292972203549,245.9147454104212,subject_002,51.30548813731398,False
2025-11-26T20:14:14.209,10,865,550,856.7606837606837,582.4957264957264,833,562,835,556,-8,32,-32,12,-30,6,42.52,117,835.356505886835,555.1853131358802,829.7398452264284,553.4826099635823,830.0683612052258,551.8685691087167,subject_002,33.523999948939846,False
2025-11-26T20:14:33.429,6,870,343,889.7142857142857,380.66386554621846,875,332,874,320,19,37,5,-11,4,-23,24.21,119,873.6143817327538,319.8631717988362,872.189170910037,315.3079330985006,870.6555153049811,309.5732719101033,subject_002,42.51140822306537,False
2025-11-26T20:14:39.833,1,1555,608,1555.7226890756303,566.6722689075631,1556,580,1559,590,0,-41,1,-28,4,-18,32.75,119,1558.8449263313196,594.2546572149746,1554.8641208740312,599.2077456656465,1553.697399252416,601.1667754513065,subject_002,41.33404936307127,False
2025-11-26T20:14:46.243,8,629,233,668.9655172413793,301.87068965517244,636,225,636,218,39,68,7,-8,7,-15,26.37,116,635.8971566309066,227.78742625584783,633.4782974102615,221.37859567345143,629.74380490202,221.91268501031084,subject_002,79.6267195227209,False
2025-11-26T20:14:52.646,25,1512,245,1523.9916666666666,257.9166666666667,1537,243,1555,247,11,12,25,-2,43,2,29.17,120,1550.7885381043004,251.9019477898146,1555.5415824241304,245.87107954327175,1554.1762596120643,252.09988493832597,subject_002,17.624992119777534,False
2025-11-26T20:14:59.052,20,164,390,215.86666666666667,424.1666666666667,177,400,145,385,51,34,13,10,-19,-5,24.76,120,153.8545989054965,379.53549725069234,163.0,596.0,142.81899764849646,372.3193736003244,subject_002,62.10887394102573,False
2025-11-26T20:15:05.461,3,311,234,391.125,291.7916666666667,353,243,330,208,80,57,42,9,19,-26,23.45,120,336.8040466448709,220.6798701730071,329.3676870583951,214.5095815991336,327.8110034061506,214.4067714135328,subject_002,98.79216750892306,False
2025-11-26T20:15:11.867,4,1804,263,1775.2605042016808,256.33613445378154,1793,280,1816,289,-28,-6,-11,17,12,26,26.38,119,1810.3362597744865,290.4706532366855,1741.0,132.0,1815.8829526060292,308.0155680364522,subject_002,29.501961337505794,False
2025-11-26T20:15:18.273,28,1199,782,1231.3865546218487,776.4117647058823,1229,787,1217,791,32,-5,30,5,18,9,36.65,119,1218.7209510756732,795.6680957316571,1224.895887263103,794.1869015270042,1223.4733157955504,797.0408388878683,subject_002,32.86513797287964,False
2025-11-26T20:15:24.678,19,372,546,421.15966386554624,552.2689075630252,393,539,373,528,49,6,21,-7,1,-18,30.2,119,377.7409099738043,528.4232199031712,381.0344629228211,532.7917414886937,377.32313337659343,530.0209538535141,subject_002,49.55776178770836,False
2025-11-26T20:15:31.083,11,645,728,671.5042016806723,735.344537815126,651,737,642,736,26,7,6,9,-3,8,32.79,119,644.208550705095,740.9976906213761,640.723011657921,741.7277437213876,646.4478859608199,746.8851259003906,subject_002,27.502998790087744,False
2025-11-26T20:15:43.898,16,1134,275,1151.2542372881355,317.364406779661,1158,279,1156,266,17,42,24,4,22,-9,30.76,118,1156.9784258760117,263.1593092127458,1163.2016764731118,254.19041874929368,1162.400329082711,247.5961266584324,subject_002,45.74332373350098,False
2025-11-26T20:15:50.304,29,1630,495,1646.5726495726497,456.1025641025641,1651,470,1662,482,16,-38,21,-25,32,-13,26.35,117,1660.156259438622,487.51522393010487,1653.271280010734,497.4973531558385,1655.5232734835336,498.41126585231166,subject_002,42.280766706068384,False
2025-11-26T20:15:56.708,15,227,483,288.52941176470586,504.6806722689076,254,487,228,479,61,21,27,4,1,-4,31.77,119,234.56332267401817,473.8743674810239,226.84201876113937,469.3450063032391,229.026406448665,471.5700242461058,subject_002,65.23741305525918,False
2025-11-26T20:16:03.118,17,705,666,751.0672268907563,648.2689075630252,721,635,724,633,46,-17,16,-31,19,-33,31.47,119,724.698392335869,634.4670085686956,711.9173844889713,630.4423244125184,720.9580556575859,636.0272695450972,subject_002,49.3617365214491,False
2025-11-26T20:16:09.524,23,1659,577,1660.8067226890755,536.453781512605,1662,559,1668,571,1,-40,3,-18,9,-6,39.68,119,1667.9227586629693,576.3922626922096,1660.6503702865664,596.7510292856836,1660.8426036916137,587.8490628348831,subject_002,40.58645193291465,False
2025-11-26T20:16:15.928,7,826,621,857.8833333333333,624.6916666666667,834,610,836,605,31,3,8,-11,10,-16,28.18,120,836.2298863831247,605.2097455205756,829.9384887543623,603.2208451387303,831.3672432321672,603.4064279176515,subject_002,32.096344764197404,False
2025-11-26T20:16:22.332,24,1256,285,1254.8333333333333,323.175,1264,290,1266,283,-1,38,8,5,10,-2,24.2,120,1266.28676607382,280.6249186105863,1270.873227783879,267.02650546909956,1271.911610287512,266.86221952347034,subject_002,38.192823096900185,False
2025-11-26T20:16:28.742,13,414,581,465.30252100840335,593.09243697479,440,584,421,575,51,12,26,3,7,-6,25.7,119,426.33997152392016,576.668348494165,436.8257544962351,585.9592978051828,428.4115515090134,580.1412535147468,subject_002,52.7084024972009,False
2025-11-26T20:16:35.148,9,1254,438,1262.3193277310925,435.8151260504202,1269,413,1266,412,8,-2,15,-25,12,-26,32.96,119,1268.1409281873623,407.5386380001849,1273.8156634075915,399.02819978073177,1273.1793608391251,396.8582968331508,subject_002,8.601446859271798,False
2025-11-26T20:16:41.554,22,501,414,548.6806722689075,458.0,514,424,506,408,47,44,13,10,5,-6,28.95,119,508.443349599082,411.9665777920896,498.2743042206875,409.7777165033433,502.1948163005971,409.9627857407093,subject_002,64.88024744107383,False
2025-11-26T20:16:47.959,31,1107,542,1129.4453781512605,518.109243697479,1131,501,1122,494,22,-23,24,-41,15,-48,35.44,119,1125.4537897100945,489.57394989410096,1130.3051429100228,487.3462435696854,1129.2858129207173,479.7239617662911,subject_002,32.78053137244008,False
2025-11-26T20:16:54.367,14,701,832,739.5166666666667,779.2166666666667,721,784,713,785,38,-52,20,-48,12,-47,35.57,120,714.0424082770991,791.0518012114245,704.1473232543716,787.5745577792964,714.2114211306724,796.1895848437593,subject_002,65.3422825503432,False
2025-11-26T20:17:00.773,26,792,722,825.0,696.3166666666667,802,690,801,688,33,-25,10,-32,9,-34,31.82,120,801.6476951435423,690.5414042489897,791.828774854667,687.3946866788375,797.7859871214416,691.8373992575133,subject_002,41.816666666666634,False
2025-11-26T20:17:07.188,0,695,376,725.6440677966102,412.7203389830509,694,360,697,353,30,36,-1,-16,2,-23,24.04,118,696.4852467151082,355.519367912033,690.961600145558,351.2520346696838,689.1834836434663,350.13105750052506,subject_002,47.82721177481928,False
2025-11-26T20:17:13.583,5,786,323,831.8235294117648,382.88235294117646,810,329,811,320,45,59,24,6,25,-3,33.2,119,811.0532408005838,321.2882584509131,808.5581797402199,317.2255167937779,806.2371951138015,312.6926958327545,subject_002,75.40352804426657,False
2025-11-26T20:17:19.992,21,1338,471,1352.372881355932,469.7881355932203,1357,454,1358,460,14,-1,19,-17,20,-11,34.59,118,1359.0586369988448,456.9806147746376,1361.7987267613423,443.8471286767159,1362.3285290155904,451.2720674543101,subject_002,14.423880677962991,False
2025-11-26T20:17:26.397,18,332,658,395.6186440677966,640.1779661016949,377,640,350,636,63,-17,45,-18,18,-22,26.6,118,355.6837011237969,635.5148057773166,366.9828529696931,643.8863942378563,361.53829486608606,640.9243033368268,subject_002,66.06781943803902,False
2025-11-26T20:29:16.241,29,561,188,568.563025210084,239.8403361344538,537,223,547,217,7,51,-24,35,-14,29,22.64,119,540.2517144281798,215.1760299918962,538.0095652176673,218.0197108526432,523.3980273125629,216.21567607201155,subject_002,52.38911910751622,False
2025-11-26T20:29:22.648,7,1616,829,1531.7983193277312,877.5966386554621,1561,903,1593,932,-84,48,-55,74,-23,103,43.33,119,1591.5695092895971,925.207131919219,1597.0687664406196,923.756667371006,1594.3145523901746,927.3918432858771,subject_002,97.21911497562752,False
2025-11-26T20:29:29.061,22,1296,140,1241.2016806722688,174.65546218487395,1272,134,1272,136,-54,34,-24,-6,-24,-4,24.84,119,1270.4528989468984,127.9216334475905,1215.0,132.0,1282.3187978866472,133.95782845484726,subject_002,64.83715647983973,False
2025-11-26T20:29:41.866,14,1453,767,1378.873949579832,760.6134453781513,1398,785,1412,809,-74,-6,-55,18,-41,42,43.37,119,1415.2431486311352,806.3095079974274,1418.5145620295675,805.9701518838654,1420.8373222688265,804.9069619471595,subject_002,74.40066821495049,False
2025-11-26T20:29:54.677,15,729,939,743.2393162393163,877.4358974358975,733,924,713,960,14,-61,4,-15,-16,21,39.15,117,715.6546929377782,959.9715068047396,719.5872728489273,950.5260199736484,720.5293672847135,958.708854139736,subject_002,63.18937293158236,False
2025-11-26T20:30:01.086,25,1480,379,1443.8333333333333,399.725,1451,396,1474,384,-36,20,-29,17,-6,5,32.0,120,1477.6462842603144,383.7690106226577,1456.015667298646,394.9919925322639,1458.1405153925991,383.896572708146,subject_002,41.683970573564416,False
2025-11-26T20:30:07.502,24,803,743,810.25,679.9416666666667,792,709,780,731,7,-63,-11,-34,-23,-12,52.02,120,787.8587648675095,737.0851718549765,781.085469550906,734.2650960682511,787.8062341423743,733.6989367804349,subject_002,63.47374183690269,False
2025-11-26T20:30:13.896,9,477,727,537.1864406779661,671.2372881355932,518,701,479,712,60,-55,41,-26,2,-15,36.75,118,492.5942886027292,716.6114838438268,510.52754521161165,728.2461171201478,499.33179319927933,714.3385111880054,subject_002,82.04808148857099,False
2025-11-26T20:30:20.302,8,123,473,171.18487394957984,457.672268907563,119,433,94,440,48,-15,-4,-40,-29,-33,31.71,119,100.7608657320509,445.1593531132283,163.0,596.0,80.42715191297555,451.8351663790479,subject_002,50.56403284923936,False
2025-11-26T20:30:26.710,13,802,526,815.5714285714286,497.3697478991597,793,506,789,519,13,-28,-9,-20,-13,-7,27.66,119,795.5852379669541,522.0166019482681,790.5509191719136,508.059587366985,794.3343613997499,520.8127604810584,subject_002,31.683986630900144,False
2025-11-26T20:30:33.115,16,540,861,569.09243697479,786.0588235294117,559,830,514,847,29,-74,19,-31,-26,-14,39.51,119,524.6295031578018,850.4207304774292,546.9545464699365,858.6611275984585,532.0208503870294,847.9098898379957,subject_002,80.38998581868255,False
2025-11-26T20:30:39.522,12,1254,783,1217.2,754.5916666666667,1226,784,1233,811,-36,-28,-28,1,-21,28,32.58,120,1235.793565959989,812.8968014796217,1238.4355608877374,803.029252678402,1242.7898439146643,809.0116197930087,subject_002,46.48949776861192,False
2025-11-26T20:30:45.926,19,863,265,887.325,266.175,886,258,884,253,24,1,23,-7,21,-12,27.71,120,883.3484361234882,248.91529393989143,885.689092084448,253.12005501001616,875.6699089318885,250.02527034151015,subject_002,24.35336219087628,False
2025-11-26T20:30:52.344,26,412,296,419.61344537815125,289.453781512605,376,275,381,267,7,-6,-36,-21,-31,-29,27.73,119,378.5937487148186,266.5583768887312,374.68618303281914,268.82446014327553,354.7885447262686,268.6245416364517,subject_002,10.040793146500157,False
2025-11-26T20:30:58.757,21,166,939,219.08333333333331,898.7416666666667,169,927,125,951,53,-40,3,-12,-41,12,44.36,120,120.94052061161088,954.8934837244336,163.0,1060.0,118.83403223457115,957.4635801852822,subject_002,66.62262138760042,False
2025-11-26T20:31:05.161,4,550,462,564.175,472.8666666666667,524,478,517,485,14,10,-26,16,-33,23,31.87,120,525.4458274650378,485.84774040452737,515.7249296733484,481.6583572038541,516.2113663780182,485.71143617380994,subject_002,17.860992957964104,False
2025-11-26T20:31:11.566,27,1740,405,1729.7155172413793,479.1465517241379,1757,470,1782,447,-10,74,17,65,42,42,28.07,116,1797.2478224653398,456.7745262033469,1741.0,596.0,1808.43379455638,462.00327272736473,subject_002,74.85640732891623,False
2025-11-26T20:31:17.976,28,1344,219,1305.1880341880342,273.5897435897436,1324,250,1331,247,-38,54,-20,31,-13,28,44.25,117,1333.1902477723927,242.12923006026216,1332.8135282107835,239.97186045955965,1340.85075482434,245.23903696039,subject_002,66.98065986076246,False
2025-11-26T20:31:30.786,30,1001,139,975.470588235294,172.07563025210084,993,143,989,143,-25,33,-8,4,-12,4,37.26,119,984.104759888779,135.2320587035019,989.2841673989396,132.0,973.8369908516828,139.3338626002995,subject_002,41.78215147195744,False
2025-11-26T20:31:37.196,6,967,790,959.3361344537816,750.9663865546219,949,799,947,814,-7,-39,-18,9,-20,24,35.85,119,950.9913781391548,821.9901289982176,942.3629427377734,856.2068577097126,940.9486549425304,815.4363580578319,subject_002,39.778861392876976,False
2025-11-26T20:31:43.602,1,1356,724,1307.5042016806722,694.3949579831933,1319,711,1329,736,-48,-29,-37,-13,-27,12,37.79,119,1333.0578758239635,735.6587806049151,1334.012427716429,725.9583255937449,1341.2376248626902,733.7088245101669,subject_002,56.81813942259822,False
2025-11-26T20:31:50.006,17,593,762,625.75,720.9166666666666,610,754,576,774,32,-41,17,-8,-17,12,48.23,120,588.1264154650465,777.9067108900297,598.2910652473041,773.1593969095434,587.7110340115526,775.7554382330412,subject_002,52.539535378396536,False
2025-11-26T20:31:56.410,5,490,327,550.8983050847457,327.135593220339,509,321,517,317,60,0,19,-6,27,-10,26.73,118,516.6899367096063,315.90224908039875,504.959748245612,317.51821919037616,500.40627581296746,316.3391223160054,subject_002,60.89845603721141,False
2025-11-26T20:32:02.800,11,211,854,250.45762711864407,824.5,209,853,159,869,39,-29,-2,-1,-52,15,46.11,118,162.08965767100335,872.87374671126,163.0,1060.0,166.15900074554284,874.4903645181612,subject_002,49.266158139578486,False
2025-11-26T20:32:09.205,2,1054,347,1041.957627118644,356.8898305084746,1046,356,1042,355,-12,9,-8,9,-12,8,27.06,118,1046.3293418589194,352.34877062262433,1048.9104197340548,350.94593372145073,1047.7064997939312,353.1542894943622,subject_002,15.58292309228188,False
2025-11-26T20:32:15.603,3,1817,828,1751.8833333333334,891.0166666666667,1788,900,1838,924,-65,63,-29,72,21,96,47.49,120,1837.4151354812925,921.8267382908152,1741.0,1060.0,1840.3729893995703,929.516149197244,subject_002,90.61611642282811,False
2025-11-26T20:32:22.016,0,109,842,162.15126050420167,832.9159663865546,106,847,61,869,53,-9,-3,5,-48,27,34.97,119,62.525636717864984,875.8068065965925,163.0,1060.0,70.11833077738815,879.9416348877216,subject_002,53.92194506762265,False
2025-11-26T20:32:34.818,23,1810,927,1737.364406779661,945.5169491525425,1773,958,1830,989,-72,18,-37,31,20,62,39.86,118,1823.736744906038,984.0500748213628,1741.0,1060.0,1827.3042189178832,992.002495603897,subject_002,74.95870068503315,False
2025-11-26T20:52:09.045,2,690,974,657.425,875.8583333333333,686,880,693,874,-32,-98,-4,-94,3,-100,40.62,120,672.7507989128375,888.7377916368042,671.4751005518149,908.133366267195,660.1054390258811,912.0384926678764,subject_002,103.4065634334258,False
2025-11-26T20:52:15.439,5,1379,199,1342.4873949579833,270.1512605042017,1350,245,1338,223,-36,71,-29,46,-41,24,39.8,119,1344.7692821364774,214.7417749494998,1357.348670702898,201.86298486072928,1348.841683842279,201.82396871271692,subject_002,79.9729466650509,False
2025-11-26T20:52:21.835,0,1463,660,1438.90756302521,697.6050420168067,1452,692,1456,669,-24,37,-11,32,-7,9,39.27,119,1457.7055598623983,674.001320780015,1488.4671071361445,690.5907892755638,1456.4325508722527,689.2513235294477,subject_002,44.66077366627254,False
2025-11-26T20:52:34.645,30,1361,943,1313.424778761062,868.1150442477876,1328,871,1341,858,-47,-74,-33,-72,-20,-85,29.66,113,1336.5965690829323,864.440997494808,1350.4620471832998,871.3207326670275,1331.514495866135,879.4939504767602,subject_002,88.71954843181234,False
2025-11-26T20:52:41.050,13,1131,625,1121.1379310344828,606.5689655172414,1113,599,1142,583,-9,-18,-18,-26,11,-42,36.97,116,1124.3375308684138,589.9658678576885,1109.827224693687,589.9821660359188,1129.228985448935,586.0541938421827,subject_002,20.903670404626418,False
2025-11-26T20:52:47.460,12,1705,285,1679.9304347826087,358.0695652173913,1674,331,1668,296,-25,73,-31,46,-37,11,35.67,115,1675.5737792018806,300.98155053226844,1667.9526995032256,303.52079068073135,1696.1208212080237,310.13768622122365,subject_002,77.25053049169071,False
2025-11-26T20:52:53.865,26,1163,546,1141.2820512820513,568.1538461538462,1133,559,1160,542,-21,22,-30,13,-3,-4,40.81,117,1144.1449948777697,547.1699482003804,1128.2264088833706,548.7025372281993,1149.0529902739331,543.9307911699259,subject_002,31.02357484113874,False
2025-11-26T20:53:00.268,6,632,412,624.5338983050848,430.271186440678,613,421,635,401,-7,18,-19,9,3,-11,37.87,118,612.3229762287988,404.5089846648912,609.2899413855845,404.8145789362056,617.174705507851,400.9365668033954,subject_002,19.737753886114564,False
2025-11-26T20:53:06.659,23,1612,797,1511.9915966386554,774.1932773109244,1531,770,1529,747,-100,-22,-81,-27,-83,-50,30.41,119,1534.2428521829108,751.1874366987852,1555.886847961396,757.6326642854946,1532.8426815784055,763.7482460165556,subject_002,102.57595889243149,False
2025-11-26T20:53:13.065,21,1220,720,1223.579831932773,647.9747899159664,1222,641,1245,625,3,-72,2,-79,25,-95,42.46,119,1233.143891667041,631.2310866710986,1216.3251810799516,628.4803105950145,1234.960131544368,630.4458073294503,subject_002,72.11411848116894,False
2025-11-26T20:53:19.476,20,1672,668,1601.436974789916,723.0420168067227,1612,703,1613,687,-70,55,-60,35,-59,19,33.23,119,1618.178969247765,688.6149173045487,1623.0724492836016,680.8057418395472,1623.3481648096208,678.2824682596868,subject_002,89.49169872647691,False
2025-11-26T20:53:25.879,15,1478,392,1434.9583333333333,424.3,1441,408,1437,379,-43,32,-37,16,-41,-13,35.4,120,1440.9404469507604,379.0404043904591,1446.6041704472395,384.563192311761,1446.7105343144722,383.8428033920695,subject_002,53.81333542389332,False
2025-11-26T20:53:38.695,1,1353,612,1321.0169491525423,603.1864406779661,1325,595,1337,573,-31,-8,-28,-17,-16,-39,29.22,118,1332.6721452566098,578.1022691866731,1332.8382380545254,583.3247995142585,1333.781852776632,582.6766797514346,subject_002,33.17520714982913,False
2025-11-26T20:53:45.100,31,256,134,245.52941176470588,152.58823529411765,239,117,220,102,-10,18,-17,-17,-36,-32,30.87,119,220.3286555595064,100.1705796605911,163.0,132.0,223.40449470834423,94.00419217903394,subject_002,21.334378578776573,False
2025-11-26T20:53:51.514,4,1183,879,1169.4117647058824,795.8655462184873,1172,794,1198,785,-13,-83,-11,-85,15,-94,32.85,119,1182.6981696648963,793.3393867234381,1167.9475036311294,786.2896061219748,1182.582038529471,791.1287461728804,subject_002,84.23762546486437,False
2025-11-26T20:53:57.909,8,1573,327,1553.781512605042,384.73949579831935,1556,364,1549,331,-19,57,-17,37,-24,4,34.29,119,1555.398760700956,332.96263037503314,1556.8881891948793,338.1024713240146,1567.531930722439,342.0709453003657,subject_002,60.85392043898484,False
2025-11-26T20:54:10.694,29,1158,327,1137.81512605042,360.07563025210084,1135,340,1144,324,-20,33,-23,13,-14,-3,35.65,119,1137.432673728944,318.4187600976083,1139.757498611514,308.0612119392799,1141.1800711475717,305.69042640189883,subject_002,38.74824451422436,False
2025-11-26T20:54:17.100,27,782,969,817.5126050420168,884.344537815126,824,893,854,884,35,-84,42,-76,72,-85,47.26,119,828.3527951932773,899.0019345657134,823.0866993326761,908.94019142598,824.1690658201294,910.7420084438183,subject_002,91.80246398983476,False
2025-11-26T20:54:23.506,24,269,196,236.4017094017094,220.8034188034188,225,190,216,172,-32,24,-44,-6,-53,-24,34.86,117,212.22867896831053,172.44629121138584,216.715530842715,163.88724461592062,215.4776053902821,161.4036922208092,subject_002,40.96166664417343,False
2025-11-26T20:54:29.910,10,995,333,960.1379310344828,353.87068965517244,948,342,967,321,-34,20,-47,9,-28,-12,30.01,116,952.9405392544032,319.02482701709874,939.0463222434164,329.02318280198074,959.1565376066718,332.05467498064513,subject_002,40.63187836218011,False
2025-11-26T20:54:36.316,28,1637,262,1618.3583333333331,324.8583333333333,1616,301,1607,265,-18,62,-21,39,-30,3,31.96,120,1615.085054072805,268.4118464753464,1612.497539237815,277.2850132474065,1632.39719975893,280.1186413262583,subject_002,65.5643333341807,False
2025-11-26T20:54:42.724,25,705,878,715.9747899159664,783.655462184874,733,784,748,776,10,-94,28,-94,43,-102,53.73,119,723.7610852417545,790.095021606809,717.408640687237,801.8119183352804,718.1290050581417,799.2892311111897,subject_002,94.98072346139162,False
2025-11-26T20:54:49.142,11,1193,413,1212.7058823529412,419.6050420168068,1211,403,1221,384,19,6,18,-10,28,-29,45.31,119,1215.5151183508765,381.09606566253706,1220.1806770217945,366.41055811068327,1219.0853378532952,370.3273261501249,subject_002,20.783367853929335,False
2025-11-26T20:54:55.535,16,522,363,542.655462184874,385.57142857142856,531,371,548,352,20,22,9,8,26,-11,32.89,119,527.7176744655444,354.58665677435334,519.5708302635176,349.8374928196181,532.4240550338089,346.05676703455225,subject_002,30.59603742032388,False
2025-11-26T20:55:01.947,3,623,948,612.2857142857143,845.6218487394958,650,844,646,841,-10,-102,27,-104,23,-107,49.51,119,627.6731642802333,854.4662682549576,635.1204548992577,864.7391857966691,613.2664797436338,869.1492312448306,subject_002,102.93727106294406,False
2025-11-26T20:55:08.352,18,1677,890,1604.4833333333331,908.1083333333332,1626,904,1622,887,-72,18,-51,14,-55,-3,34.09,120,1630.1466980978755,887.546990430518,1642.4056156394877,894.3568422650269,1630.312365400493,893.1580287114165,subject_002,74.74341897823234,False
2025-11-26T20:55:14.755,17,783,553,807.8583333333333,537.8916666666667,793,536,827,515,24,-15,10,-17,44,-38,35.49,120,800.9328866707341,522.8392661363566,792.4072600564189,525.6690101985828,807.0866237480961,528.6719478125573,subject_002,29.089490752198177,False
2025-11-26T20:55:21.160,14,230,497,237.01666666666668,510.3333333333333,218,502,240,472,7,13,-12,5,10,-25,34.49,120,223.50980359340227,482.3157290860177,204.91080916399204,490.5681656964671,222.1233690386346,494.4954842359677,subject_002,15.066897122131303,False
2025-11-26T21:09:23.895,8,1418,734,1390.436974789916,707.3865546218487,1420,708,1423,708,-27,-26,2,-26,5,-26,40.56,119,1430.1016284351035,712.8344168687635,1425.9755797284129,712.876214982651,1439.4160673659164,712.5999997834631,subject_002,38.31443375057985,False
2025-11-26T21:09:36.715,26,1605,663,1531.3247863247864,675.1880341880342,1561,679,1567,676,-73,12,-44,16,-38,13,47.08,117,1575.1148074969508,678.5009758319613,1571.2446050581682,687.2702585773706,1586.717299955537,678.1930097690051,subject_002,74.67653773078312,False
2025-11-26T21:09:49.519,30,953,281,925.4406779661016,310.0508474576271,931,279,936,276,-27,29,-22,-2,-17,-5,30.85,118,939.110186901772,269.0321660598634,936.2466813972122,266.8382052323935,943.0984977682506,259.35665105933276,subject_002,40.04332614774201,False
2025-11-26T21:09:55.925,15,1083,916,1044.90756302521,826.3949579831933,1065,838,1077,845,-38,-89,-18,-78,-6,-71,31.37,119,1076.1692696190808,853.2499086933618,1078.723708507582,854.4418962724744,1078.9649695104154,855.8087097222684,subject_002,97.36579126937777,False
2025-11-26T21:10:02.332,27,842,926,801.7563025210084,831.5798319327731,806,846,832,859,-40,-94,-36,-80,-10,-67,46.82,119,823.8678766750843,868.3357585991873,820.4611152151758,868.1501785613343,823.7292259689865,871.2398806512635,subject_002,102.63880028831188,False
2025-11-26T21:10:08.740,12,1805,575,1746.533898305085,579.6016949152543,1784,582,1788,582,-58,4,-21,7,-17,7,45.91,118,1798.9411728518526,580.091991647689,1741.0,596.0,1810.7097648539257,581.2769410038005,subject_002,58.64691503816062,False
2025-11-26T21:10:15.145,19,1189,586,1132.235294117647,555.5042016806723,1159,523,1154,540,-56,-30,-30,-63,-35,-46,32.76,119,1161.010173352424,540.6725327078243,1168.2887791397677,515.7781745933221,1165.2086637197103,534.3250025124901,subject_002,64.43776492898512,False
2025-11-26T21:10:21.559,10,1308,556,1241.6833333333334,558.3333333333334,1274,532,1267,545,-66,2,-34,-24,-41,-11,34.89,120,1275.1038154502644,546.6224977269677,1284.1856682896334,528.6839953583417,1280.2002353244156,542.7468399150006,subject_002,66.35770281001456,False
2025-11-26T21:10:27.960,29,724,509,737.6864406779661,470.635593220339,745,450,743,447,13,-38,21,-59,19,-62,38.99,118,746.484076036131,449.3131559946892,743.6469249038514,445.2014800046788,749.1700962839134,440.6037561499306,subject_002,40.73262041640316,False
2025-11-26T21:10:34.367,0,1059,850,1002.5897435897436,798.8888888888889,1020,805,1032,814,-56,-51,-39,-45,-27,-36,36.05,117,1031.3547353819488,822.1331700636144,1032.5079336486433,816.6342448781644,1033.9697610990738,823.5411653672037,subject_002,76.12136826990967,False
2025-11-26T21:10:40.773,24,435,455,442.9734513274336,420.34513274336285,455,409,434,394,7,-34,20,-46,-1,-61,26.88,113,439.9784072963308,403.4220176536707,456.9434603508405,404.0153157451704,439.3633405268501,398.8771796289988,subject_002,35.56031145316496,False
2025-11-26T21:10:47.176,2,1100,207,1059.4655172413793,253.98275862068965,1068,224,1078,221,-40,46,-32,17,-22,14,33.61,116,1078.9010651440956,212.03240443542455,1078.234280074951,208.6467569216682,1082.711527930876,205.02735946616824,subject_002,62.05178402043656,False
2025-11-26T21:10:59.992,14,454,171,461.625,202.9,462,165,446,155,7,31,8,-6,-8,-16,27.91,120,452.9110681497677,159.3929362173616,450.854673109878,153.5472883238455,453.8716866766309,157.50229578562715,subject_002,32.79863754792263,False
2025-11-26T21:11:06.397,7,304,213,307.1764705882353,238.30252100840335,295,204,284,194,3,25,-9,-9,-20,-19,21.87,119,291.73868129426984,204.3063852362203,291.26119509436427,198.8957446604203,292.3945461454253,201.12071129472844,subject_002,25.501128107960568,False
2025-11-26T21:11:12.799,18,566,844,587.7913043478261,747.5130434782609,588,763,607,768,21,-96,22,-81,41,-76,38.57,115,601.0867494336433,779.3442487291271,597.1137451207269,781.0073451094232,597.3433104721172,780.9181957673043,subject_002,98.91710531554972,False
2025-11-26T21:11:19.209,21,917,725,910.6206896551724,647.0948275862069,922,632,929,642,-6,-77,5,-93,12,-83,32.2,116,931.003885708433,646.9808130541659,927.4583877976758,645.2813341862011,934.3312656487876,641.2683104503651,subject_002,78.16592281357944,False
2025-11-26T21:11:25.616,1,1341,714,1318.3063063063064,653.9099099099099,1351,642,1348,649,-22,-60,10,-72,7,-65,48.62,111,1355.5014611002496,653.5786932651995,1357.0396031062935,643.160011091872,1362.5913182186343,652.5285468051268,subject_002,64.23256697733898,False
2025-11-26T21:11:38.425,16,1753,506,1695.2941176470588,541.1596638655462,1733,545,1736,540,-57,35,-20,39,-17,34,38.94,119,1745.3777547594243,541.0912659962884,1741.0,596.0,1755.962790669666,544.2227630616637,subject_002,67.57344760532564,False
2025-11-26T21:11:44.835,25,129,560,107.46218487394958,548.546218487395,79,551,97,555,-21,-11,-50,-9,-32,-5,36.06,119,100.26524505518348,567.206052083885,163.0,596.0,88.92391459989378,564.4266680441871,subject_002,24.393986786550876,False
2025-11-26T21:11:51.243,22,126,833,58.81512605042017,777.5042016806723,72,828,78,843,-67,-55,-54,-5,-48,10,33.18,119,73.97315170980254,836.3818625238134,163.0,1060.0,42.45457584378167,837.4644841022305,subject_002,87.14121251578055,False
2025-11-26T21:11:57.646,3,1399,844,1332.2773109243697,794.3697478991596,1359,805,1367,804,-66,-49,-40,-39,-32,-40,49.46,119,1371.4836154344268,809.288330579417,1369.432596795108,811.0108695137379,1380.0946814070794,810.1501542474836,subject_002,83.15695497717681,False
2025-11-26T21:12:04.051,6,929,192,874.375,246.74166666666667,878,212,883,208,-54,54,-51,20,-46,16,33.75,120,884.6541261009686,200.3031766536928,884.6096253874719,197.28209150580705,888.1965400786286,192.93922422262008,subject_002,77.33395563686398,False
2025-11-26T21:12:10.460,13,795,748,788.0508474576271,698.9237288135594,793,696,807,704,-6,-49,-2,-52,12,-44,35.55,118,804.8590809362745,712.1391344702062,801.7611218200124,704.0272349636084,806.662065690038,709.3957504530911,subject_002,49.56582607626176,False
2025-11-26T21:12:16.863,17,791,288,784.787610619469,319.1858407079646,791,288,789,283,-6,31,0,0,-2,-5,24.81,113,792.4538059349258,279.1595093362138,790.4607498682752,275.6886137825418,795.5788353135025,270.68085430813903,subject_002,31.79859183168141,False
2025-11-26T21:12:23.271,4,507,333,499.8584070796461,353.49557522123894,513,334,491,319,-7,20,6,1,-16,-14,30.99,113,497.3146340145577,325.1909468326793,511.3733576611254,325.36466347322255,497.0581363736582,320.20790838459516,subject_002,21.70416902554697,False
2025-11-26T21:12:29.676,20,502,247,495.4705882352941,261.0924369747899,503,230,483,218,-6,14,1,-17,-19,-29,22.79,119,490.10327406304,222.2279085805356,496.6480609196836,219.91039807070885,490.58722979626674,218.71234655999183,subject_002,15.531580662685483,False
2025-11-26T21:12:36.096,23,1565,907,1499.95,944.9333333333332,1521,964,1543,974,-65,37,-44,57,-22,67,63.65,120,1545.7481481259083,964.4826588764458,1540.945280979639,960.103882636095,1559.2084150422024,962.4688074850689,subject_002,75.30232584573838,False
2025-11-26T21:12:42.492,9,778,802,746.2083333333334,771.7083333333334,749,780,770,790,-31,-30,-29,-22,-8,-12,55.3,120,764.22114414175,800.1125042989456,760.4887992260401,798.1349600011084,764.1895211284846,800.8148941651195,subject_002,43.91235747359602,False
2025-11-26T23:33:14.461,15,1249,855,1200.8655462184877,816.6638655462185,1222,809,1245,807,-48,-38,-27,-46,-4,-48,45.03,119,1241.5943694083458,803.421173363288,1234.6361488234957,795.2997090547271,1248.0902980628134,793.2631726615623,subject_002,61.535232555853376,False
2025-11-26T23:33:27.273,18,861,393,864.7606837606837,415.8290598290598,865,384,807,344,3,22,4,-9,-54,-49,39.98,117,825.6449910440504,359.76459221290054,852.7209450199625,362.5912800595878,814.1884195493558,359.5193948473729,subject_002,23.136739507256912,False
2025-11-26T23:33:33.688,17,680,516,718.3025210084033,527.8823529411765,676,520,649,498,38,11,-4,4,-31,-18,22.42,119,668.1049042115583,521.5141711535821,658.8989251978282,520.1720864320409,658.3938487060841,524.4298104147308,subject_002,40.10328449164563,False
2025-11-26T23:33:40.083,21,496,300,585.7731092436975,297.8067226890756,503,259,496,243,89,-2,7,-41,0,-57,26.79,119,493.6845004775247,253.39264334468976,487.72493519986887,252.0788462383439,478.9425981916973,251.3436964227061,subject_002,89.79989759817914,False
2025-11-26T23:33:46.496,0,1076,262,1135.6583333333333,313.375,1123,226,1097,198,59,51,47,-36,21,-64,26.9,120,1102.6409141345257,196.27062084649117,1108.6848928877696,193.63916814542853,1114.5199128800964,188.24426696576688,subject_002,78.73059990315778,False
2025-11-26T23:33:52.899,24,1257,274,1313.6864406779662,357.3728813559322,1284,241,1290,229,56,83,27,-33,33,-45,22.72,118,1291.564444703707,226.76762578579505,1274.780813605466,209.69451645700292,1324.8129983162346,209.91203455892372,subject_002,100.81859899010163,False
2025-11-26T23:33:59.302,23,1642,467,1619.7142857142858,560.3193277310925,1620,464,1643,429,-22,93,-22,-3,1,-38,28.86,119,1662.4411848247923,450.1989741379694,1655.5062781135236,449.3161802434201,1701.0810719234516,439.0309503416479,subject_002,95.94347288590052,False
2025-11-26T23:34:05.708,13,732,205,790.3793103448276,250.44827586206893,744,196,723,166,58,45,12,-9,-9,-39,22.79,116,723.057114718035,171.52846939537005,722.411400929523,173.68141817966762,709.2647130797353,175.01714856923945,subject_002,73.98438791510279,False
2025-11-26T23:34:12.114,14,448,478,564.6470588235294,456.4033613445378,477,446,471,432,116,-21,29,-32,23,-46,24.26,119,481.5070501659585,450.5668394052397,474.2611170704565,449.34581072646375,473.0017796168769,448.40529584685913,subject_002,118.62946991955468,False
2025-11-26T23:34:18.523,22,1710,545,1667.9083333333333,542.5916666666667,1683,464,1690,404,-42,-2,-27,-81,-20,-141,34.69,120,1719.0262398155987,431.65105332584625,1736.6210465334946,454.7040815800269,1754.5695154369032,425.6670734397624,subject_002,42.160508443592384,False
2025-11-26T23:34:24.927,5,776,249,841.1176470588235,285.02521008403363,815,234,778,199,65,36,39,-15,2,-50,15.93,119,784.2407587945561,205.69077429437783,794.1752819127244,207.48813027631292,771.7564741470799,208.3672773560484,subject_002,74.41857106983625,False
2025-11-26T23:34:31.332,31,1783,125,1732.4,222.75652173913045,1753,177,1716,49,-50,97,-30,52,-67,-76,39.61,115,1769.7356665483378,82.28544435285804,1741.0,132.0,1791.7767323489834,101.18650187472272,subject_002,110.0758717545906,False
2025-11-26T23:34:44.148,19,718,791,778.3277310924369,714.0336134453781,765,741,739,730,60,-76,47,-50,21,-61,29.88,119,757.395458634735,752.4055740186841,752.6875122086482,757.7340118580358,749.1821464133465,763.9389043491624,subject_002,97.79192092415845,False
2025-11-26T23:34:50.562,30,1390,197,1408.5126050420167,352.9747899159664,1373,227,1390,215,18,155,-17,30,0,18,38.12,119,1394.1742000429128,217.1481326836889,1380.7360903525268,207.44384260991677,1433.5944362910093,204.09875647589132,subject_002,157.06957577701536,False
2025-11-26T23:34:56.958,7,1540,117,1575.9663865546215,310.01680672268907,1554,202,1562,153,35,193,14,85,22,36,23.68,119,1585.255402903961,172.5212543332582,1585.5635438703623,186.4258078279069,1621.6072755432554,177.61490502256066,subject_002,196.33916735898717,False
2025-11-26T23:35:03.368,29,1803,904,1690.093220338983,879.7372881355932,1773,877,1809,828,-112,-24,-30,-27,6,-76,54.59,118,1825.7928186183929,847.068602262611,1741.0,1060.0,1819.2705738441064,848.8825018584079,subject_002,115.48428499339931,False
2025-11-26T23:35:09.778,16,763,364,818.5126050420168,404.8571428571428,803,374,755,337,55,40,40,10,-8,-27,23.95,119,772.0627594541843,353.4669379687333,783.2564751042393,356.64974521137253,759.6116965347511,354.0422968056756,subject_002,68.92717490946461,False
2025-11-26T23:35:22.582,10,1758,779,1679.584745762712,747.1016949152543,1737,717,1752,652,-78,-31,-21,-62,-6,-127,53.35,118,1777.6627601437576,678.6194202565999,1741.0,596.0,1791.764263816423,673.8639939089896,subject_002,84.65491104701512,False
2025-11-26T23:35:28.987,6,851,707,895.1848739495798,620.2689075630252,897,617,858,589,44,-86,46,-90,7,-118,28.29,119,879.9739545063389,610.7819678716139,902.184337289454,618.9534883410162,872.9827775153822,613.684002083251,subject_002,97.33748240658026,False
2025-11-26T23:35:35.397,25,1084,124,1122.25,245.99166666666667,1104,158,1081,127,38,121,20,34,-3,3,34.86,120,1082.3772318865772,121.58283709787224,1077.2935862523254,132.0,1091.2450778516966,119.6955603111145,subject_002,127.84767982294836,False
2025-11-26T23:35:41.804,20,906,148,967.0504201680671,221.2521008403361,948,151,914,116,61,73,42,3,8,-32,26.85,119,915.280205915213,113.55350694863398,910.497833293769,132.0,909.4982934190976,117.50069050013144,subject_002,95.35734937706852,False
2025-11-26T23:35:48.208,4,941,458,968.85,453.53333333333336,983,414,924,376,27,-4,42,-44,-17,-82,30.3,120,943.733022483811,388.2909217614149,985.5086170506788,387.8930126385602,938.5328480213328,383.2194004299791,subject_002,28.20591447039277,False
2025-11-26T23:35:54.618,12,257,844,395.8487394957983,766.9747899159664,353,806,297,874,138,-77,96,-38,40,30,27.58,119,320.083291603752,859.8855769203361,327.5856185265735,862.3017237490535,314.50068540040354,861.653290670119,subject_002,158.78241542457266,False
2025-11-26T23:36:01.022,9,981,154,1018.5714285714286,281.29411764705884,1011,211,970,175,37,127,30,57,-11,21,45.27,119,977.3053241554292,175.7739732226547,973.970256285939,173.80567063661385,975.847807447714,175.0204907931876,subject_002,132.7230373086798,False
2025-11-26T23:36:07.428,8,1018,904,988.7416666666668,811.3666666666667,1007,838,1002,832,-29,-92,-11,-66,-16,-72,33.53,120,1008.6646378807908,840.4108707700107,1017.5791901457618,850.0142034075702,1002.9920388782066,847.3985134732736,subject_002,97.14414297264082,False
2025-11-26T23:36:13.834,3,1364,443,1357.0263157894738,550.0877192982456,1331,437,1359,445,-6,107,-33,-6,-5,2,75.54,114,1357.335211642862,443.18555342705093,1329.2141247821949,419.8015556877922,1397.1324317603076,411.6117877199413,subject_002,107.31454652547336,False
2025-11-26T23:36:20.241,11,996,799,992.5897435897436,697.5299145299145,1003,697,981,676,-3,-101,7,-102,-15,-123,29.51,117,995.960032092343,690.9449952378751,1006.8833220772998,694.6477383807558,994.2143217291862,690.8288321162115,subject_002,101.5273760819718,False
2025-11-26T23:36:26.649,28,1545,298,1521.6101694915253,428.40677966101697,1488,296,1518,287,-23,130,-57,-2,-27,-11,29.51,118,1527.9269783999348,298.68378420889866,1499.0964861606033,280.4486628082371,1572.7003086879615,286.40685461893196,subject_002,132.48778189996315,False
2025-11-26T23:48:18.332,16,728,289,661.95,264.9833333333333,671,277,689,274,-66,-24,-57,-12,-39,-15,25.3,120,679.4296251562533,276.52860047910866,673.6899470878272,275.715472469708,660.3264054248923,275.8910429753457,subject_002,70.28088486763505,False
2025-11-26T23:48:24.749,20,1538,240,1505.198275862069,293.76724137931035,1528,296,1543,305,-32,53,-10,56,5,65,28.09,116,1547.8861566955095,307.0867022789726,1537.247518277511,300.6686841860167,1547.507840792314,304.4372115813033,subject_002,62.98308782492284,False
2025-11-26T23:48:31.142,2,1592,385,1551.905982905983,356.2307692307692,1566,361,1582,366,-40,-28,-26,-24,-10,-19,38.29,117,1590.2346636378832,371.2488211999277,1576.9383877583075,366.8211772889805,1597.5846913987184,373.4473119411857,subject_002,49.34773394785813,False
2025-11-26T23:48:37.548,19,435,142,423.0420168067227,164.32773109243698,426,171,449,164,-11,22,-9,29,14,22,16.15,119,425.4726486577845,168.79121608539975,439.4384170561741,172.54550184174116,407.54942611662653,173.07089692079836,subject_002,25.328263615709613,False
2025-11-26T23:48:43.952,31,270,320,305.1965811965812,333.2649572649573,263,341,272,340,35,13,-7,21,2,20,16.0,117,281.4032189740931,349.23453963394735,269.04121051597514,343.28103279772404,286.22297863515684,339.8705031726175,subject_002,37.61327450739532,False
2025-11-26T23:48:50.361,1,937,641,902.8151260504202,593.7563025210084,904,621,915,625,-34,-47,-33,-20,-22,-16,27.79,119,921.323053645176,635.8217982799034,909.8932667355716,633.1086253603216,918.6680696753195,633.105152238342,subject_002,58.31442838985169,False
2025-11-26T23:48:56.765,10,261,426,315.325,420.325,259,433,267,435,54,-5,-2,7,6,9,21.76,120,285.03861836677555,443.87164977352745,259.6449071053613,436.59611462289706,298.2120526953425,431.0938745618688,subject_002,54.62061195189961,False
2025-11-26T23:49:03.183,18,1031,611,989.7777777777778,520.8376068376068,1007,538,1010,545,-41,-90,-24,-73,-21,-66,27.07,117,1020.7637486522482,554.5148872664465,1015.9353741134108,550.2729233079614,1008.9949368547432,550.0647958461514,subject_002,99.13893657745292,False
2025-11-26T23:49:09.591,15,1292,419,1240.420168067227,323.2689075630252,1286,322,1282,337,-51,-95,-6,-97,-10,-82,23.29,119,1294.270160216437,338.7330893678702,1307.7298606056647,332.5892356120578,1269.5272473205407,326.0350486051001,subject_002,108.74245316981644,False
2025-11-26T23:49:15.996,14,1279,656,1251.533898305085,564.0169491525423,1282,589,1279,586,-27,-91,3,-67,0,-70,26.36,118,1294.8153297767378,596.7902426474898,1297.144274060552,600.468687012518,1284.9149301651976,601.5717296404848,subject_002,95.99618943229672,False
2025-11-26T23:49:28.804,7,608,786,630.7767857142857,743.3839285714286,634,779,619,797,22,-42,26,-7,11,11,27.18,112,620.728790785071,804.1317408604232,627.8804942466036,799.9559952346062,634.8993624619192,798.8014899990796,subject_002,48.3209220884659,False
2025-11-26T23:49:35.223,11,1751,859,1777.18487394958,862.8655462184873,1789,858,1816,883,26,3,38,-1,65,24,42.81,119,1822.2106155551496,847.8636619005259,1741.0,596.0,1842.270335100028,841.4923175911065,subject_002,26.468662061438827,False
2025-11-26T23:49:41.630,0,1524,697,1481.4322033898304,684.1779661016949,1518,717,1511,707,-42,-12,-6,20,-13,10,28.68,118,1524.0981846752593,707.3154774824172,1526.9346041760014,720.7890535187944,1528.5173911323852,717.2389844903544,subject_002,44.456966400487225,False
2025-11-26T23:49:48.034,22,865,172,789.7142857142857,132.2941176470588,846,140,855,140,-75,-39,-19,-32,-10,-32,21.08,119,833.8354413821746,135.2588210203884,855.0590309748071,142.7561600376536,792.6404711939805,140.1644640733943,subject_002,85.1146043222655,False
2025-11-26T23:49:54.441,21,438,977,472.078947368421,873.4824561403509,496,908,450,953,34,-103,58,-69,12,-24,38.68,114,449.38370242874146,951.1866794745353,471.1164234993725,954.106267163829,470.01651615264336,955.2605651615696,subject_002,108.9828268144756,False
2025-11-26T23:50:00.846,9,272,255,233.22033898305085,219.89830508474577,219,222,216,216,-38,-35,-53,-33,-56,-39,21.65,118,216.2381539494393,227.5997491495121,223.8632314851564,221.66797618938975,208.791884404942,222.62550527857164,subject_002,52.306702194968,False
2025-11-26T23:50:07.250,12,1649,716,1683.3865546218487,684.0756302521008,1698,701,1706,699,34,-31,49,-15,57,-17,38.11,119,1720.557384997322,691.0028464451503,1704.0990116852104,697.336803600469,1740.8860046217972,699.8818514180658,subject_002,46.921216124072984,False
2025-11-26T23:50:13.656,8,768,977,754.017094017094,887.8205128205128,748,934,777,960,-13,-89,-20,-43,9,-17,27.27,117,753.5260080446856,962.8657946429385,738.112224279431,975.4733054172694,766.7160815947009,971.0165394852112,subject_002,90.26905667682092,False
2025-11-26T23:50:20.064,5,1562,570,1555.563025210084,563.1680672268908,1574,584,1578,577,-6,-6,12,14,16,7,41.14,119,1592.6614883007271,582.0519679966881,1583.6502239795634,587.6964761541142,1604.6113700971985,591.5648095665132,subject_002,9.3866900376169,False
2025-11-26T23:50:32.873,17,358,669,367.3613445378151,677.2773109243698,355,702,308,726,9,8,-3,33,-50,57,22.65,119,335.4937682063687,730.2651853563028,372.7402786877466,716.467828974318,356.8820324571902,720.827952245066,subject_002,12.495945250135025,False
2025-11-26T23:50:39.273,3,330,227,300.94117647058823,222.94117647058823,286,227,294,222,-29,-4,-44,0,-36,-5,23.04,119,288.0102498575029,230.68900235300737,290.99096135538053,225.98564289412928,280.0522121728446,227.35476467168348,subject_002,29.3409146646181,False
2025-11-26T23:50:45.665,6,355,575,364.9830508474576,548.6779661016949,319,568,310,579,9,-26,-36,-7,-45,4,20.26,118,333.1874675546288,585.4433881026638,329.09982860377806,576.0622115987842,352.40425888150475,571.1173571115414,subject_002,28.15156785627485,False
2025-11-26T23:50:52.067,27,662,186,595.0840336134454,156.890756302521,617,171,641,161,-66,-29,-45,-15,-21,-25,23.65,119,615.496008482611,161.94405110584432,623.3403512316373,172.91480912040208,588.3502231663372,169.4191710914284,subject_002,72.97324596100769,False
2025-11-26T23:50:58.463,23,217,911,266.6890756302521,836.2605042016806,264,864,195,914,49,-74,47,-47,-22,3,28.68,119,224.62201885316165,912.0141597676007,208.3869367278159,926.7798562056312,253.4614485225706,918.8003819167952,subject_002,89.74963213950188,False
2025-11-26T23:51:11.270,13,444,695,456.6140350877193,654.7719298245614,452,679,414,699,12,-40,8,-16,-30,4,24.66,114,432.7816016573975,704.3057449142069,472.2942479691922,692.5937361166821,450.3919971316455,692.253092834743,subject_002,42.159358524937545,False
2025-11-26T23:51:17.680,30,1303,113,1216.7983193277312,130.9747899159664,1291,129,1288,144,-86,17,-12,16,-15,31,61.52,119,1282.5080490559003,134.0890886505138,1315.193288807264,132.0,1241.73116717697,122.65685823083945,subject_002,88.05579380851059,False
2025-11-26T23:51:24.082,25,1113,463,1049.310924369748,417.4117647058824,1084,422,1078,435,-63,-45,-29,-41,-35,-28,26.63,119,1092.308203830859,440.63633270132107,1098.539658601656,434.6055008737486,1070.0086633469066,431.25828926544415,subject_002,78.32359511582574,False
2025-11-26T23:51:30.485,28,1557,349,1503.0169491525423,368.4406779661017,1520,371,1534,379,-53,19,-37,22,-23,30,57.21,118,1543.38671289412,384.60130659467944,1529.61280792118,374.8071779785105,1546.361885868921,384.23589508640936,subject_002,57.37690945476997,False
2025-11-27T16:34:23.502,9,1149,661,1095.8034188034187,777.2136752136752,1103,738,1096,703,-53,116,-46,77,-53,42,37.83,117,1102.1880176873274,707.9730250173275,1103.9992664758538,712.6560565399262,1103.5274080548625,716.4333469592003,subject_002,127.8103851714486,False
2025-11-27T16:34:29.915,30,809,663,762.4310344827586,689.2931034482758,739,627,745,606,-46,26,-70,-36,-64,-57,34.66,116,749.9929908302381,619.0209461796208,736.5690803208034,619.0799699452778,749.0811074978474,632.0976445867453,subject_002,53.4789289186662,False
2025-11-27T16:34:36.319,26,1182,788,1170.9310344827586,831.1120689655172,1182,786,1180,765,-11,43,0,-2,-2,-23,47.85,116,1182.9033583633648,765.0919790784635,1195.3504863212995,783.5628204375777,1184.1672212118217,770.357340416495,subject_002,44.51036382809504,False
2025-11-27T16:34:42.725,5,791,117,781.1452991452992,221.46153846153845,764,91,748,88,-9,104,-27,-26,-43,-29,67.51,117,743.8119819179294,108.93434801960989,735.9822428811199,132.0,755.1627727278006,152.504342104967,subject_002,104.92534558764685,False
2025-11-27T16:34:49.129,8,1215,477,1192.6810344827586,549.8965517241379,1186,475,1171,453,-22,72,-29,-2,-44,-24,81.57,116,1177.7369169037188,450.5227732431476,1183.0444187876485,444.00247113437416,1177.0111021873329,481.8911557286972,subject_002,76.23675934239155,False
2025-11-27T16:34:55.533,16,1048,896,1016.3706896551724,900.4568965517242,1027,887,1033,836,-31,4,-21,-9,-15,-60,39.32,116,1033.545697914395,852.013511974942,1032.7680053862778,874.6453608603276,1035.679845671857,844.0566414802985,subject_002,31.941778281150636,False
2025-11-27T16:35:01.928,15,319,661,360.8728813559322,671.3135593220339,314,617,322,616,41,10,-5,-44,3,-45,36.14,118,328.62320932284786,611.6040814177354,318.38462505991225,611.3122195087965,321.2682882810694,620.5861794484186,subject_002,43.12432838824375,False
2025-11-27T16:35:14.740,6,1552,951,1498.923076923077,1051.4957264957266,1508,996,1550,1037,-53,100,-44,45,-2,86,55.81,117,1523.0161647081934,1004.5246640734686,1524.6037187057764,1060.0,1520.619422477444,990.4877810825724,subject_002,113.6510044267867,False
2025-11-27T16:35:27.538,22,461,107,477.71794871794873,199.1196581196581,443,95,434,85,16,92,-18,-12,-27,-22,32.25,117,427.5226770904553,102.91618483682282,426.0,364.0,435.56052222677783,134.83579227659868,subject_002,93.62436232850216,False
2025-11-27T16:35:33.943,14,668,398,697.1709401709402,475.0341880341881,673,401,663,374,29,77,5,3,-5,-24,23.61,117,668.7155777790632,385.56066169649193,671.1113925889322,376.6421498922505,667.9268321429975,413.72211562155707,subject_002,82.37238540034653,False
2025-11-27T16:35:40.349,11,1052,618,1045.3247863247864,685.017094017094,1047,641,1035,599,-6,67,-5,23,-17,-19,42.84,117,1042.367884800599,605.8762888536027,1045.9631990730263,614.6054711041315,1043.1875539686444,622.8506471635918,subject_002,67.34871467300452,False
2025-11-27T16:35:46.752,29,1744,475,1782.5739130434783,593.7739130434783,1793,639,1756,557,38,118,49,164,12,82,42.05,115,1774.9298646235152,575.2037813776526,1741.0,596.0,1778.4385331161006,516.6939198792662,subject_002,124.880699818449,False
2025-11-27T16:35:53.164,28,568,120,597.1932773109244,229.1764705882353,574,115,558,108,29,109,6,-5,-10,-12,26.36,119,554.172503391332,126.77535297096772,551.7885189900569,132.0,562.7245055972056,163.57232683173166,subject_002,113.01216381547758,False
2025-11-27T16:35:59.576,12,449,650,494.017094017094,689.1794871794872,458,630,465,622,45,39,9,-20,16,-28,42.4,117,468.82269557367334,625.1920155204931,465.4387919615515,622.0941150455874,462.7537529503445,636.5985912334086,subject_002,59.67889886208928,False
2025-11-27T16:36:05.973,13,933,237,966.7692307692308,360.5384615384616,951,272,936,238,33,123,18,35,3,1,36.66,117,938.678462528501,250.53285509717256,944.091138759125,249.12744521040472,943.0552023331636,291.7889291138155,subject_002,128.07073212110376,False
2025-11-27T16:36:12.378,0,959,682,944.0338983050848,754.4661016949152,940,718,939,675,-14,72,-19,36,-20,-7,42.52,118,944.7513463457444,688.3502333886814,942.1716893275308,704.0157747911411,946.2269240943735,695.740317841636,subject_002,73.99540590334199,False
2025-11-27T16:36:18.784,24,1684,382,1732.9310344827586,526.7844827586207,1738,554,1701,474,48,144,54,172,17,92,48.0,116,1718.461258945406,496.8307235475223,1741.0,569.5479495369691,1719.5944635781373,448.92038043584625,subject_002,152.82929229448865,False
2025-11-27T16:36:31.601,27,538,841,537.034188034188,837.5982905982906,521,784,526,780,0,-3,-17,-57,-12,-61,32.66,117,529.4394728070591,784.4588552758132,518.2244696287861,767.1047927827678,526.2189843660941,787.9066618000784,subject_002,3.536158877508683,False
2025-11-27T16:36:38.003,21,1018,255,1035.8823529411766,358.2268907563025,1016,262,1006,236,17,103,-2,7,-12,-19,25.7,119,1007.103611480266,245.97718980123017,1008.773126608762,243.68889690713456,1010.746422258727,288.23192817045845,subject_002,104.76435234337308,False
2025-11-27T16:36:44.410,2,776,268,805.0512820512821,361.2393162393162,791,270,772,243,29,93,15,2,-4,-25,34.6,117,775.3925207255928,256.9666011392478,788.3323152826931,251.425924166531,779.7712013241371,295.28884479589624,subject_002,97.6603659710446,False
2025-11-27T16:36:50.818,10,714,598,710.2222222222222,652.034188034188,682,584,688,568,-3,54,-32,-14,-26,-30,39.16,117,692.3974183623028,578.9383678298832,678.5747771550116,576.3102704464403,690.335261047053,594.8257554363219,subject_002,54.16608792826243,False
2025-11-27T16:36:57.222,31,181,642,238.6822429906542,659.1308411214953,180,608,190,619,57,17,-1,-34,9,-23,34.97,107,202.1037381850146,604.9004732897569,178.2021188494232,606.0771088664598,194.35087757262733,610.2075210820358,subject_002,60.1723098606227,False
2025-11-27T16:37:03.630,4,1481,104,1497.301886792453,292.3679245283019,1452,181,1460,183,16,188,-29,77,-21,79,30.39,106,1457.3765001382685,204.95993056484707,1446.6475872952174,187.2045411201556,1453.604031328685,212.82503923146288,subject_002,189.0720140689626,False
2025-11-27T16:37:10.044,19,622,800,596.1926605504588,845.8256880733945,582,793,590,785,-25,45,-40,-7,-32,-15,46.14,109,592.0690923130146,793.0366818077289,585.9628556650317,782.793980489205,589.5612753899587,795.3175798019456,subject_002,52.59289359660582,False
2025-11-27T16:37:16.443,17,1406,614,1435.3363636363636,754.1454545454545,1435,667,1434,698,29,140,29,53,28,84,42.47,110,1436.771076045923,679.2399436606112,1423.968762538289,617.9173760648288,1437.7782506686765,686.9602901886691,subject_002,143.18299710914357,False
2025-11-27T16:37:29.254,1,826,367,850.4594594594595,471.5405405405405,837,405,821,364,24,104,11,38,-5,-3,31.36,111,827.5475727050111,375.5820041204393,831.6886529155956,380.05241772160144,828.9565329561837,407.5061211411918,subject_002,107.36381966732246,False
2025-11-27T16:37:35.666,7,1643,424,1652.330357142857,526.9375,1647,509,1623,464,9,102,4,85,-20,40,73.22,112,1635.6894161888574,479.9401454553121,1644.0211524825556,509.18785602289176,1635.1232479268538,450.46365762401024,subject_002,103.3594914396509,False
2025-11-27T16:37:42.070,23,1134,122,1154.7731092436975,302.9075630252101,1119,176,1124,176,20,180,-15,54,-10,54,45.88,119,1119.7380900115572,185.85659991377148,1114.54998250257,167.96748169006815,1122.5837049492231,229.51468971598035,subject_002,182.09631634761575,False
2025-11-27T16:47:14.175,14,1299,566,1245.6694915254238,642.8813559322034,1264,628,1259,635,-53,76,-35,62,-40,69,46.07,118,1268.4563098089552,628.7216822394396,1271.641833777434,619.8332798350804,1266.4912993095395,616.6279192160106,subject_002,93.56754792197448,False
2025-11-27T16:47:20.586,2,389,735,411.4732142857143,721.1160714285714,380,734,367,752,22,-13,-9,-1,-22,17,49.88,112,375.9928941126143,751.8494925135036,365.6840615170091,739.4533711420705,366.7804366549736,751.2450248016303,subject_002,26.416071488928143,False
2025-11-27T16:47:26.985,22,955,631,909.3247863247864,646.1623931623932,898,667,902,641,-45,15,-57,36,-53,10,36.17,117,908.6037048681374,656.5646133971408,902.8764874284336,675.3003862532472,902.9315318906176,670.9599442412599,subject_002,48.12611879933193,False
2025-11-27T16:47:33.381,5,546,324,560.3220338983051,360.457627118644,558,342,524,313,14,36,12,18,-22,-11,29.39,118,534.3326294409599,320.63271127883365,547.3340164669339,315.58655787672456,544.6139078596358,316.77001291758336,subject_002,39.169876564858946,False
2025-11-27T16:47:39.785,8,1101,731,1090.1965811965813,683.8974358974359,1104,697,1100,683,-10,-47,3,-34,-1,-48,42.6,117,1108.7072037162834,686.9349184209805,1106.4777895049317,699.0293459790742,1110.4358879555896,689.6839158719057,subject_002,48.325618494523376,False
2025-11-27T16:47:46.190,26,1344,283,1332.4513274336284,333.8053097345133,1311,272,1321,289,-11,50,-33,-11,-23,6,36.0,113,1323.5384055725335,294.0691515524463,1310.6552070393836,268.65010041662697,1306.7101167939938,281.35426982743417,subject_002,52.10135636684609,False
2025-11-27T16:47:52.598,0,268,399,347.1545454545454,382.6363636363636,331,371,298,343,79,-16,63,-28,30,-56,39.67,110,307.5333886050033,349.98593119618357,312.5839346336172,347.5762658234987,311.09170658800286,342.69510809579697,subject_002,80.8282788456925,False
2025-11-27T16:47:59.006,1,446,793,490.5431034482759,765.6293103448276,462,784,458,803,44,-27,16,-9,12,10,40.42,116,461.4370143787809,805.8662636958137,448.1747951461996,794.1755422605797,448.82574494953207,808.6828437266879,subject_002,52.28042384108577,False
2025-11-27T16:48:05.410,13,1247,580,1220.6782608695653,594.3391304347826,1234,578,1227,579,-26,14,-13,-2,-20,-1,47.93,115,1235.3966195815883,575.1281854437157,1238.4408612392783,573.3150397235615,1230.3590656814572,564.2863447776525,subject_002,29.97406566477707,False
2025-11-27T16:48:11.816,27,619,577,642.6810344827586,546.8362068965517,621,554,610,530,23,-30,2,-23,-9,-47,34.76,116,619.1932261822506,542.5388077640097,613.6609826532332,551.1992552602165,613.447760747181,547.0856701539299,subject_002,38.34900009858451,False
2025-11-27T16:48:18.221,11,1800,150,1795.2758620689656,48.543103448275865,1806,97,1773,11,-4,-101,6,-53,-27,-139,43.24,116,1817.047813517663,83.70314255442611,1741.0,132.0,1824.9827270239448,81.9408985376018,subject_002,101.56682202913848,False
2025-11-27T16:48:24.629,12,1768,272,1768.4102564102564,273.5299145299145,1778,298,1758,242,0,1,10,26,-10,-30,58.97,117,1794.2973990732482,302.9904834355357,1741.0,132.0,1793.1429870638256,306.3295346321531,subject_002,1.5839661584137177,False
2025-11-27T16:48:31.035,29,1462,630,1473.325,680.175,1489,650,1507,679,11,50,27,20,45,49,38.67,120,1513.734769189585,675.2483644985117,1505.9907268799618,635.5612698122403,1509.6482953870884,659.1778824410942,subject_002,51.43720686429228,False
2025-11-27T16:48:37.442,10,1723,399,1676.3304347826088,311.88695652173914,1677,300,1669,278,-46,-87,-46,-99,-54,-121,36.83,115,1693.733068840386,324.2034290780456,1696.3626141710995,349.34712426152254,1685.743244043249,327.16569571448656,subject_002,98.82677097641964,False
2025-11-27T16:48:43.846,17,1464,758,1486.4913793103449,862.948275862069,1514,847,1561,892,22,104,50,89,97,134,41.68,116,1554.960835981307,882.1458769579536,1555.232100975271,852.5116616871196,1560.26609996237,868.8350641513455,subject_002,107.33127572941046,False
2025-11-27T16:48:50.255,18,838,244,833.4786324786324,339.1111111111111,822,306,809,287,-4,95,-16,62,-29,43,37.63,117,815.9493436403797,296.25764203334165,823.4008907319803,293.86135843339537,822.2958181780111,299.0269270595849,subject_002,95.21851826747462,False
2025-11-27T16:48:56.660,25,761,277,765.359649122807,374.2105263157895,755,350,738,327,4,97,-6,73,-23,50,33.69,114,746.8486572011298,336.935577264553,753.0513579378734,335.4663964542269,753.0610862266795,340.16575632948167,subject_002,97.30823689219116,False
2025-11-27T16:49:03.069,15,654,160,648.3304347826087,247.81739130434784,651,198,621,185,-5,87,-3,38,-33,25,37.37,115,626.4600179515577,190.72494842998347,648.5045993624683,171.34565501704196,644.3714128135766,188.43105050403244,subject_002,88.00021696140982,False
2025-11-27T16:49:15.876,4,757,403,717.4102564102565,513.2649572649573,697,516,689,488,-39,110,-60,113,-68,85,30.88,117,697.7909118521084,502.30556809809383,692.596746442551,510.24642844547816,694.0816149740447,509.31130892749616,subject_002,117.15676932275188,False
2025-11-27T16:49:22.288,9,600,876,581.2991452991453,870.8803418803419,559,900,572,931,-18,-5,-41,24,-28,55,49.9,117,565.1239709205537,933.2543591450966,553.8477603015754,934.83598948397,550.5392952990873,939.2604218895932,subject_002,19.38898826150198,False
2025-11-27T16:49:28.692,3,1560,402,1589.348623853211,442.4770642201835,1585,398,1593,416,29,40,25,-4,33,14,87.16,109,1607.6160028424988,438.38071691241487,1596.840404953516,425.144652201475,1595.6732780784432,432.28708701051033,subject_002,49.99734442910063,False
2025-11-27T16:49:35.099,23,1542,239,1547.008928571429,162.71428571428572,1533,130,1531,115,5,-76,-9,-109,-11,-124,36.24,112,1545.3413092062883,154.8338286589661,1542.7748757901943,168.52084233964268,1534.267347866228,157.7970064134052,subject_002,76.44998083397607,False
2025-11-27T16:49:47.909,7,1650,676,1621.8521739130435,576.3565217391305,1634,564,1645,564,-28,-99,-16,-112,-5,-112,47.19,115,1658.4288257810233,584.2029365179322,1655.9859001977334,590.5337009567778,1651.5155039380288,575.4038717467863,subject_002,103.54285525011336,False
2025-11-27T16:50:00.720,16,1239,639,1239.466101694915,690.0932203389831,1262,681,1260,690,0,51,23,42,21,51,39.63,118,1268.858181785041,682.5017473536479,1274.6958303595195,672.2812009743034,1270.8395616992802,671.578597515914,subject_002,51.095346318406314,False
2025-11-27T16:50:07.129,28,1644,195,1639.7391304347825,114.78260869565216,1636,111,1622,70,-4,-80,-8,-84,-22,-125,29.1,115,1646.137563200813,125.42111823715167,1646.024172631249,152.9152209978404,1641.8333142854542,131.6978871799102,subject_002,80.3304729049111,False
2025-11-27T16:50:13.531,6,1734,548,1699.304347826087,540.9565217391304,1715,553,1720,527,-34,-7,-19,5,-14,-21,34.3,115,1738.972143898496,561.1192737881646,1738.890003189469,589.9045053146738,1734.657403049628,556.1212880429209,subject_002,35.403373649759665,False
2025-11-27T16:50:32.757,24,1661,777,1659.135593220339,888.042372881356,1684,894,1754,923,-1,111,23,117,93,146,58.34,118,1740.5659212811493,931.7906962775272,1741.0,1060.0,1741.582680479445,923.0452035088244,subject_002,111.05802351816884,False
2025-11-27T17:03:19.954,17,1400,469,1316.081081081081,511.3693693693694,1348,520,1353,507,-83,42,-52,51,-47,38,32.83,111,1362.32379316113,514.043867140936,1357.2371638743862,521.3958106481166,1372.4255056003783,508.64226289396635,subject_002,94.00823588004484,False
2025-11-27T17:03:32.768,29,1144,278,1093.3361344537816,330.2268907563025,1135,304,1124,317,-50,52,-9,26,-20,39,37.83,119,1132.341714827097,311.7842533112398,1137.2607224247156,304.56683097973223,1132.1052963390007,306.742093761568,subject_002,72.7631458236658,False
2025-11-27T17:03:39.173,18,1710,230,1666.436974789916,367.1932773109244,1698,351,1719,313,-43,137,-12,121,9,83,57.56,119,1723.9873763142034,338.00805249148834,1718.5269322428371,339.7361716417005,1745.291871888809,338.9581334495839,subject_002,143.94350455913812,False
2025-11-27T17:03:51.984,15,172,832,166.39830508474577,838.3220338983051,157,838,146,874,-5,6,-15,6,-26,42,45.03,118,158.79774054382375,861.8567797652988,163.0,846.2248378576592,147.34880286970312,856.5392076677232,subject_002,8.446721170661665,False
2025-11-27T17:04:04.785,28,1476,369,1439.9411764705883,392.4033613445378,1478,379,1483,364,-36,23,2,10,7,-5,35.6,119,1488.4093189190207,373.735694030864,1487.3025955877497,373.119353158015,1488.3875910288818,370.15609724521937,subject_002,42.98785964139483,False
2025-11-27T17:04:11.188,3,228,326,259.1949152542373,364.33898305084745,247,358,248,344,31,38,19,32,20,18,36.6,118,246.23901850979112,350.49107891827043,243.8332435666827,352.2511009847923,240.70444405196272,350.34331933944867,subject_002,49.42671705760169,False
2025-11-27T17:04:17.595,10,470,701,502.4871794871795,677.2735042735043,488,695,499,708,32,-23,18,-6,29,7,25.95,117,498.33787255262155,714.2806542652946,491.5779364001116,703.0272404764603,504.640829512934,713.3618799115517,subject_002,40.22888800963353,False
2025-11-27T17:04:24.003,14,1795,761,1710.126050420168,746.0168067226891,1753,725,1775,740,-84,-14,-42,-36,-20,-21,62.08,119,1787.006869815724,738.4257837149618,1741.0,596.0,1796.309195487664,731.2743784384803,subject_002,86.18632953122625,False
2025-11-27T17:04:30.410,5,830,721,792.7203389830509,695.5084745762712,803,726,808,737,-37,-25,-27,5,-22,16,43.07,118,812.5447956360596,752.2610834195141,808.2485460438814,749.5484525881884,815.2100279243884,759.0675525344923,subject_002,45.16183116268927,False
2025-11-27T17:04:36.815,9,883,925,865.5593220338983,853.8389830508474,885,910,898,926,-17,-71,2,-15,15,1,46.0,118,895.7137193466609,942.556433400808,898.6718392166418,963.2076415062472,895.1387931567772,956.4272222999044,subject_002,73.26709753466997,False
2025-11-27T17:04:43.222,2,1046,412,1022.1008403361344,405.2941176470589,1059,396,1047,403,-23,-6,13,-16,1,-9,29.33,119,1058.2229105414551,400.5426337622816,1068.025093747838,392.2188068260698,1057.0768284788448,396.20914879376016,subject_002,24.8221411399264,False
2025-11-27T17:04:49.629,1,107,363,112.54700854700856,368.0854700854701,101,356,94,336,5,5,-6,-7,-13,-27,33.6,117,95.63701766167004,350.6030540927895,163.0,132.0,83.96253863267786,354.87330695848345,subject_002,7.525377718812338,False
2025-11-27T17:04:56.035,24,387,196,392.9224137931034,242.0086206896552,393,231,398,220,5,46,6,35,11,24,36.85,116,392.2149388835502,218.64616271273405,398.1044336104315,223.23050803066687,382.1453854370591,219.4421813499329,subject_002,46.38823302197778,False
2025-11-27T17:05:02.439,19,870,354,846.6666666666666,340.0900900900901,879,318,866,334,-23,-13,9,-36,-4,-20,29.77,111,874.7822880796463,325.3655750923591,895.2231165029112,310.62429249256536,874.7223183402135,320.5744624239341,subject_002,27.164867718180705,False
2025-11-27T17:05:08.850,22,706,940,700.5086206896551,843.8534482758621,710,903,721,912,-5,-96,4,-37,15,-28,48.71,116,718.6866121157024,927.2745056259746,723.2465286029814,963.8995736269128,720.0774257204795,935.4423867828564,subject_002,96.30324322250218,False
2025-11-27T17:05:15.256,31,730,772,713.1512605042017,735.4621848739496,717,773,726,783,-16,-36,-13,1,-4,11,32.5,119,727.5681567988486,798.553268104987,725.7058094698398,815.3154070269056,730.6340003988685,804.5002536779438,subject_002,40.23545646295955,False
2025-11-27T17:05:21.659,26,945,703,943.2857142857144,677.8067226890756,964,707,966,715,-1,-25,19,4,21,12,39.69,119,973.9180994713576,730.4068230640803,980.563488280284,720.7325233955125,976.125195993302,737.2577377237919,subject_002,25.251534550900868,False
2025-11-27T17:05:28.064,30,1112,340,1076.3,347.4583333333333,1117,325,1105,337,-35,7,5,-15,-7,-3,35.1,120,1114.728810026607,332.01293688174144,1120.7336571754358,324.63150335090734,1114.10423044736,326.9283297937167,subject_002,36.47076549938477,False
2025-11-27T17:05:40.878,27,362,681,372.0084745762712,671.4237288135594,351,680,360,694,10,-9,-11,-1,-2,13,35.49,118,359.5454951967538,695.3665937785349,348.8044661907244,686.548065574571,365.0843229334994,692.2809856985791,subject_002,13.851878326787332,False
2025-11-27T17:05:47.283,13,1769,503,1744.8487394957983,546.8151260504202,1779,523,1799,505,-24,43,10,20,30,2,31.66,119,1813.603351535921,522.2366400452447,1741.0,596.0,1830.935694148336,519.3011086576024,subject_002,50.0304772589271,False
2025-11-27T17:05:53.688,21,294,561,283.8448275862069,587.2241379310345,258,588,265,592,-10,26,-36,27,-29,31,45.24,116,265.5117033150415,594.4903124737888,246.4813168605397,585.0853950820941,264.2723505799282,590.7635742439757,subject_002,28.12175202543021,False
2025-11-27T17:06:00.094,16,1816,899,1708.4700854700857,771.5641025641025,1753,753,1775,771,-107,-127,-63,-146,-41,-128,62.69,117,1786.700984743345,766.7398970737123,1741.0,596.0,1795.1723058760772,759.3039501897358,subject_002,166.74108813997603,False
2025-11-27T17:06:06.503,4,287,870,216.3162393162393,904.0,214,912,206,958,-70,34,-73,42,-81,88,45.43,117,215.3691096520996,938.858730053422,221.5972824846064,922.4147662811308,201.5510368965568,933.9633673621764,subject_002,78.43592304804704,False
2025-11-27T17:06:12.910,20,1564,677,1481.7226890756303,689.0,1523,682,1532,698,-82,12,-41,5,-32,21,45.01,119,1543.0856236034108,696.419614196867,1549.335298255946,677.6398384510596,1551.7876227807535,691.7528146548287,subject_002,83.14779547856574,False
2025-11-27T17:06:19.312,0,499,387,514.6779661016949,392.957627118644,508,391,515,388,15,5,9,4,16,1,28.53,118,514.1114954864065,387.8294778737777,507.4380100132396,391.84436851099633,513.452794272162,383.45429344031953,subject_002,16.771760252600092,False
2025-11-27T17:06:25.703,12,1045,482,1017.0677966101696,483.771186440678,1047,492,1040,491,-27,1,2,10,-5,9,35.26,118,1052.0266357652197,494.24565052629464,1059.7538330562274,489.10195548284094,1052.481686972098,491.7772210784144,subject_002,27.98830269270531,False
2025-11-27T17:06:32.115,8,460,622,466.4406779661017,628.5338983050848,449,641,459,650,6,6,-11,19,-1,28,37.74,118,458.55005166470625,654.7872772021602,454.77719181803894,648.5136483907949,465.544444242684,652.4496867329296,subject_002,9.174647662129477,False
2025-11-27T17:06:38.518,11,188,497,189.20353982300884,504.9646017699115,166,499,167,492,1,7,-22,2,-21,-5,30.26,113,168.80226323009435,499.79305674390673,163.0,494.65188111788314,166.43578460862116,498.10131238388465,subject_002,8.05502262311196,False
2025-11-27T17:21:03.080,19,1089,267,950.3025210084032,362.218487394958,968,311,1008,261,-138,95,-121,44,-81,-6,36.04,119,1006.0262563581188,247.34447780237855,1007.068270720463,236.10467473152875,1006.7047167551136,245.49854515032223,subject_002,168.23659239418814,False
2025-11-27T17:21:09.484,14,761,719,687.1848739495798,742.1596638655462,709,716,752,725,-73,23,-52,-3,-9,6,38.72,119,738.3156732740456,719.6726043699061,730.6205848393339,717.5748652162932,724.94241190964,719.0497631654526,subject_002,77.363058782629,False
2025-11-27T17:21:15.895,7,1248,473,1139.0583333333334,569.0,1175,522,1196,482,-108,96,-73,49,-52,9,42.87,120,1199.6695042706665,486.5232064439311,1202.3395384330604,486.8746301475357,1198.4348672031597,482.9826446670443,subject_002,145.20429310495987,False
2025-11-27T17:21:28.706,0,1378,344,1263.7899159663866,424.9579831932773,1296,374,1326,303,-114,80,-82,30,-52,-41,37.6,119,1328.019605214977,303.76497459072823,1333.6427366887788,306.466440458783,1331.2277292439196,295.46228391117097,subject_002,139.99335104814085,False
2025-11-27T17:21:35.109,23,461,361,399.0583333333333,397.2916666666667,440,369,460,335,-61,36,-21,8,-1,-26,38.47,120,459.49198693449273,339.27005163980687,455.0442105617984,355.43591078375346,456.2905348820001,332.3450276836458,subject_002,71.79035547264617,False
2025-11-27T17:21:41.521,6,1783,838,1738.4957983193278,840.7983193277311,1781,801,1785,781,-44,2,-2,-37,2,-57,21.95,119,1789.2521791072709,793.4560751122776,1741.0,807.1217551487821,1797.2097100101018,793.0691873735666,subject_002,44.59209075939248,False
2025-11-27T17:21:47.923,18,1265,281,1126.3125,351.25892857142856,1149,302,1187,234,-138,70,-116,21,-78,-47,70.27,112,1186.5947382894703,223.9464139323139,1192.0996452103177,220.76573921562877,1190.2572877172736,218.7855565746543,subject_002,155.46877403599444,False
2025-11-27T17:21:54.329,24,554,329,485.8288288288288,336.7927927927928,529,298,543,265,-68,7,-25,-31,-11,-64,39.93,111,544.7347702522686,264.21140060273234,548.425274718064,276.91461206839585,548.9616966707663,258.54490626684714,subject_002,68.61513097240669,False
2025-11-27T17:22:00.736,25,443,712,358.1271186440678,692.5508474576271,398,668,434,674,-84,-19,-45,-44,-9,-38,33.2,118,425.3638570449886,675.1702258867255,419.0286901608554,664.2722779786188,408.76522322378304,673.8510773915615,subject_002,87.07281736727387,False
2025-11-27T17:22:13.548,12,1482,177,1337.050847457627,287.9491525423729,1362,234,1407,143,-144,110,-120,57,-75,-34,84.71,118,1398.237585327343,139.43567462459407,1389.2877566340126,132.0,1394.6292909766898,131.08819052809355,subject_002,182.5375886567554,False
2025-11-27T17:22:19.955,20,1404,700,1278.1186440677966,640.9322033898305,1329,595,1333,559,-125,-59,-75,-105,-71,-141,53.57,118,1344.9512649643086,570.0603544465492,1346.8081727719727,569.1199296589058,1357.0070451396898,567.8605665523244,subject_002,139.05078341278926,False
2025-11-27T17:22:26.358,30,200,826,87.75,823.4051724137931,158,835,187,842,-112,-2,-42,9,-13,16,72.93,116,187.88784776997608,852.4093333407134,198.49742505450843,856.6319010121152,200.3559750511415,849.8302082823373,subject_002,112.27998766566614,False
2025-11-27T17:22:39.183,8,1773,647,1704.2773109243697,710.4873949579832,1774,650,1760,605,-68,63,1,3,-13,-42,60.88,119,1764.7494436270692,630.934561008601,1741.0,633.4277763812661,1799.1093185425143,628.4001749089426,subject_002,93.5599129560129,False
2025-11-27T17:22:45.579,17,1085,796,989.6440677966102,819.4406779661017,1022,827,1046,812,-95,23,-63,31,-39,16,38.01,118,1044.170527751707,813.534791711812,1034.8541091219968,825.6871758442292,1034.1462756603978,814.9656125115015,subject_002,98.19480225494604,False
2025-11-27T17:22:51.984,26,624,724,557.7913043478261,765.1739130434783,586,739,629,759,-66,41,-38,15,5,35,33.77,115,614.8592782777755,751.0682505751806,608.3550297548014,736.7714930358811,601.5132413255618,750.7842274968076,subject_002,77.96718858131348,False
2025-11-27T17:22:58.396,4,1744,201,1660.5299145299143,369.4188034188034,1698,284,1740,194,-83,168,-46,83,-4,-7,54.14,117,1716.0102828186946,217.34818114988485,1704.310628193227,200.78093036914987,1708.9156979584482,208.508384089954,subject_002,187.96847744609985,False
2025-11-27T17:23:04.804,28,289,174,220.04273504273505,323.3247863247863,264,295,281,264,-68,149,-25,121,-8,90,33.98,117,286.95570391610994,272.47516785856305,284.46135861734354,277.3087780311951,285.07610046407865,269.9577667617244,subject_002,164.47795050197314,False
2025-11-27T17:23:17.614,22,182,259,127.5798319327731,408.21008403361344,173,386,195,357,-54,149,-9,127,13,98,25.52,119,199.9522805656934,373.8374198495854,197.08672790357676,369.3821503545235,189.77815986715171,370.9811663318472,subject_002,158.8244435525691,False
2025-11-27T17:23:24.018,15,849,179,754.890756302521,266.6218487394958,793,209,811,174,-94,87,-56,30,-38,-5,42.74,119,811.7797769910818,158.20435414068834,823.8810980157144,162.3625051515993,820.4018252762011,158.0235227978369,subject_002,128.58513959956093,False
2025-11-27T17:23:30.423,16,243,912,92.18348623853213,870.605504587156,167,890,195,903,-150,-41,-76,-22,-48,-9,41.24,109,195.9364498837577,907.7687113349584,210.989599019336,914.573401303718,213.6168839500595,904.397524923684,subject_002,156.39413375714255,False
2025-11-27T17:23:36.829,31,396,292,325.6727272727273,389.3909090909091,367,364,388,329,-70,97,-29,72,-8,37,37.3,110,388.79186576585766,336.82716950724483,383.5572353293713,350.45636923774384,384.0447673311926,330.81945685192136,subject_002,120.1287412021366,False
2025-11-27T17:23:49.643,21,750,506,674.8050847457627,581.2627118644068,701,542,736,528,-75,75,-49,36,-14,22,26.37,118,724.7323769416673,524.7592268577002,717.7788395224391,514.8995215706805,713.889704877344,521.573717461067,subject_002,106.38961921765043,False
2025-11-27T17:23:56.059,10,133,558,-7.2,563.1333333333333,48,557,76,531,-140,5,-85,-1,-57,-27,37.22,120,79.4555910444856,560.0426625775812,163.0,596.0,61.37506471169169,557.7622538158254,subject_002,140.29394538293914,False
2025-11-27T17:24:02.455,3,1679,335,1555.4117647058824,458.3613445378151,1604,390,1624,309,-123,123,-75,55,-55,-26,51.55,119,1619.4148733380848,327.0961583121252,1620.2586706573109,321.1376388096923,1627.3105819553864,318.1767002008191,subject_002,174.61979621249046,False
2025-11-27T17:24:08.861,5,1659,669,1541.965811965812,740.2222222222222,1606,691,1594,662,-117,71,-53,22,-65,-7,58.87,117,1609.392742918154,677.2035130628924,1640.5807820096277,664.9670608679526,1639.5712771843755,679.637941490875,subject_002,137.00221205182518,False
2025-11-27T17:24:15.269,13,1111,964,1036.6218487394958,932.9831932773108,1090,986,1092,969,-74,-31,-21,22,-19,5,43.77,119,1094.8116212830018,957.296372176578,1094.2989792272397,987.4129537665914,1093.522901294014,961.7923499986975,subject_002,80.58629960609372,False
2025-11-27T17:24:21.675,2,1353,163,1278.8135593220338,328.9237288135593,1305,278,1345,194,-74,165,-48,115,-8,31,116.07,118,1341.255921897237,189.84545814080457,1344.0608602583768,186.18737502820605,1341.9776410946504,181.5179719424657,subject_002,181.7534367319115,False
2025-11-27T17:44:00.453,2,860,960,889.4117647058823,925.2,884,939,857,956,29,-34,24,-21,-3,-4,129.87,85,866.7632110223068,952.7761040430186,872.8028457759051,960.420687232762,874.6173816901985,927.3909956428608,subject_002,45.56415151315979,False
2025-11-27T17:44:06.868,8,764,482,748.9915254237288,526.3983050847457,729,501,718,490,-15,44,-35,19,-46,8,42.32,118,723.1313090597732,478.0085467591569,719.4622429469099,488.340410865631,720.10677231711,492.5410427003382,subject_002,46.86644645697749,False
2025-11-27T17:44:13.264,29,168,429,144.0,477.4691358024691,137,444,109,410,-24,48,-31,15,-59,-19,98.18,81,111.93538958198369,424.1862435009089,163.0,596.0,128.96738004776444,439.67970228153155,subject_002,54.08564620523816,False
2025-11-27T17:44:26.079,30,749,230,756.2796610169491,295.6610169491525,743,235,742,220,7,65,-6,5,-7,-10,43.15,118,741.6980971294928,209.64161466459325,740.7041119957671,214.59267006612032,738.4799661246215,240.87318190932,subject_002,66.06332273900988,False
2025-11-27T17:44:32.487,12,1326,291,1300.2307692307693,335.46153846153845,1304,308,1308,280,-25,44,-22,17,-18,-11,40.61,117,1311.9971869333244,267.04802124366233,1305.149383177965,275.8217336997081,1306.326864057368,283.82899055075524,subject_002,51.389509209611354,False
2025-11-27T17:44:38.889,27,1791,509,1692.0098039215686,628.843137254902,1716,605,1729,603,-98,119,-75,96,-62,94,112.11,102,1739.8130027869852,594.0821604399025,1741.0,596.0,1737.7606501350583,603.4889806983787,subject_002,155.43949455252218,False
2025-11-27T17:44:45.295,9,459,688,483.7094017094017,671.2478632478633,451,648,437,657,24,-16,-8,-40,-22,-31,41.46,117,437.9643583837607,654.9846276291655,428.63640422297846,632.7504545502028,428.3508012633889,650.7477634953659,subject_002,29.852782426415,False
2025-11-27T17:44:51.704,16,1079,410,1067.0608695652174,421.25217391304346,1069,389,1056,374,-11,11,-10,-21,-23,-36,60.62,115,1062.1585855994874,358.3275904963581,1064.655076957924,329.53400725400076,1065.2333264304516,377.5942060823229,subject_002,16.405921288002297,False
2025-11-27T17:44:58.111,1,287,314,307.53508771929825,365.0438596491228,294,311,283,282,20,51,7,-3,-4,-32,48.25,114,285.5996293817424,285.8454046251034,292.8522957736835,276.08138120258684,299.47969449645615,316.92259888559767,subject_002,55.01968225570391,False
2025-11-27T17:45:04.515,18,638,678,632.9059829059829,630.7606837606837,603,616,593,611,-5,-47,-35,-62,-45,-67,42.29,117,595.7639124212114,603.5303423298161,589.5693207496694,606.005652730284,586.9906418563116,606.4644558320158,subject_002,47.51317721340333,False
2025-11-27T17:45:17.329,28,830,838,811.7563025210084,820.3613445378152,798,829,774,835,-18,-17,-32,-9,-56,-3,36.32,119,782.4060287517317,831.4775371093957,787.1825689935106,843.8962939061831,784.1444342383011,813.109830259864,subject_002,25.376261825151246,False
2025-11-27T17:45:23.735,26,1769,566,1697.2016806722688,594.8823529411765,1722,568,1735,565,-71,28,-47,2,-34,-1,39.58,119,1746.1991299750105,555.0858539625251,1741.0,596.0,1745.050246541517,566.4441174738591,subject_002,77.38985056004141,False
2025-11-27T17:45:30.139,25,1384,867,1331.7787610619469,860.0442477876106,1333,876,1335,870,-52,-6,-51,9,-49,3,31.32,113,1341.3852189560328,872.0121394672327,1336.4295829540972,871.9508755335108,1334.5671652740712,855.9573276602207,subject_002,52.68244759941776,False
2025-11-27T17:45:36.545,14,1067,963,1062.5350877192982,976.3684210526316,1064,991,1044,1010,-4,13,-3,28,-23,47,35.6,114,1054.3745259498494,1007.565131576858,1058.5802310914924,1002.3929332824396,1062.260762607287,983.0551360623743,subject_002,14.094329466661568,False
2025-11-27T17:45:42.934,21,1491,561,1446.9830508474577,587.0593220338983,1455,576,1459,562,-44,26,-36,15,-32,1,35.69,118,1465.576531851409,558.9298462813198,1454.0214427210915,571.0094130185481,1455.7674528196458,558.1205101557723,subject_002,51.15251780278186,False
2025-11-27T17:45:49.329,17,1116,805,1126.550847457627,808.0762711864406,1129,822,1111,816,10,3,13,17,-5,11,34.47,118,1121.5724814612006,818.0521977956038,1127.6324070230185,828.6936516703623,1125.3643968977324,799.4479214676155,subject_002,10.990169538575795,False
2025-11-27T17:45:55.736,13,336,820,345.03361344537814,832.9747899159664,311,832,288,849,9,12,-25,12,-48,29,44.25,119,284.81827748701977,868.8504916486131,274.5182518986551,881.5332393158543,273.06462990460096,827.2567042178041,subject_002,15.80984962749427,False
2025-11-27T17:46:02.138,0,1389,707,1366.9327731092435,704.546218487395,1370,712,1371,695,-22,-2,-19,5,-18,-12,29.4,119,1377.749729145901,696.318287226572,1371.7037318628295,709.2848927848704,1368.6799971974742,686.3285637312523,subject_002,22.203232790738586,False
2025-11-27T17:46:14.940,23,359,741,369.1512605042017,836.0504201680673,334,834,313,853,10,95,-25,93,-46,112,49.08,119,309.40169947072184,870.5533557059762,297.7000257227633,877.493972419372,297.0469127682444,830.5911180126536,subject_002,95.59095388137044,False
2025-11-27T17:46:21.343,4,1654,334,1566.271186440678,437.1016949152543,1580,404,1591,394,-87,103,-74,70,-63,60,50.73,118,1601.9700120171456,380.8653670838116,1598.5052729680845,382.6411150483331,1598.2327433467888,394.464354802251,subject_002,135.3746808783845,False
2025-11-27T17:46:27.750,7,1640,231,1560.6470588235295,343.61344537815125,1573,308,1588,290,-79,112,-67,77,-52,59,73.33,119,1599.466427287245,273.0235088352924,1597.7002774650448,276.46152719513384,1597.750114731281,292.5027861113845,subject_002,137.76312043973977,False
2025-11-27T17:46:40.560,31,1135,543,1143.563025210084,573.4285714285714,1149,569,1131,549,8,30,14,26,-4,6,46.42,119,1140.7030245169694,543.2026604563963,1147.8556443743037,546.6924590805577,1143.788598719874,543.5069153799149,subject_002,31.61049445883772,False
2025-11-27T17:46:46.969,24,845,708,896.65,729.8,888,737,865,729,51,21,43,29,20,21,42.97,120,875.2941197484735,725.3731948351804,878.0485283519848,756.9272197648381,879.9868048338101,714.2650386001002,subject_002,56.06213071227311,False
2025-11-27T17:46:53.375,3,1288,508,1249.4615384615386,560.2905982905983,1256,555,1245,534,-38,52,-32,47,-43,26,40.22,117,1253.1180632708945,530.4495132020038,1257.882710790475,551.6459077774766,1250.5872057035958,529.0891270712725,subject_002,64.95783006951656,False
2025-11-27T17:46:59.786,5,141,975,130.26785714285714,993.7857142857144,107,1044,65,1043,-10,18,-34,69,-76,68,113.55,56,59.46081734341831,1079.4125535883493,163.0,1060.0,42.1404984916237,1002.8300870534204,subject_002,21.6352016752934,False
2025-11-27T17:47:06.190,19,1143,956,1135.3416666666667,981.7166666666668,1138,995,1124,1014,-7,25,-5,39,-19,58,34.0,120,1132.8247451359616,1011.470858238508,1136.666463317828,1005.3669567249532,1137.5796680576211,988.8276174023008,subject_002,26.83276008704464,False
2025-11-27T17:47:12.596,20,471,510,549.2407407407408,532.2870370370371,521,494,512,493,78,22,50,-16,41,-17,59.55,108,515.2050628720452,484.48731590438905,513.4052433455478,480.9367846565634,509.20634371201174,499.13052853479434,subject_002,81.35309171475951,False
2025-11-27T17:47:18.999,15,180,504,273.4,531.3090909090909,256,491,233,482,93,27,76,-13,53,-22,39.63,110,237.6625930536577,485.87591711520975,246.1547559707747,461.6787935080593,248.2732822567128,498.2941416388242,subject_002,97.31056698160268,False
2025-11-27T18:06:06.736,26,1484,936,1441.2521008403362,878.781512605042,1493,923,1483,952,-42,-57,9,-13,-1,16,34.23,119,1475.0103139740636,945.366246132312,1486.4579077860524,937.0961119233356,1477.4509511914562,941.7613641498205,subject_002,71.42365282125905,False
2025-11-27T18:06:13.151,12,1021,846,1008.310924369748,750.5126050420168,1026,823,1034,851,-12,-95,5,-23,13,5,32.81,119,1029.64372082324,852.9601411514909,1037.6569208312949,875.7838524306671,1035.615672479565,831.4779197828216,subject_002,96.32681473095704,False
2025-11-27T18:06:25.955,28,1042,493,1002.4789915966388,464.6974789915967,1016,505,1022,511,-39,-28,-26,12,-20,18,32.37,119,1020.8875724305358,491.279532972602,1027.8549157801583,523.9422346413946,1024.2955891845768,489.4115184196798,subject_002,48.61011006621621,False
2025-11-27T18:06:38.768,2,1270,629,1267.7699115044247,549.1946902654868,1280,609,1289,588,-2,-79,10,-20,19,-41,30.2,113,1286.6833673218823,571.3849769605664,1288.6340968056884,630.5933828219818,1286.1243307558427,569.9308633653524,subject_002,79.83646257518986,False
2025-11-27T18:06:45.172,1,309,927,366.8050847457627,831.3983050847457,345,875,277,941,57,-95,36,-52,-32,14,33.61,118,295.5747786937742,962.9733615582338,286.8771782864609,973.2687059562966,286.639748597056,957.5696868416218,subject_002,111.71889675938516,False
2025-11-27T18:06:51.576,23,1714,841,1681.6525423728813,794.4661016949152,1706,821,1699,826,-32,-46,-8,-20,-15,-15,40.07,118,1701.4628376024743,826.9926978091421,1696.895886695199,827.8538767631217,1698.4695675509988,824.8539971159499,subject_002,56.67240692264812,False
2025-11-27T18:06:57.997,15,276,878,291.21008403361344,794.4705882352941,258,834,180,899,15,-83,-18,-44,-96,21,38.49,119,209.33624879144543,918.9791612818168,190.2931989208637,930.0388925697212,199.5287580844304,915.6614968018891,subject_002,84.90294038528562,False
2025-11-27T18:07:04.394,29,1450,756,1384.6218487394958,702.8403361344538,1425,753,1412,761,-65,-53,-25,-3,-38,5,50.99,119,1409.8415395822856,748.3000562201745,1424.7210380153228,754.6335250311196,1407.7089476895424,742.3150022794023,subject_002,84.26299617589696,False
2025-11-27T18:07:10.797,7,859,646,853.9915254237288,546.2796610169491,853,606,865,627,-5,-99,-6,-40,6,-19,29.63,118,862.546378585169,612.3754557120196,862.781901493453,626.270733041269,866.6364805849,598.727445868646,subject_002,99.84603559719196,False
2025-11-27T18:07:17.202,8,341,532,357.2857142857143,450.016806722689,316,480,300,525,16,-81,-25,-52,-41,-7,32.38,119,306.11917866748684,502.6895703068895,295.97940187247934,491.31945364946546,303.52307060815747,509.9090835250746,subject_002,83.58509717492016,False
2025-11-27T18:07:23.611,6,827,592,801.9152542372881,525.5508474576271,794,584,809,605,-25,-66,-33,-8,-18,13,27.16,118,805.5729216229031,589.3683919745703,797.3184940982379,601.3151729840681,809.5797800363663,577.3527540637973,subject_002,71.02629332563704,False
2025-11-27T18:07:30.017,0,1261,462,1266.8403361344538,450.546218487395,1270,473,1284,458,5,-11,9,11,23,-4,59.32,119,1280.4978279066672,441.0801633379431,1273.048153380137,482.1143277068743,1279.49574782553,452.50786879043176,subject_002,12.856851757016525,False
2025-11-27T18:07:36.422,21,1574,228,1678.3445378151262,219.2941176470588,1670,203,1646,-13,104,-8,96,-25,72,-241,38.95,119,1663.716506489242,154.95413703934358,1663.0013924005964,154.75851607717317,1657.2031751441195,164.72635025772138,subject_002,104.70709125649296,False
2025-11-27T18:07:42.838,19,410,960,398.0169491525424,889.6271186440678,382,937,315,1000,-11,-70,-28,-23,-95,40,28.12,118,330.35358336110284,1032.057969509578,312.8914849576484,1052.50725271291,322.818559020237,1024.2820459543475,subject_002,71.3858244888218,False
2025-11-27T18:07:49.236,10,1390,951,1364.6554621848738,918.1512605042016,1411,969,1412,1001,-25,-32,21,18,22,50,46.47,119,1400.7216010845527,1000.1303159624674,1407.9097639900128,996.1135980049196,1407.073369542274,994.3033037323188,subject_002,41.48958042117549,False
2025-11-27T18:07:55.643,18,954,748,934.875,671.1333333333333,945,741,953,768,-19,-76,-9,-7,-1,20,39.56,120,950.067518035934,763.3791033628787,959.911149806322,794.0337432623663,954.5764715164348,742.7574689672322,subject_002,79.21016392764533,False
2025-11-27T18:08:02.047,16,974,104,915.217391304348,111.65217391304348,936,48,950,-14,-58,7,-38,-56,-24,-118,51.74,115,926.7529747414148,55.396077794718,952.0,364.0,936.175526520519,77.00180387859095,subject_002,59.278586780232935,False
2025-11-27T18:08:08.456,4,819,220,808.7796610169491,210.0084745762712,826,196,832,171,-10,-9,7,-24,13,-49,31.05,118,819.6708960068584,190.08142192493392,834.3476600623045,170.71631023364705,827.5241246050998,199.55354769210217,subject_002,14.292862177376788,False
2025-11-27T18:08:14.864,20,518,323,509.1891891891892,297.92792792792795,496,321,498,327,-8,-25,-22,-2,-20,4,30.35,111,489.6252400162059,320.20116265763767,490.0975964201149,325.2217421730782,494.1291813051872,322.992089870151,subject_002,26.575161055599928,False
2025-11-27T18:08:21.268,31,1386,858,1329.3706896551723,777.8362068965517,1375,835,1364,853,-56,-80,-11,-23,-22,-5,35.66,116,1360.6347161751464,844.0592742740976,1373.8537489129594,849.1574624506145,1361.7863088231502,835.0865014122096,subject_002,98.14842084752696,False
2025-11-27T18:08:27.671,25,855,965,852.6050420168067,848.8319327731092,857,920,867,963,-2,-116,2,-45,12,-2,45.31,119,857.3519205285743,978.138183620198,859.7100011619227,984.4982880944532,863.2680922846251,959.0689245691824,subject_002,116.19275221360702,False
2025-11-27T18:08:34.076,13,500,248,478.19166666666666,253.95833333333331,466,272,469,267,-21,5,-34,24,-31,19,39.57,120,457.2142357862817,268.5507072448122,462.1174160533044,272.3280330249276,462.62972628831665,273.04072095148524,subject_002,22.60763452661266,False
2025-11-27T18:08:53.297,17,200,790,225.1833333333333,734.4333333333333,177,770,97,834,25,-55,-23,-20,-103,44,28.84,120,136.502045672451,846.4504788719798,163.0,1060.0,126.2661104027463,846.6835224343647,subject_002,61.00700551758156,False
2025-11-27T18:08:59.702,22,1339,324,1360.1864406779662,370.957627118644,1355,343,1369,328,21,46,16,19,30,4,62.67,118,1364.2517966490088,330.59261752785756,1352.8635365633152,266.4287006288855,1361.2069623160996,352.1803269594512,subject_002,51.51586176329179,False
2025-11-27T18:09:06.112,30,349,783,372.5042735042735,716.2735042735043,341,758,292,824,23,-66,-8,-25,-57,41,35.24,117,306.88550005196623,823.6348811885205,307.27228953907417,812.5048830716679,297.64153397748163,823.427034535357,subject_002,70.74514898494276,False
2025-11-27T18:09:12.525,27,310,221,298.53333333333336,209.04166666666663,275,218,268,209,-11,-11,-35,-3,-42,-12,24.67,120,256.8506216443959,220.2361639573881,266.18453393136826,220.97123903792644,261.3278224748203,230.7268505376793,subject_002,16.5676244692942,False
2025-11-27T18:09:25.329,5,1013,314,1015.3666666666668,290.95,1036,252,1037,267,2,-23,23,-62,24,-47,61.38,120,1031.8288912027035,260.1865585311756,1038.6309980528908,194.04559225108932,1035.9408571804545,280.4598258444808,subject_002,23.171180615391876,False
2025-11-27T22:36:41.216,16,631,712,615.5378151260504,689.4201680672269,611,695,631,710,-15,-22,-20,-17,0,-2,37.18,119,619.9622840686352,707.633268908312,614.868806363401,698.739458732741,610.6429768920941,702.0955420529033,subject_002,27.366548397422644,False
2025-11-27T22:36:47.626,13,961,186,903.747899159664,227.12605042016807,930,198,926,197,-57,41,-31,12,-35,11,26.25,119,922.8668879949264,195.96739464814695,925.4540246656684,192.36503475100017,935.6362582784484,200.21298959450252,subject_002,70.49223413819571,False
2025-11-27T22:37:00.435,10,517,945,512.4237288135594,870.0932203389831,517,899,530,905,-4,-74,0,-46,13,-40,37.49,118,521.498095202434,908.5857874109092,522.9903879930765,917.5563928690278,523.417455255373,919.8685063624168,subject_002,75.04643827095316,False
2025-11-27T22:37:19.655,22,419,546,456.0,564.1565217391304,428,552,449,555,37,18,9,6,30,9,30.74,115,436.3719488694845,549.5869537331572,423.36556437607464,554.073287546709,413.2902805276895,544.1339726396111,subject_002,41.214794451307355,False
2025-11-27T22:37:26.064,21,1079,866,1042.8974358974358,774.5982905982906,1088,820,1093,830,-36,-91,9,-46,14,-36,38.67,117,1100.0973669132045,830.261263167322,1106.3188780575028,828.1200053475643,1107.0446204517132,841.2114176034921,subject_002,98.27343291212678,False
2025-11-27T22:37:32.470,18,239,419,284.7394957983193,459.15966386554624,245,427,251,419,45,40,6,8,12,0,28.97,119,249.1340879343676,417.3652407904895,242.84363008759348,412.8159881537224,232.95854018059177,414.69697304795824,subject_002,60.86789036658104,False
2025-11-27T22:37:38.878,14,1016,617,976.5,594.3916666666667,1004,630,1015,622,-39,-22,-12,13,-1,5,34.59,120,1016.6821228205788,626.1983249651516,1019.8286062081696,638.5046028130043,1010.6620757791492,642.4390353312365,subject_002,45.51248989135962,False
2025-11-27T22:37:45.280,3,857,435,842.8474576271186,443.228813559322,859,442,866,443,-14,8,2,7,9,8,26.8,118,860.876048201403,442.0159725987596,862.7965466586675,441.2618118624705,864.1161250915793,439.95756542000106,subject_002,16.370944634024177,False
2025-11-27T22:37:51.686,7,1685,589,1677.017094017094,601.7948717948718,1761,614,1743,637,-7,12,76,25,58,48,31.15,117,1753.3617180426056,635.189943159089,1741.0,631.6722680188028,1765.2041820833924,619.3107595564526,subject_002,15.080965890125308,False
2025-11-27T22:37:58.097,30,1130,640,1061.6016949152545,609.6610169491526,1095,656,1106,643,-68,-30,-35,16,-24,3,32.38,118,1110.6642266340102,648.0740924953419,1105.37465438382,664.1812552283881,1098.0436867348008,669.6514669924402,subject_002,74.82500939542562,False
2025-11-27T22:38:04.502,11,1750,610,1726.1454545454546,611.7636363636364,1810,628,1793,648,-23,1,60,18,43,38,33.45,110,1803.1791128482912,646.136016840519,1741.0,596.0,1815.6003868059424,629.9863986321607,subject_002,23.919652005539525,False
2025-11-27T22:38:10.906,12,517,145,491.19827586206895,227.18103448275863,465,175,472,172,-25,82,-52,30,-45,27,30.99,116,466.07834681320713,166.95399530351955,473.7756373679521,161.99031197273257,457.4624941321871,169.22392437681117,subject_002,86.13623742157685,False
2025-11-27T22:38:17.321,31,601,526,607.2689075630252,537.4621848739496,590,524,614,537,6,11,-11,-2,13,11,28.95,119,600.0631537274364,530.5975295440742,583.4188190932837,522.1163104051147,577.0701693739095,518.3900595926634,subject_002,13.064489431981384,False
2025-11-27T22:38:23.720,8,1157,294,1095.3361344537816,300.8487394957983,1133,302,1133,289,-61,6,-24,8,-24,-5,34.44,119,1135.295810641227,291.3332664802416,1130.8441515667778,301.34456784641594,1132.6400637460645,301.0410508787237,subject_002,62.043029800158926,False
2025-11-27T22:38:30.127,19,494,484,512.7226890756302,499.9243697478992,481,484,508,487,18,15,-13,0,14,3,29.22,119,493.8445309214008,479.88624572981064,474.40908858451235,480.38499235977434,463.9460968304523,474.1832252564895,subject_002,24.578947050077865,False
2025-11-27T22:38:36.530,24,1099,345,1061.1176470588234,342.94117647058823,1097,351,1098,336,-37,-2,-2,6,-1,-9,23.41,119,1099.467665181475,339.44680552432584,1096.5338045001213,349.49980832957783,1097.3995828141171,351.36657775363875,subject_002,37.93825798168821,False
2025-11-27T22:38:42.938,4,1194,196,1156.6302521008404,225.98319327731093,1194,215,1197,203,-37,29,0,19,3,7,22.76,119,1198.7692346770095,205.26456717027523,1192.3100859514805,215.72517566821,1195.398335367322,211.28104030716597,subject_002,47.911271504222555,False
2025-11-27T22:38:49.348,6,1054,568,1025.0762711864406,548.1694915254237,1055,586,1065,571,-28,-19,1,18,11,3,33.72,118,1067.7717880269076,576.1666464540527,1066.1468953891458,589.2308110999218,1057.656447977852,595.075371644588,subject_002,35.06894858476036,False
2025-11-27T22:39:02.156,25,1090,946,999.017094017094,838.6324786324786,1047,880,1050,900,-90,-107,-43,-66,-40,-46,48.82,117,1056.51080651274,898.0371437708567,1068.2288606109212,892.6056075084858,1073.1969234991122,901.21566519305,subject_002,140.73263241231393,False
2025-11-27T22:39:08.564,9,114,223,112.7008547008547,275.5982905982906,80,214,44,189,-1,52,-34,-9,-70,-34,26.39,117,65.37022295560578,202.74522607244464,163.0,132.0,71.32249412445725,209.6105111516296,subject_002,52.6143321954248,False
2025-11-27T22:39:14.970,2,901,479,853.2605042016806,471.016806722689,870,475,879,476,-47,-7,-31,-4,-22,-3,34.92,119,873.5790818435974,475.0622766772236,877.0753759897166,475.9715629930616,875.4123347087431,474.50231510800273,subject_002,48.40238458981804,False
2025-11-27T22:39:21.386,26,1523,827,1455.4789915966387,729.4957983193277,1500,788,1520,786,-67,-97,-23,-39,-3,-41,36.69,119,1527.6248426680977,789.6754538181954,1521.574481620832,815.5642368207396,1521.3830863118728,812.3989716572981,subject_002,118.600825971795,False
2025-11-27T22:39:27.796,28,1790,135,1696.966101694915,156.864406779661,1725,136,1763,118,-93,21,-65,1,-27,-17,36.6,118,1759.414872291034,123.73177072453166,1741.0,132.0,1742.8711443805153,124.25279861228972,subject_002,95.5686063394636,False
2025-11-27T22:39:34.205,27,206,539,225.0084745762712,572.9745762711865,194,542,191,542,19,33,-12,3,-15,3,38.98,118,192.19946710198167,542.7948462034981,188.1115847451584,531.147321242879,184.01075838077648,533.6516739397152,subject_002,38.93062982438656,False
2025-11-27T22:39:40.609,20,490,652,544.3333333333334,650.061403508772,532,649,551,660,54,-1,42,-3,61,8,35.33,114,538.654948696082,656.1449477039566,533.4784705029737,651.5875256870917,524.6335944514014,648.7478493226228,subject_002,54.3679065944875,False
2025-11-27T22:39:47.016,29,145,950,138.7017543859649,935.7280701754386,135,938,121,940,-6,-14,-10,-12,-24,-10,36.13,114,124.71201706212317,954.047357107622,163.0,1060.0,138.4314693062157,956.551462019845,subject_002,15.599867907515058,False
2025-11-27T22:39:53.419,17,1088,173,1024.9831932773109,220.34453781512605,1058,203,1057,193,-63,47,-30,30,-31,20,31.34,119,1055.5663137377878,195.0984175274128,1054.464442697438,197.0538774633613,1056.9515484438398,206.41717719502552,subject_002,78.82019532107655,False
2025-11-27T22:39:59.840,1,1551,916,1482.2118644067796,898.8305084745763,1534,973,1552,979,-68,-17,-17,57,1,63,36.25,118,1554.9502194204192,979.15103248503,1548.0615846707342,985.3957398707444,1539.0382754243265,998.0582129503824,subject_002,70.898512238501,False
2025-11-27T23:35:06.216,22,1768,898,1716.428571428571,901.3865546218487,1751,934,1754,935,-51,3,-17,36,-14,37,24.51,119,1757.9015690217825,937.5025790848524,1741.0,1060.0,1758.5664411216028,938.9618784412154,subject_002,51.68250184641566,False
2025-11-27T23:35:19.046,29,211,968,196.80882352941177,950.1911764705884,193,974,181,1041,-14,-17,-18,6,-30,73,16.11,68,192.21308251215945,1028.2248359406613,192.7446393451532,1035.4308632677962,193.10584295908632,1032.389254586676,subject_002,22.771554297436552,False
2025-11-27T23:35:25.451,27,887,913,871.1025641025641,848.2649572649573,882,871,878,917,-15,-64,-5,-42,-9,4,40.01,117,885.4657998351539,911.2904682577224,895.3660000191475,903.3179818470892,896.789532114698,911.4267931866202,subject_002,66.65848952699793,False
2025-11-27T23:35:31.861,7,887,804,864.9327731092437,725.9327731092437,875,747,872,782,-22,-78,-12,-57,-15,-22,30.98,119,879.0984171344943,778.7073999060652,884.5563162459304,765.9274238339847,885.9339904320082,779.3058523566033,subject_002,81.12616357908796,False
2025-11-27T23:35:38.265,12,181,308,140.90833333333333,299.525,147,286,144,287,-40,-8,-34,-22,-37,-21,25.67,120,146.67176893748956,289.3050186087253,163.0,132.0,151.15341526372333,283.8805696233344,subject_002,40.97764465060323,False
2025-11-27T23:35:44.679,16,1787,313,1732.9913793103449,312.55172413793105,1758,313,1785,314,-54,0,-29,0,-2,1,49.46,116,1787.290986352767,310.2494540520651,1741.0,132.0,1789.3998494495415,312.3011346872177,subject_002,54.0104810203312,False
2025-11-27T23:35:51.085,10,184,689,173.6949152542373,690.2881355932203,173,707,159,742,-10,1,-11,18,-25,53,17.3,118,169.7019104931559,736.5575738048188,176.87025089293394,730.054873824881,172.0080360470702,738.2703882838576,subject_002,10.385281167299825,False
2025-11-27T23:35:57.500,20,1243,571,1190.5416666666667,542.4,1204,560,1213,575,-52,-28,-39,-11,-30,4,39.64,120,1216.8894319865526,572.0165096411343,1213.0986370706744,571.4082060038772,1214.0625683681008,571.0286097227707,subject_002,59.74811073256714,False
2025-11-27T23:36:03.907,25,1208,363,1154.3865546218487,359.4621848739496,1172,373,1184,375,-53,-3,-36,10,-24,12,27.3,119,1185.8521255246046,377.4016730330752,1185.2159812220157,376.3649257362265,1184.8290078117475,379.2787868477388,subject_002,53.73004430653412,False
2025-11-27T23:36:10.313,8,580,552,593.5042016806723,516.2689075630252,589,542,597,549,13,-35,9,-10,17,-3,21.27,119,598.0103613958491,553.1056689691585,588.5841946447089,557.8529510266585,582.7462598480053,554.6281111454606,subject_002,38.19783278894117,False
2025-11-27T23:36:16.731,0,161,938,174.79646017699116,912.0530973451328,171,934,158,997,13,-25,10,-4,-3,59,40.53,113,169.86634294380457,985.3496539180958,173.57211854042842,988.3265325372802,171.12415974498745,989.1172864390844,subject_002,29.38680096227658,False
2025-11-27T23:36:23.141,2,1194,888,1173.025641025641,792.6068376068376,1184,810,1191,847,-20,-95,-10,-78,-3,-41,32.7,117,1194.4715444401,837.0375274531641,1190.777563297548,836.7658711582978,1193.0290717305372,832.0696812403366,subject_002,97.67179309172896,False
2025-11-27T23:36:29.545,30,1081,167,1031.8813559322034,153.25423728813558,1056,152,1071,147,-49,-13,-25,-15,-10,-20,21.05,118,1068.5442416605515,151.5851609601021,1071.1121671005612,152.00434779441198,1071.8145370584405,156.32034920572588,subject_002,51.00575641621023,False
2025-11-27T23:36:35.955,26,1796,507,1730.5126050420167,490.016806722689,1753,498,1774,502,-65,-16,-43,-9,-22,-5,39.35,119,1779.0729572588048,501.3820147355374,1741.0,596.0,1778.771403931249,503.41173477547096,subject_002,67.65373420793115,False
2025-11-27T23:36:42.361,3,1459,219,1410.3529411764705,204.11764705882356,1431,213,1457,204,-48,-14,-28,-6,-2,-15,28.41,119,1454.4983830281749,206.41688276024948,1455.2432817681658,208.21051515095348,1452.050105154878,210.84999752726415,subject_002,50.87259341969587,False
2025-11-27T23:36:48.766,14,1331,334,1277.0756302521008,328.79831932773106,1295,345,1312,341,-53,-5,-36,11,-19,7,25.26,119,1312.45483393863,344.1421201561963,1310.2538207472612,351.0202084875926,1308.8401087745206,346.95274716414156,subject_002,54.17467244501252,False
2025-11-27T23:36:55.182,31,212,237,190.81512605042016,221.78991596638656,197,205,201,199,-21,-15,-15,-32,-11,-38,33.64,119,199.84874879099016,203.36265076420227,201.41588998776115,194.18645962930137,202.266913336031,198.96432736033017,subject_002,26.079600084532913,False
2025-11-27T23:37:01.582,5,1469,546,1396.8235294117646,522.2450980392157,1411,540,1427,548,-72,-23,-58,-6,-42,2,34.23,102,1429.4352205999492,547.1379189767872,1427.4773605951027,553.0866166310013,1424.6874124152007,547.6782215882863,subject_002,75.98511876506399,False
2025-11-27T23:37:07.986,15,146,158,94.38655462184876,165.52941176470588,104,139,107,128,-51,7,-42,-19,-39,-30,25.75,119,103.38525939966604,138.2121840932106,163.0,132.0,101.59299723911462,136.81636020187722,subject_002,52.15975254279772,False
2025-11-27T23:37:20.797,21,1799,375,1775.8125,366.25,1802,367,1826,370,-23,-8,3,-8,27,-5,34.07,112,1830.5322705673036,366.5711264817009,1741.0,596.0,1832.478811089084,368.7610932291436,subject_002,24.783515816969956,False
2025-11-27T23:37:27.202,1,979,331,927.5126050420168,331.9243697478992,947,339,951,345,-51,0,-32,8,-28,14,32.94,119,954.481922549081,346.5809906174926,960.6809237105684,344.84818088678816,960.523994624902,346.9129003723897,subject_002,51.4956920430261,False
2025-11-27T23:37:33.615,23,966,270,919.3076923076924,251.34188034188037,941,254,948,255,-46,-18,-25,-16,-18,-15,27.15,117,949.4366872057898,257.6847317790342,954.8564934414222,255.58207461637429,956.8942511434508,258.97954113465755,subject_002,50.28217404617505,False
2025-11-27T23:37:40.016,19,1616,440,1551.5126050420167,438.6470588235294,1569,454,1591,454,-64,-1,-47,14,-25,14,31.38,119,1592.682163183744,454.14393741740304,1589.7248514721732,467.0723129872686,1589.417141978856,455.53875998685896,subject_002,64.50158570371674,False
2025-11-27T23:37:52.830,9,441,201,428.3781512605042,223.50420168067228,434,216,445,211,-12,22,-7,15,4,10,20.58,119,442.210702374504,214.2211697411315,445.33977836632414,208.6381168691314,441.5099478642043,210.5818769337932,subject_002,25.802134773833835,False
2025-11-27T23:37:59.236,24,321,368,282.672268907563,372.3697478991597,283,372,284,378,-38,4,-38,4,-37,10,39.14,119,286.9990229050886,377.5971290275139,286.9969206158042,372.4989244787896,286.77108254430897,373.22408360234976,subject_002,38.57602451518781,False
2025-11-27T23:38:05.645,18,280,209,260.8067226890756,217.42857142857144,266,204,273,197,-19,8,-14,-5,-7,-12,26.72,119,271.1620344652578,200.89166032197872,271.71748062293983,193.41759872142848,272.5999575456342,196.3943915588641,subject_002,20.962411842642897,False
2025-11-27T23:38:12.046,6,1379,495,1318.525,474.4916666666667,1333,493,1348,498,-60,-20,-46,-2,-31,3,29.61,120,1350.0299352085892,498.6249070242612,1346.5327737229916,506.54651038510445,1344.8966725855057,499.37893018880857,subject_002,63.857790136451634,False
2025-11-27T23:38:18.450,11,1244,497,1211.0504201680671,462.15966386554624,1226,479,1237,487,-32,-34,-18,-18,-7,-10,30.98,119,1240.201670945233,486.8812673973585,1237.4284585884016,487.6359697236801,1236.6914923818567,487.3470191765172,subject_002,47.95335059266079,False
2025-11-28T14:35:48.460,25,1593,141,1534.448275862069,305.1810344827586,1574,254,1643,164,-58,164,-19,113,50,23,45.99,116,1641.7627168116203,186.37736532941707,1643.9490002864916,200.3920492422471,1644.9809276589497,195.60550127590352,subject_002,174.30925530032286,False
2025-11-28T14:35:54.861,2,1243,477,1070.2436974789916,557.5966386554621,1149,552,1169,534,-172,80,-94,75,-74,57,42.83,119,1173.5930159193983,528.8531677186592,1162.754460664048,543.1916775464579,1160.022182266339,553.3439198544395,subject_002,190.6319968507105,False
2025-11-28T14:36:01.272,12,1356,301,1253.9411764705883,457.10084033613447,1313,419,1358,390,-102,156,-43,118,2,89,36.44,119,1356.9415156211226,383.5532321889529,1343.157431374065,379.2826621404894,1330.5807127316275,383.1982814299477,subject_002,186.50328633526797,False
2025-11-28T14:36:14.115,19,1432,450,1324.1709401709402,574.0683760683761,1390,537,1430,509,-107,124,-42,87,-2,59,41.7,117,1436.1987015570712,497.7524634242662,1424.926876273088,484.65574023749423,1413.515871194283,482.57821306308784,subject_002,164.37782114343457,False
2025-11-28T14:36:20.520,29,913,602,784.1186440677966,643.6525423728814,841,670,862,670,-128,41,-72,68,-51,68,36.57,118,860.7242892384786,679.8540108066063,876.0597670056948,672.6861758212729,875.612792226548,670.7504722428476,subject_002,135.4449637049971,False
2025-11-28T14:36:26.932,14,953,554,808.0593220338983,590.9067796610169,873,604,886,607,-144,36,-80,50,-67,53,47.62,118,886.5103007203377,612.7611311539931,904.5461632760164,601.0295833374205,903.3899057896854,595.4681825834855,subject_002,149.56573977425464,False
2025-11-28T14:36:33.326,15,787,133,658.0,211.2016806722689,707,187,714,185,-129,78,-80,54,-73,52,39.57,119,697.3525379866751,178.29763177061312,715.78527328562,181.79685259861063,722.6100551465636,177.60512981279766,subject_002,150.85258652064113,False
2025-11-28T14:36:39.733,26,750,187,627.1826086956522,278.295652173913,673,261,673,264,-122,91,-77,74,-77,77,35.89,115,663.3613501920823,259.91064343158394,676.3408191642038,265.54949623837956,691.8614788148418,250.8756058244047,subject_002,153.03270144862958,False
2025-11-28T14:36:46.139,11,784,293,634.457627118644,365.4491525423729,683,357,679,364,-149,72,-101,64,-105,71,35.51,118,673.8021107977554,363.0532805372534,683.6795125159332,366.713081530345,699.8244945974433,344.33757146987256,subject_002,166.16799027217763,False
2025-11-28T14:36:52.555,3,1023,785,884.7033898305085,843.4067796610169,960,881,996,885,-138,58,-63,96,-27,100,38.21,118,991.4958921024408,891.5877806652809,1009.4076652830232,893.2610230723226,1013.064322406221,899.2854020149214,subject_002,150.12429615069934,False
2025-11-28T14:36:58.966,1,100,867,-19.45378151260504,805.7394957983194,-46,819,-148,869,-119,-61,-146,-48,-248,2,95.66,119,-65.85464665940711,880.3451840519065,163.0,1060.0,-54.51253741364958,877.5927848283718,subject_002,134.24624870999307,False
2025-11-28T14:37:05.370,24,1074,197,985.561403508772,305.2543859649123,1059,258,1080,259,-88,108,-15,61,6,62,27.69,114,1070.046925798992,251.88362206542573,1079.8527533777117,242.2634454632937,1082.025804418926,243.85233419813648,subject_002,139.7869716031449,False
2025-11-28T14:37:11.780,21,1244,667,1115.1981981981985,790.063063063063,1227,790,1233,790,-128,123,-17,123,-11,123,64.97,111,1240.5932542517664,779.6342590305863,1240.5858303771347,789.4086931005138,1255.072669835092,789.9769830629292,subject_002,178.14157751028813,False
2025-11-28T14:37:31.004,8,879,722,695.3189655172414,720.2758620689655,728,770,769,767,-183,-1,-151,48,-110,45,33.52,116,757.420929398943,784.8041623691469,763.2656279248096,790.0485537672411,759.6908474362032,801.9232546702995,subject_002,183.68912618949872,False
2025-11-28T14:37:37.414,13,1133,130,973.2307692307692,216.84615384615384,1041,168,1071,160,-159,86,-92,38,-62,30,47.35,117,1051.012679749841,152.68063387297795,1054.4660472560126,153.06134047943948,1065.3351524045888,147.39032578263348,subject_002,181.8473577989561,False
2025-11-28T14:37:56.642,7,883,307,738.0084745762712,343.771186440678,805,317,801,331,-144,36,-78,10,-82,24,24.94,118,796.4051968237607,325.9540686586389,812.7058488728907,315.2275184853372,826.0363445099665,300.39141045817047,subject_002,149.58162519826726,False
2025-11-28T14:38:03.036,6,1262,789,1108.142857142857,873.6696428571429,1239,876,1235,885,-153,84,-23,87,-27,96,120.84,112,1240.6820505157546,873.3135000907863,1248.7110914896523,875.958261430306,1267.0876418558823,872.3925532645076,subject_002,175.61596974569085,False
2025-11-28T14:38:09.438,17,496,553,431.5508474576271,486.3898305084746,427,509,433,513,-64,-66,-69,-44,-63,-40,33.3,118,424.6265224051623,524.6875820752708,418.7322207432947,533.2586025334582,408.3383533365142,528.5767768579298,subject_002,92.68553254483568,False
2025-11-28T14:38:15.845,5,1436,955,1254.4655172413793,1041.4224137931035,1404,1029,1406,1045,-181,86,-32,74,-30,90,20.58,116,1402.0894222363863,1026.7479707896373,1404.1612597209476,1033.9634670486605,1430.6957374328294,1009.4200577993988,subject_002,201.056216109491,False
2025-11-28T14:38:22.254,18,872,667,826.3166666666667,627.4583333333334,890,645,909,647,-45,-39,18,-22,37,-20,48.14,120,909.5406676619132,653.4782733284859,929.7105702732896,644.2535575972336,925.8201796907374,642.2106864614308,subject_002,60.41945338400716,False
2025-11-28T14:38:28.661,28,374,636,372.3813559322034,538.5169491525423,354,568,360,574,-1,-97,-20,-68,-14,-62,25.13,118,352.86111785233146,589.2103657761263,332.63348692738373,599.148926592876,319.8480807630367,600.2053744762128,subject_002,97.4964881990435,False
2025-11-28T14:38:35.062,30,601,610,543.6410256410256,573.957264957265,560,611,576,610,-57,-36,-41,1,-25,0,32.05,117,563.8385682833839,625.274039352262,557.0715746712763,631.5166498474726,550.2322479927199,637.9812111677909,subject_002,67.74312281607835,False
2025-11-28T14:38:41.472,10,132,968,4.068965517241379,973.9137931034484,1,991,-73,1073,-127,5,-131,23,-205,105,30.0,116,-16.865044425048673,1061.1273590430685,163.0,1060.0,13.434157506010155,1041.7767747358755,subject_002,128.06764826723088,False
2025-11-28T14:39:00.689,4,372,977,246.4375,946.5875,247,987,257,1051,-125,-30,-125,10,-115,74,28.87,80,250.22928520245185,1040.5898523775295,263.39072496600613,1022.3315356795716,250.6621320837936,1018.6297956088634,subject_002,129.19311731860952,False
2025-11-28T15:31:25.639,29,1244,766,1148.5221238938052,759.7168141592921,1227,769,1234,774,-95,-6,-17,3,-10,8,35.7,113,1243.955493481924,772.744757704034,1247.691367154971,767.617309946783,1243.7452525128026,770.6211387939142,subject_002,95.68439397341008,False
2025-11-28T15:31:32.050,21,534,141,518.7610619469026,176.1238938053097,544,149,547,148,-15,35,10,8,13,7,21.78,113,541.6322628809058,153.17685080864675,547.4015207448363,148.2753314139643,539.0184318330314,154.55010223239864,subject_002,38.28724525260094,False
2025-11-28T15:31:44.859,2,620,514,581.0545454545454,495.6818181818182,606,517,622,513,-38,-18,-14,3,2,-1,31.45,110,624.9286699002871,512.6619771766303,613.0668751620419,519.1162193813449,623.3192413833129,510.4741605421368,subject_002,43.038403953632354,False
2025-11-28T15:31:51.264,0,1280,419,1206.4122807017543,424.93859649122805,1276,399,1274,398,-73,5,-4,-20,-6,-21,27.03,114,1281.538472298089,394.1388210916592,1283.8706424177224,386.9613444673088,1282.0341458205137,394.6491902897176,subject_002,73.82695550950905,False
2025-11-28T15:31:57.675,11,1798,711,1749.921052631579,778.3157894736842,1788,756,1856,748,-48,67,-10,45,58,37,48.28,114,1854.356870302068,736.5181055749873,1741.0,596.0,1853.9841465631143,739.1790223559558,subject_002,82.72243161634435,False
2025-11-28T15:32:10.485,15,1030,162,965.981981981982,216.73873873873876,994,187,1022,174,-64,54,-36,25,-8,12,41.28,111,1015.9069884523524,173.90588246006106,1018.5456724487344,162.45711576966863,1015.5145663910296,176.53158372581896,subject_002,84.22966312210428,False
2025-11-28T15:32:16.889,7,1263,306,1196.4954954954956,308.3333333333333,1253,272,1264,266,-66,2,-10,-34,1,-40,32.08,111,1265.9361115364525,262.199341481106,1267.1710341491955,250.16107557115697,1267.3733810362096,265.40529044602476,subject_002,66.54542481518993,False
2025-11-28T15:32:23.298,4,715,259,665.2612612612612,231.54054054054052,694,210,702,206,-49,-27,-21,-49,-13,-53,28.14,111,697.4034239591676,208.92196138723176,701.126861581377,207.8762477663822,694.3550311266648,208.58633448994263,subject_002,56.81517442661083,False
2025-11-28T15:32:29.704,27,1801,426,1776.517857142857,474.1071428571428,1826,426,1877,410,-24,48,25,0,76,-16,32.73,112,1874.5032420851471,402.8109982070921,1741.0,596.0,1876.4951867424036,407.2582257670711,subject_002,53.9784448901142,False
2025-11-28T15:32:36.107,8,808,228,747.3181818181819,234.61818181818185,775,214,789,206,-60,6,-33,-14,-19,-22,25.48,110,784.1715373035178,208.1640791582785,787.4799618836173,208.69960344565283,781.4263464155641,207.82184067445883,subject_002,61.04165289726144,False
2025-11-28T15:32:48.922,24,895,738,799.8415841584158,695.3465346534654,850,722,868,725,-95,-42,-45,-16,-27,-13,30.64,101,876.0570600920566,724.4239696910577,870.0007019700605,725.8911354294912,876.1477168099806,723.2204685084425,subject_002,104.28059364784944,False
2025-11-28T15:32:55.328,1,1384,842,1235.8623853211009,825.2844036697247,1315,842,1331,839,-148,-16,-69,0,-53,-3,38.8,109,1338.168605385788,838.7799835178411,1343.5136712722926,846.2849684378068,1337.3701132017409,835.478536182737,subject_002,149.07771142404454,False
2025-11-28T15:33:01.735,28,1736,202,1647.855855855856,291.1891891891892,1722,242,1748,214,-88,89,-14,40,12,12,33.0,111,1740.8724760054483,213.3111963328632,1741.0,132.0,1743.052721365215,217.2274272473988,subject_002,125.3957798936178,False
2025-11-28T15:33:08.138,23,333,740,277.16521739130434,684.9478260869565,317,728,331,740,-55,-55,-16,-12,-2,0,34.73,115,333.93686979418527,740.2406172299943,324.23499421818406,731.6029582732453,333.42005038754013,740.8630097796463,subject_002,78.41087170483624,False
2025-11-28T15:33:14.546,16,517,793,457.3217391304348,744.8695652173913,500,788,524,798,-59,-48,-17,-5,7,5,20.93,115,526.5356008508184,798.2850813654344,510.236153067818,793.6157382174895,527.0288093142598,798.4290492179783,subject_002,76.66833487678487,False
2025-11-28T15:33:20.950,22,363,508,335.4159292035398,499.8938053097345,365,527,367,528,-27,-8,2,19,4,20,37.63,113,373.46312932646015,527.4823520532372,366.65950623937147,523.4459109682792,371.80324407847496,528.437245638568,subject_002,28.750501805370583,False
2025-11-28T15:33:33.760,17,629,605,587.0446428571429,595.3125,620,627,637,625,-41,-9,-9,22,8,20,31.25,112,641.3095265289473,624.6964967796564,625.7821235408815,630.4870952643334,640.6259486176658,622.8367443291164,subject_002,43.059257416201355,False
2025-11-28T15:33:40.167,26,1212,462,1126.3947368421052,508.8421052631579,1193,495,1191,497,-85,46,-19,33,-21,35,34.35,114,1201.9170150413486,494.3609913061056,1204.084653165959,484.9953534394043,1201.6129780720164,493.6103444341247,subject_002,97.58301033385467,False
2025-11-28T15:33:46.575,19,1146,376,1055.1929824561405,365.9736842105263,1095,349,1114,340,-90,-10,-51,-27,-32,-36,44.56,114,1118.2095982807784,337.18934661941177,1118.2900870094777,332.12111893684585,1118.1148030671563,338.2189521450633,subject_002,91.3588607827454,False
2025-11-28T15:33:52.981,31,1330,371,1211.4786324786326,409.1111111111111,1281,381,1279,379,-118,38,-49,10,-51,8,37.34,117,1286.1492534508618,375.84586497307333,1288.3262958330904,368.57592546036744,1286.7982242277758,376.6764645273505,subject_002,124.49807769302508,False
2025-11-28T15:33:59.396,3,1694,374,1579.7543859649122,445.2280701754386,1650,407,1668,394,-114,71,-44,33,-26,20,34.23,114,1670.4861486893074,389.36586442941655,1666.7165181326902,386.9328450657947,1671.7689321597215,390.5601333581054,subject_002,134.63097083201714,False
2025-11-28T15:34:05.795,18,168,182,128.46017699115043,170.1769911504425,140,162,134,154,-39,-11,-28,-20,-34,-28,49.51,113,141.43137866768646,166.1535624736121,163.0,132.0,137.98315181186632,172.05251820578866,subject_002,41.269615237216165,False
2025-11-28T15:34:12.200,25,648,460,533.4107142857143,453.5625,555,469,569,467,-114,-6,-93,9,-79,7,46.98,112,571.9339028755068,466.8808099590498,561.3316308511622,470.9035669692746,570.039422413454,465.32901335954864,subject_002,114.7699690980188,False
2025-11-28T15:34:18.606,6,800,939,680.5185185185185,934.6111111111112,762,979,785,995,-119,-4,-38,40,-15,56,33.17,108,786.314488253307,995.2965949861172,808.3619859959749,998.6699905828856,786.6613509859739,995.904617374718,subject_002,119.56206238890589,False
2025-11-28T15:34:25.010,5,700,133,619.7641509433962,200.41509433962264,650,174,654,172,-80,67,-50,41,-46,39,35.12,106,648.2892006645028,175.882652263813,652.1107428428668,172.49508114763728,645.3067343739493,176.21680788938522,subject_002,104.79783594451904,False
2025-11-28T15:34:31.430,13,1161,943,1012.25,932.3362068965516,1086,953,1119,971,-148,-10,-75,10,-42,28,35.24,116,1122.3038240067892,968.997468146276,1122.5280051289074,963.0022924290262,1124.4227223918986,970.0297548549128,subject_002,149.131750420067,False
2025-11-28T15:34:37.841,12,1798,563,1841.044642857143,668.7589285714286,1871,628,1945,620,43,105,73,65,147,57,62.27,112,1945.3393415408784,608.4140941970242,1741.0,596.0,1946.2601999998897,613.0524653937493,subject_002,114.1831522216632,False
2025-11-28T15:34:44.244,9,1755,365,1778.3333333333333,452.9122807017544,1829,404,1879,386,23,87,74,39,124,21,39.1,114,1876.3937046178503,379.52125136033567,1741.0,596.0,1878.498229231719,384.0945489958588,subject_002,90.95610778077798,False
2025-11-28T15:41:59.471,12,1402,857,1343.9416666666666,898.4583333333334,1369,911,1363,910,-58,41,-33,54,-39,53,37.22,120,1377.871083576708,901.8922067046394,1399.614839645135,910.5397816673628,1378.9017117205233,907.795708730082,subject_002,71.3411765547936,False
2025-11-28T15:42:05.869,16,1060,596,1075.1916666666666,646.7416666666667,1056,659,1047,646,15,50,-4,63,-13,50,28.85,120,1054.8735280072096,637.2535907743618,1049.9500881121728,649.1468635997851,1055.5252009850997,642.6219530703967,subject_002,52.967003617556294,False
2025-11-28T15:42:12.274,20,866,651,903.9327731092436,687.2352941176471,878,703,854,681,37,36,12,52,-12,30,32.45,119,860.1266652033465,674.034962626239,869.5044152924809,699.1686779730063,855.7214747137516,675.0106058645998,subject_002,52.45847706090736,False
2025-11-28T15:42:18.685,25,979,954,989.2941176470588,989.8655462184872,970,1004,958,985,10,35,-9,50,-21,31,30.74,119,957.7403683340702,983.8016720946696,953.9866939486576,983.892271132626,950.2558078535416,984.0211920070584,subject_002,37.31362035077714,False
2025-11-28T15:42:37.900,11,1412,637,1386.2347826086957,653.4347826086956,1401,647,1415,647,-25,16,-11,10,3,10,33.35,115,1422.227148972669,630.7767841380938,1405.7827713823035,629.1615658871804,1427.6685393404218,633.4819988222199,subject_002,30.56057111076712,False
2025-11-28T15:42:44.320,9,1389,106,1354.4453781512605,192.01680672268907,1384,149,1428,71,-34,86,-5,43,39,-35,30.26,119,1405.182474114809,89.27318980266276,1215.0,132.0,1402.182336244954,89.71353124237197,subject_002,92.69796615825956,False
2025-11-28T15:42:50.736,5,156,821,141.59036144578317,880.433734939759,136,865,69,769,-14,59,-20,44,-87,-52,68.77,83,112.3592012845171,828.4711684784496,163.0,1060.0,112.67765809710328,834.0737999199249,subject_002,61.15559281171839,False
2025-11-28T15:42:57.133,23,1025,914,1057.2416666666666,990.2416666666668,1045,1007,1034,990,32,76,20,93,9,76,32.08,120,1036.4590492900732,989.7832589441066,1033.8237987876223,993.8196507923176,1030.309742596159,991.6023061007484,subject_002,82.77872193719571,False
2025-11-28T15:43:03.538,30,463,169,518.4915254237288,290.39830508474574,478,256,449,233,55,121,15,87,-14,64,46.35,118,452.2311329407776,220.96711106802496,448.6274153572643,221.889439564148,450.0262386913552,220.3494341910375,subject_002,133.4798032336778,False
2025-11-28T15:43:09.951,26,1717,475,1637.4639175257732,566.639175257732,1685,540,1742,512,-79,91,-32,65,25,37,37.52,97,1724.897993894249,496.82651169969466,1730.4929821176013,489.8023740067397,1721.5477187133545,497.3588279762405,subject_002,121.3413649884668,False
2025-11-28T15:43:16.362,17,282,687,364.0,746.8623853211009,316,704,285,681,82,59,34,17,3,-6,118.89,109,305.43106407565597,694.9908440400238,297.98392209324436,687.3777214606303,308.4983396870608,691.8431609036992,subject_002,101.52588426766818,False
2025-11-28T15:43:22.757,21,947,763,967.6333333333332,816.7666666666667,954,852,927,815,20,53,7,89,-20,52,34.81,120,931.3304997991972,813.3700470991247,943.858908756908,855.0651964662627,925.6107301599512,813.3406310161843,subject_002,57.589833207684165,False
2025-11-28T15:43:29.172,13,1074,428,1092.396551724138,525.5,1074,514,1070,514,18,97,0,86,-4,86,39.98,116,1078.2789024794452,499.8658085380292,1066.1808021234906,491.8310336078676,1080.9008462487786,505.9065217119136,subject_002,99.22037651278532,False
2025-11-28T15:43:35.582,7,1573,764,1540.7241379310344,838.4827586206897,1595,839,1604,840,-32,74,22,75,31,76,36.22,116,1614.2582380718638,822.616876922094,1631.1199315788383,828.7359800143502,1614.711978290588,827.1352086770531,subject_002,81.17519697569455,False
2025-11-28T15:43:41.992,27,1644,666,1563.7118644067796,791.0084745762712,1619,786,1634,786,-80,125,-25,120,-10,120,46.51,118,1640.6464489901696,767.4539096228732,1654.741640478391,772.3717026674349,1640.840220666324,771.0829514476253,subject_002,148.57087006853524,False
2025-11-28T15:43:48.405,8,404,481,483.1465517241379,566.2241379310345,437,533,404,521,79,85,33,52,0,40,69.99,116,413.10280919495455,514.9855640045581,407.5192584522195,506.32335335392185,412.8620620246369,512.3491314920092,subject_002,116.30705196121872,False
2025-11-28T15:43:54.806,31,1178,852,1118.8333333333333,907.9083333333332,1113,932,1101,914,-59,55,-65,80,-77,62,31.37,120,1107.2961896512095,912.6889545964992,1115.956954140134,935.9827411443376,1104.0590168154763,916.2344843621928,subject_002,81.4029248894384,False
2025-11-28T15:44:01.212,0,1683,106,1609.4756097560976,234.7926829268293,1633,196,1765,55,-73,128,-50,90,82,-51,93.84,82,1700.173326847161,102.6220353997463,1741.0,132.0,1688.4265752895944,107.34847765230244,subject_002,148.30168959330314,False
2025-11-28T15:44:07.616,6,1158,396,1188.2695652173911,499.5304347826087,1174,479,1183,483,30,103,16,83,25,87,33.52,115,1189.6971167952054,467.1959156414423,1173.9608315858911,462.155369439555,1194.899600136781,471.7830870635161,subject_002,107.86471853542238,False
2025-11-28T15:44:20.437,24,1737,768,1673.4166666666667,836.9916666666667,1735,825,1774,825,-63,68,-2,57,37,57,36.23,120,1772.1185018491797,805.8238319862443,1741.0,596.0,1768.30750036707,812.3745738942898,subject_002,93.82265369953151,False
2025-11-28T15:44:26.839,19,1586,140,1579.1880341880342,236.32478632478632,1602,199,1721,70,-6,96,16,59,135,-70,30.11,117,1664.31719255394,108.72708892895326,1741.0,132.0,1654.5403912946542,112.21237009452204,subject_002,96.56535268272536,False
2025-11-28T15:44:33.240,29,1242,809,1225.627118644068,871.5677966101695,1230,889,1223,882,-16,62,-12,80,-19,73,39.37,118,1233.9446874199,877.1877787754337,1255.6969104111913,894.2481067968861,1233.9543884885834,882.8274841924688,subject_002,64.6745731841112,False
2025-11-28T15:44:39.656,18,1768,363,1686.657894736842,468.4736842105263,1728,436,1822,371,-81,105,-40,73,54,8,43.54,114,1784.4546157693485,371.4054683220429,1741.0,132.0,1775.8903679842683,373.8260759099008,subject_002,133.19623173943205,False
2025-11-28T15:44:52.461,28,552,167,583.9909090909091,265.44545454545454,544,229,519,209,31,98,-8,62,-33,42,27.58,110,523.096283686273,195.51350006277892,519.6692743838584,196.51736495874505,521.6957309668653,195.1181147346706,subject_002,103.5129256910651,False
2025-11-28T15:44:58.875,3,495,691,532.7017543859649,711.9122807017544,471,665,457,671,37,20,-24,-26,-38,-20,37.98,114,465.8322557769741,667.018675266219,458.358253706672,652.3956640666454,466.0477355953929,662.980938853879,subject_002,43.11317394867369,False
2025-11-28T15:45:05.282,14,571,249,638.4745762711865,307.2881355932203,602,275,575,260,67,58,31,26,4,11,31.4,118,579.92665853239,243.61789354733992,575.3292638117072,243.4025301761713,579.4649168642986,243.3092703358619,subject_002,89.16459607887988,False
2025-11-28T15:45:11.686,4,1123,553,1088.4830508474577,589.8559322033898,1068,589,1063,585,-34,36,-55,36,-60,32,36.12,118,1071.2906330926212,573.3745506742971,1062.508002861089,574.866854228759,1073.3156129436472,579.3943578393843,subject_002,50.49534154137446,False
2025-11-28T15:45:18.101,10,542,396,635.5546218487395,438.7563025210084,597,412,566,403,93,42,55,16,24,7,35.62,119,571.7539185896829,387.7016995396085,566.9267441297884,387.03656497245913,571.0052511834973,387.0003010154057,subject_002,102.8618912645915,False
2025-11-28T15:53:29.643,4,469,971,465.1525423728813,946.457627118644,459,990,495,999,-3,-24,-10,19,26,28,37.01,118,471.4283672521115,1000.2915985210992,477.5030335592544,1008.4910440581776,456.21562444992213,1010.2153743869408,subject_002,24.842121423904,False
2025-11-28T15:53:48.863,5,1759,659,1827.82905982906,744.9487179487179,1826,741,1832,728,68,85,67,82,73,69,22.21,117,1851.055458637261,731.4868248242722,1741.0,596.0,1836.8871138002207,742.6974578842793,subject_002,110.11185946109796,False
2025-11-28T15:54:01.676,1,699,410,726.70796460177,412.9026548672566,726,404,718,415,27,2,27,-6,19,5,21.66,113,719.9891664284992,411.0145788830333,722.8144949285708,403.88602305277874,731.2481242726199,399.96769259955727,subject_002,27.859589150799508,False
2025-11-28T15:54:08.086,27,1610,135,1646.6,152.69166666666666,1654,137,1668,127,36,17,44,2,58,-8,22.39,120,1655.3572406272422,125.15197166096216,1653.4164495627958,137.58478356657795,1653.5428489263372,133.9421870429127,subject_002,40.65163058776902,False
2025-11-28T15:54:14.502,31,1281,347,1249.2941176470588,392.11764705882354,1266,375,1257,387,-31,45,-15,28,-24,40,27.73,119,1271.008427909254,379.65271211856606,1273.26618108267,375.6025608413354,1274.2844310273858,363.3063986806833,subject_002,55.144039133011624,False
2025-11-28T15:54:20.912,7,1643,576,1629.3983050847455,593.9661016949152,1639,593,1634,585,-13,17,-4,17,-9,9,37.0,118,1652.5140312427184,584.7027269041038,1644.7214931871092,590.6148603779186,1640.4851051122926,590.7259508768194,subject_002,22.5341277772115,False
2025-11-28T15:54:27.316,12,340,171,354.10169491525426,213.84745762711864,341,194,324,187,14,42,1,23,-16,16,25.05,118,327.11724202119547,194.86465184698957,337.64638247368964,188.2129958395041,342.02878593477527,187.0956847358932,subject_002,45.10834096473329,False
2025-11-28T15:54:33.724,13,948,208,915.008849557522,247.424778761062,919,239,922,235,-32,39,-29,31,-26,27,28.43,113,918.1745170633952,231.57367381127577,920.3464903586458,233.76264809988044,919.9382698380508,239.06668144302645,subject_002,51.40748182781277,False
2025-11-28T15:54:40.132,29,771,115,759.4789915966387,162.45378151260505,755,140,766,140,-11,47,-16,25,-5,25,22.26,119,752.4555051664638,139.89515429380413,755.719073744002,137.03616055851916,754.2371352664713,138.38135391572993,subject_002,48.83231526844061,False
2025-11-28T15:54:46.543,9,904,963,856.7394957983194,952.1344537815128,873,988,904,991,-47,-10,-31,25,0,28,52.63,119,889.9898451380319,1001.1731471785836,890.0350185991448,1011.9262956332512,891.1068419619572,1014.6232353427137,subject_002,48.49345679597564,False
2025-11-28T15:54:52.962,28,519,856,520.4583333333334,847.4416666666667,498,887,535,890,1,-8,-21,31,16,34,29.85,120,516.5354992030941,893.7205423802318,496.5749780851979,903.3007688407351,493.57387427219174,905.1380498450676,subject_002,8.681693703163845,False
2025-11-28T15:54:59.364,18,1147,241,1134.81512605042,269.0504201680672,1146,259,1147,258,-12,28,-1,18,0,17,26.69,119,1148.4395996150351,252.02558594448797,1150.8720949594294,257.42840342558156,1150.915871368215,256.34649459904404,subject_002,30.58262946138319,False
2025-11-28T15:55:05.770,20,1444,761,1382.3865546218487,750.781512605042,1418,768,1402,758,-61,-10,-26,7,-42,-3,40.0,119,1424.96542202548,760.175417268683,1435.38107400539,774.8933080402651,1439.040104271056,778.1979577456623,subject_002,62.45505692902171,False
2025-11-28T15:55:12.184,10,1758,184,1738.4117647058824,205.64705882352945,1742,195,1752,180,-19,21,-16,11,-6,-4,32.01,119,1747.2741478197197,179.71533976952162,1741.0,132.0,1742.8789211374913,192.0249180362713,subject_002,29.194076756202744,False
2025-11-28T15:55:18.580,21,691,472,696.2436974789916,500.8655462184874,694,495,687,511,5,28,3,23,-4,39,33.24,119,688.1414616065857,507.7274128347759,690.7335754915382,495.7208133547979,696.1908362332315,491.8791997771143,subject_002,29.3379638308935,False
2025-11-28T15:55:24.989,14,1354,755,1300.6302521008404,757.4117647058823,1337,776,1322,768,-53,2,-17,21,-32,13,34.81,119,1345.1222100102711,771.3118663392129,1353.8529920352887,780.7132343324068,1361.2671749850117,787.0304796743642,subject_002,53.42421360971439,False
2025-11-28T15:55:37.799,24,775,552,772.8632478632478,562.8547008547008,776,563,770,578,-2,10,1,11,-5,26,32.73,117,773.3896757855308,575.5617596249649,774.4032573037716,566.7330074021644,776.9750119727355,561.0815521591095,subject_002,11.063012263346613,False
2025-11-28T15:55:44.213,0,990,779,986.1512605042016,738.546218487395,1009,757,1005,761,-3,-40,19,-22,15,-18,30.16,119,1016.1891379075324,764.5066512688154,1015.5239357486012,765.5382829526097,1017.7005779884776,764.0617881367086,subject_002,40.63645203971556,False
2025-11-28T15:55:50.613,3,1056,565,1039.9,553.2583333333333,1055,559,1046,563,-16,-11,-1,-6,-10,-2,27.1,120,1062.1127579176095,560.4712213429782,1061.826575734448,562.766519571226,1055.65203351617,561.5785712391817,subject_002,19.926784389637692,False
2025-11-28T15:55:57.021,30,1272,866,1248.142857142857,855.1848739495798,1291,877,1282,872,-23,-10,19,11,10,6,27.29,119,1299.4807126819005,877.7238988119447,1316.1930130299208,885.0120463697755,1326.1794156323613,892.2779235369021,subject_002,26.194087439584557,False
2025-11-28T15:56:03.426,19,627,108,600.6050420168067,152.45378151260505,594,125,598,126,-26,44,-33,17,-29,18,23.22,119,585.0528025910986,128.41066578681114,689.0,132.0,593.2038253699291,125.6250718785848,subject_002,51.69944388197001,False
2025-11-28T15:56:09.831,15,309,974,309.9736842105263,954.6666666666666,319,994,331,1012,0,-19,10,20,22,38,36.47,114,320.1057354042621,1005.7694898886097,339.228035162113,1006.6478139368952,328.98321293187894,1003.1580247441054,subject_002,19.35783662291857,False
2025-11-28T15:56:16.239,16,650,823,646.9464285714286,836.0982142857143,632,871,667,875,-3,13,-18,48,17,52,44.36,112,650.0669959040623,880.8178817566281,639.2197573042982,888.1699245604789,632.0376149945308,894.2710864391054,subject_002,13.449442960356349,False
2025-11-28T15:56:22.643,17,1538,502,1511.6016949152545,558.3135593220339,1530,549,1518,553,-26,56,-8,47,-20,51,28.13,118,1538.267996885804,549.840840982711,1541.434323502856,542.0635828146924,1538.5584491318232,539.2028302167522,subject_002,62.193950468381864,False
2025-11-28T15:56:29.058,11,104,945,101.16101694915254,912.8050847457628,120,943,93,968,-2,-32,16,-2,-11,23,47.1,118,114.50127155085268,956.3592242523134,163.0,1060.0,143.9244519917764,953.996532089291,subject_002,32.319845188220135,False
2025-11-28T15:56:35.472,6,637,442,642.2796610169491,451.6271186440678,636,443,629,457,5,9,-1,1,-8,15,33.15,118,628.9933659045687,453.8011146490549,633.4090686951308,444.1295318030685,639.373329604714,439.6861815228391,subject_002,10.979810282552734,False
2025-11-28T15:56:41.879,26,856,210,842.6302521008404,239.9579831932773,843,228,847,226,-13,29,-13,18,-9,16,28.4,119,841.5228807858113,223.548700393396,844.5420358020649,224.41094035867457,844.660438205995,225.88878473791883,subject_002,32.805958542553945,False
2025-11-28T15:56:48.294,25,157,489,194.21008403361344,516.6974789915967,137,533,142,524,37,27,-20,44,-15,35,30.99,119,161.6737822576629,528.997617662064,163.0,527.5791478452375,121.70271789894446,539.0297746213747,subject_002,46.38685909046345,False
2025-11-28T16:13:31.953,22,647,867,648.5052631578948,812.8421052631579,626,831,617,856,1,-54,-21,-36,-30,-11,37.9,95,612.1423583455605,851.2654154172731,611.6540133071182,851.7017688322006,622.2137458389451,856.5604291133217,subject_002,54.1788093215547,False
2025-11-28T16:13:38.360,12,1678,573,1685.1958762886595,581.2783505154639,1688,555,1705,557,7,8,10,-18,27,-16,26.57,97,1706.7280570968253,554.3655130435034,1691.958914805206,531.5645827871302,1715.4478532882265,527.2260434806968,subject_002,10.968670056965598,False
2025-11-28T16:13:44.760,29,461,354,439.48936170212767,381.7872340425532,410,383,395,374,-21,27,-51,29,-66,20,36.01,47,396.00070909859215,378.5508521259719,395.108756762457,382.18423172489713,394.40602302676047,383.0003887656608,subject_002,35.14026089427227,False
2025-11-28T16:13:51.171,6,731,877,765.4137931034483,808.0459770114943,752,823,743,849,34,-68,21,-54,12,-28,34.81,87,738.8179077040584,845.0119855806357,745.1490259435533,840.5255022971104,745.9095006657086,841.8062103470036,subject_002,77.06468998228901,False
2025-11-28T16:13:57.577,8,1138,762,1147.5607476635514,707.9345794392524,1148,721,1145,728,9,-54,10,-41,7,-34,28.98,107,1148.793882379682,730.0987998902908,1145.2178720541554,728.9618595345432,1148.6646444455394,727.5706932450604,subject_002,54.90425845320756,False
2025-11-28T16:14:03.982,10,275,294,319.4807692307692,309.2692307692308,294,306,271,287,44,15,19,12,-4,-7,27.42,104,272.99527256103306,297.715362119806,276.349283909252,296.8056680586123,264.4262870145839,296.74803448903054,subject_002,47.02858959872144,False
2025-11-28T16:14:10.389,4,1059,236,1056.9622641509434,237.7735849056604,1057,221,1051,229,-2,1,-2,-15,-8,-7,35.92,106,1051.722884924417,225.3490569418492,1055.4718359297942,221.25351539012252,1043.9522486698552,222.6541185010983,subject_002,2.701475672316327,False
2025-11-28T16:14:16.798,28,226,782,276.1566265060241,750.8072289156627,241,767,214,780,50,-31,15,-15,-12,-2,32.63,83,217.7223395111311,779.8422383440028,214.07774062134567,776.2913266417878,226.8036431896728,776.7744678151419,subject_002,59.06501629886062,False
2025-11-28T16:14:23.199,19,1066,926,1038.2521739130434,884.695652173913,1034,907,1038,923,-27,-41,-32,-19,-28,-3,34.59,115,1034.5546162884411,923.6314586882028,1032.218402800949,925.578047766954,1036.2275298015627,925.4361426955232,subject_002,49.75933080227634,False
2025-11-28T16:14:29.605,5,1373,868,1362.563025210084,827.8991596638656,1383,848,1378,841,-10,-40,10,-20,5,-27,44.29,119,1381.1521603399449,844.7046352655028,1393.0587140920622,856.3887895917705,1379.263835014366,862.7662591497358,subject_002,41.43679329327361,False
2025-11-28T16:14:36.010,25,561,466,605.1260504201681,437.96638655462186,581,440,569,442,44,-28,20,-26,8,-24,32.19,119,569.7084375046695,441.68080705388206,572.4996529734682,440.2413955259963,569.2785131418136,442.23378162442424,subject_002,52.27802414483646,False
2025-11-28T16:14:48.826,1,606,335,645.1260504201681,340.10084033613447,622,338,614,336,39,5,16,3,8,1,27.58,119,614.7969327701343,335.64043139215823,615.9560000270975,334.36914732806605,609.8028320243831,337.10938453301395,subject_002,39.45714629336836,False
2025-11-28T16:15:01.637,27,938,869,948.9495798319329,818.7058823529412,942,835,939,856,10,-50,4,-34,1,-13,37.34,119,937.3017432662114,854.2117085056879,936.9180027829376,848.6533928225297,937.8153242728816,848.1272959882099,subject_002,51.47224075549908,False
2025-11-28T16:15:08.052,7,1006,833,1024.5,775.5916666666667,1020,791,1018,806,18,-57,14,-42,12,-27,32.3,120,1017.9904587253608,806.2946917848749,1015.9745192764108,801.5960084246929,1019.3760335431858,801.1632659613094,subject_002,60.315559651810474,False
2025-11-28T16:15:14.451,30,938,691,941.5932203389832,665.4915254237288,935,676,926,690,3,-25,-3,-15,-12,-1,31.57,118,928.0196859590718,688.3828915330033,929.8216402195716,684.8806631125314,929.7886046867646,678.7770490232351,subject_002,25.76030876392508,False
2025-11-28T16:15:20.855,31,1717,874,1707.0084745762713,855.1016949152543,1728,833,1740,837,-9,-18,11,-41,23,-37,31.47,118,1741.587640292273,833.1280763499317,1734.677560668668,811.7151122468309,1743.7701206650308,815.9253489547585,subject_002,21.377009037027236,False
2025-11-28T16:15:27.260,23,755,222,768.1344537815127,282.5042016806723,751,276,746,276,13,60,-4,54,-9,54,25.93,119,746.519566892532,273.8694575432599,747.9542973728913,272.8361030977682,738.9707518906004,274.7668701009906,subject_002,61.91342582311335,False
2025-11-28T16:15:33.666,26,1327,132,1294.4789915966387,221.31932773109244,1300,205,1299,206,-32,89,-27,73,-28,74,43.15,119,1298.5738752180266,206.76156333107488,1299.876544368967,203.29719407026272,1295.1467324819164,202.76526238246413,subject_002,95.05555372468142,False
2025-11-28T16:15:40.075,11,1632,254,1566.871794871795,322.7863247863248,1568,324,1580,299,-65,68,-64,70,-52,45,37.48,117,1580.0335400498027,305.7467970728017,1573.928863185267,319.1211846456181,1585.3796760783457,327.12515603893337,subject_002,94.72719557144782,False
2025-11-28T16:15:46.482,21,277,833,317.59166666666664,796.6166666666667,280,818,260,833,40,-36,3,-15,-17,0,37.73,120,261.1639491936278,831.065781711854,255.57496087703427,831.9208651094203,271.53191443379797,833.8046734422751,subject_002,54.51082779799092,False
2025-11-28T16:15:52.884,3,1622,190,1615.0892857142858,234.25892857142856,1620,232,1631,204,-6,44,-2,42,9,14,25.63,112,1630.8298195606665,212.08373699195167,1629.0187200887676,229.6131243982504,1634.843898700317,232.1454101175811,subject_002,44.79520878653865,False
2025-11-28T16:15:59.294,20,555,153,572.7699115044247,193.36283185840708,548,183,546,173,17,40,-7,30,-9,20,32.72,113,541.6905880802697,175.79277762127467,543.6152688554163,174.95065768600435,530.4488372827401,179.14172142468746,subject_002,44.10133728703845,False
2025-11-28T16:16:05.699,13,1818,685,1764.6302521008404,633.4705882352941,1769,595,1789,603,-53,-51,-49,-90,-29,-82,54.3,119,1791.3053215074287,599.2392457892291,1741.0,596.0,1791.7856544262788,567.7434945509888,subject_002,74.18632129736896,False
2025-11-28T16:16:12.103,17,681,720,709.7881355932203,695.6610169491526,693,706,680,726,28,-24,12,-14,-1,6,29.4,118,677.8351369821227,722.982467986626,684.889334982218,717.2027731017719,684.9125941089367,717.7808754778617,subject_002,37.69804831663143,False
2025-11-28T16:16:18.510,16,536,643,586.9833333333333,611.1083333333333,561,620,548,633,50,-31,25,-23,12,-10,25.67,120,546.0574207062072,630.6066287182487,541.5705478233322,632.1566859882089,553.303702512316,630.3680938715027,subject_002,60.13633411304314,False
2025-11-28T16:16:37.729,9,619,566,669.8135593220339,531.7372881355932,651,536,636,546,50,-34,32,-30,17,-20,26.07,118,636.7465237976577,544.0748999889797,641.2958560583963,538.5848905019077,639.5679617218811,538.977936999427,subject_002,61.285815938740875,False
2025-11-28T16:16:44.135,2,1435,130,1425.2268907563025,155.0420168067227,1432,143,1437,132,-9,25,-3,13,2,2,32.53,119,1434.0754807344413,134.88452279872612,1439.8093782108103,132.0,1432.3332301796956,139.22209486210429,subject_002,26.881522837023713,False
2025-11-28T16:16:50.539,0,1715,380,1681.6554621848738,394.05882352941177,1683,382,1699,364,-33,14,-32,2,-16,-16,21.17,119,1700.0814880417772,369.022930091145,1694.8487053810409,362.4414343577658,1708.3114229900652,376.5892142785388,subject_002,36.187134746143144,False
2025-11-29T17:19:10.066,20,1294,239,1185.2118644067796,256.23728813559325,1249,262,1266,256,-108,17,-45,23,-28,17,33.19,118,1274.0515158325295,267.4231824377258,1299.7337913567533,266.6493725337502,1300.061275611525,269.37898394456516,subject_002,110.14527928203904,False
2025-11-29T17:19:16.470,21,1338,179,1204.0169491525423,189.53389830508476,1271,200,1298,188,-133,10,-67,21,-40,9,25.96,118,1298.6331464816797,201.03745936726244,1327.2686898588424,204.2368194402167,1326.145209506953,207.28321794061063,subject_002,134.39650638277132,False
2025-11-29T17:19:22.877,30,1412,632,1330.767857142857,683.5446428571429,1360,670,1374,682,-81,51,-52,38,-38,50,37.18,112,1383.3626210611178,674.4871045116083,1368.7788917942462,654.975842347193,1361.090494669104,645.0524619296164,subject_002,96.20556761660774,False
2025-11-29T17:19:35.686,25,1686,889,1620.873873873874,996.8108108108108,1645,983,1695,963,-65,107,-41,94,9,74,78.84,111,1697.3424498413935,970.9312942330472,1716.1456174569023,967.3294730511903,1710.689266527922,959.3493558918968,subject_002,125.9546872167945,False
2025-11-29T17:19:42.088,13,1085,384,1005.3243243243244,375.0,1064,394,1064,391,-79,-9,-21,10,-21,7,24.76,111,1085.985496104741,402.5082972505901,1104.624715853343,408.7742594726438,1108.9363336837484,419.8443407676129,subject_002,80.18237521036308,False
2025-11-29T17:19:48.493,4,603,927,599.061403508772,856.921052631579,598,903,610,935,-3,-70,-5,-24,7,8,41.97,114,609.1225301316641,931.1141154072182,612.6660697816635,936.790330471056,600.2354940012517,941.8268560842454,subject_002,70.18953915354224,False
2025-11-29T17:19:54.899,28,377,938,386.2905982905983,861.7777777777778,376,909,377,941,9,-76,-1,-29,0,3,31.8,117,384.55802914074303,935.7381077126164,374.2379728665962,940.9961071979698,369.3558274537338,949.8407325244208,subject_002,76.78634238646276,False
2025-11-29T17:20:01.306,10,418,579,395.4322033898305,520.2542372881356,406,543,411,556,-22,-58,-12,-36,-7,-23,39.55,118,423.0498125250249,565.4978276739888,417.04785597659327,562.7876472054636,402.5934564321941,563.1536118635919,subject_002,62.93147130360653,False
2025-11-29T17:20:07.710,11,1729,643,1642.1379310344828,712.9741379310345,1678,692,1688,663,-86,69,-51,49,-41,20,65.34,116,1706.814573986159,675.7778405896637,1732.5133304375202,682.4565399163606,1722.7003737940538,679.7634858146414,subject_002,111.54101937924771,False
2025-11-29T17:20:20.520,0,289,747,305.5948275862069,706.9137931034483,298,746,292,760,16,-40,9,-1,3,13,34.04,116,309.70354319319347,768.6002727219727,296.2872509878424,775.7108759549741,285.7725685272331,782.7945626074109,subject_002,43.385392541373726,False
2025-11-29T17:20:26.926,29,299,928,260.64957264957263,844.6581196581196,249,889,238,917,-38,-83,-50,-39,-61,-11,42.94,117,256.52819062118465,915.3150838492932,245.7342666924933,917.1862565505302,238.01834338884763,927.1473426097735,subject_002,91.74216204603374,False
2025-11-29T17:20:33.331,16,1477,684,1372.9663865546215,687.5126050420168,1400,667,1417,680,-104,3,-77,-17,-60,-4,39.37,119,1426.7036062857203,672.6438616233729,1409.4214370883826,646.8954695447844,1405.8494240958607,637.5015860541906,subject_002,104.09289659089922,False
2025-11-29T17:20:46.138,26,640,487,591.6694915254237,473.8898305084746,609,492,624,509,-48,-13,-31,5,-16,22,27.79,118,635.780285180697,516.87931005377,617.1674669388577,504.09832644293925,616.5694690639336,500.73722010920056,subject_002,50.07708651177316,False
2025-11-29T17:20:58.952,14,1388,676,1326.8389830508474,696.2203389830509,1356,684,1370,696,-61,20,-32,8,-18,20,26.22,118,1379.2709948014804,688.2447139177882,1364.977149406493,669.6261637578126,1356.7836635708468,660.3510692852838,subject_002,64.4168619450219,False
2025-11-29T17:21:05.354,1,1407,771,1329.2966101694915,779.9745762711865,1353,772,1375,784,-77,8,-54,1,-32,13,35.73,118,1382.2841383157015,775.4268129376763,1368.7012135129494,759.1380623166444,1360.9822669165449,751.9955550900587,subject_002,78.21994509330288,False
2025-11-29T17:21:11.765,31,751,939,740.2542372881356,905.7881355932204,750,954,766,985,-10,-33,-1,15,15,46,33.22,118,760.3324320111642,978.6499455848528,767.5702456929417,989.659898354211,765.7254728910783,992.4113995183774,subject_002,34.90701009301722,False
2025-11-29T17:21:18.169,2,1216,781,1126.627118644068,743.3389830508474,1155,771,1165,771,-89,-37,-61,-10,-51,-10,23.62,118,1172.108551408094,769.755166876407,1174.7100216842523,780.964253637943,1155.3907949259774,787.4336022133926,subject_002,96.98383432049816,False
2025-11-29T17:21:24.572,19,634,707,633.3090909090909,643.9727272727273,630,677,648,694,0,-63,-4,-30,14,-13,25.89,110,656.5366467632813,701.8214838407532,637.9641416463214,696.8316585882867,629.6871924742196,697.718503897067,subject_002,63.03105950886368,False
2025-11-29T17:21:30.977,7,1245,426,1150.5412844036698,348.9908256880734,1209,353,1215,354,-94,-77,-36,-73,-30,-72,51.92,109,1230.1255821892896,361.74755897370994,1249.8010973615944,369.89125235372694,1249.61156925814,362.88221035608734,subject_002,121.87231794100369,False
2025-11-29T17:21:43.788,27,342,111,208.2436974789916,125.36134453781511,266,125,319,134,-133,14,-76,14,-23,23,31.88,119,290.7412630734068,138.14551179088602,312.53167316147346,132.0,300.816746565758,123.3561626464304,subject_002,134.52507826061782,False
2025-11-29T17:21:50.203,23,812,507,729.228813559322,459.6271186440678,754,480,768,493,-82,-47,-58,-27,-44,-14,26.69,118,784.8761782944823,501.8492424183604,775.9321906802995,497.89351033653656,775.2049920169018,490.6542543164573,subject_002,95.36906832280948,False
2025-11-29T17:21:56.597,24,370,280,281.5042735042735,263.85470085470087,327,269,350,279,-88,-16,-43,-11,-20,-1,25.6,117,346.9335663531764,285.2894204136842,352.7519292413817,273.7523291090643,353.99286502860247,269.8170647827501,subject_002,89.95645775872696,False
2025-11-29T17:22:03.006,8,128,679,123.36206896551724,660.698275862069,121,693,100,696,-4,-18,-7,14,-28,17,39.15,116,132.10333822172532,715.6467987529317,163.0,596.0,116.08995279919918,724.2413480601411,subject_002,18.880241277630596,False
2025-11-29T17:22:09.409,9,482,813,453.1848739495798,774.5714285714286,443,820,450,841,-28,-38,-39,7,-32,28,26.04,119,456.978386443276,843.5732799621176,437.4412177245431,855.0550962626247,434.763700418588,857.0001413278158,subject_002,48.03193303774502,False
2025-11-29T17:22:15.814,22,1348,382,1297.9830508474577,401.135593220339,1339,377,1357,392,-50,19,-9,-5,9,10,35.67,118,1363.1083852109994,393.9483947182405,1363.26536762227,372.56730644767777,1359.332846310442,356.9535668281093,subject_002,53.552461478649974,False
2025-11-29T17:22:22.218,17,1285,160,1223.3813559322034,206.9067796610169,1286,213,1314,203,-61,46,1,53,29,43,41.29,118,1314.09686096293,215.8072962498765,1339.8138719106837,215.07976837257073,1337.234599512464,215.66298373131664,subject_002,77.44096638679682,False
2025-11-29T17:22:28.629,6,1355,964,1302.2,1057.6782608695653,1333,1074,1384,1089,-52,93,-22,110,29,125,86.12,115,1362.861392084608,1072.9011377582958,1379.3336322654504,1060.0,1369.2377621272913,1072.3061840795033,subject_002,107.5335136575864,False
2025-11-29T17:30:14.485,2,636,829,657.2203389830509,754.4237288135594,666,772,652,780,21,-74,30,-57,16,-49,26.97,118,651.4041738741288,786.3890822835027,640.3746404977541,787.1264045491193,647.6265279247259,793.785381965569,subject_002,77.53659143029904,False
2025-11-29T17:30:27.303,22,116,289,143.90434782608696,326.1913043478261,102,318,83,310,27,37,-14,29,-33,21,26.21,115,105.27930097877932,321.3068433404547,163.0,132.0,103.84900710679464,308.7183653247504,subject_002,46.49565298704677,False
2025-11-29T17:30:33.706,25,1191,698,1117.104347826087,761.1913043478261,1158,726,1192,731,-73,63,-33,28,1,33,61.12,115,1186.7754382196888,722.6452498774435,1190.266967061467,719.6234873351187,1186.8102544569035,704.3536331427403,subject_002,97.23018232723584,False
2025-11-29T17:30:40.113,30,1790,839,1644.542372881356,946.8983050847456,1682,912,1728,837,-145,107,-108,73,-62,-2,55.93,118,1766.5637912285383,884.3977824993228,1741.0,1060.0,1766.4898241701492,893.2097507990944,subject_002,181.10760759048011,False
2025-11-29T17:30:46.517,27,1628,854,1514.5258620689656,978.3793103448276,1547,916,1603,889,-113,124,-81,62,-25,35,113.85,116,1623.5215554802653,911.340606172296,1621.4056506107931,895.1962855593696,1626.2830008624685,903.8860781881344,subject_002,168.36446424660505,False
2025-11-29T17:30:52.925,1,1316,313,1204.280701754386,329.5964912280702,1290,314,1316,293,-111,16,-26,1,0,-20,26.88,114,1306.7110175682153,291.628169566261,1312.6434848041115,298.9281705944607,1309.4817005118605,298.7613309735865,subject_002,112.94531916629332,False
2025-11-29T17:30:59.338,10,688,861,785.7394957983194,749.2689075630252,819,749,813,759,97,-111,131,-112,125,-102,25.76,119,809.514261791794,762.4067312802799,849.4573902004752,737.061878496395,805.6499098275074,764.8781842286364,subject_002,148.44812580854463,False
2025-11-29T17:31:05.735,21,161,887,251.08333333333331,805.8083333333333,191,830,61,885,90,-81,30,-57,-100,-2,37.09,120,159.13915071040554,869.7656939823273,163.0,871.0427689353039,154.41839968161025,871.1711360897955,subject_002,121.27280684702389,False
2025-11-29T17:31:12.138,14,447,697,443.16101694915255,680.3389830508474,399,707,382,716,-3,-16,-48,10,-65,19,20.82,118,399.0790510666,720.4553298494659,362.431764311257,730.5158789891898,396.0383281703766,724.1261695960217,subject_002,17.097581017344023,False
2025-11-29T17:31:18.545,15,817,921,796.109243697479,869.2352941176471,806,885,813,891,-20,-51,-11,-36,-4,-30,29.35,119,807.2433510922367,890.6581129982778,803.3174330055465,892.1272026341148,804.6483286624928,896.4904377773253,subject_002,55.82121885070072,False
2025-11-29T17:31:24.950,23,425,202,342.99159663865544,230.05882352941177,348,220,379,212,-82,28,-77,18,-46,10,22.53,119,357.9670940117859,212.07534288593433,366.7085963473587,206.60221542614516,360.1689971526228,204.4692800381905,subject_002,86.67569324632865,False
2025-11-29T17:31:31.355,3,853,454,780.6218487394958,435.47899159663865,841,428,852,424,-72,-18,-12,-26,-1,-30,16.72,119,850.6696139704105,427.62209668180367,864.2473193084901,428.4090921102913,854.2554026549263,428.5046062611811,subject_002,74.71027059357907,False
2025-11-29T17:31:37.760,11,904,830,888.1008403361344,797.2436974789916,923,789,931,799,-15,-32,19,-41,27,-31,20.55,119,925.7079290728732,796.532813066394,949.2499211483592,780.4789376849316,922.3738421119084,793.5613159819671,subject_002,36.41096857905472,False
2025-11-29T17:31:44.169,18,1020,806,965.9416666666668,748.325,1009,729,1025,736,-54,-57,-11,-77,5,-70,24.09,120,1020.4012985902888,732.2990443550966,1030.010277001233,723.0470780752719,1018.3596035305206,723.559174603681,subject_002,79.04877625730683,False
2025-11-29T17:31:50.573,16,469,858,523.6186440677966,789.2966101694915,488,826,469,836,54,-68,19,-32,0,-22,26.96,118,481.0730941170758,839.6077445754611,432.7423397730621,868.107348176452,478.0913941069121,849.9651610928465,subject_002,87.7687418960046,False
2025-11-29T17:31:56.978,8,1291,238,1134.0084033613446,242.7058823529412,1248,230,1256,213,-156,4,-43,-8,-35,-25,23.31,119,1244.0707733878942,208.1298892540377,1259.086365746157,220.06672562988345,1247.4373680059496,216.4005317252506,subject_002,157.06211110218152,False
2025-11-29T17:32:03.388,24,1559,724,1485.906779661017,855.2372881355932,1517,784,1572,773,-73,131,-42,60,13,49,31.7,118,1585.4105900837174,787.8136392424624,1555.5896330809055,749.7327114827128,1585.9301369782684,777.6928547103167,subject_002,150.21932184878156,False
2025-11-29T17:32:16.195,31,1704,388,1621.325,547.3916666666667,1664,529,1703,463,-82,159,-40,141,-1,75,31.1,120,1722.8280627779725,491.1352735484191,1716.1851374599923,517.7539991057007,1715.3146604769115,502.76733785846113,subject_002,179.5573975857797,False
2025-11-29T17:32:22.599,6,1199,321,1039.9159663865546,346.21008403361344,1128,337,1147,319,-159,25,-71,16,-52,-2,23.06,119,1140.5172627061602,319.6620855912847,1148.679139217287,324.26154734816396,1147.1092346317514,326.19861306654457,subject_002,161.06917174836926,False
2025-11-29T17:32:35.413,29,473,229,328.4310344827586,228.6379310344828,331,218,361,210,-144,0,-142,-11,-112,-19,19.19,116,340.6032933131018,210.4667914479042,349.2409090281127,204.2793761648582,342.50391372412116,202.54792017120832,subject_002,144.56941891237275,False
2025-11-29T17:32:41.818,7,267,922,321.4298245614035,855.1228070175439,270,886,157,940,54,-66,3,-36,-110,18,29.72,114,235.49434673432464,924.1796203451124,222.28692878209617,933.1685921430444,231.026624698271,931.3229268614492,subject_002,86.22740134665918,False
2025-11-29T17:32:54.635,5,1593,346,1495.1666666666667,512.4916666666667,1533,484,1586,443,-97,166,-60,138,-7,97,33.86,120,1589.8346279377367,458.9081661355332,1584.8494042335335,480.0110882098666,1585.407734668404,464.2001451554435,subject_002,193.1083534717117,False
2025-11-29T17:33:01.033,19,1082,687,979.0932203389832,726.7033898305085,1024,706,1042,712,-102,39,-58,19,-40,25,30.67,118,1037.1487250545006,708.0921301535087,1044.590993782112,700.0920156859,1035.6773753885873,698.8838616546809,subject_002,110.30033755267654,False
2025-11-29T17:33:07.440,13,675,193,499.9237288135593,196.35593220338984,539,185,579,180,-175,3,-136,-8,-96,-13,30.92,118,552.4449742450697,175.56462978761783,572.0932984824266,176.1244554437778,557.3671891955245,172.01712452638557,subject_002,175.1084321599102,False
2025-11-29T17:33:13.842,12,1315,790,1211.3361344537816,864.3361344537815,1248,814,1290,823,-103,74,-67,24,-25,33,29.33,119,1286.4213454851838,812.2549827704227,1283.4851321158442,793.6926243545914,1287.4860419625486,787.2453809654195,subject_002,127.56197672314084,False
2025-11-29T17:33:20.248,17,390,534,385.3813559322034,506.14406779661016,346,517,350,518,-4,-27,-44,-17,-40,-16,19.91,118,359.75442871680366,522.2443723039055,353.27280098144394,512.880808165201,359.3969814573886,518.0172149600437,subject_002,28.236232608916577,False
2025-11-29T17:33:33.060,20,1297,113,1112.051282051282,118.2991452991453,1255,100,1250,95,-184,5,-42,-13,-47,-18,26.81,117,1229.427154878182,79.52594007451886,1215.0,132.0,1230.5277558844111,86.3747562490311,subject_002,185.02461785334376,False
2025-11-29T17:44:56.239,21,522,174,535.3865546218487,219.2521008403361,515,164,510,161,13,45,-7,-10,-12,-13,24.14,119,505.0088492764091,159.53909297515884,511.60890449780874,157.55666083169825,512.9459889099494,161.73769686321674,subject_002,47.190597316708,False
2025-11-29T17:45:02.646,2,1273,676,1263.2773109243697,685.6722689075631,1287,680,1271,680,-9,9,14,4,-2,4,25.47,119,1283.3017862639535,686.287267676468,1295.7948638252822,677.3229961534558,1293.5509281497125,689.1843704027361,subject_002,13.714352652662578,False
2025-11-29T17:45:09.060,5,1631,551,1576.6416666666669,585.325,1613,577,1647,562,-54,34,-18,26,16,11,22.41,120,1646.1447803515057,560.6233076001884,1642.7159670304736,569.2862541831554,1648.0338661618466,561.5490383632246,subject_002,64.28867729062216,False
2025-11-29T17:45:21.867,18,559,633,684.6260869565217,632.5565217391304,639,629,630,626,125,0,80,-4,71,-7,19.93,115,624.5174511311022,623.6659993981966,619.0836057418899,625.239494288909,610.0614288003023,622.8226423895713,subject_002,125.62686972529173,False
2025-11-29T17:45:28.271,8,1594,701,1528.7226890756303,667.436974789916,1560,663,1580,658,-65,-33,-34,-38,-14,-43,24.61,119,1583.7486592200332,656.916340666765,1586.6915979214525,659.1861812079311,1586.2387030031534,658.3261515735243,subject_002,73.40029960953541,False
2025-11-29T17:45:34.677,6,1652,765,1595.025,739.6833333333333,1621,741,1650,744,-56,-25,-31,-24,-2,-21,51.03,120,1648.6955719931573,737.158647300427,1648.1259098629498,739.3023135305385,1644.7892352957456,739.1797399474813,subject_002,62.34648535491879,False
2025-11-29T17:45:41.081,29,1069,391,1048.218487394958,426.109243697479,1048,411,1056,381,-20,35,-21,20,-13,-10,23.01,119,1055.43572622459,380.2090756507688,1052.301732024824,384.93829446259986,1053.7902855617283,377.3647883017686,subject_002,40.79865511462956,False
2025-11-29T17:45:47.489,17,940,328,950.436974789916,367.00840336134456,942,348,953,315,10,39,2,20,13,-13,18.84,119,947.9627653511697,313.3034889882209,939.1747977307252,323.68534944754396,944.5395767061116,309.2863446832297,subject_002,40.38051480066469,False
2025-11-29T17:45:53.896,27,1120,979,1176.0,905.75,1179,939,1153,932,56,-73,59,-40,33,-47,30.32,120,1165.6912925930874,947.1663483722058,1172.1172127993395,979.7935356905404,1174.4876073753896,950.6124821035432,subject_002,92.20391802955014,False
2025-11-29T17:46:00.296,11,1313,895,1318.2881355932204,875.4745762711865,1336,896,1317,899,5,-19,23,1,4,4,34.09,118,1329.5722489306966,907.8666627523692,1340.265819162635,922.3571455280644,1340.8042656268656,911.16580724561,subject_002,20.22885438777981,False
2025-11-29T17:46:13.113,4,1283,798,1289.8,761.85,1313,766,1294,768,6,-36,30,-32,11,-30,24.09,120,1306.971675791189,776.082318010876,1318.6749316137052,774.8274796630311,1318.494417981325,779.4806288985333,subject_002,36.78399787951274,False
2025-11-29T17:46:19.516,13,377,616,485.78991596638656,610.5714285714286,434,602,416,606,108,-5,57,-14,39,-10,23.31,119,416.7891845638803,599.1261808689421,410.6606402847998,591.751079391182,403.17124243709014,598.4831055219915,subject_002,108.92527348475444,False
2025-11-29T17:46:32.330,20,1708,598,1624.5210084033613,693.9495798319327,1652,694,1690,690,-83,95,-56,96,-18,92,53.02,119,1686.3251080942848,684.116597061623,1683.771610686915,691.338127302164,1681.6314487327777,685.9535953310856,subject_002,127.1812246674646,False
2025-11-29T17:46:38.733,23,1760,780,1752.8403361344538,838.0336134453781,1772,838,1825,862,-7,58,12,58,65,82,39.0,119,1811.1710801710449,839.5941925921693,1741.0,1060.0,1792.267617305933,843.0041682943709,subject_002,58.47359298174846,False
2025-11-29T17:46:45.139,22,805,920,886.6833333333333,921.7416666666668,853,939,831,950,81,1,48,19,26,30,37.13,120,833.723201671797,955.3262813954852,825.0168332716379,949.3246555801178,820.4495720680926,958.9623699733772,subject_002,81.701899287729,False
2025-11-29T17:46:51.544,0,1038,910,1043.6949152542372,934.5762711864406,1029,965,1003,964,5,24,-9,55,-35,54,29.85,118,1012.0441330167672,977.4995957953746,1011.6374423475224,993.736892085002,1011.5450682438596,981.8541180630684,subject_002,25.22746846559155,False
2025-11-29T17:46:57.953,1,906,973,933.8728813559322,974.457627118644,905,1000,880,1009,27,1,-1,27,-26,36,23.88,118,885.6935568248138,1016.7765387893056,880.5811835710317,1022.1527300875192,875.925381971774,1021.0051234374488,subject_002,27.910969024720035,False
2025-11-29T17:47:04.358,9,851,657,853.7457627118644,709.8220338983051,821,713,809,711,2,52,-30,56,-42,54,18.65,118,806.3818867326381,714.1238653790925,802.0352392953523,716.9683145719948,794.7876069873398,715.383067642404,subject_002,52.89335003593134,False
2025-11-29T17:47:10.761,25,1542,271,1465.453781512605,356.47899159663865,1528,309,1549,290,-76,85,-14,38,7,19,25.26,119,1547.133019320131,291.756458138229,1550.7867883659612,291.65907943931563,1555.7907336080768,291.3363963386285,subject_002,114.74311120541498,False
2025-11-29T17:47:17.166,30,730,350,763.1680672268908,414.7647058823529,738,390,737,376,33,64,8,40,7,26,24.48,119,731.2147676243685,373.9719008863643,730.201266153726,374.81139943841447,728.7245693949445,371.6840887635588,subject_002,72.7639183359117,False
2025-11-29T17:47:23.577,28,815,523,855.0084033613446,550.9747899159664,830,545,825,530,40,27,15,22,10,7,19.35,119,820.4887318073145,530.9534622817646,814.3257775784584,537.698561032691,814.2471790664304,529.3986293481703,subject_002,48.818656376087446,False
2025-11-29T17:47:29.991,24,1028,489,1017.9579831932772,529.9243697478992,1014,522,1009,502,-10,40,-14,33,-19,13,23.87,119,1010.4367593201434,504.447715338135,1006.1719840256204,511.5576002896894,1009.4867555327104,503.3544032401654,subject_002,42.13841644876167,False
2025-11-29T17:47:36.394,31,857,437,878.0084033613446,480.52100840336135,859,470,858,449,21,43,2,33,1,12,21.11,119,853.3642359546634,448.5871248053396,845.1232056663493,457.8863607192322,849.3188614724577,445.86957885828366,subject_002,48.32629909519663,False
2025-11-29T17:47:42.788,7,1077,465,1103.672268907563,495.327731092437,1110,481,1110,460,26,30,33,16,33,-5,20.45,119,1113.992529079938,461.3679988153059,1118.1983489769193,461.6172412477909,1115.0894739350651,460.2642311029303,subject_002,40.38788434533949,False
2025-11-29T17:47:49.198,15,1222,182,1180.3813559322034,260.06779661016947,1195,222,1231,183,-41,78,-27,40,9,1,21.14,118,1226.127648157911,179.0974384596092,1228.5255251042952,153.50058053933458,1223.8744838234145,176.74208994412902,subject_002,88.46859556706396,False
2025-11-29T17:48:02.008,14,425,801,529.3,798.5916666666667,476,801,450,815,104,-2,51,0,25,14,39.17,120,455.17273218513094,805.2440359572008,434.22815292194525,800.2332318381153,438.5013064482787,802.7522308520979,subject_002,104.32780103809549,False
2025-11-29T17:48:08.412,16,687,200,716.8739495798319,242.6638655462185,704,186,707,180,29,42,17,-14,20,-20,28.18,119,699.5392747412186,176.98189095455518,702.4347761832768,169.56984905389132,700.9601552902566,176.11891067217243,subject_002,52.08318622016272,False
2025-11-29T17:48:14.823,3,1153,393,1163.235294117647,461.7310924369748,1176,442,1182,420,10,68,23,49,29,27,29.56,119,1186.8833872444156,419.6971266660403,1195.8715442485427,407.8678069411002,1188.857461710867,418.4038592111677,subject_002,69.48902296949292,False
2025-11-29T18:10:56.363,25,462,121,480.66386554621846,174.0252100840336,479,153,482,155,18,53,17,32,20,34,21.14,119,474.8117348292742,151.37588835096335,483.1071969949235,155.82410268357364,475.241378918629,147.05571958451495,subject_002,56.213990977186626,False
2025-11-29T18:11:09.166,1,1371,575,1349.9333333333334,596.3833333333333,1375,598,1376,589,-21,21,4,23,5,14,36.79,120,1387.5309519312837,591.7700406370325,1392.3186308683378,599.4537179153136,1390.1810221827109,589.5285619224366,subject_002,30.017518033456497,False
2025-11-29T18:11:15.573,13,644,203,658.3644067796611,244.47457627118644,653,223,656,228,14,41,9,20,12,25,24.84,118,652.3948458590885,222.5010325090163,654.5667068487857,224.39645033834773,651.829940994843,220.64377822938445,subject_002,43.891646802165376,False
2025-11-29T18:11:21.980,29,1056,388,1041.5982905982903,439.059829059829,1040,429,1043,429,-14,51,-16,41,-13,41,25.59,117,1050.5451686676693,428.23022424573855,1041.784814427081,421.14274958572446,1052.6938806508226,424.6101790968645,subject_002,53.052006345757086,False
2025-11-29T18:11:41.194,10,548,773,565.5798319327731,772.7142857142857,538,778,527,783,17,0,-10,5,-21,10,26.1,119,528.9226570726099,780.5209587805167,519.0854659746377,780.8358203863162,524.0432641257212,781.8497682110058,subject_002,17.58215354948337,False
2025-11-29T18:11:47.604,11,1466,533,1443.2083333333333,564.2333333333333,1472,560,1480,552,-22,31,6,27,14,19,28.39,120,1488.314014928657,552.7592081755163,1490.447000831196,559.3853619703306,1490.5735196214268,554.7922352019814,subject_002,38.6649864936684,False
2025-11-29T18:11:54.006,19,1329,538,1336.2966101694915,537.3728813559322,1363,537,1361,527,7,0,34,-1,32,-11,24.99,118,1372.1190730222645,529.5605036135408,1376.3456941636182,538.3153836609146,1374.6816145566816,526.9942390596749,subject_002,7.32350993440058,False
2025-11-29T18:12:00.412,2,118,880,124.33663366336634,879.950495049505,112,884,66,888,6,0,-6,4,-52,8,77.19,101,89.4008776658617,892.7150090763027,163.0,1060.0,86.60883673314528,898.5738191893281,subject_002,6.336827039128578,False
2025-11-29T18:12:06.816,24,499,341,486.9495798319328,365.0756302521008,472,347,468,354,-12,24,-27,6,-31,13,24.13,119,467.15371327115145,350.292873802377,463.8679616132579,336.1353218776504,466.0283947080488,349.1461425798702,subject_002,26.923012429199503,False
2025-11-29T18:12:13.226,20,313,588,333.57142857142856,601.1260504201681,310,597,293,600,20,13,-3,9,-20,12,25.44,119,298.3900775146019,598.4593731906573,292.827994054459,592.8642363758826,295.9202532458771,601.2879626857163,subject_002,24.40239482309436,False
2025-11-29T18:12:19.630,12,780,574,797.0672268907563,583.2689075630252,784,593,777,583,17,9,4,19,-3,9,24.55,119,778.5655529734854,584.2208253353945,775.730019014884,593.9025992110047,773.762024214332,579.270021780691,subject_002,19.421711591733104,False
2025-11-29T18:12:26.044,6,221,492,240.84166666666667,531.6333333333333,223,527,203,526,19,39,2,35,-18,34,33.07,120,209.4575654442643,527.1240992172798,206.69776270902435,524.9572639471783,207.96566718218688,528.1526573785004,subject_002,44.32259973447205,False
2025-11-29T18:12:32.453,21,594,857,597.3193277310925,855.8067226890756,571,862,560,871,3,-1,-23,5,-34,14,28.9,119,562.0801703477275,868.3552123557083,553.996460756566,866.4535262887329,557.5670458076546,869.8211848296418,subject_002,3.5273002887713423,False
2025-11-29T18:12:38.865,28,957,261,928.9166666666666,299.35,924,277,932,283,-28,38,-33,16,-25,22,18.33,120,934.8922430761902,278.2255398972013,927.9868260281492,269.7477326185072,937.2689836696504,277.08956746259395,subject_002,47.53310542254855,False
2025-11-29T18:12:45.270,15,1453,304,1433.175,333.2083333333333,1467,323,1473,307,-19,29,14,19,20,3,33.72,120,1473.8901685676774,310.19713728186804,1474.9824201670467,316.93913950787874,1474.7327344501923,310.10616829840166,subject_002,35.300954110492704,False
2025-11-29T18:12:51.673,16,1142,518,1147.6,531.6,1160,533,1155,525,5,13,18,15,13,7,24.66,120,1165.1795523426506,527.9479010541995,1172.980436560114,533.6284109493629,1166.7507190027784,522.1360030725948,subject_002,14.707821048680175,False
2025-11-29T18:12:58.085,5,801,112,789.6923076923077,171.12820512820514,794,145,799,150,-11,59,-7,33,-2,38,22.12,117,795.0238294824043,143.55957648481893,802.6967365890599,143.3229150615322,795.6861859367666,141.93615720789307,subject_002,60.19973876196264,False
2025-11-29T18:13:04.488,22,1515,159,1508.078431372549,191.6078431372549,1536,178,1563,154,-6,32,21,19,48,-5,27.56,102,1550.626259781705,159.5556335826666,1545.399075933915,161.94166320462506,1548.41130481067,158.91584784342436,subject_002,33.334359845785784,False
2025-11-29T18:13:10.891,26,820,507,835.0,520.2773109243698,821,523,820,517,15,13,1,16,0,10,30.72,119,821.8043036423412,516.6408735849902,813.8306967581686,519.9693588612836,818.8065240490571,512.1691908152031,subject_002,20.032148795932724,False
2025-11-29T18:13:17.296,17,249,236,245.32773109243695,253.03361344537817,240,244,236,236,-3,17,-9,8,-13,0,35.28,119,232.04473094323143,239.22135258986103,238.89031561934092,242.6087642648278,232.74180146087105,232.46046152809777,subject_002,17.42496903687413,False
2025-11-29T18:13:23.705,8,754,506,756.6666666666666,521.6333333333333,742,528,737,518,2,15,-12,22,-17,12,27.8,120,737.8045855844086,517.9589779829123,734.1274355107417,530.6772753761852,733.5833212782363,514.1357165544948,subject_002,15.859136868765017,False
2025-11-29T18:13:30.110,31,339,725,369.93,732.0,341,731,324,737,30,7,2,6,-15,12,89.09,100,330.9434682943504,735.5308509338862,319.82484965471104,731.9711730876998,328.1103207373984,739.9367190100982,subject_002,31.71222004212257,False
2025-11-29T18:13:42.921,7,1493,778,1474.3153153153153,774.9639639639639,1497,775,1521,777,-18,-3,4,-3,28,-1,31.3,111,1529.1767124857847,773.7725290694451,1529.2387871879691,773.6716203069411,1533.2293646441285,778.2262490025574,subject_002,18.92973736157482,False
2025-11-29T18:13:49.327,9,988,703,1019.4957983193276,684.0756302521008,1019,690,1014,688,31,-18,31,-13,26,-15,29.5,119,1020.3459495450188,693.0557635867447,1020.4624913900764,689.8218151478184,1017.7011538351026,684.7784204376983,subject_002,36.74393939314293,False
2025-11-29T18:13:55.731,18,591,486,604.0420168067227,503.7058823529412,585,503,578,500,13,17,-6,17,-13,14,29.61,119,578.2657172847419,497.3130015242492,577.480991405634,502.8392398787355,573.7988556767891,496.11130300382104,subject_002,21.990736055963033,False
2025-11-29T18:14:02.142,0,1813,147,1708.6916666666666,224.25,1723,212,1784,179,-104,77,-90,65,-29,32,60.02,120,1759.334912810717,188.552567689225,1740.2284477898793,192.2111836023669,1750.0576065486175,192.2382813671765,subject_002,129.79904045399485,False
2025-11-29T18:14:08.545,14,1042,285,994.2564102564104,333.8974358974359,992,314,999,319,-47,48,-50,29,-43,34,67.35,117,1003.6590331106432,314.85885921067666,992.7030585582492,303.1847691298643,1006.6252829122712,313.307646451179,subject_002,68.34039507456808,False
2025-11-29T18:14:14.961,27,524,482,557.2136752136752,481.88034188034186,538,476,531,477,33,0,14,-6,7,-5,28.26,117,531.139011734832,473.6009335637071,529.5269713540321,472.6887114763652,527.337648693259,473.25895571122953,subject_002,33.213890757710104,False
2025-11-29T18:25:57.127,6,1469,685,1455.2457627118645,674.8728813559322,1486,675,1489,689,-13,-10,17,-10,20,4,22.32,118,1490.991584948316,673.1394952518505,1491.168354772158,674.891992341116,1493.3953888843,678.3180275941203,subject_002,17.080327145852994,False
2025-11-29T18:26:03.531,31,1129,436,1085.1367521367522,425.8376068376068,1087,442,1098,446,-43,-10,-42,6,-31,10,22.43,117,1095.5443829012306,444.9530814278933,1093.5940774373698,441.5704030474267,1096.718327761908,430.0439220355024,subject_002,45.025090204238005,False
2025-11-29T18:26:09.940,26,633,370,584.9237288135594,359.6271186440678,592,371,590,394,-48,-10,-41,1,-43,24,20.54,118,594.4308002374954,383.5400919250339,600.3566441627659,378.7294637476544,594.1237234765534,373.99513842536334,subject_002,49.18256315826197,False
2025-11-29T18:26:16.349,7,1280,131,1234.701754385965,113.4561403508772,1234,114,1276,81,-45,-17,-46,-17,-4,-50,30.95,114,1253.9587600985055,93.6609869824753,1215.0,132.0,1249.232365468378,119.9412987814485,subject_002,48.57692937081929,False
2025-11-29T18:26:22.762,1,417,475,416.0,417.5175438596491,423,423,418,455,-1,-57,6,-52,1,-20,18.86,114,426.0301540451409,442.26643819512566,446.2579582477686,427.52726300680223,426.0252786358962,430.81677844048033,subject_002,57.49115378845136,False
2025-11-29T18:26:29.165,5,1708,299,1559.0701754385964,251.40350877192984,1596,231,1618,194,-148,-47,-112,-68,-90,-105,95.93,114,1597.932794472198,179.3730805780935,1741.0,132.0,1595.1919289895166,237.3321879967288,subject_002,156.3506271849084,False
2025-11-29T18:26:35.571,24,1209,480,1204.4298245614036,424.578947368421,1217,434,1224,435,-4,-55,8,-46,15,-45,54.01,114,1223.308716720279,433.14573270817937,1232.855998037396,437.5743547801644,1224.052085794685,425.66954682744415,subject_002,55.609168114006174,False
2025-11-29T18:26:41.976,4,1028,745,1026.3247863247864,709.2820512820513,1030,746,1023,754,-1,-35,2,1,-5,9,22.75,117,1028.057989815024,747.8747182995576,1031.073205755208,746.8239370598553,1027.150403243005,727.7931508575264,subject_002,35.7572118806212,False
2025-11-29T18:26:48.386,23,639,181,527.1111111111111,163.71794871794873,549,165,550,187,-111,-17,-90,-16,-89,6,25.56,117,550.4308092170535,175.10388450994202,555.7138222282769,172.05809812880008,549.7534117819619,172.73641070134374,subject_002,113.21569128572938,False
2025-11-29T18:27:01.196,15,1450,373,1412.2347826086957,365.3652173913043,1470,375,1451,347,-37,-7,20,2,1,-26,38.79,115,1446.9875277579376,338.4440840164344,1483.6794444737384,376.3300249045732,1445.141265250315,376.1707415449037,subject_002,38.52922981444756,False
2025-11-29T18:27:07.601,12,865,375,819.063063063063,343.8828828828829,819,366,827,371,-45,-31,-46,-9,-38,-4,20.36,111,824.2844948264997,367.9506973873797,820.3927204536254,368.6212229685261,824.3226138764655,352.2003194886563,subject_002,55.484026105073745,False
2025-11-29T18:27:14.012,0,1150,233,1043.6635514018692,203.16822429906543,1041,214,1069,203,-106,-29,-109,-19,-81,-30,24.28,107,1055.1036045885724,209.5224136334024,1044.2729697518455,216.4373982454452,1053.6602565849623,200.64837667750749,subject_002,110.44172735852057,False
2025-11-29T18:27:26.828,22,1478,789,1467.7542372881355,802.6864406779661,1492,801,1502,827,-10,13,14,12,24,38,34.09,118,1502.1083519135843,812.2853022863394,1508.6188051027818,799.7489066084948,1504.9945780106225,801.600390997298,subject_002,17.096616974691702,False
2025-11-29T18:27:33.242,10,1400,439,1380.9913793103449,459.19827586206895,1428,468,1413,457,-19,20,28,29,13,18,33.6,116,1413.9425281379963,446.73978308452,1430.8058079464158,467.0821922345035,1413.7396711642398,458.3574414352808,subject_002,27.736221954754797,False
2025-11-29T18:27:39.649,29,145,941,183.991452991453,891.3418803418804,174,910,156,922,38,-49,29,-31,11,-19,34.41,117,170.94078551610207,931.5559020155044,174.30906553852677,923.7779190027044,167.19353689798692,933.993980310855,subject_002,63.13685337712687,False
2025-11-29T18:27:52.469,28,1635,405,1516.6724137931035,399.0086206896552,1572,401,1564,372,-118,-5,-63,-4,-71,-33,42.96,116,1557.2183257624852,354.0833223627948,1579.083197933464,372.06921902870897,1556.3974691290437,392.0946147882453,subject_002,118.4791723620272,False
2025-11-29T18:27:58.880,18,784,425,760.5575221238938,412.566371681416,759,442,763,447,-23,-12,-25,17,-21,22,25.42,113,762.8872923431297,441.84297809262546,758.0631427104008,445.0387885778037,762.6765236144338,424.59087893014765,subject_002,26.53572840787345,False
2025-11-29T18:28:05.287,30,1519,835,1460.095652173913,838.8260869565217,1482,837,1493,867,-58,3,-37,2,-26,32,37.58,115,1493.215691092557,852.4322737678791,1498.7739391148216,837.9022143280752,1496.1658722482323,836.7606339936983,subject_002,59.02847731574562,False
2025-11-29T18:28:11.698,14,960,232,840.6752136752136,215.34188034188037,842,227,859,230,-119,-16,-118,-5,-101,-2,36.98,117,850.7932481884166,229.4334269590875,848.9636153762631,227.95659441932384,849.5224745564135,218.32179522817796,subject_002,120.48193882072184,False
2025-11-29T18:28:18.095,2,579,767,549.3130434782609,720.5043478260869,532,758,529,768,-29,-46,-47,-9,-50,1,26.14,115,533.1686581841519,765.4163956783601,523.6297052647423,771.0544558177801,531.9864307042888,749.8438997200504,subject_002,55.16485347212605,False
2025-11-29T18:28:24.506,11,883,477,816.7264957264957,437.1196581196581,814,470,818,472,-66,-39,-69,-7,-65,-5,63.14,117,817.8987421768086,467.7251782023066,811.8074995048283,471.3002844892863,817.7660013658816,448.5052806409944,subject_002,77.34739192230816,False
2025-11-29T18:28:37.334,16,1433,603,1398.068376068376,619.7777777777778,1428,621,1427,633,-34,16,-5,18,-6,30,27.4,117,1430.4132388645137,619.3760994273513,1425.468146641881,621.8125494979982,1432.485342588392,622.796675365437,subject_002,38.75193127652999,False
2025-11-29T18:28:43.749,9,1629,963,1620.4273504273503,973.991452991453,1641,985,1676,998,-8,10,12,22,47,35,43.12,117,1661.2005673300598,987.7671752248128,1658.9025153388502,997.6529799811548,1664.499153766466,986.7195356162156,subject_002,13.93923812691251,False
2025-11-29T18:28:50.158,13,1700,777,1653.6132075471698,744.8679245283018,1682,748,1712,743,-46,-32,-18,-29,12,-34,35.21,106,1700.058131123956,729.6542595472692,1706.07955058649,752.5029734475236,1702.3370946532566,745.850584308037,subject_002,56.42875852064129,False
2025-11-29T18:28:56.565,21,750,194,709.6637168141593,181.8849557522124,718,188,730,200,-40,-12,-32,-6,-20,6,64.21,113,724.4885001737115,194.30587930644555,723.4069934597475,191.77262899469295,723.0315284892525,187.23127129208325,subject_002,42.11638681527874,False
2025-11-29T18:29:02.969,3,840,964,849.5982905982906,915.6923076923076,836,971,829,970,9,-48,-4,7,-11,6,22.28,117,836.3209318753575,969.3622117958444,832.4837950947718,971.2443069141422,834.16858067492,942.984523476179,subject_002,49.25200826873881,False
2025-11-29T18:29:09.390,25,331,611,281.5603448275862,577.3362068965517,264,599,273,616,-49,-33,-67,-12,-58,5,22.13,116,278.8249598756418,608.7150534354208,268.01224515303716,606.3611182802356,279.84600408714374,606.518142895798,subject_002,59.812460822799714,False
2025-11-29T18:29:15.797,19,1656,203,1505.8879310344828,204.6293103448276,1539,186,1562,148,-150,1,-117,-17,-94,-55,73.63,116,1541.5786708000871,140.87946943982286,1478.0,364.0,1537.491402629365,190.53610996080695,subject_002,150.1209109395089,False
2025-11-29T19:07:02.246,13,1501,340,1467.4237288135594,393.83898305084745,1494,369,1496,357,-33,53,-7,29,-5,17,64.25,118,1502.757154305861,356.0201208485697,1499.9478107584778,362.0970129341898,1499.8004932884287,363.6296154412232,subject_002,63.45078472907047,False
2025-11-29T19:07:21.461,29,985,557,989.3666666666668,572.8166666666667,981,547,981,553,4,15,-4,-10,-4,-4,22.22,120,985.039326514926,550.7408082711071,987.9098426634356,540.8204713851068,981.7223467907364,557.3788445906752,subject_002,16.408373539818776,False
2025-11-29T19:07:27.865,6,646,587,644.0833333333334,606.0916666666667,622,598,622,594,-1,19,-24,11,-24,7,29.23,120,626.4755868961952,589.7137004531116,615.3100790176518,589.9501451294641,609.2442082064994,594.7636969761508,subject_002,19.187635269157667,False
2025-11-29T19:07:34.269,30,1426,600,1390.9915966386554,616.344537815126,1416,611,1410,602,-35,16,-10,11,-16,2,30.37,119,1417.3158155268395,604.2607248123473,1418.4135350036422,606.1156171550424,1412.4120763885671,601.4800768726595,subject_002,38.63589292744101,False
2025-11-29T19:07:40.680,31,1800,361,1739.7478260869566,418.60869565217394,1777,401,1794,388,-60,57,-23,40,-6,27,63.71,115,1800.5719047962857,381.4990993300844,1741.0,596.0,1798.6474783857277,388.9077229333404,subject_002,83.36117967011043,False
2025-11-29T19:07:47.095,3,269,854,282.3697478991597,859.5966386554621,272,854,262,881,13,5,3,0,-7,27,37.82,119,258.8993129887134,871.0712696444656,257.3227656858073,866.7971511741035,258.90399427772564,866.8088639565599,subject_002,14.493878815793153,False
2025-11-29T19:07:53.489,5,1352,466,1332.4117647058824,487.781512605042,1351,467,1347,460,-19,21,-1,1,-5,-6,29.44,119,1354.2298749244726,460.6867637326521,1351.108524030463,464.74080530532734,1349.9892387691766,464.87668594370905,subject_002,29.29391153979469,False
2025-11-29T19:07:59.895,26,1483,758,1472.0333333333333,763.925,1508,771,1503,767,-10,5,25,13,20,9,22.7,120,1508.4530253394828,767.9335940243002,1510.1157728702829,769.6734999110885,1508.9753215581177,758.2609377993359,subject_002,12.464886793620629,False
2025-11-29T19:08:06.304,4,327,950,355.453781512605,967.1680672268908,357,969,344,997,28,17,30,19,17,47,25.31,119,338.83088581791554,987.17144517891,340.16164175672486,986.1729223505008,345.62622930321,980.972367506736,subject_002,33.23191560343919,False
2025-11-29T19:08:12.709,19,288,589,309.0420168067227,603.2605042016806,290,595,281,599,21,14,2,6,-7,10,25.14,119,283.9617073910731,594.081859693548,283.07634974274936,592.7020813287897,278.0936226856575,593.6338811862825,subject_002,25.41905685466225,False
2025-11-29T19:08:19.130,9,1300,594,1294.1916666666666,613.0833333333334,1308,604,1305,598,-5,19,8,10,5,4,27.64,120,1311.796448054617,599.3870274507784,1309.92999575256,601.2502933971291,1306.4741012283453,598.551429467286,subject_002,19.94769027286679,False
2025-11-29T19:08:25.540,11,391,860,411.8487394957983,849.5126050420168,411,835,393,866,20,-10,20,-25,2,6,25.93,119,395.1349741533128,855.767840623697,406.47216370522017,822.6555436406155,406.4251343235492,833.3190503664657,subject_002,23.33785319107976,False
2025-11-29T19:08:31.947,16,778,924,781.9739130434782,910.4,785,940,777,928,3,-13,7,16,-1,4,29.42,115,779.2938330552032,927.0098571827474,784.3298666341051,941.1953617181364,782.9067057333433,918.1077876655908,subject_002,14.168697359924336,False
2025-11-29T19:08:38.360,28,361,565,431.991452991453,582.1538461538462,416,567,406,572,70,17,55,2,45,7,79.18,117,410.5643752065675,567.3100483584896,422.3331338675335,553.0145673199901,406.9334124614263,570.4610630838994,subject_002,73.0345181110104,False
2025-11-29T19:08:44.754,7,1430,417,1424.0252100840337,451.873949579832,1449,431,1447,421,-5,34,19,14,17,4,25.83,119,1454.3611257530345,421.21797771112944,1452.4856743333846,426.5961582568489,1449.8214662909354,426.1122495214139,subject_002,35.38206429586321,False
2025-11-29T19:08:51.164,8,1811,729,1761.9083333333333,762.2666666666667,1797,768,1823,772,-49,33,-14,39,12,43,37.66,120,1826.7429776807303,766.6982828559644,1741.0,596.0,1823.591024180125,754.8147693673454,subject_002,59.301457378568905,False
2025-11-29T19:08:57.570,24,1798,287,1729.8119658119658,330.9316239316239,1765,304,1787,291,-68,43,-33,17,-11,4,73.56,117,1791.1941332325102,281.9095391970023,1741.0,132.0,1792.919042024458,295.5783709309773,subject_002,81.1147063589467,False
2025-11-29T19:09:03.972,23,1155,913,1153.4957983193278,909.453781512605,1160,920,1169,926,-1,-3,5,7,14,13,29.42,119,1166.236458821066,924.5885891259574,1163.1040005628154,919.555012917178,1159.858149839554,915.008883585393,subject_002,3.8520498772055016,False
2025-11-29T19:09:10.378,17,483,835,475.2457627118644,849.5,476,840,457,865,-7,14,-7,5,-26,30,29.2,118,461.4000708625704,855.1142214042617,471.4719023271866,827.0254052207879,475.3318167245497,853.3485975966179,subject_002,16.44318083342491,False
2025-11-29T19:09:23.192,14,1408,191,1340.1764705882354,236.64705882352945,1363,195,1369,183,-67,45,-45,4,-39,-8,32.71,119,1369.2242998717538,182.46002640283808,1371.0431929059428,184.43758629284451,1367.8861130196017,197.3484556409624,subject_002,81.75380799147683,False
2025-11-29T19:09:29.596,25,116,616,99.18487394957984,642.09243697479,70,650,72,648,-16,26,-46,34,-44,32,30.82,119,66.581561694642,643.9860660019746,163.0,596.0,48.24875201467481,636.175123642155,subject_002,31.04132296431492,False
2025-11-29T19:09:36.002,15,105,171,98.42990654205607,234.25233644859813,93,206,88,204,-6,63,-12,35,-17,33,38.58,107,79.62177224940305,203.3769841851561,163.0,132.0,87.8931819234607,201.78686258316316,subject_002,63.59264261101887,False
2025-11-29T19:09:42.421,20,699,897,688.3,893.9166666666666,692,918,679,911,-10,-3,-7,21,-20,14,28.84,120,682.9409925715363,907.4104960736884,691.261623299503,921.2356912888496,692.9589191361725,901.078545605895,subject_002,11.135391526320287,False
2025-11-29T19:09:48.818,22,897,746,878.9747899159664,759.7226890756302,863,770,869,760,-18,13,-34,24,-28,14,27.14,119,871.0328460313101,760.1546266399791,858.2457665293391,771.511737327671,854.3068403557824,757.0746995564949,subject_002,22.65436810065482,False
2025-11-29T19:10:01.626,1,622,469,625.3277310924369,495.7647058823529,606,478,604,474,3,26,-16,9,-18,5,28.79,119,607.9334952597641,470.1723371750171,598.9595083791384,475.9005595934888,595.7493049339914,477.3593916478988,subject_002,26.970785587231767,False
2025-11-29T19:10:08.038,21,1021,600,1007.7457627118644,620.5254237288135,997,604,1001,606,-13,20,-24,4,-20,6,29.3,118,1004.0668386699368,604.3534858214512,1004.1037240350712,600.0459298493764,996.7254384706152,608.090228286745,subject_002,24.43292502623347,False
2025-11-29T19:10:14.443,27,197,649,190.5,676.5775862068965,166,679,163,683,-6,27,-31,30,-34,34,34.16,116,160.78586957697843,677.5125044625404,163.0,686.5719719263226,147.71520744451007,672.3918797588088,subject_002,28.333253625357056,False
2025-11-29T19:10:20.847,0,319,741,358.5546218487395,734.9327731092437,347,722,333,742,39,-6,28,-19,14,1,28.29,119,336.3434918165838,732.9834946100597,342.92729780865614,715.9694748355653,337.66591202967965,733.5999742213162,subject_002,40.01723818232207,False
2025-11-29T19:25:56.052,28,1499,588,1513.2649572649573,569.4615384615385,1509,574,1511,580,14,-18,10,-14,12,-8,34.34,117,1514.0059976243815,576.6021745005993,1506.164676885331,571.6621471010149,1529.4212701728843,573.0544976432693,subject_002,23.391527568418343,False
2025-11-29T19:26:02.458,27,339,128,422.52941176470586,153.15126050420167,382,148,345,129,83,25,43,20,6,1,23.57,119,309.2535907685541,135.47362015584028,267.1318931844947,147.10237771886597,338.66086700634685,147.08771916054044,subject_002,87.23387263390292,False
2025-11-29T19:26:08.860,5,1106,476,1119.05,476.4916666666667,1093,477,1099,485,13,0,-13,1,-7,9,26.6,120,1094.326748879488,483.173741157775,1076.5737799938977,470.4021218988088,1100.244469597376,472.18195969461783,subject_002,13.059258635585326,False
2025-11-29T19:26:15.266,15,664,743,681.9166666666666,727.325,668,749,645,758,17,-15,4,6,-19,15,26.86,120,646.2963877171258,773.7200562948472,652.9638779216048,774.6278834783893,631.6639689926757,782.0445120686159,subject_002,23.805725560134512,False
2025-11-29T19:26:21.675,20,1615,553,1622.2203389830509,561.8135593220339,1622,566,1623,568,7,8,7,13,8,15,26.47,118,1631.3692314828927,563.9727352185287,1622.241242927854,566.0912466809183,1647.3498900854895,565.4222889683573,subject_002,11.393512318559852,False
2025-11-29T19:26:28.083,13,491,351,506.890756302521,344.7394957983193,448,339,436,337,15,-6,-43,-12,-55,-14,26.19,119,428.2486224511611,341.97754110577023,449.813367365832,336.8369105471375,434.0606587813755,337.7661621890314,subject_002,17.079521326002478,False
2025-11-29T19:26:34.485,26,1538,744,1531.7,744.0583333333333,1528,748,1533,777,-6,0,-10,4,-5,33,58.19,120,1538.5451963788776,766.0028996755881,1524.7188356734591,754.6206901489094,1553.012895578899,750.8580794776965,subject_002,6.300270055940238,False
2025-11-29T19:26:40.892,24,682,434,693.5798319327731,442.3949579831933,663,441,642,446,11,8,-19,7,-40,12,37.47,119,648.0975912777435,448.6669503081646,675.6456243677579,446.5973876629343,638.4107915323078,434.1834623655785,subject_002,14.302720969481753,False
2025-11-29T19:26:47.301,22,811,895,814.5378151260504,780.8571428571429,805,801,791,820,3,-114,-6,-94,-20,-75,91.83,119,788.6030200688033,840.7931857010432,786.8758735061521,851.1266769736116,776.5072790406499,861.852114566213,subject_002,114.19767060934647,False
2025-11-29T19:26:53.709,12,1389,945,1367.781512605042,868.6386554621848,1365,881,1374,922,-21,-76,-24,-64,-15,-23,27.82,119,1372.1723641376666,917.5267852251876,1367.3765057193446,917.5719934864474,1377.9335319873076,914.1087720806316,subject_002,79.25452130290678,False
2025-11-29T19:27:00.112,21,777,936,765.2666666666667,896.1,757,926,752,947,-11,-39,-20,-10,-25,11,21.1,120,743.850507366921,968.514645634002,741.8819847149406,984.9653784024664,725.4905823556574,994.0297416160302,subject_002,41.58943509006957,False
2025-11-29T19:27:06.515,7,655,346,701.9411764705883,345.9579831932773,674,338,651,342,46,0,19,-8,-4,-4,29.66,119,656.0763934078698,339.65740534625905,696.9991213049132,336.463740905452,645.4780784548224,322.0879601811396,subject_002,46.941195275098806,False
2025-11-29T19:27:25.746,18,903,453,922.4333333333332,457.69166666666666,888,450,890,465,19,4,-15,-3,-13,12,26.68,120,889.474027483684,464.12716416933665,865.1574858809846,448.3443043031617,886.7606827583757,446.4577215574798,subject_002,19.991652771983336,False
2025-11-29T19:27:32.166,25,1727,832,1686.7179487179487,766.5811965811965,1689,770,1691,798,-40,-65,-38,-62,-36,-34,80.06,117,1707.6024209797456,780.9853255392736,1705.550304515879,779.5737560960165,1721.4886269503618,770.3140950313831,subject_002,76.8261901713072,False
2025-11-29T19:27:44.987,2,1256,221,1257.2268907563025,242.11764705882356,1250,231,1255,222,1,21,-6,10,-1,1,25.35,119,1246.4444366195169,215.3384322681712,1259.1626608382055,213.97974858965577,1245.153760920521,211.52084318702447,subject_002,21.153256917764228,False
2025-11-29T19:27:51.391,31,739,626,764.65,599.25,749,609,724,619,25,-26,10,-17,-15,-7,22.62,120,728.278801266944,629.3299730801232,732.734148888702,629.2307517823338,718.6818468466322,627.5871015578521,subject_002,37.0605585494876,False
2025-11-29T19:27:57.808,29,1203,427,1217.1008403361343,448.30252100840335,1199,451,1203,452,14,21,-4,24,0,25,28.74,119,1198.4205105171595,449.0233529307908,1210.1774013479578,448.23032249210934,1205.929752697714,440.9915733483505,subject_002,25.54664556255122,False
2025-11-29T19:28:04.215,14,606,100,620.1862745098039,132.55882352941177,620,122,568,110,14,32,14,22,-38,10,24.43,102,553.956707575733,105.94690993878608,689.0,132.0,552.4571892297008,104.28048045177272,subject_002,35.51517104121685,False
2025-11-29T19:28:10.618,30,1153,581,1150.3949579831933,570.3109243697479,1136,581,1133,589,-2,-10,-17,0,-20,8,25.86,119,1128.8993856975546,592.1355853958678,1124.9502075038636,589.7061999985272,1136.157081449743,588.8539218779903,subject_002,11.00193536331574,False
2025-11-29T19:28:17.023,0,1412,439,1431.8487394957983,408.218487394958,1425,407,1430,402,19,-30,13,-32,18,-37,22.51,119,1428.0806093911638,400.6152796362245,1423.728573351039,405.3163158838905,1437.8463068185738,402.4193354931623,subject_002,36.62613790486821,False
2025-11-29T19:28:23.421,3,838,311,879.6916666666667,300.725,854,285,846,293,41,-10,16,-26,8,-18,21.96,120,846.7966170396423,284.68826732487236,845.2025169738954,271.26679556769153,837.1900022622146,260.97728066099205,subject_002,42.939151068045675,False
2025-11-29T19:28:29.831,6,1108,157,1126.8135593220338,178.58474576271186,1121,162,1120,156,18,21,13,5,12,-1,20.21,118,1109.3183054927008,144.53163415185696,1131.4239252884925,141.14397801058152,1102.496435573556,134.76544341575854,subject_002,28.63304496564404,False
2025-11-29T19:28:36.236,19,791,601,825.8991596638656,590.7478991596639,808,598,790,611,34,-10,17,-3,-1,10,22.8,119,792.0740882635077,620.3031539653869,788.8097557454236,619.2197483646037,784.8883679651607,617.8183575835765,subject_002,36.37384935478239,False
2025-11-29T19:28:42.649,17,329,962,354.35,934.875,329,957,317,971,25,-27,0,-5,-12,9,18.61,120,306.49616424759245,977.4173249942734,318.792291230573,966.2476598047936,280.9374817764328,959.44002882352,subject_002,37.1266497949923,False
2025-11-29T19:28:49.050,9,1539,112,1527.403361344538,135.0672268907563,1537,120,1553,91,-11,23,-2,8,14,-21,34.97,119,1538.2286457659511,96.34744304649465,1741.0,132.0,1535.7590879575412,101.89851277739254,subject_002,25.818190961703415,False
2025-11-29T19:28:55.479,11,434,886,466.7166666666666,831.8916666666667,440,858,424,864,32,-54,6,-28,-10,-22,72.07,120,420.5143974077039,875.4270969044845,429.43469910829407,870.1484647279111,400.5914395948222,868.6670124484626,subject_002,63.23046744955224,False
2025-11-29T19:29:08.296,4,1014,661,1029.470588235294,624.6806722689075,1012,633,1007,650,15,-36,-2,-28,-7,-11,24.13,119,1003.97752076974,659.5288283790541,989.336711568544,664.750706239275,1006.2228117821252,662.547501590244,subject_002,39.47698908458593,False
2025-11-29T19:29:14.709,8,650,535,679.0840336134454,530.7478991596639,655,537,629,542,29,-4,5,2,-21,7,24.89,119,634.4523710726419,549.1723074168749,643.0094825448799,546.8563167740665,624.5277091607611,540.989114958227,subject_002,29.393219843773643,False
2025-11-29T19:40:12.188,17,1565,501,1490.9478260869564,533.3391304347826,1503,510,1508,502,-74,32,-62,9,-57,1,44.19,115,1512.1942724704866,501.91882077933514,1512.829331730389,505.74792197086634,1530.0377329258563,502.7747417477967,subject_002,80.80559274286365,False
2025-11-29T19:40:18.600,30,1769,932,1578.1681415929204,960.9203539823008,1605,959,1646,954,-190,28,-164,27,-123,22,51.15,113,1643.44385222458,967.7008229232376,1647.8037417969638,983.0975086597612,1626.4248634342462,987.5645086019758,subject_002,193.01084181351385,False
2025-11-29T19:40:25.011,31,611,844,581.6293103448276,869.3965517241379,586,861,573,864,-29,25,-25,17,-38,20,24.92,116,582.0964798431115,857.3427132334606,587.1592967802711,854.9649769887812,574.3649763567126,857.0957085528047,subject_002,38.82811159839306,False
2025-11-29T19:40:31.424,22,1294,450,1266.2260869565218,481.45217391304345,1263,463,1273,443,-27,31,-31,13,-21,-7,27.83,115,1272.147781251987,448.7986373078529,1265.1080342243808,451.5186644999235,1292.4750715593234,452.3308942441929,subject_002,41.95985569092221,False
2025-11-29T19:40:37.847,11,547,684,561.8389830508474,684.1440677966102,572,661,541,662,14,0,25,-23,-6,-22,37.12,118,558.6025467564542,655.1629746915766,573.442168508702,651.6410662950059,551.5888618420122,650.5262664056636,subject_002,14.83968239260389,False
2025-11-29T19:40:44.259,27,321,475,335.5344827586207,493.75,321,464,302,458,14,18,0,-11,-19,-17,29.51,116,315.59634162687945,454.77219352747414,309.43185098719954,452.18497709170174,310.9347992650127,452.162099438258,subject_002,23.72369467559053,False
2025-11-29T19:41:03.479,26,574,768,585.8103448275862,781.9310344827586,594,767,571,768,11,13,20,-1,-3,0,24.59,116,585.2131715880564,761.5518434147522,596.124514096482,758.4902728578228,577.877066207112,759.4427330903455,subject_002,18.26356938570061,False
2025-11-29T19:41:09.884,8,668,316,680.9642857142857,345.7678571428572,677,290,668,293,12,29,9,-26,0,-23,33.69,112,673.4770999835852,289.8535639825401,679.245883998303,279.1705772455589,673.764918234957,285.151792422452,subject_002,32.468415775322136,False
2025-11-29T19:41:16.291,0,600,657,617.3084112149533,662.2990654205607,628,636,599,637,17,5,28,-21,-1,-20,23.14,107,615.5472784405531,630.4115977372925,630.9531958618181,624.5233848330124,609.8845902407029,622.4519388319562,subject_002,18.101414119269855,False
2025-11-29T19:41:22.693,13,1103,122,1076.9469026548672,172.1946902654867,1083,130,1085,111,-26,50,-20,8,-18,-11,19.95,113,1078.2461154944351,118.49677204360414,1215.0,132.0,1089.653955743271,123.6036833754984,subject_002,56.55325642368536,False
2025-11-29T19:41:29.113,19,678,775,688.5172413793103,781.2844827586207,693,765,680,765,10,6,15,-10,2,-10,48.1,116,690.9925276546961,759.1207971792053,695.6219644380435,752.0342867309286,686.2026857302615,755.8095506533966,subject_002,12.251819855600171,False
2025-11-29T19:41:35.522,28,1796,366,1739.7117117117118,410.5945945945946,1761,380,1759,381,-56,44,-35,14,-37,15,50.23,111,1774.9243841754185,371.0703279671139,1741.0,132.0,1791.1665404118446,365.0033956509583,subject_002,71.81259823653288,False
2025-11-29T19:41:41.928,18,1509,915,1508.104347826087,922.6347826086956,1532,915,1566,913,0,7,23,0,57,-2,44.38,115,1563.5352183567468,922.937762868143,1559.3878424859242,926.8373707821312,1552.130544657444,924.9761408339824,subject_002,7.687138498731198,False
2025-11-29T19:41:48.339,14,1303,936,1296.9396551724135,938.896551724138,1332,928,1344,929,-6,2,29,-8,41,-7,21.26,116,1341.34963309435,934.1577891234648,1348.6467771409684,923.4354817668008,1329.5670978892629,923.5176181102682,subject_002,6.716977841251335,False
2025-11-29T19:42:01.162,6,1571,558,1556.3189655172414,564.3620689655172,1572,539,1577,536,-14,6,1,-19,6,-22,23.84,116,1584.1877480016628,533.7814418572166,1586.143528086655,529.4422919994705,1599.307805492657,525.5329037642057,subject_002,16.00027171662858,False
2025-11-29T19:42:07.579,12,1735,356,1674.6324786324783,400.2991452991453,1695,371,1692,368,-60,44,-40,15,-43,12,44.71,117,1704.4688815115985,360.58440460825983,1703.701897040938,353.4095926778462,1722.4171560860489,358.10757214320284,subject_002,74.87757949007819,False
2025-11-29T19:42:13.987,7,1572,802,1549.322033898305,827.2542372881356,1565,813,1596,813,-22,25,-7,11,24,11,39.01,118,1597.2797626320842,818.2632275501996,1588.293996362656,810.974212239194,1594.6265646828726,810.9624969420295,subject_002,33.942107293376516,False
2025-11-29T19:42:20.397,2,697,868,705.5847457627119,847.0,707,835,704,837,8,-21,10,-33,7,-31,27.29,118,710.037875794419,830.3011446993378,708.304950929885,824.6315774166844,704.8796474692957,830.0756695561381,subject_002,22.686953515410575,False
2025-11-29T19:42:26.803,9,110,463,112.8103448275862,497.9655172413793,78,483,67,469,2,34,-32,20,-43,6,26.08,116,79.01068528896661,470.1951405363603,163.0,596.0,76.05511256295448,473.6976541663272,subject_002,35.078275812917795,False
2025-11-29T19:42:33.211,10,909,136,888.8807339449542,189.56880733944956,887,131,892,126,-20,53,-22,-5,-17,-10,47.21,109,884.590184656097,130.56614456993074,891.6033199036334,132.0,891.4655799676234,133.46137414009166,subject_002,57.22239060337121,False
2025-11-29T19:42:39.629,20,994,470,1002.5,500.042372881356,994,485,999,460,8,30,0,15,5,-10,21.86,118,1001.2554626641607,464.52121404329864,994.0789214075976,475.2693901288905,1014.495291880638,475.5599209024494,subject_002,31.22169387369038,False
2025-11-29T19:42:46.039,1,1638,689,1614.957264957265,681.6153846153846,1633,658,1648,661,-23,-7,-5,-31,10,-28,39.14,117,1655.509859353403,658.869310246227,1652.2119284586563,641.2523551001998,1662.3615362678197,637.9972241360125,subject_002,24.19711103889037,False
2025-11-29T19:42:52.443,15,1576,231,1547.4019607843138,263.54901960784315,1564,234,1560,220,-28,32,-12,3,-16,-11,43.89,102,1565.7583370981577,218.7040883684914,1564.5539806679722,222.9219906208666,1586.8141811043358,223.36394443071745,subject_002,43.32766465451009,False
2025-11-29T19:43:05.260,16,639,454,681.7826086956521,473.6695652173913,685,434,665,432,42,19,46,-20,26,-22,24.21,115,677.01759059494,426.829765243647,687.9292349357868,417.2196787662879,675.941134339627,426.18425713718545,subject_002,47.087614110788195,False
2025-11-29T19:43:11.664,23,1441,567,1430.453781512605,588.8739495798319,1436,568,1448,560,-10,21,-5,1,7,-7,29.81,119,1449.520346067137,560.872046680801,1444.7188707601172,565.4838752905565,1466.8005034565228,559.528045757174,subject_002,24.283582820599182,False
2025-11-29T19:43:18.085,24,821,311,845.6974789915967,354.94117647058823,842,318,838,303,24,43,21,7,17,-8,29.47,119,841.2431210238583,305.0364573582216,840.0733709148335,309.224209943094,847.6148909052521,313.7388427405031,subject_002,50.4062739959991,False
2025-11-29T19:43:24.490,21,434,972,438.4224137931034,985.7327586206897,435,993,431,995,4,13,1,21,-3,23,29.1,116,433.30190233983814,990.461851907108,429.0292105492492,993.156380822325,424.50883143823006,989.035054991929,subject_002,14.427279823014349,False
2025-11-29T19:43:30.911,4,559,563,595.9391304347826,569.0782608695653,604,535,575,536,36,6,45,-28,16,-27,31.24,115,591.3007396575331,529.3288153033888,601.6862206039497,521.1107642550551,586.3754128151407,522.5941964614567,subject_002,37.43587333663217,False
2025-11-29T20:04:03.375,24,1403,571,1313.7894736842106,599.6491228070175,1341,591,1340,578,-89,28,-62,20,-63,7,25.6,114,1345.3631762217526,578.1522858501987,1343.4168284671043,581.7201627305642,1342.7126957328928,584.5956985093585,subject_002,93.69786680150044,False
2025-11-29T20:04:09.775,27,282,699,295.11304347826086,705.0608695652174,285,705,282,709,13,6,3,6,0,10,30.28,115,292.1073442405822,713.3331147620229,285.5869803151231,707.0582538130537,271.2681916675733,711.6554743051706,subject_002,14.445969996830913,False
2025-11-29T20:04:16.184,3,1495,872,1381.8833333333334,861.775,1415,848,1424,853,-113,-10,-80,-24,-71,-19,34.8,120,1424.3225899075094,849.7809362611375,1444.7322529566193,824.4491617617095,1447.5757683155668,837.136996649278,subject_002,113.57786273203838,False
2025-11-29T20:04:22.588,13,932,368,881.2521008403361,363.546218487395,911,353,919,353,-50,-4,-21,-15,-13,-15,26.05,119,922.9482155949936,349.3815257554562,940.2511434878388,342.99409797331805,942.7569458366412,346.2132772205341,subject_002,50.94296260408732,False
2025-11-29T20:04:28.997,8,237,904,250.5169491525424,869.8474576271186,232,881,231,888,13,-34,-5,-23,-6,-16,27.31,118,240.7360945276163,890.8703373885113,229.32103191861472,890.3543055113444,216.84356510781632,880.4908821388651,subject_002,36.73015198612545,False
2025-11-29T20:04:35.404,23,952,875,910.8571428571428,830.546218487395,938,842,953,847,-41,-44,-14,-33,1,-28,23.96,119,953.074741297606,845.8706545176497,950.642904628509,847.742729889134,950.7887010937636,841.773407186707,subject_002,60.571225715251806,False
2025-11-29T20:04:41.811,11,307,125,284.70338983050846,132.28813559322035,313,115,325,116,-22,7,6,-10,18,-9,22.16,118,308.1469552383011,112.72124855941895,163.0,132.0,314.09946070822025,127.99359374883984,subject_002,23.45753067727801,False
2025-11-29T20:04:48.223,6,1213,458,1178.2966101694915,478.3220338983051,1209,475,1208,460,-34,20,-4,17,-5,2,33.91,118,1214.04672918439,460.7790356246947,1217.27610997133,471.40605970237095,1214.6597258253116,463.5277109297495,subject_002,40.21579698939341,False
2025-11-29T20:04:54.624,7,1695,242,1627.3675213675217,278.45299145299145,1621,259,1627,227,-67,36,-74,17,-68,-15,26.12,117,1627.7535424557052,232.8985751936723,1619.993581259202,239.98487589180735,1612.099447102147,251.14520807640372,subject_002,76.83080600803626,False
2025-11-29T20:05:01.028,14,1074,320,1043.6120689655172,317.0086206896552,1077,305,1081,301,-30,-2,3,-15,7,-19,20.12,116,1084.584961324723,297.0226882499615,1095.0396691175677,295.7284950830754,1105.7302110236014,301.68324778838365,subject_002,30.534811326334427,False
2025-11-29T20:05:07.433,12,437,164,435.16101694915255,179.82203389830508,465,167,478,168,-1,15,28,3,41,4,42.25,118,464.3951609533342,161.5061353404999,470.864502080713,162.9165910681261,469.998683377489,173.5518422610353,subject_002,15.928547182352167,False
2025-11-29T20:05:13.838,2,1819,549,1718.764705882353,580.0840336134454,1710,540,1714,525,-100,31,-109,-9,-105,-24,68.44,119,1719.0985866194635,531.4122901143064,1704.3451891740128,508.2144642902048,1697.332048559188,556.8518447551571,subject_002,104.94442020676,False
2025-11-29T20:05:20.246,25,593,650,607.1428571428571,633.1008403361344,606,636,628,638,14,-16,13,-14,35,-12,30.83,119,626.383329636323,638.156336948279,606.7627867210324,638.6022647091465,599.3154742390208,632.3083180848847,subject_002,22.03637913787304,False
2025-11-29T20:05:26.660,20,1031,839,994.5166666666668,794.5916666666667,1024,803,1036,804,-36,-44,-7,-36,5,-35,25.16,120,1039.021324401073,804.2472658531096,1035.2072898391789,809.032311369381,1034.998081900184,789.5306624959438,subject_002,57.47289518160318,False
2025-11-29T20:05:33.067,15,1813,306,1734.268907563025,352.7142857142857,1723,325,1722,292,-78,46,-90,19,-91,-14,35.16,119,1729.5807108738873,302.4790778853097,1725.777809929078,296.9124374543618,1716.1173162058649,324.7866799950896,subject_002,91.54676076254914,False
2025-11-29T20:05:39.462,16,288,777,276.85593220338984,755.8389830508474,263,759,261,764,-11,-21,-25,-18,-27,-13,22.13,118,271.09030106171326,767.9016389695097,263.7317303771472,763.5570682302997,248.59406069323396,763.7681145387359,subject_002,23.91608005877563,False
2025-11-29T20:05:45.873,1,510,193,490.4821428571428,196.89285714285717,521,185,534,186,-19,3,11,-8,24,-7,25.75,112,521.7660841867184,179.15509536766177,527.4282663112955,181.031101463043,527.5230967888443,189.88837267521225,subject_002,19.902288415749503,False
2025-11-29T20:05:52.278,21,1670,917,1572.4700854700857,876.2991452991453,1591,854,1605,852,-97,-40,-79,-63,-65,-65,42.23,117,1601.0016048689356,856.4323671726462,1607.949077333663,844.4713757377147,1609.152354898699,861.6229662572212,subject_002,105.681804496292,False
2025-11-29T20:05:58.693,18,1751,901,1673.698275862069,885.5603448275862,1683,863,1699,851,-77,-15,-68,-38,-52,-50,42.42,116,1694.265946661765,864.0146745541005,1691.1411926716034,864.3378616505573,1690.3446290660636,869.1150665197749,subject_002,78.82854499824172,False
2025-11-29T20:06:05.099,28,1270,490,1235.470588235294,483.4201680672269,1262,479,1263,462,-34,-6,-8,-11,-7,-28,24.39,119,1267.9464949657413,462.9664687556376,1264.8373699835115,473.1547883381706,1264.4067953284332,467.62391222753655,subject_002,35.150739182557224,False
2025-11-29T20:06:11.493,29,848,636,837.957627118644,614.6440677966102,853,618,870,616,-10,-21,5,-18,22,-20,25.31,118,873.034479960775,616.5759180379114,872.235008351037,615.6061026137966,860.8906750321926,609.0396118022792,subject_002,23.599260441038705,False
2025-11-29T20:06:17.904,0,1753,348,1706.9831932773109,367.4201680672269,1696,340,1698,309,-46,19,-57,-8,-55,-39,39.05,119,1703.474789347427,318.1331668578208,1697.9163727703594,313.41614292354177,1686.7324735488078,340.30247071992915,subject_002,49.94686605496551,False
2025-11-29T20:06:24.309,30,1229,129,1171.91452991453,153.9059829059829,1204,135,1214,132,-57,24,-25,6,-15,3,22.61,117,1205.742998387672,124.0732531216904,1215.0,132.0,1217.246851745506,125.5228282825258,subject_002,62.28209116104083,False
2025-11-29T20:06:30.713,19,912,716,894.0336134453781,698.2605042016806,914,705,929,704,-17,-17,2,-11,17,-12,20.99,119,932.3385188304238,704.7582057735984,934.7942563639892,704.5183566061484,921.1659091462482,693.1959219260686,subject_002,25.24838127501815,False
2025-11-29T20:06:37.131,9,275,473,253.31932773109244,469.3445378151261,263,460,249,457,-21,-3,-12,-13,-26,-16,23.33,119,260.81116765837726,462.8114893681395,262.9925115560918,458.1431880766103,266.39752332667007,472.17984761826347,subject_002,21.986676734259323,False
2025-11-29T20:06:43.553,5,299,354,310.15,359.675,328,348,322,346,11,5,29,-6,23,-8,16.74,120,326.4084563096246,348.09350088092714,329.0883736383075,346.26933600300293,334.9857170864664,359.2873834461903,subject_002,12.511120053776146,False
2025-11-29T20:07:02.792,10,1649,391,1612.5128205128206,393.87179487179486,1603,371,1613,344,-36,2,-46,-20,-36,-47,23.53,117,1614.069984960142,348.8170567410783,1602.0783637113022,348.0011983243465,1591.4046693668884,369.0845221790815,subject_002,36.60002011905616,False
2025-11-29T20:07:09.200,4,785,449,765.2203389830509,442.33898305084745,783,438,798,437,-19,-6,-2,-11,13,-12,22.66,118,800.5854209663886,434.3005173568088,798.5250818105444,433.3483583210713,802.8368695797694,434.7985336618148,subject_002,20.871131659359428,False
2025-11-29T20:20:08.157,23,568,508,558.1916666666667,498.1666666666667,543,510,540,509,-9,-9,-25,2,-28,1,27.21,120,545.9203038905973,507.1843698231258,545.2652944663901,509.06822630279754,540.0653667788555,505.74848631816695,subject_002,13.888766943909053,False
2025-11-29T20:20:14.553,17,1322,585,1287.0916666666667,605.875,1271,608,1287,609,-34,20,-51,23,-35,24,38.59,120,1288.7238937892198,606.5314768759195,1268.2324403556554,607.1754156244253,1266.7015376563058,606.2136300083197,subject_002,40.673792067019136,False
2025-11-29T20:20:20.958,16,1418,780,1389.638655462185,758.90756302521,1391,754,1399,766,-28,-21,-27,-26,-19,-14,30.37,119,1401.028043686865,761.8961456385052,1393.640186953839,752.7336354235281,1390.7207558941116,762.5704697479766,subject_002,35.34482651716003,False
2025-11-29T20:20:27.367,21,788,140,777.1344537815127,146.7058823529412,789,139,798,138,-10,6,1,-1,10,-2,30.5,119,786.7659085981129,136.18171202604077,795.1640331689259,134.11909823152132,790.2733940784649,141.19195322405665,subject_002,12.768279161953366,False
2025-11-29T20:20:33.769,30,1648,503,1606.2333333333331,518.525,1601,499,1595,488,-41,15,-47,-4,-53,-15,46.89,120,1604.604614723129,484.2930543374193,1602.4482913630643,483.48492020046115,1594.169142645589,482.0306701349027,subject_002,44.55872607519723,False
2025-11-29T20:20:40.188,22,1378,175,1335.7457627118645,170.38983050847455,1360,154,1350,134,-42,-4,-18,-21,-28,-41,24.66,118,1344.9083843941696,137.56598839797485,1369.654890397661,139.46985044339013,1367.3765736025773,140.03824430744484,subject_002,42.50499066630477,False
2025-11-29T20:20:46.583,12,1164,718,1176.5378151260504,698.6470588235294,1169,709,1182,714,12,-19,5,-9,18,-4,31.2,119,1183.5614834772346,712.2522361171486,1170.3433738706133,717.172905602275,1166.9014134063225,712.633730990188,subject_002,23.059339546373614,False
2025-11-29T20:20:52.990,19,526,221,508.436974789916,227.0924369747899,498,227,510,223,-17,6,-28,6,-16,2,23.91,119,501.9285268396004,218.73004624851944,502.7548063962295,219.03117200931024,498.953279719794,219.05758361467483,subject_002,18.58971873971828,False
2025-11-29T20:20:59.397,3,982,875,1002.9243697478992,846.7647058823529,1018,866,1020,878,20,-28,36,-9,38,3,29.95,119,1018.7636010772416,872.0604383676797,1024.1885347213886,874.570890022936,1023.2765850449948,872.4867060276285,subject_002,35.143435848773144,False
2025-11-29T20:21:05.802,27,1116,576,1078.4117647058824,564.0504201680673,1069,573,1077,575,-37,-11,-47,-3,-39,-1,31.22,119,1082.4692795422477,574.1568577954041,1072.266596802075,575.1920377545562,1064.3391804730786,575.0126278831469,subject_002,39.441955969318755,False
2025-11-29T20:21:18.613,8,679,409,660.8086956521739,392.2695652173913,653,400,653,400,-18,-16,-26,-9,-26,-9,28.08,115,656.7622976459317,397.37339711135576,662.3847608790433,390.9058927074242,654.5059551201424,397.5045761125053,subject_002,24.71499548635118,False
2025-11-29T20:21:25.022,6,355,245,348.1404958677686,257.8181818181818,331,257,338,251,-6,12,-24,12,-17,6,24.51,121,334.02229777120994,246.44365212535277,336.92295455968866,246.36210639996096,333.9038961109358,246.68159714462453,subject_002,14.53817671044297,False
2025-11-29T20:21:31.426,5,631,789,646.2773109243698,758.7394957983194,647,765,638,785,15,-30,16,-24,7,-4,34.06,119,642.8121709560841,776.9391364715939,650.7166552953572,768.0521288634899,646.5539188893202,776.7141299362069,subject_002,33.89829411076315,False
2025-11-29T20:21:37.832,26,1523,767,1507.0,748.2521008403361,1513,735,1513,745,-16,-18,-10,-32,-10,-22,39.32,119,1519.5772341772354,740.5973727065534,1518.6865960223445,729.1808038739574,1515.0773521628005,741.031675859418,subject_002,24.64718488795276,False
2025-11-29T20:21:50.662,11,182,368,182.3361344537815,372.6302521008403,155,368,147,360,0,4,-27,0,-35,-8,30.17,119,158.28369573987828,363.3213546906936,163.0,353.75700755361345,158.4133555351138,365.63386385903465,subject_002,4.642436955776053,False
2025-11-29T20:21:57.067,1,385,156,375.4871794871795,180.86324786324784,367,172,378,171,-9,24,-18,16,-7,15,34.38,117,365.69647330050014,164.5506168584624,375.7974381283361,155.5711969599912,366.97228751300537,166.079640846168,subject_002,26.620947549222144,False
2025-11-29T20:22:03.482,18,1429,938,1368.8319327731092,942.5546218487395,1391,961,1403,963,-60,4,-38,23,-26,25,47.45,119,1395.6010801940276,959.9453985654378,1400.5714430289124,965.9400270780096,1397.9944736016123,961.1388799589182,subject_002,60.34020959529944,False
2025-11-29T20:22:09.882,25,1079,684,1051.7899159663866,641.9915966386554,1047,652,1053,659,-27,-42,-32,-32,-26,-25,27.28,119,1057.586356004122,656.8459088127028,1051.11631232374,654.7588875156243,1043.273805214199,657.9905408131245,subject_002,50.05092033205511,False
2025-11-29T20:22:16.289,15,322,813,290.8151260504202,796.7478991596639,262,811,254,808,-31,-16,-60,-2,-68,-5,26.68,119,266.3495603481665,812.3104488779925,258.1073106101049,814.7944005042792,249.0913482664784,811.5166609119636,subject_002,35.165709789162996,False
2025-11-29T20:22:22.703,4,1379,103,1306.0084745762713,172.3728813559322,1333,159,1321,138,-72,69,-46,56,-58,35,51.54,118,1316.9421052585233,142.4886694129521,1343.4022843824548,145.6869650335739,1342.395039066757,144.9841371228585,subject_002,100.6993517918913,False
2025-11-29T20:22:29.107,7,963,146,929.3613445378152,160.9747899159664,953,160,949,149,-33,14,-10,14,-14,3,25.11,119,945.14540259999,150.90293841224135,962.1575684540624,152.09304819662395,959.5168298340128,155.82550192210482,subject_002,36.8212367300571,False
2025-11-29T20:22:41.921,24,1053,212,950.6638655462184,227.57142857142856,967,232,963,220,-102,15,-86,20,-90,8,25.85,119,964.640717365359,222.22076060633975,974.5700218514658,226.1991485442152,975.8216522478172,225.4929925297383,subject_002,103.5140270818287,False
2025-11-29T20:22:48.331,13,893,512,889.3025210084033,520.0084033613446,888,528,885,534,-3,8,-5,16,-8,22,24.13,119,892.8177621832295,531.6744839006294,895.8694530003343,532.1548725540147,886.6141267474658,533.3122007930366,subject_002,8.820763872323843,False
2025-11-29T20:22:54.743,31,944,677,943.4137931034484,671.0344827586207,946,680,944,693,0,-5,2,3,0,16,24.27,116,949.8801169407652,688.5506136614877,956.3576445507964,687.0212323400108,945.8714445727712,690.2711556653435,subject_002,5.994250118468399,False
2025-11-29T20:23:01.155,9,1233,582,1211.3304347826088,574.6260869565217,1194,581,1211,580,-21,-7,-39,-1,-22,-2,31.27,115,1213.2254241607384,578.6666638288226,1189.871421322768,582.3638353129608,1191.1627571733827,578.6229342812878,subject_002,22.889837270796622,False
2025-11-29T20:23:07.553,20,1536,101,1460.7394957983192,129.71428571428572,1473,95,1475,77,-75,28,-63,-6,-61,-24,36.37,119,1463.2470194475131,81.61230568082544,1478.0,364.0,1471.242560217739,85.37564226785085,subject_002,80.55217996288393,False
2025-11-29T20:23:20.363,2,404,221,330.28333333333336,227.725,317,222,323,218,-73,6,-87,1,-81,-3,20.8,120,317.03640666523677,213.30874718950992,323.39546601779665,209.1536392955117,319.1495886788543,214.3904164107976,subject_002,74.02278412383879,False
2025-11-29T20:23:26.779,29,1362,309,1336.4,339.85,1338,334,1337,318,-25,30,-24,25,-25,9,33.03,120,1338.280892930867,318.58008590060285,1343.6169341574416,320.08665059951625,1338.4057430288574,317.888329944759,subject_002,40.088433493964274,False
2025-12-01T20:22:56.939,16,497,329,490.35135135135135,321.7837837837838,478,309,494,301,-6,-7,-19,-20,-3,-28,23.94,111,485.2084940963267,296.8868922528803,477.3409914202679,296.6673180595672,488.3035551526391,296.8783223155357,subject_002,9.812150902445348,False
2025-12-01T20:23:03.341,22,398,595,394.4224137931034,565.2844827586207,380,570,381,569,-3,-29,-18,-25,-17,-26,28.84,116,384.06502884486224,567.0987885251707,378.47808299710425,571.9508632717441,388.8784041968042,574.1800896946403,subject_002,29.930103374203163,False
2025-12-01T20:23:09.747,8,1479,825,1413.126050420168,784.546218487395,1469,818,1472,811,-65,-40,-10,-7,-7,-14,26.04,119,1478.465756063226,807.7053305238809,1482.3396423346626,825.2489733142933,1482.6553919880366,825.0247429419461,subject_002,77.3038528917921,False
2025-12-01T20:23:16.154,10,1055,510,1048.529411764706,493.6050420168068,1074,497,1069,496,-6,-16,19,-13,14,-14,24.93,119,1076.7449360761536,491.41414320970614,1074.3457750988018,498.229457551236,1085.8225808751365,501.3554437995476,subject_002,17.625639261637982,False
2025-12-01T20:23:22.565,4,1612,690,1568.050847457627,671.3220338983051,1611,682,1626,682,-43,-18,-1,-8,14,-8,19.06,118,1634.1444902103017,673.2890687236315,1625.090181723631,677.6081170325032,1641.9840073230398,673.4600848250227,subject_002,47.75347554774242,False
2025-12-01T20:23:28.967,6,759,158,741.1833333333333,150.625,745,133,774,110,-17,-7,-14,-25,15,-48,22.79,120,752.2285400390348,106.95408443829297,689.0,132.0,753.9528241476328,102.5750178265919,subject_002,19.28274451708348,False
2025-12-01T20:23:35.372,7,1213,478,1186.7863247863247,448.61538461538464,1224,451,1215,444,-26,-29,11,-27,2,-34,17.22,117,1225.3602624680786,438.8465118125436,1237.3981804022046,448.77878528928625,1232.8011201972488,445.19368361574845,subject_002,39.377815956574175,False
2025-12-01T20:23:41.778,13,842,398,826.5254237288135,373.1101694915254,823,360,840,362,-15,-24,-19,-38,-2,-36,22.52,118,837.0447127559041,355.11599832334485,831.4120473041517,352.57006753635284,847.6644824578519,348.1356260309973,subject_002,29.30812470140933,False
2025-12-01T20:23:48.196,1,1016,706,1007.8487394957984,663.7142857142857,1032,679,1030,684,-8,-42,16,-27,14,-22,22.02,119,1036.1628007197935,680.7171258068944,1034.125709841738,679.8171060981293,1044.325071088118,685.959314452104,subject_002,43.064192555537616,False
2025-12-01T20:23:54.592,26,548,472,549.6166666666667,461.775,538,457,546,458,1,-10,-10,-15,-2,-14,17.22,120,543.8864457450472,452.8149357312337,539.2286479255331,451.2197791932115,553.2715838701107,453.0946313362607,subject_002,10.352016040902932,False
2025-12-01T20:24:00.998,30,612,110,601.546218487395,117.7310924369748,604,100,636,72,-10,7,-8,-10,24,-38,19.4,119,607.5632980820635,70.54236205644295,689.0,132.0,604.828024697098,70.51963478532882,subject_002,13.001974395542067,False
2025-12-01T20:24:07.402,0,431,108,428.126050420168,125.70588235294116,433,102,456,79,-2,17,2,-6,25,-29,22.46,119,430.3014533367376,79.58498593788056,426.0,364.0,419.9283419410201,83.50605394313206,subject_002,17.93761009955367,False
2025-12-01T20:24:13.823,25,607,202,572.8803418803419,219.77777777777777,566,205,591,188,-34,17,-41,3,-16,-14,18.75,117,573.7734270463166,183.54099632666865,573.7583204445009,179.93451783153648,575.3884731194773,180.74551089138447,subject_002,38.47337329788485,False
2025-12-01T20:24:26.648,3,1538,753,1472.4666666666667,722.1583333333333,1525,747,1529,741,-65,-30,-13,-6,-9,-12,21.31,120,1537.1250035715689,735.4502062495051,1535.8538137728533,745.384940393915,1540.5948137918556,745.4567928212489,subject_002,72.42807591366454,False
2025-12-01T20:24:33.061,12,1070,212,1032.1351351351352,240.5045045045045,1062,214,1065,211,-37,28,-8,2,-5,-1,22.56,111,1061.569560931243,207.06736193356716,1067.8671599379793,206.5177459001816,1065.5120725192728,208.36757837821705,subject_002,47.39467025185204,False
2025-12-01T20:24:39.474,20,150,211,114.8728813559322,231.1949152542373,127,199,118,190,-35,20,-23,-12,-32,-21,28.65,118,112.83533384382444,194.76061882287203,163.0,132.0,88.9293006439801,191.69912110563337,subject_002,40.51850276552975,False
2025-12-01T20:24:45.871,11,723,708,693.1512605042017,686.7983193277311,698,694,697,708,-29,-21,-25,-14,-26,0,21.83,119,699.5490435160478,702.6625122905034,701.8571863620103,696.4356647971545,708.8824656097634,697.4303960065437,subject_002,36.612272707616675,False
2025-12-01T20:24:52.275,17,488,597,470.56666666666666,593.8333333333334,460,601,460,602,-17,-3,-28,4,-28,5,19.73,120,463.146405804782,599.3855895271926,461.49722251620506,605.0239149836798,470.4207367034692,607.6119122877798,subject_002,17.718602904543257,False
2025-12-01T20:24:58.688,24,483,525,472.9831932773109,510.546218487395,460,510,464,511,-10,-14,-23,-15,-19,-14,22.48,119,464.4622668549168,506.88351852112766,459.88071942587766,510.2729591124896,472.069660448962,511.6744943756068,subject_002,17.585454697955146,False
2025-12-01T20:25:05.094,9,1123,112,1068.5546218487395,120.82352941176472,1117,84,1117,73,-54,8,-6,-28,-6,-39,21.84,119,1103.4969035031895,73.3902289853613,1215.0,132.0,1103.029646459481,78.31932339631219,subject_002,55.15572384906236,False
2025-12-01T20:25:11.496,18,376,220,368.7,226.3,366,205,380,192,-7,6,-10,-15,4,-28,24.03,120,366.195382912125,190.6951923151453,374.9080366287921,188.38109491098547,357.65969579558646,191.25972491871912,subject_002,9.642613753542154,False
2025-12-01T20:25:24.310,2,151,309,95.58474576271186,331.64406779661016,97,306,85,302,-55,22,-54,-3,-66,-7,25.4,118,89.07414254511266,305.0825169687328,163.0,132.0,67.49926337387004,301.65501037600137,subject_002,59.86321248112866,False
2025-12-01T20:25:30.714,28,316,139,269.8666666666667,163.625,279,134,288,119,-46,24,-37,-5,-28,-20,21.71,120,270.4988145287543,121.17006277325734,163.0,132.0,251.5341256916216,120.96288158048542,subject_002,52.29412079234571,False
2025-12-01T20:25:43.527,21,359,361,315.29411764705884,378.3781512605042,302,365,307,360,-43,17,-57,4,-52,-1,25.97,119,306.24575393327586,358.93954799959505,302.52084476391667,358.881059474417,302.38696903160707,358.3479347706563,subject_002,47.03407587571054,False
2025-12-01T20:25:49.938,15,821,163,786.3898305084746,188.9067796610169,790,171,816,154,-34,25,-31,8,-5,-9,19.17,118,798.7924645238953,149.53737651093937,800.80031593823,145.2585188511541,802.7964685701904,143.8374450204562,subject_002,43.232222527145154,False
2025-12-01T20:26:02.756,29,757,560,722.2100840336135,531.6890756302521,722,527,725,538,-34,-28,-35,-33,-32,-22,21.44,119,726.0584920505426,531.0604435055304,726.33402679146,526.0189819096023,738.0560225748224,523.2627520469291,subject_002,44.85361403073135,False
2025-12-01T20:26:09.151,14,1455,610,1408.9406779661017,587.5508474576271,1452,602,1452,594,-46,-22,-3,-8,-3,-16,70.52,118,1462.8569483125118,587.4507927198081,1465.912357478256,584.0917759733067,1471.3251384504686,587.6528470160927,subject_002,51.23890705404513,False
2025-12-01T20:26:15.563,27,697,206,668.6666666666666,220.1578947368421,663,207,690,189,-28,14,-34,1,-7,-17,16.21,114,673.3963455975236,183.97401577732325,671.0070463978243,179.09423044857812,676.5931570567925,177.6926624422959,subject_002,31.673707726713673,False
2025-12-01T20:35:13.186,7,282,187,279.3235294117647,212.61764705882356,280,184,281,175,-2,25,-2,-3,-1,-12,46.2,102,281.8161971759896,178.2642541269371,282.36271680349665,176.70501375844617,283.22559687930345,179.33567374611562,subject_002,25.75708321297542,False
2025-12-01T20:35:19.590,8,997,210,950.915254237288,236.1779661016949,960,213,967,207,-46,26,-37,3,-30,-3,25.94,118,970.4123980705326,202.55087301946477,970.0332697588416,199.732376177121,962.8123602231828,202.28079152717712,subject_002,53.000846231313055,False
2025-12-01T20:35:26.010,16,1529,680,1469.7563025210084,687.5798319327731,1504,693,1505,692,-59,7,-25,13,-24,12,30.91,119,1512.8654080011202,689.6539695757326,1515.9254044876873,689.8426553588046,1518.0860633535942,688.7654567731438,subject_002,59.72662340289602,False
2025-12-01T20:35:32.418,5,1122,588,1065.5344827586207,575.1034482758621,1082,579,1081,573,-56,-12,-40,-9,-41,-15,28.68,116,1085.2845002414504,572.7645258852087,1086.345081516702,578.0026436611054,1085.4824951331666,571.7719729775811,subject_002,57.919562185067214,False
2025-12-01T20:35:45.230,12,981,145,947.3103448275862,184.2155172413793,959,155,964,150,-33,39,-22,10,-17,5,33.07,116,967.8790449950754,146.1882741238762,970.3628309377392,139.9362488322045,960.51455866257,146.30776354465337,subject_002,51.699609845191944,False
2025-12-01T20:35:51.648,31,163,545,144.8235294117647,543.9159663865546,144,535,147,537,-18,-1,-19,-10,-16,-8,25.1,119,145.63159426150207,533.8743240823263,163.0,596.0,142.04403028812737,534.7565240969116,subject_002,18.208767446482,False
2025-12-01T20:35:58.059,19,1063,713,1010.625,699.525,1018,710,1024,708,-52,-13,-45,-3,-39,-5,34.99,120,1024.1202052105236,710.201778340858,1020.788662606998,711.788421607189,1019.254710138266,709.72082416097,subject_002,54.08064579865888,False
2025-12-01T20:36:04.465,22,850,789,820.9830508474577,787.3050847457627,818,801,829,804,-29,-1,-32,12,-21,15,34.83,118,824.990590810036,807.9690527399988,820.4126177362308,807.1137544735792,817.1021026579735,808.5803406375641,subject_002,29.066408031269944,False
2025-12-01T20:36:10.874,26,1584,578,1514.873949579832,570.7058823529412,1553,564,1555,567,-69,-7,-31,-14,-29,-11,32.88,119,1562.7255207805192,561.8715097500681,1566.8446492507314,556.2751561656897,1570.257507852635,562.2189316484563,subject_002,69.50981944258481,False
2025-12-01T20:36:17.280,21,1389,356,1344.18487394958,348.0924369747899,1379,318,1377,328,-44,-7,-10,-38,-12,-28,31.53,119,1386.9287361973145,318.92654264058024,1396.9150356887876,303.1579732383142,1400.0652301969385,321.59989942942144,subject_002,45.507417811964565,False
2025-12-01T20:36:23.684,18,981,724,950.8655462184872,727.6134453781513,953,738,962,739,-30,3,-28,14,-19,15,32.72,119,960.4864998812232,741.5917630537216,951.8952215003872,741.3951248026775,953.3701215190832,741.5724873955417,subject_002,30.350326064327746,False
2025-12-01T20:36:30.090,2,1363,411,1326.5083333333334,401.0416666666667,1361,377,1358,385,-36,-9,-2,-34,-5,-26,24.48,120,1367.7700001629112,376.5625251645227,1378.13676721588,365.21759050505347,1382.7228638694603,378.82836982923527,subject_002,37.82605106125778,False
2025-12-01T20:36:36.512,4,604,459,608.6974789915967,458.5630252100841,609,450,613,446,4,0,5,-9,9,-13,29.79,119,611.797103078693,447.32125296149513,610.7274923534154,446.18886740341674,609.7355837423097,446.9382121462465,subject_002,4.71775962120941,False
2025-12-01T20:36:42.932,3,974,580,959.7190082644628,575.2148760330579,966,578,972,573,-14,-4,-8,-2,-2,-7,30.51,121,972.4969280241128,574.1516024653541,965.4633693254872,576.796375282835,967.4547252313432,573.4206751060773,subject_002,15.061345767543028,False
2025-12-01T20:36:49.348,1,544,610,526.2033898305085,608.7118644067797,524,608,529,610,-17,-1,-20,-2,-15,0,43.72,118,526.8582739511581,610.6266029505165,525.5100024994554,610.4757719499576,521.4733356682702,611.3262888759455,subject_002,17.84316751116149,False
2025-12-01T20:36:55.774,17,456,949,429.65833333333336,975.3583333333332,435,1002,437,1012,-26,26,-21,53,-19,63,35.59,120,436.2430544401883,1009.9565471876718,440.1688943180987,1015.1971389738052,439.2716636873785,1009.6828529543104,subject_002,37.26452923208453,False
2025-12-01T20:37:02.185,28,1585,833,1482.7142857142858,851.3613445378152,1511,867,1518,868,-102,18,-74,34,-67,35,44.58,119,1523.4052066851527,866.6497496030419,1524.9023059011183,870.7081701741578,1522.566805832052,865.159851893505,subject_002,103.92067320882364,False
2025-12-01T20:37:08.589,24,459,522,414.2118644067797,522.3813559322034,412,519,416,515,-44,0,-47,-3,-43,-7,24.23,118,415.022168878903,515.262257019212,414.6436320454581,520.8463954818611,410.2673708115307,515.3499713514209,subject_002,44.789759122635566,False
2025-12-01T20:37:15.003,30,1784,310,1699.866071428571,353.41964285714283,1749,337,1758,334,-84,43,-35,27,-26,24,32.92,112,1758.057546694896,331.27747698997933,1741.0,132.0,1756.16031870129,331.50288375276625,subject_002,94.67725874096764,False
2025-12-01T20:37:21.415,0,478,142,404.2844827586207,167.82758620689654,410,138,408,128,-73,25,-68,-4,-70,-14,31.43,116,409.75817586331453,131.08053963407053,426.0,364.0,413.8608621410584,131.76693758003609,subject_002,78.10916522047052,False
2025-12-01T20:37:27.824,11,342,862,301.7843137254902,880.1470588235294,307,896,307,908,-40,18,-35,34,-35,46,61.29,102,308.34818367141673,903.394241073126,311.5504799243191,903.5058977757428,314.2071984534812,903.5780979455373,subject_002,44.12048465819964,False
2025-12-01T20:37:34.237,6,949,518,918.1344537815128,529.9411764705883,922,529,929,524,-30,11,-27,11,-20,6,31.8,119,929.4553129320476,524.7382700507243,922.4235440238008,526.8069276833069,923.5330319199284,523.9834569383896,subject_002,33.09491862608673,False
2025-12-01T20:37:40.650,10,1051,767,1020.1512605042016,750.9495798319327,1027,764,1034,764,-30,-16,-24,-3,-17,-3,25.83,119,1033.3383167182371,766.4116968531935,1030.2618279031226,767.3874444370888,1027.5631117506173,766.0871666384274,subject_002,34.77442617860336,False
2025-12-01T20:37:47.065,23,781,600,760.0,599.4705882352941,759,598,766,600,-21,0,-22,-2,-15,0,26.79,119,763.7205193985596,601.5452354107349,759.1566310683086,597.0099396906253,757.9100008084666,602.000610528201,subject_002,21.006672197580677,False
2025-12-01T20:37:53.465,15,1417,463,1369.428571428571,461.3445378151261,1407,442,1402,450,-47,-1,-10,-21,-15,-13,34.95,119,1412.5174222279215,442.2674213515765,1426.5130911074048,429.8678710412213,1429.2884721394164,444.1426310688189,subject_002,47.60022448867346,False
2025-12-01T20:37:59.876,25,523,864,508.00840336134456,835.9159663865546,507,851,513,859,-14,-28,-16,-13,-10,-5,34.59,119,510.5006406776366,859.4436354079766,508.4590695775,860.9297371215703,507.1439420845824,860.0646724199896,subject_002,31.834900875882685,False
2025-12-01T20:38:06.279,29,438,703,412.9583333333333,704.9333333333333,411,709,416,715,-25,1,-27,6,-22,12,28.47,120,414.509493467267,714.1951841467715,413.25744591260167,716.0523846869835,410.2179059488536,715.1734082625248,subject_002,25.11618695626832,False
2025-12-01T20:38:31.906,9,1688,223,1603.420168067227,230.52941176470588,1653,205,1658,203,-84,7,-35,-18,-30,-20,38.52,119,1658.7885132590532,198.75648954965564,1661.83219857443,201.4795036905801,1661.2902310622217,199.37166534475088,subject_002,84.9143098146515,False
2025-12-01T21:08:57.149,1,1450,276,1375.896551724138,285.2586206896552,1407,273,1429,261,-74,9,-43,-3,-21,-15,44.7,116,1434.1999334197792,262.7542543417349,1424.5421660184604,266.0831069395557,1428.5618300809915,268.7739730843956,subject_002,74.67960299471522,False
2025-12-01T21:09:03.560,20,1685,171,1562.2991452991453,214.32478632478632,1600,204,1646,184,-122,43,-85,33,-39,13,76.04,117,1647.8099789320324,188.8496320368477,1663.2498799763862,192.5606079442573,1635.914643894602,192.40589314130565,subject_002,130.12508157311046,False
2025-12-01T21:09:09.966,22,1086,963,1026.2436974789916,967.1764705882352,1048,985,1057,984,-59,4,-38,22,-29,21,24.62,119,1056.0077379813172,986.7910538341296,1059.8425519017967,994.0491058694556,1069.484664628,989.1319057835024,subject_002,59.90207506887106,False
2025-12-01T21:09:16.375,23,1614,748,1556.957627118644,759.6186440677966,1584,744,1590,756,-57,11,-30,-4,-24,8,31.05,118,1604.0896568685591,753.043383661108,1598.9409252402909,745.2603433131294,1616.69254102582,741.6659896275361,subject_002,58.21361691142201,False
2025-12-01T21:09:22.780,19,159,953,84.55172413793103,968.0086206896552,111,967,141,997,-74,15,-48,14,-18,44,24.81,116,134.27104430499884,976.0251228389002,163.0,1060.0,103.52354568331413,966.4334903132244,subject_002,75.94606292521468,False
2025-12-01T21:09:29.183,7,1671,961,1571.6302521008404,942.2268907563024,1597,935,1615,946,-99,-18,-74,-26,-56,-15,51.01,119,1624.8265669888222,943.7562699763672,1622.039878430283,936.7832763085578,1632.3267605175774,934.5523142888226,subject_002,101.12752557151956,False
2025-12-01T21:09:42.012,29,868,724,806.3333333333334,715.4083333333333,819,720,814,721,-61,-8,-49,-4,-54,-3,29.02,120,823.5309066642551,723.0801238569331,822.6035201835061,721.9009855575404,842.1372419957755,719.562944886622,subject_002,62.262304116446614,False
2025-12-01T21:09:54.825,10,749,219,679.4237288135594,235.64406779661016,709,206,706,210,-69,16,-40,-13,-43,-9,28.89,118,708.49461972443,209.02969178521457,713.2610066810811,204.95113625870795,711.9991342413265,202.0852495110484,subject_002,71.53937730388269,False
2025-12-01T21:10:01.229,17,483,205,427.8,237.85,442,216,451,211,-55,32,-41,11,-32,6,35.35,120,451.119279768904,213.6611073132968,452.7033324377758,210.0802443173171,450.6230183198333,213.5454420553453,subject_002,64.23521230602417,False
2025-12-01T21:10:14.045,24,1524,970,1448.3391304347826,946.0695652173912,1471,943,1487,953,-75,-23,-53,-27,-37,-17,34.75,115,1491.4459877819795,951.2910701995296,1489.8087319064696,948.6348988070176,1503.2233801488348,940.3749351694656,subject_002,79.35510627709806,False
2025-12-01T21:10:20.452,15,1490,487,1430.3879310344828,480.13793103448273,1454,470,1464,466,-59,-6,-36,-17,-26,-21,28.85,116,1474.688171927451,465.8397634187759,1456.5325648159164,469.24721962128854,1484.6323638244971,472.3096082080589,subject_002,60.0057227007316,False
2025-12-01T21:10:26.859,11,1487,632,1422.1512605042017,616.6050420168067,1443,605,1447,609,-64,-15,-44,-27,-40,-23,30.85,119,1458.770468406564,607.2107788392224,1447.417842898118,604.166993162452,1477.5695943327,605.1911149511964,subject_002,66.65105959771533,False
2025-12-01T21:10:33.265,31,1396,560,1345.9663865546215,547.8151260504202,1364,539,1369,538,-50,-12,-32,-21,-27,-22,34.44,119,1379.714607891556,536.7767315495306,1368.5246042225826,538.6469602012747,1398.7902496746212,540.6194271949594,subject_002,51.49595739054384,False
2025-12-01T21:10:46.077,28,222,899,177.31623931623932,878.7948717948718,190,882,215,901,-44,-20,-32,-17,-7,2,76.2,117,214.46714725746563,888.3000931080782,219.03778032340068,884.2345666098968,193.2036621274169,883.196969180668,subject_002,49.039633712225694,False
2025-12-01T21:10:52.489,3,113,113,-3.117647058823529,179.3781512605042,27,157,32,144,-116,66,-86,44,-81,31,30.57,119,31.594344629783148,150.07242123970045,163.0,132.0,6.026154989396561,152.23094315124732,subject_002,133.7511380259618,False
2025-12-01T21:10:58.888,0,717,566,664.0166666666667,545.925,679,553,668,542,-52,-20,-38,-13,-49,-24,28.48,120,678.593211382159,544.4326184510745,682.7150242982653,552.6804462642932,686.0024338755145,553.9580161033757,subject_002,56.6589731296916,False
2025-12-01T21:11:05.294,13,345,821,181.2941176470588,826.5798319327731,192,831,212,845,-163,5,-153,10,-133,24,54.92,119,213.93044529081072,834.9573561147114,216.7696656717449,832.6647410521601,197.22603805754716,833.0027726176668,subject_002,163.8009476204366,False
2025-12-01T21:11:18.120,5,1323,724,1259.825,724.4166666666666,1273,721,1277,725,-63,0,-50,-3,-46,1,24.67,120,1285.2215468596632,723.2374077944575,1281.7314235623423,722.6267475681876,1310.0138891269744,720.9030902334571,subject_002,63.17637403421555,False
2025-12-01T21:11:24.540,30,870,339,837.6583333333333,357.9,864,336,854,341,-32,18,-6,-3,-16,2,27.64,120,864.2678788793659,338.51512919065675,868.612615226832,332.91446260591323,872.9871819699475,332.3613376729609,subject_002,37.45922320040525,False
2025-12-01T21:11:30.963,25,729,414,690.775,422.3333333333333,710,414,699,410,-38,8,-19,0,-30,-4,25.24,120,709.6800076270406,410.34645925208395,716.1199731955194,413.22077134450274,722.408137214733,412.68491904883695,subject_002,39.12282031557088,False
2025-12-01T21:11:37.406,4,210,675,53.445378151260506,650.3109243697479,72,651,73,656,-156,-24,-138,-24,-137,-19,90.97,119,83.05670482582559,648.9222212445463,163.0,596.0,65.04670951533498,655.4082301607802,subject_002,158.48943206939106,False
2025-12-01T21:11:43.819,26,1118,843,1074.9747899159663,828.8067226890756,1087,832,1092,838,-43,-14,-31,-11,-26,-5,21.95,119,1097.7777554004558,838.4618951684225,1096.6072097083418,839.3447857680127,1119.419380733677,837.2855277689064,subject_002,45.305825492976446,False
2025-12-01T21:11:50.215,16,1449,695,1384.2735042735044,683.6324786324786,1402,673,1406,680,-64,-11,-47,-22,-43,-15,25.2,117,1416.659604187873,677.5404822832334,1407.7818538339477,671.4830103490697,1438.5733482261608,671.0904721701838,subject_002,65.71711946725229,False
2025-12-01T21:11:56.627,9,552,197,530.974358974359,236.51282051282053,551,211,555,210,-21,39,-1,14,3,13,34.67,117,555.8260703706783,211.46517079530057,556.9355964587648,207.56910195305215,557.2286211737432,207.9307795863118,subject_002,44.75869262408687,False
2025-12-01T21:12:03.029,12,797,319,778.9243697478992,318.0840336134454,807,294,797,298,-18,0,10,-25,0,-21,27.94,119,806.0506294001901,296.47770375329765,810.6896920127421,291.64200182397786,813.2235789178795,290.88687369281655,subject_002,18.09882326097365,False
2025-12-01T21:12:09.433,18,314,350,294.675,377.9333333333333,300,371,306,362,-19,27,-14,21,-8,12,32.46,120,312.32351225855336,364.54694264586976,308.4146169701627,364.69546307074137,313.29741661177434,364.83843215555424,subject_002,33.96655319738974,False
2025-12-01T21:12:15.839,6,320,608,283.71666666666664,613.975,285,621,293,616,-36,5,-35,13,-27,8,35.06,120,299.934635420564,616.6061642907617,290.2691048223404,620.8605537952708,302.6079422004651,620.9415622802708,subject_002,36.77201249289709,False
2025-12-01T21:25:53.600,17,1596,753,1500.1680672268908,733.546218487395,1533,735,1571,739,-95,-19,-63,-18,-25,-14,28.47,119,1575.6025062862625,737.6054694908139,1572.7395946716429,737.8027599402504,1583.7780534577869,737.3167488567128,subject_002,97.78654792030392,False
2025-12-01T21:25:59.998,2,133,898,60.109243697479,903.4201680672268,66,915,74,931,-72,5,-67,17,-59,33,31.71,119,76.80786947625096,929.011244588812,163.0,1060.0,63.47546982047332,929.1765616525254,subject_002,73.09200076773442,False
2025-12-01T21:26:06.402,26,335,182,270.7058823529412,213.11764705882356,310,181,313,180,-64,31,-25,-1,-22,-2,23.78,119,307.5380973630588,181.5626294488129,316.91494091979115,179.67550972260037,282.85255450302657,182.3099784527034,subject_002,71.42857637172496,False
2025-12-01T21:26:12.808,3,745,893,698.7583333333333,840.975,719,867,721,869,-46,-52,-26,-26,-24,-24,65.24,120,726.8343498873938,871.6184889979068,725.1068152010587,877.1683488637476,737.8708842917757,870.7516708932351,subject_002,69.60526101604037,False
2025-12-01T21:26:19.227,18,1247,944,1195.925,913.8666666666668,1223,927,1253,940,-51,-30,-24,-17,6,-4,28.68,120,1255.1961850732484,939.2047527346912,1266.1672330155243,936.9575061484628,1263.4880746708982,939.6220040303692,subject_002,59.3015463776264,False
2025-12-01T21:26:25.622,22,1679,686,1600.18487394958,681.218487394958,1654,683,1679,680,-78,-4,-25,-3,0,-6,30.76,119,1687.4504586190462,679.29697127157,1697.0509779889649,684.0661300428237,1690.176980145974,678.8087021729987,subject_002,78.96003392309164,False
2025-12-01T21:26:32.039,1,236,175,174.65833333333333,208.1833333333333,220,175,219,173,-61,33,-16,0,-17,-2,26.89,120,211.49223565503416,176.00577873759772,223.02765857190363,174.17163346205552,188.3815792698857,177.4194330092903,subject_002,69.74190763490452,False
2025-12-01T21:26:38.450,0,814,682,779.025,672.2583333333333,807,692,800,687,-34,-9,-7,10,-14,5,30.36,120,808.9565947577742,688.3066985818388,811.489612070224,695.4167034028811,821.9140668106311,687.3998102696545,subject_002,36.30634509895545,False
2025-12-01T21:26:44.857,9,322,409,285.5084745762712,431.70338983050846,296,421,306,421,-36,22,-26,12,-16,12,23.65,118,308.50067138920554,420.0518572746785,300.1489895016451,419.67789126622057,299.4572256509311,419.3739934510111,subject_002,42.9776143770996,False
2025-12-01T21:26:51.262,16,996,670,938.1551724137933,663.4310344827586,960,679,966,676,-57,-6,-36,9,-30,6,26.19,116,971.9357266024718,677.6072203718475,969.8268575145876,679.5656102133994,989.8854004679702,676.8803871792107,subject_002,58.21662465691988,False
2025-12-01T21:27:04.082,30,678,663,662.525,635.325,695,652,679,647,-15,-27,17,-11,1,-16,31.71,120,690.0766124725234,647.1635995556372,697.9052815249498,653.7926526220601,699.5791312765334,646.4371403004423,subject_002,31.707747475971836,False
2025-12-01T21:27:10.484,20,201,471,199.83193277310923,476.9747899159664,205,471,218,470,-1,5,4,0,17,-1,25.55,119,219.53113416930248,468.8882112795828,211.03872457793344,469.69502395940646,209.0647708719645,468.27848571654465,subject_002,6.087897468459072,False
2025-12-01T21:27:16.887,25,894,901,892.1538461538462,860.3247863247864,910,888,925,888,-1,-40,16,-13,31,-13,30.86,117,929.0123948197612,891.835768351498,922.4524639373208,899.1027274085134,938.6799029902674,890.5769253499998,subject_002,40.7170884463508,False
2025-12-01T21:27:23.306,27,1798,907,1678.310924369748,897.9495798319327,1741,902,1781,907,-119,-9,-57,-5,-17,0,44.68,119,1782.9045980382807,904.8976046089105,1741.0,1060.0,1772.9704069384247,906.5477703858876,subject_002,120.030766599413,False
2025-12-01T21:27:36.132,23,258,294,223.2436974789916,344.9747899159664,244,326,251,325,-34,50,-14,32,-7,31,35.56,119,250.9668898867222,325.0611624408848,251.488625143326,324.45105804765706,233.2981193575434,324.8858120930171,subject_002,61.69627032413521,False
2025-12-01T21:27:42.531,29,1710,924,1630.0840336134454,925.2268907563024,1686,930,1730,938,-79,1,-24,6,20,14,30.26,119,1730.2307372495063,934.940147460394,1738.8471429610831,933.1006653401338,1722.2424692869808,936.4885017389008,subject_002,79.92538360511524,False
2025-12-01T21:27:48.932,28,1028,424,987.8403361344538,440.83193277310926,1020,427,1022,434,-40,16,-8,3,-6,10,33.71,119,1026.98949113301,431.7691662308819,1029.0431884796944,422.7486201698528,1041.4288724701612,432.8554944748748,subject_002,43.54437463866176,False
2025-12-01T21:27:55.337,19,1670,794,1604.1344537815123,776.90756302521,1656,780,1688,782,-65,-17,-14,-14,18,-12,35.56,119,1694.6693867488302,780.1053083547308,1703.714464368014,781.7665401802146,1694.0616309940135,780.4072436964738,subject_002,68.04720112096385,False
2025-12-01T21:28:01.733,15,1095,515,1081.3760683760684,533.5555555555555,1103,532,1117,534,-13,18,8,17,22,19,24.68,117,1119.4518545058888,533.241110298436,1112.8805438618845,530.5050781801192,1140.457139912636,533.1514029919541,subject_002,23.019994675691667,False
2025-12-01T21:28:08.153,8,1084,750,1047.675,721.775,1065,739,1083,738,-36,-28,-19,-11,-1,-12,26.78,120,1086.213058090329,739.2274157966832,1075.855393778235,745.7574623962118,1105.9113929290108,738.3971749405914,subject_002,46.00169833821361,False
2025-12-01T21:28:14.569,14,858,774,819.4117647058823,754.8067226890756,842,780,844,776,-38,-19,-16,6,-14,2,29.3,119,850.4773707900229,778.5614047826404,847.8312241785292,786.1294703834335,864.5963416836098,777.285379213255,subject_002,43.09795583375427,False
2025-12-01T21:28:27.371,24,810,583,776.453781512605,579.218487394958,809,589,798,586,-33,-3,-1,6,-12,3,23.48,119,807.8469101061611,585.6693866709459,814.0274822283517,587.4328294958347,818.7933968431663,585.416754825673,subject_002,33.75868202975544,False
2025-12-01T21:28:33.783,21,186,212,152.25,248.78571428571428,191,220,192,217,-33,36,5,8,6,5,25.76,112,186.31273467110228,220.08428314112828,195.64344276385089,218.84182693729448,161.1500384901249,221.19605367150697,subject_002,49.92245261913925,False
2025-12-01T21:28:40.197,31,1257,424,1220.1367521367522,429.1794871794872,1246,419,1267,419,-36,5,-11,-5,10,-5,25.98,117,1266.5035529009867,417.5890157146276,1257.9263581482642,421.5444369624358,1286.82797099587,416.90967605684176,subject_002,37.22534258364476,False
2025-12-01T21:28:46.603,6,1510,625,1454.3865546218487,622.9411764705883,1483,623,1517,622,-55,-2,-27,-2,7,-3,25.85,119,1520.7649964439972,621.5782042112459,1509.9702446497386,619.2926122592371,1535.172711909245,620.4874644211674,subject_002,55.65154140860676,False
2025-12-01T21:28:53.013,5,1325,697,1292.672268907563,679.781512605042,1308,685,1343,688,-32,-17,-17,-12,18,-9,30.4,119,1343.7669149133164,687.0242705593234,1329.3674792825975,686.030101890565,1364.4973194294985,686.3967170275769,subject_002,36.627291815738246,False
2025-12-01T21:28:59.424,7,438,868,387.6470588235294,862.344537815126,405,876,403,891,-50,-5,-33,8,-35,23,28.85,119,407.7397193274618,889.1642771168865,411.11073556719646,883.9027018508059,409.8172492217637,890.2048337374554,subject_002,50.66954645194339,False
2025-12-01T21:29:12.249,11,856,343,814.1864406779661,339.8135593220339,853,316,848,325,-41,-3,-3,-27,-8,-18,21.95,118,855.0381629503911,320.7138484183333,861.2149752235483,312.1076302243221,857.5404119482421,322.45123724856563,subject_002,41.9347963792773,False
2025-12-01T21:47:38.172,29,1004,416,984.4957264957264,424.2051282051282,983,420,989,426,-19,8,-21,4,-15,10,31.56,117,995.8653796335046,420.75835427055586,985.1029237625366,417.74031561012833,992.9339673295387,416.682122435697,subject_002,21.159886904047887,False
2025-12-01T21:47:44.582,1,1123,768,1078.2068965517242,768.2413793103449,1090,790,1095,796,-44,0,-33,22,-28,28,32.46,116,1097.2433797291123,799.6543951071303,1095.365483062738,803.9781764179418,1091.5106991733717,766.0820664771056,subject_002,44.79375381121124,False
2025-12-01T21:47:50.982,24,1320,139,1273.5811965811963,193.1196581196581,1303,176,1288,169,-46,54,-17,37,-32,30,27.55,117,1311.1360689381029,160.76302456145754,1318.713760180755,155.4915312250853,1314.884649132649,181.43371456845247,subject_002,71.29966834300296,False
2025-12-01T21:47:57.392,23,1408,143,1334.179487179487,214.89743589743588,1366,200,1356,189,-73,71,-42,57,-52,46,26.59,117,1374.5242843576927,182.59667987276595,1380.492908125441,176.21103876365095,1377.637690636696,203.4640254280179,subject_002,103.04712223885448,False
2025-12-01T21:48:03.794,12,1131,113,1097.4272727272728,165.21818181818182,1119,144,1098,147,-33,52,-12,31,-33,34,34.85,110,1126.5878121512644,134.33595977956344,1139.3403191360194,132.0,1130.9775283319711,153.36546855155885,subject_002,62.07951778908737,False
2025-12-01T21:48:10.202,31,1357,365,1335.008771929825,378.4035087719298,1370,378,1361,366,-21,13,13,13,4,1,30.77,114,1371.7528527633187,364.89776968980146,1375.757950625465,374.0092237217221,1373.5680407374637,369.58879191113704,subject_002,25.753993077456105,False
2025-12-01T21:48:16.604,9,1150,521,1121.017094017094,515.7179487179487,1138,520,1132,523,-28,-5,-12,-1,-18,2,39.06,117,1139.72799258312,521.5016548084091,1141.959208235774,518.2532018925199,1137.1164218872227,509.444086906593,subject_002,29.460293701186828,False
2025-12-01T21:48:29.432,6,832,966,800.9401709401709,955.8376068376068,806,979,824,992,-31,-10,-26,13,-8,26,45.16,117,821.4942334235005,990.0275710583452,820.7512133193445,994.0814024352906,807.8999573274343,957.1255545633684,subject_002,32.68007368432421,False
2025-12-01T21:48:35.842,16,1555,928,1496.7413793103449,948.5258620689656,1557,955,1563,980,-58,20,2,27,8,52,40.68,116,1570.078686097247,971.0848790038592,1581.7103392599192,957.6952916436768,1575.35490751555,948.5893849832212,subject_002,61.76874531941952,False
2025-12-01T21:48:42.244,21,851,547,806.9375,542.7142857142857,801,550,816,551,-44,-4,-50,3,-35,4,25.85,112,811.3221503386712,548.298219437803,802.9271350806248,550.2884223735302,802.5670981093433,537.3728217758512,subject_002,44.27043317146079,False
2025-12-01T21:48:48.656,18,597,736,589.2870370370371,713.9814814814815,585,719,617,724,-7,-22,-12,-17,20,-12,31.08,108,604.2026562737511,720.761721868655,595.5171843842004,719.3068277131606,596.3993731764556,711.7307522856386,subject_002,23.330344091298333,False
2025-12-01T21:48:55.074,3,999,216,970.8103448275862,233.0948275862069,981,214,970,222,-28,17,-18,-2,-29,6,29.28,116,990.435031964508,210.20299813554445,995.3880645641736,205.8208276593146,992.2566797041236,222.5312579396725,subject_002,32.96801160127402,False
2025-12-01T21:49:01.485,15,289,305,252.76106194690263,330.3893805309734,288,314,305,302,-36,25,-1,9,16,-3,41.32,113,298.7275398572835,303.97263844450754,294.86913632159946,308.87301711771084,299.38696884088336,322.52752022508304,subject_002,44.24795221208323,False
2025-12-01T21:49:14.296,17,1182,431,1165.08547008547,429.4017094017094,1186,429,1176,429,-16,-1,4,-2,-6,-2,25.51,117,1188.1876050030075,425.5843733801915,1197.196289898213,423.07346431022984,1187.8797375875731,421.6745922902776,subject_002,16.989875075059118,False
2025-12-01T21:49:20.701,5,775,475,759.3565217391305,476.81739130434784,753,481,769,480,-15,1,-22,6,-6,5,23.96,115,765.0929935758072,475.4354151834579,758.2613425445477,477.8212951106546,757.3860010375274,470.4957166516777,subject_002,15.748692747381185,False
2025-12-01T21:49:27.105,26,941,881,902.9130434782608,871.3913043478261,906,894,921,905,-38,-9,-35,13,-20,24,41.88,115,918.1250733791112,906.5341704745612,915.3028844058512,906.2876647190014,906.5827558624848,871.1638143522475,subject_002,39.28031681675901,False
2025-12-01T21:49:39.920,13,540,151,476.76106194690266,283.6725663716814,482,275,501,266,-63,132,-58,124,-39,115,68.44,113,501.9395822340073,261.1138513167384,501.4630821584995,260.99876204960435,498.1090783291203,274.70565620464197,subject_002,146.97337566284477,False
2025-12-01T21:49:46.340,22,694,455,657.5555555555555,494.4188034188034,653,500,673,495,-36,39,-41,45,-21,40,35.73,117,666.0671578798091,491.3765416533334,659.909280927062,497.35074563142945,658.2750948932767,488.541173681101,subject_002,53.68463089036252,False
2025-12-01T21:49:52.746,0,997,881,980.6754385964912,878.219298245614,986,908,999,914,-16,-2,-11,27,2,33,35.68,114,999.0095748107948,916.9662309116663,993.6162444838336,924.9505171099206,989.6107909325332,877.9774726672586,subject_002,16.559698284201172,False
2025-12-01T21:49:59.153,14,260,744,181.2436974789916,758.2268907563025,258,730,258,742,-78,14,-2,-14,-2,-2,45.96,119,252.3976113837058,739.0475631060062,263.5946550740654,729.3870208178154,262.3906157306949,757.3344867277148,subject_002,80.03099154310385,False
2025-12-01T21:50:05.571,27,1009,288,966.716814159292,320.1592920353982,968,307,968,315,-42,32,-41,19,-41,27,34.99,113,981.4137541337858,306.0118390512471,973.6999585128664,302.9031672761404,981.0031159810792,310.99735332660725,subject_002,53.12332697655408,False
2025-12-01T21:50:11.990,8,757,334,734.0884955752213,339.0973451327434,734,331,741,333,-22,5,-23,-3,-16,-1,40.69,113,745.3365375075346,325.0024793945668,745.8643052149592,322.7202750010918,740.289223485929,330.60906143725373,subject_002,23.471684268687635,False
2025-12-01T21:50:18.401,25,1647,402,1528.9557522123894,396.353982300885,1566,396,1587,369,-118,-5,-81,-6,-60,-33,80.39,113,1579.8361745778416,375.3142262581973,1578.3805633048244,387.04441380731294,1580.2990833993615,387.5182658328594,subject_002,118.17919424163264,False
2025-12-01T21:50:24.813,19,1631,955,1533.596330275229,973.8899082568807,1601,980,1608,1005,-97,18,-30,25,-23,50,68.84,109,1612.8543492723115,994.649606167702,1627.1016240586846,980.983590396102,1618.029988175306,974.3012143549576,subject_002,99.21846355293768,False
2025-12-01T21:50:31.225,28,1365,631,1335.4736842105262,649.1140350877193,1373,653,1369,660,-29,18,8,22,4,29,38.1,114,1374.951905645008,662.424818533532,1383.3385811468931,650.5891281860754,1376.385404640121,644.6364305807526,subject_002,34.63988440019474,False
2025-12-01T21:50:37.645,2,1793,312,1693.4070796460178,374.5840707964602,1725,367,1791,324,-99,62,-68,55,-2,12,56.51,113,1756.6488343971655,340.57064986662095,1741.0,132.0,1751.2814662786848,365.13781506473504,subject_002,117.6244689768714,False
2025-12-01T21:50:44.072,11,1489,417,1405.1379310344828,477.3965517241379,1444,481,1443,469,-83,60,-45,64,-46,52,56.4,116,1447.2049964532305,471.8562341652188,1451.589348479257,476.76081432229415,1448.9737215683924,470.0564946383283,subject_002,103.34694030954005,False
2025-12-01T21:50:56.871,20,1057,319,1011.7627118644068,337.2118644067797,1015,327,1014,333,-45,18,-42,8,-43,14,27.86,118,1027.707091670708,324.7723315131053,1019.0134158655604,322.16689394513924,1027.5483900707536,328.2514915875223,subject_002,48.765605123217824,False
2025-12-02T14:57:54.761,0,306,100,219.4324324324324,108.53153153153151,252,92,264,93,-86,8,-54,-8,-42,-7,27.29,111,255.01873121710776,103.76624030139487,163.0,132.0,237.929145475324,94.36526367807365,subject_002,86.98695755593995,False
2025-12-02T14:58:07.585,27,1730,680,1627.6016949152545,631.6016949152543,1663,653,1686,638,-102,-48,-67,-27,-44,-42,42.59,118,1706.968710596136,651.8324454273853,1714.1257341147311,672.3831472450978,1712.4865031984705,680.8336428943518,subject_002,113.25991709031376,False
2025-12-02T14:58:13.981,20,1518,540,1435.4915254237287,513.3474576271186,1481,541,1501,538,-82,-26,-37,1,-17,-2,22.72,118,1508.137989768598,545.7161773886797,1511.6928167486292,539.0640581892408,1511.451322982238,561.3724441964176,subject_002,86.70643800688299,False
2025-12-02T14:58:20.387,22,721,607,672.4678899082569,554.4678899082569,683,576,704,610,-48,-52,-38,-31,-17,3,22.62,109,709.1252245007612,599.1461032640327,689.969787965196,592.1149044874365,711.5412878393289,591.4763809375379,subject_002,71.51914639205428,False
2025-12-02T14:58:26.806,16,1710,831,1581.449152542373,770.042372881356,1610,781,1640,781,-128,-60,-100,-50,-70,-50,32.44,118,1655.8244064504188,789.3622504523771,1658.6062983735555,791.8081262661437,1663.7200974846362,795.4317260578912,subject_002,142.27140501875186,False
2025-12-02T14:58:33.219,2,532,772,449.2796610169492,728.1186440677966,471,755,452,784,-82,-43,-61,-17,-80,12,24.69,118,463.593937378669,776.5306522037132,483.3686857944748,773.172578804392,477.1085994615621,774.625337068345,subject_002,93.6388160963153,False
2025-12-02T14:58:39.622,14,1081,520,970.859649122807,465.2894736842105,1003,493,1028,516,-110,-54,-78,-27,-53,-4,27.26,114,1028.8048376693073,510.4747278907575,1023.5674287643756,506.6407517818123,1024.563808808037,508.44210526358466,subject_002,122.98023654677966,False
2025-12-02T14:58:46.027,18,1227,687,1151.504347826087,611.4782608695652,1175,658,1209,660,-75,-75,-52,-29,-18,-27,27.84,115,1204.628478872749,660.0761030492945,1195.3382674632917,677.6654605973968,1213.502347478678,676.6149168879647,subject_002,106.7854230616234,False
2025-12-02T14:58:52.436,15,1472,408,1362.361111111111,364.6666666666667,1432,386,1439,390,-109,-43,-40,-22,-33,-18,21.43,108,1442.696835293882,393.3235376478299,1450.601671192743,391.5391177070952,1435.215271956678,395.7119378381719,subject_002,117.89174582882342,False
2025-12-02T14:58:58.843,9,1683,919,1563.625,875.1339285714286,1594,879,1625,886,-119,-43,-89,-40,-58,-33,33.29,112,1637.413600808081,890.335512423208,1638.4484028192212,881.8370251181179,1644.7411312807883,876.7035718750745,subject_002,127.17949067194968,False
2025-12-02T14:59:05.246,28,1000,281,898.1747572815534,249.45631067961165,962,269,975,288,-101,-31,-38,-12,-25,7,21.68,103,977.241178784905,282.17774905539295,981.5212633084814,276.87727119858556,948.9837987179816,275.4024939469556,subject_002,106.5991763130079,False
2025-12-02T14:59:11.659,13,232,589,207.57522123893804,534.9734513274336,183,547,183,559,-24,-54,-49,-42,-49,-30,22.14,113,206.1370802800563,561.3929583778793,163.0,554.5079090595143,224.3000009839527,558.5593050420757,subject_002,59.29112732100822,False
2025-12-02T14:59:18.060,29,1605,711,1496.409090909091,705.5363636363636,1522,724,1556,726,-108,-5,-83,13,-49,15,38.04,110,1564.9737172834489,733.7444423481141,1552.933423050728,736.0901803703405,1574.7634948097443,744.2047286273757,subject_002,108.7282707464076,False
2025-12-02T14:59:24.467,23,1644,134,1536.7304347826089,139.10434782608695,1599,131,1645,136,-107,5,-45,-3,1,2,32.75,115,1630.318746480104,133.82524677479955,1741.0,132.0,1618.6225805714153,111.52792643688986,subject_002,107.39093997473812,False
2025-12-02T14:59:30.873,11,1542,199,1442.7881355932204,189.8728813559322,1517,193,1543,199,-99,-9,-25,-6,1,0,25.62,118,1534.94413511732,197.27995054902183,1535.2393158880484,185.53445561222844,1520.010212625314,179.9411820876631,subject_002,99.63081016338322,False
2025-12-02T14:59:37.277,25,1274,478,1228.9327731092435,415.9411764705882,1283,454,1299,453,-45,-62,9,-24,25,-25,21.56,119,1301.178368865552,455.30680681112705,1298.5779275908396,466.5464201757616,1295.2125812452366,469.790911775153,subject_002,76.69649612255833,False
2025-12-02T14:59:43.686,12,1794,734,1688.25,752.4333333333333,1723,763,1744,750,-105,18,-71,29,-50,16,32.59,120,1770.9532213011398,764.394897201089,1741.0,596.0,1775.717324897494,785.2263400475933,subject_002,107.34454004642144,False
2025-12-02T14:59:50.092,4,1389,119,1302.3620689655172,98.15517241379312,1392,108,1418,110,-86,-20,3,-11,29,-9,36.53,116,1402.13722000446,107.77970926390444,1215.0,132.0,1373.075121879003,107.6273963999105,subject_002,89.11025715951271,False
2025-12-02T14:59:56.500,26,1280,563,1216.9830508474577,519.9322033898305,1252,567,1280,562,-63,-43,-28,4,0,-1,39.78,118,1279.411899831562,564.5248083456192,1266.2429340107922,581.1147143153422,1282.394236406309,584.3586128852322,subject_002,76.32804848382429,False
2025-12-02T15:00:02.917,21,1021,674,935.0666666666668,603.7083333333334,952,632,983,661,-85,-70,-69,-42,-38,-13,23.75,120,979.7469060450252,653.8048951030191,978.2819498260568,646.0902672512881,986.6562587916632,649.3413771039559,subject_002,111.02007107075514,False
2025-12-02T15:00:09.327,1,1807,356,1698.6470588235295,334.1764705882353,1742,335,1776,325,-108,-21,-65,-21,-31,-31,31.5,119,1787.4145232062665,334.1841358606739,1741.0,132.0,1787.792908563227,337.289612609967,subject_002,110.5288482595283,False
2025-12-02T15:00:15.733,6,1437,212,1338.906779661017,192.61016949152545,1423,205,1438,210,-98,-19,-14,-7,1,-2,32.11,118,1432.0310049932268,208.3176047003215,1441.530220580822,202.47700567864905,1411.1150362453322,201.71358345868305,subject_002,99.99122663323834,False
2025-12-02T15:00:22.139,31,137,577,82.57142857142857,531.6050420168067,38,532,38,539,-54,-45,-99,-45,-99,-38,48.23,119,69.73271737853169,550.9957625553084,163.0,596.0,93.2816718900945,548.2497530347802,subject_002,70.87433666744958,False
2025-12-02T15:00:28.548,8,137,864,95.50877192982456,807.4298245614035,61,828,44,837,-41,-56,-76,-36,-93,-27,35.79,114,75.49056941356172,846.2041145961773,163.0,1060.0,106.06596844875033,847.9904079278143,subject_002,70.15487692188547,False
2025-12-02T15:00:34.953,19,350,538,293.1090909090909,500.4181818181818,293,516,284,531,-56,-37,-57,-22,-66,-7,27.01,110,303.87402038568734,529.2167910527749,280.7032628437944,528.9010280074854,314.0530875374131,530.8832146264051,subject_002,68.1833454374404,False
2025-12-02T15:00:41.358,10,697,286,611.7826086956521,242.75652173913045,664,265,670,275,-85,-43,-33,-21,-27,-11,24.98,115,676.1467300049794,270.2069922158847,677.5773596487709,274.88214502645417,648.8090757648555,277.3416920230537,subject_002,95.56150999652864,False
2025-12-02T15:00:54.176,17,1136,725,1105.764705882353,671.2773109243698,1127,713,1161,723,-30,-53,-9,-12,25,-2,25.59,119,1153.8102212267474,721.4473665463288,1147.6812235601287,732.7640930712437,1165.3901333155964,731.9589477843546,subject_002,61.646575994920134,False
2025-12-02T15:01:00.580,7,287,934,255.9833333333333,874.5666666666667,260,907,235,923,-31,-59,-27,-27,-52,-11,30.02,120,249.97110246742136,924.2136181165585,252.99419641536025,926.33688235369,274.0849052485066,925.4782504332592,subject_002,67.03994870390504,False
2025-12-02T15:07:21.466,4,1351,696,1355.864406779661,671.8474576271186,1372,695,1374,684,4,-24,21,-1,23,-12,23.83,118,1372.2910005689494,686.2205619372877,1373.35608483706,695.108557732132,1373.4180584109208,677.8639147597286,subject_002,24.637527400123645,False
2025-12-02T15:07:34.283,6,454,681,480.4237288135593,681.0593220338983,480,686,469,703,26,0,26,5,15,22,25.66,118,473.18060215163024,699.2342171083212,478.841886388935,691.0788352704782,479.5296199033291,695.9663144903255,subject_002,26.423795403314607,False
2025-12-02T15:07:40.690,28,1631,299,1621.8050847457628,327.10169491525426,1638,311,1647,299,-9,28,7,12,16,0,30.0,118,1651.5070184526958,298.00872630591647,1652.728911465926,292.5560393939004,1649.878884749025,316.0819960081985,subject_002,29.567748031303154,False
2025-12-02T15:07:47.097,1,430,927,402.3037974683545,909.9113924050632,398,920,381,944,-27,-17,-32,-7,-49,17,116.77,79,387.47139920826146,942.7432378020922,387.9696031313842,938.1139385016872,391.4861105188969,935.1712139463756,subject_002,32.54381883257798,False
2025-12-02T15:07:59.918,26,471,168,480.3865546218488,171.94117647058823,490,160,481,160,9,3,19,-8,10,-8,20.7,119,484.0428663826944,157.67417247992267,482.8605309177794,157.89142883579223,492.4169634255832,165.5048655983761,subject_002,10.18038700842308,False
2025-12-02T15:08:06.320,29,1744,546,1697.1949152542372,560.0762711864406,1731,548,1738,549,-46,14,-13,2,-6,3,33.88,118,1735.922077919581,547.97443617308,1741.0,596.0,1741.9037624816335,557.351903410316,subject_002,48.87593854415743,False
2025-12-02T15:08:12.725,31,471,311,476.6974789915967,299.93277310924367,492,294,476,297,5,-11,21,-17,5,-14,25.85,119,479.5260415194407,294.11848924531705,492.6793825006524,292.64073354385204,496.4804892535316,298.8980338107724,subject_002,12.447681627964538,False
2025-12-02T15:08:19.129,9,851,552,868.5714285714286,524.6134453781513,858,526,866,535,17,-27,7,-26,15,-17,30.75,119,862.5247662531311,530.9224368954505,855.5166911786552,525.9549578566313,849.552039443573,529.191179268346,subject_002,32.538876380359554,False
2025-12-02T15:08:25.542,14,1532,247,1540.109243697479,253.52100840336132,1547,239,1557,222,8,6,15,-8,25,-25,25.09,119,1562.7525159373245,222.99897315829205,1561.5906978719129,219.57779226042533,1556.2666520103478,240.21022326929096,subject_002,10.405930229528414,False
2025-12-02T15:08:31.947,12,1092,395,1090.3361344537816,365.3445378151261,1088,359,1093,360,-1,-29,-4,-36,1,-35,25.7,119,1088.2809614742157,359.6547316112764,1087.931537348493,356.8384734637331,1088.4171564746437,361.0909684172752,subject_002,29.702102382733425,False
2025-12-02T15:08:38.355,13,1781,879,1726.438596491228,880.3859649122807,1757,887,1780,895,-54,1,-24,8,-1,16,35.42,114,1771.165315300673,892.7488545612782,1741.0,1060.0,1774.1064605754084,891.545050743371,subject_002,54.57900376138341,False
2025-12-02T15:08:51.175,27,211,599,193.6864406779661,592.5254237288135,186,604,189,606,-17,-6,-25,5,-22,7,30.19,118,182.6682118605407,607.5096280888861,178.8598548204089,612.6701893137136,178.81360195583773,610.3475747465783,subject_002,18.484573954760183,False
2025-12-02T15:08:57.579,24,1206,820,1203.90756302521,818.5714285714286,1214,836,1213,845,-2,-1,8,16,7,25,22.17,119,1215.1208751286792,842.8590775740618,1216.6034982104202,845.5443335523996,1216.6494495909924,832.2151310562325,subject_002,2.5335960254150276,False
2025-12-02T15:09:03.982,15,1090,841,1089.6440677966102,806.3728813559322,1096,817,1092,834,0,-34,6,-24,2,-7,20.61,118,1095.5765055324443,829.6532951805345,1096.7475533016743,823.959943900353,1097.8240206894243,820.6151834430966,subject_002,34.62894790957061,False
2025-12-02T15:09:10.397,23,147,937,102.46666666666668,908.8166666666668,72,931,81,937,-44,-28,-75,-6,-66,0,25.6,120,73.84816149555455,942.545778182331,163.0,1060.0,56.08705234488461,936.9434994286748,subject_002,52.702163670532016,False
2025-12-02T15:09:16.810,22,279,768,269.017094017094,738.0940170940171,261,747,256,761,-9,-29,-18,-21,-23,-7,19.13,117,253.94861019083945,760.648983204568,252.3011439886739,759.2292005933978,251.64691353042144,757.4457450436533,subject_002,31.52818144829293,False
2025-12-02T15:09:23.230,16,1718,261,1674.7627118644068,265.40677966101697,1696,238,1700,229,-43,4,-22,-23,-18,-32,57.57,118,1708.7720434504904,226.61969323855928,1715.2243918980143,211.3766751006613,1713.547484917612,251.11778692737127,subject_002,43.461279229919825,False
2025-12-02T15:09:29.627,10,1387,895,1394.7372881355932,871.4491525423729,1409,896,1417,898,7,-23,22,1,30,3,31.78,118,1417.2483776210618,896.8698910285049,1415.3260033782385,902.3260943594046,1413.7085633561449,885.4563276800776,subject_002,24.789272753867017,False
2025-12-02T15:09:36.033,17,622,851,627.4117647058823,817.4957983193277,625,830,613,848,5,-33,3,-21,-9,-3,26.62,119,621.5244383079714,844.9590227649919,622.6978312173486,851.5477773429662,626.5761139590177,836.6946965028809,subject_002,33.93845499563875,False
2025-12-02T15:09:42.453,11,160,841,167.15254237288136,812.2372881355932,147,828,151,837,7,-28,-13,-13,-9,-4,28.27,118,144.70856878116152,839.9825850695537,163.0,1060.0,131.57030359313032,835.6868596969521,subject_002,29.638698625121037,False
2025-12-02T15:09:48.875,25,698,722,692.9827586206897,702.8620689655172,684,715,684,727,-5,-19,-14,-7,-14,5,38.39,116,686.93493013146,722.3725904150807,679.1074839557241,733.3765480930941,677.8544394033404,716.618218472901,subject_002,19.784668694190547,False
2025-12-02T15:09:55.272,19,1076,299,1076.5546218487395,282.66386554621846,1071,270,1078,271,0,-16,-5,-29,2,-28,19.58,119,1073.781572118908,270.7018998261135,1069.6071617488708,265.29855678596743,1071.6321077625482,275.0779684903069,subject_002,16.34554661940455,False
2025-12-02T15:10:01.683,20,1662,860,1625.4789915966387,846.3781512605042,1651,861,1668,863,-36,-13,-11,1,6,3,48.28,119,1662.9134713913047,861.6267061274299,1664.6809874942076,862.3354482213816,1664.7762146454538,857.0922920994863,subject_002,38.97869697514387,False
2025-12-02T15:10:08.098,30,831,755,819.2605042016806,718.7899159663865,811,728,813,743,-11,-36,-20,-27,-18,-12,29.58,119,815.0473935063322,738.1370616405015,808.8946031360556,735.8966635391748,805.015108546585,731.9870977779093,subject_002,38.0655480365134,False
2025-12-02T15:10:14.493,3,620,224,584.3983050847457,206.22033898305085,588,196,583,196,-35,-17,-32,-28,-37,-28,19.68,118,585.2426238665736,193.4836730974332,587.4822601317481,193.91071375944043,588.3115243712982,200.2106991039771,subject_002,39.794434619887014,False
2025-12-02T15:10:27.352,2,786,559,775.5,527.9310344827586,763,534,771,540,-10,-31,-23,-25,-15,-19,21.75,116,768.7667602822071,535.3480185958357,755.5405383148232,539.315805655615,751.4122678903294,533.5601105095515,subject_002,32.79528347661497,False
2025-12-02T15:10:33.761,7,1567,860,1522.2719298245613,822.0701754385965,1543,844,1555,840,-44,-37,-24,-16,-12,-20,22.11,114,1552.2063037994174,840.5938695868517,1551.4854578777488,847.0352783220081,1551.1031831715068,832.8191240055959,subject_002,58.64530546324929,False
2025-12-02T15:10:40.171,5,1154,603,1146.403361344538,581.9747899159664,1156,597,1153,592,-7,-21,2,-6,-1,-11,18.26,119,1150.1687964333491,592.2098773956832,1156.0352658356703,595.871132678568,1158.12603702292,586.7013620730926,subject_002,22.355499948321555,False
2025-12-02T15:19:51.990,20,406,482,364.31666666666666,457.78333333333336,393,458,394,455,-41,-24,-13,-24,-12,-27,29.7,120,394.17049544398674,455.12612278976104,402.7758454918476,457.0213457361415,406.46089484050646,453.1702944265033,subject_002,48.20733577187419,False
2025-12-02T15:19:58.398,8,1796,153,1687.533898305085,173.38983050847455,1728,155,1779,135,-108,20,-68,2,-17,-18,28.42,118,1764.068892277547,140.53953285206853,1741.0,132.0,1757.417750011017,144.77676344717207,subject_002,110.36593860904723,False
2025-12-02T15:20:04.795,17,1345,147,1266.596638655462,160.7563025210084,1318,146,1323,139,-78,13,-27,-1,-22,-8,22.85,119,1328.321359314149,136.8716850480323,1331.4896015136735,136.57673674424606,1335.5981893252267,137.49525214560938,subject_002,79.60102341786639,False
2025-12-02T15:20:11.203,21,1743,719,1664.4871794871794,706.5897435897435,1709,707,1741,705,-78,-12,-34,-12,-2,-14,38.13,117,1736.7357811188624,707.104222762871,1738.632347745409,708.8903542701171,1737.8986249287343,705.6596105155941,subject_002,79.48759305103337,False
2025-12-02T15:20:17.619,29,1080,673,1022.5,680.075,1050,700,1057,703,-57,7,-30,27,-23,30,23.64,120,1056.1734129000615,703.9924739331245,1057.7274185987712,705.2085789176365,1059.62781219329,705.2811126244465,subject_002,57.93363120847856,False
2025-12-02T15:20:24.015,4,1598,498,1506.2881355932204,501.8898305084746,1559,500,1575,496,-91,3,-39,2,-23,-2,25.21,118,1571.6481108271344,495.92961235523154,1574.0917345501837,498.1578060602477,1572.1026037422878,494.2136836703978,subject_002,91.7943182029922,False
2025-12-02T15:20:30.423,13,1318,676,1284.949152542373,659.8644067796611,1321,664,1333,675,-33,-16,3,-12,15,-1,24.46,118,1334.5147288889657,671.7709381989376,1335.8016973082638,665.1068942955982,1332.7713789731151,672.5554852039714,subject_002,36.779286102908216,False
2025-12-02T15:20:36.835,28,1679,774,1611.6974789915969,755.9411764705883,1654,756,1682,761,-67,-18,-25,-18,3,-13,28.64,119,1680.43669801928,760.631021656429,1681.4320950199435,759.5540579667805,1681.648495785761,759.5706924783054,subject_002,69.68321491832145,False
2025-12-02T15:20:49.675,18,697,306,639.4033613445379,311.8655462184874,668,302,671,304,-57,5,-29,-4,-26,-2,43.81,119,672.7924507981803,300.53673356836595,667.6329156781089,295.98967897016007,673.8080598377476,300.25236073986673,subject_002,57.89453702076808,False
2025-12-02T15:20:56.086,7,1016,657,973.7647058823528,629.90756302521,1003,647,1008,650,-42,-27,-13,-10,-8,-7,22.98,119,1006.8872477112365,650.5181783437321,1008.3505561150504,652.7194594829753,1011.2505467283738,651.5367107356309,subject_002,50.17788567125093,False
2025-12-02T15:21:02.497,30,1032,858,997.4915254237288,828.8898305084746,1018,861,1028,864,-34,-29,-14,3,-4,6,22.79,118,1024.7400852830713,866.3785918992602,1025.0615956371594,870.7009933385199,1024.5350527498426,868.0184822603396,subject_002,45.14683582939663,False
2025-12-02T15:21:08.917,6,137,334,61.27350427350427,342.7179487179488,81,333,98,315,-75,8,-56,-1,-39,-19,24.8,117,90.37342782023048,325.2730138698715,163.0,132.0,85.78159498492774,325.043185182902,subject_002,76.22666715043863,False
2025-12-02T15:21:15.323,9,1148,208,1078.4234234234234,211.3603603603604,1126,200,1124,197,-69,3,-22,-8,-24,-11,24.98,111,1131.0625197234424,193.6461891909784,1135.623990696831,195.8107208777431,1135.9412060169943,193.76936953233957,subject_002,69.65767746535703,False
2025-12-02T15:21:21.729,5,783,794,762.3559322033898,781.0932203389831,771,808,788,814,-20,-12,-12,14,5,20,21.84,118,780.9978602407264,817.2681826014133,777.60184032417,822.273971930423,773.2274201078392,818.663321478948,subject_002,24.34671428363751,False
2025-12-02T15:21:28.134,23,208,272,191.07563025210084,276.9495798319328,213,267,225,250,-16,4,5,-5,17,-22,23.51,119,221.2502869555399,256.5293409270643,220.3357532928655,256.26701675974834,225.76355317786656,255.44906626591117,subject_002,17.633281937185725,False
2025-12-02T15:21:40.949,24,1163,755,1122.0438596491229,756.6315789473684,1149,776,1159,784,-40,1,-14,21,-4,29,24.17,114,1158.726778901201,783.2971518544867,1159.7498147221522,784.3273931699882,1158.5529184447037,784.8854425196192,subject_002,40.988626255368,False
2025-12-02T15:21:53.761,3,1053,417,1010.8655462184872,405.3949579831933,1055,408,1051,407,-42,-11,2,-9,-2,-10,16.32,119,1054.5355780544849,405.05336266905937,1056.9089752086325,405.11642214746394,1059.376949579315,404.93301732331827,subject_002,43.703423157440255,False
2025-12-02T15:22:00.168,12,324,527,322.375,509.8333333333333,347,511,352,511,-1,-17,23,-16,28,-16,23.91,120,351.46209607461617,510.39017359733015,357.6271070876786,510.51722358683486,361.6414446104599,508.74301292132503,subject_002,17.243406549880017,False
2025-12-02T15:22:06.588,27,756,259,709.3277310924369,266.3697478991597,738,252,742,256,-46,7,-18,-7,-14,-3,17.63,119,745.1307879443613,251.51098973942595,739.6379736951956,246.46814752557503,741.7638186256817,251.8309257383718,subject_002,47.25054358499009,False
2025-12-02T15:22:12.984,16,406,649,399.2352941176471,625.7731092436975,415,631,427,640,-6,-23,9,-18,21,-9,22.26,119,424.09723925121335,637.8419289309493,423.0552334500052,634.4901026386974,424.6089005927718,637.8783426933655,subject_002,24.191934603911925,False
2025-12-02T15:22:19.399,1,560,355,525.5546218487395,353.11764705882354,555,348,556,346,-34,-1,-5,-7,-4,-9,22.6,119,557.1700365363033,344.2194628304599,561.131611009395,344.0784373566035,565.1462761834802,342.9378450485983,subject_002,34.49677272700284,False
2025-12-02T15:22:25.821,15,1411,508,1339.90756302521,469.8655462184874,1393,468,1397,469,-71,-38,-18,-40,-14,-39,20.13,119,1397.8814996402768,467.12820462591475,1400.3615004347469,468.34844865765535,1400.9500768138996,466.0227033735357,subject_002,80.67447651041067,False
2025-12-02T15:22:32.221,2,490,663,483.7982456140351,627.140350877193,497,634,511,643,-6,-35,7,-29,21,-20,25.57,114,507.1443658127536,641.9804655134909,506.1660962691683,638.999138723958,504.4628416882241,642.38074421351,subject_002,36.39197978503874,False
2025-12-02T15:22:38.636,22,1101,443,1033.4957983193278,439.9243697478992,1077,444,1074,444,-67,-3,-24,1,-27,1,20.27,119,1077.0532977250575,442.3484996122706,1079.4074412697062,441.3606196634416,1082.3614732276053,442.3420054289627,subject_002,67.57423137552139,False
2025-12-02T15:22:45.046,26,265,322,213.5593220338983,333.1779661016949,239,326,247,313,-51,11,-26,4,-18,-9,20.64,118,244.15337213572352,317.4896309841272,245.885611432968,317.68134497501774,252.52610230955415,315.7302355558844,subject_002,52.64114622405957,False
2025-12-02T15:22:51.460,10,490,428,445.280701754386,430.640350877193,475,431,475,428,-44,2,-15,3,-15,0,29.98,114,475.31312603859413,427.403045366024,484.5002740504901,431.2926739878358,486.587203760086,425.65742523095577,subject_002,44.79717723623746,False
2025-12-02T15:22:57.866,0,931,436,876.7094017094017,434.3076923076923,913,439,912,439,-54,-1,-18,3,-19,3,20.41,117,913.2346470901032,437.3156500915554,914.6671470584092,440.2069147667035,915.8449488952328,437.3671798386063,subject_002,54.316967589111194,False
2025-12-02T15:23:04.269,19,1010,235,931.6186440677966,247.35593220338984,973,237,971,237,-78,12,-37,2,-39,2,25.42,118,976.3420608984486,232.87446561361529,977.6719082022736,232.22881136687167,975.6579140780202,233.1265154467147,subject_002,79.34926602297922,False
2025-12-02T15:38:35.701,4,1407,170,1384.9711538461538,221.25,1400,220,1394,218,-22,51,-7,50,-13,48,62.93,104,1398.3247300722503,216.4809305584423,1403.1446652657985,217.59693072858383,1402.3753690337169,220.8905415361428,subject_002,55.7838019757512,False
2025-12-02T15:38:42.105,27,1774,313,1746.1949152542372,332.27966101694915,1761,325,1767,316,-27,19,-13,12,-7,3,40.82,118,1773.2484621628555,323.79367288604345,1741.0,132.0,1779.554968336182,337.2063050634043,subject_002,33.83530798806948,False
2025-12-02T15:38:48.517,14,135,241,163.42372881355934,272.3474576271187,148,262,139,258,28,31,13,21,4,17,25.31,118,139.70424632503102,260.9914993282248,163.0,132.0,126.45833528685662,273.0807209277803,subject_002,42.315144562564875,False
2025-12-02T15:38:54.927,11,908,275,939.7966101694916,286.1864406779661,934,296,931,295,31,11,26,21,23,20,25.5,118,936.3228003121608,289.65257746293844,936.215274000831,292.6103112605225,937.3419205524652,288.28475108623417,subject_002,33.706985526924115,False
2025-12-02T15:39:01.337,19,1365,217,1368.90756302521,227.0252100840336,1383,226,1377,225,3,10,18,9,12,8,33.79,119,1381.4631887507564,222.96147325388847,1386.9395454890468,224.0923523020136,1385.591879468837,226.90705535199507,subject_002,10.759827416134408,False
2025-12-02T15:39:07.753,13,1459,504,1479.7394957983192,501.66386554621846,1490,507,1487,509,20,-2,31,3,28,5,26.22,119,1491.8339839830624,509.5732101471895,1500.0033549151754,510.3401457038625,1501.0871465284258,513.8654717893619,subject_002,20.870654281901334,False
2025-12-02T15:39:14.148,9,1449,121,1460.5092592592594,164.12962962962962,1477,160,1475,156,11,43,28,39,26,35,30.95,108,1478.1150269989334,154.2986274073308,1478.2103296733635,155.54147208249657,1481.3276880312735,161.30305722261582,subject_002,44.638862000345306,False
2025-12-02T15:39:26.979,1,1147,263,1153.3333333333333,252.05,1153,258,1153,257,6,-10,6,-5,6,-6,33.1,120,1156.8222462468889,253.15331804288303,1154.671897247014,256.11281815784673,1160.4072434206976,252.83650384635723,subject_002,12.649648655639012,False
2025-12-02T15:39:33.385,16,383,754,394.864406779661,722.9406779661017,380,754,362,743,11,-31,-3,0,-21,-11,72.24,118,369.8816711269893,747.8149558403427,375.37073423270874,754.5339807113128,367.7557284271975,743.9345790380889,subject_002,33.24824256165529,False
2025-12-02T15:39:39.792,10,1129,792,1109.2857142857142,743.7058823529412,1097,773,1105,776,-19,-48,-32,-19,-24,-16,23.82,119,1104.7796754089202,775.7267155702508,1100.304353613145,774.7643534025973,1113.9261641254243,766.3130094182469,subject_002,52.16296445307194,False
2025-12-02T15:39:46.200,28,370,243,361.7118644067797,244.27966101694915,337,246,342,239,-8,1,-33,3,-28,-4,25.96,118,342.42871879971403,236.96463024613033,334.48560790765765,240.1277172686933,333.5911304043398,243.9562569800546,subject_002,8.38634151045048,False
2025-12-02T15:39:52.607,22,532,487,549.4957983193277,483.2689075630252,528,493,523,496,17,-3,-4,6,-9,9,21.52,119,529.2119961934803,496.1826577256477,518.4507399122631,497.4103070454878,529.494753965627,493.75429527437853,subject_002,17.889214896239608,False
2025-12-02T15:39:59.021,29,223,671,240.01666666666668,640.025,230,652,202,647,17,-30,7,-19,-21,-24,22.02,120,212.20736557112383,653.3114509699575,219.6844300780976,653.8362676976284,206.10221738913708,657.1822550548869,subject_002,35.3414426621841,False
2025-12-02T15:40:05.428,21,522,386,537.1833333333333,387.7,510,397,513,395,15,1,-12,11,-9,9,24.25,120,518.2012074062799,393.99094017093034,502.7573312335117,398.1993684100101,516.727052610552,393.92370181575507,subject_002,15.278207064675795,False
2025-12-02T15:40:11.833,26,223,210,236.88983050847455,247.82203389830508,218,242,215,236,13,37,-5,32,-8,26,26.05,118,215.09608431425283,237.161032240503,214.32245146256523,236.8542093249067,203.2150388536435,247.53562797882597,subject_002,40.29185574975033,False
2025-12-02T15:40:18.237,24,337,830,352.4033613445378,817.3697478991596,335,851,319,842,15,-12,-2,21,-18,12,48.05,119,325.45215842991416,845.3544228292283,329.1352891923673,846.6570225835593,323.31532912070946,842.5217599354403,subject_002,19.91950824797602,False
2025-12-02T15:40:24.649,20,1383,608,1370.9663865546215,586.4117647058823,1367,601,1374,603,-12,-21,-16,-7,-9,-5,24.07,119,1376.6059779419925,602.5441565502629,1374.557564090427,603.3786620899047,1387.3952393999332,602.2769461015973,subject_002,24.715577186604037,False
2025-12-02T15:40:31.058,5,1316,185,1311.7166666666667,203.83333333333331,1323,203,1319,202,-4,18,7,18,3,17,28.44,120,1322.6638429905895,199.6098718496076,1327.5830378769083,201.20366884767617,1325.8801885558123,202.6286504053055,subject_002,19.31427940382162,False
2025-12-02T15:40:37.480,15,694,145,739.6806722689075,148.51260504201682,745,146,734,150,45,3,51,1,40,5,32.72,119,737.8582291193532,139.74842220530695,756.0584520455936,133.3749836664629,728.4600803507197,144.29555126854729,subject_002,45.81552371326273,False
2025-12-02T15:40:43.890,17,487,761,500.8119658119658,721.2991452991453,487,753,471,746,13,-39,0,-8,-16,-15,25.28,117,478.5145237762624,750.0356215706101,483.47512876325567,751.7685389545619,478.416191838805,742.3223507916094,subject_002,42.034845825449295,False
2025-12-02T15:40:56.704,23,1053,914,1043.798245614035,880.0350877192982,1040,916,1042,923,-9,-33,-13,2,-11,9,22.3,114,1040.4664662239672,921.9047769645084,1042.9881178044636,920.282131250876,1045.394935282525,908.6413242566284,subject_002,35.18931016680198,False
2025-12-02T15:41:03.110,30,1685,576,1660.2333333333331,581.0583333333333,1672,581,1677,584,-24,5,-13,5,-8,8,24.13,120,1682.5874640150232,587.551639912153,1677.269760270059,580.6101944566343,1689.530596136203,596.9647663202653,subject_002,25.277945207015915,False
2025-12-02T15:41:09.519,18,1758,490,1742.3529411764705,467.4201680672269,1757,461,1762,458,-15,-22,-1,-29,4,-32,23.12,119,1768.664670049345,465.5579163202507,1741.0,596.0,1775.4116589140217,478.35258567444,subject_002,27.471426245087333,False
2025-12-02T15:41:22.341,2,987,198,964.9661016949152,209.16949152542367,965,214,961,214,-22,11,-22,16,-26,16,23.13,118,965.2346384557516,207.503815906065,970.4413102534606,207.45991208094057,963.7050252812456,207.86728390567544,subject_002,24.703243014942988,False
2025-12-02T15:41:28.753,6,1776,618,1745.571428571429,609.4033613445379,1759,606,1767,608,-30,-8,-17,-12,-9,-10,26.2,119,1773.6516506444495,615.2047482470937,1741.0,596.0,1778.6297180785723,626.6526533025999,subject_002,31.619616622537336,False
2025-12-02T15:41:35.160,8,1275,416,1265.2016806722688,409.5966386554622,1262,419,1264,420,-9,-6,-13,3,-11,4,23.87,119,1267.8576367039866,418.3776428229741,1263.7982882609367,418.6825903586057,1277.0980743757702,417.4970085656346,subject_002,11.705131274655209,False
2025-12-02T15:41:41.577,3,626,906,613.3781512605042,884.2268907563025,600,925,593,923,-12,-21,-26,19,-33,17,31.2,119,593.8863346388654,928.009456626066,595.6341207918235,941.030062792412,595.8306967685659,912.6039253867796,subject_002,25.16702906067177,False
2025-12-02T15:41:48.000,25,860,317,883.0916666666667,312.46666666666664,876,321,872,322,23,-4,16,4,12,5,29.64,120,877.4017159157459,317.19539996550157,878.2772648854681,318.98902711797626,878.0900228088532,315.678863785814,subject_002,23.532449523064045,False
2025-12-02T15:50:36.423,4,293,411,309.3898305084746,430.135593220339,292,420,293,421,16,19,-1,9,0,10,24.03,118,295.1503832096324,420.26562257076085,294.17300896246064,417.9217259571157,295.6333429679522,425.8060160422391,subject_002,25.195187476794203,False
2025-12-02T15:50:42.830,15,861,585,859.436974789916,573.2773109243698,843,573,846,580,-1,-11,-18,-12,-15,-5,29.82,119,848.7536973662814,576.8624088434152,842.8754361545726,570.6510707085588,844.9477773740484,569.085981927237,subject_002,11.826431709152953,False
2025-12-02T15:50:49.235,23,468,734,481.873949579832,723.8403361344538,467,736,465,736,13,-10,-1,2,-3,2,26.54,119,467.33991626997454,734.1447792288769,465.6949082378226,739.7460951177876,466.09551114150815,730.662453668396,subject_002,17.196082309776457,False
2025-12-02T15:51:08.469,10,1002,586,1004.991150442478,591.2477876106195,995,599,998,598,2,5,-7,13,-4,12,45.43,113,1001.8431718029442,597.1498868645575,993.6536805050412,592.8486225915434,998.9064127686994,586.2048827011106,subject_002,6.040385399600596,False
2025-12-02T15:51:14.880,24,509,675,546.90756302521,671.7647058823529,531,679,529,683,37,-3,22,4,20,8,33.8,119,531.3399465786907,679.3118718856302,530.540569429559,681.3593962745608,529.1019737219845,675.5171604963131,subject_002,38.04537373371371,False
2025-12-02T15:51:21.296,11,779,486,799.957627118644,488.1271186440678,782,485,786,490,20,2,3,-1,7,4,18.38,118,788.0215185607276,486.49744643284527,784.2663126573095,484.0510906489111,784.8567032265989,480.81254897503777,subject_002,21.06529772327144,False
2025-12-02T15:51:27.716,17,1785,688,1704.7179487179487,707.6410256410256,1751,685,1754,687,-80,19,-34,-3,-31,-1,47.36,117,1756.823099354707,690.5426705133957,1741.0,596.0,1755.6548798641934,699.8094891984866,subject_002,82.64972865221843,False
2025-12-02T15:51:34.113,7,1003,352,977.5508474576272,365.6101694915254,962,361,972,358,-25,13,-41,9,-31,6,22.23,118,974.84624539396,356.92283714965373,960.8493016758754,359.2578322717081,973.5378610207536,358.8798964845966,subject_002,28.85993899357737,False
2025-12-02T15:51:40.526,25,1527,333,1525.1949152542372,353.7881355932203,1543,326,1559,323,-1,20,16,-7,32,-10,21.73,118,1559.6760985101814,325.9565557885881,1554.6253633729102,319.39455506002594,1560.147891794887,332.2068437453799,subject_002,20.86635838812079,False
2025-12-02T15:51:46.927,18,678,751,682.109243697479,754.781512605042,667,762,668,772,4,3,-11,11,-10,21,26.16,119,668.4993363470215,767.2413096932295,668.0850820818878,766.014168938602,664.7382497216396,760.7019253151996,subject_002,5.584417726796824,False
2025-12-02T15:51:53.342,31,156,660,185.7027027027027,629.6306306306307,175,627,170,628,29,-30,19,-33,14,-32,27.73,111,173.33211078935472,629.6848712497817,174.01575147019315,626.1217226956877,172.83730698986844,630.9112355552872,subject_002,42.479985213490025,False
2025-12-02T15:52:12.563,21,1393,578,1366.4453781512605,587.781512605042,1388,596,1382,582,-26,9,-5,18,-11,4,31.44,119,1390.8446707825892,585.9635064283474,1392.3908986410495,592.2949876370825,1391.4856530214367,578.4783266567324,subject_002,28.298868005136743,False
2025-12-02T15:52:18.969,9,1484,672,1486.4786324786326,711.0,1516,715,1513,706,2,39,32,43,29,34,30.03,117,1523.113922160993,709.4327564003383,1526.2778118156175,715.0540054420549,1524.715123927056,705.8311067427195,subject_002,39.07868496973935,False
2025-12-02T15:52:25.379,26,1013,128,987.3613445378152,160.69747899159665,994,140,993,137,-25,32,-19,12,-20,9,39.38,119,992.450395863416,136.13878917514555,1002.8106812005008,132.00600694702018,992.1917530776768,136.64647552027068,subject_002,41.55076156118591,False
2025-12-02T15:52:31.791,14,1215,157,1189.8157894736842,183.75438596491227,1207,157,1205,157,-25,26,-8,0,-10,0,34.69,114,1205.008002381854,156.4967872860899,1211.4416494330192,152.16319936971877,1204.4375934151697,152.45845333765075,subject_002,36.74291262533895,False
2025-12-02T15:52:38.197,27,1377,917,1348.2773109243697,927.3193277310924,1374,946,1372,940,-28,10,-3,29,-5,23,41.5,119,1381.8431023019166,942.1416495979404,1388.6533002918725,948.8581772198348,1384.4878081413326,933.3704720107582,subject_002,30.52018008723124,False
2025-12-02T15:52:44.602,5,922,301,904.25,339.26666666666665,889,332,897,331,-17,38,-33,31,-25,30,20.5,120,899.1113086467403,328.8114313415022,890.657405378884,330.9034579967658,897.8956366845603,324.1938984946428,subject_002,42.1829382307323,False
2025-12-02T15:52:51.011,28,266,575,281.2773109243698,577.1932773109244,267,575,263,576,15,2,1,0,-3,1,40.66,119,267.2015829599118,575.7355199670894,266.70846925457494,574.118901240524,267.4609785778979,579.7435796616547,subject_002,15.433946172074192,False
2025-12-02T15:52:57.415,22,663,331,651.2735042735043,348.9316239316239,638,339,637,342,-11,17,-25,8,-26,11,23.57,117,639.9399231594421,337.8780678171129,644.639740495742,336.55562399520784,639.0172296043943,337.0959117002173,subject_002,21.42554173991196,False
2025-12-02T15:53:03.822,16,625,610,610.982905982906,617.7350427350427,595,619,593,627,-14,7,-30,9,-32,17,29.21,117,595.1927661769323,622.2897286764361,594.4087566027005,620.8778837101363,592.2048116459276,618.3492512650981,subject_002,16.009678660016558,False
2025-12-02T15:53:10.230,13,1695,303,1664.8,338.4583333333333,1688,313,1715,297,-30,35,-7,10,20,-6,47.0,120,1709.997130536968,303.4442506560089,1711.728714816467,302.5727235047206,1708.6220833266311,314.6430605238661,subject_002,46.576103344717225,False
2025-12-02T15:53:16.638,20,1220,247,1224.7916666666667,272.2,1237,252,1237,251,4,25,17,5,17,4,40.73,120,1239.6528000710452,251.12871890885663,1245.6620844701065,250.08677438620597,1239.197279138421,250.42652371776404,subject_002,25.65151203037444,False
2025-12-02T15:53:23.043,29,1751,463,1693.6050420168067,479.8235294117647,1729,452,1742,446,-57,16,-22,-11,-9,-17,35.68,119,1741.2436589842723,451.0361818470344,1741.0,596.0,1739.863428036702,461.9878636843328,subject_002,59.809801402120016,False
2025-12-02T15:53:29.457,30,878,731,863.5,727.2033898305085,848,727,853,743,-14,-3,-30,-4,-25,12,30.6,118,854.3446135063236,738.2732355818995,848.0467031976675,726.3732915764456,850.5878758612771,729.8330890416955,subject_002,14.988804114374377,False
2025-12-02T15:53:35.854,1,459,864,483.697247706422,835.7155963302753,471,856,470,854,24,-28,12,-8,11,-10,25.69,109,471.8129240182767,852.3491634863847,468.979729315602,860.4040290964609,470.7647156704921,848.5085177852391,subject_002,37.54945452632173,False
2025-12-02T15:53:42.273,2,674,473,655.5294117647059,484.8655462184874,639,480,638,486,-18,11,-35,7,-36,13,28.37,119,640.9889988102299,481.88903382825913,642.18891807938,478.3545475158918,638.5480404670113,479.0459786064046,subject_002,21.95344658182052,False
2025-12-02T15:53:48.670,19,1584,270,1584.1949152542372,307.60169491525426,1603,281,1627,270,0,37,19,11,43,0,38.08,118,1623.460456190237,274.2808940630872,1621.279705391675,271.711723435414,1623.1272871963677,283.32536629824693,subject_002,37.602200101273226,False
