index,target_x,target_y,original_gaze_x,original_gaze_y,pred_residual_x,pred_residual_y,pred_gaze_x,pred_gaze_y,error_x,error_y,error_distance
0,1215.0,132.0,1164.5,336.941162109375,47.506507873535156,-113.32372283935547,1212.0064697265625,223.617431640625,-2.9935302734375,91.617431640625,91.66632080078125
1,163.0,1060.0,391.5,1057.0,-175.13890075683594,37.184410095214844,216.36109924316406,1094.1844482421875,53.36109924316406,34.1844482421875,63.371788024902344
2,1739.0,854.0,1759.5555419921875,1033.25,54.2330322265625,-55.19770431518555,1813.78857421875,978.0523071289062,74.78857421875,124.05230712890625,144.8527069091797
3,1154.0,396.0,1137.08251953125,469.6597900390625,31.386629104614258,-13.513954162597656,1168.4691162109375,456.1458435058594,14.4691162109375,60.145843505859375,61.86176300048828
4,163.0,596.0,178.72650146484375,620.1367797851562,-12.093008041381836,26.492660522460938,166.6334991455078,646.6294555664062,3.6334991455078125,50.62945556640625,50.75967025756836
5,784.0,824.0,804.0,857.112060546875,-18.50282096862793,9.375725746154785,785.4971923828125,866.48779296875,1.4971923828125,42.48779296875,42.514163970947266
6,817.0,615.0,803.3833618164062,714.2916870117188,24.47593879699707,-31.204116821289062,827.8593139648438,683.0875854492188,10.85931396484375,68.08758544921875,68.9481201171875
7,363.0,870.0,405.9166564941406,862.6416625976562,-43.05488586425781,43.33063507080078,362.86175537109375,905.9722900390625,-0.13824462890625,35.9722900390625,35.972557067871094
8,426.0,828.0,476.51666259765625,864.2750244140625,-57.89772415161133,8.76952838897705,418.6189270019531,873.0445556640625,-7.381072998046875,45.0445556640625,45.645286560058594
9,952.0,828.0,934.7227172851562,911.84033203125,22.116859436035156,-19.161632537841797,956.839599609375,892.6787109375,4.839599609375,64.6787109375,64.8595199584961
10,205.0,163.0,220.43698120117188,104.52101135253906,15.793048858642578,76.2331314086914,236.2300262451172,180.754150390625,31.230026245117188,17.754150390625,35.92387008666992
11,1500.0,896.0,1547.5,1025.0,13.02319622039795,-36.549957275390625,1560.523193359375,988.4500732421875,60.523193359375,92.4500732421875,110.49919891357422
12,1015.0,831.0,981.5999755859375,793.6749877929688,18.741466522216797,56.707279205322266,1000.3414306640625,850.3822631835938,-14.6585693359375,19.38226318359375,24.3011474609375
13,689.0,1060.0,718.2166748046875,1012.191650390625,-48.20219039916992,59.60354232788086,670.0144653320312,1071.795166015625,-18.98553466796875,11.795166015625,22.351207733154297
14,1147.0,307.0,1083.1092529296875,323.6974792480469,61.7577018737793,33.63055419921875,1144.866943359375,357.3280334472656,-2.133056640625,50.328033447265625,50.37321472167969
15,344.0,176.0,304.9495849609375,116.92436981201172,52.50751876831055,65.0635986328125,357.45709228515625,181.98797607421875,13.45709228515625,5.98797607421875,14.729194641113281
16,1215.0,596.0,1170.55126953125,651.1153564453125,45.0723991394043,0.08264631032943726,1215.6236572265625,651.197998046875,0.6236572265625,55.197998046875,55.20152282714844
17,689.0,132.0,694.9491577148438,107.66949462890625,20.00920867919922,40.0623664855957,714.9583740234375,147.7318572998047,25.9583740234375,15.731857299804688,30.3533935546875
18,1388.0,928.0,1298.965576171875,1014.6206665039062,73.99857330322266,-18.036558151245117,1372.964111328125,996.5841064453125,-15.035888671875,68.5841064453125,70.21294403076172
19,422.0,169.0,513.2380981445312,168.57142639160156,-37.93824005126953,4.823115825653076,475.29986572265625,173.39454650878906,53.29986572265625,4.3945465087890625,53.4807243347168
20,426.0,364.0,478.7383117675781,243.54205322265625,-12.327149391174316,117.035400390625,466.4111633300781,360.57745361328125,40.411163330078125,-3.42254638671875,40.55583953857422
21,758.0,665.0,700.3589477539062,670.2051391601562,92.68644714355469,-22.340696334838867,793.04541015625,647.8644409179688,35.04541015625,-17.13555908203125,39.01036071777344
22,163.0,132.0,312.96429443359375,106.39286041259766,-31.21170997619629,-8.051017761230469,281.7525939941406,98.34184265136719,118.75259399414062,-33.65815734863281,123.43034362792969
23,169.0,507.0,138.9663848876953,449.1680603027344,-14.783294677734375,58.027618408203125,124.18309020996094,507.1956787109375,-44.81690979003906,0.1956787109375,44.81733703613281
24,689.0,596.0,741.5087890625,632.9912109375,-14.674615859985352,2.407116174697876,726.8341674804688,635.3983154296875,37.83416748046875,39.3983154296875,54.62281036376953
25,1721.0,201.0,1833.649169921875,228.26315307617188,3.286734104156494,-18.295745849609375,1836.9359130859375,209.9674072265625,115.9359130859375,8.9674072265625,116.28219604492188
26,426.0,364.0,359.9237365722656,377.6525573730469,20.854990005493164,6.300669193267822,380.7787170410156,383.9532165527344,-45.221282958984375,19.953216552734375,49.427677154541016
27,952.0,828.0,944.9224243164062,784.4483032226562,27.1309757232666,65.64451599121094,972.0534057617188,850.0928344726562,20.05340576171875,22.09283447265625,29.836763381958008
28,1263.0,546.0,1332.347412109375,538.2457885742188,15.532541275024414,19.475515365600586,1347.8800048828125,557.7213134765625,84.8800048828125,11.7213134765625,85.68549346923828
29,163.0,1060.0,219.2018280029297,997.5504760742188,-31.325838088989258,104.5170669555664,187.87599182128906,1102.0675048828125,24.875991821289062,42.0675048828125,48.8721809387207
30,1035.0,944.0,1022.11767578125,878.7142944335938,35.55372619628906,85.89775848388672,1057.67138671875,964.612060546875,22.67138671875,20.612060546875,30.640640258789062
31,1430.0,885.0,1482.84033203125,813.5714111328125,34.121826171875,85.50042724609375,1516.962158203125,899.0718383789062,86.962158203125,14.07183837890625,88.09332275390625
32,1215.0,596.0,1319.1343994140625,555.6134643554688,-16.756872177124023,43.28761672973633,1302.3775634765625,598.9010620117188,87.3775634765625,2.90106201171875,87.42570495605469
33,1273.0,305.0,1357.7825927734375,350.6174011230469,-2.4129297733306885,-21.12961196899414,1355.36962890625,329.48779296875,82.36962890625,24.48779296875,85.93257904052734
34,1777.0,157.0,1883.3245849609375,236.82455444335938,14.058642387390137,-46.2150764465332,1897.3831787109375,190.60948181152344,120.3831787109375,33.60948181152344,124.98682403564453
35,815.0,422.0,795.4321899414062,424.7542419433594,21.684707641601562,8.96861743927002,817.1168823242188,433.7228698730469,2.11688232421875,11.722869873046875,11.912467002868652
36,943.0,433.0,1009.3482055664062,406.34820556640625,-6.240723133087158,14.230501174926758,1003.1074829101562,420.5787048339844,60.10748291015625,-12.421295166015625,61.37750244140625
37,1478.0,364.0,1617.8363037109375,402.0818176269531,-9.52700424194336,-29.608409881591797,1608.309326171875,372.4734191894531,130.309326171875,8.473419189453125,130.5845184326172
38,1045.0,159.0,1057.9906005859375,185.64151000976562,2.188145637512207,-10.215229988098145,1060.1787109375,175.42628479003906,15.1787109375,16.426284790039062,22.365510940551758
39,163.0,132.0,121.23076629638672,148.94871520996094,13.884936332702637,-0.7899585962295532,135.11570739746094,148.15875244140625,-27.884292602539062,16.15875244140625,32.22792434692383
40,179.0,371.0,116.03333282470703,371.3999938964844,46.29141616821289,33.010066986083984,162.3247528076172,404.4100646972656,-16.675247192382812,33.410064697265625,37.340274810791016
41,1215.0,132.0,1294.23681640625,170.21929931640625,-2.883349895477295,-25.914310455322266,1291.353515625,144.30499267578125,76.353515625,12.30499267578125,77.33868408203125
42,163.0,596.0,145.92857360839844,564.0408325195312,1.410650610923767,55.75182342529297,147.33921813964844,619.7926635742188,-15.660781860351562,23.79266357421875,28.484222412109375
43,1569.0,714.0,1573.543701171875,649.0582275390625,79.68168640136719,70.07482147216797,1653.225341796875,719.133056640625,84.225341796875,5.133056640625,84.3816146850586
44,1465.0,129.0,1430.2940673828125,255.6638641357422,-0.04212092608213425,-81.58592987060547,1430.251953125,174.07794189453125,-34.748046875,45.07794189453125,56.91614532470703
45,1741.0,596.0,1560.5555419921875,645.0504760742188,108.0602035522461,-33.9069709777832,1668.61572265625,611.1434936523438,-72.38427734375,15.14349365234375,73.9513931274414
46,796.0,943.0,784.2916870117188,932.9375,-2.607943296432495,45.38079071044922,781.6837158203125,978.3182983398438,-14.3162841796875,35.31829833984375,38.109554290771484
47,163.0,132.0,117.57499694824219,276.2749938964844,17.558666229248047,-11.991357803344727,135.1336669921875,264.28363037109375,-27.8663330078125,132.28363037109375,135.18687438964844
48,453.0,779.0,373.0416564941406,869.2416381835938,18.57085609436035,-14.391403198242188,391.6125183105469,854.8502197265625,-61.387481689453125,75.8502197265625,97.57908630371094
49,608.0,833.0,552.4033813476562,870.3949584960938,18.263307571411133,10.133220672607422,570.6666870117188,880.5281982421875,-37.33331298828125,47.5281982421875,60.437618255615234
50,426.0,828.0,310.4690246582031,915.6990966796875,45.64750671386719,-11.220078468322754,356.11651611328125,904.47900390625,-69.88348388671875,76.47900390625,103.59893798828125
51,1215.0,1060.0,1109.9747314453125,952.7058715820312,45.96847915649414,90.41507720947266,1155.9432373046875,1043.1209716796875,-59.0567626953125,-16.8790283203125,61.42151641845703
52,837.0,836.0,781.1724243164062,855.5430908203125,27.6816463470459,13.912434577941895,808.8540649414062,869.4555053710938,-28.14593505859375,33.45550537109375,43.720298767089844
53,1265.0,714.0,1158.899169921875,692.4957885742188,52.78251266479492,32.24350357055664,1211.681640625,724.7393188476562,-53.318359375,10.73931884765625,54.389156341552734
54,1142.0,773.0,1046.5125732421875,763.3865356445312,48.76348114013672,20.92144775390625,1095.2760009765625,784.3079833984375,-46.7239990234375,11.3079833984375,48.0728874206543
55,377.0,671.0,318.8426818847656,829.98876953125,-6.473048210144043,-49.199562072753906,312.36962890625,780.7891845703125,-64.63037109375,109.7891845703125,127.39996337890625
56,1610.0,838.0,1446.5,764.559326171875,86.39442443847656,70.11175537109375,1532.8944091796875,834.6710815429688,-77.1055908203125,-3.32891845703125,77.17741394042969
57,689.0,132.0,633.4530029296875,189.1965789794922,21.37467384338379,8.621055603027344,654.8276977539062,197.817626953125,-34.17230224609375,65.817626953125,74.16000366210938
58,952.0,364.0,879.5999755859375,459.0833435058594,48.259605407714844,-34.8444709777832,927.8595581054688,424.2388610839844,-24.14044189453125,60.238861083984375,64.89592742919922
59,656.0,802.0,533.4359130859375,870.2307739257812,56.07930374145508,-0.7620222568511963,589.5151977539062,869.46875,-66.48480224609375,67.46875,94.7220230102539
60,1741.0,1060.0,1539.0,919.8571166992188,100.40045166015625,90.1906509399414,1639.400390625,1010.0477905273438,-101.599609375,-49.95220947265625,113.21530151367188
61,410.0,577.0,281.2558288574219,726.0581665039062,54.750389099121094,-24.888784408569336,336.0062255859375,701.1693725585938,-73.9937744140625,124.16937255859375,144.54449462890625
62,1478.0,828.0,1314.2269287109375,759.0252075195312,88.16796875,70.78987884521484,1402.3948974609375,829.8150634765625,-75.6051025390625,1.8150634765625,75.62688446044922
63,1066.0,463.0,1004.2833251953125,537.8250122070312,38.47526550292969,-28.895217895507812,1042.758544921875,508.9298095703125,-23.241455078125,45.9298095703125,51.47536087036133
64,163.0,596.0,53.77777862548828,768.4259033203125,73.43505859375,-39.6390266418457,127.21283721923828,728.786865234375,-35.78716278076172,132.786865234375,137.52481079101562
65,467.0,759.0,484.6384582519531,778.015380859375,-6.65726375579834,-94.08671569824219,477.981201171875,683.9286499023438,10.981201171875,-75.07135009765625,75.87024688720703
66,1247.0,240.0,1341.295654296875,264.478271484375,-5.7949652671813965,-22.52799415588379,1335.500732421875,241.9502716064453,88.500732421875,1.9502716064453125,88.52222442626953
67,1560.0,742.0,1547.596435546875,803.7982177734375,39.06689453125,-61.14650344848633,1586.663330078125,742.6517333984375,26.663330078125,0.6517333984375,26.671293258666992
68,285.0,904.0,303.3644104003906,790.9067993164062,-5.663268089294434,9.498346328735352,297.7011413574219,800.4051513671875,12.701141357421875,-103.5948486328125,104.37055206298828
69,952.0,364.0,976.2586059570312,397.9482727050781,39.060340881347656,-69.41450500488281,1015.3189697265625,328.53375244140625,63.3189697265625,-35.46624755859375,72.57511138916016
70,1678.0,661.0,1586.85595703125,770.14404296875,97.74636840820312,-91.85562133789062,1684.602294921875,678.2884521484375,6.602294921875,17.2884521484375,18.50623893737793
71,932.0,754.0,855.0516967773438,711.5603637695312,82.27040100097656,-16.380950927734375,937.3220825195312,695.179443359375,5.32208251953125,-58.820556640625,59.06083679199219
72,163.0,596.0,223.27349853515625,529.5811767578125,-21.537334442138672,-33.39787292480469,201.7361602783203,496.18328857421875,38.73616027832031,-99.81671142578125,107.06944274902344
73,426.0,364.0,462.15966796875,337.4285583496094,30.363807678222656,-43.34199523925781,492.5234680175781,294.0865478515625,66.52346801757812,-69.9134521484375,96.5052490234375
74,163.0,1060.0,188.67591857910156,935.3240966796875,-5.2561163902282715,12.680194854736328,183.4197998046875,948.0042724609375,20.4197998046875,-111.9957275390625,113.842041015625
75,426.0,828.0,452.66973876953125,691.9449462890625,9.277836799621582,26.804893493652344,461.94757080078125,718.7498168945312,35.94757080078125,-109.25018310546875,115.0123062133789
76,1484.0,964.0,1355.1868896484375,957.0186767578125,93.7258071899414,-24.220888137817383,1448.9127197265625,932.7977905273438,-35.0872802734375,-31.20220947265625,46.95418167114258
77,1797.0,298.0,1852.0091552734375,484.1376037597656,39.66724395751953,-113.38687896728516,1891.6763916015625,370.750732421875,94.6763916015625,72.750732421875,119.39969635009766
78,1741.0,1060.0,1607.7962646484375,1073.3426513671875,81.50968170166016,-29.3818302154541,1689.305908203125,1043.9608154296875,-51.694091796875,-16.0391845703125,54.12517547607422
79,689.0,1060.0,670.45947265625,926.2342529296875,21.11906623840332,34.456199645996094,691.5785522460938,960.6904296875,2.57855224609375,-99.3095703125,99.3430404663086
80,1137.0,554.0,1051.974365234375,607.940185546875,95.05781555175781,-68.13452911376953,1147.0322265625,539.8056640625,10.0322265625,-14.1943359375,17.381736755371094
81,689.0,132.0,772.8305053710938,175.42372131347656,18.78837776184082,-80.4265365600586,791.618896484375,94.99718475341797,102.618896484375,-37.00281524658203,109.08641052246094
82,1215.0,596.0,1143.940185546875,679.7521362304688,83.58837890625,-87.17211151123047,1227.528564453125,592.5800170898438,12.528564453125,-3.41998291015625,12.986963272094727
83,1059.0,546.0,1029.3533935546875,577.362060546875,67.0406723022461,-60.4806022644043,1096.39404296875,516.8814697265625,37.39404296875,-29.1185302734375,47.394126892089844
84,103.0,580.0,194.07691955566406,504.18804931640625,-34.24099349975586,-34.17034149169922,159.83592224121094,470.0177001953125,56.83592224121094,-109.9822998046875,123.79995727539062
85,1147.0,113.0,1263.2869873046875,137.0608673095703,-6.7750043869018555,-26.939970016479492,1256.511962890625,110.12089538574219,109.511962890625,-2.8791046142578125,109.5498046875
86,1722.0,879.0,1733.660888671875,780.156494140625,12.30017375946045,-42.60566711425781,1745.9610595703125,737.5508422851562,23.9610595703125,-141.44915771484375,143.46426391601562
87,1455.0,751.0,1527.2655029296875,716.539794921875,7.6918840408325195,-61.83138656616211,1534.9573974609375,654.7084350585938,79.9573974609375,-96.29156494140625,125.16090393066406
88,1741.0,132.0,1795.75,147.0625,-86.53096771240234,-177.21522521972656,1709.218994140625,-30.152725219726562,-31.781005859375,-162.15272521972656,165.23782348632812
89,689.0,132.0,618.7433471679688,271.6371765136719,13.06269645690918,-13.737381935119629,631.8060302734375,257.8997802734375,-57.1939697265625,125.8997802734375,138.28196716308594
90,1133.0,798.0,1208.822998046875,731.0531005859375,-19.448928833007812,11.314201354980469,1189.3740234375,742.3673095703125,56.3740234375,-55.6326904296875,79.20244598388672
91,471.0,797.0,551.95654296875,841.2086791992188,-5.430319786071777,39.084903717041016,546.5262451171875,880.2935791015625,75.5262451171875,83.2935791015625,112.43679809570312
92,1751.0,478.0,1832.2752685546875,425.3486328125,-48.424747467041016,-78.54205322265625,1783.8504638671875,346.80657958984375,32.8504638671875,-131.19342041015625,135.2437286376953
93,817.0,251.0,778.2035522460938,294.6548767089844,0.5259806513786316,11.577213287353516,778.7295532226562,306.2320861816406,-38.27044677734375,55.232086181640625,67.1953125
94,1478.0,828.0,1554.3009033203125,702.4425048828125,-16.76762580871582,-3.766510009765625,1537.5333251953125,698.676025390625,59.5333251953125,-129.323974609375,142.36891174316406
95,955.0,765.0,988.7477416992188,742.9549560546875,11.381420135498047,7.371872901916504,1000.129150390625,750.3268432617188,45.129150390625,-14.67315673828125,47.454627990722656
96,1330.0,547.0,1357.270263671875,514.369384765625,-8.255221366882324,-16.683124542236328,1349.0150146484375,497.6862487792969,19.0150146484375,-49.313751220703125,52.852783203125
97,1203.0,695.0,1246.669677734375,646.25,-11.63334846496582,-5.223747253417969,1235.036376953125,641.0262451171875,32.036376953125,-53.9737548828125,62.76539993286133
98,1703.0,917.0,1785.4732666015625,768.6160888671875,-5.562938690185547,-23.07718849182129,1779.9102783203125,745.5388793945312,76.9102783203125,-171.46112060546875,187.92047119140625
99,163.0,596.0,234.0,744.0454711914062,25.127857208251953,-8.388129234313965,259.12786865234375,735.6573486328125,96.12786865234375,139.6573486328125,169.54273986816406
100,1741.0,596.0,1785.2454833984375,506.4363708496094,-19.538984298706055,-61.00653839111328,1765.70654296875,445.4298400878906,24.70654296875,-150.57015991210938,152.58370971679688
101,1478.0,364.0,1437.973876953125,346.5652160644531,-9.136059761047363,-34.386505126953125,1428.8377685546875,312.1787109375,-49.1622314453125,-51.8212890625,71.4308853149414
102,689.0,1060.0,820.5178833007812,959.2678833007812,-25.72905731201172,99.94853973388672,794.788818359375,1059.2164306640625,105.788818359375,-0.7835693359375,105.7917251586914
103,1215.0,1060.0,1296.6754150390625,901.122802734375,-26.372278213500977,51.681358337402344,1270.3031005859375,952.8041381835938,55.3031005859375,-107.19586181640625,120.62083435058594
104,426.0,364.0,461.84210205078125,444.8333435058594,-28.83017921447754,20.72037696838379,433.0119323730469,465.5537109375,7.011932373046875,101.5537109375,101.79549407958984
105,1475.0,491.0,1506.362060546875,435.8706970214844,-23.87508773803711,-30.067760467529297,1482.4869384765625,405.8029479980469,7.4869384765625,-85.19705200195312,85.525390625
106,1329.0,785.0,1399.482177734375,674.5892944335938,-18.743518829345703,12.330026626586914,1380.7386474609375,686.9193115234375,51.7386474609375,-98.0806884765625,110.8905258178711
107,1215.0,596.0,1081.1500244140625,668.1333618164062,53.138404846191406,-27.24555778503418,1134.2884521484375,640.8878173828125,-80.7115478515625,44.8878173828125,92.35404968261719
108,269.0,760.0,199.06723022460938,761.79833984375,38.7503547668457,14.655442237854004,237.8175811767578,776.4537963867188,-31.182418823242188,16.45379638671875,35.257205963134766
109,426.0,828.0,406.4871826171875,829.3504028320312,-38.505279541015625,13.323330879211426,367.9819030761719,842.6737060546875,-58.018096923828125,14.6737060546875,59.84494400024414
110,215.0,390.0,211.1764678955078,412.7226867675781,-8.815427780151367,27.813302993774414,202.3610382080078,440.5359802246094,-12.638961791992188,50.535980224609375,52.09250259399414
111,488.0,464.0,423.9583435058594,469.6333312988281,25.743610382080078,41.866641998291016,449.70196533203125,511.4999694824219,-38.29803466796875,47.499969482421875,61.01628112792969
112,163.0,1060.0,52.49275207519531,1074.0,106.81355285644531,-25.546634674072266,159.30630493164062,1048.453369140625,-3.693695068359375,-11.546630859375,12.123038291931152
113,1741.0,596.0,1545.75,630.808349609375,53.559295654296875,3.5331368446350098,1599.309326171875,634.3414916992188,-141.690673828125,38.34149169921875,146.78663635253906
114,822.0,430.0,769.4285888671875,468.70587158203125,-6.262759208679199,4.0789923667907715,763.1658325195312,472.78485107421875,-58.83416748046875,42.78485107421875,72.74615478515625
115,1820.0,431.0,1596.5286865234375,469.8505859375,61.80314254760742,6.0402913093566895,1658.331787109375,475.890869140625,-161.668212890625,44.890869140625,167.7849884033203
116,1591.0,595.0,1438.9490966796875,706.3389892578125,56.71693801879883,-71.78887939453125,1495.666015625,634.5501098632812,-95.333984375,39.55010986328125,103.2123031616211
117,1462.0,299.0,1286.1512451171875,343.3025207519531,57.47227096557617,25.499332427978516,1343.62353515625,368.8018493652344,-118.37646484375,69.80184936523438,137.42373657226562
118,689.0,1060.0,654.8571166992188,1072.142822265625,-38.1161003112793,-5.250763893127441,616.7410278320312,1066.89208984375,-72.25897216796875,6.89208984375,72.5869140625
119,220.0,954.0,160.18946838378906,957.8842163085938,56.00336837768555,-10.661321640014648,216.19284057617188,947.222900390625,-3.807159423828125,-6.777099609375,7.773258209228516
120,1653.0,743.0,1444.740234375,826.740234375,92.58882141113281,-51.712425231933594,1537.3291015625,775.02783203125,-115.6708984375,32.02783203125,120.02307891845703
121,545.0,570.0,503.6916809082031,584.441650390625,-2.0366199016571045,19.609586715698242,501.6550598144531,604.0512084960938,-43.344940185546875,34.05120849609375,55.12049102783203
122,1730.0,774.0,1506.490966796875,830.345458984375,86.96002960205078,-29.737876892089844,1593.4510498046875,800.6076049804688,-136.5489501953125,26.60760498046875,139.1171417236328
123,952.0,828.0,893.3275756835938,862.3275756835938,-8.917145729064941,-11.93971061706543,884.410400390625,850.3878784179688,-67.589599609375,22.38787841796875,71.20092010498047
124,1812.0,543.0,1631.720703125,608.7657470703125,42.593441009521484,-21.75763702392578,1674.3140869140625,587.0081176757812,-137.6859130859375,44.00811767578125,144.54800415039062
125,163.0,596.0,146.97479248046875,622.5546264648438,2.403759717941284,14.977571487426758,149.37855529785156,637.5322265625,-13.621444702148438,41.5322265625,43.708919525146484
126,952.0,364.0,844.9083251953125,366.07501220703125,38.265445709228516,41.847496032714844,883.1737670898438,407.9225158691406,-68.82623291015625,43.922515869140625,81.64703369140625
127,1478.0,828.0,1334.717041015625,898.5943603515625,53.55293655395508,-41.38637161254883,1388.27001953125,857.2080078125,-89.72998046875,29.2080078125,94.36406707763672
128,1763.0,732.0,1849.441650390625,769.3250122070312,7.382816314697266,-32.91008377075195,1856.824462890625,736.4149169921875,93.824462890625,4.4149169921875,93.92827606201172
129,952.0,364.0,977.7863159179688,391.4700927734375,6.557634353637695,-42.105525970458984,984.3439331054688,349.36456298828125,32.34393310546875,-14.63543701171875,35.50107192993164
130,884.0,173.0,875.6302490234375,206.85714721679688,8.364250183105469,-49.360870361328125,883.9945068359375,157.49627685546875,-0.0054931640625,-15.50372314453125,15.503724098205566
131,1741.0,132.0,1684.344482421875,243.94117736816406,51.23371887207031,-99.29481506347656,1735.5782470703125,144.6463623046875,-5.4217529296875,12.6463623046875,13.759573936462402
132,1773.0,399.0,1713.9915771484375,459.6134338378906,69.90213775634766,-66.37605285644531,1783.8936767578125,393.23736572265625,10.8936767578125,-5.76263427734375,12.323966026306152
133,1526.0,587.0,1406.91455078125,605.4871826171875,99.4797134399414,-34.84653091430664,1506.394287109375,570.640625,-19.605712890625,-16.359375,25.534547805786133
134,1478.0,364.0,1418.9107666015625,345.09820556640625,48.173580169677734,9.762364387512207,1467.0843505859375,354.8605651855469,-10.9156494140625,-9.139434814453125,14.23659610748291
135,1107.0,638.0,1051.822998046875,637.4159545898438,41.86692810058594,-13.880884170532227,1093.68994140625,623.5350952148438,-13.31005859375,-14.46490478515625,19.65683364868164
136,1567.0,136.0,1582.0438232421875,110.36842346191406,-1.3412481546401978,-16.435049057006836,1580.7025146484375,93.9333724975586,13.7025146484375,-42.066627502441406,44.242061614990234
137,1215.0,1060.0,1238.113037109375,989.0869750976562,-10.9118070602417,39.454673767089844,1227.201171875,1028.5416259765625,12.201171875,-31.4583740234375,33.741634368896484
138,1215.0,132.0,1170.25439453125,126.41227722167969,22.60784339904785,-15.837974548339844,1192.8621826171875,110.57430267333984,-22.1378173828125,-21.425697326660156,30.80817222595215
139,632.0,343.0,620.4821166992188,350.6964416503906,3.081277847290039,-25.527423858642578,623.5634155273438,325.16900634765625,-8.43658447265625,-17.83099365234375,19.726133346557617
140,1478.0,828.0,1540.196533203125,799.8546752929688,-8.3529052734375,-1.8811918497085571,1531.8436279296875,797.9735107421875,53.8436279296875,-30.0264892578125,61.65003204345703
141,704.0,775.0,700.1356201171875,730.3983154296875,-7.446699619293213,19.16180419921875,692.6889038085938,749.5601196289062,-11.31109619140625,-25.43988037109375,27.841127395629883
142,1619.0,261.0,1551.3193359375,250.36134338378906,53.95185470581055,-3.069678783416748,1605.271240234375,247.2916717529297,-13.728759765625,-13.708328247070312,19.400957107543945
143,333.0,925.0,352.3066711425781,876.6533203125,-24.645645141601562,50.31691360473633,327.6610107421875,926.97021484375,-5.3389892578125,1.97021484375,5.690918445587158
144,689.0,596.0,716.4117431640625,675.3949584960938,1.862682580947876,-76.24683380126953,718.2744140625,599.1481323242188,29.2744140625,3.14813232421875,29.443201065063477
145,163.0,132.0,170.44915771484375,177.8474578857422,-17.862943649291992,-42.94546127319336,152.58621215820312,134.90199279785156,-10.413787841796875,2.9019927978515625,10.810575485229492
146,1230.0,710.0,1231.3109130859375,756.9747924804688,26.9095458984375,-47.37113571166992,1258.220458984375,709.6036376953125,28.220458984375,-0.3963623046875,28.223241806030273
147,426.0,828.0,393.49151611328125,810.2711791992188,3.537151336669922,19.693140029907227,397.0286560058594,829.9642944335938,-28.971343994140625,1.96429443359375,29.037858963012695
148,161.0,383.0,238.0,423.5083312988281,-59.48893356323242,-43.957740783691406,178.5110626220703,379.55059814453125,17.511062622070312,-3.44940185546875,17.84756851196289
149,163.0,132.0,232.9468994140625,333.7256774902344,17.39641571044922,-72.58047485351562,250.34332275390625,261.14520263671875,87.34332275390625,129.14520263671875,155.90811157226562
150,689.0,596.0,786.7586059570312,650.3965454101562,0.8031742572784424,-18.0776309967041,787.561767578125,632.3189086914062,98.561767578125,36.31890869140625,105.04039764404297
151,1215.0,1060.0,1283.49072265625,1011.9815063476562,57.49029541015625,14.811578750610352,1340.98095703125,1026.7930908203125,125.98095703125,-33.2069091796875,130.28392028808594
152,689.0,1060.0,838.0,1010.1574096679688,1.421642541885376,59.75056838989258,839.421630859375,1069.907958984375,150.421630859375,9.907958984375,150.74758911132812
153,689.0,132.0,634.7079467773438,256.4424743652344,59.30047607421875,-43.6170768737793,694.0084228515625,212.8253936767578,5.0084228515625,80.82539367675781,80.98042297363281
154,759.0,783.0,874.9912109375,785.2719116210938,-1.6817182302474976,14.435261726379395,873.3095092773438,799.7071533203125,114.30950927734375,16.7071533203125,115.52399444580078
155,552.0,961.0,720.0608520507812,907.5825805664062,-13.58206844329834,76.58301544189453,706.478759765625,984.1655883789062,154.478759765625,23.16558837890625,156.2060546875
156,394.0,826.0,546.377197265625,826.7894897460938,-12.53822135925293,51.642452239990234,533.8389892578125,878.4319458007812,139.8389892578125,52.43194580078125,149.3454132080078
157,561.0,331.0,584.5175170898438,417.8859558105469,28.797330856323242,-24.070016860961914,613.3148193359375,393.8159484863281,52.3148193359375,62.815948486328125,81.7476806640625
158,1215.0,596.0,1265.8348388671875,584.6173706054688,24.288530349731445,3.43472957611084,1290.1234130859375,588.0521240234375,75.1234130859375,-7.9478759765625,75.54267883300781
159,563.0,326.0,760.6060791015625,497.1666564941406,18.572587966918945,-111.93696594238281,779.1786499023438,385.22967529296875,216.17864990234375,59.22967529296875,224.14585876464844
160,1305.0,289.0,1262.25439453125,391.0,74.56037139892578,-78.16253662109375,1336.8148193359375,312.83746337890625,31.8148193359375,23.83746337890625,39.754337310791016
161,952.0,364.0,956.04345703125,427.24346923828125,47.9874382019043,-36.3635139465332,1004.0308837890625,390.87994384765625,52.0308837890625,26.87994384765625,58.56401824951172
162,1457.0,348.0,1410.9561767578125,358.0789489746094,67.39323425292969,-17.1884822845459,1478.349365234375,340.8904724121094,21.349365234375,-7.109527587890625,22.502017974853516
163,1646.0,397.0,1620.122802734375,486.71929931640625,85.98778533935547,-100.85150146484375,1706.110595703125,385.8677978515625,60.110595703125,-11.1322021484375,61.132720947265625
164,1215.0,132.0,1144.3162841796875,208.1794891357422,64.86856079101562,-49.164451599121094,1209.184814453125,159.01504516601562,-5.815185546875,27.015045166015625,27.633838653564453
165,244.0,104.0,277.21240234375,308.99114990234375,39.855995178222656,-74.46064758300781,317.0683898925781,234.53050231933594,73.06838989257812,130.53050231933594,149.59010314941406
166,406.0,980.0,610.9734497070312,945.4867553710938,-30.773666381835938,69.68055725097656,580.1997680664062,1015.1672973632812,174.19976806640625,35.16729736328125,177.71408081054688
167,1741.0,132.0,1628.40869140625,145.8000030517578,85.74635314941406,-28.429258346557617,1714.155029296875,117.37074279785156,-26.844970703125,-14.629257202148438,30.57233428955078
168,915.0,867.0,1006.9210815429688,822.26318359375,24.573741912841797,45.48769760131836,1031.494873046875,867.7508544921875,116.494873046875,0.7508544921875,116.4972915649414
169,607.0,950.0,776.97412109375,906.2069091796875,-19.965105056762695,63.171268463134766,757.009033203125,969.378173828125,150.009033203125,19.378173828125,151.2554931640625
170,157.0,840.0,300.19049072265625,699.4666748046875,23.140628814697266,77.69390106201172,323.33111572265625,777.1605834960938,166.33111572265625,-62.83941650390625,177.80560302734375
171,1215.0,1060.0,1247.8857421875,717.3428344726562,32.069007873535156,160.3489990234375,1279.9547119140625,877.6918334960938,64.9547119140625,-182.30816650390625,193.533935546875
172,459.0,167.0,400.06732177734375,389.875,107.41558074951172,-142.59451293945312,507.48291015625,247.28048706054688,48.48291015625,80.28048706054688,93.78458404541016
173,1067.0,392.0,1114.15380859375,451.76922607421875,44.61306381225586,-86.0573959350586,1158.766845703125,365.7118225097656,91.766845703125,-26.288177490234375,95.45796203613281
174,890.0,797.0,979.7904663085938,621.4190673828125,19.598873138427734,69.32960510253906,999.3893432617188,690.7486572265625,109.38934326171875,-106.2513427734375,152.49713134765625
175,853.0,722.0,931.5618896484375,593.3713989257812,37.924774169921875,39.70621109008789,969.4866943359375,633.07763671875,116.4866943359375,-88.92236328125,146.54808044433594
176,952.0,364.0,998.6792602539062,457.0566101074219,55.147891998291016,-104.37053680419922,1053.8271484375,352.6860656738281,101.8271484375,-11.313934326171875,102.45376586914062
177,163.0,132.0,61.79047775268555,441.1428527832031,252.2205352783203,-216.9931640625,314.0110168457031,224.14968872070312,151.01101684570312,92.14968872070312,176.9064483642578
178,952.0,828.0,1037.6571044921875,673.09521484375,22.677534103393555,22.99165916442871,1060.3345947265625,696.0868530273438,108.3345947265625,-131.91314697265625,170.69699096679688
179,163.0,596.0,221.37142944335938,640.7333374023438,92.25720977783203,-29.20497703552246,313.6286315917969,611.5283813476562,150.62863159179688,15.52838134765625,151.4269256591797
180,596.0,777.0,693.2884521484375,655.5192260742188,55.433040618896484,26.10320472717285,748.7214965820312,681.6224365234375,152.72149658203125,-95.3775634765625,180.05758666992188
181,1478.0,828.0,1528.27880859375,751.298095703125,-11.563469886779785,-102.93859100341797,1516.71533203125,648.3594970703125,38.71533203125,-179.6405029296875,183.76502990722656
182,1215.0,132.0,1216.5142822265625,434.3714294433594,59.714012145996094,-238.80377197265625,1276.228271484375,195.56765747070312,61.228271484375,63.567657470703125,88.25955200195312
183,1398.0,748.0,1459.4903564453125,719.3461303710938,-15.247774124145508,-124.92105865478516,1444.2425537109375,594.425048828125,46.2425537109375,-153.574951171875,160.3859100341797
184,815.0,394.0,845.0288696289062,504.2884521484375,25.94001579284668,-112.81246185302734,870.9688720703125,391.4759826660156,55.9688720703125,-2.524017333984375,56.0257568359375
185,868.0,358.0,883.6634521484375,478.375,49.96476364135742,-109.75678253173828,933.6282348632812,368.61822509765625,65.62823486328125,10.61822509765625,66.4816665649414
186,323.0,211.0,208.34616088867188,481.5865478515625,252.21290588378906,-176.36705017089844,460.55908203125,305.219482421875,137.55908203125,94.219482421875,166.73275756835938
187,1478.0,364.0,1486.40771484375,565.74755859375,64.13823699951172,-212.92999267578125,1550.5458984375,352.81756591796875,72.5458984375,-11.18243408203125,73.4026870727539
188,689.0,132.0,576.0673217773438,410.55767822265625,146.93270874023438,-168.43887329101562,723.0,242.11880493164062,34.0,110.11880493164062,115.24821472167969
189,366.0,484.0,374.6730651855469,547.0288696289062,106.1670150756836,-44.833038330078125,480.840087890625,502.1958312988281,114.840087890625,18.195831298828125,116.27267456054688
190,1121.0,440.0,1148.009765625,533.8931884765625,46.685848236083984,-123.0590591430664,1194.695556640625,410.8341369628906,73.695556640625,-29.165863037109375,79.25706481933594
191,510.0,907.0,537.106201171875,894.2301025390625,8.29804801940918,-14.928277015686035,545.4042358398438,879.3018188476562,35.40423583984375,-27.69818115234375,44.951629638671875
192,1423.0,469.0,1295.131591796875,506.7368469238281,102.44723510742188,-36.32987594604492,1397.578857421875,470.406982421875,-25.421142578125,1.406982421875,25.46004867553711
193,1779.0,905.0,1624.46240234375,790.7957153320312,62.178123474121094,33.23674774169922,1686.6405029296875,824.032470703125,-92.3594970703125,-80.967529296875,122.82514953613281
194,163.0,596.0,330.40350341796875,561.4912109375,-64.25850677490234,-0.06605684757232666,266.1449890136719,561.4251708984375,103.14498901367188,-34.5748291015625,108.78560638427734
195,212.0,367.0,335.8723449707031,377.39361572265625,-29.67320442199707,-28.561925888061523,306.1991271972656,348.8316955566406,94.19912719726562,-18.168304443359375,95.93519592285156
196,1043.0,921.0,949.093994140625,885.05126953125,88.0000991821289,-12.071293830871582,1037.0941162109375,872.97998046875,-5.9058837890625,-48.02001953125,48.381832122802734
197,794.0,481.0,811.7787475585938,474.84954833984375,36.623294830322266,-14.249674797058105,848.4020385742188,460.5998840332031,54.40203857421875,-20.400115966796875,58.10117721557617
198,502.0,508.0,540.5689697265625,522.112060546875,26.739105224609375,-14.900403022766113,567.30810546875,507.211669921875,65.30810546875,-0.788330078125,65.3128662109375
199,1009.0,180.0,945.610595703125,18.90265464782715,90.79527282714844,116.2533187866211,1036.4058837890625,135.15597534179688,27.4058837890625,-44.844024658203125,52.555389404296875
200,1741.0,596.0,1601.913818359375,593.0172119140625,84.500244140625,-23.490161895751953,1686.4140625,569.5270385742188,-54.5859375,-26.47296142578125,60.666648864746094
201,1478.0,364.0,1392.1982421875,378.4741516113281,63.79656219482422,-18.901630401611328,1455.9947509765625,359.572509765625,-22.0052490234375,-4.427490234375,22.446239471435547
202,1601.0,269.0,1478.205078125,362.042724609375,80.63790130615234,-76.69833374023438,1558.843017578125,285.3443908691406,-42.156982421875,16.344390869140625,45.21449279785156
203,163.0,1060.0,291.40789794921875,940.4605102539062,-42.56203842163086,42.449920654296875,248.84585571289062,982.910400390625,85.84585571289062,-77.089599609375,115.37901306152344
204,952.0,364.0,922.7523803710938,337.5428466796875,56.23699951171875,5.863620758056641,978.9893798828125,343.4064636230469,26.9893798828125,-20.593536376953125,33.94879150390625
205,178.0,832.0,313.13043212890625,765.8261108398438,-49.204776763916016,17.059812545776367,263.9256591796875,782.8859252929688,85.9256591796875,-49.11407470703125,98.97177124023438
206,1741.0,1060.0,1595.5614013671875,1260.631591796875,59.738834381103516,-228.59869384765625,1655.30029296875,1032.032958984375,-85.69970703125,-27.967041015625,90.14762878417969
207,266.0,772.0,403.2682800292969,702.0244140625,-46.602779388427734,21.0117244720459,356.6654968261719,723.0361328125,90.66549682617188,-48.9638671875,103.04219055175781
208,879.0,202.0,842.6052856445312,87.87718963623047,71.03744506835938,84.93240356445312,913.6427001953125,172.80960083007812,34.6427001953125,-29.190399169921875,45.301170349121094
209,426.0,364.0,399.7345275878906,385.5398254394531,79.220947265625,-3.7704453468322754,478.9554748535156,381.7693786621094,52.955474853515625,17.769378662109375,55.85725402832031
210,1215.0,1060.0,1232.689697265625,1079.0,28.714555740356445,-50.482704162597656,1261.404296875,1028.517333984375,46.404296875,-31.482666015625,56.075992584228516
211,1741.0,132.0,1767.8017578125,95.03448486328125,0.31826478242874146,-7.294485092163086,1768.1199951171875,87.73999786376953,27.1199951171875,-44.26000213623047,51.90801239013672
212,1121.0,406.0,1117.302978515625,382.5454406738281,44.0117301940918,18.579076766967773,1161.314697265625,401.12451171875,40.314697265625,-4.87548828125,40.608436584472656
213,689.0,596.0,683.4359130859375,581.5982666015625,41.80579376220703,10.533353805541992,725.24169921875,592.131591796875,36.24169921875,-3.868408203125,36.44757080078125
214,663.0,630.0,691.6356201171875,624.7542114257812,22.004316329956055,3.766110420227051,713.6399536132812,628.5203247070312,50.63995361328125,-1.47967529296875,50.661563873291016
215,602.0,768.0,498.8859558105469,765.1929931640625,97.68095397949219,-3.080476760864258,596.56689453125,762.1124877929688,-5.43310546875,-5.88751220703125,8.011331558227539
216,163.0,1060.0,177.68223571777344,991.1215209960938,56.439537048339844,36.5706787109375,234.12176513671875,1027.692138671875,71.12176513671875,-32.307861328125,78.11595916748047
217,689.0,132.0,729.839599609375,253.21697998046875,13.90054988861084,-83.66950988769531,743.7401733398438,169.54747009277344,54.74017333984375,37.54747009277344,66.37995910644531
218,429.0,104.0,421.8205261230469,225.23077392578125,14.165390968322754,-49.92201232910156,435.9859313964844,175.3087615966797,6.985931396484375,71.30876159667969,71.65013885498047
219,493.0,526.0,427.1826171875,475.3565368652344,71.03755187988281,29.93159294128418,498.22015380859375,505.2881164550781,5.22015380859375,-20.711883544921875,21.359590530395508
220,763.0,507.0,693.11767578125,463.8235168457031,81.24820709228516,34.802120208740234,774.3659057617188,498.6256408691406,11.36590576171875,-8.374359130859375,14.117850303649902
221,1741.0,596.0,1767.0438232421875,618.5964965820312,20.401500701904297,-17.65109634399414,1787.4453125,600.9453735351562,46.4453125,4.94537353515625,46.707855224609375
222,689.0,1060.0,644.0423583984375,1013.8643798828125,57.67207717895508,30.11598014831543,701.7144165039062,1043.9803466796875,12.71441650390625,-16.0196533203125,20.45203399658203
223,881.0,568.0,796.4237060546875,546.9915161132812,93.67999267578125,13.534465789794922,890.1036987304688,560.5260009765625,9.10369873046875,-7.4739990234375,11.778709411621094
224,163.0,132.0,255.75,231.48077392578125,-12.998517990112305,-39.147430419921875,242.75148010253906,192.33334350585938,79.75148010253906,60.333343505859375,100.0020523071289
225,1309.0,118.0,1391.203369140625,269.3389892578125,36.33122634887695,-106.9209213256836,1427.5345458984375,162.41806030273438,118.5345458984375,44.418060302734375,126.58358001708984
226,426.0,364.0,416.9327697753906,351.7815246582031,35.408119201660156,4.9213151931762695,452.34088134765625,356.7028503417969,26.34088134765625,-7.297149658203125,27.332956314086914
227,426.0,828.0,340.0288391113281,817.125,91.26710510253906,3.652144193649292,431.29595947265625,820.7771606445312,5.29595947265625,-7.22283935546875,8.956371307373047
228,1215.0,596.0,1236.0672607421875,654.6470336914062,53.92741394042969,-51.54005432128906,1289.99462890625,603.1069946289062,74.99462890625,7.10699462890625,75.33062744140625
229,1047.0,495.0,1023.228271484375,590.70654296875,76.77727508544922,-62.600303649902344,1100.0054931640625,528.1062622070312,53.0054931640625,33.10626220703125,62.49485397338867
230,360.0,212.0,390.3529357910156,292.739501953125,2.9870717525482178,-43.31584167480469,393.3399963378906,249.4236602783203,33.339996337890625,37.42366027832031,50.12071228027344
231,1390.0,116.0,1488.5733642578125,293.20001220703125,42.447994232177734,-130.4735870361328,1531.0213623046875,162.72642517089844,141.0213623046875,46.72642517089844,148.56105041503906
232,1254.0,649.0,1220.2353515625,671.5546264648438,76.59343719482422,-25.166940689086914,1296.8287353515625,646.3876953125,42.8287353515625,-2.6123046875,42.908329010009766
233,115.0,275.0,135.07546997070312,305.5282897949219,14.014233589172363,31.128089904785156,149.08970642089844,336.6563720703125,34.08970642089844,61.6563720703125,70.45293426513672
234,869.0,243.0,822.6495971679688,414.4786376953125,46.177494049072266,-86.04427337646484,868.8270874023438,328.4343566894531,-0.17291259765625,85.43435668945312,85.43453216552734
235,163.0,132.0,131.60638427734375,228.5957489013672,36.92356491088867,-9.44511890411377,168.5299530029297,219.150634765625,5.5299530029296875,87.150634765625,87.3259048461914
236,426.0,364.0,364.1929931640625,512.5,47.3199577331543,-60.072601318359375,411.512939453125,452.4273986816406,-14.487060546875,88.42739868164062,89.60624694824219
237,283.0,926.0,150.09524536132812,889.7428588867188,108.8297119140625,51.147682189941406,258.9249572753906,940.8905639648438,-24.075042724609375,14.89056396484375,28.30788803100586
238,1130.0,918.0,1033.4666748046875,940.7999877929688,80.69241333007812,2.8415043354034424,1114.1590576171875,943.6414794921875,-15.8409423828125,25.6414794921875,30.14002227783203
239,227.0,847.0,142.87930297851562,818.5086059570312,117.47163391113281,49.17127990722656,260.3509521484375,867.6798706054688,33.3509521484375,20.67987060546875,39.24210739135742
240,107.0,577.0,99.02631378173828,604.1052856445312,24.808982849121094,9.581218719482422,123.83529663085938,613.6865234375,16.835296630859375,36.6865234375,40.36493682861328
241,952.0,364.0,893.1517944335938,500.08929443359375,63.10929489135742,-64.9513168334961,956.2611083984375,435.1379699707031,4.2611083984375,71.13796997070312,71.26547241210938
242,593.0,683.0,527.82568359375,683.412841796875,47.15616989135742,17.673049926757812,574.9818725585938,701.0858764648438,-18.01812744140625,18.08587646484375,25.529430389404297
243,233.0,538.0,195.86087036132812,537.5130615234375,56.498008728027344,35.214351654052734,252.35888671875,572.7274169921875,19.35888671875,34.7274169921875,39.75877380371094
244,267.0,606.0,208.55462646484375,649.7227172851562,49.085445404052734,1.830808401107788,257.64007568359375,651.5535278320312,-9.35992431640625,45.55352783203125,46.505184173583984
245,1022.0,821.0,918.0810546875,816.3153076171875,79.85519409179688,24.120609283447266,997.936279296875,840.4359130859375,-24.063720703125,19.4359130859375,30.932464599609375
246,163.0,1060.0,124.39823150634766,1016.6017456054688,58.93122482299805,57.00796127319336,183.32945251464844,1073.6097412109375,20.329452514648438,13.6097412109375,24.46449851989746
247,1533.0,281.0,1445.975341796875,458.3950500488281,82.93072509765625,-101.59856414794922,1528.906005859375,356.7964782714844,-4.093994140625,75.79647827148438,75.9069595336914
248,689.0,596.0,621.923095703125,678.2051391601562,60.98942565917969,-24.098501205444336,682.9125366210938,654.1066284179688,-6.08746337890625,58.10662841796875,58.42462921142578
249,1215.0,1060.0,1023.7176513671875,1006.12939453125,131.82058715820312,41.8133430480957,1155.5382080078125,1047.9427490234375,-59.4617919921875,-12.0572509765625,60.67192077636719
250,1466.0,880.0,1360.432373046875,891.630615234375,81.89108276367188,6.381996154785156,1442.323486328125,898.0126342773438,-23.676513671875,18.01263427734375,29.749492645263672
251,163.0,596.0,196.8474578857422,609.7626953125,6.175438404083252,16.539630889892578,203.0229034423828,626.3023071289062,40.02290344238281,30.30230712890625,50.200225830078125
252,1478.0,364.0,1404.4117431640625,519.494140625,79.63292694091797,-92.17427062988281,1484.044677734375,427.31988525390625,6.044677734375,63.31988525390625,63.607749938964844
253,952.0,828.0,926.8849487304688,848.4071044921875,34.06814193725586,8.26739501953125,960.9530639648438,856.6744995117188,8.95306396484375,28.67449951171875,30.039710998535156
254,163.0,1060.0,104.27381134033203,889.6785888671875,80.59422302246094,91.49311828613281,184.8680419921875,981.1716918945312,21.8680419921875,-78.82830810546875,81.80533599853516
255,134.0,523.0,86.21849060058594,496.4369812011719,30.597209930419922,3.47976016998291,116.81570434570312,499.916748046875,-17.184295654296875,-23.083251953125,28.777360916137695
256,1215.0,596.0,1276.1025390625,571.1709594726562,-6.8555450439453125,-35.09593200683594,1269.2469482421875,536.0750122070312,54.2469482421875,-59.92498779296875,80.83152770996094
257,962.0,870.0,965.2916870117188,739.683349609375,10.554780006408691,46.7931022644043,975.8464965820312,786.4764404296875,13.84649658203125,-83.5235595703125,84.66351318359375
258,952.0,364.0,921.7825927734375,409.7130432128906,41.718631744384766,-71.37022399902344,963.501220703125,338.34283447265625,11.501220703125,-25.65716552734375,28.11704444885254
259,153.0,758.0,82.20689392089844,700.0603637695312,88.94719696044922,2.658703088760376,171.15408325195312,702.7190551757812,18.154083251953125,-55.28094482421875,58.18551254272461
260,1741.0,1060.0,1735.357177734375,951.7678833007812,20.45696449279785,-23.06127166748047,1755.8140869140625,928.7066040039062,14.8140869140625,-131.29339599609375,132.12649536132812
261,1689.0,318.0,1640.368408203125,434.58770751953125,48.53819274902344,-152.37498474121094,1688.9066162109375,282.21270751953125,-0.0933837890625,-35.78729248046875,35.78741455078125
262,1741.0,596.0,1750.9495849609375,615.537841796875,14.354984283447266,-113.6209716796875,1765.3045654296875,501.9168701171875,24.3045654296875,-94.0831298828125,97.17174530029297
263,912.0,121.0,829.4122924804688,176.57894897460938,54.04048538208008,-58.294891357421875,883.4527587890625,118.2840576171875,-28.5472412109375,-2.7159423828125,28.676145553588867
264,689.0,596.0,701.0535888671875,535.3660888671875,4.729949474334717,5.43156099319458,705.7835083007812,540.7976684570312,16.78350830078125,-55.20233154296875,57.69734573364258
265,1741.0,132.0,1696.20166015625,204.68907165527344,49.13025665283203,-110.54562377929688,1745.3319091796875,94.14344787597656,4.3319091796875,-37.85655212402344,38.10359573364258
266,1478.0,364.0,1489.5677490234375,390.4067687988281,25.43649673461914,-75.68998718261719,1515.0042724609375,314.716796875,37.0042724609375,-49.283203125,61.62913513183594
267,426.0,364.0,385.4871826171875,403.3760681152344,34.09475326538086,-28.686737060546875,419.5819396972656,374.6893310546875,-6.418060302734375,10.6893310546875,12.468091011047363
268,1717.0,517.0,1728.5263671875,559.122802734375,17.69255828857422,-128.6778106689453,1746.2188720703125,430.44500732421875,29.2188720703125,-86.55499267578125,91.353759765625
269,1522.0,118.0,1438.1217041015625,189.0521697998047,55.219970703125,-92.65769958496094,1493.3416748046875,96.39447021484375,-28.6583251953125,-21.60552978515625,35.89009094238281
270,363.0,391.0,306.93218994140625,460.7542419433594,41.545345306396484,-36.455322265625,348.4775390625,424.2989196777344,-14.5224609375,33.298919677734375,36.32794952392578
271,1278.0,346.0,1299.203369140625,339.822021484375,-1.1399919986724854,-32.12004470825195,1298.0633544921875,307.70196533203125,20.0633544921875,-38.29803466796875,43.235145568847656
272,614.0,442.0,609.0762939453125,461.1355895996094,9.12910270690918,-40.269046783447266,618.2053833007812,420.8665466308594,4.20538330078125,-21.133453369140625,21.547809600830078
273,761.0,921.0,756.8319091796875,730.9915771484375,13.370607376098633,102.54806518554688,770.2025146484375,833.5396728515625,9.2025146484375,-87.4603271484375,87.9431381225586
274,246.0,575.0,205.9310302734375,535.8534545898438,41.125362396240234,14.508710861206055,247.056396484375,550.3621826171875,1.056396484375,-24.6378173828125,24.66045379638672
275,1643.0,943.0,1638.75830078125,892.875,67.42627716064453,20.180137634277344,1706.1845703125,913.0551147460938,63.1845703125,-29.94488525390625,69.9212875366211
276,303.0,488.0,274.8907470703125,477.08404541015625,9.82795524597168,-9.008879661560059,284.71868896484375,468.0751647949219,-18.28131103515625,-19.924835205078125,27.040809631347656
277,1741.0,596.0,1783.20166015625,644.0671997070312,55.472965240478516,-64.45291137695312,1838.6746826171875,579.6142578125,97.6746826171875,-16.3857421875,99.03956604003906
278,1248.0,602.0,1256.558349609375,636.3250122070312,57.37639236450195,-53.42930603027344,1313.9346923828125,582.8956909179688,65.9346923828125,-19.10430908203125,68.64662170410156
279,324.0,810.0,278.1764831542969,801.7899169921875,21.850936889648438,3.4425570964813232,300.02740478515625,805.2324829101562,-23.97259521484375,-4.76751708984375,24.44206428527832
280,163.0,596.0,163.48333740234375,596.2083129882812,3.776789426803589,-11.075835227966309,167.2601318359375,585.1325073242188,4.2601318359375,-10.86749267578125,11.6726655960083
281,1215.0,132.0,1229.0,181.90834045410156,27.628576278686523,-68.73014831542969,1256.6285400390625,113.17819213867188,41.6285400390625,-18.821807861328125,45.68583679199219
282,1785.0,572.0,1840.2119140625,609.0932006835938,44.92210388183594,-47.39134216308594,1885.134033203125,561.7018432617188,100.134033203125,-10.29815673828125,100.66218566894531
283,426.0,828.0,403.8050842285156,799.3898315429688,15.854482650756836,15.728998184204102,419.6595764160156,815.1188354492188,-6.340423583984375,-12.88116455078125,14.357067108154297
284,977.0,615.0,987.2174072265625,608.13916015625,28.91070556640625,-16.180620193481445,1016.1281127929688,591.9585571289062,39.12811279296875,-23.04144287109375,45.40834045410156
285,754.0,475.0,730.2999877929688,506.9166564941406,45.25002670288086,-44.96757507324219,775.5499877929688,461.9490966796875,21.54998779296875,-13.0509033203125,25.193809509277344
286,1367.0,851.0,1387.75830078125,803.2999877929688,39.62396240234375,13.985798835754395,1427.38232421875,817.2857666015625,60.38232421875,-33.7142333984375,69.1568832397461
287,1145.0,785.0,1163.7249755859375,738.1333618164062,30.9846134185791,13.476932525634766,1194.7095947265625,751.6102905273438,49.7095947265625,-33.38970947265625,59.88252258300781
288,163.0,132.0,91.66386413574219,122.10083770751953,32.45957565307617,-15.601472854614258,124.12344360351562,106.4993667602539,-38.876556396484375,-25.500633239746094,46.493751525878906
289,1478.0,828.0,1554.434814453125,814.8695678710938,11.181985855102539,-16.00279998779297,1565.6168212890625,798.8667602539062,87.6168212890625,-29.13323974609375,92.33338165283203
290,1741.0,1060.0,1835.781005859375,975.5809326171875,21.039907455444336,26.771949768066406,1856.8209228515625,1002.3529052734375,115.8209228515625,-57.6470947265625,129.37416076660156
291,163.0,1060.0,139.69747924804688,1013.3949584960938,44.09721374511719,35.86327362060547,183.79469299316406,1049.2581787109375,20.794692993164062,-10.7418212890625,23.405254364013672
292,1471.0,467.0,1480.857177734375,504.02520751953125,55.02882766723633,-56.13172149658203,1535.885986328125,447.89349365234375,64.885986328125,-19.10650634765625,67.64059448242188
293,290.0,932.0,235.65834045410156,883.4083251953125,42.228511810302734,30.68556785583496,277.8868408203125,914.0938720703125,-12.1131591796875,-17.9061279296875,21.618465423583984
294,689.0,132.0,644.7562866210938,182.56301879882812,39.39938735961914,-55.717529296875,684.1557006835938,126.84548950195312,-4.84429931640625,-5.154510498046875,7.073627948760986
295,1802.0,479.0,1820.4285888671875,513.84033203125,55.42406463623047,-48.44160079956055,1875.8526611328125,465.39874267578125,73.8526611328125,-13.60125732421875,75.09467315673828
296,689.0,132.0,729.0091552734375,281.61468505859375,23.11155128479004,-68.96077728271484,752.1207275390625,212.65390014648438,63.1207275390625,80.65390014648438,102.41717529296875
297,426.0,828.0,553.20751953125,784.6509399414062,-45.03224182128906,71.07904815673828,508.17529296875,855.72998046875,82.17529296875,27.72998046875,86.72791290283203
298,163.0,596.0,352.3119201660156,632.5504760742188,-109.19928741455078,16.780298233032227,243.11264038085938,649.3307495117188,80.11264038085938,53.33074951171875,96.24034881591797
299,1510.0,974.0,1485.55859375,944.1621704101562,58.864219665527344,26.808284759521484,1544.4228515625,970.970458984375,34.4228515625,-3.029541015625,34.555908203125
300,1741.0,596.0,1664.8363037109375,664.7454833984375,93.90524291992188,-44.86115646362305,1758.7415771484375,619.8843383789062,17.7415771484375,23.88433837890625,29.75273323059082
301,1000.0,643.0,1130.720703125,648.6216430664062,-45.16719436645508,25.465112686157227,1085.553466796875,674.0867309570312,85.553466796875,31.08673095703125,91.02626037597656
302,1387.0,363.0,1375.0272216796875,489.5,50.26112747192383,-80.0710220336914,1425.288330078125,409.4289855957031,38.288330078125,46.428985595703125,60.18012237548828
303,995.0,906.0,1154.7818603515625,809.2636108398438,-72.65264129638672,80.935546875,1082.1292724609375,890.1991577148438,87.1292724609375,-15.80084228515625,88.55042266845703
304,1215.0,596.0,1216.189208984375,661.1621704101562,44.16771697998047,-20.535581588745117,1260.35693359375,640.6265869140625,45.35693359375,44.6265869140625,63.63005447387695
305,141.0,108.0,117.52884674072266,255.58653259277344,63.78980255126953,-63.20109558105469,181.3186492919922,192.38543701171875,40.31864929199219,84.38543701171875,93.52269744873047
306,670.0,680.0,778.5225219726562,707.0630493164062,-45.66038513183594,6.249118804931641,732.8621215820312,713.3121948242188,62.86212158203125,33.31219482421875,71.14315795898438
307,689.0,1060.0,843.3518676757812,884.9259033203125,-70.40458679199219,147.8909149169922,772.947265625,1032.8167724609375,83.947265625,-27.1832275390625,88.23871612548828
308,1232.0,828.0,1213.6607666015625,872.5982055664062,65.21101379394531,-8.128562927246094,1278.871826171875,864.4696655273438,46.871826171875,36.46966552734375,59.38859176635742
309,1263.0,352.0,1193.54052734375,495.6756896972656,84.9886703491211,-70.45469665527344,1278.5291748046875,425.22100830078125,15.5291748046875,73.22100830078125,74.84965515136719
310,952.0,364.0,951.3272705078125,479.2818298339844,38.15705490112305,-52.09168243408203,989.4843139648438,427.1901550292969,37.48431396484375,63.190155029296875,73.4715576171875
311,952.0,828.0,1061.2142333984375,781.8125,-48.12411117553711,56.984310150146484,1013.0901489257812,838.7968139648438,61.09014892578125,10.79681396484375,62.03690719604492
312,1730.0,363.0,1641.101806640625,468.5555419921875,89.402099609375,-72.52620697021484,1730.50390625,396.0293273925781,0.50390625,33.029327392578125,33.033172607421875
313,295.0,736.0,457.8807373046875,798.6146850585938,-89.26599884033203,-1.4233641624450684,368.61474609375,797.1913452148438,73.61474609375,61.19134521484375,95.72623443603516
314,1478.0,828.0,1435.4090576171875,881.69091796875,86.62393951416016,-29.799711227416992,1522.032958984375,851.8912353515625,44.032958984375,23.8912353515625,50.096832275390625
315,306.0,407.0,359.1947021484375,535.50439453125,-29.97184181213379,-44.91858673095703,329.2228698730469,490.5858154296875,23.222869873046875,83.5858154296875,86.75189208984375
316,1471.0,612.0,1438.9727783203125,716.0272827148438,79.65168762207031,-58.181114196777344,1518.62451171875,657.84619140625,47.62451171875,45.84619140625,66.10572814941406
317,1478.0,828.0,1469.31298828125,777.1912841796875,19.336013793945312,57.79739761352539,1488.6490478515625,834.9887084960938,10.6490478515625,6.98870849609375,12.737513542175293
318,518.0,950.0,102.86325073242188,949.5555419921875,248.26565551757812,65.85392761230469,351.12890625,1015.4094848632812,-166.87109375,65.40948486328125,179.2327117919922
319,482.0,575.0,293.64166259765625,598.7750244140625,80.13017272949219,73.93199157714844,373.7718505859375,672.70703125,-108.2281494140625,97.70703125,145.80807495117188
320,1458.0,109.0,1434.3419189453125,163.76068115234375,3.784459114074707,-49.79131317138672,1438.1263427734375,113.96936798095703,-19.8736572265625,4.969367980957031,20.48552894592285
321,472.0,760.0,263.45379638671875,766.1260375976562,94.92555236816406,94.46975708007812,358.37933349609375,860.5958251953125,-113.62066650390625,100.5958251953125,151.753662109375
322,1741.0,596.0,1710.14404296875,596.559326171875,33.08370590209961,7.280928611755371,1743.227783203125,603.8402709960938,2.227783203125,7.84027099609375,8.150635719299316
323,1215.0,596.0,1231.288330078125,656.18017578125,-15.041004180908203,-29.925203323364258,1216.247314453125,626.2549438476562,1.247314453125,30.25494384765625,30.280643463134766
324,1252.0,415.0,1181.1207275390625,524.4655151367188,45.89751434326172,-54.16033172607422,1227.0181884765625,470.30517578125,-24.9818115234375,55.30517578125,60.685691833496094
325,893.0,543.0,746.4102783203125,646.2820434570312,67.74333190917969,-14.405460357666016,814.1536254882812,631.8765869140625,-78.84637451171875,88.8765869140625,118.80992889404297
326,689.0,132.0,588.378173828125,325.3865661621094,24.002172470092773,-76.68603515625,612.38037109375,248.70053100585938,-76.61962890625,116.70053100585938,139.60508728027344
327,368.0,568.0,250.5677947998047,652.703369140625,15.793770790100098,12.980565071105957,266.361572265625,665.6839599609375,-101.638427734375,97.6839599609375,140.96994018554688
328,1107.0,731.0,1014.0,786.9915771484375,61.12400817871094,14.598700523376465,1075.1240234375,801.5902709960938,-31.8759765625,70.59027099609375,77.45362854003906
329,1741.0,132.0,1672.13671875,264.74359130859375,57.46297073364258,-100.36129760742188,1729.5997314453125,164.38229370117188,-11.4002685546875,32.382293701171875,34.330440521240234
330,952.0,364.0,904.6101684570312,487.9067687988281,15.859084129333496,-54.01795959472656,920.46923828125,433.8887939453125,-31.53076171875,69.8887939453125,76.6722412109375
331,1150.0,664.0,1114.739501953125,707.3445434570312,18.64850616455078,2.5960521697998047,1133.3880615234375,709.9406127929688,-16.6119384765625,45.94061279296875,48.85177993774414
332,163.0,596.0,14.110169410705566,671.1948852539062,69.7248306274414,15.359859466552734,83.83499908447266,686.5547485351562,-79.16500091552734,90.55474853515625,120.27992248535156
333,1615.0,772.0,1585.534423828125,839.612060546875,52.26799774169922,-20.966394424438477,1637.8023681640625,818.6456909179688,22.8023681640625,46.64569091796875,51.92079162597656
334,1718.0,817.0,1699.8135986328125,780.14404296875,44.77116012573242,38.69068145751953,1744.584716796875,818.834716796875,26.584716796875,1.834716796875,26.647953033447266
335,163.0,132.0,135.60169982910156,290.9576416015625,-4.886114597320557,-62.602256774902344,130.71559143066406,228.35537719726562,-32.28440856933594,96.35537719726562,101.62008666992188
336,133.0,727.0,-58.24576187133789,765.4321899414062,140.00198364257812,38.15878677368164,81.7562255859375,803.5910034179688,-51.2437744140625,76.59100341796875,92.15262603759766
337,952.0,828.0,886.322021484375,815.7118530273438,28.856149673461914,74.583984375,915.1781616210938,890.2958374023438,-36.82183837890625,62.29583740234375,72.36448669433594
338,609.0,283.0,546.621826171875,331.6470642089844,100.21400451660156,-71.75133514404297,646.8358154296875,259.8957214355469,37.8358154296875,-23.104278564453125,44.33234405517578
339,621.0,145.0,633.1932983398438,181.2100830078125,43.747344970703125,-71.3177490234375,676.940673828125,109.892333984375,55.940673828125,-35.107666015625,66.04473876953125
340,1697.0,264.0,1700.939697265625,360.0517272949219,28.765817642211914,-94.594482421875,1729.70556640625,265.4572448730469,32.70556640625,1.457244873046875,32.738014221191406
341,901.0,492.0,952.8632202148438,403.8803405761719,14.376290321350098,6.984370231628418,967.239501953125,410.8647155761719,66.239501953125,-81.13528442382812,104.74066162109375
342,1150.0,821.0,1188.837646484375,692.7350463867188,6.859512805938721,25.11020278930664,1195.6971435546875,717.8452758789062,45.6971435546875,-103.15472412109375,112.82342529296875
343,1741.0,1060.0,1758.1607666015625,969.1607055664062,30.27597427368164,-13.220257759094238,1788.436767578125,955.9404296875,47.436767578125,-104.0595703125,114.36188507080078
344,1219.0,504.0,1211.915283203125,523.322021484375,59.47584533691406,-80.67903137207031,1271.39111328125,442.64300537109375,52.39111328125,-61.35699462890625,80.68153381347656
345,1321.0,349.0,1307.4033203125,327.47900390625,47.79731750488281,-15.093727111816406,1355.20068359375,312.3852844238281,34.20068359375,-36.614715576171875,50.10313415527344
346,769.0,600.0,808.4166870117188,500.1916809082031,26.632675170898438,8.02491569519043,835.0493774414062,508.2165832519531,66.04937744140625,-91.78341674804688,113.07836151123047
347,1764.0,455.0,1776.0760498046875,465.3369445800781,-2.9713995456695557,-57.20164108276367,1773.1046142578125,408.13531494140625,9.1046142578125,-46.86468505859375,47.74089050292969
348,1677.0,502.0,1781.177978515625,453.1610107421875,-37.92552185058594,-8.563030242919922,1743.25244140625,444.5979919433594,66.25244140625,-57.402008056640625,87.66057586669922
349,1478.0,364.0,1428.495849609375,435.3781433105469,60.282527923583984,-86.61058807373047,1488.7783203125,348.7675476074219,10.7783203125,-15.232452392578125,18.660112380981445
350,587.0,685.0,645.638671875,575.20166015625,25.86298370361328,1.7677429914474487,671.5016479492188,576.9694213867188,84.50164794921875,-108.03057861328125,137.1536865234375
351,693.0,143.0,663.9237060546875,158.4915313720703,73.54391479492188,-47.53404235839844,737.4676513671875,110.95748901367188,44.4676513671875,-32.042510986328125,54.80961990356445
352,1185.0,577.0,1162.550048828125,528.6666870117188,66.25538635253906,-26.930511474609375,1228.805419921875,501.7361755371094,43.805419921875,-75.26382446289062,87.08362579345703
353,1486.0,485.0,1433.7833251953125,396.0583190917969,71.5501708984375,45.430625915527344,1505.33349609375,441.48895263671875,19.33349609375,-43.51104736328125,47.61297607421875
354,623.0,824.0,735.20166015625,656.6470336914062,-13.587267875671387,43.27042007446289,721.6143798828125,699.91748046875,98.6143798828125,-124.08251953125,158.4969024658203
355,620.0,774.0,688.6554565429688,648.6890869140625,20.290620803833008,7.586260795593262,708.9461059570312,656.2753295898438,88.94610595703125,-117.72467041015625,147.54832458496094
356,1478.0,828.0,1458.0252685546875,806.6638793945312,35.93701934814453,-60.17284393310547,1493.9622802734375,746.4910278320312,15.9622802734375,-81.50897216796875,83.0572509765625
357,1598.0,289.0,1589.474609375,321.5762634277344,33.016929626464844,-41.25884246826172,1622.4915771484375,280.3174133300781,24.4915771484375,-8.682586669921875,25.98508644104004
358,266.0,640.0,394.059326171875,578.415283203125,-25.018321990966797,-37.60105895996094,369.041015625,540.814208984375,103.041015625,-99.185791015625,143.0219268798828
359,922.0,178.0,894.5701904296875,190.24562072753906,71.55170440673828,-50.43748474121094,966.1218872070312,139.80813598632812,44.12188720703125,-38.191864013671875,58.3554573059082
360,303.0,560.0,414.4375,508.6071472167969,-7.097264289855957,-41.97712707519531,407.3402404785156,466.6300048828125,104.34024047851562,-93.3699951171875,140.0172882080078
361,860.0,402.0,836.2772827148438,387.33612060546875,70.67884826660156,-44.973201751708984,906.9561157226562,342.3629150390625,46.95611572265625,-59.6370849609375,75.9042739868164
362,1369.0,740.0,1395.3865966796875,636.1344604492188,-1.7028499841690063,21.12584686279297,1393.6837158203125,657.2603149414062,24.6837158203125,-82.73968505859375,86.3431625366211
363,1683.0,816.0,1740.4017333984375,830.7179565429688,18.4130916595459,-56.41120147705078,1758.8148193359375,774.3067626953125,75.8148193359375,-41.6932373046875,86.52290344238281
364,1776.0,739.0,1910.888916015625,800.940185546875,-7.394327163696289,-101.0807876586914,1903.49462890625,699.859375,127.49462890625,-39.140625,133.36741638183594
365,957.0,507.0,974.3499755859375,433.8833312988281,38.30515670776367,-2.315241813659668,1012.6551513671875,431.5680847167969,55.6551513671875,-75.43191528320312,93.74150848388672
366,426.0,828.0,523.5294189453125,739.20166015625,-14.879551887512207,-18.600831985473633,508.6498718261719,720.600830078125,82.64987182617188,-107.399169921875,135.51968383789062
367,914.0,693.0,951.1101684570312,597.4576416015625,24.78865623474121,1.3653919696807861,975.8988037109375,598.8230590820312,61.8988037109375,-94.17694091796875,112.69763946533203
368,223.0,153.0,239.5749969482422,146.76666259765625,56.87162399291992,-38.00830841064453,296.4466247558594,108.75835418701172,73.44662475585938,-44.24164581298828,85.74223327636719
369,1363.0,481.0,1381.100830078125,399.941162109375,22.473915100097656,24.75497817993164,1403.57470703125,424.6961364746094,40.57470703125,-56.303863525390625,69.40052032470703
370,630.0,453.0,582.7672119140625,549.0948486328125,55.292152404785156,-52.82315444946289,638.0593872070312,496.2716979980469,8.05938720703125,43.271697998046875,44.01583480834961
371,1403.0,278.0,1387.9832763671875,339.0583190917969,49.82732391357422,-49.74428939819336,1437.810546875,289.31402587890625,34.810546875,11.31402587890625,36.603023529052734
372,714.0,550.0,725.3589477539062,531.4102783203125,17.343109130859375,4.935384750366211,742.7020263671875,536.3456420898438,28.7020263671875,-13.65435791015625,31.784395217895508
373,689.0,1060.0,647.4396362304688,909.4913940429688,42.296566009521484,125.13323974609375,689.7362060546875,1034.6246337890625,0.7362060546875,-25.3753662109375,25.386043548583984
374,813.0,338.0,864.2626953125,323.77117919921875,-6.5599164962768555,-6.006204128265381,857.7027587890625,317.7649841308594,44.7027587890625,-20.235015869140625,49.06926345825195
375,950.0,629.0,991.415283203125,571.584716796875,-1.0930979251861572,39.42692947387695,990.3222045898438,611.0116577148438,40.32220458984375,-17.98834228515625,44.15269470214844
376,1567.0,496.0,1557.94873046875,471.3589782714844,52.00159454345703,25.867610931396484,1609.9503173828125,497.2265930175781,42.9503173828125,1.226593017578125,42.96782684326172
377,477.0,302.0,471.6000061035156,360.0916748046875,24.214550018310547,-45.122467041015625,495.8145446777344,314.9692077636719,18.814544677734375,12.969207763671875,22.851421356201172
378,1479.0,473.0,1475.983154296875,444.1428527832031,47.0142822265625,30.44837188720703,1522.9974365234375,474.5912170410156,43.9974365234375,1.591217041015625,44.02620315551758
379,1215.0,596.0,1236.184814453125,557.4957885742188,27.98122787475586,28.653764724731445,1264.166015625,586.1495361328125,49.166015625,-9.8504638671875,50.14308547973633
380,610.0,971.0,609.1694946289062,857.796630859375,17.28915786743164,89.48052215576172,626.4586791992188,947.2771606445312,16.45867919921875,-23.72283935546875,28.873191833496094
381,1118.0,878.0,1162.440673828125,702.440673828125,-14.779034614562988,111.46602630615234,1147.66162109375,813.9066772460938,29.66162109375,-64.09332275390625,70.62411499023438
382,190.0,342.0,270.74560546875,383.14910888671875,-44.463191986083984,-35.999977111816406,226.28240966796875,347.1491394042969,36.28240966796875,5.149139404296875,36.645965576171875
383,701.0,493.0,792.6050415039062,485.87396240234375,-20.509599685668945,-0.512587308883667,772.095458984375,485.36138916015625,71.095458984375,-7.63861083984375,71.50463104248047
384,961.0,334.0,1001.2413940429688,321.4482727050781,-1.4778802394866943,-4.531271934509277,999.7634887695312,316.9169921875,38.76348876953125,-17.0830078125,42.36079788208008
385,323.0,401.0,422.4369812011719,421.8487243652344,-41.88969039916992,-18.1170654296875,380.54730224609375,403.7316589355469,57.54730224609375,2.731658935546875,57.612098693847656
386,883.0,734.0,957.0167846679688,646.3445434570312,-29.17407989501953,59.04550552368164,927.8427124023438,705.3900756835938,44.84271240234375,-28.60992431640625,53.192073822021484
387,426.0,828.0,478.8083190917969,791.7833251953125,-21.356515884399414,36.26865768432617,457.4518127441406,828.052001953125,31.451812744140625,0.052001953125,31.45185661315918
388,1611.0,768.0,1617.7203369140625,737.8474731445312,47.218597412109375,23.381311416625977,1664.93896484375,761.228759765625,53.93896484375,-6.771240234375,54.3623161315918
389,1076.0,250.0,1097.4830322265625,254.04237365722656,6.769349575042725,-9.158998489379883,1104.25244140625,244.8833770751953,28.25244140625,-5.1166229248046875,28.71202278137207
390,651.0,676.0,695.3529663085938,658.84033203125,-7.201798915863037,12.578508377075195,688.1511840820312,671.4188232421875,37.15118408203125,-4.5811767578125,37.43257522583008
391,1602.0,938.0,1576.8785400390625,921.1775512695312,62.948341369628906,11.969666481018066,1639.826904296875,933.147216796875,37.826904296875,-4.852783203125,38.13691329956055
392,565.0,583.0,588.7562866210938,601.7562866210938,5.0053300857543945,-13.310863494873047,593.7615966796875,588.4454345703125,28.7615966796875,5.4454345703125,29.272550582885742
393,604.0,868.0,622.9583129882812,829.3250122070312,6.1169819831848145,36.25750732421875,629.0753173828125,865.58251953125,25.0753173828125,-2.41748046875,25.19158172607422
394,244.0,376.0,305.9495849609375,418.2100830078125,-34.119205474853516,-37.40171813964844,271.83038330078125,380.808349609375,27.83038330078125,4.808349609375,28.242706298828125
395,135.0,136.0,162.3076934814453,199.77777099609375,-8.833821296691895,-53.15965270996094,153.473876953125,146.6181182861328,18.473876953125,10.618118286132812,21.307945251464844
396,1792.0,920.0,1754.2972412109375,920.0720825195312,74.40521240234375,-4.185718536376953,1828.702392578125,915.8863525390625,36.702392578125,-4.1136474609375,36.93220520019531
397,1261.0,108.0,1267.877197265625,154.71929931640625,25.453237533569336,-43.57440948486328,1293.3304443359375,111.14488983154297,32.3304443359375,3.1448898315429688,32.4830436706543
398,689.0,132.0,699.7017822265625,162.76315307617188,6.094947338104248,-30.889976501464844,705.7967529296875,131.8731689453125,16.7967529296875,-0.1268310546875,16.797231674194336
399,715.0,787.0,793.3697509765625,709.058837890625,-32.47312545776367,55.50862503051758,760.8966064453125,764.5674438476562,45.8966064453125,-22.43255615234375,51.08539962768555
400,547.0,135.0,584.739501953125,188.46218872070312,5.5988030433654785,-50.50321960449219,590.3383178710938,137.95896911621094,43.33831787109375,2.9589691162109375,43.439212799072266
401,780.0,531.0,862.3333129882812,506.7250061035156,-22.694787979125977,12.954594612121582,839.6385498046875,519.6796264648438,59.6385498046875,-11.32037353515625,60.70343780517578
402,1131.0,275.0,1122.339599609375,258.2924499511719,5.83208703994751,-48.06587600708008,1128.171630859375,210.22657775878906,-2.828369140625,-64.77342224121094,64.83514404296875
403,1548.0,536.0,1509.769287109375,397.2019348144531,2.970560073852539,-12.830429077148438,1512.7398681640625,384.37152099609375,-35.2601318359375,-151.62847900390625,155.67425537109375
404,952.0,828.0,957.7756958007812,542.9439086914062,20.22486114501953,101.05491638183594,978.0005493164062,643.9988403320312,26.00054931640625,-184.00115966796875,185.8291015625
405,689.0,596.0,688.3113403320312,436.9245300292969,49.30671310424805,59.11390686035156,737.6180419921875,496.0384521484375,48.6180419921875,-99.9615478515625,111.15766143798828
406,236.0,689.0,329.5181884765625,551.9000244140625,38.206390380859375,59.98708724975586,367.7245788574219,611.8870849609375,131.72457885742188,-77.1129150390625,152.6360626220703
407,1562.0,565.0,1498.2161865234375,442.11712646484375,23.312427520751953,-19.618408203125,1521.528564453125,422.49871826171875,-40.471435546875,-142.50128173828125,148.13693237304688
408,1776.0,574.0,1721.1759033203125,449.0,3.726120948791504,-46.35905075073242,1724.9019775390625,402.6409606933594,-51.0980224609375,-171.35903930664062,178.81533813476562
409,426.0,828.0,564.631591796875,503.631591796875,5.949707508087158,192.32107543945312,570.581298828125,695.95263671875,144.581298828125,-132.04736328125,195.8066864013672
410,921.0,645.0,931.3063354492188,492.1261291503906,27.12464714050293,24.985504150390625,958.4309692382812,517.1116333007812,37.43096923828125,-127.88836669921875,133.25355529785156
411,425.0,834.0,549.952392578125,619.009521484375,0.7887715697288513,90.15977478027344,550.7411499023438,709.1693115234375,125.74114990234375,-124.8306884765625,177.18222045898438
412,925.0,393.0,930.0810546875,353.549560546875,24.60541343688965,-44.00521469116211,954.6864624023438,309.5443420410156,29.68646240234375,-83.45565795898438,88.57839965820312
413,1741.0,132.0,1592.798095703125,255.34616088867188,42.740840911865234,-168.85293579101562,1635.5389404296875,86.49322509765625,-105.4610595703125,-45.50677490234375,114.86035919189453
414,725.0,317.0,665.6880493164062,334.6880798339844,85.04012298583984,-54.101200103759766,750.7281494140625,280.5868835449219,25.7281494140625,-36.413116455078125,44.58534240722656
415,1741.0,596.0,1625.4368896484375,391.5339660644531,49.837181091308594,29.643630981445312,1675.2740478515625,421.1776123046875,-65.7259521484375,-174.8223876953125,186.76930236816406
416,426.0,364.0,335.5545349121094,346.7454528808594,116.2831802368164,-18.504846572875977,451.83770751953125,328.2406005859375,25.83770751953125,-35.7593994140625,44.11713790893555
417,1243.0,876.0,1233.5108642578125,603.521728515625,13.675591468811035,80.6517562866211,1247.1864013671875,684.1734619140625,4.1864013671875,-191.8265380859375,191.87220764160156
418,444.0,428.0,429.7363586425781,389.69091796875,65.83612823486328,-17.669660568237305,495.5724792480469,372.0212707519531,51.572479248046875,-55.978729248046875,76.11398315429688
419,1215.0,132.0,1151.452880859375,232.35848999023438,53.248626708984375,-123.5446548461914,1204.7015380859375,108.81383514404297,-10.2984619140625,-23.18616485595703,25.37038803100586
420,163.0,1060.0,325.7368469238281,801.3508911132812,15.402499198913574,123.38230895996094,341.13934326171875,924.7332153320312,178.13934326171875,-135.26678466796875,223.6754913330078
421,227.0,344.0,199.40541076660156,371.1351318359375,70.76113891601562,-18.81104850769043,270.16656494140625,352.3240966796875,43.16656494140625,8.3240966796875,43.96183395385742
422,1741.0,1060.0,1624.2166748046875,689.1666870117188,72.50244903564453,88.63460540771484,1696.7191162109375,777.80126953125,-44.2808837890625,-282.19873046875,285.6517639160156
423,743.0,869.0,773.9821166992188,711.8392944335938,-22.936279296875,45.92816925048828,751.0458374023438,757.7674560546875,8.04583740234375,-111.2325439453125,111.52315521240234
424,1741.0,1060.0,1514.8157958984375,864.8947143554688,115.70973205566406,65.28199005126953,1630.5255126953125,930.1766967773438,-110.4744873046875,-129.82330322265625,170.4661407470703
425,552.0,334.0,579.090087890625,220.96395874023438,1.361436367034912,5.091612339019775,580.4515380859375,226.05557250976562,28.4515380859375,-107.94442749023438,111.63104248046875
426,921.0,618.0,980.412841796875,581.8073120117188,-9.21187973022461,-35.13262176513672,971.2009887695312,546.6746826171875,50.20098876953125,-71.3253173828125,87.22064208984375
427,1074.0,218.0,1040.1680908203125,297.3805236816406,36.61894989013672,-99.48099517822266,1076.7869873046875,197.8995361328125,2.7869873046875,-20.1004638671875,20.292757034301758
428,868.0,894.0,923.5740966796875,751.1481323242188,-34.75312423706055,35.06511306762695,888.8209838867188,786.2132568359375,20.82098388671875,-107.7867431640625,109.77930450439453
429,952.0,828.0,995.0280151367188,792.8131103515625,-20.73481559753418,-50.29466247558594,974.293212890625,742.5184326171875,22.293212890625,-85.4815673828125,88.34073638916016
430,426.0,828.0,483.9012451171875,513.25927734375,26.19297218322754,190.6223602294922,510.0942077636719,703.8816528320312,84.09420776367188,-124.11834716796875,149.92398071289062
431,163.0,596.0,304.3928527832031,385.02679443359375,-46.415618896484375,76.4460220336914,257.97723388671875,461.4728088378906,94.97723388671875,-134.52719116210938,164.67616271972656
432,1596.0,872.0,1438.4814453125,833.74072265625,99.9008560180664,-34.94154357910156,1538.38232421875,798.7991943359375,-57.61767578125,-73.2008056640625,93.15660858154297
433,207.0,857.0,372.10809326171875,698.6216430664062,-93.786376953125,11.351641654968262,278.32171630859375,709.9732666015625,71.32171630859375,-147.0267333984375,163.41250610351562
434,1478.0,364.0,1302.92919921875,469.3274230957031,119.92645263671875,-102.6963119506836,1422.855712890625,366.631103515625,-55.144287109375,2.631103515625,55.2070198059082
435,1580.0,269.0,1515.75,344.28570556640625,51.216400146484375,-80.34101104736328,1566.9664306640625,263.9447021484375,-13.0335693359375,-5.0552978515625,13.979626655578613
436,1062.0,683.0,1004.5132446289062,579.2389526367188,46.25822067260742,14.189159393310547,1050.771484375,593.4281005859375,-11.228515625,-89.5718994140625,90.27294158935547
437,1741.0,596.0,1699.108154296875,588.5315551757812,7.652770042419434,-48.13761901855469,1706.7608642578125,540.3939208984375,-34.2391357421875,-55.6060791015625,65.3020248413086
438,1732.0,337.0,1806.732177734375,435.4553527832031,-33.56699752807617,-131.5844268798828,1773.1651611328125,303.87091064453125,41.1651611328125,-33.12908935546875,52.840389251708984
439,163.0,1060.0,321.1290283203125,785.8064575195312,-51.62493133544922,103.74828338623047,269.50408935546875,889.5547485351562,106.50408935546875,-170.44525146484375,200.9843292236328
440,1741.0,132.0,1682.892822265625,218.76785278320312,40.064998626708984,-63.5181884765625,1722.957763671875,155.24966430664062,-18.042236328125,23.249664306640625,29.429052352905273
441,1588.0,426.0,1487.2589111328125,463.9464416503906,75.93762969970703,-63.9472541809082,1563.196533203125,399.9991760253906,-24.803466796875,-26.000823974609375,35.93403625488281
442,689.0,1060.0,703.780029296875,691.9400024414062,12.475903511047363,211.55421447753906,716.2559204101562,903.4942016601562,27.25592041015625,-156.50579833984375,158.86141967773438
443,1640.0,219.0,1611.6756591796875,327.8468322753906,44.12824630737305,-102.45486450195312,1655.803955078125,225.3919677734375,15.803955078125,6.3919677734375,17.04764747619629
444,689.0,1060.0,684.3818359375,1006.0999755859375,-9.54267406463623,53.43895721435547,674.8391723632812,1059.5389404296875,-14.16082763671875,-0.4610595703125,14.168331146240234
445,1336.0,321.0,1314.536376953125,437.2272644042969,40.25127029418945,-88.78633880615234,1354.78759765625,348.44091796875,18.78759765625,27.44091796875,33.25624465942383
446,569.0,476.0,514.370361328125,487.0185241699219,19.425750732421875,-15.8768310546875,533.796142578125,471.1416931152344,-35.203857421875,-4.858306884765625,35.53750991821289
447,163.0,132.0,96.89090728759766,125.02727508544922,25.8891544342041,-17.364809036254883,122.78005981445312,107.66246795654297,-40.219940185546875,-24.33753204345703,47.01020050048828
448,202.0,234.0,111.49090576171875,231.91818237304688,47.92182159423828,-18.54911231994629,159.4127197265625,213.3690643310547,-42.5872802734375,-20.630935668945312,47.32136917114258
449,1215.0,1060.0,1218.300048828125,1030.04541015625,-19.550825119018555,38.325279235839844,1198.749267578125,1068.3707275390625,-16.250732421875,8.3707275390625,18.279918670654297
450,1800.0,203.0,1753.8818359375,298.69091796875,54.45107650756836,-52.841766357421875,1808.3328857421875,245.84915161132812,8.3328857421875,42.849151611328125,43.65188217163086
451,1741.0,1060.0,1727.2454833984375,1037.0272216796875,37.123931884765625,22.230634689331055,1764.369384765625,1059.2578125,23.369384765625,-0.7421875,23.381168365478516
452,163.0,596.0,80.11009216308594,587.889892578125,68.26426696777344,-17.4693603515625,148.37435913085938,570.4205322265625,-14.625640869140625,-25.5794677734375,29.46554946899414
453,1046.0,679.0,1003.5855712890625,692.3423461914062,27.86719512939453,-5.924513816833496,1031.4527587890625,686.4178466796875,-14.5472412109375,7.4178466796875,16.32931900024414
454,924.0,834.0,888.52294921875,820.0,19.31097412109375,14.164443016052246,907.8339233398438,834.1644287109375,-16.16607666015625,0.1644287109375,16.166913986206055
455,386.0,572.0,298.6756896972656,599.5585327148438,21.622201919555664,-13.27496337890625,320.2978820800781,586.2835693359375,-65.70211791992188,14.2835693359375,67.23680877685547
456,689.0,132.0,621.5446166992188,165.04464721679688,31.40007781982422,-24.812360763549805,652.9447021484375,140.23228454589844,-36.0552978515625,8.232284545898438,36.98317337036133
457,363.0,581.0,283.6422119140625,578.6146850585938,19.412771224975586,-4.7882399559021,303.05499267578125,573.826416015625,-59.94500732421875,-7.173583984375,60.37270736694336
458,1399.0,894.0,1370.0,911.9908447265625,23.695629119873047,-0.357297420501709,1393.6956787109375,911.633544921875,-5.3043212890625,17.633544921875,18.4140625
459,952.0,364.0,873.3603515625,418.83782958984375,55.655391693115234,-40.43055725097656,929.0157470703125,378.40728759765625,-22.9842529296875,14.40728759765625,27.12647819519043
460,1322.0,465.0,1289.990966796875,609.0270385742188,56.640785217285156,-102.3065185546875,1346.6317138671875,506.72052001953125,24.6317138671875,41.72052001953125,48.449180603027344
461,163.0,1060.0,35.25688171386719,1073.7889404296875,88.33935546875,-1.8228538036346436,123.59623718261719,1071.966064453125,-39.40376281738281,11.966064453125,41.18061447143555
462,1478.0,364.0,1411.54052734375,493.1441345214844,64.61856079101562,-91.81714630126953,1476.1590576171875,401.3269958496094,-1.8409423828125,37.326995849609375,37.37236404418945
463,255.0,558.0,165.61260986328125,549.1531372070312,39.94154739379883,-6.492051601409912,205.5541534423828,542.6610717773438,-49.44584655761719,-15.33892822265625,51.77040100097656
464,1141.0,837.0,1125.6541748046875,873.962646484375,3.7540130615234375,-19.78304672241211,1129.408203125,854.1796264648438,-11.591796875,17.17962646484375,20.724605560302734
465,952.0,828.0,1017.203369140625,751.5932006835938,-18.513988494873047,5.948654651641846,998.6893920898438,757.5418701171875,46.68939208984375,-70.4581298828125,84.52365112304688
466,708.0,533.0,769.5640869140625,498.80340576171875,-7.683516502380371,-22.937198638916016,761.8805541992188,475.8662109375,53.88055419921875,-57.1337890625,78.5326919555664
467,689.0,596.0,734.08544921875,538.3674926757812,7.964404582977295,-2.629948377609253,742.0498657226562,535.737548828125,53.04986572265625,-60.262451171875,80.28606414794922
468,1390.0,913.0,1345.4444580078125,800.8717651367188,65.32746887207031,29.947710037231445,1410.77197265625,830.8194580078125,20.77197265625,-82.1805419921875,84.76506805419922
469,448.0,465.0,490.9741516113281,475.46551513671875,-3.497180461883545,-43.479530334472656,487.4769592285156,431.9859924316406,39.476959228515625,-33.014007568359375,51.4621696472168
470,1741.0,132.0,1682.6260986328125,186.6782684326172,68.16466522216797,-81.48011779785156,1750.790771484375,105.19815063476562,9.790771484375,-26.801849365234375,28.534160614013672
471,347.0,322.0,296.09564208984375,349.86956787109375,52.87961959838867,-35.3914794921875,348.9752502441406,314.47808837890625,1.975250244140625,-7.52191162109375,7.776937961578369
472,689.0,1060.0,729.2734985351562,920.940185546875,12.742461204528809,54.5306282043457,742.0159301757812,975.4708251953125,53.01593017578125,-84.5291748046875,99.77910614013672
473,163.0,596.0,115.4957275390625,597.4188232421875,71.71729278564453,-37.122581481933594,187.2130126953125,560.2962646484375,24.2130126953125,-35.7037353515625,43.139617919921875
474,952.0,364.0,919.5908813476562,353.68182373046875,60.55699157714844,-35.29241180419922,980.1478881835938,318.389404296875,28.14788818359375,-45.610595703125,53.596923828125
475,1597.0,599.0,1501.52783203125,596.5740966796875,110.469482421875,-64.10174560546875,1611.997314453125,532.4723510742188,14.997314453125,-66.52764892578125,68.1971206665039
476,1685.0,670.0,1578.6495361328125,610.98291015625,108.88739776611328,-21.53835678100586,1687.5369873046875,589.444580078125,2.5369873046875,-80.555419921875,80.5953598022461
477,1231.0,541.0,1196.9298095703125,493.6052551269531,62.561279296875,-20.10546112060547,1259.4910888671875,473.4997863769531,28.4910888671875,-67.50021362304688,73.26677703857422
478,1741.0,596.0,1718.940185546875,572.7692260742188,66.84590911865234,-49.163818359375,1785.7861328125,523.6054077148438,44.7861328125,-72.39459228515625,85.12799072265625
479,1215.0,1060.0,1218.2930908203125,946.9569091796875,40.349342346191406,25.822628021240234,1258.6424560546875,972.779541015625,43.6424560546875,-87.220458984375,97.52985382080078
480,765.0,460.0,767.4491577148438,400.88134765625,32.619789123535156,10.011988639831543,800.0689697265625,410.8933410644531,35.0689697265625,-49.106658935546875,60.34315872192383
481,1215.0,132.0,1213.4102783203125,171.09402465820312,31.492706298828125,-68.48719024658203,1244.9029541015625,102.6068344116211,29.9029541015625,-29.393165588378906,41.93023681640625
482,514.0,204.0,515.94873046875,209.76922607421875,25.771167755126953,-31.514328002929688,541.7199096679688,178.25489807128906,27.71990966796875,-25.745101928710938,37.83125305175781
483,929.0,330.0,905.478271484375,359.7826232910156,50.59245681762695,-56.224979400634766,956.0707397460938,303.5576477050781,27.07073974609375,-26.442352294921875,37.842079162597656
484,1703.0,617.0,1589.991455078125,556.7692260742188,115.3717269897461,-24.33681297302246,1705.3631591796875,532.4324340820312,2.3631591796875,-84.56756591796875,84.60057830810547
485,345.0,281.0,306.19659423828125,337.1709289550781,41.50935745239258,-53.91721725463867,347.7059631347656,283.25372314453125,2.705963134765625,2.25372314453125,3.5215768814086914
486,1215.0,596.0,1188.871826171875,614.6068115234375,53.74814987182617,-46.39154815673828,1242.6199951171875,568.2152709960938,27.6199951171875,-27.78472900390625,39.17723083496094
487,1814.0,187.0,1774.033935546875,253.67796325683594,74.58551788330078,-80.84129333496094,1848.6195068359375,172.836669921875,34.6195068359375,-14.163330078125,37.40468215942383
488,814.0,919.0,790.660888671875,812.9478149414062,22.320484161376953,58.02005386352539,812.9813842773438,870.9678955078125,-1.01861572265625,-48.0321044921875,48.042903900146484
489,1519.0,702.0,1469.534423828125,695.913818359375,71.9774398803711,-24.54704475402832,1541.5118408203125,671.3667602539062,22.5118408203125,-30.63323974609375,38.0155029296875
490,1644.0,525.0,1607.3389892578125,508.61865234375,55.09164810180664,-13.940644264221191,1662.4306640625,494.6780090332031,18.4306640625,-30.321990966796875,35.48397445678711
491,1267.0,824.0,1199.01708984375,778.8119506835938,65.09264373779297,9.499199867248535,1264.1097412109375,788.3111572265625,-2.8902587890625,-35.6888427734375,35.805686950683594
492,1092.0,940.0,1061.7349853515625,834.94873046875,39.8822021484375,50.5962028503418,1101.6171875,885.544921875,9.6171875,-54.455078125,55.297794342041016
493,163.0,596.0,138.113037109375,567.7304077148438,31.027307510375977,-16.908775329589844,169.14035034179688,550.8216552734375,6.140350341796875,-45.1783447265625,45.593711853027344
494,1741.0,596.0,1717.2655029296875,644.3009033203125,68.24250793457031,-67.25126647949219,1785.508056640625,577.0496215820312,44.508056640625,-18.95037841796875,48.37441635131836
495,689.0,132.0,655.3660888671875,157.08035278320312,25.409963607788086,-57.48923873901367,680.7760620117188,99.59111022949219,-8.22393798828125,-32.40888977050781,33.4360466003418
496,952.0,364.0,879.5726318359375,331.059814453125,55.29062271118164,-12.417181968688965,934.86328125,318.64263916015625,-17.13671875,-45.35736083984375,48.486671447753906
497,1473.0,328.0,1426.5086669921875,302.4051818847656,53.381614685058594,-6.7145586013793945,1479.8902587890625,295.69061279296875,6.8902587890625,-32.30938720703125,33.03592300415039
498,932.0,583.0,890.3534545898438,499.9569091796875,32.13156509399414,26.717769622802734,922.4850463867188,526.6746826171875,-9.51495361328125,-56.3253173828125,57.12333679199219
499,1675.0,144.0,1669.350830078125,177.29824829101562,27.68675422668457,-52.253841400146484,1697.03759765625,125.04440307617188,22.03759765625,-18.955596923828125,29.06837272644043
500,808.0,197.0,756.1724243164062,238.0689697265625,40.700592041015625,-66.56570434570312,796.873046875,171.50326538085938,-11.126953125,-25.496734619140625,27.818923950195312
501,1741.0,1060.0,1701.6810302734375,1028.0517578125,72.61262512207031,5.818379878997803,1774.293701171875,1033.8701171875,33.293701171875,-26.1298828125,42.32305908203125
502,1189.0,752.0,1128.32177734375,740.6782836914062,66.9130630493164,-19.81410026550293,1195.23486328125,720.8641967773438,6.23486328125,-31.13580322265625,31.753925323486328
503,1215.0,1060.0,1168.7119140625,998.0678100585938,59.83244705200195,21.963531494140625,1228.5443115234375,1020.0313720703125,13.5443115234375,-39.9686279296875,42.20117950439453
504,1215.0,132.0,1192.6949462890625,222.39830017089844,47.4130973815918,-102.26993560791016,1240.1080322265625,120.12836456298828,25.1080322265625,-11.871635437011719,27.773170471191406
505,316.0,821.0,296.2946472167969,824.3571166992188,-19.183422088623047,-11.373098373413086,277.1112365722656,812.9840087890625,-38.888763427734375,-8.0159912109375,39.706321716308594
506,426.0,828.0,351.1593017578125,815.4336547851562,20.793291091918945,1.8524389266967773,371.9526062011719,817.2860717773438,-54.047393798828125,-10.71392822265625,55.09908676147461
507,529.0,206.0,516.258056640625,230.0752716064453,11.796016693115234,-44.59523391723633,528.0540771484375,185.48004150390625,-0.9459228515625,-20.51995849609375,20.541749954223633
508,1043.0,199.0,1023.752685546875,251.91397094726562,22.9544734954834,-59.668617248535156,1046.7071533203125,192.245361328125,3.7071533203125,-6.754638671875,7.705071926116943
509,1485.0,709.0,1451.3402099609375,707.0103149414062,31.588464736938477,-11.691704750061035,1482.9287109375,695.318603515625,-2.0712890625,-13.681396484375,13.837299346923828
510,1215.0,596.0,1200.806396484375,589.741943359375,13.180230140686035,-12.170510292053223,1213.986572265625,577.5714111328125,-1.013427734375,-18.4285888671875,18.456432342529297
511,416.0,586.0,380.93682861328125,578.6105346679688,5.687455177307129,-24.163557052612305,386.6242980957031,554.4469604492188,-29.375701904296875,-31.55303955078125,43.110626220703125
512,857.0,584.0,803.7708129882812,562.3541870117188,38.32712936401367,-11.0198974609375,842.0979614257812,551.3342895507812,-14.90203857421875,-32.66571044921875,35.9043083190918
513,1554.0,547.0,1527.978759765625,625.425537109375,47.286983489990234,-81.14213562011719,1575.2657470703125,544.2833862304688,21.2657470703125,-2.71661376953125,21.43856430053711
514,442.0,862.0,399.9139709472656,835.268798828125,9.956085205078125,3.720325231552124,409.87005615234375,838.9891357421875,-32.12994384765625,-23.0108642578125,39.52003479003906
515,689.0,596.0,621.1648559570312,563.2307739257812,38.788780212402344,-5.300812244415283,659.95361328125,557.929931640625,-29.04638671875,-38.070068359375,47.88551712036133
516,1546.0,649.0,1500.70654296875,718.0108642578125,59.790889739990234,-73.12982940673828,1560.4974365234375,644.8810424804688,14.4974365234375,-4.11895751953125,15.071212768554688
517,1741.0,1060.0,1684.0543212890625,1025.3477783203125,42.973358154296875,5.688138484954834,1727.0277099609375,1031.035888671875,-13.9722900390625,-28.964111328125,32.158119201660156
518,1478.0,828.0,1435.7789306640625,808.1473388671875,37.24039077758789,-2.851519823074341,1473.019287109375,805.2958374023438,-4.980712890625,-22.70416259765625,23.244064331054688
519,952.0,828.0,926.9578857421875,745.0421142578125,12.452958106994629,43.09206771850586,939.4108276367188,788.1341552734375,-12.58917236328125,-39.8658447265625,41.806373596191406
520,163.0,132.0,114.17204284667969,118.88172149658203,20.690052032470703,-13.05838680267334,134.86209106445312,105.82333374023438,-28.137908935546875,-26.176666259765625,38.431236267089844
521,1741.0,596.0,1675.8333740234375,645.9270629882812,64.84929656982422,-53.15287780761719,1740.6826171875,592.774169921875,-0.3173828125,-3.225830078125,3.241405963897705
522,1104.0,584.0,1074.7659912109375,563.85107421875,22.041915893554688,-5.113710403442383,1096.807861328125,558.7373657226562,-7.192138671875,-25.26263427734375,26.26647186279297
523,885.0,331.0,869.2659301757812,303.0212707519531,7.530949115753174,-2.5447957515716553,876.796875,300.4764709472656,-8.203125,-30.523529052734375,31.606599807739258
524,163.0,1060.0,203.85000610351562,1047.6500244140625,51.383121490478516,-17.684946060180664,255.23312377929688,1029.965087890625,92.23312377929688,-30.034912109375,97.00022888183594
525,1215.0,132.0,1157.4105224609375,207.7578887939453,46.87603759765625,-67.91954803466797,1204.28662109375,139.83834838867188,-10.71337890625,7.838348388671875,13.27464485168457
526,783.0,440.0,760.8316040039062,415.9578857421875,12.220555305480957,-7.920326232910156,773.0521850585938,408.0375671386719,-9.94781494140625,-31.962432861328125,33.474708557128906
527,297.0,502.0,246.87368774414062,506.7894592285156,8.732799530029297,-28.1400203704834,255.6064910888672,478.6494445800781,-41.39350891113281,-23.350555419921875,47.52547836303711
528,1224.0,809.0,1206.25927734375,747.0,41.47962951660156,6.998255729675293,1247.7388916015625,753.9982299804688,23.7388916015625,-55.00177001953125,59.906005859375
529,982.0,394.0,916.7999877929688,365.3599853515625,56.13138198852539,-1.639083743095398,972.931396484375,363.7209167480469,-9.068603515625,-30.279083251953125,31.607948303222656
530,1741.0,132.0,1673.5999755859375,260.3428649902344,79.47018432617188,-129.73309326171875,1753.0701904296875,130.60977172851562,12.0701904296875,-1.390228271484375,12.149989128112793
531,1215.0,596.0,1190.09375,560.375,41.98199462890625,-2.5342769622802734,1232.07568359375,557.8406982421875,17.07568359375,-38.1593017578125,41.80563735961914
532,1215.0,132.0,1164.193603515625,131.3225860595703,37.24027633666992,-33.341758728027344,1201.433837890625,97.98082733154297,-13.566162109375,-34.01917266845703,36.62437438964844
533,689.0,132.0,630.1651611328125,143.54129028320312,37.771644592285156,-27.708852767944336,667.9368286132812,115.83243560791016,-21.06317138671875,-16.167564392089844,26.5527286529541
534,1259.0,301.0,1195.7706298828125,296.4678955078125,57.83745574951172,-28.290903091430664,1253.6080322265625,268.177001953125,-5.3919677734375,-32.822998046875,33.2629280090332
535,1015.0,749.0,1024.375,701.0178833007812,22.56865692138672,-1.485008716583252,1046.943603515625,699.5328979492188,31.943603515625,-49.46710205078125,58.88452911376953
536,402.0,442.0,405.8888854980469,415.42425537109375,4.484755516052246,-2.874894380569458,410.3736267089844,412.5493469238281,8.373626708984375,-29.450653076171875,30.61794662475586
537,605.0,343.0,587.3457641601562,339.69158935546875,22.527528762817383,-24.771347045898438,609.873291015625,314.92022705078125,4.873291015625,-28.07977294921875,28.49951934814453
538,689.0,596.0,679.1727294921875,579.42724609375,31.375059127807617,-14.46253776550293,710.5477905273438,564.9647216796875,21.54779052734375,-31.0352783203125,37.7822151184082
539,1478.0,828.0,1470.629638671875,802.9536743164062,51.83376693725586,-22.204248428344727,1522.46337890625,780.7494506835938,44.46337890625,-47.25054931640625,64.88147735595703
540,1190.0,652.0,1146.841552734375,605.17822265625,53.045982360839844,2.3733091354370117,1199.8875732421875,607.551513671875,9.8875732421875,-44.448486328125,45.53495407104492
541,245.0,574.0,273.4854431152344,556.0194091796875,-14.66525936126709,0.7187727689743042,258.8201904296875,556.7381591796875,13.8201904296875,-17.2618408203125,22.112638473510742
542,1483.0,675.0,1444.366943359375,648.5963134765625,59.61173629760742,-20.930130004882812,1503.9786376953125,627.6661987304688,20.9786376953125,-47.33380126953125,51.77443313598633
543,1669.0,717.0,1661.2818603515625,659.80908203125,36.429931640625,-0.5216330289840698,1697.7117919921875,659.2874755859375,28.7117919921875,-57.7125244140625,64.4600830078125
544,426.0,828.0,460.9444580078125,748.3518676757812,-0.9080758094787598,43.04276657104492,460.036376953125,791.3946533203125,34.036376953125,-36.6053466796875,49.98426055908203
545,677.0,499.0,693.3069458007812,471.0693054199219,1.324157476425171,-9.056546211242676,694.631103515625,462.01275634765625,17.631103515625,-36.98724365234375,40.97452926635742
546,426.0,364.0,414.3673400878906,372.8571472167969,14.690213203430176,-24.803428649902344,429.05755615234375,348.0537109375,3.05755615234375,-15.9462890625,16.236772537231445
547,1325.0,134.0,1221.6573486328125,159.25926208496094,77.89118957519531,-54.7862548828125,1299.548583984375,104.47300720214844,-25.451416015625,-29.526992797851562,38.982276916503906
548,1478.0,364.0,1419.0,366.52777099609375,57.56660842895508,-40.597164154052734,1476.566650390625,325.93060302734375,-1.433349609375,-38.06939697265625,38.096370697021484
549,1089.0,415.0,1134.049072265625,486.7549133300781,47.168975830078125,-72.74703979492188,1181.218017578125,414.00787353515625,92.218017578125,-0.99212646484375,92.22335815429688
550,993.0,679.0,1070.1121826171875,727.6915893554688,11.386955261230469,-29.899185180664062,1081.4991455078125,697.7924194335938,88.4991455078125,18.79241943359375,90.4723892211914
551,588.0,313.0,661.4326782226562,267.875,-11.327799797058105,0.27932077646255493,650.1048583984375,268.1543273925781,62.1048583984375,-44.845672607421875,76.60383605957031
552,1741.0,596.0,1782.52880859375,619.701904296875,75.0909652709961,-2.432849884033203,1857.6197509765625,617.26904296875,116.6197509765625,21.26904296875,118.54340362548828
553,689.0,596.0,756.4951171875,587.2233276367188,-9.053879737854004,-13.96300983428955,747.4412231445312,573.2603149414062,58.44122314453125,-22.73968505859375,62.709407806396484
554,501.0,684.0,567.9393920898438,658.3131103515625,-17.62701416015625,14.093667030334473,550.3123779296875,672.4067993164062,49.3123779296875,-11.59320068359375,50.65681457519531
555,1478.0,828.0,1538.1368408203125,825.9684448242188,47.58747100830078,13.761162757873535,1585.724365234375,839.7296142578125,107.724365234375,11.7296142578125,108.36107635498047
556,1478.0,364.0,1506.2745361328125,422.3039245605469,72.52291107177734,-49.63859176635742,1578.7974853515625,372.66534423828125,100.7974853515625,8.66534423828125,101.16926574707031
557,426.0,828.0,475.5754699707031,771.632080078125,-10.717667579650879,50.11131286621094,464.8577880859375,821.743408203125,38.8577880859375,-6.256591796875,39.35826110839844
558,1741.0,1060.0,1842.5252685546875,1037.9595947265625,48.854366302490234,30.20392608642578,1891.379638671875,1068.16357421875,150.379638671875,8.16357421875,150.60105895996094
559,414.0,162.0,488.44232177734375,186.26922607421875,4.328822135925293,-52.86890411376953,492.7711486816406,133.40032958984375,78.77114868164062,-28.59967041015625,83.80235290527344
560,426.0,364.0,518.01904296875,405.0,-14.591750144958496,-56.5718994140625,503.42730712890625,348.4281005859375,77.42730712890625,-15.5718994140625,78.97766876220703
561,554.0,668.0,625.038818359375,685.1941528320312,-23.373350143432617,-23.89152717590332,601.6654663085938,661.3026123046875,47.66546630859375,-6.6973876953125,48.13368606567383
562,1344.0,445.0,1421.8316650390625,463.13861083984375,17.620519638061523,-15.75600814819336,1439.4521484375,447.3825988769531,95.4521484375,2.382598876953125,95.48188018798828
563,1308.0,905.0,1314.7237548828125,888.1619262695312,64.35795593261719,27.297664642333984,1379.0816650390625,915.4595947265625,71.0816650390625,10.4595947265625,71.84710693359375
564,1215.0,132.0,1286.91259765625,197.06796264648438,28.83523941040039,-71.26316833496094,1315.747802734375,125.80479431152344,100.747802734375,-6.1952056884765625,100.93810272216797
565,674.0,838.0,796.2476196289062,834.3523559570312,-44.321502685546875,6.705051422119141,751.9261474609375,841.0574340820312,77.9261474609375,3.05743408203125,77.9861068725586
566,605.0,759.0,651.1923217773438,749.2692260742188,0.6004883050918579,5.92803955078125,651.7927856445312,755.197265625,46.79278564453125,-3.802734375,46.94704818725586
567,536.0,918.0,591.445556640625,902.910888671875,-12.50639533996582,32.96965408325195,578.9391479492188,935.8805541992188,42.93914794921875,17.88055419921875,46.513275146484375
568,1301.0,649.0,1387.20556640625,633.8411254882812,17.627084732055664,6.752167701721191,1404.8326416015625,640.5933227539062,103.8326416015625,-8.40667724609375,104.17240142822266
569,952.0,364.0,962.29248046875,361.8396301269531,40.57918930053711,-12.355019569396973,1002.8716430664062,349.484619140625,50.87164306640625,-14.515380859375,52.9019889831543
570,163.0,1060.0,24.81818199157715,1023.1454467773438,112.15851593017578,29.212135314941406,136.97669982910156,1052.3575439453125,-26.023300170898438,-7.6424560546875,27.12230110168457
571,1683.0,214.0,1686.906005859375,222.76922607421875,38.70581817626953,-41.14533233642578,1725.61181640625,181.6239013671875,42.61181640625,-32.3760986328125,53.516151428222656
572,1741.0,596.0,1824.931640625,594.991455078125,18.66033935546875,-23.68767738342285,1843.592041015625,571.3037719726562,102.592041015625,-24.69622802734375,105.52265167236328
573,1741.0,1060.0,1943.6517333984375,862.5178833007812,-40.952369689941406,76.57146453857422,1902.6993408203125,939.08935546875,161.6993408203125,-120.91064453125,201.90606689453125
574,689.0,596.0,691.5640869140625,647.8034057617188,17.034746170043945,-41.85588455200195,708.5988159179688,605.947509765625,19.59881591796875,9.947509765625,21.978775024414062
575,902.0,726.0,904.1896362304688,689.4310302734375,20.845399856567383,14.093496322631836,925.0350341796875,703.5245361328125,23.0350341796875,-22.4754638671875,32.1832160949707
576,226.0,968.0,219.8275909423828,864.913818359375,12.829734802246094,90.64574432373047,232.65731811523438,955.5595703125,6.657318115234375,-12.4404296875,14.109719276428223
577,1574.0,385.0,1578.1207275390625,401.3706970214844,47.04620361328125,-40.398780822753906,1625.1669921875,360.971923828125,51.1669921875,-24.028076171875,56.5279541015625
578,789.0,517.0,794.2069091796875,558.6724243164062,23.304052352905273,-41.11286926269531,817.510986328125,517.5595703125,28.510986328125,0.5595703125,28.516477584838867
579,1215.0,1060.0,1222.4859619140625,1056.429931640625,50.304752349853516,-0.6387773752212524,1272.790771484375,1055.7911376953125,57.790771484375,-4.2088623046875,57.94383239746094
580,426.0,364.0,412.887939453125,406.03448486328125,4.886068344116211,-37.95563507080078,417.7740173339844,368.078857421875,-8.225982666015625,4.078857421875,9.181714057922363
581,952.0,828.0,956.7610473632812,816.681396484375,27.705154418945312,1.1188544034957886,984.4661865234375,817.8002319335938,32.4661865234375,-10.19976806640625,34.03070068359375
582,1756.0,885.0,1798.7017822265625,832.9824829101562,46.08785629272461,13.967979431152344,1844.7896728515625,846.950439453125,88.7896728515625,-38.049560546875,96.59904479980469
583,1741.0,132.0,1712.9913330078125,146.92173767089844,56.00118637084961,-49.51766586303711,1768.9925537109375,97.40406799316406,27.9925537109375,-34.59593200683594,44.502376556396484
584,1713.0,548.0,1725.803466796875,514.1367797851562,52.60466384887695,9.288156509399414,1778.4080810546875,523.4249267578125,65.4080810546875,-24.5750732421875,69.87239074707031
585,426.0,828.0,399.53912353515625,799.156494140625,15.052305221557617,26.798450469970703,414.5914306640625,825.9549560546875,-11.4085693359375,-2.0450439453125,11.590412139892578
586,1768.0,771.0,1778.213623046875,721.6153564453125,63.76682662963867,18.725116729736328,1841.98046875,740.3404541015625,73.98046875,-30.6595458984375,80.08193969726562
587,1214.0,324.0,1186.0086669921875,354.35345458984375,59.11708450317383,-46.603248596191406,1245.125732421875,307.7502136230469,31.125732421875,-16.249786376953125,35.11220169067383
588,1756.0,561.0,1822.017333984375,505.57391357421875,23.002119064331055,-0.038595497608184814,1845.0194091796875,505.5353088378906,89.0194091796875,-55.464691162109375,104.88463592529297
589,1052.0,317.0,1059.634765625,375.8782653808594,37.167198181152344,-68.82731628417969,1096.802001953125,307.05096435546875,44.802001953125,-9.94903564453125,45.89338302612305
590,1670.0,330.0,1650.9913330078125,311.64654541015625,56.17979049682617,-14.971305847167969,1707.171142578125,296.67523193359375,37.171142578125,-33.32476806640625,49.922279357910156
591,426.0,828.0,358.7583312988281,807.433349609375,18.627552032470703,5.432279109954834,377.3858947753906,812.8656005859375,-48.614105224609375,-15.1343994140625,50.91543197631836
592,139.0,373.0,93.84166717529297,356.4083251953125,9.524242401123047,-1.0487698316574097,103.36590576171875,355.35955810546875,-35.63409423828125,-17.64044189453125,39.7614631652832
593,1741.0,132.0,1706.7332763671875,159.94166564941406,44.27861404418945,-69.46195220947266,1751.0118408203125,90.4797134399414,10.0118408203125,-41.520286560058594,42.7103157043457
594,1352.0,480.0,1335.6134033203125,469.65545654296875,32.599266052246094,-49.26137161254883,1368.212646484375,420.3940734863281,16.212646484375,-59.605926513671875,61.771484375
595,1215.0,596.0,1173.0252685546875,601.52099609375,60.15058135986328,-54.008853912353516,1233.1759033203125,547.5121459960938,18.1759033203125,-48.48785400390625,51.7825813293457
596,1149.0,961.0,1173.8448486328125,888.1983032226562,5.365262985229492,13.151926040649414,1179.2100830078125,901.3502197265625,30.2100830078125,-59.6497802734375,66.86363220214844
597,1246.0,541.0,1287.15966796875,520.7647094726562,7.065937042236328,-38.46921920776367,1294.2255859375,482.2955017089844,48.2255859375,-58.704498291015625,75.97319030761719
598,1068.0,563.0,1039.1239013671875,491.035400390625,26.682462692260742,11.832986831665039,1065.806396484375,502.8683776855469,-2.193603515625,-60.131622314453125,60.1716194152832
599,426.0,364.0,431.100830078125,310.49578857421875,-18.622482299804688,-5.575789451599121,412.47833251953125,304.9200134277344,-13.52166748046875,-59.079986572265625,60.60759353637695
600,151.0,544.0,150.10833740234375,524.9500122070312,-15.670185089111328,-12.129457473754883,134.4381561279297,512.820556640625,-16.561843872070312,-31.179443359375,35.30513381958008
601,645.0,391.0,675.5086059570312,393.4741516113281,3.173027992248535,-47.881961822509766,678.681640625,345.5921936035156,33.681640625,-45.407806396484375,56.5360221862793
602,941.0,860.0,918.361328125,853.781494140625,20.39249038696289,-27.823942184448242,938.7538452148438,825.9575805664062,-2.24615478515625,-34.04241943359375,34.11643981933594
603,1741.0,1060.0,1747.2269287109375,1003.6134643554688,39.5234260559082,-3.9377920627593994,1786.7503662109375,999.6756591796875,45.7503662109375,-60.3243408203125,75.71077728271484
604,1785.0,391.0,1752.5333251953125,385.125,37.72283935546875,-44.052528381347656,1790.256103515625,341.0724792480469,5.256103515625,-49.927520751953125,50.203426361083984
605,1478.0,364.0,1411.4749755859375,352.4416809082031,61.047489166259766,-50.03636932373047,1472.5224609375,302.4053039550781,-5.4775390625,-61.594696044921875,61.837772369384766
606,952.0,364.0,941.420166015625,367.2184753417969,21.950456619262695,-56.02684020996094,963.37060546875,311.191650390625,11.37060546875,-52.808349609375,54.01863098144531
607,167.0,700.0,166.69491577148438,627.7203369140625,-9.334465980529785,29.056846618652344,157.36044311523438,656.7771606445312,-9.639556884765625,-43.22283935546875,44.28470230102539
608,848.0,288.0,770.8487548828125,253.10923767089844,48.0391845703125,-16.76431655883789,818.887939453125,236.3449249267578,-29.112060546875,-51.65507507324219,59.2938346862793
609,1215.0,132.0,1163.5916748046875,110.90833282470703,32.536888122558594,-37.02781677246094,1196.1285400390625,73.8805160522461,-18.8714599609375,-58.119483947753906,61.10651779174805
610,1215.0,228.0,1162.2034912109375,180.95574951171875,33.53682327270508,-19.570262908935547,1195.7403564453125,161.38548278808594,-19.2596435546875,-66.61451721191406,69.34282684326172
611,952.0,828.0,944.9203491210938,693.4336547851562,-1.4847480058670044,64.504638671875,943.4356079101562,757.9382934570312,-8.56439208984375,-70.06170654296875,70.5832290649414
612,689.0,1060.0,724.7118530273438,998.0169677734375,3.3620119094848633,41.46049499511719,728.0738525390625,1039.4774169921875,39.0738525390625,-20.5225830078125,44.135501861572266
613,1304.0,522.0,1300.1082763671875,523.0166625976562,40.64143753051758,-47.68061828613281,1340.749755859375,475.3360595703125,36.749755859375,-46.6639404296875,59.39754104614258
614,268.0,896.0,300.9495849609375,894.0,-18.841705322265625,21.540042877197266,282.1078796386719,915.5400390625,14.107879638671875,19.5400390625,24.10073471069336
615,582.0,964.0,612.6302490234375,830.8739624023438,0.1268906593322754,86.5025405883789,612.7571411132812,917.3765258789062,30.75714111328125,-46.62347412109375,55.85472106933594
616,785.0,835.0,822.1848754882812,827.5126342773438,-7.888575077056885,-19.448442459106445,814.2963256835938,808.064208984375,29.29632568359375,-26.935791015625,39.7971305847168
617,952.0,364.0,941.7310791015625,382.4033508300781,26.416635513305664,-53.976951599121094,968.147705078125,328.4263916015625,16.147705078125,-35.5736083984375,39.066993713378906
618,1164.0,876.0,1175.203369140625,828.2118530273438,28.27869987487793,-0.13526193797588348,1203.4820556640625,828.0765991210938,39.4820556640625,-47.92340087890625,62.092552185058594
619,952.0,828.0,937.2083129882812,713.1333618164062,31.046829223632812,55.749149322509766,968.255126953125,768.8825073242188,16.255126953125,-59.11749267578125,61.31155776977539
620,1741.0,596.0,1741.75634765625,572.2520751953125,40.86075210571289,-35.1522102355957,1782.6170654296875,537.099853515625,41.6170654296875,-58.900146484375,72.11940002441406
621,593.0,735.0,594.433349609375,684.3333129882812,17.232929229736328,25.788930892944336,611.666259765625,710.1222534179688,18.666259765625,-24.87774658203125,31.101953506469727
622,1478.0,364.0,1439.2667236328125,375.8500061035156,56.36147689819336,-54.37117385864258,1495.628173828125,321.47882080078125,17.628173828125,-42.52117919921875,46.030460357666016
623,100.0,801.0,175.50833129882812,823.4166870117188,-69.5298080444336,3.543938398361206,105.97852325439453,826.9606323242188,5.978523254394531,25.96063232421875,26.6401424407959
624,302.0,367.0,267.60504150390625,368.39495849609375,13.229508399963379,-16.736494064331055,280.8345642089844,351.6584777832031,-21.165435791015625,-15.341522216796875,26.14073371887207
625,689.0,132.0,683.3949584960938,178.78150939941406,19.67098045349121,-53.72064208984375,703.06591796875,125.06086730957031,14.06591796875,-6.9391326904296875,15.684438705444336
626,1215.0,1060.0,1241.9478759765625,1049.800048828125,39.848690032958984,-19.29299545288086,1281.7965087890625,1030.507080078125,66.7965087890625,-29.492919921875,73.0178451538086
627,1215.0,132.0,1234.824951171875,89.07499694824219,-3.4188084602355957,-20.132102966308594,1231.4061279296875,68.9428939819336,16.4061279296875,-63.057106018066406,65.15642547607422
628,1260.0,698.0,1248.1260986328125,644.6050415039062,38.106449127197266,4.752579212188721,1286.2325439453125,649.3576049804688,26.2325439453125,-48.64239501953125,55.265079498291016
629,1403.0,905.0,1427.6610107421875,849.8643798828125,26.93404197692871,-3.624051094055176,1454.5950927734375,846.2403564453125,51.5950927734375,-58.7596435546875,78.19686126708984
630,1717.0,506.0,1673.7730712890625,430.1428527832031,58.27060317993164,6.134361743927002,1732.043701171875,436.2772216796875,15.043701171875,-69.7227783203125,71.32726287841797
631,426.0,828.0,482.05084228515625,772.1694946289062,-21.760072708129883,43.7605094909668,460.290771484375,815.9299926757812,34.290771484375,-12.07000732421875,36.35301971435547
632,294.0,392.0,301.54998779296875,456.4666748046875,-5.943626403808594,-52.89045715332031,295.6063537597656,403.57623291015625,1.606353759765625,11.57623291015625,11.687152862548828
633,689.0,132.0,691.9915771484375,203.86553955078125,22.503524780273438,-55.419063568115234,714.4951171875,148.44647216796875,25.4951171875,16.44647216796875,30.339534759521484
634,524.0,231.0,575.691650390625,249.125,-7.148703098297119,-10.525739669799805,568.54296875,238.59925842285156,44.54296875,7.5992584228515625,45.186553955078125
635,1481.0,317.0,1499.9495849609375,332.9831848144531,14.723197937011719,-25.04957389831543,1514.6727294921875,307.9336242675781,33.6727294921875,-9.066375732421875,34.8719367980957
636,689.0,1060.0,715.4537963867188,1123.5545654296875,8.876130104064941,-23.570758819580078,724.3299560546875,1099.9837646484375,35.3299560546875,39.9837646484375,53.35641860961914
637,163.0,132.0,204.9166717529297,130.81666564941406,-12.796744346618652,3.4878413677215576,192.11993408203125,134.30450439453125,29.11993408203125,2.30450439453125,29.210979461669922
638,318.0,521.0,400.0672302246094,482.08404541015625,-36.79297637939453,39.15320587158203,363.2742614746094,521.2372436523438,45.274261474609375,0.23724365234375,45.27488327026367
639,1215.0,596.0,1275.683349609375,679.9166870117188,34.71530532836914,-72.22697448730469,1310.398681640625,607.689697265625,95.398681640625,11.689697265625,96.11221313476562
640,166.0,154.0,192.9663848876953,197.14285278320312,-2.385128974914551,-21.237524032592773,190.5812530517578,175.90533447265625,24.581253051757812,21.90533447265625,32.92539596557617
641,570.0,263.0,605.8487548828125,290.3697509765625,-3.1429052352905273,-17.64815330505371,602.7058715820312,272.7215881347656,32.70587158203125,9.721588134765625,34.12013244628906
642,1741.0,596.0,1798.4749755859375,572.125,11.90641975402832,-10.488181114196777,1810.38134765625,561.6368408203125,69.38134765625,-34.3631591796875,77.42478942871094
643,1507.0,878.0,1623.0335693359375,959.3277587890625,20.440200805664062,-68.56859588623047,1643.4737548828125,890.7591552734375,136.4737548828125,12.7591552734375,137.0688934326172
644,1424.0,476.0,1511.579833984375,441.7226867675781,-6.802601337432861,-6.573429584503174,1504.7772216796875,435.1492614746094,80.7772216796875,-40.850738525390625,90.51929473876953
645,1558.0,493.0,1627.0924072265625,434.12603759765625,2.7495486736297607,9.433858871459961,1629.8419189453125,443.5599060058594,71.8419189453125,-49.440093994140625,87.20999908447266
646,286.0,314.0,318.3333435058594,308.9416809082031,-13.47690200805664,11.116706848144531,304.8564453125,320.0583801269531,18.8564453125,6.058380126953125,19.80579376220703
647,1649.0,813.0,1675.816650390625,801.0250244140625,37.986473083496094,-2.5542452335357666,1713.8031005859375,798.4707641601562,64.8031005859375,-14.52923583984375,66.41190338134766
648,952.0,364.0,1014.2416381835938,420.8666687011719,6.1292009353637695,-48.291473388671875,1020.370849609375,372.5751953125,68.370849609375,8.5751953125,68.90650939941406
649,1215.0,1060.0,1242.7203369140625,1042.5423583984375,39.16204833984375,1.4414602518081665,1281.88232421875,1043.9837646484375,66.88232421875,-16.0162353515625,68.77328491210938
650,1741.0,132.0,1751.3248291015625,163.88034057617188,19.086231231689453,-34.85993194580078,1770.4110107421875,129.02041625976562,29.4110107421875,-2.979583740234375,29.561553955078125
651,1478.0,364.0,1549.044677734375,362.1428527832031,-2.0013608932495117,-21.231557846069336,1547.0433349609375,340.9112854003906,69.0433349609375,-23.088714599609375,72.80158233642578
652,610.0,613.0,621.9910888671875,608.1160888671875,16.074792861938477,7.902027606964111,638.0658569335938,616.0181274414062,28.06585693359375,3.01812744140625,28.227670669555664
653,354.0,789.0,348.11505126953125,760.3363037109375,26.76921844482422,40.299617767333984,374.88427734375,800.6359252929688,20.88427734375,11.63592529296875,23.907066345214844
654,426.0,364.0,451.89166259765625,350.2749938964844,-2.0705535411834717,-10.17029094696045,449.82110595703125,340.1047058105469,23.82110595703125,-23.895294189453125,33.740631103515625
655,1478.0,364.0,1472.899169921875,357.60504150390625,40.84884262084961,-45.20191955566406,1513.748046875,312.40313720703125,35.748046875,-51.59686279296875,62.770687103271484
656,297.0,876.0,358.33612060546875,806.3697509765625,-16.255786895751953,50.77080154418945,342.080322265625,857.1405639648438,45.080322265625,-18.85943603515625,48.86628341674805
657,739.0,409.0,781.0175170898438,405.2105407714844,-12.726301193237305,-33.71360397338867,768.2911987304688,371.4969482421875,29.29119873046875,-37.5030517578125,47.58626937866211
658,952.0,364.0,1032.991455078125,370.9145202636719,-9.919479370117188,-55.89692687988281,1023.0719604492188,315.017578125,71.07196044921875,-48.982421875,86.3162841796875
659,1746.0,267.0,1713.3389892578125,219.46609497070312,44.446678161621094,-25.361787796020508,1757.78564453125,194.10430908203125,11.78564453125,-72.89569091796875,73.84228515625
660,188.0,207.0,240.55172729492188,183.63792419433594,-24.69216537475586,2.7730965614318848,215.85955810546875,186.41102600097656,27.85955810546875,-20.588973999023438,34.64189529418945
661,1122.0,836.0,1183.79833984375,811.0336303710938,23.304807662963867,-12.400850296020508,1207.1031494140625,798.6327514648438,85.1031494140625,-37.36724853515625,92.9454574584961
662,1188.0,725.0,1199.009033203125,661.5181884765625,43.56924057006836,10.957324981689453,1242.5782470703125,672.4755249023438,54.5782470703125,-52.52447509765625,75.74698638916016
663,140.0,616.0,110.47747802734375,600.009033203125,49.3848876953125,7.532905101776123,159.86236572265625,607.5419311523438,19.86236572265625,-8.45806884765625,21.58824920654297
664,1215.0,1060.0,1267.663818359375,1034.42236328125,29.381227493286133,-10.973138809204102,1297.0450439453125,1023.44921875,82.0450439453125,-36.55078125,89.81842041015625
665,163.0,132.0,271.4090881347656,98.70454406738281,-25.41268539428711,-4.026909351348877,245.99639892578125,94.6776351928711,82.99639892578125,-37.322364807128906,91.00198364257812
666,625.0,683.0,640.2203369140625,681.88134765625,26.698875427246094,-7.583423614501953,666.919189453125,674.2979125976562,41.919189453125,-8.70208740234375,42.812904357910156
667,952.0,828.0,1010.7542114257812,803.8474731445312,22.017372131347656,-10.148805618286133,1032.7716064453125,793.6986694335938,80.7716064453125,-34.30133056640625,87.75325012207031
668,828.0,263.0,838.7698974609375,229.21238708496094,10.795682907104492,-1.972527027130127,849.5655517578125,227.23985290527344,21.5655517578125,-35.76014709472656,41.75956344604492
669,1740.0,679.0,1716.162353515625,591.5299072265625,72.43818664550781,17.60301399230957,1788.6005859375,609.1329345703125,48.6005859375,-69.8670654296875,85.10830688476562
670,523.0,779.0,573.1101684570312,705.1271362304688,-0.12866482138633728,42.1425895690918,572.9815063476562,747.2697143554688,49.98150634765625,-31.73028564453125,59.202720642089844
671,1741.0,132.0,1623.177978515625,126.86441040039062,104.1439437866211,-65.5301742553711,1727.3218994140625,61.33423614501953,-13.6781005859375,-70.66576385498047,71.97736358642578
672,529.0,714.0,568.3135375976562,603.1948852539062,0.2311440110206604,76.98005676269531,568.544677734375,680.1749267578125,39.544677734375,-33.8250732421875,52.03765106201172
673,426.0,828.0,444.6608581542969,753.7565307617188,15.130593299865723,49.5405387878418,459.79144287109375,803.2970581054688,33.79144287109375,-24.70294189453125,41.858055114746094
674,1478.0,828.0,1460.6102294921875,776.1271362304688,76.279296875,-5.253442287445068,1536.8895263671875,770.8737182617188,58.8895263671875,-57.12628173828125,82.04503631591797
675,1245.0,139.0,1215.885986328125,241.0877227783203,39.47688293457031,-92.73284912109375,1255.3629150390625,148.35487365722656,10.3629150390625,9.354873657226562,13.960790634155273
676,1215.0,1060.0,1225.5966796875,1103.20166015625,70.43265533447266,-28.473018646240234,1296.029296875,1074.7286376953125,81.029296875,14.7286376953125,82.35702514648438
677,1215.0,596.0,1231.4173583984375,634.5130615234375,48.18544006347656,-49.49077224731445,1279.602783203125,585.0222778320312,64.602783203125,-10.97772216796875,65.52884674072266
678,1363.0,470.0,1363.350830078125,524.8508911132812,57.8409309387207,-74.72090148925781,1421.1917724609375,450.1300048828125,58.1917724609375,-19.8699951171875,61.49064254760742
679,1582.0,858.0,1613.704345703125,833.5999755859375,43.75831604003906,-1.2897670269012451,1657.462646484375,832.3101806640625,75.462646484375,-25.6898193359375,79.71560668945312
680,1215.0,132.0,1182.608642578125,129.04347229003906,22.53020477294922,-21.969755172729492,1205.1387939453125,107.07371520996094,-9.8612060546875,-24.926284790039062,26.806026458740234
681,198.0,956.0,353.8715515136719,1092.60546875,-104.40784454345703,-45.38029479980469,249.46371459960938,1047.2252197265625,51.463714599609375,91.2252197265625,104.74041748046875
682,197.0,665.0,166.00833129882812,741.5,49.6876335144043,-18.87771224975586,215.6959686279297,722.622314453125,18.695968627929688,57.622314453125,60.5794563293457
683,1478.0,364.0,1478.8319091796875,350.579833984375,19.50442886352539,-13.79187297821045,1498.3363037109375,336.7879638671875,20.3363037109375,-27.2120361328125,33.97146224975586
684,689.0,1060.0,648.9243774414062,1130.5882568359375,51.089141845703125,-2.467817783355713,700.0135498046875,1128.1204833984375,11.0135498046875,68.1204833984375,69.00506591796875
685,447.0,155.0,428.91595458984375,148.42857360839844,-5.600534915924072,-8.733290672302246,423.3154296875,139.69528198242188,-23.6845703125,-15.304718017578125,28.19917106628418
686,689.0,596.0,752.336181640625,625.0603637695312,-11.431146621704102,-20.123451232910156,740.905029296875,604.9368896484375,51.905029296875,8.9368896484375,52.66877746582031
687,654.0,969.0,645.5042724609375,945.7606811523438,34.31131362915039,40.54436492919922,679.8156127929688,986.3050537109375,25.81561279296875,17.3050537109375,31.079105377197266
688,1517.0,275.0,1545.5416259765625,254.89999389648438,1.7421683073043823,-18.265918731689453,1547.2838134765625,236.6340789794922,30.2838134765625,-38.36592102050781,48.8779411315918
689,309.0,690.0,330.0,617.066650390625,-5.984155654907227,83.04790496826172,324.0158386230469,700.1145629882812,15.015838623046875,10.11456298828125,18.10468864440918
690,273.0,330.0,271.1355895996094,336.11865234375,-3.411190986633301,5.9996113777160645,267.7243957519531,342.1182556152344,-5.275604248046875,12.118255615234375,13.216812133789062
691,426.0,364.0,438.4369812011719,351.4117736816406,-7.910412788391113,4.43855619430542,430.5265808105469,355.850341796875,4.526580810546875,-8.149658203125,9.32238483428955
692,1478.0,828.0,1453.1666259765625,805.4833374023438,72.94239044189453,-1.7303519248962402,1526.1090087890625,803.7529907226562,48.1090087890625,-24.24700927734375,53.87387466430664
693,1469.0,254.0,1479.579833984375,209.31092834472656,5.8810248374938965,-1.9754804372787476,1485.4608154296875,207.33544921875,16.4608154296875,-46.66455078125,49.48271179199219
694,983.0,951.0,966.52099609375,992.4285888671875,62.783748626708984,-13.71581745147705,1029.3046875,978.7127685546875,46.3046875,27.7127685546875,53.96407699584961
695,426.0,828.0,387.637939453125,810.6206665039062,37.62866973876953,43.051177978515625,425.2666015625,853.671875,-0.7333984375,25.671875,25.682350158691406
696,426.0,364.0,434.8434753417969,383.60870361328125,-20.63429832458496,-12.23331069946289,414.20916748046875,371.3753967285156,-11.79083251953125,7.375396728515625,13.907559394836426
697,1478.0,364.0,1445.4237060546875,380.0847473144531,62.13933181762695,-49.445106506347656,1507.56298828125,330.6396484375,29.56298828125,-33.3603515625,44.57447052001953
698,368.0,410.0,369.54998779296875,427.7916564941406,-17.37042999267578,-0.14267638325691223,352.1795654296875,427.64898681640625,-15.8204345703125,17.64898681640625,23.70174789428711
699,550.0,880.0,599.5882568359375,901.8655395507812,-32.431617736816406,-1.8891997337341309,567.1566162109375,899.976318359375,17.1566162109375,19.976318359375,26.332542419433594
700,1324.0,321.0,1338.9580078125,301.02520751953125,1.28348708152771,-20.038925170898438,1340.241455078125,280.98626708984375,16.241455078125,-40.01373291015625,43.18429946899414
701,1478.0,828.0,1518.2833251953125,772.058349609375,34.2417106628418,-3.514087200164795,1552.5250244140625,768.5442504882812,74.5250244140625,-59.45574951171875,95.33606719970703
702,531.0,611.0,510.2457580566406,587.0,18.70128059387207,23.428794860839844,528.947021484375,610.4287719726562,-2.052978515625,-0.57122802734375,2.130967378616333
703,952.0,364.0,980.47900390625,403.34454345703125,10.138795852661133,-50.9317626953125,990.6177978515625,352.41278076171875,38.6177978515625,-11.58721923828125,40.31870651245117
704,1741.0,596.0,1721.7203369140625,546.2626953125,67.1129150390625,1.8248945474624634,1788.833251953125,548.0875854492188,47.833251953125,-47.91241455078125,67.70243072509766
705,689.0,132.0,708.0083618164062,146.6999969482422,-3.5118653774261475,-31.929218292236328,704.4965209960938,114.77078247070312,15.49652099609375,-17.229217529296875,23.173004150390625
706,1377.0,899.0,1370.22216796875,903.3504028320312,84.62906646728516,-30.52373504638672,1454.8511962890625,872.82666015625,77.8511962890625,-26.17333984375,82.13314056396484
707,1408.0,958.0,1391.8543701171875,954.0291137695312,86.88134765625,-27.175872802734375,1478.7357177734375,926.853271484375,70.7357177734375,-31.146728515625,77.28945922851562
708,1584.0,422.0,1508.0916748046875,444.3166809082031,102.05290222167969,-57.379520416259766,1610.14453125,386.9371643066406,26.14453125,-35.062835693359375,43.73715591430664
709,1741.0,132.0,1701.6470947265625,128.7899169921875,52.42005157470703,-67.96090698242188,1754.067138671875,60.829010009765625,13.067138671875,-71.17098999023438,72.36062622070312
710,1774.0,799.0,1784.5167236328125,783.3666381835938,70.20364379882812,-39.70168685913086,1854.7203369140625,743.6649780273438,80.7203369140625,-55.33502197265625,97.86591339111328
711,952.0,828.0,1003.059326171875,803.7288208007812,-12.448455810546875,6.584414958953857,990.61083984375,810.313232421875,38.61083984375,-17.686767578125,42.469032287597656
712,1059.0,723.0,1081.8673095703125,719.35400390625,17.65035629272461,-13.1589937210083,1099.5177001953125,706.1950073242188,40.5177001953125,-16.80499267578125,43.864471435546875
713,1741.0,1060.0,1794.8817138671875,1012.5376586914062,51.458091735839844,-8.916945457458496,1846.33984375,1003.6207275390625,105.33984375,-56.3792724609375,119.47846984863281
714,1323.0,391.0,1272.8067626953125,409.8319396972656,73.56307220458984,-42.55137634277344,1346.369873046875,367.28057861328125,23.369873046875,-23.71942138671875,33.29807662963867
715,803.0,229.0,785.4033813476562,221.34454345703125,7.048040390014648,-5.2032575607299805,792.451416015625,216.1412811279297,-10.548583984375,-12.858718872070312,16.631874084472656
716,528.0,120.0,546.316650390625,152.4166717529297,-10.015807151794434,-43.084041595458984,536.3008422851562,109.33262634277344,8.30084228515625,-10.667373657226562,13.516539573669434
717,1020.0,192.0,1034.3582763671875,186.8000030517578,-3.011038064956665,-10.898844718933105,1031.3472900390625,175.90115356445312,11.3472900390625,-16.098846435546875,19.696035385131836
718,163.0,132.0,140.5603485107422,85.75862121582031,25.991355895996094,90.85397338867188,166.55169677734375,176.6125946044922,3.55169677734375,44.61259460449219,44.75374984741211
719,689.0,596.0,644.8305053710938,542.6271362304688,49.187042236328125,53.34150695800781,694.017578125,595.9686279296875,5.017578125,-0.0313720703125,5.01767635345459
720,1215.0,596.0,1189.142822265625,568.84033203125,50.034732818603516,7.807730197906494,1239.1776123046875,576.6480712890625,24.1776123046875,-19.3519287109375,30.968597412109375
721,426.0,364.0,459.0847473144531,328.8983154296875,-7.9052815437316895,63.24479675292969,451.1794738769531,392.14312744140625,25.179473876953125,28.14312744140625,37.76296615600586
722,199.0,458.0,199.93276977539062,493.2184753417969,23.383039474487305,25.973859786987305,223.31581115722656,519.1923217773438,24.315811157226562,61.19232177734375,65.84648132324219
723,1689.0,645.0,1670.7646484375,605.4117431640625,56.65071487426758,3.2651782035827637,1727.4154052734375,608.6769409179688,38.4154052734375,-36.32305908203125,52.868778228759766
724,1478.0,364.0,1460.083984375,338.47900390625,29.47217559814453,5.303407192230225,1489.55615234375,343.78240966796875,11.55615234375,-20.21759033203125,23.287240982055664
725,1741.0,596.0,1759.391357421875,599.77392578125,43.12138366699219,-50.77007293701172,1802.5126953125,549.0038452148438,61.5126953125,-46.99615478515625,77.41091918945312
726,277.0,906.0,421.1982727050781,1027.939697265625,-83.51586151123047,-43.30195236206055,337.6824035644531,984.6377563476562,60.682403564453125,78.63775634765625,99.3290023803711
727,426.0,828.0,532.9243774414062,816.1344604492188,-48.04610824584961,25.774028778076172,484.8782653808594,841.9085083007812,58.878265380859375,13.90850830078125,60.49873352050781
728,1288.0,859.0,1349.112060546875,869.2672119140625,28.175947189331055,-24.07379913330078,1377.2879638671875,845.1934204101562,89.2879638671875,-13.80657958984375,90.34911346435547
729,1287.0,496.0,1284.88232421875,485.100830078125,30.00347900390625,-3.1177237033843994,1314.8857421875,481.98309326171875,27.8857421875,-14.01690673828125,31.21038818359375
730,242.0,946.0,307.5630187988281,996.739501953125,-22.1367130279541,14.341935157775879,285.4263000488281,1011.0814208984375,43.426300048828125,65.0814208984375,78.2396011352539
731,760.0,863.0,866.3846435546875,790.931640625,-39.276554107666016,51.37351608276367,827.1080932617188,842.30517578125,67.10809326171875,-20.69482421875,70.22657775878906
732,689.0,132.0,690.1344604492188,165.57142639160156,-0.06757713854312897,-13.216315269470215,690.06689453125,152.35511779785156,1.06689453125,20.355117797851562,20.383058547973633
733,952.0,364.0,962.8583374023438,325.9583435058594,12.8999662399292,21.46747398376465,975.75830078125,347.4258117675781,23.75830078125,-16.574188232421875,28.96826934814453
734,1128.0,355.0,1072.5966796875,323.66387939453125,56.36423110961914,18.376571655273438,1128.9609375,342.04046630859375,0.9609375,-12.95953369140625,12.995110511779785
735,349.0,750.0,387.9333190917969,731.8583374023438,2.8230903148651123,48.0823974609375,390.75640869140625,779.9407348632812,41.75640869140625,29.94073486328125,51.381370544433594
736,384.0,420.0,421.8050842285156,453.77117919921875,-11.148961067199707,10.7839994430542,410.6561279296875,464.55517578125,26.6561279296875,44.55517578125,51.92025375366211
737,1530.0,549.0,1508.537841796875,492.1176452636719,49.53565216064453,27.10512924194336,1558.073486328125,519.2227783203125,28.073486328125,-29.7772216796875,40.92436599731445
738,1741.0,132.0,1724.5728759765625,163.21875,44.197383880615234,-49.497337341308594,1768.770263671875,113.7214126586914,27.770263671875,-18.278587341308594,33.245967864990234
739,231.0,845.0,257.7983093261719,819.5126342773438,-47.18440628051758,33.88410186767578,210.61390686035156,853.396728515625,-20.386093139648438,8.396728515625,22.047626495361328
740,163.0,1060.0,119.75630187988281,990.0,106.6263656616211,32.1082763671875,226.38265991210938,1022.1082763671875,63.382659912109375,-37.8917236328125,73.84541320800781
741,689.0,132.0,695.3865356445312,149.30252075195312,-1.041941523551941,-56.23026657104492,694.3446044921875,93.07225036621094,5.3446044921875,-38.92774963378906,39.292930603027344
742,1478.0,364.0,1455.042724609375,382.5812072753906,48.55628967285156,-27.882225036621094,1503.5989990234375,354.698974609375,25.5989990234375,-9.301025390625,27.2363338470459
743,1712.0,532.0,1737.9915771484375,547.2437133789062,25.692066192626953,-18.961456298828125,1763.68359375,528.2822265625,51.68359375,-3.7177734375,51.817134857177734
744,426.0,364.0,433.3666687011719,266.25,-19.54718589782715,33.452518463134766,413.8194885253906,299.7025146484375,-12.180511474609375,-64.2974853515625,65.44105529785156
745,1438.0,247.0,1387.3277587890625,203.95797729492188,63.85403823852539,15.580211639404297,1451.1817626953125,219.53819274902344,13.1817626953125,-27.461807250976562,30.461610794067383
746,1741.0,596.0,1722.824951171875,653.816650390625,72.49207305908203,-50.660728454589844,1795.3170166015625,603.1559448242188,54.3170166015625,7.15594482421875,54.7863655090332
747,245.0,547.0,243.14035034179688,506.91229248046875,-44.10678482055664,4.0056352615356445,199.0335693359375,510.9179382324219,-45.9664306640625,-36.082061767578125,58.43653106689453
748,1741.0,1060.0,1746.9569091796875,1037.215576171875,48.48030471801758,18.968050003051758,1795.437255859375,1056.18359375,54.437255859375,-3.81640625,54.57086944580078
749,1478.0,828.0,1458.803466796875,840.957275390625,50.78912353515625,-9.356287002563477,1509.592529296875,831.6010131835938,31.592529296875,3.60101318359375,31.797094345092773
750,1215.0,596.0,1190.059814453125,585.8119506835938,33.225337982177734,-6.522463798522949,1223.28515625,579.2894897460938,8.28515625,-16.71051025390625,18.651674270629883
751,537.0,797.0,527.059814453125,715.3846435546875,-27.09736442565918,44.674468994140625,499.96246337890625,760.05908203125,-37.03753662109375,-36.94091796875,52.31071090698242
752,192.0,769.0,155.1896514892578,729.3189697265625,12.537201881408691,25.674808502197266,167.7268524169922,754.9937744140625,-24.273147583007812,-14.0062255859375,28.024276733398438
753,356.0,345.0,355.4745788574219,358.8559265136719,-13.850492477416992,-41.76546859741211,341.62408447265625,317.0904541015625,-14.37591552734375,-27.9095458984375,31.394420623779297
754,597.0,386.0,621.0341796875,364.5982971191406,-19.250146865844727,-13.26923942565918,601.7840576171875,351.3290710449219,4.7840576171875,-34.670928955078125,34.99943542480469
755,1807.0,213.0,1837.2880859375,230.69491577148438,26.507266998291016,-35.27068328857422,1863.79541015625,195.42422485351562,56.79541015625,-17.575775146484375,59.45272445678711
756,1542.0,501.0,1532.739501953125,443.91595458984375,49.71538543701172,38.69873809814453,1582.454833984375,482.61468505859375,40.454833984375,-18.38531494140625,44.436622619628906
757,1011.0,410.0,975.2772827148438,390.3109130859375,27.168020248413086,-7.860455513000488,1002.4453125,382.4504699707031,-8.5546875,-27.549530029296875,28.847171783447266
758,225.0,608.0,218.35000610351562,577.4249877929688,-35.31094741821289,7.339749336242676,183.0390625,584.7647094726562,-41.9609375,-23.23529052734375,47.96455764770508
759,163.0,596.0,189.4033660888672,538.361328125,-38.427608489990234,10.080535888671875,150.9757537841797,548.44189453125,-12.024246215820312,-47.55810546875,49.054622650146484
760,812.0,515.0,777.2583618164062,531.0333251953125,57.564598083496094,-28.89065170288086,834.8229370117188,502.1426696777344,22.82293701171875,-12.857330322265625,26.195369720458984
761,689.0,1060.0,793.1932983398438,1041.88232421875,-62.05689239501953,20.813312530517578,731.1364135742188,1062.6956787109375,42.13641357421875,2.6956787109375,42.22255325317383
762,955.0,422.0,1062.2857666015625,449.07562255859375,-11.571642875671387,-53.48117446899414,1050.714111328125,395.5944519042969,95.714111328125,-26.405548095703125,99.2896957397461
763,1478.0,828.0,1499.3109130859375,753.4537963867188,45.424686431884766,43.08328628540039,1544.735595703125,796.537109375,66.735595703125,-31.462890625,73.78044128417969
764,1621.0,143.0,1642.800048828125,184.19166564941406,47.32541275024414,-57.2214469909668,1690.12548828125,126.97021484375,69.12548828125,-16.02978515625,70.95975494384766
765,1318.0,874.0,1266.4583740234375,878.1583251953125,83.28439331054688,-9.000886917114258,1349.7427978515625,869.1574096679688,31.7427978515625,-4.84259033203125,32.11005783081055
766,617.0,501.0,633.8305053710938,423.72882080078125,8.241924285888672,27.36151123046875,642.0724487304688,451.09033203125,25.07244873046875,-49.90966796875,55.85340118408203
767,426.0,828.0,436.8571472167969,706.2689208984375,-24.814228057861328,63.641963958740234,412.04290771484375,769.910888671875,-13.95709228515625,-58.089111328125,59.74232482910156
768,1430.0,418.0,1415.1092529296875,428.6218566894531,70.21611022949219,-23.116527557373047,1485.3253173828125,405.5053405761719,55.3253173828125,-12.494659423828125,56.718666076660156
769,1215.0,596.0,1205.1680908203125,582.5546264648438,54.629180908203125,-5.977866172790527,1259.7972412109375,576.5767822265625,44.7972412109375,-19.4232177734375,48.826778411865234
770,1705.0,909.0,1741.52099609375,769.462158203125,33.34126281738281,76.07252502441406,1774.8623046875,845.53466796875,69.8623046875,-63.46533203125,94.38533020019531
771,1058.0,235.0,1057.3193359375,275.7815246582031,36.99913787841797,-54.61772537231445,1094.3184814453125,221.16380310058594,36.3184814453125,-13.836196899414062,38.86479568481445
772,1741.0,132.0,1826.9666748046875,140.35000610351562,9.91383171081543,-34.01010513305664,1836.8804931640625,106.33990478515625,95.8804931640625,-25.66009521484375,99.25476837158203
773,1215.0,1060.0,1208.9327392578125,1055.4537353515625,43.081024169921875,-1.298100471496582,1252.0137939453125,1054.1556396484375,37.0137939453125,-5.8443603515625,37.472354888916016
774,1215.0,132.0,1256.8582763671875,169.69166564941406,18.253368377685547,-60.85503005981445,1275.1116943359375,108.83663940429688,60.1116943359375,-23.163360595703125,64.42015838623047
775,515.0,861.0,412.22882080078125,823.2796630859375,42.65489196777344,9.115755081176758,454.88372802734375,832.3954467773438,-60.11627197265625,-28.60455322265625,66.57466888427734
776,963.0,268.0,939.35595703125,295.5847473144531,44.11211013793945,-44.957149505615234,983.4680786132812,250.62759399414062,20.46807861328125,-17.372406005859375,26.84665298461914
777,1130.0,947.0,1140.076904296875,888.6495971679688,33.97234344482422,29.61370277404785,1174.0491943359375,918.2633056640625,44.0491943359375,-28.7366943359375,52.59400177001953
778,598.0,780.0,654.11767578125,730.20166015625,-34.70467758178711,23.623952865600586,619.4130249023438,753.8256225585938,21.41302490234375,-26.17437744140625,33.817386627197266
779,163.0,132.0,191.4166717529297,159.39999389648438,-13.404464721679688,-70.51979064941406,178.01220703125,88.88020324707031,15.01220703125,-43.11979675292969,45.65833282470703
780,1456.0,701.0,1437.0335693359375,704.8571166992188,84.7626724243164,-48.07050704956055,1521.7962646484375,656.78662109375,65.7962646484375,-44.21337890625,79.27149963378906
781,1478.0,364.0,1496.271240234375,378.27117919921875,29.117229461669922,-50.623191833496094,1525.388427734375,327.6479797363281,47.388427734375,-36.352020263671875,59.7254753112793
782,1120.0,117.0,1133.899169921875,276.7478942871094,43.43303680419922,-141.29974365234375,1177.3321533203125,135.44815063476562,57.3321533203125,18.448150634765625,60.22715377807617
783,1741.0,1060.0,1736.9580078125,989.5714111328125,63.47126388549805,-1.7845206260681152,1800.4293212890625,987.786865234375,59.4293212890625,-72.213134765625,93.52315521240234
784,1215.0,1060.0,1252.1505126953125,968.0752563476562,35.34866714477539,23.90278434753418,1287.4991455078125,991.97802734375,72.4991455078125,-68.02197265625,99.41385650634766
785,426.0,828.0,527.375,748.5625,-20.487783432006836,54.1768913269043,506.88720703125,802.7393798828125,80.88720703125,-25.2606201171875,84.73983001708984
786,722.0,743.0,826.7373046875,759.5084838867188,-19.66173553466797,-32.5448112487793,807.0755615234375,726.9636840820312,85.0755615234375,-16.03631591796875,86.5737533569336
787,443.0,155.0,487.84954833984375,155.59292602539062,2.045234441757202,4.719876289367676,489.894775390625,160.31280517578125,46.894775390625,5.31280517578125,47.19476318359375
788,345.0,204.0,411.7899169921875,217.04202270507812,-7.18912410736084,-11.598941802978516,404.6007995605469,205.44308471679688,59.600799560546875,1.443084716796875,59.61826705932617
789,1322.0,280.0,1370.420166015625,240.44537353515625,-0.990334689617157,-7.197600364685059,1369.4298095703125,233.24777221679688,47.4298095703125,-46.752227783203125,66.59848022460938
790,378.0,385.0,435.6722717285156,431.91595458984375,10.57886791229248,-34.62220001220703,446.2511291503906,397.29376220703125,68.25112915039062,12.29376220703125,69.34950256347656
791,1383.0,913.0,1405.2100830078125,887.1344604492188,62.07126998901367,-24.508390426635742,1467.2813720703125,862.6260986328125,84.2813720703125,-50.3739013671875,98.18798065185547
792,1808.0,515.0,1697.9517822265625,501.90362548828125,120.34840393066406,-55.9056282043457,1818.3001708984375,445.99798583984375,10.3001708984375,-69.00201416015625,69.76654815673828
793,1215.0,132.0,1200.4083251953125,200.14999389648438,39.44215774536133,-70.61373901367188,1239.8504638671875,129.5362548828125,24.8504638671875,-2.4637451171875,24.9722957611084
794,689.0,596.0,802.82568359375,584.4954223632812,-21.25041961669922,-9.89349365234375,781.5752563476562,574.6019287109375,92.57525634765625,-21.3980712890625,95.01608276367188
795,489.0,827.0,518.6875,818.1517944335938,33.83982467651367,9.481925964355469,552.52734375,827.6337280273438,63.52734375,0.63372802734375,63.5305061340332
796,163.0,596.0,218.84873962402344,629.9663696289062,-4.185954570770264,-6.555764198303223,214.66278076171875,623.4105834960938,51.66278076171875,27.41058349609375,58.484039306640625
797,207.0,402.0,271.2930908203125,325.862060546875,-1.6421191692352295,66.47254180908203,269.6509704589844,392.3345947265625,62.650970458984375,-9.6654052734375,63.392147064208984
798,1741.0,132.0,1658.2689208984375,147.36134338378906,79.8633041381836,-47.893524169921875,1738.1322021484375,99.46781921386719,-2.8677978515625,-32.53218078613281,32.6583366394043
799,1741.0,596.0,1641.638671875,582.9243774414062,119.42753601074219,-52.56532287597656,1761.066162109375,530.3590698242188,20.066162109375,-65.64093017578125,68.63951110839844
800,1592.0,551.0,1556.2269287109375,599.420166015625,92.86349487304688,-87.13616943359375,1649.0904541015625,512.2839965820312,57.0904541015625,-38.71600341796875,68.98006439208984
801,452.0,309.0,439.2083435058594,315.76666259765625,4.18925142288208,-37.11587142944336,443.3975830078125,278.6507873535156,-8.6024169921875,-30.349212646484375,31.544830322265625
802,137.0,781.0,155.72268676757812,753.0252075195312,47.356910705566406,12.984679222106934,203.07958984375,766.0098876953125,66.07958984375,-14.9901123046875,67.75851440429688
803,163.0,132.0,166.25210571289062,138.23529052734375,-24.56043815612793,-33.45977783203125,141.69166564941406,104.7755126953125,-21.308334350585938,-27.2244873046875,34.571922302246094
804,163.0,596.0,170.739501953125,561.4705810546875,7.281816005706787,15.91378402709961,178.0213165283203,577.3843383789062,15.021316528320312,-18.61566162109375,23.92034339904785
805,268.0,433.0,255.89915466308594,413.1932678222656,-2.9980578422546387,-6.634568214416504,252.90109252929688,406.5586853027344,-15.098907470703125,-26.441314697265625,30.448646545410156
806,689.0,596.0,657.6974487304688,590.579833984375,46.75416564941406,-30.691028594970703,704.4515991210938,559.8887939453125,15.45159912109375,-36.1112060546875,39.27812576293945
807,590.0,596.0,553.781494140625,589.6638793945312,38.8052978515625,-24.42547607421875,592.5867919921875,565.2384033203125,2.5867919921875,-30.7615966796875,30.870168685913086
808,771.0,343.0,760.1694946289062,338.8389892578125,30.290857315063477,-45.27916717529297,790.4603271484375,293.559814453125,19.4603271484375,-49.440185546875,53.13225173950195
809,426.0,364.0,434.0458679199219,326.17431640625,-13.181135177612305,-8.697562217712402,420.86474609375,317.47674560546875,-5.13525390625,-46.52325439453125,46.805809020996094
810,1249.0,937.0,1275.9266357421875,862.6146850585938,47.8124885559082,-8.687419891357422,1323.7391357421875,853.92724609375,74.7391357421875,-83.07275390625,111.7453384399414
811,752.0,264.0,764.59814453125,258.9719543457031,8.419820785522461,-41.529361724853516,773.0179443359375,217.44259643554688,21.0179443359375,-46.557403564453125,51.081756591796875
812,1388.0,186.0,1386.1363525390625,126.12727355957031,15.225214958190918,-52.69738006591797,1401.361572265625,73.42989349365234,13.361572265625,-112.57010650634766,113.36031341552734
813,507.0,818.0,505.0555419921875,827.25927734375,12.17457389831543,-22.698213577270508,517.2301025390625,804.56103515625,10.2301025390625,-13.43896484375,16.889665603637695
814,1478.0,828.0,1536.6697998046875,798.1509399414062,28.98290252685547,-83.86821746826172,1565.6527099609375,714.28271484375,87.6527099609375,-113.71728515625,143.5779266357422
815,1478.0,364.0,1448.5596923828125,428.1651306152344,43.29672622680664,-134.537109375,1491.8564453125,293.6280212402344,13.8564453125,-70.37197875976562,71.72319030761719
816,426.0,828.0,421.8050842285156,816.5084838867188,6.089075565338135,-9.416873931884766,427.8941650390625,807.0916137695312,1.8941650390625,-20.90838623046875,20.99401092529297
817,739.0,262.0,728.0423583984375,200.74575805664062,3.8961098194122314,-1.5317633152008057,731.9384765625,199.2139892578125,-7.0615234375,-62.7860107421875,63.18186569213867
818,901.0,645.0,893.2750244140625,618.8250122070312,51.01594161987305,-29.060436248779297,944.2909545898438,589.7645874023438,43.29095458984375,-55.23541259765625,70.17875671386719
819,1260.0,571.0,1374.2542724609375,468.7033996582031,-17.198902130126953,-40.89228439331055,1357.055419921875,427.8111267089844,97.055419921875,-143.18887329101562,172.9821014404297
820,1215.0,132.0,1215.5,75.27192687988281,6.781014919281006,-27.62505340576172,1222.281005859375,47.646873474121094,7.281005859375,-84.3531265258789,84.66677856445312
821,1741.0,132.0,1772.1356201171875,135.69491577148438,46.197444915771484,-140.87887573242188,1818.3330078125,-5.1839599609375,77.3330078125,-137.1839599609375,157.47962951660156
822,605.0,489.0,607.5897216796875,475.8974304199219,2.7268950939178467,-14.30318546295166,610.3165893554688,461.59423828125,5.31658935546875,-27.40576171875,27.916696548461914
823,1785.0,501.0,1813.983154296875,526.4873657226562,43.51727294921875,-35.34397888183594,1857.50048828125,491.14337158203125,72.50048828125,-9.85662841796875,73.16744232177734
824,1478.0,828.0,1515.5084228515625,814.0,25.300676345825195,0.07219165563583374,1540.80908203125,814.0722045898438,62.80908203125,-13.92779541015625,64.33478546142578
825,426.0,828.0,404.868408203125,775.6052856445312,10.700703620910645,30.248064041137695,415.5691223144531,805.8533325195312,-10.430877685546875,-22.14666748046875,24.48015594482422
826,1040.0,123.0,1029.440673828125,120.61864471435547,9.194172859191895,-34.8950309753418,1038.6348876953125,85.72361755371094,-1.3651123046875,-37.27638244628906,37.301368713378906
827,1631.0,343.0,1652.068359375,336.0940246582031,31.822696685791016,-19.61749267578125,1683.89111328125,316.4765319824219,52.89111328125,-26.523468017578125,59.168949127197266
828,1351.0,165.0,1362.9736328125,130.0614013671875,18.696395874023438,-8.983471870422363,1381.6700439453125,121.07792663574219,30.6700439453125,-43.92207336425781,53.57051467895508
829,1215.0,132.0,1170.7586669921875,168.9396514892578,58.75406265258789,-58.07020568847656,1229.5126953125,110.86944580078125,14.5126953125,-21.13055419921875,25.63432502746582
830,689.0,1060.0,664.458740234375,1009.3394775390625,17.12323570251465,35.96978759765625,681.5819702148438,1045.309326171875,-7.41802978515625,-14.690673828125,16.45730972290039
831,900.0,501.0,889.3761596679688,481.8990783691406,24.187726974487305,-8.855398178100586,913.5639038085938,473.0436706542969,13.56390380859375,-27.956329345703125,31.07307243347168
832,1478.0,364.0,1458.868408203125,320.6929931640625,55.17853546142578,8.442604064941406,1514.0469970703125,329.1355895996094,36.0469970703125,-34.864410400390625,50.14891052246094
833,689.0,596.0,660.1478271484375,570.8956298828125,23.91181755065918,-5.348033428192139,684.0596313476562,565.547607421875,-4.94036865234375,-30.452392578125,30.850534439086914
834,863.0,797.0,843.7899169921875,804.6974487304688,35.881290435791016,-17.15418815612793,879.6712036132812,787.5432739257812,16.67120361328125,-9.45672607421875,19.166603088378906
835,381.0,595.0,381.3362121582031,608.4569091796875,-18.786577224731445,-25.186092376708984,362.54962158203125,583.2708129882812,-18.45037841796875,-11.72918701171875,21.86298942565918
836,163.0,596.0,198.8141632080078,609.6725463867188,-46.54304122924805,-13.099103927612305,152.2711181640625,596.5734252929688,-10.7288818359375,0.57342529296875,10.744194984436035
837,937.0,756.0,901.8956298828125,677.2782592773438,33.55647659301758,33.25366973876953,935.4520874023438,710.5319213867188,-1.54791259765625,-45.46807861328125,45.49441909790039
838,1445.0,491.0,1459.7216796875,523.1478271484375,47.26095962524414,-49.32291030883789,1506.982666015625,473.8249206542969,61.982666015625,-17.175079345703125,64.31822204589844
839,1741.0,1060.0,1753.3189697265625,1077.8017578125,65.06560516357422,-15.477313041687012,1818.384521484375,1062.324462890625,77.384521484375,2.324462890625,77.41942596435547
840,163.0,1060.0,146.5299072265625,1039.6751708984375,63.26898193359375,12.054963111877441,209.79888916015625,1051.7301025390625,46.79888916015625,-8.2698974609375,47.523963928222656
841,935.0,510.0,895.2051391601562,511.0854797363281,50.631595611572266,-24.241872787475586,945.8367309570312,486.8435974121094,10.83673095703125,-23.156402587890625,25.566652297973633
842,1710.0,266.0,1691.771240234375,292.21185302734375,63.98728561401367,-49.667930603027344,1755.758544921875,242.54391479492188,45.758544921875,-23.456085205078125,51.4201545715332
843,449.0,219.0,431.0335998535156,251.15126037597656,-1.6384804248809814,-51.09838104248047,429.3951110839844,200.05288696289062,-19.604888916015625,-18.947113037109375,27.26435089111328
844,509.0,783.0,464.6833190917969,774.625,6.0593061447143555,6.982717514038086,470.74261474609375,781.6077270507812,-38.25738525390625,-1.39227294921875,38.282711029052734
845,163.0,1060.0,143.1764678955078,1030.083984375,41.12849426269531,40.44707489013672,184.30496215820312,1070.531005859375,21.304962158203125,10.531005859375,23.765594482421875
846,163.0,596.0,175.26666259765625,600.2083129882812,-34.46342468261719,-0.4436217248439789,140.80323791503906,599.7647094726562,-22.196762084960938,3.76470947265625,22.513757705688477
847,1567.0,121.0,1599.66943359375,149.86441040039062,24.147064208984375,-60.08161163330078,1623.8165283203125,89.78279876708984,56.8165283203125,-31.217201232910156,64.82770538330078
848,134.0,248.0,127.86554718017578,273.97479248046875,-20.121652603149414,-17.64115333557129,107.743896484375,256.3336486816406,-26.256103515625,8.333648681640625,27.546918869018555
849,1638.0,531.0,1674.7750244140625,525.2166748046875,26.216489791870117,-18.039011001586914,1700.991455078125,507.17767333984375,62.991455078125,-23.82232666015625,67.34557342529297
850,689.0,1060.0,709.462158203125,1029.083984375,-20.35654640197754,38.59246826171875,689.1055908203125,1067.676513671875,0.1055908203125,7.676513671875,7.677239894866943
851,426.0,828.0,372.1680603027344,802.4117431640625,7.877466201782227,22.67536163330078,380.0455322265625,825.0870971679688,-45.9544677734375,-2.91290283203125,46.046695709228516
852,686.0,199.0,680.5739135742188,219.33042907714844,10.89914321899414,-48.84474182128906,691.4730834960938,170.48568725585938,5.47308349609375,-28.514312744140625,29.034818649291992
853,546.0,144.0,544.9391479492188,166.4956512451172,1.335483193397522,-51.00088882446289,546.274658203125,115.49476623535156,0.274658203125,-28.505233764648438,28.50655746459961
854,1647.0,117.0,1589.2435302734375,119.93043518066406,71.12862396240234,-50.80134963989258,1660.3721923828125,69.12908935546875,13.3721923828125,-47.87091064453125,49.70351791381836
855,952.0,364.0,927.88134765625,357.38134765625,29.0889835357666,-19.46010398864746,956.9703369140625,337.9212341308594,4.9703369140625,-26.078765869140625,26.548187255859375
856,566.0,266.0,570.9747924804688,262.420166015625,-7.506192684173584,-26.940637588500977,563.4686279296875,235.47952270507812,-2.5313720703125,-30.520477294921875,30.625272750854492
857,1741.0,132.0,1783.3948974609375,154.77310180664062,27.857091903686523,-55.35954284667969,1811.251953125,99.41355895996094,70.251953125,-32.58644104003906,77.4416732788086
858,366.0,347.0,341.579833984375,330.0420227050781,-8.484098434448242,-14.323051452636719,333.0957336425781,315.7189636230469,-32.904266357421875,-31.281036376953125,45.40037536621094
859,1215.0,1060.0,1177.4285888671875,1026.9747314453125,50.26539611816406,15.733774185180664,1227.6939697265625,1042.70849609375,12.6939697265625,-17.29150390625,21.45071029663086
860,1071.0,848.0,1042.652587890625,804.1016845703125,36.406864166259766,17.46704864501953,1079.0594482421875,821.5687255859375,8.0594482421875,-26.4312744140625,27.632715225219727
861,144.0,582.0,122.24166870117188,563.5166625976562,-21.307056427001953,10.101142883300781,100.93461608886719,573.6177978515625,-43.06538391113281,-8.3822021484375,43.87355422973633
862,952.0,828.0,875.739501953125,791.058837890625,50.73282241821289,11.912009239196777,926.4723510742188,802.9708251953125,-25.52764892578125,-25.0291748046875,35.75081253051758
863,1215.0,132.0,1200.7730712890625,134.77310180664062,23.684539794921875,-36.92417907714844,1224.4576416015625,97.84892272949219,9.4576416015625,-34.15107727050781,35.436466217041016
864,1004.0,447.0,1049.3248291015625,454.4017028808594,1.4533674716949463,-38.9000358581543,1050.7781982421875,415.5016784667969,46.7781982421875,-31.498321533203125,56.3945426940918
865,689.0,132.0,688.9583129882812,153.10833740234375,7.478680610656738,-36.591331481933594,696.43701171875,116.51700592041016,7.43701171875,-15.482994079589844,17.176502227783203
866,629.0,350.0,614.888916015625,344.80340576171875,16.760400772094727,-17.10778045654297,631.6492919921875,327.69561767578125,2.6492919921875,-22.30438232421875,22.461172103881836
867,1248.0,385.0,1230.9583740234375,373.2083435058594,28.44748878479004,-30.162418365478516,1259.4058837890625,343.0459289550781,11.4058837890625,-41.954071044921875,43.476871490478516
868,1763.0,207.0,1769.347412109375,218.7796630859375,24.238004684448242,-49.405052185058594,1793.58544921875,169.37460327148438,30.58544921875,-37.625396728515625,48.488555908203125
869,1215.0,1060.0,1167.1680908203125,943.100830078125,49.99186706542969,40.70218276977539,1217.159912109375,983.8030395507812,2.159912109375,-76.19696044921875,76.22756958007812
870,426.0,636.0,409.6470642089844,612.2437133789062,13.879546165466309,-0.22992342710494995,423.526611328125,612.0137939453125,-2.473388671875,-23.9862060546875,24.113393783569336
871,952.0,828.0,968.6260986328125,786.2869262695312,7.864068984985352,-3.4771621227264404,976.4901733398438,782.8097534179688,24.49017333984375,-45.19024658203125,51.39967727661133
872,1163.0,775.0,1162.955810546875,745.0088500976562,27.278879165649414,-13.177336692810059,1190.2347412109375,731.83154296875,27.2347412109375,-43.16845703125,51.04161834716797
873,1478.0,364.0,1467.5478515625,369.6695556640625,31.461444854736328,-48.64106750488281,1499.00927734375,321.02850341796875,21.00927734375,-42.97149658203125,47.8324089050293
874,898.0,576.0,886.9580078125,526.8067016601562,20.260326385498047,8.15570068359375,907.2183227539062,534.96240234375,9.21832275390625,-41.03759765625,42.060218811035156
875,1478.0,828.0,1454.0419921875,826.621826171875,66.44302368164062,-47.133995056152344,1520.4849853515625,779.4878540039062,42.4849853515625,-48.51214599609375,64.48567199707031
876,868.0,456.0,884.3898315429688,428.7966003417969,-0.3786553740501404,-9.664459228515625,884.0111694335938,419.13214111328125,16.01116943359375,-36.86785888671875,40.19448471069336
877,163.0,596.0,166.37606811523438,616.7692260742188,10.539460182189941,-22.1112117767334,176.91552734375,594.6580200195312,13.91552734375,-1.34197998046875,13.980086326599121
878,388.0,492.0,370.60504150390625,494.66387939453125,12.46341609954834,-12.602485656738281,383.0684509277344,482.0614013671875,-4.931549072265625,-9.9385986328125,11.094860076904297
879,243.0,444.0,230.7083282470703,456.01666259765625,1.29396390914917,-14.511553764343262,232.00228881835938,441.5050964355469,-10.997711181640625,-2.494903564453125,11.277153968811035
880,1741.0,596.0,1745.0252685546875,544.7899169921875,21.54384422302246,-13.738899230957031,1766.569091796875,531.051025390625,25.569091796875,-64.948974609375,69.80077362060547
881,952.0,364.0,943.915283203125,349.3728942871094,17.67894744873047,-13.973316192626953,961.59423828125,335.3995666503906,9.59423828125,-28.600433349609375,30.166772842407227
882,1494.0,843.0,1606.2906494140625,807.1025390625,-9.062560081481934,-31.991636276245117,1597.2281494140625,775.1109008789062,103.2281494140625,-67.88909912109375,123.55152893066406
883,1686.0,489.0,1672.474609375,504.822021484375,45.305572509765625,-65.69633483886719,1717.7801513671875,439.12567138671875,31.7801513671875,-49.87432861328125,59.13904571533203
884,689.0,596.0,688.15966796875,558.2689208984375,5.930690288543701,0.1307375729084015,694.09033203125,558.399658203125,5.09033203125,-37.600341796875,37.94334030151367
885,1215.0,1060.0,1256.5,1039.6949462890625,41.14921188354492,-5.057771682739258,1297.649169921875,1034.63720703125,82.649169921875,-25.36279296875,86.45320892333984
886,299.0,635.0,311.0916748046875,615.6666870117188,-7.950672626495361,12.315217971801758,303.1409912109375,627.98193359375,4.1409912109375,-7.01806640625,8.14868450164795
887,1358.0,948.0,1378.152587890625,941.9830322265625,67.57633972167969,-18.8858642578125,1445.7288818359375,923.09716796875,87.7288818359375,-24.90283203125,91.19489288330078
888,1741.0,1060.0,1779.1514892578125,1022.8181762695312,67.52416229248047,1.8909294605255127,1846.6756591796875,1024.7091064453125,105.6756591796875,-35.2908935546875,111.41271209716797
889,952.0,364.0,974.691650390625,394.2416687011719,34.19975280761719,-65.21151733398438,1008.8914184570312,329.0301513671875,56.89141845703125,-34.9698486328125,66.77967071533203
890,1583.0,901.0,1621.39794921875,895.5918579101562,63.645530700683594,-20.749711990356445,1685.04345703125,874.8421630859375,102.04345703125,-26.1578369140625,105.3427734375
891,1008.0,833.0,1034.9561767578125,826.0438842773438,35.31314468383789,-13.208711624145508,1070.269287109375,812.8351440429688,62.269287109375,-20.16485595703125,65.45292663574219
892,1502.0,617.0,1512.7520751953125,568.1570434570312,58.665889739990234,6.184445858001709,1571.41796875,574.3414916992188,69.41796875,-42.65850830078125,81.47762298583984
893,1215.0,132.0,1237.32763671875,163.35345458984375,30.037683486938477,-74.96183013916016,1267.3653564453125,88.3916244506836,52.3653564453125,-43.608375549316406,68.14558410644531
894,1302.0,736.0,1334.6134033203125,685.6890869140625,38.43092727661133,8.481221199035645,1373.0443115234375,694.1702880859375,71.0443115234375,-41.8297119140625,82.44403839111328
895,773.0,740.0,822.7310791015625,667.1512451171875,-9.500055313110352,31.018007278442383,813.2310180664062,698.1692504882812,40.23101806640625,-41.83074951171875,58.03745651245117
896,1418.0,939.0,1505.3804931640625,887.1947021484375,12.990680694580078,9.076671600341797,1518.3712158203125,896.2713623046875,100.3712158203125,-42.7286376953125,109.08766174316406
897,1761.0,399.0,1756.8333740234375,310.85833740234375,68.84504699707031,12.888815879821777,1825.678466796875,323.7471618652344,64.678466796875,-75.25283813476562,99.2284927368164
898,1092.0,910.0,1082.3697509765625,875.7058715820312,55.07322692871094,1.8310729265213013,1137.4429931640625,877.5369262695312,45.4429931640625,-32.46307373046875,55.84726333618164
899,426.0,364.0,431.0847473144531,382.55084228515625,7.435342788696289,-33.478431701660156,438.52008056640625,349.0724182128906,12.52008056640625,-14.927581787109375,19.48294448852539
900,775.0,665.0,807.0167846679688,638.5714111328125,4.400936603546143,-5.588618755340576,811.417724609375,632.9827880859375,36.417724609375,-32.0172119140625,48.490745544433594
901,1376.0,306.0,1401.0,271.22882080078125,24.81605339050293,-21.83036994934082,1425.8160400390625,249.39845275878906,49.8160400390625,-56.60154724121094,75.40141296386719
902,163.0,1060.0,165.69747924804688,1003.2100830078125,51.66954803466797,55.45338439941406,217.36703491210938,1058.6634521484375,54.367034912109375,-1.3365478515625,54.383460998535156
903,1741.0,132.0,1740.7203369140625,97.91525268554688,48.400123596191406,-30.184429168701172,1789.1204833984375,67.73081970214844,48.1204833984375,-64.26918029785156,80.28765869140625
904,1478.0,364.0,1481.3277587890625,345.1092529296875,52.48367691040039,-31.99729347229004,1533.8114013671875,313.1119689941406,55.8114013671875,-50.888031005859375,75.52816772460938
905,426.0,828.0,446.95001220703125,776.6333618164062,-0.12122299522161484,38.29777145385742,446.82879638671875,814.93115234375,20.82879638671875,-13.06884765625,24.589298248291016
906,1014.0,326.0,1044.7667236328125,326.1666564941406,-1.564353108406067,-40.90156555175781,1043.202392578125,285.26507568359375,29.202392578125,-40.73492431640625,50.12099075317383
907,1388.0,248.0,1371.815185546875,233.44537353515625,6.346916198730469,-32.90774154663086,1378.162109375,200.53762817382812,-9.837890625,-47.462371826171875,48.47123718261719
908,1340.0,330.0,1281.2269287109375,335.6722717285156,32.42903137207031,-45.25529098510742,1313.656005859375,290.4169921875,-26.343994140625,-39.5830078125,47.54808807373047
909,1741.0,1060.0,1581.4224853515625,991.5352172851562,93.39812469482422,13.28895092010498,1674.820556640625,1004.8241577148438,-66.179443359375,-55.17584228515625,86.16316986083984
910,1484.0,136.0,1524.15966796875,125.38655090332031,4.727551460266113,-52.95886993408203,1528.88720703125,72.42768096923828,44.88720703125,-63.57231903076172,77.8222427368164
911,693.0,198.0,680.6083374023438,179.2083282470703,-8.172564506530762,-23.264623641967773,672.435791015625,155.94371032714844,-20.564208984375,-42.05628967285156,46.814720153808594
912,1741.0,596.0,1570.3050537109375,535.7457885742188,112.58003997802734,18.01057243347168,1682.8851318359375,553.75634765625,-58.1148681640625,-42.24365234375,71.84611511230469
913,1670.0,218.0,1715.6666259765625,280.6916809082031,42.2115592956543,-94.56822204589844,1757.878173828125,186.1234588623047,87.878173828125,-31.876541137695312,93.48094940185547
914,190.0,864.0,181.92308044433594,724.3846435546875,21.71466827392578,92.12641906738281,203.63775634765625,816.5110473632812,13.63775634765625,-47.48895263671875,49.408390045166016
915,184.0,427.0,177.4952392578125,247.57142639160156,25.973161697387695,131.58152770996094,203.46839904785156,379.1529541015625,19.468399047851562,-47.8470458984375,51.65615463256836
916,426.0,364.0,403.06781005859375,253.1271209716797,13.830789566040039,56.79082107543945,416.8985900878906,309.9179382324219,-9.101409912109375,-54.082061767578125,54.84254837036133
917,1215.0,1060.0,1190.6383056640625,1077.25537109375,17.45306396484375,-29.67656898498535,1208.09130859375,1047.578857421875,-6.90869140625,-12.421142578125,14.213191032409668
918,163.0,596.0,150.21665954589844,514.0833129882812,33.61378479003906,28.97545623779297,183.8304443359375,543.0587768554688,20.8304443359375,-52.94122314453125,56.89183044433594
919,1625.0,557.0,1577.2332763671875,534.125,33.13176345825195,-18.100128173828125,1610.364990234375,516.02490234375,-14.635009765625,-40.97509765625,43.51025390625
920,1003.0,429.0,924.9666748046875,358.60833740234375,29.20603370666504,18.726648330688477,954.1727294921875,377.3349914550781,-48.8272705078125,-51.665008544921875,71.08709716796875
921,397.0,785.0,335.7391357421875,623.521728515625,60.49578857421875,122.74369812011719,396.23492431640625,746.2654418945312,-0.76507568359375,-38.73455810546875,38.74211120605469
922,689.0,132.0,655.2268676757812,190.9243621826172,11.267921447753906,-81.02783966064453,666.4948120117188,109.89652252197266,-22.50518798828125,-22.103477478027344,31.544368743896484
923,352.0,973.0,291.6000061035156,739.7999877929688,71.56570434570312,193.04925537109375,363.16571044921875,932.8492431640625,11.16571044921875,-40.1507568359375,41.674407958984375
924,1741.0,132.0,1692.311279296875,141.632080078125,34.8350944519043,-46.54360580444336,1727.1463623046875,95.08847045898438,-13.8536376953125,-36.911529541015625,39.425682067871094
925,1478.0,364.0,1350.25,335.3333435058594,69.22867584228516,-19.0559139251709,1419.4786376953125,316.2774353027344,-58.5213623046875,-47.722564697265625,75.51286315917969
926,1478.0,828.0,1393.754150390625,716.786865234375,47.841739654541016,42.370216369628906,1441.595947265625,759.1571044921875,-36.404052734375,-68.8428955078125,77.87553405761719
927,689.0,596.0,616.7304077148438,569.3912963867188,64.22169494628906,-6.733129978179932,680.9520874023438,562.6581420898438,-8.04791259765625,-33.34185791015625,34.29939270019531
928,1215.0,596.0,1188.3240966796875,557.3148193359375,18.828468322753906,16.3565673828125,1207.152587890625,573.67138671875,-7.847412109375,-22.32861328125,23.667465209960938
929,719.0,768.0,729.867919921875,709.3207397460938,-6.776899337768555,14.022822380065918,723.0910034179688,723.3435668945312,4.09100341796875,-44.65643310546875,44.84343338012695
930,456.0,817.0,347.4545593261719,664.0454711914062,83.24182891845703,76.5640640258789,430.6963806152344,740.6095581054688,-25.303619384765625,-76.39044189453125,80.4721908569336
931,679.0,627.0,731.0796508789062,556.8583984375,-26.785221099853516,24.76401138305664,704.29443359375,581.6224365234375,25.29443359375,-45.3775634765625,51.95124435424805
932,1128.0,559.0,1085.141357421875,537.3434448242188,28.966262817382812,5.991182804107666,1114.107666015625,543.3346557617188,-13.892333984375,-15.66534423828125,20.938003540039062
933,1277.0,862.0,1136.9534912109375,813.0465087890625,88.60541534423828,9.599282264709473,1225.5589599609375,822.6458129882812,-51.4410400390625,-39.35418701171875,64.76830291748047
934,1768.0,944.0,1645.774169921875,829.2096557617188,68.47356414794922,72.43644714355469,1714.2476806640625,901.6461181640625,-53.7523193359375,-42.3538818359375,68.43363952636719
935,1529.0,637.0,1512.3477783203125,573.5999755859375,19.367210388183594,-10.816316604614258,1531.7149658203125,562.7836303710938,2.7149658203125,-74.21636962890625,74.2660140991211
936,797.0,884.0,860.7666625976562,763.8778076171875,-30.481382369995117,18.940771102905273,830.2852783203125,782.818603515625,33.2852783203125,-101.181396484375,106.51565551757812
937,1215.0,132.0,1237.77783203125,75.76923370361328,-3.1956307888031006,-20.979787826538086,1234.5821533203125,54.78944396972656,19.5821533203125,-77.21055603027344,79.65507507324219
938,1741.0,1060.0,1746.54541015625,910.6969604492188,21.055702209472656,13.712409019470215,1767.60107421875,924.4093627929688,26.60107421875,-135.59063720703125,138.17538452148438
939,689.0,1060.0,725.6271362304688,900.2542114257812,-15.885080337524414,47.570735931396484,709.7420654296875,947.824951171875,20.7420654296875,-112.175048828125,114.07661437988281
940,837.0,416.0,828.458740234375,329.0733947753906,2.422091245651245,-17.953351974487305,830.880859375,311.12005615234375,-6.119140625,-104.87994384765625,105.05829620361328
941,1741.0,132.0,1683.72998046875,124.37000274658203,35.49159240722656,-41.91568374633789,1719.2215576171875,82.45431518554688,-21.7784423828125,-49.545684814453125,54.120933532714844
942,1478.0,828.0,1413.6451416015625,688.6129150390625,52.6287841796875,39.95820999145508,1466.27392578125,728.5711059570312,-11.72607421875,-99.42889404296875,100.11795806884766
943,522.0,703.0,600.625,553.4791870117188,-37.02028274536133,35.48169708251953,563.604736328125,588.9608764648438,41.604736328125,-114.03912353515625,121.39141845703125
944,1741.0,596.0,1669.142822265625,486.19049072265625,62.21733856201172,38.99805450439453,1731.360107421875,525.1885375976562,-9.639892578125,-70.81146240234375,71.46461486816406
945,426.0,364.0,460.2743225097656,272.2301025390625,-5.456162452697754,-7.817911148071289,454.8181457519531,264.4122009277344,28.818145751953125,-99.58779907226562,103.67359924316406
946,372.0,660.0,379.5378112792969,589.5126342773438,-1.9390645027160645,-17.67643928527832,377.5987548828125,571.836181640625,5.5987548828125,-88.163818359375,88.34141540527344
947,1332.0,233.0,1298.066650390625,209.25,29.21863555908203,-40.61039733886719,1327.2852783203125,168.6396026611328,-4.7147216796875,-64.36039733886719,64.53285217285156
948,728.0,901.0,746.0736694335938,715.9263305664062,-10.914877891540527,63.7763786315918,735.1588134765625,779.7026977539062,7.1588134765625,-121.29730224609375,121.50836944580078
949,596.0,382.0,621.81396484375,265.2558288574219,-3.612776041030884,9.934836387634277,618.201171875,275.190673828125,22.201171875,-106.809326171875,109.09226989746094
950,163.0,132.0,212.01708984375,53.41880416870117,-9.954413414001465,-11.398984909057617,202.06268310546875,42.01982116699219,39.06268310546875,-89.98017883300781,98.09346008300781
951,437.0,535.0,460.375,409.6160583496094,-2.118293285369873,18.777448654174805,458.2567138671875,428.39349365234375,21.2567138671875,-106.60650634765625,108.70508575439453
952,1209.0,379.0,1176.9444580078125,262.52777099609375,28.535053253173828,20.80609130859375,1205.4794921875,283.3338623046875,-3.5205078125,-95.6661376953125,95.73089599609375
953,857.0,676.0,847.0823364257812,572.3882446289062,12.981268882751465,9.199231147766113,860.0635986328125,581.5874633789062,3.0635986328125,-94.41253662109375,94.46222686767578
954,1215.0,1060.0,1163.1851806640625,877.2222290039062,36.90816116333008,57.53662109375,1200.0933837890625,934.7588500976562,-14.9066162109375,-125.24114990234375,126.1251449584961
955,1153.0,748.0,1138.4827880859375,622.9224243164062,18.748720169067383,27.712636947631836,1157.2315673828125,650.6350708007812,4.2315673828125,-97.36492919921875,97.45684051513672
956,755.0,233.0,770.3025512695312,251.10923767089844,1.6965246200561523,-53.78174591064453,771.9990844726562,197.32748413085938,16.99908447265625,-35.672515869140625,39.515785217285156
957,214.0,572.0,185.85714721679688,561.7647094726562,17.455188751220703,-11.27489948272705,203.3123321533203,550.4898071289062,-10.687667846679688,-21.51019287109375,24.019046783447266
958,1542.0,301.0,1546.016845703125,274.9579772949219,22.66688346862793,-23.148618698120117,1568.6837158203125,251.80935668945312,26.6837158203125,-49.190643310546875,55.961952209472656
959,691.0,218.0,665.8571166992188,207.739501953125,25.073211669921875,-24.34947967529297,690.9302978515625,183.3900146484375,-0.0697021484375,-34.6099853515625,34.61005401611328
960,1215.0,596.0,1214.7916259765625,612.0333251953125,50.379676818847656,-56.82395553588867,1265.1712646484375,555.2093505859375,50.1712646484375,-40.7906494140625,64.66090393066406
961,871.0,624.0,835.5047607421875,608.028564453125,51.53006362915039,-20.11555290222168,887.0348510742188,587.9130249023438,16.03485107421875,-36.08697509765625,39.48906326293945
962,541.0,961.0,523.570068359375,882.4953002929688,16.079326629638672,32.77146911621094,539.6494140625,915.2667846679688,-1.3505859375,-45.73321533203125,45.75315475463867
963,952.0,364.0,903.5546264648438,356.3613586425781,51.40913009643555,-29.675519943237305,954.9637451171875,326.68585205078125,2.9637451171875,-37.31414794921875,37.431663513183594
964,320.0,247.0,337.1092529296875,210.68067932128906,-11.79556655883789,-4.754899978637695,325.3136901855469,205.92578125,5.313690185546875,-41.07421875,41.41650390625
965,557.0,514.0,572.5083618164062,429.7416687011719,-11.730423927307129,34.31025314331055,560.7779541015625,464.0519104003906,3.7779541015625,-49.948089599609375,50.090763092041016
966,1351.0,398.0,1355.638671875,334.3193359375,25.875993728637695,10.296025276184082,1381.5146484375,344.6153564453125,30.5146484375,-53.3846435546875,61.4903564453125
967,1636.0,825.0,1515.5921630859375,694.3421020507812,119.4571533203125,40.67578125,1635.04931640625,735.0178833007812,-0.95068359375,-89.98211669921875,89.98713684082031
968,689.0,132.0,681.1848754882812,105.0083999633789,2.2223987579345703,-17.039907455444336,683.4072875976562,87.96849060058594,-5.59271240234375,-44.03150939941406,44.38526916503906
969,764.0,615.0,744.5882568359375,571.6890869140625,26.511951446533203,2.2628374099731445,771.1002197265625,573.951904296875,7.1002197265625,-41.048095703125,41.65764236450195
970,185.0,217.0,195.3474578857422,191.55084228515625,-10.845629692077637,-8.97191047668457,184.5018310546875,182.5789337158203,-0.4981689453125,-34.42106628417969,34.4246711730957
971,229.0,350.0,267.1666564941406,340.8999938964844,-25.718074798583984,-16.895111083984375,241.44857788085938,324.0048828125,12.448577880859375,-25.9951171875,28.82209587097168
972,517.0,458.0,480.5249938964844,485.6916809082031,30.228158950805664,-36.18531036376953,510.7531433105469,449.5063781738281,-6.246856689453125,-8.493621826171875,10.543473243713379
973,361.0,953.0,381.54998779296875,736.6500244140625,8.221857070922852,164.03152465820312,389.7718505859375,900.6815185546875,28.7718505859375,-52.3184814453125,59.70798110961914
974,594.0,463.0,629.462158203125,443.1680603027344,-12.067376136779785,-15.438426971435547,617.394775390625,427.7296447753906,23.394775390625,-35.270355224609375,42.323909759521484
975,729.0,516.0,685.2520751953125,461.76470947265625,38.58147430419922,16.598983764648438,723.8335571289062,478.36370849609375,-5.16644287109375,-37.63629150390625,37.98924255371094
976,1186.0,887.0,1211.3333740234375,825.9083251953125,21.082666397094727,3.5063765048980713,1232.416015625,829.4146728515625,46.416015625,-57.5853271484375,73.96294403076172
977,460.0,203.0,482.70001220703125,180.1666717529297,-9.428583145141602,-14.727923393249512,473.27142333984375,165.43875122070312,13.27142333984375,-37.561248779296875,39.836891174316406
978,163.0,132.0,179.8474578857422,107.5,-11.45121955871582,-11.400172233581543,168.396240234375,96.0998306274414,5.396240234375,-35.900169372558594,36.303462982177734
979,887.0,885.0,855.6302490234375,788.52099609375,36.30432891845703,31.817304611206055,891.9345703125,820.3383178710938,4.9345703125,-64.66168212890625,64.84969329833984
980,456.0,818.0,458.6806640625,725.9075927734375,-1.1310762166976929,40.61907958984375,457.5495910644531,766.5266723632812,1.549591064453125,-51.47332763671875,51.496646881103516
981,1345.0,478.0,1295.816650390625,453.3416748046875,68.68567657470703,-26.767427444458008,1364.5023193359375,426.5742492675781,19.5023193359375,-51.425750732421875,54.99953079223633
982,861.0,321.0,842.621826171875,216.00840759277344,33.971134185791016,42.11707305908203,876.5929565429688,258.12548828125,15.59295654296875,-62.87451171875,64.7791976928711
983,982.0,677.0,941.6416625976562,596.625,46.19377899169922,27.208084106445312,987.83544921875,623.8330688476562,5.83544921875,-53.16693115234375,53.48621368408203
984,788.0,407.0,772.2373046875,247.2203369140625,36.31858825683594,81.30953216552734,808.555908203125,328.5298767089844,20.555908203125,-78.47012329101562,81.11785125732422
985,618.0,750.0,650.5294189453125,613.15966796875,-24.357145309448242,66.6561508178711,626.1723022460938,679.8157958984375,8.17230224609375,-70.1842041015625,70.65839385986328
986,1000.0,467.0,946.9083251953125,372.4083251953125,61.144248962402344,41.78702926635742,1008.0525512695312,414.1953430175781,8.05255126953125,-52.804656982421875,53.415122985839844
987,1790.0,728.0,1681.9642333984375,525.90478515625,118.07820892333984,84.34439849853516,1800.04248046875,610.2492065429688,10.04248046875,-117.75079345703125,118.17826080322266
988,1675.0,501.0,1746.5045166015625,405.6306457519531,13.033016204833984,5.448267459869385,1759.5374755859375,411.07891845703125,84.5374755859375,-89.92108154296875,123.41954803466797
989,1478.0,364.0,1491.6099853515625,348.3800048828125,35.818115234375,-36.05652618408203,1527.4281005859375,312.323486328125,49.4281005859375,-51.676513671875,71.50943756103516
990,528.0,116.0,592.3603515625,132.32432556152344,-5.186941623687744,-47.46609878540039,587.1734008789062,84.85823059082031,59.17340087890625,-31.141769409179688,66.86779022216797
991,1215.0,596.0,1220.1207275390625,556.52587890625,39.26557159423828,-2.19492769241333,1259.3863525390625,554.3309326171875,44.3863525390625,-41.6690673828125,60.880699157714844
992,1173.0,402.0,1166.5169677734375,391.5847473144531,45.31783676147461,-28.040468215942383,1211.8348388671875,363.5442810058594,38.8348388671875,-38.455718994140625,54.65333557128906
993,1570.0,399.0,1622.0423583984375,344.8389892578125,10.01926326751709,-12.443717956542969,1632.0616455078125,332.395263671875,62.0616455078125,-66.604736328125,91.03756713867188
994,685.0,760.0,695.0084228515625,705.3445434570312,21.14029312133789,8.492654800415039,716.1487426757812,713.8372192382812,31.14874267578125,-46.16278076171875,55.688838958740234
995,1131.0,834.0,1145.1270751953125,804.7626953125,45.15351104736328,-9.020672798156738,1190.2806396484375,795.7420043945312,59.2806396484375,-38.25799560546875,70.55401611328125
996,132.0,934.0,210.20167541503906,896.9915771484375,-15.463720321655273,56.61838150024414,194.7379608154297,953.6099853515625,62.73796081542969,19.6099853515625,65.7313003540039
997,1814.0,773.0,1744.7930908203125,689.413818359375,119.58036804199219,5.2733988761901855,1864.3734130859375,694.6871948242188,50.3734130859375,-78.31280517578125,93.11485290527344
998,717.0,553.0,708.8571166992188,505.7815246582031,27.21600914001465,13.172830581665039,736.0731201171875,518.954345703125,19.0731201171875,-34.045654296875,39.02423095703125
999,130.0,864.0,220.93637084960938,785.7454833984375,-18.85162353515625,72.34721374511719,202.08474731445312,858.0927124023438,72.08474731445312,-5.90728759765625,72.3263931274414
1000,1416.0,493.0,1413.3428955078125,421.6856994628906,47.43040084838867,12.832271575927734,1460.7733154296875,434.5179748535156,44.7733154296875,-58.482025146484375,73.6532211303711
1001,840.0,670.0,864.5169677734375,620.7626953125,14.60232925415039,6.307127475738525,879.1193237304688,627.06982421875,39.11932373046875,-42.93017578125,58.08030319213867
1002,748.0,246.0,753.6333618164062,221.99166870117188,11.109926223754883,-12.607230186462402,764.7432861328125,209.3844451904297,16.7432861328125,-36.61555480957031,40.2620964050293
1003,298.0,133.0,381.5299072265625,101.69230651855469,-16.69991111755371,-17.1570987701416,364.8299865722656,84.53520965576172,66.82998657226562,-48.46479034423828,82.55351257324219
1004,896.0,670.0,907.0260620117188,582.7130737304688,24.680633544921875,31.412553787231445,931.7066650390625,614.1256103515625,35.7066650390625,-55.8743896484375,66.3092269897461
1005,952.0,828.0,1024.466064453125,809.2373046875,5.261469841003418,-10.588664054870605,1029.7275390625,798.6486206054688,77.7275390625,-29.35137939453125,83.0847396850586
1006,1089.0,977.0,1106.0177001953125,855.0088500976562,30.86336898803711,52.6601676940918,1136.881103515625,907.6690063476562,47.881103515625,-69.33099365234375,84.25785827636719
1007,535.0,869.0,561.2649536132812,811.2136840820312,7.546558856964111,19.305437088012695,568.8115234375,830.5191040039062,33.8115234375,-38.48089599609375,51.224979400634766
1008,1572.0,623.0,1538.3157958984375,543.0350952148438,82.3119888305664,13.744768142700195,1620.6278076171875,556.7798461914062,48.6278076171875,-66.22015380859375,82.15699768066406
1009,475.0,961.0,527.9580078125,837.9328002929688,-15.231141090393066,70.32989501953125,512.7268676757812,908.2626953125,37.72686767578125,-52.7373046875,64.84242248535156
1010,1655.0,407.0,1633.4736328125,352.5614013671875,64.83324432373047,-8.59715747833252,1698.306884765625,343.9642333984375,43.306884765625,-63.0357666015625,76.47871398925781
1011,1068.0,191.0,1117.739501953125,188.68907165527344,2.063075542449951,-33.37539291381836,1119.8026123046875,155.3136749267578,51.8026123046875,-35.68632507324219,62.904884338378906
1012,1410.0,761.0,1479.271240234375,648.3051147460938,16.751873016357422,32.25954818725586,1496.0230712890625,680.5646362304688,86.0230712890625,-80.43536376953125,117.77018737792969
1013,385.0,411.0,335.6333312988281,416.79998779296875,43.752471923828125,-8.57541561126709,379.38580322265625,408.2245788574219,-5.61419677734375,-2.775421142578125,6.262760639190674
1014,601.0,336.0,607.111083984375,360.7592468261719,20.2000789642334,-39.62883377075195,627.3111572265625,321.1304016113281,26.3111572265625,-14.869598388671875,30.222209930419922
1015,674.0,834.0,694.3157958984375,800.0526123046875,20.035316467285156,-2.976642608642578,714.3511352539062,797.0759887695312,40.35113525390625,-36.92401123046875,54.695491790771484
1016,163.0,596.0,186.93276977539062,645.2437133789062,-8.765490531921387,-34.0364990234375,178.1672821044922,611.2072143554688,15.167282104492188,15.20721435546875,21.478031158447266
1017,1014.0,800.0,1037.691650390625,834.9833374023438,55.078731536865234,-44.98587417602539,1092.7703857421875,789.9974365234375,78.7703857421875,-10.0025634765625,79.40292358398438
1018,189.0,169.0,205.10084533691406,182.2941131591797,-2.5259504318237305,-28.67934799194336,202.57489013671875,153.61476135253906,13.57489013671875,-15.385238647460938,20.51787567138672
1019,1318.0,788.0,1299.5614013671875,749.2105102539062,69.03984832763672,-9.438779830932617,1368.6011962890625,739.771728515625,50.6011962890625,-48.228271484375,69.90312957763672
1020,1492.0,753.0,1487.8897705078125,772.6356201171875,51.3277702331543,-13.54994010925293,1539.217529296875,759.085693359375,47.217529296875,6.085693359375,47.608097076416016
1021,1691.0,279.0,1716.5469970703125,338.5982971191406,33.07333755493164,-51.29437255859375,1749.620361328125,287.3039245605469,58.620361328125,8.303924560546875,59.205589294433594
1022,1304.0,933.0,1301.2767333984375,915.7678833007812,37.509559631347656,8.854951858520508,1338.7862548828125,924.6228637695312,34.7862548828125,-8.37713623046875,35.78071975708008
1023,968.0,978.0,963.899169921875,990.218505859375,24.650760650634766,-5.825323104858398,988.5499267578125,984.3931884765625,20.5499267578125,6.3931884765625,21.521440505981445
1024,1070.0,564.0,1070.44140625,576.3423461914062,30.957000732421875,-15.384147644042969,1101.3984375,560.9581909179688,31.3984375,-3.04180908203125,31.545434951782227
1025,1559.0,946.0,1562.534423828125,946.9483032226562,43.65827941894531,1.5625848770141602,1606.1927490234375,948.5108642578125,47.1927490234375,2.5108642578125,47.25949478149414
1026,995.0,154.0,1019.203369140625,155.1610107421875,0.9474787712097168,-19.647472381591797,1020.1508178710938,135.51353454589844,25.15081787109375,-18.486465454101562,31.213987350463867
1027,1739.0,890.0,1696.5789794921875,887.989501953125,73.76914978027344,6.338366985321045,1770.34814453125,894.327880859375,31.34814453125,4.327880859375,31.645484924316406
1028,406.0,410.0,388.2090759277344,380.6363525390625,9.33397102355957,1.0450996160507202,397.5430603027344,381.68145751953125,-8.456939697265625,-28.31854248046875,29.554351806640625
1029,1078.0,365.0,1060.15966796875,406.4117736816406,48.477603912353516,-44.605308532714844,1108.6373291015625,361.80645751953125,30.6373291015625,-3.19354248046875,30.803321838378906
1030,1819.0,102.0,1904.40869140625,111.48695373535156,8.37358570098877,-23.738370895385742,1912.7822265625,87.74858093261719,93.7822265625,-14.251419067382812,94.85888671875
1031,733.0,201.0,789.2333374023438,213.0749969482422,-4.992988109588623,-29.58739471435547,784.2403564453125,183.48760986328125,51.2403564453125,-17.51239013671875,54.15032958984375
1032,821.0,392.0,829.1344604492188,422.6218566894531,21.714506149291992,-37.6141357421875,850.8489379882812,385.0077209472656,29.84893798828125,-6.992279052734375,30.65699005126953
1033,1215.0,132.0,1237.4310302734375,180.0,15.869230270385742,-45.01666259765625,1253.30029296875,134.98333740234375,38.30029296875,2.98333740234375,38.41630935668945
1034,952.0,364.0,952.3333129882812,333.7916564941406,21.620773315429688,9.595961570739746,973.9541015625,343.3876037597656,21.9541015625,-20.612396240234375,30.1140079498291
1035,1215.0,596.0,1215.8782958984375,606.5043334960938,32.63186264038086,-9.005630493164062,1248.5101318359375,597.4987182617188,33.5101318359375,1.49871826171875,33.54363250732422
1036,1297.0,690.0,1262.4273681640625,711.1538696289062,63.720340728759766,-20.14565658569336,1326.147705078125,691.0082397460938,29.147705078125,1.00823974609375,29.165136337280273
1037,280.0,199.0,289.60504150390625,168.13446044921875,-6.360055446624756,-4.527137279510498,283.2449951171875,163.60733032226562,3.2449951171875,-35.392669677734375,35.54111862182617
1038,1252.0,224.0,1217.388916015625,295.15740966796875,55.502593994140625,-64.15597534179688,1272.8914794921875,231.00143432617188,20.8914794921875,7.001434326171875,22.03347396850586
1039,1371.0,719.0,1322.1651611328125,662.3912963867188,62.995784759521484,37.83553695678711,1385.160888671875,700.226806640625,14.160888671875,-18.773193359375,23.51517677307129
1040,438.0,452.0,397.6134338378906,464.6890869140625,27.798791885375977,-16.747783660888672,425.4122314453125,447.9413146972656,-12.5877685546875,-4.058685302734375,13.225915908813477
1041,689.0,132.0,711.3051147460938,121.36441040039062,-2.8036649227142334,-12.587647438049316,708.50146484375,108.77676391601562,19.50146484375,-23.223236083984375,30.325332641601562
1042,1410.0,772.0,1371.0618896484375,780.0619506835938,66.1314697265625,-9.012414932250977,1437.193359375,771.049560546875,27.193359375,-0.950439453125,27.209964752197266
1043,923.0,814.0,919.875,808.2053833007812,25.92633628845215,-2.2099368572235107,945.8013305664062,805.9954223632812,22.80133056640625,-8.00457763671875,24.165552139282227
1044,348.0,123.0,349.2695617675781,104.8956527709961,-1.373281717300415,-11.774248123168945,347.8962707519531,93.12140655517578,-0.103729248046875,-29.87859344482422,29.878772735595703
1045,1093.0,491.0,1108.5714111328125,495.39495849609375,17.05631446838379,-9.886600494384766,1125.627685546875,485.50836181640625,32.627685546875,-5.49163818359375,33.086612701416016
1046,576.0,285.0,612.1680908203125,248.69747924804688,-9.716788291931152,4.457162857055664,602.4512939453125,253.15464782714844,26.4512939453125,-31.845352172851562,41.39803695678711
1047,1124.0,270.0,1163.2821044921875,338.6837463378906,20.938201904296875,-71.7012710571289,1184.2203369140625,266.98248291015625,60.2203369140625,-3.01751708984375,60.29589080810547
1048,566.0,182.0,623.0,157.3913116455078,-9.667083740234375,-7.847440242767334,613.3328857421875,149.5438690185547,47.3328857421875,-32.45613098144531,57.391658782958984
1049,670.0,899.0,751.0084838867188,869.5678100585938,-49.8691291809082,23.052152633666992,701.1393432617188,892.6199340820312,31.13934326171875,-6.38006591796875,31.786222457885742
1050,421.0,223.0,445.2457580566406,222.82203674316406,-5.450162887573242,-21.242267608642578,439.79559326171875,201.57977294921875,18.79559326171875,-21.42022705078125,28.49737548828125
1051,1690.0,213.0,1763.25,191.1666717529297,1.4280742406845093,-7.194242000579834,1764.6781005859375,183.97242736816406,74.6781005859375,-29.027572631835938,80.12127685546875
1052,1161.0,327.0,1169.6302490234375,341.2268981933594,36.01347732543945,-47.118804931640625,1205.6436767578125,294.10809326171875,44.6436767578125,-32.89190673828125,55.45209884643555
1053,561.0,910.0,574.7647094726562,898.361328125,24.06356430053711,11.384077072143555,598.8282470703125,909.7454223632812,37.8282470703125,-0.25457763671875,37.829105377197266
1054,171.0,494.0,131.24575805664062,518.415283203125,38.18534469604492,-6.741543292999268,169.4311065673828,511.6737365722656,-1.5688934326171875,17.673736572265625,17.743234634399414
1055,1652.0,106.0,1657.7626953125,76.93220520019531,12.254010200500488,-23.847679138183594,1670.0167236328125,53.08452606201172,18.0167236328125,-52.91547393798828,55.89856719970703
1056,1215.0,132.0,1255.1356201171875,153.53390502929688,13.1793212890625,-53.745887756347656,1268.31494140625,99.78801727294922,53.31494140625,-32.21198272705078,62.2904052734375
1057,1603.0,170.0,1627.0,176.10345458984375,21.02438735961914,-48.49271774291992,1648.0244140625,127.61073303222656,45.0244140625,-42.38926696777344,61.83888626098633
1058,723.0,835.0,784.4833374023438,807.5333251953125,-14.440364837646484,1.3770663738250732,770.04296875,808.910400390625,47.04296875,-26.089599609375,53.79319763183594
1059,270.0,390.0,264.38983154296875,382.33050537109375,17.117698669433594,-2.1501078605651855,281.5075378417969,380.1803894042969,11.507537841796875,-9.819610595703125,15.127729415893555
1060,1269.0,544.0,1291.4359130859375,531.5384521484375,33.89950180053711,-26.779109954833984,1325.33544921875,504.75933837890625,56.33544921875,-39.24066162109375,68.65502166748047
1061,613.0,849.0,686.6302490234375,766.84033203125,-19.705270767211914,43.32889938354492,666.9249877929688,810.1692504882812,53.92498779296875,-38.83074951171875,66.45097351074219
1062,832.0,489.0,848.4910888671875,504.4285583496094,35.132469177246094,-38.16927719116211,883.62353515625,466.25927734375,51.62353515625,-22.74072265625,56.410369873046875
1063,653.0,556.0,664.9107055664062,519.5267944335938,18.739614486694336,-0.2690974473953247,683.6503295898438,519.2576904296875,30.65032958984375,-36.7423095703125,47.84809112548828
1064,738.0,486.0,774.2268676757812,518.5126342773438,25.075244903564453,-49.41493225097656,799.3021240234375,469.09771728515625,61.3021240234375,-16.90228271484375,63.589603424072266
1065,1619.0,411.0,1623.739990234375,364.19000244140625,33.3819465637207,-10.39996337890625,1657.1219482421875,353.7900390625,38.1219482421875,-57.2099609375,68.74781799316406
1066,1702.0,486.0,1601.3846435546875,403.3846130371094,120.19002532958984,7.0188469886779785,1721.57470703125,410.4034729003906,19.57470703125,-75.59652709960938,78.08971405029297
1067,402.0,701.0,399.8050842285156,678.8983154296875,21.448606491088867,7.612288951873779,421.2536926269531,686.5106201171875,19.253692626953125,-14.4893798828125,24.09661293029785
1068,873.0,353.0,892.0,366.99139404296875,24.769813537597656,-39.11652374267578,916.7698364257812,327.8748779296875,43.76983642578125,-25.1251220703125,50.468509674072266
1069,742.0,294.0,782.6356201171875,322.8728942871094,12.352556228637695,-51.733089447021484,794.9881591796875,271.1398010253906,52.9881591796875,-22.860198974609375,57.70904541015625
1070,252.0,671.0,297.3760681152344,614.11962890625,-3.9634957313537598,36.5903205871582,293.4125671386719,650.7099609375,41.412567138671875,-20.2900390625,46.11601257324219
1071,1478.0,364.0,1504.6827392578125,327.14422607421875,12.769267082214355,-15.418641090393066,1517.4520263671875,311.7255859375,39.4520263671875,-52.2744140625,65.49104309082031
1072,1293.0,634.0,1319.347412109375,614.7203369140625,36.20179748535156,-21.99998664855957,1355.5491943359375,592.7203369140625,62.5491943359375,-41.2796630859375,74.9427261352539
1073,1530.0,722.0,1558.83056640625,655.5932006835938,35.66196823120117,4.06337833404541,1594.4925537109375,659.6565551757812,64.4925537109375,-62.34344482421875,89.69947052001953
1074,538.0,465.0,548.3262939453125,464.0841979980469,21.093896865844727,-16.841381072998047,569.420166015625,447.2428283691406,31.420166015625,-17.757171630859375,36.09077453613281
1075,1444.0,504.0,1401.9615478515625,504.9102478027344,83.91252899169922,-48.41259002685547,1485.8740234375,456.4976501464844,41.8740234375,-47.502349853515625,63.32382583618164
1076,1421.0,144.0,1434.5384521484375,125.73504638671875,10.271800994873047,-24.85321617126465,1444.810302734375,100.88182830810547,23.810302734375,-43.11817169189453,49.255531311035156
1077,428.0,816.0,433.0335998535156,779.3697509765625,22.57327651977539,19.019062042236328,455.60687255859375,798.3887939453125,27.60687255859375,-17.6112060546875,32.74589920043945
1078,329.0,753.0,359.3135681152344,682.0423583984375,8.55832290649414,46.35960388183594,367.87188720703125,728.4019775390625,38.87188720703125,-24.5980224609375,46.000938415527344
1079,952.0,828.0,962.4017333984375,773.1709594726562,32.99881362915039,8.888675689697266,995.4005737304688,782.0596313476562,43.40057373046875,-45.94036865234375,63.1991081237793
1080,821.0,225.0,807.875,241.2232208251953,36.27149200439453,-40.21769332885742,844.146484375,201.00552368164062,23.146484375,-23.994476318359375,33.33908462524414
1081,331.0,491.0,358.56781005859375,532.0254516601562,-8.734620094299316,-36.36623001098633,349.83319091796875,495.6592102050781,18.83319091796875,4.659210205078125,19.400962829589844
1082,507.0,351.0,483.8205261230469,338.6666564941406,34.275638580322266,-5.594801902770996,518.09619140625,333.0718688964844,11.09619140625,-17.928131103515625,21.084197998046875
1083,1741.0,132.0,1726.1842041015625,90.4473648071289,31.2037353515625,-17.923559188842773,1757.387939453125,72.5238037109375,16.387939453125,-59.4761962890625,61.69264602661133
1084,1289.0,405.0,1286.559326171875,425.83050537109375,52.592342376708984,-65.38182067871094,1339.151611328125,360.44866943359375,50.151611328125,-44.55133056640625,67.08207702636719
1085,1687.0,499.0,1732.9237060546875,494.7542419433594,37.6719856262207,-70.21935272216797,1770.595703125,424.5348815917969,83.595703125,-74.46511840820312,111.95220184326172
1086,550.0,924.0,558.822021484375,878.0338745117188,17.30156898498535,25.096202850341797,576.1235961914062,903.1300659179688,26.12359619140625,-20.86993408203125,33.43645477294922
1087,712.0,411.0,727.0083618164062,399.75,3.129425525665283,-11.139114379882812,730.1378173828125,388.61090087890625,18.1378173828125,-22.38909912109375,28.814096450805664
1088,1400.0,365.0,1452.7227783203125,332.87127685546875,3.2136313915252686,-29.90546226501465,1455.9364013671875,302.9658203125,55.9364013671875,-62.0341796875,83.52915954589844
1089,826.0,961.0,851.3983154296875,924.8135375976562,23.30712890625,7.9926252365112305,874.7054443359375,932.80615234375,48.7054443359375,-28.19384765625,56.2771110534668
1090,1798.0,383.0,1740.8028564453125,307.01409912109375,80.69886779785156,-10.197843551635742,1821.501708984375,296.8162536621094,23.501708984375,-86.18374633789062,89.3306655883789
1091,624.0,215.0,631.059326171875,196.51695251464844,0.7421377897262573,-5.67167854309082,631.8014526367188,190.84527587890625,7.80145263671875,-24.15472412109375,25.38332748413086
1092,798.0,319.0,780.0419921875,322.1092529296875,29.90288734436035,-21.868757247924805,809.9448852539062,300.2405090332031,11.94488525390625,-18.759490966796875,22.23957633972168
1093,1040.0,485.0,1051.621826171875,466.3109130859375,23.99041748046875,-13.585712432861328,1075.6123046875,452.7251892089844,35.6123046875,-32.274810791015625,48.06141662597656
1094,496.0,656.0,518.9915161132812,627.1525268554688,-3.1363253593444824,6.202561855316162,515.8551635742188,633.3551025390625,19.85516357421875,-22.6448974609375,30.11675453186035
1095,426.0,828.0,459.2436828613281,807.9075927734375,-9.741796493530273,10.537030220031738,449.50189208984375,818.4446411132812,23.50189208984375,-9.55535888671875,25.370136260986328
1096,952.0,364.0,940.625,341.33929443359375,26.659589767456055,-3.527066230773926,967.2846069335938,337.8122253417969,15.28460693359375,-26.187774658203125,30.321918487548828
1097,1806.0,744.0,1725.215576171875,642.22412109375,116.70732116699219,13.492057800292969,1841.9228515625,655.7161865234375,35.9228515625,-88.2838134765625,95.31255340576172
1098,317.0,851.0,336.08404541015625,823.3109130859375,6.002269744873047,25.231016159057617,342.0863037109375,848.5419311523438,25.0863037109375,-2.45806884765625,25.20644187927246
1099,1443.0,407.0,1465.6549072265625,397.4247741699219,29.978973388671875,-48.6226806640625,1495.6339111328125,348.8020935058594,52.6339111328125,-58.197906494140625,78.46862030029297
1100,689.0,596.0,688.559326171875,590.9915161132812,21.164005279541016,-8.465306282043457,709.7233276367188,582.5261840820312,20.72332763671875,-13.47381591796875,24.718414306640625
1101,1207.0,213.0,1242.6102294921875,211.96609497070312,6.60775899887085,-40.37842559814453,1249.218017578125,171.58767700195312,42.218017578125,-41.412322998046875,59.13832473754883
1102,495.0,514.0,468.05126953125,511.9316101074219,26.135339736938477,-8.431924819946289,494.1866149902344,503.49969482421875,-0.813385009765625,-10.50030517578125,10.53176212310791
1103,907.0,731.0,958.7479248046875,740.420166015625,15.878680229187012,-26.770931243896484,974.6265869140625,713.6492309570312,67.6265869140625,-17.35076904296875,69.81694030761719
1104,1628.0,397.0,1654.6351318359375,384.7432556152344,32.74000930786133,-54.67280197143555,1687.3751220703125,330.0704650878906,59.3751220703125,-66.92953491210938,89.4704818725586
1105,1635.0,860.0,1626.132568359375,825.3855590820312,85.00125122070312,-27.865964889526367,1711.1337890625,797.5195922851562,76.1337890625,-62.48040771484375,98.48936462402344
1106,1187.0,873.0,1194.0869140625,903.4174194335938,76.50341033935547,-48.59317398071289,1270.59033203125,854.82421875,83.59033203125,-18.17578125,85.54357147216797
1107,138.0,559.0,140.14407348632812,513.38134765625,-4.307171821594238,45.57297134399414,135.83689880371094,558.954345703125,-2.1631011962890625,-0.045654296875,2.1635828018188477
1108,822.0,381.0,798.6083374023438,426.3083190917969,48.094642639160156,-48.57933044433594,846.7030029296875,377.72900390625,24.7030029296875,-3.27099609375,24.918622970581055
1109,1070.0,716.0,1081.7203369140625,728.703369140625,56.8836555480957,-37.86832809448242,1138.60400390625,690.8350219726562,68.60400390625,-25.16497802734375,73.07383728027344
1110,884.0,851.0,913.84033203125,854.3193359375,31.34305763244629,-15.040514945983887,945.1834106445312,839.27880859375,61.18341064453125,-11.72119140625,62.29603576660156
1111,145.0,913.0,164.2035369873047,935.318603515625,-6.933657169342041,14.933154106140137,157.26988220214844,950.2517700195312,12.269882202148438,37.25177001953125,39.220458984375
1112,563.0,601.0,546.5780029296875,623.1926879882812,32.47173309326172,-16.86892318725586,579.0497436523438,606.3237915039062,16.04974365234375,5.32379150390625,16.909671783447266
1113,173.0,671.0,208.42857360839844,677.7479248046875,-6.443269729614258,0.8262313604354858,201.9853057861328,678.5741577148438,28.985305786132812,7.57415771484375,29.958568572998047
1114,1276.0,103.0,1312.3697509765625,120.32772827148438,9.996021270751953,-58.80619430541992,1322.36572265625,61.52153396606445,46.36572265625,-41.47846603393555,62.211280822753906
1115,1215.0,596.0,1166.533935546875,596.7542114257812,85.51325225830078,-40.33644104003906,1252.0472412109375,556.4177856445312,37.0472412109375,-39.58221435546875,54.214847564697266
1116,209.0,925.0,282.86956787109375,814.2608642578125,-3.269719362258911,85.88925170898438,279.599853515625,900.150146484375,70.599853515625,-24.849853515625,74.84553527832031
1117,1746.0,175.0,1826.478759765625,281.5106506347656,26.632980346679688,-126.23287200927734,1853.1116943359375,155.27777099609375,107.1116943359375,-19.72222900390625,108.91226959228516
1118,689.0,132.0,764.041259765625,80.16494750976562,-25.411447525024414,-19.513145446777344,738.6298217773438,60.65180206298828,49.62982177734375,-71.34819793701172,86.91193389892578
1119,580.0,461.0,609.1525268554688,440.7796630859375,-0.2634344696998596,-10.49908447265625,608.8890991210938,430.28057861328125,28.88909912109375,-30.71942138671875,42.169456481933594
1120,952.0,828.0,991.5546264648438,813.100830078125,16.392576217651367,-11.212615966796875,1007.9472045898438,801.88818359375,55.94720458984375,-26.11181640625,61.740718841552734
1121,759.0,334.0,764.3898315429688,348.6610107421875,28.256134033203125,-41.59068298339844,792.64599609375,307.0703125,33.64599609375,-26.9296875,43.09595489501953
1122,848.0,444.0,820.584716796875,429.5254211425781,46.729679107666016,-15.7424955368042,867.3143920898438,413.7829284667969,19.31439208984375,-30.217071533203125,35.86247634887695
1123,689.0,596.0,733.8235473632812,579.462158203125,0.8192138671875,-12.666206359863281,734.6427612304688,566.7959594726562,45.64276123046875,-29.20404052734375,54.18613815307617
1124,346.0,465.0,427.08404541015625,453.5714416503906,-15.621633529663086,-12.676336288452148,411.46240234375,440.8951110839844,65.46240234375,-24.104888916015625,69.75938415527344
1125,315.0,591.0,402.8823547363281,589.420166015625,-24.8096866607666,-9.317161560058594,378.0726623535156,580.10302734375,63.072662353515625,-10.89697265625,64.00706481933594
1126,209.0,560.0,322.5469970703125,538.05126953125,-46.729286193847656,2.3090522289276123,275.8177185058594,540.3603515625,66.81771850585938,-19.6396484375,69.6442642211914
1127,305.0,153.0,372.8611145019531,140.29629516601562,-8.481800079345703,-17.103151321411133,364.3793029785156,123.19314575195312,59.379302978515625,-29.806854248046875,66.4405746459961
1128,488.0,467.0,532.8051147460938,435.83050537109375,-5.516739845275879,-4.092660427093506,527.2883911132812,431.73785400390625,39.28839111328125,-35.26214599609375,52.79201126098633
1129,1487.0,910.0,1471.225830078125,838.48388671875,69.26616668701172,16.32748031616211,1540.491943359375,854.8113403320312,53.491943359375,-55.18865966796875,76.858154296875
1130,950.0,142.0,1021.7674560546875,171.36045837402344,-15.000727653503418,-53.84329605102539,1006.7667236328125,117.51716613769531,56.7667236328125,-24.482833862304688,61.82127380371094
1131,415.0,288.0,466.6237487792969,289.1188049316406,-4.706361770629883,-24.41088104248047,461.9173889160156,264.7079162597656,46.917388916015625,-23.292083740234375,52.38093948364258
1132,884.0,255.0,995.9701538085938,208.32835388183594,-22.064233779907227,-13.481722831726074,973.9059448242188,194.8466339111328,89.90594482421875,-60.15336608886719,108.17350006103516
1133,250.0,889.0,225.9391326904297,853.4521484375,27.25246238708496,32.06338882446289,253.19158935546875,885.5155639648438,3.19158935546875,-3.48443603515625,4.725202560424805
1134,1758.0,811.0,1779.5384521484375,682.3461303710938,64.88033294677734,68.35752868652344,1844.4188232421875,750.7036743164062,86.4188232421875,-60.29632568359375,105.3748550415039
1135,1741.0,596.0,1623.765625,466.65625,145.87884521484375,45.504249572753906,1769.64453125,512.1605224609375,28.64453125,-83.8394775390625,88.59778594970703
1136,501.0,345.0,507.4434814453125,298.3999938964844,9.048020362854004,13.936933517456055,516.4915161132812,312.3369140625,15.49151611328125,-32.6630859375,36.150577545166016
1137,766.0,594.0,716.125,575.0999755859375,54.54750061035156,-12.86741828918457,770.6724853515625,562.2325439453125,4.6724853515625,-31.7674560546875,32.1092414855957
1138,1202.0,145.0,1057.888916015625,349.6666564941406,106.46788787841797,-133.16026306152344,1164.3568115234375,216.5063934326172,-37.6431884765625,71.50639343261719,80.80949401855469
1139,837.0,687.0,871.1333618164062,631.8666381835938,10.475126266479492,10.312193870544434,881.6084594726562,642.1788330078125,44.60845947265625,-44.8211669921875,63.236473083496094
1140,732.0,808.0,739.7916870117188,781.183349609375,25.7684268951416,-2.020242691040039,765.5601196289062,779.1630859375,33.56011962890625,-28.8369140625,44.247589111328125
1141,1424.0,790.0,1436.537841796875,795.4873657226562,72.89678192138672,-39.92381286621094,1509.4345703125,755.5635375976562,85.4345703125,-34.43646240234375,92.11370849609375
1142,768.0,172.0,863.9729614257812,69.32432556152344,-17.307113647460938,12.24028491973877,846.6658325195312,81.56461334228516,78.66583251953125,-90.43538665771484,119.86188507080078
1143,372.0,571.0,384.6806640625,516.20166015625,10.536879539489746,24.501405715942383,395.217529296875,540.7030639648438,23.217529296875,-30.29693603515625,38.17012023925781
1144,674.0,183.0,631.9275512695312,213.62318420410156,51.10043716430664,-42.01271057128906,683.0280151367188,171.6104736328125,9.02801513671875,-11.3895263671875,14.533628463745117
1145,476.0,645.0,495.420166015625,636.8235473632812,10.213415145874023,-8.084418296813965,505.6335754394531,628.7391357421875,29.633575439453125,-16.2608642578125,33.801841735839844
1146,1492.0,318.0,1380.4766845703125,321.81396484375,125.81450653076172,-49.34519577026367,1506.2911376953125,272.4687805175781,14.2911376953125,-45.531219482421875,47.72136306762695
1147,1484.0,783.0,1536.6922607421875,773.7094116210938,40.46229934692383,-29.07019805908203,1577.154541015625,744.6392211914062,93.154541015625,-38.36077880859375,100.74382781982422
1148,346.0,589.0,372.85089111328125,587.5877075195312,-15.046228408813477,6.657382011413574,357.8046569824219,594.2451171875,11.804656982421875,5.2451171875,12.917476654052734
1149,1306.0,836.0,1320.850830078125,800.6491088867188,39.6932373046875,10.113140106201172,1360.5440673828125,810.7622680664062,54.5440673828125,-25.23773193359375,60.09990310668945
1150,797.0,279.0,815.1875,302.9553527832031,6.473825931549072,-27.736164093017578,821.6613159179688,275.21917724609375,24.66131591796875,-3.78082275390625,24.949451446533203
1151,1617.0,543.0,1756.8199462890625,341.70001220703125,-17.028846740722656,61.49574661254883,1739.7911376953125,403.1957702636719,122.7911376953125,-139.80422973632812,186.072265625
1152,1580.0,846.0,1760.625,520.28125,-45.10914993286133,137.1875762939453,1715.515869140625,657.4688110351562,135.515869140625,-188.53118896484375,232.18215942382812
1153,729.0,426.0,757.4414672851562,437.6306457519531,-1.0213736295700073,-15.923559188842773,756.4201049804688,421.70709228515625,27.42010498046875,-4.29290771484375,27.754121780395508
1154,1232.0,416.0,1224.8214111328125,419.7946472167969,39.39638137817383,-16.982322692871094,1264.2177734375,402.81231689453125,32.2177734375,-13.18768310546875,34.812355041503906
1155,599.0,273.0,616.1727294921875,267.2727355957031,-0.7132369875907898,-4.1190385818481445,615.45947265625,263.1536865234375,16.45947265625,-9.8463134765625,19.179784774780273
1156,344.0,647.0,348.1964416503906,637.3839111328125,5.117678642272949,16.42113494873047,353.3141174316406,653.8050537109375,9.314117431640625,6.8050537109375,11.53523063659668
1157,163.0,1060.0,170.82142639160156,1062.482177734375,74.21837615966797,6.993716239929199,245.039794921875,1069.4759521484375,82.039794921875,9.4759521484375,82.58523559570312
1158,461.0,974.0,469.49090576171875,1012.2545166015625,-4.645554065704346,-4.355905055999756,464.8453369140625,1007.8986206054688,3.8453369140625,33.89862060546875,34.116024017333984
1159,1787.0,429.0,1695.2332763671875,387.1000061035156,114.99243927001953,2.751946449279785,1810.2257080078125,389.8519592285156,23.2257080078125,-39.148040771484375,45.519256591796875
1160,952.0,364.0,965.189208984375,370.3603515625,12.041264533996582,-14.223149299621582,977.23046875,356.13720703125,25.23046875,-7.86279296875,26.42725944519043
1161,454.0,578.0,466.83929443359375,552.0267944335938,-2.219632625579834,19.32241439819336,464.6196594238281,571.3491821289062,10.619659423828125,-6.65081787109375,12.53038501739502
1162,1474.0,458.0,1516.138671875,374.8415832519531,20.278841018676758,24.287919998168945,1536.41748046875,399.1295166015625,62.41748046875,-58.8704833984375,85.80020904541016
1163,1456.0,315.0,1471.0850830078125,310.9787292480469,20.60575294494629,-25.017255783081055,1491.6907958984375,285.96148681640625,35.6907958984375,-29.03851318359375,46.0116081237793
1164,1100.0,141.0,1137.6146240234375,201.7064208984375,15.468549728393555,-68.0657958984375,1153.0831298828125,133.640625,53.0831298828125,-7.359375,53.59084701538086
1165,1162.0,325.0,1170.232177734375,346.7946472167969,26.139799118041992,-33.28073501586914,1196.3719482421875,313.513916015625,34.3719482421875,-11.486083984375,36.24032211303711
1166,1001.0,956.0,1027.3333740234375,931.3423461914062,19.525503158569336,9.68582820892334,1046.85888671875,941.0281982421875,45.85888671875,-14.9718017578125,48.24098205566406
1167,689.0,596.0,679.9549560546875,567.8378295898438,21.42603302001953,14.227684020996094,701.3809814453125,582.0654907226562,12.3809814453125,-13.93450927734375,18.6402587890625
1168,1639.0,922.0,1685.2940673828125,860.2588500976562,37.56187438964844,18.869043350219727,1722.85595703125,879.1278686523438,83.85595703125,-42.87213134765625,94.1798324584961
1169,604.0,336.0,591.7589111328125,366.0714416503906,27.771278381347656,-27.105236053466797,619.5302124023438,338.9662170410156,15.53021240234375,2.966217041015625,15.810943603515625
1170,1461.0,702.0,1519.8690185546875,661.2619018554688,17.971899032592773,2.502110004425049,1537.8409423828125,663.7640380859375,76.8409423828125,-38.2359619140625,85.82843017578125
1171,1086.0,447.0,1091.608642578125,452.6174011230469,28.023151397705078,-13.080642700195312,1119.6318359375,439.5367431640625,33.6318359375,-7.4632568359375,34.44997024536133
1172,746.0,481.0,759.8919067382812,466.2612609863281,8.2515287399292,1.5184266567230225,768.1434326171875,467.7796936035156,22.1434326171875,-13.220306396484375,25.789690017700195
1173,1341.0,297.0,1331.2091064453125,272.2909240722656,34.75794982910156,-4.234616279602051,1365.967041015625,268.0563049316406,24.967041015625,-28.943695068359375,38.224212646484375
1174,1578.0,222.0,1524.857177734375,217.4642791748047,67.07855224609375,-31.951278686523438,1591.935791015625,185.51300048828125,13.935791015625,-36.48699951171875,39.05774688720703
1175,1215.0,596.0,1195.0,566.1696166992188,48.90182876586914,15.558700561523438,1243.90185546875,581.7283325195312,28.90185546875,-14.27166748046875,32.233489990234375
1176,1121.0,790.0,1169.392822265625,769.9017944335938,11.508089065551758,0.07436349987983704,1180.90087890625,769.9761352539062,59.90087890625,-20.02386474609375,63.159088134765625
1177,317.0,873.0,324.6071472167969,853.3660888671875,10.063836097717285,30.71352195739746,334.6709899902344,884.07958984375,17.670989990234375,11.07958984375,20.857162475585938
1178,1396.0,846.0,1425.9697265625,819.83837890625,36.07333755493164,1.579996943473816,1462.0430908203125,821.4183959960938,66.0430908203125,-24.58160400390625,70.46946716308594
1179,231.0,718.0,214.08035278320312,692.3571166992188,35.930789947509766,33.17502212524414,250.01113891601562,725.5321655273438,19.011138916015625,7.53216552734375,20.448884963989258
1180,282.0,965.0,267.7168273925781,975.64599609375,43.826026916503906,30.39596176147461,311.5428466796875,1006.0419311523438,29.5428466796875,41.04193115234375,50.56896209716797
1181,898.0,169.0,932.8421020507812,186.92105102539062,2.552621364593506,-32.507957458496094,935.3947143554688,154.4130859375,37.39471435546875,-14.5869140625,40.139041900634766
1182,351.0,721.0,387.6725769042969,745.8672485351562,-1.4230213165283203,-2.171929121017456,386.2495422363281,743.6953125,35.249542236328125,22.6953125,41.923828125
1183,785.0,695.0,803.0956420898438,705.1652221679688,36.21016311645508,-9.443881034851074,839.3057861328125,695.7213134765625,54.3057861328125,0.7213134765625,54.310577392578125
1184,1601.0,687.0,1546.886962890625,669.252197265625,98.43108367919922,-25.156784057617188,1645.3179931640625,644.0953979492188,44.3179931640625,-42.90460205078125,61.68378448486328
1185,1332.0,411.0,1345.7105712890625,407.9473571777344,38.628089904785156,-26.379484176635742,1384.338623046875,381.56787109375,52.338623046875,-29.43212890625,60.0464973449707
1186,1254.0,620.0,1260.0,626.460205078125,56.778961181640625,-33.4480094909668,1316.7789306640625,593.01220703125,62.7789306640625,-26.98779296875,68.33399963378906
1187,1478.0,364.0,1478.8260498046875,353.6956481933594,38.317481994628906,-25.070810317993164,1517.1435546875,328.6248474121094,39.1435546875,-35.375152587890625,52.76001739501953
1188,528.0,137.0,567.0,87.38461303710938,-14.441482543945312,21.755434036254883,552.5585327148438,109.14004516601562,24.55853271484375,-27.859954833984375,37.13890838623047
1189,169.0,861.0,364.4955749511719,929.3628540039062,-109.11847686767578,-20.515493392944336,255.37710571289062,908.8473510742188,86.37710571289062,47.84735107421875,98.74398040771484
1190,570.0,348.0,535.2293701171875,341.2201843261719,50.10104751586914,9.537347793579102,585.3304443359375,350.7575378417969,15.3304443359375,2.757537841796875,15.5764741897583
1191,741.0,865.0,801.0088500976562,782.9911499023438,-2.9906721115112305,55.388153076171875,798.0181884765625,838.3792724609375,57.0181884765625,-26.6207275390625,62.92644119262695
1192,855.0,820.0,841.1754150390625,793.5350952148438,53.124385833740234,13.148056030273438,894.2998046875,806.6831665039062,39.2998046875,-13.31683349609375,41.49473190307617
1193,949.0,619.0,926.2389526367188,619.5840454101562,60.840423583984375,-12.96281623840332,987.079345703125,606.6212158203125,38.079345703125,-12.3787841796875,40.04086685180664
1194,208.0,516.0,296.478271484375,536.9130249023438,-29.26430320739746,4.50383996963501,267.2139587402344,541.4168701171875,59.213958740234375,25.4168701171875,64.43842315673828
1195,1210.0,237.0,1216.4000244140625,248.2086944580078,29.496028900146484,-34.3238410949707,1245.89599609375,213.88485717773438,35.89599609375,-23.115142822265625,42.69464111328125
1196,469.0,399.0,482.622802734375,386.5175476074219,22.78418731689453,18.950786590576172,505.406982421875,405.46832275390625,36.406982421875,6.46832275390625,36.97712326049805
1197,1682.0,650.0,1700.5172119140625,608.2586059570312,50.593013763427734,-9.480063438415527,1751.1102294921875,598.778564453125,69.1102294921875,-51.221435546875,86.02243041992188
1198,926.0,257.0,974.0555419921875,272.4444580078125,2.5120646953582764,-35.62218475341797,976.567626953125,236.822265625,50.567626953125,-20.177734375,54.444705963134766
1199,1195.0,733.0,1235.1607666015625,697.0535888671875,27.312252044677734,5.288153648376465,1262.4730224609375,702.3417358398438,67.4730224609375,-30.65826416015625,74.11165618896484
1200,426.0,364.0,535.247802734375,298.6017761230469,-39.860870361328125,45.13786315917969,495.3869323730469,343.7396240234375,69.38693237304688,-20.2603759765625,72.28436279296875
1201,422.0,240.0,407.3947448730469,211.40350341796875,33.29943084716797,32.09681701660156,440.6941833496094,243.5003204345703,18.694183349609375,3.5003204345703125,19.01906394958496
1202,1099.0,797.0,1116.21240234375,744.2920532226562,38.320369720458984,18.430932998657227,1154.53271484375,762.7229614257812,55.53271484375,-34.27703857421875,65.25946807861328
1203,1250.0,684.0,1228.955810546875,629.0177001953125,59.69807434082031,20.543256759643555,1288.6539306640625,649.5609741210938,38.6539306640625,-34.43902587890625,51.7703857421875
1204,1778.0,733.0,1825.7452392578125,589.8302001953125,40.32030487060547,31.102598190307617,1866.0655517578125,620.9328002929688,88.0655517578125,-112.06719970703125,142.529296875
1205,637.0,974.0,792.7817993164062,911.4000244140625,-63.24897384643555,43.0706901550293,729.5328369140625,954.470703125,92.5328369140625,-19.529296875,94.57124328613281
1206,1471.0,885.0,1449.365234375,766.7565307617188,68.66453552246094,48.20534133911133,1518.02978515625,814.9618530273438,47.02978515625,-70.03814697265625,84.3631591796875
1207,695.0,610.0,647.610595703125,544.1416015625,66.0101089477539,49.1258430480957,713.6207275390625,593.2674560546875,18.6207275390625,-16.7325439453125,25.034168243408203
1208,689.0,1060.0,765.26318359375,998.0263061523438,-23.806398391723633,37.46959686279297,741.456787109375,1035.495849609375,52.456787109375,-24.504150390625,57.897911071777344
1209,1215.0,132.0,1201.0982666015625,109.26786041259766,30.09488296508789,-8.733916282653809,1231.193115234375,100.53394317626953,16.193115234375,-31.46605682373047,35.38827133178711
1210,542.0,861.0,621.4181518554688,802.4454345703125,-22.60529136657715,40.35918045043945,598.8128662109375,842.8046264648438,56.8128662109375,-18.19537353515625,59.655452728271484
1211,678.0,389.0,701.8189697265625,381.49139404296875,14.324615478515625,2.070176124572754,716.1435546875,383.56158447265625,38.1435546875,-5.43841552734375,38.52930450439453
1212,1277.0,507.0,1305.7413330078125,549.27587890625,44.33015441894531,-64.01539611816406,1350.071533203125,485.260498046875,73.071533203125,-21.739501953125,76.23683166503906
1213,269.0,318.0,276.5565185546875,284.0608825683594,-17.652894973754883,19.156845092773438,258.90362548828125,303.21771240234375,-10.09637451171875,-14.78228759765625,17.901195526123047
1214,1507.0,287.0,1531.4615478515625,260.27349853515625,20.705894470214844,-20.28342628479004,1552.16748046875,239.9900665283203,45.16748046875,-47.00993347167969,65.19229125976562
1215,1329.0,924.0,1357.3050537109375,863.85595703125,37.369422912597656,23.211153030395508,1394.6744384765625,887.067138671875,65.6744384765625,-36.932861328125,75.34698486328125
1216,689.0,1060.0,744.25439453125,1070.859619140625,-11.658864974975586,7.287958145141602,732.5955200195312,1078.1475830078125,43.59552001953125,18.1475830078125,47.221858978271484
1217,481.0,591.0,453.4396667480469,547.3189697265625,14.763214111328125,25.095563888549805,468.202880859375,572.41455078125,-12.797119140625,-18.58544921875,22.56513214111328
1218,1402.0,146.0,1443.8482666015625,138.08035278320312,4.165985584259033,-33.98822021484375,1448.0142822265625,104.09213256835938,46.0142822265625,-41.907867431640625,62.238121032714844
1219,1135.0,682.0,1118.8782958984375,664.4869384765625,46.490692138671875,-1.6923047304153442,1165.3690185546875,662.7946166992188,30.3690185546875,-19.20538330078125,35.932212829589844
1220,809.0,400.0,782.1795043945312,430.6752014160156,46.60732650756836,-34.681636810302734,828.7868041992188,395.9935607910156,19.78680419921875,-4.006439208984375,20.18834114074707
1221,1767.0,289.0,1772.5946044921875,289.3603515625,54.7808837890625,-38.79554748535156,1827.37548828125,250.56480407714844,60.37548828125,-38.43519592285156,71.5713882446289
1222,550.0,965.0,537.6810302734375,931.586181640625,22.19468879699707,33.4932975769043,559.875732421875,965.0794677734375,9.875732421875,0.0794677734375,9.876051902770996
1223,806.0,341.0,830.915283203125,353.177978515625,1.6057761907577515,-22.726686477661133,832.5210571289062,330.4512939453125,26.52105712890625,-10.5487060546875,28.541927337646484
1224,235.0,932.0,261.25860595703125,905.27587890625,0.2063693404197693,46.278564453125,261.4649658203125,951.554443359375,26.4649658203125,19.554443359375,32.905479431152344
1225,1504.0,763.0,1502.403564453125,746.140380859375,64.272705078125,-9.9995698928833,1566.67626953125,736.1408081054688,62.67626953125,-26.85919189453125,68.18893432617188
1226,1666.0,803.0,1623.66015625,761.5145874023438,90.07081604003906,1.6628705263137817,1713.73095703125,763.1774291992188,47.73095703125,-39.82257080078125,62.16173553466797
1227,426.0,828.0,364.8487243652344,838.0252075195312,36.5307731628418,11.64218521118164,401.3794860839844,849.6674194335938,-24.620513916015625,21.66741943359375,32.797054290771484
1228,655.0,619.0,670.5357055664062,642.2142944335938,10.935480117797852,-20.218402862548828,681.47119140625,621.9959106445312,26.47119140625,2.99591064453125,26.64018440246582
1229,818.0,874.0,856.2568969726562,867.5963134765625,3.292060613632202,-2.1987595558166504,859.5489501953125,865.3975830078125,41.5489501953125,-8.6024169921875,42.43014144897461
1230,1215.0,1060.0,1276.6324462890625,1010.7008666992188,27.778705596923828,13.106761932373047,1304.4111328125,1023.8076171875,89.4111328125,-36.1923828125,96.45848083496094
1231,1339.0,359.0,1358.6016845703125,358.9067687988281,25.218591690063477,-32.428897857666016,1383.8203125,326.4778747558594,44.8203125,-32.522125244140625,55.37643051147461
1232,560.0,541.0,572.27587890625,548.3706665039062,2.0381393432617188,-11.06411075592041,574.3140258789062,537.3065795898438,14.31402587890625,-3.69342041015625,14.782851219177246
1233,725.0,197.0,782.5678100585938,228.52542114257812,-5.459193706512451,-46.06721496582031,777.108642578125,182.4582061767578,52.108642578125,-14.541793823242188,54.09967041015625
1234,1145.0,980.0,1192.4786376953125,924.5384521484375,15.814974784851074,26.796186447143555,1208.2935791015625,951.3346557617188,63.2935791015625,-28.66534423828125,69.48222351074219
1235,1215.0,596.0,1217.7413330078125,605.1983032226562,49.0571403503418,-28.320444107055664,1266.7984619140625,576.8778686523438,51.7984619140625,-19.12213134765625,55.21536636352539
1236,904.0,849.0,964.069580078125,828.0,-5.61038875579834,6.2547454833984375,958.4591674804688,834.2547607421875,54.45916748046875,-14.7452392578125,56.42005920410156
1237,1102.0,920.0,1144.0087890625,883.6548461914062,18.003787994384766,12.923005104064941,1162.0125732421875,896.577880859375,60.0125732421875,-23.422119140625,64.42130279541016
1238,1675.0,270.0,1718.3153076171875,198.6666717529297,22.799684524536133,6.299665451049805,1741.114990234375,204.96633911132812,66.114990234375,-65.03366088867188,92.7392578125
1239,717.0,866.0,764.137939453125,851.5086059570312,-7.221372604370117,5.294951915740967,756.9165649414062,856.8035278320312,39.91656494140625,-9.19647216796875,40.96226501464844
1240,1135.0,530.0,1142.3590087890625,546.1795043945312,40.26335906982422,-32.647769927978516,1182.622314453125,513.53173828125,47.622314453125,-16.46826171875,50.389366149902344
1241,145.0,401.0,190.0775909423828,356.9741516113281,-33.785057067871094,35.53174591064453,156.29254150390625,392.5058898925781,11.29254150390625,-8.494110107421875,14.130513191223145
1242,593.0,775.0,618.3247680664062,748.5555419921875,-0.9697189331054688,14.276994705200195,617.3550415039062,762.83251953125,24.35504150390625,-12.16748046875,27.22527503967285
1243,395.0,953.0,374.21368408203125,928.1624145507812,24.29600715637207,36.890411376953125,398.50970458984375,965.0528564453125,3.50970458984375,12.0528564453125,12.553460121154785
1244,1552.0,767.0,1578.35595703125,780.3474731445312,49.84790802001953,-29.90909194946289,1628.203857421875,750.4383544921875,76.203857421875,-16.5616455078125,77.98279571533203
1245,1242.0,645.0,1259.847412109375,659.9067993164062,39.00714111328125,-27.719820022583008,1298.8544921875,632.1869506835938,56.8544921875,-12.81304931640625,58.28042221069336
1246,1507.0,847.0,1520.6806640625,827.0504150390625,49.62981033325195,-4.30458927154541,1570.3104248046875,822.745849609375,63.3104248046875,-24.254150390625,67.79729461669922
1247,752.0,193.0,766.1271362304688,204.82203674316406,3.9781479835510254,-27.801883697509766,770.1052856445312,177.02015686035156,18.10528564453125,-15.979843139648438,24.148637771606445
1248,715.0,773.0,735.0084838867188,768.559326171875,0.7373506426811218,-4.483511447906494,735.745849609375,764.0758056640625,20.745849609375,-8.9241943359375,22.583877563476562
1249,936.0,671.0,935.2857055664062,654.52099609375,28.213241577148438,-2.5382115840911865,963.4989624023438,651.9827880859375,27.49896240234375,-19.0172119140625,33.43422317504883
1250,1223.0,557.0,1220.933349609375,562.4083251953125,43.9007682800293,-21.74019432067871,1264.8341064453125,540.6681518554688,41.8341064453125,-16.33184814453125,44.90903854370117
1251,354.0,719.0,360.1176452636719,698.79833984375,-1.9055849313735962,21.406320571899414,358.2120666503906,720.2046508789062,4.212066650390625,1.20465087890625,4.380946159362793
1252,952.0,364.0,951.8067016601562,344.739501953125,20.331310272216797,-4.012825965881348,972.1380004882812,340.7266845703125,20.13800048828125,-23.2733154296875,30.776391983032227
1253,1377.0,372.0,1391.3529052734375,380.84033203125,26.601058959960938,-31.788158416748047,1417.9539794921875,349.05218505859375,40.9539794921875,-22.94781494140625,46.94497299194336
1254,599.0,632.0,550.5630493164062,624.3361206054688,42.95209503173828,4.5080647468566895,593.51513671875,628.8441772460938,-5.48486328125,-3.15582275390625,6.327949047088623
1255,649.0,680.0,669.703369140625,678.9491577148438,-4.957939624786377,-6.858463764190674,664.7454223632812,672.0906982421875,15.74542236328125,-7.9093017578125,17.620311737060547
1256,1369.0,829.0,1372.559326171875,804.14404296875,47.00614929199219,-0.9244009852409363,1419.5654296875,803.2196655273438,50.5654296875,-25.78033447265625,56.75815963745117
1257,1291.0,810.0,1280.5784912109375,784.8181762695312,50.783626556396484,-0.25097543001174927,1331.362060546875,784.5671997070312,40.362060546875,-25.43280029296875,47.70663833618164
1258,1544.0,897.0,1595.25,869.4553833007812,25.279478073120117,-3.440798759460449,1620.5294189453125,866.0145874023438,76.5294189453125,-30.98541259765625,82.56420135498047
1259,399.0,975.0,447.6194763183594,967.8849487304688,-41.15921401977539,17.587223052978516,406.46026611328125,985.47216796875,7.46026611328125,10.47216796875,12.857755661010742
1260,1520.0,494.0,1541.296630859375,496.05084228515625,32.03131103515625,-25.243669509887695,1573.327880859375,470.8071594238281,53.327880859375,-23.192840576171875,58.15299606323242
1261,163.0,1060.0,197.5042724609375,1014.5726318359375,9.234274864196777,50.55743408203125,206.73854064941406,1065.130126953125,43.73854064941406,5.130126953125,44.03837203979492
1262,836.0,859.0,850.7373046875,880.9237060546875,17.62761878967285,-15.305900573730469,868.3649291992188,865.6177978515625,32.36492919921875,6.6177978515625,33.03458786010742
1263,881.0,713.0,872.6500244140625,724.9249877929688,40.022987365722656,-16.29380989074707,912.6730346679688,708.6311645507812,31.67303466796875,-4.36883544921875,31.972923278808594
1264,1639.0,166.0,1639.5169677734375,129.5932159423828,22.434879302978516,-5.28200626373291,1661.951904296875,124.31121063232422,22.951904296875,-41.68878936767578,47.58933639526367
1265,131.0,377.0,169.48672485351562,330.2920227050781,-25.738245010375977,34.85585403442383,143.74847412109375,365.14788818359375,12.74847412109375,-11.85211181640625,17.406784057617188
1266,519.0,116.0,553.0508422851562,118.98304748535156,-11.413705825805664,-36.56175231933594,541.6371459960938,82.42129516601562,22.63714599609375,-33.578704833984375,40.49654006958008
1267,360.0,237.0,392.6890869140625,195.23529052734375,-23.359474182128906,15.56721305847168,369.3296203613281,210.80250549316406,9.329620361328125,-26.197494506835938,27.809181213378906
1268,1409.0,699.0,1440.3983154296875,697.4915161132812,32.31607437133789,-16.982603073120117,1472.71435546875,680.5089111328125,63.71435546875,-18.4910888671875,66.34334564208984
1269,1689.0,203.0,1687.415283203125,213.5,38.070587158203125,-40.878822326660156,1725.48583984375,172.62118530273438,36.48583984375,-30.378814697265625,47.47724533081055
1270,1567.0,388.0,1559.904296875,397.40869140625,49.373207092285156,-34.78755187988281,1609.2774658203125,362.62115478515625,42.2774658203125,-25.37884521484375,49.3099365234375
1271,331.0,193.0,347.313720703125,202.57843017578125,-16.219253540039062,-30.185270309448242,331.094482421875,172.39315795898438,0.094482421875,-20.606842041015625,20.607059478759766
1272,426.0,828.0,425.50421142578125,803.8739624023438,3.497072219848633,22.300567626953125,429.00128173828125,826.174560546875,3.00128173828125,-1.825439453125,3.512822389602661
1273,599.0,262.0,622.2352905273438,292.7478942871094,-3.7413671016693115,-45.4742546081543,618.493896484375,247.2736358642578,19.493896484375,-14.726364135742188,24.43108367919922
1274,1741.0,1060.0,1790.6051025390625,995.3361206054688,36.02186584472656,24.528493881225586,1826.626953125,1019.8646240234375,85.626953125,-40.1353759765625,94.5665054321289
1275,121.0,678.0,115.46666717529297,664.8666381835938,28.836944580078125,13.821861267089844,144.30361938476562,678.6884765625,23.303619384765625,0.6884765625,23.31378746032715
