index,target_x,target_y,original_gaze_x,original_gaze_y,pred_residual_x,pred_residual_y,pred_gaze_x,pred_gaze_y,error_x,error_y,error_distance
0,819.0,220.0,808.7796630859375,210.0084686279297,17.469772338867188,-8.716019630432129,826.2494506835938,201.29244995117188,7.24945068359375,-18.707550048828125,20.063074111938477
1,1401.0,363.0,1297.4285888671875,395.6302490234375,102.74227905273438,-63.98483657836914,1400.1708984375,331.6454162597656,-0.8291015625,-31.354583740234375,31.365543365478516
2,1470.0,254.0,1460.75,261.1851806640625,22.00699806213379,-31.021106719970703,1482.7569580078125,230.16407775878906,12.7569580078125,-23.835922241210938,27.03499984741211
3,1053.0,914.0,1043.7982177734375,880.0350952148438,30.274799346923828,6.907235145568848,1074.072998046875,886.9423217773438,21.072998046875,-27.05767822265625,34.295616149902344
4,870.0,339.0,837.6583251953125,357.8999938964844,1.5686956644058228,-12.768096923828125,839.22705078125,345.13189697265625,-30.77294921875,6.13189697265625,31.377931594848633
5,438.0,902.0,392.4695739746094,808.113037109375,-17.690351486206055,89.60035705566406,374.77923583984375,897.71337890625,-63.22076416015625,-4.28662109375,63.36592102050781
6,870.0,343.0,889.7142944335938,380.66387939453125,2.66479229927063,-32.27646255493164,892.3790893554688,348.3874206542969,22.37908935546875,5.387420654296875,23.0184268951416
7,768.0,977.0,754.01708984375,887.8204956054688,15.950335502624512,48.09687042236328,769.9674072265625,935.9173583984375,1.9674072265625,-41.0826416015625,41.129722595214844
8,522.0,386.0,537.183349609375,387.70001220703125,-7.3278374671936035,-16.72792625427246,529.8555297851562,370.9720764160156,7.85552978515625,-15.027923583984375,16.95723533630371
9,755.0,222.0,768.1344604492188,282.50421142578125,20.54374885559082,-66.9073486328125,788.67822265625,215.59686279296875,33.67822265625,-6.40313720703125,34.28152084350586
10,1379.0,103.0,1306.0084228515625,172.3728790283203,86.66096496582031,-61.014591217041016,1392.66943359375,111.35829162597656,13.66943359375,8.358291625976562,16.022310256958008
11,1316.0,313.0,1204.28076171875,329.59649658203125,60.53952407836914,30.15357208251953,1264.8203125,359.75006103515625,-51.1796875,46.75006103515625,69.31759643554688
12,389.0,735.0,411.47320556640625,721.1160888671875,-4.781625270843506,0.07299557328224182,406.69158935546875,721.1890869140625,17.69158935546875,-13.8109130859375,22.444011688232422
13,1680.0,908.0,1551.0252685546875,918.7058715820312,77.16548156738281,-56.99553680419922,1628.1907958984375,861.7103271484375,-51.8092041015625,-46.2896728515625,69.47608947753906
14,1171.0,813.0,1129.389404296875,766.6548461914062,43.613346099853516,59.961936950683594,1173.0028076171875,826.6167602539062,2.0028076171875,13.61676025390625,13.763262748718262
15,1197.0,646.0,1104.8636474609375,602.1818237304688,72.3866195678711,35.10468673706055,1177.250244140625,637.2864990234375,-19.749755859375,-8.7135009765625,21.586523056030273
16,275.0,473.0,253.31932067871094,469.34454345703125,-10.907955169677734,-3.4353508949279785,242.41136169433594,465.9091796875,-32.58863830566406,-7.0908203125,33.35114669799805
17,757.0,334.0,734.0885009765625,339.09735107421875,-14.306349754333496,-19.933902740478516,719.7821655273438,319.1634521484375,-37.21783447265625,-14.8365478515625,40.06607437133789
18,361.0,565.0,431.991455078125,582.1538696289062,-60.99720001220703,0.753594160079956,370.9942626953125,582.907470703125,9.9942626953125,17.907470703125,20.507627487182617
19,997.0,210.0,950.915283203125,236.17796325683594,28.120704650878906,-19.229387283325195,979.0360107421875,216.94857788085938,-17.9639892578125,6.948577880859375,19.26103973388672
20,1495.0,872.0,1381.88330078125,861.7750244140625,104.23443603515625,2.7347168922424316,1486.11767578125,864.509765625,-8.88232421875,-7.490234375,11.618919372558594
21,1003.0,352.0,977.5508422851562,365.61016845703125,25.923500061035156,-8.04017448425293,1003.474365234375,357.57000732421875,0.474365234375,5.57000732421875,5.590170383453369
22,1142.0,518.0,1147.5999755859375,531.5999755859375,-4.150362014770508,-12.603261947631836,1143.4495849609375,518.9967041015625,1.4495849609375,0.9967041015625,1.7591804265975952
23,342.0,315.0,354.7431335449219,323.2843933105469,-16.876840591430664,-32.241294860839844,337.8663024902344,291.0430908203125,-4.133697509765625,-23.9569091796875,24.310922622680664
24,1811.0,729.0,1761.9083251953125,762.2666625976562,46.04956817626953,-36.36506652832031,1807.9578857421875,725.901611328125,-3.0421142578125,-3.098388671875,4.3421735763549805
25,533.0,291.0,494.24139404296875,329.46551513671875,17.73472023010254,-48.20302200317383,511.9761047363281,281.2624816894531,-21.023895263671875,-9.737518310546875,23.169450759887695
26,1576.0,231.0,1547.4019775390625,263.54901123046875,18.446306228637695,-3.459200382232666,1565.8482666015625,260.0898132324219,-10.1517333984375,29.089813232421875,30.810304641723633
27,377.0,616.0,485.7899169921875,610.5714111328125,-59.7342414855957,24.443899154663086,426.0556640625,635.0153198242188,49.0556640625,19.01531982421875,52.6121711730957
28,1123.0,768.0,1078.2069091796875,768.2413940429688,33.66598892211914,2.3136775493621826,1111.8729248046875,770.5550537109375,-11.1270751953125,2.5550537109375,11.416659355163574
29,1165.0,201.0,1080.7880859375,287.1016845703125,73.82410430908203,-99.05221557617188,1154.6121826171875,188.04946899414062,-10.3878173828125,-12.950531005859375,16.601898193359375
30,798.0,127.0,833.336181640625,194.62069702148438,7.596312522888184,-61.231346130371094,840.9324951171875,133.38934326171875,42.9324951171875,6.38934326171875,43.405330657958984
31,689.0,476.0,690.8067016601562,465.6470642089844,-8.730293273925781,-7.324482440948486,682.076416015625,458.32257080078125,-6.923583984375,-17.67742919921875,18.984928131103516
32,522.0,363.0,542.6554565429688,385.5714416503906,-13.761429786682129,-16.898874282836914,528.89404296875,368.6725769042969,6.89404296875,5.672576904296875,8.92781925201416
33,436.0,428.0,411.23760986328125,445.6039733886719,3.4984259605407715,-3.883807420730591,414.73602294921875,441.72015380859375,-21.26397705078125,13.72015380859375,25.30611228942871
34,948.0,208.0,915.0088500976562,247.42477416992188,42.58980178833008,-45.023704528808594,957.5986328125,202.40106201171875,9.5986328125,-5.59893798828125,11.112238883972168
35,524.0,482.0,557.2136840820312,481.8803405761719,-23.30685043334961,3.098827600479126,533.9068603515625,484.9791564941406,9.9068603515625,2.979156494140625,10.345108032226562
36,129.0,560.0,107.4621810913086,548.5462036132812,5.252536296844482,1.1401488780975342,112.71471405029297,549.6863403320312,-16.28528594970703,-10.31365966796875,19.276466369628906
37,350.0,556.0,293.879638671875,608.111083984375,39.11039352416992,-32.14879608154297,332.9900207519531,575.9622802734375,-17.009979248046875,19.9622802734375,26.226552963256836
38,1737.0,768.0,1673.4166259765625,836.9916381835938,54.15556335449219,-63.45751190185547,1727.5721435546875,773.5341186523438,-9.4278564453125,5.53411865234375,10.932106018066406
39,938.0,125.0,966.2376098632812,144.089111328125,2.533830404281616,-32.879173278808594,968.7714233398438,111.2099380493164,30.77142333984375,-13.790061950683594,33.720115661621094
40,1100.0,221.0,1107.302490234375,205.05882263183594,15.115116119384766,3.2320852279663086,1122.4176025390625,208.29090881347656,22.4176025390625,-12.709091186523438,25.769554138183594
41,1542.0,239.0,1547.0089111328125,162.7142791748047,9.741835594177246,52.472042083740234,1556.750732421875,215.1863250732422,14.750732421875,-23.813674926757812,28.012054443359375
42,909.0,136.0,888.8807373046875,189.5688018798828,17.132551193237305,-19.152368545532227,906.0133056640625,170.4164276123047,-2.9866943359375,34.41642761230469,34.545780181884766
43,1493.0,778.0,1474.3153076171875,774.9639892578125,14.739296913146973,-7.684484004974365,1489.0545654296875,767.2794799804688,-3.9454345703125,-10.72052001953125,11.423484802246094
44,800.0,939.0,680.5184936523438,934.611083984375,36.55268859863281,-15.116325378417969,717.0711669921875,919.4947509765625,-82.9288330078125,-19.5052490234375,85.19181823730469
45,1626.0,237.0,1603.7750244140625,255.39166259765625,28.891376495361328,-31.429529190063477,1632.6663818359375,223.96212768554688,6.6663818359375,-13.037872314453125,14.643318176269531
46,1069.0,371.0,1123.90478515625,372.8952331542969,12.358186721801758,-36.32186508178711,1136.262939453125,336.5733642578125,67.262939453125,-34.4266357421875,75.56121063232422
47,1408.0,143.0,1334.179443359375,214.89743041992188,50.57793426513672,-69.88034057617188,1384.75732421875,145.01708984375,-23.24267578125,2.01708984375,23.33003807067871
48,682.0,309.0,693.7435913085938,279.76068115234375,-6.947526931762695,-12.105684280395508,686.7960815429688,267.6549987792969,4.79608154296875,-41.345001220703125,41.62224578857422
49,1511.0,915.0,1435.0733642578125,919.5780029296875,3.25250244140625,3.366044044494629,1438.325927734375,922.9440307617188,-72.674072265625,7.94403076171875,73.10696411132812
50,865.0,172.0,789.7142944335938,132.2941131591797,59.096866607666016,15.8839750289917,848.8111572265625,148.17808532714844,-16.1888427734375,-23.821914672851562,28.802122116088867
51,933.0,237.0,966.7692260742188,360.5384521484375,20.051889419555664,-67.91381072998047,986.8211059570312,292.6246337890625,53.82110595703125,55.6246337890625,77.40032958984375
52,1088.0,402.0,1014.1500244140625,443.8500061035156,73.19808959960938,-36.233734130859375,1087.34814453125,407.61627197265625,-0.65185546875,5.61627197265625,5.653974533081055
53,1225.0,712.0,1142.534423828125,741.3275756835938,77.08744049072266,-28.022533416748047,1219.621826171875,713.3050537109375,-5.378173828125,1.3050537109375,5.534249782562256
54,675.0,193.0,499.9237365722656,196.35592651367188,130.66041564941406,-5.262115478515625,630.5841674804688,191.09381103515625,-44.41583251953125,-1.90618896484375,44.45671844482422
55,101.0,438.0,69.28571319580078,488.4381103515625,30.97458267211914,-29.714977264404297,100.26029968261719,458.72314453125,-0.7397003173828125,20.72314453125,20.73634147644043
56,1179.0,246.0,1056.0850830078125,238.85105895996094,66.95166778564453,12.342206001281738,1123.0367431640625,251.19326782226562,-55.9632568359375,5.193267822265625,56.20370101928711
57,1150.0,521.0,1121.01708984375,515.7179565429688,7.752814769744873,-2.346503734588623,1128.7698974609375,513.3714599609375,-21.2301025390625,-7.6285400390625,22.55907440185547
58,1067.0,963.0,1062.5350341796875,976.368408203125,32.87168502807617,-7.170400619506836,1095.40673828125,969.197998046875,28.40673828125,6.197998046875,29.075040817260742
59,324.0,527.0,322.375,509.8333435058594,-39.511314392089844,10.215824127197266,282.8636779785156,520.0491943359375,-41.136322021484375,-6.9508056640625,41.71942901611328
60,270.0,320.0,305.19659423828125,333.26495361328125,-35.08621597290039,-53.1951904296875,270.1103820800781,280.06976318359375,0.110382080078125,-39.93023681640625,39.930389404296875
61,143.0,333.0,154.0267791748047,301.4553527832031,0.3048159182071686,-5.638869762420654,154.3315887451172,295.8164978027344,11.331588745117188,-37.183502197265625,38.87181091308594
62,793.0,295.0,765.413818359375,352.0430908203125,30.238571166992188,-52.16891098022461,795.6524047851562,299.8741760253906,2.65240478515625,4.874176025390625,5.549129962921143
63,629.0,233.0,668.9655151367188,301.8706970214844,-2.618284225463867,-55.276512145996094,666.3472290039062,246.59417724609375,37.34722900390625,13.59417724609375,39.74440002441406
64,401.0,638.0,373.3389892578125,639.8305053710938,53.42768859863281,25.068077087402344,426.76666259765625,664.8985595703125,25.76666259765625,26.8985595703125,37.24853515625
65,477.0,727.0,537.1864624023438,671.2373046875,-23.359445571899414,35.4764518737793,513.8270263671875,706.7137451171875,36.8270263671875,-20.2862548828125,42.044761657714844
66,1798.0,711.0,1749.9210205078125,778.3157958984375,2.282728433609009,-39.44072723388672,1752.2037353515625,738.8750610351562,-45.7962646484375,27.87506103515625,53.61265563964844
67,644.0,733.0,533.5729370117188,732.9479370117188,47.6360969543457,14.735828399658203,581.2090454101562,747.6837768554688,-62.79095458984375,14.68377685546875,64.48501586914062
68,506.0,774.0,564.076904296875,695.3931884765625,-8.535064697265625,58.81053161621094,555.5418701171875,754.2037353515625,49.5418701171875,-19.7962646484375,53.350624084472656
69,787.0,133.0,658.0,211.20167541503906,104.62368774414062,-51.815860748291016,762.6236572265625,159.3858184814453,-24.3763427734375,26.385818481445312,35.92238235473633
70,775.0,552.0,772.8632202148438,562.8546752929688,12.17066478729248,-21.559511184692383,785.0338745117188,541.295166015625,10.03387451171875,-10.704833984375,14.672154426574707
71,1208.0,184.0,1145.0504150390625,273.6722717285156,61.97958755493164,-67.91668701171875,1207.030029296875,205.75558471679688,-0.969970703125,21.755584716796875,21.777196884155273
72,840.0,366.0,799.2017822265625,388.2894592285156,6.042232513427734,-25.600730895996094,805.2440185546875,362.688720703125,-34.7559814453125,-3.311279296875,34.913360595703125
73,1200.0,331.0,1188.5897216796875,367.23931884765625,46.603248596191406,-43.42750930786133,1235.1929931640625,323.8117980957031,35.1929931640625,-7.188201904296875,35.91958999633789
74,728.0,708.0,722.8440551757812,672.8165283203125,-39.96135330200195,30.208419799804688,682.8826904296875,703.0249633789062,-45.1173095703125,-4.97503662109375,45.390777587890625
75,1012.0,800.0,1047.7457275390625,727.0084838867188,-2.884765863418579,38.62359619140625,1044.8609619140625,765.632080078125,32.8609619140625,-34.367919921875,47.5499382019043
76,780.0,574.0,797.0671997070312,583.2689208984375,-14.495661735534668,-11.306278228759766,782.571533203125,571.962646484375,2.571533203125,-2.037353515625,3.2807915210723877
77,1653.0,291.0,1517.7264404296875,326.1282043457031,37.66510009765625,-38.964725494384766,1555.3916015625,287.1634826660156,-97.6083984375,-3.836517333984375,97.68376922607422
78,747.0,838.0,681.5726318359375,783.7350463867188,99.97245788574219,18.727340698242188,781.5451049804688,802.46240234375,34.54510498046875,-35.53759765625,49.5609245300293
79,1534.0,868.0,1477.44140625,812.6846923828125,22.310911178588867,-0.38073286414146423,1499.7523193359375,812.303955078125,-34.2476806640625,-55.696044921875,65.38312530517578
80,1081.0,167.0,1031.88134765625,153.25424194335938,26.48189353942871,-7.108972072601318,1058.36328125,146.145263671875,-22.63671875,-20.854736328125,30.778905868530273
81,266.0,601.0,304.30694580078125,547.5247802734375,23.30569839477539,25.69447135925293,327.6126403808594,573.21923828125,61.612640380859375,-27.78076171875,67.58615112304688
82,694.0,455.0,657.5555419921875,494.4187927246094,-3.2823257446289062,-42.14016342163086,654.273193359375,452.27862548828125,-39.726806640625,-2.72137451171875,39.819908142089844
83,1596.0,753.0,1500.1680908203125,733.5462036132812,50.47206115722656,11.551098823547363,1550.64013671875,745.0972900390625,-45.35986328125,-7.9027099609375,46.04313278198242
84,268.0,399.0,347.154541015625,382.6363525390625,-50.60411071777344,6.002382755279541,296.5504150390625,388.63873291015625,28.5504150390625,-10.36126708984375,30.37238883972168
85,1146.0,376.0,1055.1929931640625,365.97369384765625,38.23569107055664,23.5301456451416,1093.4287109375,389.50384521484375,-52.5712890625,13.50384521484375,54.27793502807617
86,1654.0,334.0,1566.271240234375,437.1016845703125,82.01809692382812,-76.66536712646484,1648.289306640625,360.4363098144531,-5.710693359375,26.436309814453125,27.04608154296875
87,639.0,181.0,527.111083984375,163.7179412841797,95.16271209716797,-15.302501678466797,622.2738037109375,148.41543579101562,-16.7261962890625,-32.584564208984375,36.62675857543945
88,883.0,307.0,738.0084838867188,343.77117919921875,105.42958068847656,-37.13220977783203,843.4380493164062,306.63897705078125,-39.56195068359375,-0.36102294921875,39.5635986328125
89,622.0,851.0,627.4117431640625,817.4957885742188,-4.501694679260254,23.515417098999023,622.9100341796875,841.01123046875,0.9100341796875,-9.98876953125,10.03013801574707
90,1134.0,275.0,1151.2542724609375,317.3644104003906,7.943324565887451,-45.54473876953125,1159.1976318359375,271.8196716308594,25.1976318359375,-3.180328369140625,25.39754295349121
91,1793.0,312.0,1693.4071044921875,374.5840759277344,87.04281616210938,-74.7469482421875,1780.449951171875,299.8371276855469,-12.550048828125,-12.162872314453125,17.476818084716797
92,501.0,281.0,467.26666259765625,209.43333435058594,-17.346935272216797,2.953809976577759,449.91973876953125,212.38714599609375,-51.08026123046875,-68.61285400390625,85.53897857666016
93,1308.0,556.0,1241.683349609375,558.3333129882812,58.679996490478516,-10.728500366210938,1300.3634033203125,547.6047973632812,-7.6365966796875,-8.39520263671875,11.348877906799316
94,893.0,512.0,889.3025512695312,520.0084228515625,13.645447731018066,-6.315718650817871,902.947998046875,513.6926879882812,9.947998046875,1.69268798828125,10.090978622436523
95,1361.0,559.0,1226.02099609375,579.9684448242188,89.55655670166016,-19.475879669189453,1315.5775146484375,560.4925537109375,-45.4224853515625,1.4925537109375,45.44700241088867
96,494.0,660.0,445.7226867675781,618.5966186523438,38.6662483215332,15.19039249420166,484.3889465332031,633.7869873046875,-9.611053466796875,-26.2130126953125,27.91942596435547
97,339.0,128.0,422.5294189453125,153.15126037597656,-27.21383285522461,-44.31231689453125,395.3155822753906,108.83894348144531,56.315582275390625,-19.161056518554688,59.48605728149414
98,1299.0,899.0,1217.6695556640625,831.7565307617188,39.76799392700195,74.04246520996094,1257.4375,905.7990112304688,-41.5625,6.79901123046875,42.11493682861328
99,509.0,696.0,483.49578857421875,678.0419921875,13.991005897521973,-0.9608365297317505,497.4867858886719,677.0811767578125,-11.513214111328125,-18.9188232421875,22.146692276000977
100,1233.0,582.0,1211.3304443359375,574.6260986328125,35.78830337524414,11.965703964233398,1247.1187744140625,586.591796875,14.1187744140625,4.591796875,14.846695899963379
101,593.0,574.0,546.7265014648438,550.008544921875,7.371097564697266,3.7520103454589844,554.0975952148438,553.7605590820312,-38.90240478515625,-20.23944091796875,43.85239028930664
102,1552.0,322.0,1444.82861328125,486.8285827636719,75.53741455078125,-99.98391723632812,1520.365966796875,386.84466552734375,-31.634033203125,64.84466552734375,72.14944458007812
103,1079.0,410.0,1067.0609130859375,421.2521667480469,24.884204864501953,17.69724464416504,1091.945068359375,438.94940185546875,12.945068359375,28.94940185546875,31.711868286132812
104,404.0,481.0,483.14654541015625,566.22412109375,-41.94591522216797,-34.28673553466797,441.20062255859375,531.9373779296875,37.20062255859375,50.9373779296875,63.075374603271484
105,1014.0,661.0,1029.4705810546875,624.6806640625,24.849672317504883,13.580599784851074,1054.3203125,638.2612915039062,40.3203125,-22.73870849609375,46.290130615234375
106,1685.0,672.0,1616.728759765625,781.7288208007812,92.73347473144531,-80.57892608642578,1709.4622802734375,701.14990234375,24.4622802734375,29.14990234375,38.05417251586914
107,1475.0,147.0,1468.49560546875,196.7787628173828,28.379934310913086,-56.39053726196289,1496.87548828125,140.3882293701172,21.87548828125,-6.6117706298828125,22.85284423828125
108,695.0,376.0,725.64404296875,412.7203369140625,-4.81630802154541,-27.50520133972168,720.8277587890625,385.21514892578125,25.8277587890625,9.21514892578125,27.422473907470703
109,1776.0,610.0,1635.5157470703125,638.4105224609375,104.44691467285156,-31.215381622314453,1739.962646484375,607.1951293945312,-36.037353515625,-2.80487060546875,36.14634323120117
110,831.0,638.0,790.2155151367188,590.7672119140625,32.4421501159668,-14.012553215026855,822.6576538085938,576.754638671875,-8.34234619140625,-61.245361328125,61.8109130859375
111,594.0,857.0,597.3193359375,855.8067016601562,5.213042259216309,2.2313554286956787,602.5323486328125,858.0380859375,8.5323486328125,1.0380859375,8.59526538848877
112,1744.0,201.0,1660.5299072265625,369.4187927246094,70.61662292480469,-109.50192260742188,1731.146484375,259.9168701171875,-12.853515625,58.9168701171875,60.30265808105469
113,137.0,334.0,61.27350616455078,342.71795654296875,42.34319305419922,-11.846444129943848,103.61669921875,330.87152099609375,-33.38330078125,-3.12847900390625,33.529571533203125
114,612.0,110.0,601.5462036132812,117.73109436035156,-2.984060287475586,-5.40934944152832,598.5621337890625,112.32174682617188,-13.4378662109375,2.321746826171875,13.636962890625
115,391.0,860.0,411.8487243652344,849.5126342773438,-18.89982032775879,14.458203315734863,392.94891357421875,863.9708251953125,1.94891357421875,3.9708251953125,4.423315048217773
116,674.0,222.0,654.8739013671875,299.8558654785156,4.543653964996338,-64.348876953125,659.4175415039062,235.50698852539062,-14.58245849609375,13.506988525390625,19.87679100036621
117,1743.0,719.0,1664.4871826171875,706.5897216796875,49.80928421020508,-2.9615721702575684,1714.2965087890625,703.628173828125,-28.7034912109375,-15.371826171875,32.56045913696289
118,1103.0,122.0,1076.9468994140625,172.19468688964844,11.912120819091797,-18.621536254882812,1088.8590087890625,153.57315063476562,-14.1409912109375,31.573150634765625,34.595252990722656
119,469.0,858.0,523.61865234375,789.296630859375,-44.46981430053711,58.88343048095703,479.1488342285156,848.1800537109375,10.148834228515625,-9.8199462890625,14.12197494506836
120,739.0,626.0,764.6500244140625,599.25,20.132680892944336,1.943060040473938,784.78271484375,601.1930541992188,45.78271484375,-24.80694580078125,52.071502685546875
121,1537.0,631.0,1423.559326171875,678.5338745117188,28.247257232666016,-48.890010833740234,1451.806640625,629.6438598632812,-85.193359375,-1.35614013671875,85.20415496826172
122,502.0,769.0,458.56781005859375,730.177978515625,28.225549697875977,17.982654571533203,486.7933654785156,748.16064453125,-15.206634521484375,-20.83935546875,25.797683715820312
123,372.0,546.0,421.15966796875,552.2689208984375,-18.80411148071289,10.199501037597656,402.3555603027344,562.4684448242188,30.355560302734375,16.46844482421875,34.53504943847656
124,1660.0,849.0,1497.02587890625,826.5172119140625,109.91342163085938,14.374770164489746,1606.9393310546875,840.8919677734375,-53.0606689453125,-8.1080322265625,53.67657470703125
125,385.0,535.0,310.2452697753906,478.0754699707031,7.536877155303955,8.054628372192383,317.7821350097656,486.1300964355469,-67.21786499023438,-48.869903564453125,83.10540771484375
126,1403.0,571.0,1313.7894287109375,599.6491088867188,94.42730712890625,-29.118919372558594,1408.216796875,570.5302124023438,5.216796875,-0.46978759765625,5.2379069328308105
127,1656.0,203.0,1505.887939453125,204.62930297851562,128.82659912109375,-22.09829330444336,1634.714599609375,182.531005859375,-21.285400390625,-20.468994140625,29.530458450317383
128,1196.0,737.0,1157.30908203125,712.1818237304688,32.415531158447266,-8.899124145507812,1189.724609375,703.28271484375,-6.275390625,-33.71728515625,34.296295166015625
129,362.0,681.0,372.00848388671875,671.4237060546875,-25.767635345458984,-5.797918796539307,346.2408447265625,665.6257934570312,-15.7591552734375,-15.37420654296875,22.016294479370117
130,901.0,479.0,853.260498046875,471.0168151855469,28.388389587402344,5.680240631103516,881.6488647460938,476.6970520019531,-19.35113525390625,-2.302947998046875,19.487688064575195
131,1453.0,304.0,1433.175048828125,333.2083435058594,5.204722881317139,-22.470661163330078,1438.3797607421875,310.7376708984375,-14.6202392578125,6.7376708984375,16.098060607910156
132,1141.0,294.0,1093.059326171875,390.6440734863281,33.03935241699219,-78.07020568847656,1126.0986328125,312.5738525390625,-14.9013671875,18.5738525390625,23.812576293945312
133,1351.0,696.0,1355.8643798828125,671.8474731445312,5.068421363830566,9.284965515136719,1360.932861328125,681.1324462890625,9.932861328125,-14.8675537109375,17.880321502685547
134,1367.0,180.0,1386.4425048828125,266.177001953125,-4.533020496368408,-26.936513900756836,1381.909423828125,239.24049377441406,14.909423828125,59.24049377441406,61.08786392211914
135,1477.0,684.0,1372.9664306640625,687.5126342773438,83.20294952392578,-34.62392807006836,1456.16943359375,652.8887329101562,-20.83056640625,-31.11126708984375,37.44093322753906
136,949.0,518.0,918.1344604492188,529.941162109375,22.557676315307617,-9.312553405761719,940.692138671875,520.6286010742188,-8.307861328125,2.62860107421875,8.713788032531738
137,517.0,145.0,491.1982727050781,227.1810302734375,16.313209533691406,-53.28742980957031,507.511474609375,173.8936004638672,-9.488525390625,28.893600463867188,30.411712646484375
138,1631.0,299.0,1621.8050537109375,327.1016845703125,11.677297592163086,-34.1044921875,1633.4822998046875,292.9971923828125,2.4822998046875,-6.0028076171875,6.49580717086792
139,1131.0,625.0,1121.137939453125,606.5689697265625,21.618633270263672,32.56111145019531,1142.756591796875,639.1300659179688,11.756591796875,14.13006591796875,18.381410598754883
140,1222.0,182.0,1180.38134765625,260.06781005859375,35.895660400390625,-53.294063568115234,1216.2769775390625,206.77374267578125,-5.7230224609375,24.77374267578125,25.426193237304688
141,1407.0,170.0,1384.97119140625,221.25,34.94926834106445,-69.59870910644531,1419.92041015625,151.6512908935547,12.92041015625,-18.348709106445312,22.441303253173828
142,1077.0,465.0,1103.6722412109375,495.3277282714844,-7.29685640335083,-15.200953483581543,1096.3753662109375,480.12677001953125,19.3753662109375,15.12677001953125,24.580968856811523
143,1272.0,866.0,1248.142822265625,855.1848754882812,20.23317527770996,6.919679164886475,1268.3759765625,862.1045532226562,-3.6240234375,-3.89544677734375,5.320531368255615
144,1670.0,797.0,1559.6409912109375,871.7948608398438,72.15234375,-42.20133590698242,1631.7933349609375,829.593505859375,-38.2066650390625,32.593505859375,50.220375061035156
145,586.0,925.0,662.4434814453125,898.0521850585938,-39.60514831542969,33.386253356933594,622.8383178710938,931.4384155273438,36.83831787109375,6.43841552734375,37.396724700927734
146,1768.0,898.0,1716.4285888671875,901.3865356445312,67.43547821044922,-44.003379821777344,1783.864013671875,857.3831787109375,15.864013671875,-40.6168212890625,43.60496520996094
147,1538.0,744.0,1531.699951171875,744.058349609375,34.65301513671875,-22.5794620513916,1566.35302734375,721.4788818359375,28.35302734375,-22.5211181640625,36.20904541015625
148,1389.0,654.0,1282.605224609375,679.0614013671875,79.2711410522461,-77.0000228881836,1361.8763427734375,602.0614013671875,-27.1236572265625,-51.9385986328125,58.594459533691406
149,1489.0,417.0,1405.137939453125,477.39654541015625,71.15235137939453,-64.75293731689453,1476.290283203125,412.64361572265625,-12.709716796875,-4.35638427734375,13.435586929321289
150,1054.0,347.0,1041.9576416015625,356.88983154296875,16.86686134338379,-9.834268569946289,1058.824462890625,347.0555725097656,4.824462890625,0.055572509765625,4.824782848358154
151,1550.0,637.0,1519.4033203125,609.3361206054688,48.50351333618164,15.798652648925781,1567.9068603515625,625.134765625,17.9068603515625,-11.865234375,21.481142044067383
152,952.0,417.0,996.8499755859375,405.0333251953125,-7.227993011474609,-5.743638515472412,989.6220092773438,399.2896728515625,37.62200927734375,-17.7103271484375,41.58209991455078
153,517.0,438.0,502.8596496582031,434.5,-11.706235885620117,-13.516767501831055,491.1534118652344,420.9832458496094,-25.846588134765625,-17.016754150390625,30.94537353515625
154,483.0,525.0,472.9831848144531,510.54620361328125,1.2168450355529785,14.451275825500488,474.2000427246094,524.9974975585938,-8.799957275390625,-0.00250244140625,8.799957275390625
155,1377.0,917.0,1348.27734375,927.3193359375,34.90232467651367,-10.036627769470215,1383.1796875,917.28271484375,6.1796875,0.28271484375,6.186151027679443
156,1100.0,207.0,1059.465576171875,253.98275756835938,32.36669158935547,-49.71219253540039,1091.832275390625,204.27056884765625,-8.167724609375,-2.72943115234375,8.61170768737793
157,383.0,433.0,359.8547058105469,355.0854797363281,30.48885154724121,17.310949325561523,390.34356689453125,372.39642333984375,7.34356689453125,-60.60357666015625,61.046878814697266
158,622.0,456.0,600.8709716796875,393.752685546875,-28.790390014648438,-11.078638076782227,572.08056640625,382.6740417480469,-49.91943359375,-73.32595825195312,88.70539093017578
159,122.0,903.0,37.46428680419922,742.6964111328125,58.1866455078125,116.82633209228516,95.65093231201172,859.5227661132812,-26.34906768798828,-43.47723388671875,50.838401794433594
160,1000.0,281.0,898.1747436523438,249.45631408691406,52.29660415649414,10.295178413391113,950.4713745117188,259.7514953613281,-49.52862548828125,-21.248504638671875,53.89419174194336
161,179.0,683.0,70.27731323242188,722.7647094726562,69.74011993408203,-17.27363395690918,140.01742553710938,705.4910888671875,-38.982574462890625,22.4910888671875,45.00544738769531
162,1629.0,963.0,1620.4273681640625,973.991455078125,17.625961303710938,-19.320629119873047,1638.0533447265625,954.6708374023438,9.0533447265625,-8.32916259765625,12.30195140838623
163,367.0,376.0,406.76470947265625,362.13446044921875,-34.2309455871582,-29.73347282409668,372.53375244140625,332.4010009765625,5.53375244140625,-43.5989990234375,43.94878005981445
164,786.0,559.0,775.5,527.9310302734375,16.324920654296875,21.519948959350586,791.824951171875,549.4509887695312,5.824951171875,-9.54901123046875,11.18542194366455
165,1291.0,238.0,1134.0084228515625,242.7058868408203,109.14881134033203,32.07255172729492,1243.1572265625,274.7784423828125,-47.8427734375,36.7784423828125,60.345542907714844
166,1353.0,612.0,1321.0169677734375,603.1864624023438,50.452430725097656,37.66843795776367,1371.4693603515625,640.8549194335938,18.4693603515625,28.85491943359375,34.25965118408203
167,783.0,794.0,762.35595703125,781.0932006835938,-8.506629943847656,0.2374209463596344,753.8493041992188,781.3306274414062,-29.15069580078125,-12.66937255859375,31.784839630126953
168,1292.0,419.0,1240.420166015625,323.2689208984375,39.98459243774414,49.42438507080078,1280.40478515625,372.69329833984375,-11.59521484375,-46.30670166015625,47.73635482788086
169,1710.0,545.0,1667.9083251953125,542.5916748046875,4.2072954177856445,66.19659423828125,1672.1156005859375,608.7882690429688,-37.8843994140625,63.78826904296875,74.19010162353516
170,299.0,354.0,310.1499938964844,359.67498779296875,-29.808673858642578,-7.3525919914245605,280.34130859375,352.3223876953125,-18.65869140625,-1.6776123046875,18.733957290649414
171,109.0,842.0,162.15126037597656,832.9159545898438,-29.31247329711914,-3.926257848739624,132.8387908935547,828.9896850585938,23.838790893554688,-13.01031494140625,27.157987594604492
172,1318.0,247.0,1338.2767333984375,283.6696472167969,3.8919010162353516,-35.13633728027344,1342.1685791015625,248.53330993652344,24.1685791015625,1.5333099365234375,24.2171688079834
173,861.0,289.0,868.9722290039062,385.9351806640625,14.224706649780273,-82.30683898925781,883.1969604492188,303.62835693359375,22.19696044921875,14.62835693359375,26.58371353149414
174,1046.0,412.0,1022.100830078125,405.29412841796875,3.473259449005127,-5.218203544616699,1025.5740966796875,400.075927734375,-20.4259033203125,-11.924072265625,23.65165901184082
175,1074.0,459.0,942.3983154296875,493.6949157714844,40.69145965576172,-43.2205810546875,983.0897827148438,450.4743347167969,-90.91021728515625,-8.525665283203125,91.30911254882812
176,607.0,482.0,575.4051513671875,487.9051818847656,56.07484436035156,-36.60184097290039,631.47998046875,451.3033447265625,24.47998046875,-30.6966552734375,39.262630462646484
177,1555.0,608.0,1555.72265625,566.6722412109375,24.157352447509766,11.691262245178223,1579.8800048828125,578.363525390625,24.8800048828125,-29.636474609375,38.69541549682617
178,294.0,184.0,255.76576232910156,260.9189147949219,27.020675659179688,-39.07618713378906,282.78643798828125,221.8427276611328,-11.21356201171875,37.84272766113281,39.46917724609375
179,664.0,743.0,681.9166870117188,727.3250122070312,30.981653213500977,-10.104809761047363,712.8983154296875,717.22021484375,48.8983154296875,-25.77978515625,55.27786636352539
180,1055.0,463.0,1096.6451416015625,381.07525634765625,-36.80158996582031,82.45452880859375,1059.843505859375,463.52978515625,4.843505859375,0.52978515625,4.872393608093262
181,1585.0,115.0,1490.5726318359375,241.4700927734375,82.61222076416016,-75.73262023925781,1573.184814453125,165.7374725341797,-11.815185546875,50.73747253417969,52.09500503540039
182,826.0,645.0,783.9026489257812,620.4513549804688,11.808182716369629,25.096065521240234,795.7108154296875,645.5474243164062,-30.2891845703125,0.54742431640625,30.294130325317383
183,1573.0,435.0,1449.688720703125,464.9245300292969,32.538055419921875,-4.373626232147217,1482.226806640625,460.5509033203125,-90.773193359375,25.5509033203125,94.30069732666016
184,1545.0,869.0,1348.3726806640625,853.5454711914062,66.8512191772461,-2.312138557434082,1415.223876953125,851.2333374023438,-129.776123046875,-17.76666259765625,130.9866180419922
185,1761.0,348.0,1722.6904296875,391.9047546386719,40.41114044189453,-51.76986312866211,1763.1015625,340.1348876953125,2.1015625,-7.8651123046875,8.14104175567627
186,1006.0,833.0,1024.5,775.5916748046875,2.0883827209472656,42.48539733886719,1026.58837890625,818.0770874023438,20.58837890625,-14.92291259765625,25.427831649780273
187,1469.0,546.0,1396.823486328125,522.2451171875,62.221370697021484,-6.306396484375,1459.0447998046875,515.938720703125,-9.9552001953125,-30.061279296875,31.666805267333984
188,1400.0,469.0,1316.0810546875,511.3693542480469,69.71957397460938,-57.70257568359375,1385.8006591796875,453.6667785644531,-14.1993408203125,-15.333221435546875,20.898059844970703
189,322.0,746.0,210.35345458984375,800.1465454101562,93.17633819580078,-55.466670989990234,303.52978515625,744.6798706054688,-18.47021484375,-1.32012939453125,18.517332077026367
190,1769.0,503.0,1744.8487548828125,546.8151245117188,12.750862121582031,-58.117515563964844,1757.599609375,488.6976013183594,-11.400390625,-14.302398681640625,18.29009246826172
191,1215.0,157.0,1189.8157958984375,183.75437927246094,16.668487548828125,-18.169801712036133,1206.4842529296875,165.58457946777344,-8.5157470703125,8.584579467773438,12.0918550491333
192,1798.0,563.0,1841.044677734375,668.7589111328125,-29.324726104736328,-90.0194320678711,1811.719970703125,578.739501953125,13.719970703125,15.739501953125,20.8798828125
193,1056.0,565.0,1039.9000244140625,553.2583618164062,17.817731857299805,5.393339157104492,1057.7177734375,558.6516723632812,1.7177734375,-6.34832763671875,6.576625823974609
194,613.0,324.0,591.7117309570312,319.06304931640625,-2.9666216373443604,9.844291687011719,588.7451171875,328.9073486328125,-24.2548828125,4.9073486328125,24.746341705322266
195,129.0,860.0,38.09638595581055,858.7470092773438,91.599365234375,-8.692105293273926,129.6957550048828,850.054931640625,0.6957550048828125,-9.945068359375,9.969375610351562
196,515.0,182.0,514.4500122070312,219.39999389648438,13.025726318359375,-36.168182373046875,527.4757080078125,183.2318115234375,12.4757080078125,1.2318115234375,12.536373138427734
197,1492.0,534.0,1349.18017578125,591.009033203125,82.96556091308594,-58.85570526123047,1432.145751953125,532.1533203125,-59.854248046875,-1.8466796875,59.882728576660156
198,947.0,763.0,967.6333618164062,816.7666625976562,-14.97382640838623,-26.27086639404297,952.6595458984375,790.4957885742188,5.6595458984375,27.49578857421875,28.072206497192383
199,478.0,142.0,404.28448486328125,167.8275909423828,48.1585693359375,1.0052763223648071,452.44305419921875,168.83287048339844,-25.55694580078125,26.832870483398438,37.05617904663086
200,611.0,844.0,581.6293334960938,869.3965454101562,28.514602661132812,-5.472938060760498,610.1439208984375,863.923583984375,-0.8560791015625,19.923583984375,19.941967010498047
201,940.0,328.0,950.4369506835938,367.0083923339844,-2.273115873336792,-11.93577766418457,948.163818359375,355.0726013183594,8.163818359375,27.072601318359375,28.2767333984375
202,452.0,940.0,445.6440734863281,854.6610107421875,-5.471750259399414,54.49932861328125,440.1723327636719,909.1603393554688,-11.827667236328125,-30.83966064453125,33.02996063232422
203,1085.0,384.0,1005.3243408203125,375.0,37.73417663574219,-16.634485244750977,1043.0584716796875,358.3655090332031,-41.9415283203125,-25.634490966796875,49.155052185058594
204,1294.0,450.0,1266.22607421875,481.4521789550781,27.244482040405273,-0.5682528018951416,1293.4705810546875,480.8839111328125,-0.5294189453125,30.8839111328125,30.88844871520996
205,1480.0,379.0,1443.8333740234375,399.7250061035156,12.657308578491211,-31.4722957611084,1456.49072265625,368.2527160644531,-23.50927734375,-10.747283935546875,25.849374771118164
206,1688.0,908.0,1572.811279296875,981.5471801757812,127.58583068847656,-68.59931182861328,1700.3970947265625,912.9478759765625,12.3970947265625,4.9478759765625,13.34801197052002
207,1108.0,157.0,1126.8135986328125,178.58474731445312,7.684058666229248,-18.591026306152344,1134.4976806640625,159.99371337890625,26.4976806640625,2.99371337890625,26.666259765625
208,1650.0,676.0,1621.8521728515625,576.3565063476562,25.22406005859375,67.03366088867188,1647.076171875,643.39013671875,-2.923828125,-32.60986328125,32.74067687988281
209,820.0,627.0,714.0,504.226806640625,58.48257064819336,59.64622497558594,772.4825439453125,563.873046875,-47.5174560546875,-63.126953125,79.01215362548828
210,648.0,460.0,533.4107055664062,453.5625,63.603633880615234,-9.213545799255371,597.0143432617188,444.3489685058594,-50.98565673828125,-15.651031494140625,53.333778381347656
211,1472.0,408.0,1362.361083984375,364.6666564941406,67.556884765625,19.938888549804688,1429.91796875,384.60552978515625,-42.08203125,-23.39447021484375,48.147674560546875
212,1662.0,866.0,1596.183349609375,872.1583251953125,39.32054901123047,12.649432182312012,1635.50390625,884.8077392578125,-26.49609375,18.8077392578125,32.49267578125
213,1622.0,190.0,1615.0892333984375,234.25892639160156,16.184181213378906,-34.852935791015625,1631.2734375,199.40599060058594,9.2734375,9.405990600585938,13.208683013916016
214,608.0,499.0,694.3153076171875,501.1711730957031,-8.897256851196289,-9.494463920593262,685.4180297851562,491.67669677734375,77.41802978515625,-7.32330322265625,77.76362609863281
215,454.0,171.0,461.625,202.89999389648438,-5.385614395141602,-31.61557960510254,456.2393798828125,171.28440856933594,2.2393798828125,0.2844085693359375,2.2573680877685547
216,961.0,186.0,903.7479248046875,227.1260528564453,34.86583709716797,-31.90346336364746,938.61376953125,195.22259521484375,-22.38623046875,9.22259521484375,24.211559295654297
217,1323.0,724.0,1259.824951171875,724.4166870117188,46.43449401855469,-0.6098508834838867,1306.2593994140625,723.8068237304688,-16.7406005859375,-0.19317626953125,16.741714477539062
218,1283.0,628.0,1286.1553955078125,575.2973022460938,-20.14619255065918,-26.080120086669922,1266.0091552734375,549.2171630859375,-16.9908447265625,-78.7828369140625,80.59419250488281
219,1222.0,206.0,1140.811279296875,350.78302001953125,52.94969177246094,-87.58911895751953,1193.760986328125,263.19390869140625,-28.239013671875,57.19390869140625,63.78546142578125
220,1390.0,197.0,1408.5125732421875,352.97479248046875,-7.276305675506592,-93.20306396484375,1401.236328125,259.771728515625,11.236328125,62.771728515625,63.769466400146484
221,1059.0,236.0,1056.9622802734375,237.77359008789062,23.248287200927734,5.778764247894287,1080.2105712890625,243.55235290527344,21.2105712890625,7.5523529052734375,22.515026092529297
222,1718.0,295.0,1634.9639892578125,381.1351318359375,61.55348587036133,-109.75920867919922,1696.5174560546875,271.37591552734375,-21.4825439453125,-23.62408447265625,31.931129455566406
223,184.0,689.0,173.69491577148438,690.2881469726562,11.074231147766113,-17.00360107421875,184.76914978027344,673.2845458984375,0.7691497802734375,-15.7154541015625,15.734265327453613
224,1185.0,486.0,1138.2833251953125,522.4916381835938,34.56139373779297,-25.831491470336914,1172.8447265625,496.66015625,-12.1552734375,10.66015625,16.16754722595215
225,750.0,194.0,709.6636962890625,181.88494873046875,36.293243408203125,-1.6161918640136719,745.9569091796875,180.2687530517578,-4.0430908203125,-13.731246948242188,14.314108848571777
226,1759.0,659.0,1827.8291015625,744.94873046875,-3.101339817047119,-95.31771850585938,1824.727783203125,649.6309814453125,65.727783203125,-9.3690185546875,66.39216613769531
227,1384.0,842.0,1235.8624267578125,825.284423828125,65.67184448242188,25.686840057373047,1301.5343017578125,850.9712524414062,-82.4656982421875,8.97125244140625,82.95223999023438
228,1353.0,163.0,1278.8135986328125,328.9237365722656,56.68297576904297,-110.15737915039062,1335.49658203125,218.766357421875,-17.50341796875,55.766357421875,58.44874954223633
229,996.0,229.0,1002.2520751953125,249.81512451171875,22.347158432006836,-88.24957275390625,1024.5992431640625,161.5655517578125,28.5992431640625,-67.4344482421875,73.24835205078125
230,1542.0,271.0,1465.4537353515625,356.47900390625,62.080772399902344,-76.85675048828125,1527.5345458984375,279.62225341796875,-14.4654541015625,8.62225341796875,16.840208053588867
231,462.0,121.0,480.66387939453125,174.02520751953125,5.965028762817383,-46.38935470581055,486.62890625,127.63584899902344,24.62890625,6.6358489990234375,25.507204055786133
232,724.0,222.0,813.9117431640625,229.94117736816406,-94.17527770996094,-24.209571838378906,719.7364501953125,205.73159790039062,-4.2635498046875,-16.268402099609375,16.817811965942383
233,1147.0,241.0,1134.815185546875,269.0504150390625,15.892699241638184,-32.8219108581543,1150.7078857421875,236.22850036621094,3.7078857421875,-4.7714996337890625,6.042816162109375
234,1354.0,755.0,1300.6302490234375,757.4117431640625,55.1098518371582,-1.5632964372634888,1355.7401123046875,755.8484497070312,1.7401123046875,0.84844970703125,1.9359384775161743
235,1231.0,743.0,1175.5135498046875,724.8018188476562,15.519630432128906,23.11330223083496,1191.033203125,747.9151000976562,-39.966796875,4.91510009765625,40.26789093017578
236,461.0,107.0,477.71795654296875,199.11965942382812,-20.152740478515625,-33.22149658203125,457.5652160644531,165.89816284179688,-3.434783935546875,58.898162841796875,58.99822998046875
237,1611.0,936.0,1570.7965087890625,979.5574951171875,28.109375,-62.43938064575195,1598.9058837890625,917.1181030273438,-12.0941162109375,-18.88189697265625,22.42306137084961
238,1665.0,495.0,1558.6982421875,426.1293029785156,68.53034973144531,26.76035499572754,1627.2286376953125,452.8896484375,-37.7713623046875,-42.1103515625,56.56816864013672
239,771.0,115.0,759.47900390625,162.4537811279297,21.821836471557617,-58.62037658691406,781.3008422851562,103.83340454101562,10.30084228515625,-11.166595458984375,15.192110061645508
240,391.0,208.0,303.6218566894531,278.3529357910156,77.85746765136719,-47.05885696411133,381.47930908203125,231.29408264160156,-9.52069091796875,23.294082641601562,25.164613723754883
241,1153.0,581.0,1150.3948974609375,570.3109130859375,40.67344665527344,-3.7714972496032715,1191.068359375,566.5394287109375,38.068359375,-14.4605712890625,40.722328186035156
242,156.0,355.0,160.55084228515625,352.88134765625,21.593719482421875,-7.842380523681641,182.14456176757812,345.0389709472656,26.144561767578125,-9.961029052734375,27.97785186767578
243,112.0,838.0,-31.899160385131836,884.1344604492188,130.7519989013672,-50.092063903808594,98.85283660888672,834.0424194335938,-13.147163391113281,-3.95758056640625,13.729907035827637
244,1469.0,685.0,1455.2457275390625,674.8728637695312,17.16876792907715,-1.9894824028015137,1472.41455078125,672.8833618164062,3.41455078125,-12.11663818359375,12.588569641113281
245,1130.0,386.0,1068.9166259765625,462.7250061035156,45.35239028930664,-17.846975326538086,1114.26904296875,444.8780212402344,-15.73095703125,58.878021240234375,60.94329071044922
246,438.0,703.0,412.9583435058594,704.933349609375,12.794886589050293,4.174691200256348,425.75323486328125,709.1080322265625,-12.24676513671875,6.1080322265625,13.685441970825195
247,513.0,170.0,474.93218994140625,223.8389892578125,25.8552188873291,-69.23758697509766,500.78741455078125,154.60140991210938,-12.21258544921875,-15.398590087890625,19.653594970703125
248,689.0,536.0,585.6236572265625,553.3548583984375,44.566627502441406,0.5613751411437988,630.1903076171875,553.916259765625,-58.8096923828125,17.916259765625,61.47822570800781
249,138.0,161.0,149.7881317138672,170.8728790283203,6.665676116943359,-34.91156005859375,156.4538116455078,135.96131896972656,18.453811645507812,-25.038681030273438,31.104320526123047
250,1628.0,471.0,1613.565673828125,462.0,73.18995666503906,-24.482654571533203,1686.755615234375,437.517333984375,58.755615234375,-33.482666015625,67.62626647949219
251,1339.0,324.0,1360.1864013671875,370.9576416015625,13.127559661865234,-87.50017547607422,1373.31396484375,283.45745849609375,34.31396484375,-40.54254150390625,53.11445999145508
252,172.0,832.0,166.39830017089844,838.322021484375,3.292722225189209,-18.70334243774414,169.69102478027344,819.61865234375,-2.3089752197265625,-12.38134765625,12.594805717468262
253,1474.0,275.0,1440.601806640625,349.90264892578125,31.890132904052734,-38.86368942260742,1472.491943359375,311.0389709472656,-1.508056640625,36.038970947265625,36.07051086425781
254,933.0,199.0,869.1932983398438,298.2184753417969,45.266780853271484,-64.2461166381836,914.4600830078125,233.97235107421875,-18.5399169921875,34.97235107421875,39.58274841308594
255,759.0,158.0,741.183349609375,150.625,1.8882611989974976,5.790501594543457,743.0715942382812,156.41549682617188,-15.92840576171875,-1.584503173828125,16.007022857666016
256,1259.0,890.0,1232.478271484375,779.5978393554688,24.93384552001953,87.21974182128906,1257.412109375,866.8175659179688,-1.587890625,-23.18243408203125,23.236751556396484
257,237.0,904.0,250.51695251464844,869.8474731445312,-29.9219970703125,51.29163360595703,220.59495544433594,921.1390991210938,-16.405044555664062,17.13909912109375,23.7249698638916
258,1053.0,934.0,1017.4188232421875,844.4102783203125,22.58819580078125,61.1949577331543,1040.007080078125,905.605224609375,-12.992919921875,-28.394775390625,31.226259231567383
259,1191.0,698.0,1117.1043701171875,761.1912841796875,50.47447204589844,-59.30597686767578,1167.578857421875,701.8853149414062,-23.421142578125,3.88531494140625,23.741220474243164
260,108.0,505.0,157.18487548828125,524.2100830078125,-37.639774322509766,-15.349893569946289,119.54510498046875,508.8601989746094,11.54510498046875,3.860198974609375,12.173355102539062
261,566.0,926.0,532.73681640625,762.3508911132812,24.23660659790039,140.07400512695312,556.9734497070312,902.4249267578125,-9.02655029296875,-23.5750732421875,25.244062423706055
262,1327.0,948.0,1233.7869873046875,818.9074096679688,63.72548294067383,83.07101440429688,1297.512451171875,901.9783935546875,-29.487548828125,-46.0216064453125,54.65806198120117
263,1469.0,354.0,1403.924560546875,441.76416015625,22.414512634277344,-61.10512161254883,1426.339111328125,380.6590270996094,-42.660888671875,26.659027099609375,50.30561447143555
264,1036.0,213.0,1006.3931884765625,295.76068115234375,22.710020065307617,-57.71498107910156,1029.1031494140625,238.0457000732422,-6.8968505859375,25.045700073242188,25.97794532775879
265,953.0,554.0,808.059326171875,590.9067993164062,92.1888198852539,-34.46608352661133,900.2481689453125,556.4407348632812,-52.7518310546875,2.44073486328125,52.808265686035156
266,830.0,838.0,811.7562866210938,820.361328125,48.99557113647461,28.595882415771484,860.7518310546875,848.9572143554688,30.7518310546875,10.95721435546875,32.645606994628906
267,948.0,398.0,938.6576538085938,426.549560546875,51.0915641784668,-62.52138137817383,989.7492065429688,364.0281677246094,41.74920654296875,-33.971832275390625,53.82454299926758
268,149.0,727.0,115.95918273925781,632.9898071289062,12.532483100891113,68.53507995605469,128.49166870117188,701.52490234375,-20.508331298828125,-25.47509765625,32.704315185546875
269,764.0,482.0,748.9915161132812,526.3983154296875,46.07062530517578,-16.07765769958496,795.0621337890625,510.3206481933594,31.0621337890625,28.320648193359375,42.034690856933594
270,1028.0,685.0,1105.7589111328125,646.1964111328125,-9.873186111450195,13.341629028320312,1095.8857421875,659.5380249023438,67.8857421875,-25.46197509765625,72.50370025634766
271,534.0,141.0,518.7610473632812,176.1239013671875,-0.9342743158340454,-59.2350959777832,517.8267822265625,116.88880920410156,-16.1732177734375,-24.111190795898438,29.033126831054688
272,222.0,216.0,149.55670166015625,122.24742126464844,54.14256286621094,71.679931640625,203.6992645263672,193.92735290527344,-18.300735473632812,-22.072647094726562,28.672611236572266
273,1557.0,349.0,1503.0169677734375,368.440673828125,44.99991226196289,-52.306549072265625,1548.016845703125,316.1341247558594,-8.983154296875,-32.865875244140625,34.07143783569336
274,418.0,579.0,395.43218994140625,520.2542114257812,-27.641578674316406,29.86445426940918,367.7906188964844,550.11865234375,-50.209381103515625,-28.88134765625,57.92334747314453
275,438.0,868.0,387.6470642089844,862.3445434570312,9.267176628112793,9.929825782775879,396.91424560546875,872.2743530273438,-41.08575439453125,4.27435302734375,41.307498931884766
276,1129.0,253.0,1082.6470947265625,336.4873962402344,63.335079193115234,-74.58379364013672,1145.982177734375,261.9035949707031,16.982177734375,8.903594970703125,19.174680709838867
277,464.0,852.0,541.6808471679688,876.4468383789062,-55.26803207397461,-1.3345032930374146,486.4128112792969,875.1123046875,22.412811279296875,23.1123046875,32.194915771484375
278,1376.0,484.0,1383.4375,659.0982055664062,78.93253326416016,-134.78115844726562,1462.3699951171875,524.3170166015625,86.3699951171875,40.3170166015625,95.31651306152344
279,969.0,870.0,876.7833251953125,876.375,14.790752410888672,13.511148452758789,891.5740966796875,889.8861694335938,-77.4259033203125,19.88616943359375,79.93891906738281
280,1021.0,674.0,935.066650390625,603.7083129882812,45.82916259765625,37.019229888916016,980.8958129882812,640.7275390625,-40.10418701171875,-33.2724609375,52.10952377319336
281,1016.0,617.0,976.5,594.3916625976562,18.100862503051758,13.075116157531738,994.6008911132812,607.466796875,-21.39910888671875,-9.533203125,23.426563262939453
282,571.0,249.0,638.4745483398438,307.28814697265625,-37.693939208984375,-9.17213249206543,600.7806396484375,298.11602783203125,29.7806396484375,49.11602783203125,57.43927764892578
283,1312.0,389.0,1269.3853759765625,449.0,0.36476776003837585,-49.86888122558594,1269.7501220703125,399.131103515625,-42.2498779296875,10.131103515625,43.44757080078125
284,1206.0,820.0,1203.9075927734375,818.5714111328125,15.982760429382324,-9.495125770568848,1219.890380859375,809.0762939453125,13.890380859375,-10.9237060546875,17.67116355895996
285,1099.0,345.0,1061.11767578125,342.941162109375,7.093578338623047,-0.7529832124710083,1068.2113037109375,342.18817138671875,-30.7886962890625,-2.81182861328125,30.916828155517578
286,1598.0,678.0,1519.950439453125,746.6138916015625,31.443777084350586,-70.95114135742188,1551.3941650390625,675.6627197265625,-46.6058349609375,-2.3372802734375,46.664405822753906
287,894.0,901.0,892.1538696289062,860.3247680664062,-31.7747745513916,32.917301177978516,860.3790893554688,893.2420654296875,-33.62091064453125,-7.7579345703125,34.504364013671875
288,1614.0,748.0,1556.9576416015625,759.61865234375,45.46562957763672,-12.066130638122559,1602.4232177734375,747.5525512695312,-11.5767822265625,-0.44744873046875,11.58542537689209
289,922.0,301.0,904.25,339.26666259765625,22.473857879638672,-36.951053619384766,926.723876953125,302.31561279296875,4.723876953125,1.31561279296875,4.903656959533691
290,1378.0,344.0,1263.7899169921875,424.9579772949219,79.35059356689453,-33.09354782104492,1343.1405029296875,391.86444091796875,-34.8594970703125,47.86444091796875,59.21308135986328
291,1406.0,614.0,1435.3363037109375,754.1454467773438,42.12099838256836,-91.78076934814453,1477.457275390625,662.3646850585938,71.457275390625,48.36468505859375,86.28606414794922
292,217.0,911.0,266.6890869140625,836.260498046875,-41.6451530456543,52.83626174926758,225.04393005371094,889.0967407226562,8.043930053710938,-21.90325927734375,23.333614349365234
293,1475.0,636.0,1396.3760986328125,719.111083984375,81.11328125,-83.59425354003906,1477.4893798828125,635.516845703125,2.4893798828125,-0.483154296875,2.5358333587646484
294,1410.0,616.0,1310.800048828125,601.0,23.564430236816406,9.882302284240723,1334.364501953125,610.88232421875,-75.635498046875,-5.11767578125,75.80843353271484
295,604.0,459.0,608.6974487304688,458.5630187988281,-14.965412139892578,0.9162243604660034,593.7320556640625,459.479248046875,-10.2679443359375,0.479248046875,10.279122352600098
296,620.0,224.0,584.3983154296875,206.2203369140625,38.67323684692383,16.153240203857422,623.071533203125,222.3735809326172,3.071533203125,-1.6264190673828125,3.4755654335021973
297,1511.0,938.0,1406.8760986328125,842.6990966796875,64.5682373046875,83.5283432006836,1471.4443359375,926.2274169921875,-39.5556640625,-11.7725830078125,41.27037811279297
298,1204.0,670.0,1126.0283203125,733.7264404296875,61.519378662109375,-62.82477569580078,1187.5477294921875,670.9016723632812,-16.4522705078125,0.90167236328125,16.476961135864258
299,1704.0,388.0,1621.324951171875,547.3916625976562,51.4564208984375,-135.36041259765625,1672.7813720703125,412.03125,-31.2186279296875,24.03125,39.39674758911133
300,1371.0,575.0,1349.933349609375,596.3833618164062,19.09069061279297,-21.156795501708984,1369.0240478515625,575.2265625,-1.9759521484375,0.2265625,1.9888986349105835
301,727.0,638.0,751.9185791015625,559.2092895507812,-21.279373168945312,58.98091125488281,730.6392211914062,618.190185546875,3.63922119140625,-19.809814453125,20.14131736755371
302,1612.0,690.0,1568.0509033203125,671.322021484375,15.969560623168945,5.445098876953125,1584.0205078125,676.76708984375,-27.9794921875,-13.23291015625,30.950960159301758
303,126.0,833.0,58.81512451171875,777.5042114257812,44.506038665771484,42.53438186645508,103.3211669921875,820.03857421875,-22.6788330078125,-12.96142578125,26.121408462524414
304,315.0,837.0,287.25,750.8425903320312,42.45456314086914,27.746301651000977,329.7045593261719,778.5888671875,14.704559326171875,-58.4111328125,60.23358154296875
305,327.0,950.0,355.45379638671875,967.1680908203125,-25.420717239379883,1.089684247970581,330.0330810546875,968.2577514648438,3.0330810546875,18.25775146484375,18.507972717285156
306,579.0,767.0,549.3130493164062,720.5043334960938,26.721481323242188,28.55018424987793,576.0345458984375,749.0545043945312,-2.9654541015625,-17.94549560546875,18.188861846923828
307,946.0,592.0,860.440673828125,631.1948852539062,-5.805697441101074,-18.46858024597168,854.6349487304688,612.726318359375,-91.36505126953125,20.726318359375,93.68645477294922
308,1155.0,478.0,1195.4779052734375,469.4070739746094,18.01984977722168,-8.840462684631348,1213.497802734375,460.5666198730469,58.497802734375,-17.433380126953125,61.040279388427734
309,1338.0,179.0,1204.0169677734375,189.53390502929688,90.23384094238281,-32.646114349365234,1294.2508544921875,156.88778686523438,-43.7491455078125,-22.112213134765625,49.01976776123047
310,1234.0,293.0,1137.2373046875,394.61865234375,35.70145797729492,-101.98820495605469,1172.938720703125,292.63043212890625,-61.061279296875,-0.36956787109375,61.06239700317383
311,470.0,701.0,502.4871826171875,677.2734985351562,-43.34912872314453,3.407477617263794,459.1380615234375,680.6809692382812,-10.8619384765625,-20.31903076171875,23.040067672729492
312,1155.0,913.0,1153.495849609375,909.4537963867188,8.690412521362305,-3.100839138031006,1162.186279296875,906.3529663085938,7.186279296875,-6.64703369140625,9.789058685302734
313,1685.0,171.0,1562.2991943359375,214.3247833251953,90.30033111572266,-45.86194610595703,1652.5994873046875,168.46282958984375,-32.4005126953125,-2.53717041015625,32.499698638916016
314,560.0,210.0,581.79833984375,208.79832458496094,-6.442277908325195,4.1931939125061035,575.3560791015625,212.99151611328125,15.3560791015625,2.99151611328125,15.644754409790039
315,809.0,567.0,790.8793334960938,583.0172119140625,-1.130472183227539,-14.777609825134277,789.7488403320312,568.2396240234375,-19.25115966796875,1.2396240234375,19.29102897644043
316,1344.0,283.0,1332.4512939453125,333.8052978515625,10.00499153137207,-64.28636169433594,1342.456298828125,269.5189208984375,-1.543701171875,-13.4810791015625,13.569174766540527
317,261.0,426.0,315.32501220703125,420.32501220703125,-56.697410583496094,-30.749910354614258,258.6275939941406,389.5751037597656,-2.372406005859375,-36.424896240234375,36.5020751953125
318,555.0,153.0,572.7698974609375,193.3628387451172,16.438093185424805,-43.714149475097656,589.2080078125,149.648681640625,34.2080078125,-3.351318359375,34.37177658081055
319,1796.0,366.0,1739.711669921875,410.5946044921875,52.582305908203125,-13.065131187438965,1792.2939453125,397.52947998046875,-3.7060546875,31.52947998046875,31.74654197692871
320,1158.0,217.0,1152.663818359375,264.3613586425781,36.7143440246582,-45.5885009765625,1189.378173828125,218.77285766601562,31.378173828125,1.772857666015625,31.4282169342041
321,282.0,187.0,279.3235168457031,212.61764526367188,-7.972031593322754,-16.087438583374023,271.3514709472656,196.53021240234375,-10.648529052734375,9.53021240234375,14.290420532226562
322,687.0,200.0,716.8739624023438,242.6638641357422,-5.03082799911499,-5.091737270355225,711.8431396484375,237.57212829589844,24.8431396484375,37.57212829589844,45.04271697998047
323,1733.0,450.0,1624.5714111328125,539.1092529296875,62.578372955322266,-58.61494445800781,1687.1497802734375,480.49432373046875,-45.8502197265625,30.49432373046875,55.0649299621582
324,1742.0,965.0,1711.43701171875,1007.260498046875,-0.003368593752384186,-39.66093826293945,1711.43359375,967.5995483398438,-30.56640625,2.59954833984375,30.676746368408203
325,614.0,909.0,680.1926879882812,752.238525390625,-22.29544448852539,117.30435943603516,657.897216796875,869.5429077148438,43.897216796875,-39.45709228515625,59.02396011352539
326,444.0,743.0,457.8083190917969,722.6333618164062,-6.485140323638916,35.331703186035156,451.32318115234375,757.965087890625,7.32318115234375,14.965087890625,16.660816192626953
327,124.0,339.0,179.89830017089844,402.0339050292969,-60.88459014892578,-21.358348846435547,119.01371002197266,380.6755676269531,-4.986289978027344,41.675567626953125,41.972801208496094
328,640.0,487.0,591.6694946289062,473.88983154296875,-0.3733465373516083,-19.279041290283203,591.296142578125,454.61077880859375,-48.703857421875,-32.38922119140625,58.49040603637695
329,795.0,748.0,788.0508422851562,698.9237060546875,-12.0242280960083,28.848018646240234,776.026611328125,727.771728515625,-18.973388671875,-20.228271484375,27.733957290649414
330,1695.0,303.0,1664.800048828125,338.4583435058594,20.263975143432617,-32.62496566772461,1685.06396484375,305.8333740234375,-9.93603515625,2.8333740234375,10.332124710083008
331,160.0,841.0,167.1525421142578,812.2373046875,-21.682802200317383,19.960041046142578,145.46974182128906,832.1973266601562,-14.530258178710938,-8.80267333984375,16.988685607910156
332,1519.0,835.0,1460.095703125,838.8261108398438,71.87066650390625,-17.03435707092285,1531.96630859375,821.791748046875,12.96630859375,-13.208251953125,18.50899887084961
333,828.0,826.0,765.7247924804688,789.8991088867188,26.059154510498047,69.53845977783203,791.783935546875,859.4375610351562,-36.216064453125,33.43756103515625,49.29172134399414
334,1101.0,731.0,1090.196533203125,683.8974609375,9.601944923400879,25.996074676513672,1099.7984619140625,709.8935546875,-1.2015380859375,-21.1064453125,21.14061737060547
335,1135.0,543.0,1143.56298828125,573.4285888671875,4.28628396987915,-6.122076511383057,1147.8492431640625,567.3065185546875,12.8492431640625,24.3065185546875,27.493816375732422
336,269.0,196.0,236.40170288085938,220.8034210205078,29.47162628173828,-1.9446842670440674,265.8733215332031,218.85873413085938,-3.126678466796875,22.858734130859375,23.07158088684082
337,1491.0,561.0,1446.9830322265625,587.059326171875,42.018341064453125,2.1011013984680176,1489.0013427734375,589.160400390625,-1.9986572265625,28.160400390625,28.231237411499023
338,473.0,229.0,328.4310302734375,228.63792419433594,124.60562896728516,6.31188440322876,453.0366516113281,234.94981384277344,-19.963348388671875,5.9498138427734375,20.831119537353516
339,377.0,938.0,386.29058837890625,861.7777709960938,-44.64863967895508,60.02153778076172,341.6419372558594,921.79931640625,-35.358062744140625,-16.20068359375,38.89286422729492
340,679.0,409.0,660.8087158203125,392.2695617675781,23.59296226501465,19.600017547607422,684.4016723632812,411.86956787109375,5.40167236328125,2.86956787109375,6.116574287414551
341,903.0,453.0,922.433349609375,457.6916809082031,26.564098358154297,-20.766061782836914,948.9974365234375,436.9256286621094,45.9974365234375,-16.074371337890625,48.72524642944336
342,576.0,251.0,546.75,267.2916564941406,30.578664779663086,-13.565792083740234,577.3286743164062,253.72586059570312,1.32867431640625,2.725860595703125,3.032439708709717
343,242.0,406.0,131.1041717529297,332.2708435058594,76.18517303466797,38.03974533081055,207.28933715820312,370.3105773925781,-34.710662841796875,-35.689422607421875,49.785186767578125
344,1735.0,356.0,1674.6324462890625,400.29913330078125,51.16975784301758,-15.896089553833008,1725.80224609375,384.4030456542969,-9.19775390625,28.403045654296875,29.855178833007812
345,1328.0,726.0,1286.5833740234375,635.6979370117188,37.807857513427734,76.48477172851562,1324.3912353515625,712.1827392578125,-3.6087646484375,-13.8172607421875,14.280752182006836
346,1642.0,467.0,1619.7142333984375,560.3193359375,-10.73348331451416,-32.746337890625,1608.980712890625,527.572998046875,-33.019287109375,60.572998046875,68.98812103271484
347,1348.0,382.0,1297.9830322265625,401.1355895996094,24.49947166442871,-55.831790924072266,1322.4825439453125,345.3038024902344,-25.5174560546875,-36.696197509765625,44.69621276855469
348,1783.0,838.0,1738.495849609375,840.79833984375,26.556543350219727,40.603172302246094,1765.0523681640625,881.4014892578125,-17.9476318359375,43.4014892578125,46.96601486206055
349,1544.0,723.0,1413.0672607421875,716.3025512695312,105.60889434814453,21.170312881469727,1518.6761474609375,737.4728393554688,-25.3238525390625,14.47283935546875,29.167800903320312
350,1326.0,291.0,1300.230712890625,335.4615478515625,18.247600555419922,-7.057588577270508,1318.478271484375,328.4039611816406,-7.521728515625,37.403961181640625,38.15275573730469
351,1069.0,391.0,1048.218505859375,426.1092529296875,24.847431182861328,-5.286349296569824,1073.06591796875,420.8229064941406,4.06591796875,29.822906494140625,30.09879493713379
352,1430.0,853.0,1316.236328125,863.6363525390625,41.78922653198242,0.1665595918893814,1358.0255126953125,863.8029174804688,-71.9744873046875,10.80291748046875,72.78069305419922
353,789.0,843.0,874.5818481445312,693.8363647460938,-33.78915023803711,108.38947296142578,840.792724609375,802.225830078125,51.792724609375,-40.774169921875,65.91675567626953
354,1522.0,411.0,1455.8037109375,484.9158935546875,106.63008880615234,-53.264190673828125,1562.433837890625,431.6517028808594,40.433837890625,20.651702880859375,45.40251159667969
355,322.0,813.0,290.81512451171875,796.7479248046875,25.829591751098633,21.163589477539062,316.64471435546875,817.9114990234375,-5.35528564453125,4.9114990234375,7.266491889953613
356,698.0,722.0,692.9827880859375,702.862060546875,10.96031665802002,7.729682445526123,703.943115234375,710.5917358398438,5.943115234375,-11.40826416015625,12.863479614257812
357,1753.0,348.0,1706.983154296875,367.420166015625,53.50814437866211,-17.96194839477539,1760.4913330078125,349.4582214355469,7.4913330078125,1.458221435546875,7.631938457489014
358,1362.0,309.0,1336.4000244140625,339.8500061035156,41.036651611328125,-25.824569702148438,1377.4366455078125,314.02545166015625,15.4366455078125,5.02545166015625,16.23407554626465
359,634.0,707.0,633.30908203125,643.9727172851562,-38.33626937866211,32.1533088684082,594.9728393554688,676.1260375976562,-39.02716064453125,-30.87396240234375,49.76264572143555
360,1436.0,663.0,1391.13330078125,620.9583129882812,67.40172576904297,22.016408920288086,1458.5350341796875,642.9747314453125,22.5350341796875,-20.0252685546875,30.14695930480957
361,786.0,808.0,789.0671997070312,740.5546264648438,-36.315486907958984,65.50779724121094,752.751708984375,806.0624389648438,-33.248291015625,-1.93756103515625,33.3046989440918
362,996.0,799.0,992.5897216796875,697.5299072265625,-3.3896968364715576,91.32144927978516,989.2000122070312,788.8513793945312,-6.79998779296875,-10.14862060546875,12.216150283813477
363,319.0,217.0,299.8288269042969,273.0,3.3919856548309326,-33.06411361694336,303.2208251953125,239.93588256835938,-15.7791748046875,22.935882568359375,27.839487075805664
364,276.0,878.0,291.2100830078125,794.4705810546875,25.692535400390625,28.667387008666992,316.9026184082031,823.137939453125,40.902618408203125,-54.862060546875,68.4314956665039
365,1335.0,905.0,1252.5042724609375,872.6239013671875,54.13479232788086,24.2751407623291,1306.6390380859375,896.8990478515625,-28.3609619140625,-8.1009521484375,29.49524688720703
366,239.0,419.0,284.739501953125,459.15966796875,-39.38901901245117,-28.490907669067383,245.35047912597656,430.66876220703125,6.3504791259765625,11.66876220703125,13.28490161895752
367,1523.0,827.0,1455.47900390625,729.4957885742188,36.293678283691406,65.50508880615234,1491.772705078125,795.0008544921875,-31.227294921875,-31.9991455078125,44.71117401123047
368,236.0,175.0,174.65834045410156,208.18333435058594,25.365659713745117,-22.780427932739258,200.0240020751953,185.4029083251953,-35.97599792480469,10.402908325195312,37.44987106323242
369,104.0,945.0,101.16101837158203,912.8051147460938,0.37219318747520447,17.109512329101562,101.53321075439453,929.9146118164062,-2.4667892456054688,-15.08538818359375,15.285744667053223
370,504.0,892.0,542.7142944335938,864.84033203125,-62.454933166503906,22.246723175048828,480.2593688964844,887.0870361328125,-23.740631103515625,-4.9129638671875,24.243654251098633
371,1082.0,687.0,979.0932006835938,726.703369140625,81.02922058105469,-37.7202033996582,1060.1224365234375,688.983154296875,-21.8775634765625,1.983154296875,21.96726417541504
372,1244.0,497.0,1211.0504150390625,462.15966796875,21.267898559570312,6.101545333862305,1232.318359375,468.2611999511719,-11.681640625,-28.738800048828125,31.022239685058594
373,424.0,798.0,410.28448486328125,797.3275756835938,34.35612106323242,22.111331939697266,444.6405944824219,819.4389038085938,20.640594482421875,21.43890380859375,29.760053634643555
374,809.0,663.0,762.4310302734375,689.2930908203125,54.95889663696289,26.158615112304688,817.3899536132812,715.4517211914062,8.38995361328125,52.45172119140625,53.11849594116211
375,1776.0,618.0,1745.5714111328125,609.4033813476562,45.5014533996582,-17.780790328979492,1791.0728759765625,591.6226196289062,15.0728759765625,-26.37738037109375,30.380220413208008
376,1640.0,231.0,1560.6470947265625,343.6134338378906,69.33563232421875,-77.39531707763672,1629.982666015625,266.2181091308594,-10.017333984375,35.218109130859375,36.615055084228516
377,355.0,575.0,364.9830627441406,548.677978515625,-14.757102966308594,-0.5045115947723389,350.2259521484375,548.1734619140625,-4.7740478515625,-26.8265380859375,27.24802017211914
378,769.0,876.0,737.4873657226562,827.8487548828125,11.026857376098633,21.73148536682129,748.5142211914062,849.5802612304688,-20.48577880859375,-26.41973876953125,33.43156814575195
379,1803.0,904.0,1690.09326171875,879.7373046875,52.217071533203125,48.91322708129883,1742.310302734375,928.6505126953125,-60.689697265625,24.6505126953125,65.50486755371094
380,988.0,703.0,1019.4957885742188,684.0756225585938,-25.51972198486328,17.018014907836914,993.97607421875,701.0936279296875,5.97607421875,-1.9063720703125,6.272775650024414
381,1153.0,393.0,1163.2353515625,461.7310791015625,18.606122970581055,-56.40434646606445,1181.8414306640625,405.32672119140625,28.8414306640625,12.32672119140625,31.365205764770508
382,1586.0,140.0,1579.18798828125,236.3247833251953,9.577949523925781,-53.99000549316406,1588.7659912109375,182.33477783203125,2.7659912109375,42.33477783203125,42.42504119873047
383,1799.0,889.0,1846.8125,952.5267944335938,-25.90584373474121,-55.803924560546875,1820.9066162109375,896.722900390625,21.9066162109375,7.722900390625,23.228065490722656
384,304.0,213.0,307.1764831542969,238.30252075195312,-3.5180561542510986,-31.45914077758789,303.6584167480469,206.8433837890625,-0.341583251953125,-6.1566162109375,6.1660847663879395
385,110.0,463.0,112.81034851074219,497.96551513671875,-16.445920944213867,0.651364803314209,96.36442565917969,498.61688232421875,-13.635574340820312,35.61688232421875,38.13779067993164
386,883.0,526.0,813.885986328125,484.877197265625,62.723655700683594,-17.426998138427734,876.609619140625,467.4501953125,-6.390380859375,-58.5498046875,58.89750671386719
387,784.0,293.0,634.4576416015625,365.44915771484375,123.43440246582031,-58.35586166381836,757.8920288085938,307.0932922363281,-26.10797119140625,14.093292236328125,29.66895866394043
388,654.0,160.0,648.3304443359375,247.81739807128906,33.259429931640625,-70.2364730834961,681.58984375,177.5809326171875,27.58984375,17.5809326171875,32.715267181396484
389,1303.0,113.0,1216.79833984375,130.97479248046875,61.80194091796875,-41.48857116699219,1278.600341796875,89.48622131347656,-24.399658203125,-23.513778686523438,33.88570785522461
390,495.0,691.0,532.7017822265625,711.9122924804688,3.226236343383789,28.332380294799805,535.9280395507812,740.2446899414062,40.92803955078125,49.24468994140625,64.03236389160156
391,1074.0,197.0,985.5614013671875,305.25439453125,50.400794982910156,-81.00650024414062,1035.962158203125,224.24789428710938,-38.037841796875,27.247894287109375,46.790225982666016
392,697.0,868.0,705.584716796875,847.0,-14.754794120788574,31.872236251831055,690.8298950195312,878.8722534179688,-6.17010498046875,10.87225341796875,12.501043319702148
393,777.0,936.0,765.2666625976562,896.0999755859375,49.163516998291016,7.711835861206055,814.43017578125,903.8118286132812,37.43017578125,-32.18817138671875,49.36695861816406
394,1256.0,221.0,1257.2269287109375,242.11764526367188,22.534076690673828,-19.985801696777344,1279.760986328125,222.1318359375,23.760986328125,1.1318359375,23.787927627563477
395,552.0,197.0,530.974365234375,236.5128173828125,-6.743217468261719,-38.06208419799805,524.2311401367188,198.4507293701172,-27.76885986328125,1.4507293701171875,27.80672836303711
396,1028.0,424.0,987.84033203125,440.8319396972656,1.6893810033798218,-15.832172393798828,989.5297241210938,424.999755859375,-38.47027587890625,0.999755859375,38.4832649230957
397,341.0,532.0,357.28570556640625,450.0168151855469,22.725404739379883,27.28955841064453,380.0111083984375,477.3063659667969,39.0111083984375,-54.693634033203125,67.18080139160156
398,1370.0,644.0,1326.260498046875,713.3361206054688,31.997880935668945,-60.920204162597656,1358.2584228515625,652.4158935546875,-11.7415771484375,8.4158935546875,14.446172714233398
399,1816.0,899.0,1708.4700927734375,771.5640869140625,81.28340911865234,91.29613494873047,1789.7535400390625,862.8602294921875,-26.2464599609375,-36.1397705078125,44.66497039794922
400,299.0,928.0,260.6495666503906,844.6581420898438,8.709953308105469,73.73237609863281,269.3595275878906,918.3905029296875,-29.640472412109375,-9.6094970703125,31.159269332885742
401,1753.0,506.0,1695.2940673828125,541.15966796875,44.6447639465332,-35.247982025146484,1739.9388427734375,505.91168212890625,-13.0611572265625,-0.08831787109375,13.061455726623535
402,1441.0,567.0,1430.4537353515625,588.8739624023438,9.77578353881836,-7.371387004852295,1440.2294921875,581.5025634765625,-0.7705078125,14.5025634765625,14.523016929626465
403,1041.0,975.0,999.6470336914062,876.5546264648438,-1.214966893196106,102.21041107177734,998.4320678710938,978.7650146484375,-42.56793212890625,3.7650146484375,42.734107971191406
404,1576.0,641.0,1496.27587890625,639.6465454101562,71.79869842529297,28.939929962158203,1568.0745849609375,668.5864868164062,-7.9254150390625,27.58648681640625,28.702377319335938
405,887.0,913.0,871.1025390625,848.2649536132812,10.234204292297363,28.953636169433594,881.3367309570312,877.2185668945312,-5.66326904296875,-35.78143310546875,36.22683334350586
406,717.0,566.0,664.0166625976562,545.9249877929688,26.350191116333008,26.95049285888672,690.3668823242188,572.87548828125,-26.63311767578125,6.87548828125,27.506277084350586
407,1248.0,473.0,1139.058349609375,569.0,81.82528686523438,-51.20429229736328,1220.8836669921875,517.7957153320312,-27.1163330078125,44.79571533203125,52.3636474609375
408,1369.0,979.0,1244.79833984375,979.2772827148438,78.0722885131836,13.086607933044434,1322.87060546875,992.3638916015625,-46.12939453125,13.3638916015625,48.026187896728516
409,1227.0,687.0,1151.50439453125,611.478271484375,39.80451583862305,43.5516242980957,1191.3089599609375,655.0299072265625,-35.6910400390625,-31.9700927734375,47.91593933105469
410,1694.0,677.0,1642.971923828125,820.7756958007812,26.882102966308594,-101.48648071289062,1669.85400390625,719.2891845703125,-24.14599609375,42.2891845703125,48.69706726074219
411,924.0,360.0,883.7657470703125,381.0450439453125,20.537412643432617,-24.220813751220703,904.3031616210938,356.82421875,-19.69683837890625,-3.17578125,19.951215744018555
412,1573.0,764.0,1540.72412109375,838.4827880859375,38.039432525634766,-63.011871337890625,1578.7635498046875,775.470947265625,5.7635498046875,11.470947265625,12.837489128112793
413,518.0,323.0,509.1891784667969,297.92791748046875,44.156166076660156,-24.298002243041992,553.3453369140625,273.6299133300781,35.3453369140625,-49.370086669921875,60.71818542480469
414,554.0,329.0,485.8288269042969,336.79278564453125,3.2287604808807373,7.874680995941162,489.0575866699219,344.66748046875,-64.94241333007812,15.66748046875,66.80558776855469
415,1316.0,185.0,1311.7166748046875,203.8333282470703,9.330144882202148,-33.293880462646484,1321.046875,170.53944396972656,5.046875,-14.460556030273438,15.315959930419922
416,1614.0,772.0,1598.99169921875,811.4749755859375,15.22932243347168,-26.866924285888672,1614.2210693359375,784.6080322265625,0.2210693359375,12.6080322265625,12.609970092773438
417,622.0,469.0,625.3277587890625,495.76470947265625,5.965259075164795,-11.709722518920898,631.2930297851562,484.05499267578125,9.29302978515625,15.05499267578125,17.69217872619629
418,385.0,156.0,375.4871826171875,180.86325073242188,10.397909164428711,-32.11573791503906,385.8851013183594,148.7475128173828,0.885101318359375,-7.2524871826171875,7.3062968254089355
419,783.0,553.0,807.8583374023438,537.8916625976562,-18.495790481567383,27.975706100463867,789.362548828125,565.8673706054688,6.362548828125,12.86737060546875,14.354485511779785
420,342.0,972.0,309.56781005859375,806.3305053710938,34.02781677246094,152.19854736328125,343.59564208984375,958.529052734375,1.59564208984375,-13.470947265625,13.565120697021484
421,1393.0,276.0,1264.1912841796875,371.22607421875,48.76011276245117,-100.47172546386719,1312.951416015625,270.75433349609375,-80.048583984375,-5.24566650390625,80.22027587890625
422,435.0,142.0,423.0420227050781,164.32772827148438,11.665627479553223,-53.36185836791992,434.7076416015625,110.96586608886719,-0.2923583984375,-31.034133911132812,31.035511016845703
423,1077.0,806.0,1174.6990966796875,742.8760986328125,-27.78201675415039,32.679664611816406,1146.9171142578125,775.5557861328125,69.9171142578125,-30.4442138671875,76.25780487060547
424,1162.0,920.0,1060.216552734375,932.2783203125,58.83563232421875,2.9280080795288086,1119.05224609375,935.206298828125,-42.94775390625,15.206298828125,45.560298919677734
425,180.0,504.0,273.3999938964844,531.30908203125,-51.299591064453125,0.09361356496810913,222.10040283203125,531.4027099609375,42.10040283203125,27.4027099609375,50.23298263549805
426,456.0,949.0,429.6583251953125,975.3583374023438,4.687606334686279,-7.969351291656494,434.3459167480469,967.3889770507812,-21.654083251953125,18.38897705078125,28.40869140625
427,1435.0,130.0,1425.2269287109375,155.04202270507812,15.895856857299805,-18.268665313720703,1441.122802734375,136.7733612060547,6.122802734375,6.7733612060546875,9.130560874938965
428,1038.0,910.0,1043.6949462890625,934.5762939453125,23.626218795776367,-31.683486938476562,1067.3211669921875,902.892822265625,29.3211669921875,-7.107177734375,30.170230865478516
429,1573.0,141.0,1520.75,171.54347229003906,2.045952796936035,-30.420917510986328,1522.7958984375,141.12255859375,-50.2041015625,0.12255859375,50.204254150390625
430,1100.0,914.0,938.7796630859375,897.5508422851562,78.95689392089844,19.047840118408203,1017.736572265625,916.5986938476562,-82.263427734375,2.59869384765625,82.3044662475586
431,1037.0,854.0,1012.2566528320312,770.7433471679688,49.83302688598633,55.718658447265625,1062.0897216796875,826.4620361328125,25.0897216796875,-27.5379638671875,37.253639221191406
432,177.0,738.0,-4.476190567016602,803.2952270507812,175.81053161621094,-59.3317985534668,171.33433532714844,743.9634399414062,-5.6656646728515625,5.96343994140625,8.225713729858398
433,425.0,202.0,342.9916076660156,230.05882263183594,68.43876647949219,-15.773630142211914,411.43035888671875,214.28518676757812,-13.56964111328125,12.285186767578125,18.304670333862305
434,147.0,937.0,102.46666717529297,908.816650390625,42.270591735839844,31.32270050048828,144.7372589111328,940.1393432617188,-2.2627410888671875,3.13934326171875,3.8698155879974365
435,1459.0,219.0,1410.3529052734375,204.11764526367188,20.807294845581055,-13.084705352783203,1431.16015625,191.03294372558594,-27.83984375,-27.967056274414062,39.46154022216797
436,700.0,174.0,663.059326171875,243.7118682861328,35.129852294921875,-89.57488250732422,698.189208984375,154.13699340820312,-1.810791015625,-19.863006591796875,19.945375442504883
437,1130.0,640.0,1061.6016845703125,609.6610107421875,43.997623443603516,21.459644317626953,1105.599365234375,631.1206665039062,-24.400634765625,-8.87933349609375,25.96600914001465
438,1776.0,843.0,1660.6363525390625,947.834716796875,78.7042236328125,-78.56767272949219,1739.340576171875,869.2670288085938,-36.659423828125,26.26702880859375,45.09844970703125
439,1616.0,440.0,1551.5125732421875,438.6470642089844,51.85179901123047,-34.62480163574219,1603.3643798828125,404.02227783203125,-12.6356201171875,-35.97772216796875,38.132080078125
440,1412.0,632.0,1330.767822265625,683.5446166992188,70.68270111083984,-77.16161346435547,1401.4505615234375,606.3829956054688,-10.5494384765625,-25.61700439453125,27.704179763793945
441,1242.0,809.0,1225.6270751953125,871.5678100585938,36.90770721435547,-36.20918273925781,1262.5347900390625,835.358642578125,20.5347900390625,26.358642578125,33.41340637207031
442,1256.0,285.0,1254.8333740234375,323.17498779296875,19.248775482177734,-49.19440841674805,1274.0821533203125,273.9805908203125,18.0821533203125,-11.0194091796875,21.175260543823242
443,568.0,120.0,597.1932983398438,229.1764678955078,5.373353481292725,-53.7073974609375,602.566650390625,175.4690704345703,34.566650390625,55.46907043457031,65.35802459716797
444,1083.0,916.0,1044.9075927734375,826.3949584960938,11.455352783203125,70.22991180419922,1056.3629150390625,896.6248779296875,-26.6370849609375,-19.3751220703125,32.938270568847656
445,756.0,973.0,720.1181640625,777.4363403320312,8.817728996276855,167.6884002685547,728.9359130859375,945.124755859375,-27.0640869140625,-27.875244140625,38.85220718383789
446,662.0,186.0,595.0840454101562,156.89076232910156,57.849334716796875,2.7288317680358887,652.933349609375,159.61959838867188,-9.066650390625,-26.380401611328125,27.894977569580078
447,260.0,744.0,181.2436981201172,758.2268676757812,57.15578079223633,-24.486988067626953,238.39947509765625,733.7398681640625,-21.60052490234375,-10.2601318359375,23.913448333740234
448,151.0,309.0,95.58474731445312,331.6440734863281,36.20134353637695,-8.661508560180664,131.7860870361328,322.9825744628906,-19.213912963867188,13.982574462890625,23.763139724731445
449,887.0,804.0,864.9328002929688,725.9328002929688,12.389163970947266,43.764400482177734,877.3219604492188,769.6972045898438,-9.67803955078125,-34.30279541015625,35.64191436767578
450,856.0,210.0,842.6302490234375,239.95797729492188,23.01949119567871,-41.2148551940918,865.6497192382812,198.7431182861328,9.64971923828125,-11.256881713867188,14.826815605163574
451,1381.0,331.0,1328.7579345703125,370.7579040527344,45.828250885009766,-35.75926971435547,1374.586181640625,334.9986267089844,-6.413818359375,3.998626708984375,7.55817985534668
452,952.0,875.0,910.8571166992188,830.5462036132812,18.63286018371582,47.65212631225586,929.489990234375,878.1983032226562,-22.510009765625,3.19830322265625,22.736087799072266
453,255.0,887.0,347.45379638671875,790.6554565429688,-38.68233108520508,62.23931121826172,308.7714538574219,852.894775390625,53.771453857421875,-34.105224609375,63.67523193359375
454,1390.0,951.0,1364.655517578125,918.1512451171875,38.346073150634766,-15.742228507995605,1403.0015869140625,902.4089965820312,13.0015869140625,-48.59100341796875,50.30036544799805
455,212.0,237.0,190.81512451171875,221.7899169921875,2.0032734870910645,-4.9912109375,192.8184051513672,216.7987060546875,-19.181594848632812,-20.2012939453125,27.857240676879883
456,904.0,963.0,856.739501953125,952.1344604492188,36.93065643310547,1.3715852499008179,893.670166015625,953.5060424804688,-10.329833984375,-9.49395751953125,14.029993057250977
457,1652.0,765.0,1595.0250244140625,739.683349609375,42.251625061035156,14.21627426147461,1637.276611328125,753.8995971679688,-14.723388671875,-11.10040283203125,18.439010620117188
458,857.0,437.0,878.0084228515625,480.52099609375,-0.41817203164100647,-17.843286514282227,877.5902709960938,462.6777038574219,20.59027099609375,25.677703857421875,32.913578033447266
459,771.0,912.0,656.15625,802.0208129882812,54.763214111328125,29.042282104492188,710.91943359375,831.0631103515625,-60.08056640625,-80.9368896484375,100.79907989501953
460,859.0,646.0,853.9915161132812,546.2796630859375,19.858537673950195,57.781524658203125,873.8500366210938,604.0611572265625,14.85003662109375,-41.9388427734375,44.49033737182617
461,1671.0,961.0,1571.6302490234375,942.2268676757812,81.4441146850586,9.741205215454102,1653.0743408203125,951.9680786132812,-17.9256591796875,-9.03192138671875,20.072490692138672
462,168.0,429.0,144.0,477.4691467285156,36.0472412109375,-23.97486114501953,180.0472412109375,453.4942932128906,12.0472412109375,24.494293212890625,27.29663848876953
463,444.0,695.0,456.6140441894531,654.7719116210938,-20.068408966064453,8.429967880249023,436.5456237792969,663.201904296875,-7.454376220703125,-31.798095703125,32.6601676940918
464,1031.0,611.0,989.7777709960938,520.8375854492188,32.44874954223633,47.1268424987793,1022.2265014648438,567.9644165039062,-8.77349853515625,-43.03558349609375,43.9207878112793
465,1031.0,605.0,935.1356201171875,618.1948852539062,48.72728729248047,-17.85117530822754,983.8629150390625,600.3436889648438,-47.1370849609375,-4.65631103515625,47.36650466918945
466,528.0,474.0,635.2301025390625,513.3009033203125,-54.61018753051758,-12.639345169067383,580.6199340820312,500.66156005859375,52.61993408203125,26.66156005859375,58.988948822021484
467,1468.0,394.0,1345.322021484375,479.3559265136719,47.333072662353516,-89.94976043701172,1392.6551513671875,389.4061584472656,-75.3448486328125,-4.593841552734375,75.4847640991211
468,1150.0,563.0,1084.2626953125,647.7711791992188,48.645301818847656,-72.4799575805664,1132.907958984375,575.2911987304688,-17.092041015625,12.29119873046875,21.052587509155273
469,552.0,380.0,546.8363647460938,418.2272644042969,6.927807807922363,-44.78528594970703,553.76416015625,373.4419860839844,1.76416015625,-6.558013916015625,6.791156768798828
470,126.0,903.0,178.76470947265625,822.8151245117188,-29.04377555847168,66.60577392578125,149.72093200683594,889.4208984375,23.720932006835938,-13.5791015625,27.332666397094727
471,1610.0,135.0,1646.5999755859375,152.69166564941406,-1.3358080387115479,-28.34389877319336,1645.26416015625,124.34776306152344,35.26416015625,-10.652236938476562,36.8379020690918
472,1131.0,113.0,1097.42724609375,165.2181854248047,9.652735710144043,-51.213218688964844,1107.0799560546875,114.00496673583984,-23.9200439453125,1.0049667358398438,23.941144943237305
473,754.0,506.0,756.6666870117188,521.6333618164062,4.4336090087890625,-10.942719459533691,761.1002807617188,510.6906433105469,7.10028076171875,4.690643310546875,8.509766578674316
474,1774.0,313.0,1746.1949462890625,332.2796630859375,40.186431884765625,-39.80835723876953,1786.38134765625,292.4713134765625,12.38134765625,-20.5286865234375,23.973417282104492
475,786.0,323.0,831.8235473632812,382.8823547363281,-0.47168564796447754,-54.72242736816406,831.3518676757812,328.159912109375,45.35186767578125,5.159912109375,45.64445877075195
476,312.0,309.0,291.1333312988281,332.57501220703125,3.1050877571105957,-30.842060089111328,294.2384338378906,301.7329406738281,-17.761566162109375,-7.267059326171875,19.190710067749023
477,141.0,975.0,130.26785278320312,993.7857055664062,11.538135528564453,-46.717323303222656,141.8059844970703,947.068359375,0.8059844970703125,-27.931640625,27.943267822265625
478,337.0,830.0,352.4033508300781,817.3697509765625,-12.39654541015625,8.68690299987793,340.0068054199219,826.056640625,3.006805419921875,-3.943359375,4.958927631378174
479,1147.0,263.0,1153.3333740234375,252.0500030517578,-0.9697549343109131,-11.165754318237305,1152.3636474609375,240.88424682617188,5.3636474609375,-22.115753173828125,22.756872177124023
480,157.0,529.0,166.632080078125,537.1132202148438,-0.030827708542346954,28.9121150970459,166.60125732421875,566.0253295898438,9.60125732421875,37.02532958984375,38.24995803833008
481,1048.0,327.0,908.0614013671875,397.6842041015625,27.394649505615234,-62.935935974121094,935.4560546875,334.7482604980469,-112.5439453125,7.748260498046875,112.81034851074219
482,724.0,509.0,737.6864624023438,470.6355895996094,-27.42181396484375,19.279203414916992,710.2646484375,489.914794921875,-13.7353515625,-19.085205078125,23.51392936706543
483,430.0,927.0,402.3038024902344,909.911376953125,19.510658264160156,11.017334938049316,421.814453125,920.9287109375,-8.185546875,-6.0712890625,10.19135570526123
484,646.0,587.0,644.0833129882812,606.0916748046875,13.225902557373047,-6.367734909057617,657.3092041015625,599.7239379882812,11.3092041015625,12.72393798828125,17.02341651916504
485,1436.0,955.0,1254.465576171875,1041.42236328125,105.7123794555664,-72.63164520263672,1360.177978515625,968.7907104492188,-75.822021484375,13.79071044921875,77.06596374511719
486,1418.0,780.0,1389.638671875,758.9075927734375,45.437721252441406,22.557506561279297,1435.076416015625,781.465087890625,17.076416015625,1.465087890625,17.139150619506836
487,1149.0,661.0,1095.803466796875,777.2136840820312,95.20736694335938,-51.044593811035156,1191.0108642578125,726.1690673828125,42.0108642578125,65.1690673828125,77.53657531738281
488,1738.0,107.0,1687.9910888671875,154.5,47.87430191040039,-79.15754699707031,1735.8653564453125,75.34245300292969,-2.1346435546875,-31.657546997070312,31.729433059692383
489,1194.0,196.0,1156.6302490234375,225.9832000732422,0.269857794046402,-27.002561569213867,1156.900146484375,198.9806365966797,-37.099853515625,2.9806365966796875,37.21939468383789
490,1413.0,610.0,1322.74560546875,620.9210815429688,15.52248764038086,-29.144060134887695,1338.26806640625,591.7770385742188,-74.73193359375,-18.22296142578125,76.92163848876953
491,929.0,192.0,874.375,246.74166870117188,52.272117614746094,-55.68604278564453,926.6470947265625,191.05563354492188,-2.3529052734375,-0.944366455078125,2.535348415374756
492,1481.0,104.0,1497.3018798828125,292.367919921875,25.142234802246094,-144.89820861816406,1522.444091796875,147.46971130371094,41.444091796875,43.46971130371094,60.06020736694336
493,471.0,168.0,480.3865661621094,171.94117736816406,-5.314121246337891,-9.827625274658203,475.07244873046875,162.11355590820312,4.07244873046875,-5.886444091796875,7.157866954803467
494,1562.0,570.0,1555.56298828125,563.1680908203125,1.9092390537261963,-24.279888153076172,1557.47216796875,538.88818359375,-4.52783203125,-31.11181640625,31.43956756591797
495,170.0,214.0,117.75,237.9166717529297,48.49448013305664,-17.90755844116211,166.24447631835938,220.0091094970703,-3.755523681640625,6.0091094970703125,7.0861382484436035
496,1769.0,417.0,1701.33642578125,610.364501953125,81.63928985595703,-196.96603393554688,1782.9757080078125,413.3984680175781,13.9757080078125,-3.601531982421875,14.432306289672852
497,461.0,361.0,399.0583190917969,397.2916564941406,-6.175405502319336,-17.529943466186523,392.8829040527344,379.76171875,-68.11709594726562,18.76171875,70.65367126464844
498,1001.0,139.0,975.4705810546875,172.0756378173828,31.94329071044922,-19.45262908935547,1007.4138793945312,152.62301635742188,6.41387939453125,13.623016357421875,15.057371139526367
499,864.0,801.0,912.01220703125,666.4755859375,-44.068763732910156,96.98139190673828,867.9434204101562,763.4569702148438,3.94342041015625,-37.54302978515625,37.74956512451172
500,1563.0,601.0,1559.9727783203125,754.9545288085938,41.18890380859375,-130.689208984375,1601.16162109375,624.2653198242188,38.16162109375,23.26531982421875,44.69434356689453
501,509.0,675.0,546.9075927734375,671.7647094726562,-37.53542709350586,6.518009185791016,509.3721618652344,678.28271484375,0.372161865234375,3.28271484375,3.303743600845337
502,100.0,867.0,-19.453781127929688,805.739501953125,106.4503173828125,43.434715270996094,86.99653625488281,849.1741943359375,-13.003463745117188,-17.8258056640625,22.064664840698242
503,803.0,743.0,810.25,679.941650390625,20.35542869567871,37.397239685058594,830.6054077148438,717.3388671875,27.60540771484375,-25.6611328125,37.690216064453125
504,1393.0,578.0,1366.4454345703125,587.781494140625,28.968597412109375,-0.6189391016960144,1395.4140625,587.1625366210938,2.4140625,9.16253662109375,9.475218772888184
505,280.0,526.0,330.19091796875,629.3545532226562,22.360431671142578,-75.80916595458984,352.5513610839844,553.54541015625,72.55136108398438,27.54541015625,77.60444641113281
506,860.0,960.0,889.4117431640625,925.2000122070312,-6.85485315322876,45.86829376220703,882.556884765625,971.0682983398438,22.556884765625,11.06829833984375,25.126087188720703
507,1303.0,936.0,1296.939697265625,938.8965454101562,9.54114055633545,5.221076965332031,1306.4808349609375,944.1176147460938,3.4808349609375,8.11761474609375,8.832433700561523
508,156.0,660.0,185.70269775390625,629.630615234375,-23.427845001220703,30.558563232421875,162.2748565673828,660.189208984375,6.2748565673828125,0.189208984375,6.277708530426025
509,959.0,682.0,944.0338745117188,754.4661254882812,36.59410858154297,-11.505619049072266,980.6279907226562,742.9605102539062,21.62799072265625,60.96051025390625,64.68348693847656
510,1814.0,715.0,1650.8544921875,830.963623046875,126.8858413696289,-88.01311492919922,1777.7403564453125,742.9505004882812,-36.2596435546875,27.95050048828125,45.78200912475586
511,717.0,345.0,758.5126342773438,344.7815246582031,-4.665406227111816,-10.147335052490234,753.8472290039062,334.6341857910156,36.84722900390625,-10.365814208984375,38.27751922607422
512,1604.0,576.0,1589.5909423828125,728.5818481445312,23.122739791870117,-141.07009887695312,1612.713623046875,587.51171875,8.713623046875,11.51171875,14.437689781188965
513,927.0,778.0,879.0093383789062,804.3738403320312,12.882800102233887,6.314696311950684,891.8921508789062,810.6885375976562,-35.10784912109375,32.68853759765625,47.96979904174805
514,157.0,489.0,194.2100830078125,516.6974487304688,-57.67169189453125,-43.00050735473633,136.53839111328125,473.6969299316406,-20.46160888671875,-15.303070068359375,25.5511531829834
515,957.0,261.0,928.9166870117188,299.3500061035156,28.49997329711914,-33.490638732910156,957.4166870117188,265.859375,0.41668701171875,4.859375,4.8772077560424805
516,448.0,478.0,564.6470336914062,456.4033508300781,-37.20060348510742,4.022873878479004,527.4464111328125,460.4262390136719,79.4464111328125,-17.573760986328125,81.36688232421875
517,821.0,163.0,786.3898315429688,188.9067840576172,10.538802146911621,-16.75483512878418,796.9286499023438,172.15194702148438,-24.07135009765625,9.151947021484375,25.7524356842041
518,1365.0,217.0,1368.9075927734375,227.02520751953125,2.1796176433563232,-26.68340301513672,1371.087158203125,200.341796875,6.087158203125,-16.658203125,17.735536575317383
519,732.0,205.0,790.3793334960938,250.44827270507812,15.733207702636719,-3.9862899780273438,806.112548828125,246.46197509765625,74.112548828125,41.46197509765625,84.92211151123047
520,749.0,230.0,756.2796630859375,295.6610107421875,9.914359092712402,-21.899179458618164,766.1940307617188,273.7618408203125,17.19403076171875,43.7618408203125,47.018436431884766
521,1529.0,804.0,1504.4127197265625,767.2063598632812,15.389615058898926,9.193316459655762,1519.8023681640625,776.399658203125,-9.1976318359375,-27.600341796875,29.092529296875
522,1386.0,858.0,1329.3707275390625,777.836181640625,56.53593063354492,39.04696273803711,1385.9066162109375,816.8831176757812,-0.0933837890625,-41.11688232421875,41.11698913574219
523,1164.0,718.0,1176.537841796875,698.6470336914062,0.3870064318180084,16.310102462768555,1176.9248046875,714.9571533203125,12.9248046875,-3.0428466796875,13.278158187866211
524,1125.0,611.0,1086.2342529296875,687.5765991210938,54.658966064453125,-60.45283508300781,1140.8931884765625,627.123779296875,15.8931884765625,16.123779296875,22.640003204345703
525,822.0,255.0,782.6896362304688,349.71551513671875,45.83411407470703,-108.4628677368164,828.5237426757812,241.25265502929688,6.52374267578125,-13.747344970703125,15.216724395751953
526,383.0,754.0,394.8644104003906,722.940673828125,-3.5817809104919434,19.851810455322266,391.2826232910156,742.79248046875,8.282623291015625,-11.20751953125,13.93593692779541
527,469.0,971.0,465.1525573730469,946.4576416015625,-11.20200252532959,20.090099334716797,453.9505615234375,966.5477294921875,-15.0494384765625,-4.4522705078125,15.694211959838867
528,579.0,827.0,620.8389892578125,792.2711791992188,-37.327762603759766,26.660064697265625,583.51123046875,818.9312744140625,4.51123046875,-8.0687255859375,9.244215965270996
529,1412.0,637.0,1386.2347412109375,653.4347534179688,27.510377883911133,22.968887329101562,1413.7451171875,676.4036254882812,1.7451171875,39.40362548828125,39.4422492980957
530,955.0,631.0,909.3247680664062,646.1624145507812,63.761539459228516,-24.30185890197754,973.0863037109375,621.8605346679688,18.0863037109375,-9.13946533203125,20.264358520507812
531,289.0,305.0,252.7610626220703,330.3893737792969,-12.973099708557129,-24.65625762939453,239.7879638671875,305.7331237792969,-49.2120361328125,0.733123779296875,49.21749496459961
532,622.0,800.0,596.1926879882812,845.82568359375,28.266834259033203,2.0247292518615723,624.4595336914062,847.8504028320312,2.45953369140625,47.85040283203125,47.91357421875
533,1813.0,147.0,1708.691650390625,224.25,80.64414978027344,-74.43453979492188,1789.3358154296875,149.81546020507812,-23.6641845703125,2.815460205078125,23.83108139038086
534,105.0,171.0,98.4299087524414,234.25233459472656,13.521039962768555,-42.33820343017578,111.9509506225586,191.91412353515625,6.950950622558594,20.91412353515625,22.038970947265625
535,1637.0,500.0,1507.144287109375,396.44329833984375,85.060546875,30.057043075561523,1592.204833984375,426.5003356933594,-44.795166015625,-73.49966430664062,86.07443237304688
536,760.0,139.0,729.3305053710938,197.07627868652344,32.676055908203125,-52.205528259277344,762.006591796875,144.87075805664062,2.006591796875,5.870758056640625,6.204208850860596
537,1502.0,161.0,1344.8050537109375,225.53390502929688,74.20748901367188,-91.53668975830078,1419.0125732421875,133.99722290039062,-82.9874267578125,-27.002777099609375,87.27005767822266
538,466.0,156.0,437.5258483886719,223.33621215820312,20.41427993774414,-71.49987030029297,457.94012451171875,151.83633422851562,-8.05987548828125,-4.163665771484375,9.071808815002441
539,113.0,113.0,-3.117647171020508,179.37815856933594,94.73136901855469,-51.05215835571289,91.61372375488281,128.3260040283203,-21.386276245117188,15.326004028320312,26.310819625854492
540,111.0,892.0,207.59483337402344,839.7069091796875,-53.53959274291992,18.49302101135254,154.05523681640625,858.199951171875,43.05523681640625,-33.800048828125,54.737525939941406
541,1700.0,730.0,1851.3760986328125,803.1926879882812,-17.162872314453125,-24.467403411865234,1834.2132568359375,778.7252807617188,134.2132568359375,48.72528076171875,142.78428649902344
542,1816.0,359.0,1792.8729248046875,407.06781005859375,11.359203338623047,-23.373886108398438,1804.232177734375,383.69390869140625,-11.767822265625,24.69390869140625,27.354537963867188
543,205.0,855.0,178.0357208251953,795.625,48.755611419677734,5.867471694946289,226.7913360595703,801.4924926757812,21.791336059570312,-53.50750732421875,57.77470016479492
544,1685.0,589.0,1677.01708984375,601.7948608398438,12.211808204650879,-56.54820251464844,1689.2288818359375,545.2466430664062,4.2288818359375,-43.75335693359375,43.95724868774414
545,1433.0,603.0,1398.068359375,619.7777709960938,45.5271110534668,-24.951539993286133,1443.595458984375,594.8262329101562,10.595458984375,-8.17376708984375,13.381861686706543
546,210.0,675.0,53.445377349853516,650.3109130859375,127.43525695800781,20.551057815551758,180.88063049316406,670.8619995117188,-29.119369506835938,-4.13800048828125,29.411914825439453
547,1402.0,857.0,1343.941650390625,898.4583129882812,69.84956359863281,-15.966592788696289,1413.791259765625,882.49169921875,11.791259765625,25.49169921875,28.086660385131836
548,1138.0,341.0,1056.05322265625,362.82977294921875,24.062227249145508,-12.298624038696289,1080.115478515625,350.5311584472656,-57.884521484375,9.531158447265625,58.66396713256836
549,321.0,489.0,414.2301025390625,557.0885009765625,-10.852437019348145,-54.09638977050781,403.3776550292969,502.99212646484375,82.37765502929688,13.99212646484375,83.55751037597656
550,1161.0,943.0,1012.25,932.336181640625,65.62332153320312,-1.1133946180343628,1077.873291015625,931.2227783203125,-83.126708984375,-11.7772216796875,83.95684814453125
551,731.0,877.0,765.413818359375,808.0459594726562,-12.03596305847168,52.453208923339844,753.3778686523438,860.4991455078125,22.37786865234375,-16.5008544921875,27.803726196289062
552,619.0,566.0,669.8135375976562,531.7373046875,-20.32540512084961,23.98307991027832,649.4881591796875,555.7203979492188,30.4881591796875,-10.27960205078125,32.17449188232422
553,1540.0,117.0,1575.9664306640625,310.0168151855469,-5.674297332763672,-116.0145034790039,1570.2921142578125,194.0023193359375,30.2921142578125,77.0023193359375,82.74641418457031
554,1807.0,356.0,1698.6470947265625,334.1764831542969,60.88959503173828,-8.400127410888672,1759.5367431640625,325.7763671875,-47.4632568359375,-30.2236328125,56.26925277709961
555,333.0,740.0,277.16522216796875,684.9478149414062,-8.971454620361328,17.270992279052734,268.1937561035156,702.2188110351562,-64.80624389648438,-37.78118896484375,75.0151138305664
556,1281.0,228.0,1287.420166015625,273.0672302246094,14.36594009399414,-45.853118896484375,1301.7861328125,227.214111328125,20.7861328125,-0.785888671875,20.800983428955078
557,1686.0,889.0,1620.8739013671875,996.810791015625,83.7303237915039,-124.92347717285156,1704.604248046875,871.8873291015625,18.604248046875,-17.1126708984375,25.27768898010254
558,1084.0,750.0,1047.675048828125,721.7750244140625,-3.016160488128662,19.357938766479492,1044.658935546875,741.1329345703125,-39.341064453125,-8.8670654296875,40.32795715332031
559,1070.0,640.0,960.6808471679688,553.7446899414062,55.000823974609375,7.781857490539551,1015.681640625,561.5265502929688,-54.318359375,-78.47344970703125,95.43881225585938
560,1239.0,639.0,1239.466064453125,690.0932006835938,34.94700622558594,-71.17375946044922,1274.4130859375,618.91943359375,35.4130859375,-20.08056640625,40.71014404296875
561,645.0,728.0,671.5042114257812,735.3445434570312,10.473013877868652,-3.791764259338379,681.9772338867188,731.5527954101562,36.97723388671875,3.55279541015625,37.147518157958984
562,941.0,458.0,968.8499755859375,453.5333251953125,5.7119951248168945,14.927938461303711,974.5619506835938,468.4612731933594,33.56195068359375,10.461273193359375,35.15455627441406
563,1209.0,480.0,1204.4298095703125,424.5789489746094,7.624215126037598,44.24806213378906,1212.0540771484375,468.8270263671875,3.0540771484375,-11.1729736328125,11.582862854003906
564,1688.0,223.0,1603.420166015625,230.5294189453125,58.83626937866211,-4.083707809448242,1662.2564697265625,226.44570922851562,-25.7435302734375,3.445709228515625,25.973106384277344
565,904.0,607.0,910.875,657.8583374023438,-0.39229077100753784,-43.22908401489258,910.4827270507812,614.6292724609375,6.48272705078125,7.6292724609375,10.011570930480957
566,1369.0,534.0,1335.9747314453125,505.02520751953125,55.14915466308594,4.3291449546813965,1391.1239013671875,509.3543395996094,22.1239013671875,-24.645660400390625,33.11911392211914
567,1199.0,321.0,1039.916015625,346.2100830078125,105.88336944580078,0.3795139491558075,1145.7994384765625,346.589599609375,-53.2005615234375,25.589599609375,59.034969329833984
568,482.0,813.0,453.18487548828125,774.5714111328125,-18.719228744506836,22.97258186340332,434.46563720703125,797.5440063476562,-47.53436279296875,-15.45599365234375,49.984031677246094
569,830.0,721.0,792.7203369140625,695.5084838867188,28.941741943359375,5.3966064453125,821.662109375,700.9050903320312,-8.337890625,-20.09490966796875,21.756052017211914
570,640.0,283.0,601.8319091796875,312.8319396972656,44.02355194091797,-25.735395431518555,645.85546875,287.0965576171875,5.85546875,4.0965576171875,7.146208763122559
571,632.0,412.0,624.5338745117188,430.27117919921875,6.9289469718933105,-5.674266815185547,631.4628295898438,424.596923828125,-0.53717041015625,12.596923828125,12.60837173461914
572,471.0,311.0,476.6974792480469,299.9327697753906,-4.95090913772583,-0.9604260325431824,471.74658203125,298.97235107421875,0.74658203125,-12.02764892578125,12.050797462463379
573,1794.0,734.0,1688.25,752.433349609375,88.40729522705078,-58.33304977416992,1776.6573486328125,694.1002807617188,-17.3426513671875,-39.89971923828125,43.50580596923828
574,522.0,174.0,535.3865356445312,219.25210571289062,15.479429244995117,9.743888854980469,550.865966796875,228.99600219726562,28.865966796875,54.996002197265625,62.11122512817383
575,1644.0,195.0,1639.7391357421875,114.78260803222656,16.05577850341797,63.32975769042969,1655.794921875,178.11236572265625,11.794921875,-16.88763427734375,20.598844528198242
576,1569.0,957.0,1560.795166015625,815.48193359375,9.052482604980469,82.06022644042969,1569.84765625,897.5421752929688,0.84765625,-59.45782470703125,59.4638671875
577,1182.0,788.0,1170.9310302734375,831.112060546875,32.45501708984375,12.637260437011719,1203.385986328125,843.7493286132812,21.385986328125,55.74932861328125,59.71053695678711
578,938.0,691.0,941.5932006835938,665.4915161132812,24.441715240478516,11.344029426574707,966.034912109375,676.8355712890625,28.034912109375,-14.1644287109375,31.409988403320312
579,1482.0,177.0,1337.0509033203125,287.94915771484375,118.84088134765625,-66.66117095947266,1455.891845703125,221.28799438476562,-26.108154296875,44.287994384765625,51.41072082519531
580,702.0,944.0,717.8641967773438,847.0493774414062,2.9168848991394043,76.6440658569336,720.7810668945312,923.6934204101562,18.78106689453125,-20.30657958984375,27.660181045532227
581,953.0,281.0,925.440673828125,310.05084228515625,18.408349990844727,-32.90519714355469,943.8489990234375,277.1456298828125,-9.1510009765625,-3.8543701171875,9.929601669311523
582,861.0,585.0,859.4369506835938,573.2772827148438,7.331462383270264,10.510688781738281,866.7684326171875,583.7879638671875,5.7684326171875,-1.2120361328125,5.894391059875488
583,1220.0,720.0,1223.579833984375,647.9747924804688,0.3828244209289551,81.87712860107422,1223.962646484375,729.8519287109375,3.962646484375,9.8519287109375,10.618995666503906
584,712.0,299.0,665.6470336914062,336.4705810546875,60.01918411254883,-43.632530212402344,725.6661987304688,292.8380432128906,13.66619873046875,-6.161956787109375,14.991153717041016
585,979.0,387.0,1048.853271484375,430.8348693847656,-42.965999603271484,-17.756587982177734,1005.8872680664062,413.0782775878906,26.88726806640625,26.078277587890625,37.4566650390625
586,1605.0,663.0,1531.3248291015625,675.1880493164062,64.44160461425781,-13.460445404052734,1595.7664794921875,661.7276000976562,-9.2335205078125,-1.27239990234375,9.320777893066406
587,181.0,308.0,140.90834045410156,299.5249938964844,28.585847854614258,4.238450050354004,169.4941864013672,303.7634582519531,-11.505813598632812,-4.236541748046875,12.260995864868164
588,761.0,719.0,687.1848754882812,742.15966796875,16.76060676574707,9.516782760620117,703.9454956054688,751.6764526367188,-57.05450439453125,32.67645263671875,65.74927520751953
589,359.0,741.0,369.1512756347656,836.0504150390625,15.256507873535156,-77.5051498413086,384.40777587890625,758.5452880859375,25.40777587890625,17.5452880859375,30.877050399780273
590,1399.0,292.0,1323.1531982421875,283.01800537109375,23.201997756958008,26.941967010498047,1346.355224609375,309.9599609375,-52.644775390625,17.9599609375,55.62403106689453
591,996.0,670.0,938.1551513671875,663.4310302734375,27.028837203979492,3.09146785736084,965.1839599609375,666.5225219726562,-30.8160400390625,-3.47747802734375,31.011629104614258
592,1801.0,426.0,1776.517822265625,474.1071472167969,-5.253511428833008,-34.56523513793945,1771.2642822265625,439.5419006347656,-29.7357177734375,13.541900634765625,32.67408752441406
593,1484.0,936.0,1441.2520751953125,878.781494140625,48.97675323486328,6.393218040466309,1490.2288818359375,885.1746826171875,6.2288818359375,-50.8253173828125,51.20558547973633
594,446.0,793.0,490.5430908203125,765.6293334960938,-26.969057083129883,10.63805103302002,463.57403564453125,776.2673950195312,17.57403564453125,-16.73260498046875,24.2657527923584
595,1400.0,439.0,1380.9913330078125,459.1982727050781,19.271446228027344,-32.806617736816406,1400.2628173828125,426.39166259765625,0.2628173828125,-12.60833740234375,12.611076354980469
596,1276.0,333.0,1182.6737060546875,232.14736938476562,41.78689956665039,36.345428466796875,1224.4605712890625,268.4927978515625,-51.5394287109375,-64.5072021484375,82.56809997558594
597,1728.0,819.0,1647.086181640625,782.7930908203125,94.01829528808594,13.865104675292969,1741.1044921875,796.658203125,13.1044921875,-22.341796875,25.90142059326172
598,1694.0,374.0,1579.75439453125,445.2280578613281,51.82122039794922,-36.700523376464844,1631.5755615234375,408.52752685546875,-62.4244384765625,34.52752685546875,71.33695220947266
599,1365.0,631.0,1335.4736328125,649.114013671875,17.347089767456055,-19.921178817749023,1352.8206787109375,629.1928100585938,-12.1793212890625,-1.80718994140625,12.312667846679688
600,753.0,949.0,824.8406982421875,1055.0885009765625,-45.181129455566406,-93.93350219726562,779.6595458984375,961.155029296875,26.6595458984375,12.155029296875,29.299762725830078
601,568.0,508.0,558.191650390625,498.1666564941406,15.123181343078613,6.25172758102417,573.3148193359375,504.41839599609375,5.3148193359375,-3.58160400390625,6.408993244171143
602,831.0,755.0,819.260498046875,718.7899169921875,18.021442413330078,23.140018463134766,837.2819213867188,741.929931640625,6.28192138671875,-13.070068359375,14.501352310180664
603,158.0,484.0,142.90516662597656,476.10345458984375,5.956745147705078,-16.82066535949707,148.86190795898438,459.28277587890625,-9.138092041015625,-24.71722412109375,26.352340698242188
604,1330.0,371.0,1211.4786376953125,409.1111145019531,66.65856170654297,-23.459341049194336,1278.13720703125,385.6517639160156,-51.86279296875,14.651763916015625,53.8927001953125
605,561.0,466.0,605.1260375976562,437.9664001464844,-16.324525833129883,17.864347457885742,588.801513671875,455.83074951171875,27.801513671875,-10.16925048828125,29.603002548217773
606,289.0,174.0,220.04273986816406,323.3247985839844,44.045738220214844,-141.58651733398438,264.0884704589844,181.73828125,-24.911529541015625,7.73828125,26.085729598999023
607,1280.0,563.0,1216.9830322265625,519.9321899414062,22.429834365844727,11.243948936462402,1239.412841796875,531.1761474609375,-40.587158203125,-31.8238525390625,51.5759162902832
608,1381.0,327.0,1273.3592529296875,439.456298828125,69.50897216796875,-86.54443359375,1342.8681640625,352.911865234375,-38.1318359375,25.911865234375,46.10272979736328
609,1670.0,917.0,1572.4700927734375,876.2991333007812,95.03543853759766,38.73661804199219,1667.5054931640625,915.0357666015625,-2.4945068359375,-1.9642333984375,3.1750240325927734
610,1113.0,879.0,1056.6842041015625,799.0877075195312,8.344024658203125,79.34547424316406,1065.0281982421875,878.4331665039062,-47.9718017578125,-0.56683349609375,47.97515106201172
611,869.0,402.0,885.579833984375,336.6134338378906,7.418497562408447,39.38616943359375,892.9983520507812,375.9996032714844,23.99835205078125,-26.000396728515625,35.38278579711914
612,390.0,534.0,385.38134765625,506.1440734863281,7.86990213394165,45.10865783691406,393.2512512207031,551.2527465820312,3.251251220703125,17.25274658203125,17.556421279907227
613,1028.0,745.0,1026.3248291015625,709.2820434570312,2.2738664150238037,19.98824119567871,1028.5987548828125,729.270263671875,0.5987548828125,-15.729736328125,15.741127967834473
614,1512.0,245.0,1523.99169921875,257.9166564941406,3.910614490509033,-37.520713806152344,1527.90234375,220.39593505859375,15.90234375,-24.60406494140625,29.29581069946289
615,1439.0,117.0,1348.6727294921875,184.49090576171875,25.951061248779297,-34.78433609008789,1374.623779296875,149.70657348632812,-64.376220703125,32.706573486328125,72.2081527709961
616,1031.0,839.0,994.5166625976562,794.5916748046875,15.681530952453613,47.93642807006836,1010.1981811523438,842.528076171875,-20.80181884765625,3.528076171875,21.098886489868164
617,1649.0,716.0,1683.3865966796875,684.0756225585938,-24.140827178955078,-14.072857856750488,1659.2457275390625,670.0027465820312,10.2457275390625,-45.99725341796875,47.12453842163086
618,1773.0,647.0,1704.27734375,710.4873657226562,43.83369445800781,-0.3576420247554779,1748.111083984375,710.1296997070312,-24.888916015625,63.12969970703125,67.85880279541016
619,342.0,111.0,208.2436981201172,125.36134338378906,79.07952880859375,-46.53059768676758,287.3232421875,78.83074951171875,-54.6767578125,-32.16925048828125,63.43822479248047
620,906.0,973.0,933.8728637695312,974.4576416015625,1.3099783658981323,-10.06608772277832,935.182861328125,964.3915405273438,29.182861328125,-8.60845947265625,30.426057815551758
621,468.0,760.0,555.7833251953125,769.433349609375,-80.72319030761719,5.574433326721191,475.06011962890625,775.0078125,7.06011962890625,15.0078125,16.585527420043945
622,1244.0,667.0,1115.1982421875,790.0630493164062,60.00339889526367,-111.3223876953125,1175.20166015625,678.7406616210938,-68.79833984375,11.74066162109375,69.79293823242188
623,230.0,497.0,237.01666259765625,510.3333435058594,1.091504454612732,0.11887922883033752,238.10816955566406,510.45220947265625,8.108169555664062,13.45220947265625,15.706825256347656
624,671.0,492.0,638.085693359375,485.1523742675781,18.58806800842285,7.976925373077393,656.6737670898438,493.1293029785156,-14.32623291015625,1.129302978515625,14.370674133300781
625,1464.0,762.0,1370.566650390625,789.316650390625,46.90455627441406,10.783443450927734,1417.47119140625,800.10009765625,-46.52880859375,38.10009765625,60.13773727416992
626,760.0,977.0,722.008544921875,837.4615478515625,-10.475700378417969,123.82157897949219,711.5328369140625,961.2831420898438,-48.4671630859375,-15.71685791015625,50.9517936706543
627,755.0,529.0,617.8151245117188,564.6470336914062,21.01502227783203,-28.37144660949707,638.8301391601562,536.2755737304688,-116.16986083984375,7.27557373046875,116.39746856689453
628,680.0,516.0,718.3025512695312,527.88232421875,23.06650161743164,-15.540583610534668,741.3690795898438,512.3417358398438,61.36907958984375,-3.65826416015625,61.4780158996582
629,289.0,203.0,124.9259262084961,277.3611145019531,13.259042739868164,-44.7400016784668,138.18496704101562,232.62110900878906,-150.81503295898438,29.621109008789062,153.69639587402344
630,1013.0,314.0,1015.3666381835938,290.95001220703125,3.235429525375366,3.639249801635742,1018.60205078125,294.5892639160156,5.60205078125,-19.410736083984375,20.202960968017578
631,1265.0,281.0,1126.3125,351.2589416503906,102.89962005615234,-33.581214904785156,1229.212158203125,317.677734375,-35.787841796875,36.677734375,51.24476623535156
632,137.0,864.0,95.50877380371094,807.4298095703125,19.780019760131836,47.54975509643555,115.2887954711914,854.9795532226562,-21.711204528808594,-9.02044677734375,23.510526657104492
633,636.0,146.0,579.6083374023438,213.50833129882812,59.48793411254883,-52.04246139526367,639.0962524414062,161.4658660888672,3.09625244140625,15.465866088867188,15.772754669189453
634,1054.0,568.0,1025.0762939453125,548.1694946289062,3.9213576316833496,8.202234268188477,1028.9976806640625,556.3717041015625,-25.0023193359375,-11.6282958984375,27.574140548706055
635,1153.0,229.0,1092.0169677734375,234.45762634277344,55.8636589050293,-31.862741470336914,1147.880615234375,202.59487915039062,-5.119384765625,-26.405120849609375,26.896812438964844
636,714.0,598.0,710.2222290039062,652.0341796875,19.852079391479492,-2.7928977012634277,730.0742797851562,649.2412719726562,16.07427978515625,51.24127197265625,53.7033576965332
637,1538.0,502.0,1511.6016845703125,558.3135375976562,47.684852600097656,-64.7340316772461,1559.2864990234375,493.5794982910156,21.2864990234375,-8.420501708984375,22.891481399536133
638,339.0,725.0,369.92999267578125,732.0,-30.11336898803711,3.082249641418457,339.8166198730469,735.082275390625,0.816619873046875,10.082275390625,10.1152925491333
639,1335.0,441.0,1274.456298828125,515.8543701171875,61.56911087036133,-92.94854736328125,1336.025390625,422.90582275390625,1.025390625,-18.09417724609375,18.12320899963379
640,1628.0,854.0,1514.52587890625,978.3793334960938,80.60628509521484,-116.48968505859375,1595.1322021484375,861.8896484375,-32.8677978515625,7.8896484375,33.80146026611328
641,757.0,403.0,717.4102783203125,513.2649536132812,41.74680709838867,-97.12954711914062,759.1571044921875,416.1354064941406,2.1571044921875,13.135406494140625,13.311348915100098
642,779.0,186.0,641.322021484375,251.89830017089844,75.5838851928711,-41.50019454956055,716.9058837890625,210.39810180664062,-62.0941162109375,24.398101806640625,66.71541595458984
643,1318.0,846.0,1300.008544921875,752.025634765625,27.59168243408203,69.3033676147461,1327.6002197265625,821.3289794921875,9.6002197265625,-24.6710205078125,26.47307014465332
644,1356.0,301.0,1253.941162109375,457.100830078125,43.03763198852539,-111.90208435058594,1296.978759765625,345.19873046875,-59.021240234375,44.19873046875,73.73625183105469
645,1791.0,509.0,1692.009765625,628.8431396484375,96.98092651367188,-104.73825073242188,1788.99072265625,524.1048583984375,-2.00927734375,15.1048583984375,15.237911224365234
646,1638.0,689.0,1614.957275390625,681.6153564453125,26.55707359313965,18.42413902282715,1641.514404296875,700.0394897460938,3.514404296875,11.03948974609375,11.585394859313965
647,1810.0,927.0,1737.3643798828125,945.5169677734375,76.45829010009766,-71.51624298095703,1813.8226318359375,874.000732421875,3.8226318359375,-52.999267578125,53.13694381713867
648,496.0,300.0,585.7731323242188,297.8067321777344,0.9407634139060974,3.5937976837158203,586.7138671875,301.4005432128906,90.7138671875,1.400543212890625,90.72467803955078
649,553.0,223.0,601.0177001953125,241.07080078125,4.93097448348999,-38.1671142578125,605.9486694335938,202.9036865234375,52.94866943359375,-20.0963134765625,56.634117126464844
650,468.0,734.0,481.87396240234375,723.84033203125,-18.48362159729004,13.453017234802246,463.3903503417969,737.2933349609375,-4.609649658203125,3.2933349609375,5.665238380432129
651,798.0,925.0,679.462158203125,866.15966796875,8.437952041625977,87.57404327392578,687.9000854492188,953.7337036132812,-110.09991455078125,28.73370361328125,113.78759765625
652,662.0,446.0,735.9464111328125,526.0535888671875,-19.689584732055664,-57.96015167236328,716.2568359375,468.09344482421875,54.2568359375,22.09344482421875,58.5826301574707
653,606.0,100.0,620.186279296875,132.55882263183594,14.66225814819336,-21.063188552856445,634.8485107421875,111.49563598632812,28.8485107421875,11.495635986328125,31.054569244384766
654,117.0,546.0,-23.663043975830078,558.54345703125,111.23399353027344,-37.539852142333984,87.57095336914062,521.0036010742188,-29.429046630859375,-24.99639892578125,38.612030029296875
655,490.0,652.0,544.3333129882812,650.0614013671875,-49.37333679199219,-4.335547924041748,494.9599609375,645.725830078125,4.9599609375,-6.274169921875,7.99790096282959
656,601.0,610.0,543.6410522460938,573.957275390625,32.42330551147461,20.861621856689453,576.0643310546875,594.8189086914062,-24.9356689453125,-15.18109130859375,29.193374633789062
657,1497.0,352.0,1332.3936767578125,348.31915283203125,118.6706314086914,4.718011856079102,1451.0643310546875,353.03717041015625,-45.9356689453125,1.03717041015625,45.9473762512207
658,574.0,552.0,559.1875,424.5803527832031,36.38020324707031,50.290225982666016,595.5676879882812,474.8705749511719,21.56768798828125,-77.12942504882812,80.0881576538086
659,1559.0,724.0,1485.90673828125,855.2373046875,43.75631332397461,-126.78014373779297,1529.6630859375,728.4571533203125,-29.3369140625,4.4571533203125,29.67357063293457
660,808.0,228.0,747.3181762695312,234.61817932128906,14.330850601196289,-10.4597806930542,761.6490478515625,224.1584014892578,-46.3509521484375,-3.8415985107421875,46.5098762512207
661,835.0,260.0,720.268798828125,290.4085998535156,53.262264251708984,-26.36944580078125,773.5310668945312,264.0391540527344,-61.46893310546875,4.039154052734375,61.601497650146484
662,1784.0,310.0,1699.8660888671875,353.4196472167969,66.64417266845703,-45.914249420166016,1766.51025390625,307.5054016113281,-17.48974609375,-2.494598388671875,17.66675567626953
663,123.0,473.0,171.18487548828125,457.6722717285156,-19.268705368041992,-1.1772595643997192,151.91616821289062,456.4950256347656,28.916168212890625,-16.504974365234375,33.29502868652344
664,264.0,229.0,255.7881317138672,277.3474426269531,9.979228973388672,-56.702613830566406,265.7673645019531,220.64483642578125,1.767364501953125,-8.35516357421875,8.540042877197266
665,597.0,905.0,519.173095703125,797.2788696289062,53.10005569458008,104.95868682861328,572.2731323242188,902.237548828125,-24.72686767578125,-2.762451171875,24.88069725036621
666,762.0,705.0,690.64404296875,688.3643798828125,7.084883689880371,30.453676223754883,697.7289428710938,718.8180541992188,-64.27105712890625,13.81805419921875,65.73969268798828
667,678.0,663.0,662.5250244140625,635.3250122070312,-21.81853485107422,28.81794548034668,640.7064819335938,664.1429443359375,-37.29351806640625,1.1429443359375,37.31102752685547
668,781.0,600.0,760.0,599.4705810546875,14.93809986114502,-1.6350891590118408,774.9381103515625,597.8355102539062,-6.0618896484375,-2.16448974609375,6.436732292175293
669,1122.0,588.0,1065.534423828125,575.1034545898438,45.49801254272461,17.5802059173584,1111.032470703125,592.6836547851562,-10.967529296875,4.68365478515625,11.925741195678711
670,704.0,770.0,729.2100830078125,776.7899169921875,-37.4008903503418,-21.7633113861084,691.8092041015625,755.026611328125,-12.1907958984375,-14.973388671875,19.30849266052246
671,461.0,354.0,439.4893493652344,381.7872314453125,57.87501525878906,-24.698455810546875,497.3643798828125,357.0887756347656,36.3643798828125,3.088775634765625,36.495323181152344
672,1367.0,546.0,1261.9747314453125,610.0336303710938,102.00403594970703,-48.383827209472656,1363.978759765625,561.6497802734375,-3.021240234375,15.6497802734375,15.938742637634277
673,1443.0,296.0,1384.9666748046875,368.4666748046875,82.8229751586914,-70.4831314086914,1467.7896728515625,297.9835510253906,24.7896728515625,1.983551025390625,24.8689022064209
674,288.0,589.0,309.0420227050781,603.260498046875,-13.638980865478516,2.8217859268188477,295.4030456542969,606.082275390625,7.403045654296875,17.082275390625,18.617443084716797
675,1515.0,159.0,1508.0784912109375,191.60784912109375,1.1587837934494019,-28.377168655395508,1509.2373046875,163.23068237304688,-5.7626953125,4.230682373046875,7.14893913269043
676,636.0,793.0,467.71795654296875,783.6153564453125,37.509605407714844,38.67178726196289,505.2275695800781,822.2871704101562,-130.77243041992188,29.28717041015625,134.01181030273438
677,275.0,294.0,319.48077392578125,309.26922607421875,-7.606367588043213,-24.395156860351562,311.8744201660156,284.87408447265625,36.874420166015625,-9.12591552734375,37.986907958984375
678,352.0,832.0,299.6979064941406,730.4895629882812,6.2415361404418945,44.72573471069336,305.939453125,775.2152709960938,-46.060546875,-56.78472900390625,73.11688995361328
679,493.0,328.0,523.177978515625,316.3644104003906,4.146313667297363,-7.879146099090576,527.3242797851562,308.4852600097656,34.32427978515625,-19.514739990234375,39.48393630981445
680,842.0,926.0,801.7562866210938,831.579833984375,14.962783813476562,79.84357452392578,816.7190551757812,911.4234008789062,-25.28094482421875,-14.57659912109375,29.1822452545166
681,1123.0,112.0,1068.5545654296875,120.82353210449219,17.86540985107422,6.697286128997803,1086.419921875,127.52082061767578,-36.580078125,15.520820617675781,39.73660659790039
682,463.0,169.0,518.4915161132812,290.3983154296875,-22.424482345581055,-74.09305572509766,496.0670471191406,216.30526733398438,33.067047119140625,47.305267333984375,57.71670150756836
683,1510.0,625.0,1454.3865966796875,622.941162109375,11.751755714416504,-9.381381034851074,1466.1383056640625,613.5597534179688,-43.8616943359375,-11.44024658203125,45.3291015625
684,1593.0,141.0,1534.4482421875,305.1810302734375,31.143075942993164,-89.77987670898438,1565.59130859375,215.40115356445312,-27.40869140625,74.40115356445312,79.28913879394531
685,370.0,243.0,361.71185302734375,244.2796630859375,14.635001182556152,-6.4022088050842285,376.34686279296875,237.87745666503906,6.34686279296875,-5.1225433349609375,8.156170845031738
686,1566.0,142.0,1475.495361328125,311.0560607910156,57.74875259399414,-95.88351440429688,1533.244140625,215.17254638671875,-32.755859375,73.17254638671875,80.16961669921875
687,1476.0,369.0,1439.941162109375,392.4033508300781,6.725250720977783,-29.79707145690918,1446.6663818359375,362.6062927246094,-29.3336181640625,-6.393707275390625,30.022336959838867
688,376.0,220.0,368.70001220703125,226.3000030517578,-5.562045574188232,-4.350052833557129,363.1379699707031,221.949951171875,-12.862030029296875,1.949951171875,13.009001731872559
689,1567.0,970.0,1494.5545654296875,977.2000122070312,-10.728460311889648,-2.6885204315185547,1483.8260498046875,974.511474609375,-83.1739501953125,4.511474609375,83.29621124267578
690,1029.0,651.0,921.9747924804688,631.8739624023438,4.378665447235107,17.347455978393555,926.3534545898438,649.221435546875,-102.64654541015625,-1.778564453125,102.66194915771484
691,721.0,607.0,672.4678955078125,554.4678955078125,11.498956680297852,22.96821403503418,683.9668579101562,577.4360961914062,-37.03314208984375,-29.56390380859375,47.386474609375
692,1003.0,801.0,962.177978515625,833.0254516601562,34.97331619262695,8.450687408447266,997.1513061523438,841.4761352539062,-5.84869384765625,40.47613525390625,40.896514892578125
693,306.0,552.0,219.81915283203125,556.85107421875,24.11540985107422,8.88090705871582,243.9345703125,565.7319946289062,-62.0654296875,13.73199462890625,63.566383361816406
694,1431.0,653.0,1409.048095703125,640.3557739257812,-27.249589920043945,4.776679515838623,1381.7984619140625,645.1324462890625,-49.2015380859375,-7.8675537109375,49.826595306396484
695,1050.0,298.0,928.897216796875,397.9813232421875,29.51524543762207,-87.22990417480469,958.4124755859375,310.75140380859375,-91.5875244140625,12.75140380859375,92.47093200683594
696,1744.0,475.0,1782.5738525390625,593.77392578125,6.401847839355469,-89.1943588256836,1788.9757080078125,504.5795593261719,44.9757080078125,29.579559326171875,53.83089065551758
697,340.0,171.0,354.1016845703125,213.8474578857422,0.5991330146789551,-55.227725982666016,354.7008056640625,158.61973571777344,14.7008056640625,-12.380264282226562,19.21938133239746
698,387.0,358.0,416.8571472167969,402.6890869140625,-17.028366088867188,-24.90998077392578,399.82879638671875,377.77911376953125,12.82879638671875,19.77911376953125,23.575227737426758
699,1449.0,695.0,1384.2735595703125,683.6325073242188,46.2308464050293,10.442571640014648,1430.50439453125,694.0750732421875,-18.49560546875,-0.9249267578125,18.518718719482422
700,520.0,448.0,402.1208801269531,446.3406677246094,48.776920318603516,17.161123275756836,450.8977966308594,463.5018005371094,-69.10220336914062,15.501800537109375,70.81963348388672
701,1257.0,274.0,1313.6864013671875,357.3728942871094,-34.177364349365234,-41.744361877441406,1279.509033203125,315.6285400390625,22.509033203125,41.6285400390625,47.3243293762207
702,1080.0,673.0,1022.5,680.0750122070312,40.49818801879883,-16.780275344848633,1062.9981689453125,663.2947387695312,-17.0018310546875,-9.70526123046875,19.57688331604004
703,256.0,134.0,245.5294189453125,152.58824157714844,4.209633827209473,0.3256179392337799,249.7390594482422,152.9138641357422,-6.2609405517578125,18.913864135742188,19.923192977905273
704,1798.0,907.0,1678.3109130859375,897.9495849609375,71.2243881225586,-14.173202514648438,1749.5352783203125,883.7763671875,-48.4647216796875,-23.2236328125,53.74166488647461
705,1478.0,789.0,1467.7542724609375,802.6864624023438,24.53434944152832,-25.5948429107666,1492.28857421875,777.0916137695312,14.28857421875,-11.90838623046875,18.60034942626953
706,1120.0,979.0,1176.0,905.75,-45.3752326965332,62.2304573059082,1130.624755859375,967.98046875,10.624755859375,-11.01953125,15.307367324829102
707,459.0,522.0,414.21185302734375,522.38134765625,29.05634307861328,6.096687316894531,443.2681884765625,528.47802734375,-15.7318115234375,6.47802734375,17.013368606567383
708,678.0,775.0,688.5172119140625,781.2844848632812,-13.162342071533203,8.86670970916748,675.3548583984375,790.1511840820312,-2.6451416015625,15.15118408203125,15.380350112915039
709,1718.0,261.0,1674.7626953125,265.4067687988281,37.00072479248047,-7.683462142944336,1711.763427734375,257.7232971191406,-6.236572265625,-3.276702880859375,7.044970989227295
710,1795.0,761.0,1710.1260986328125,746.0167846679688,58.67778778076172,-8.054676055908203,1768.8038330078125,737.9620971679688,-26.1961669921875,-23.03790283203125,34.88529968261719
711,1777.0,884.0,1762.11865234375,914.3898315429688,25.554821014404297,-62.12099838256836,1787.6734619140625,852.2688598632812,10.6734619140625,-31.73114013671875,33.478172302246094
712,280.0,209.0,260.8067321777344,217.42857360839844,4.538382530212402,-28.735851287841797,265.3451232910156,188.69271850585938,-14.654876708984375,-20.307281494140625,25.042985916137695
713,499.0,341.0,486.9495849609375,365.07562255859375,23.22392463684082,-13.519145965576172,510.17352294921875,351.5564880371094,11.17352294921875,10.556488037109375,15.371631622314453
714,1089.0,267.0,950.3025512695312,362.2184753417969,101.7350082397461,-57.427120208740234,1052.03759765625,304.7913513183594,-36.96240234375,37.791351318359375,52.86213684082031
715,222.0,899.0,177.3162384033203,878.7948608398438,37.24751281738281,29.98391342163086,214.56375122070312,908.7787475585938,-7.436248779296875,9.77874755859375,12.285018920898438
716,1021.0,846.0,1008.3109130859375,750.5126342773438,18.22099494934082,56.798744201660156,1026.5318603515625,807.3114013671875,5.5318603515625,-38.6885986328125,39.08208084106445
717,1750.0,610.0,1726.1455078125,611.7636108398438,11.087101936340332,-39.437313079833984,1737.232666015625,572.3262939453125,-12.767333984375,-37.6737060546875,39.778297424316406
718,784.0,925.0,798.0603637695312,769.5689697265625,-0.4512881934642792,127.63286590576172,797.6090698242188,897.2018432617188,13.60906982421875,-27.79815673828125,30.950674057006836
719,1154.0,603.0,1146.4033203125,581.9747924804688,18.65221405029297,11.12312126159668,1165.0555419921875,593.097900390625,11.0555419921875,-9.902099609375,14.841717720031738
720,258.0,252.0,304.42498779296875,297.2250061035156,-6.863661766052246,-2.6846327781677246,297.56134033203125,294.5403747558594,39.56134033203125,42.540374755859375,58.0928840637207
721,904.0,830.0,888.100830078125,797.2437133789062,-17.54524803161621,28.142854690551758,870.5556030273438,825.3865966796875,-33.44439697265625,-4.6134033203125,33.76108932495117
722,1798.0,287.0,1729.81201171875,330.9316101074219,50.098365783691406,-29.67558479309082,1779.910400390625,301.2560119628906,-18.089599609375,14.256011962890625,23.031879425048828
723,523.0,864.0,508.0083923339844,835.9159545898438,5.764505386352539,32.291473388671875,513.7728881835938,868.2073974609375,-9.22711181640625,4.2073974609375,10.141094207763672
724,1157.0,671.0,1172.3084716796875,582.4361572265625,-22.13422966003418,85.00164794921875,1150.1741943359375,667.4378051757812,-6.8258056640625,-3.56219482421875,7.699406147003174
725,826.0,621.0,857.8833618164062,624.691650390625,-0.8859274983406067,-11.100496292114258,856.9974365234375,613.5911254882812,30.9974365234375,-7.40887451171875,31.87055778503418
726,1730.0,680.0,1627.6016845703125,631.6016845703125,61.32925033569336,20.424823760986328,1688.930908203125,652.0264892578125,-41.069091796875,-27.9735107421875,49.69091796875
727,267.0,922.0,321.4298095703125,855.122802734375,-44.13105392456055,69.79489135742188,277.29876708984375,924.917724609375,10.29876708984375,2.917724609375,10.70409870147705
728,965.0,714.0,894.2413940429688,710.1551513671875,43.926326751708984,8.821417808532715,938.167724609375,718.9765625,-26.832275390625,4.9765625,27.289873123168945
729,122.0,724.0,202.0840301513672,690.4117431640625,-51.129234313964844,11.659515380859375,150.95480346679688,702.0712890625,28.954803466796875,-21.9287109375,36.321468353271484
730,1635.0,383.0,1576.44140625,477.3603515625,7.2144455909729,-47.94696044921875,1583.6558837890625,429.41339111328125,-51.3441162109375,46.41339111328125,69.2128677368164
731,1215.0,960.0,1137.8763427734375,957.6494750976562,21.056838989257812,18.48192024230957,1158.9332275390625,976.1314086914062,-56.0667724609375,16.13140869140625,58.34128189086914
732,353.0,857.0,297.5833435058594,752.0184936523438,-1.1696970462799072,63.10651779174805,296.41363525390625,815.125,-56.58636474609375,-41.875,70.39553833007812
733,487.0,761.0,500.81195068359375,721.2991333007812,-2.5769927501678467,26.73664093017578,498.2349548339844,748.0357666015625,11.234954833984375,-12.9642333984375,17.155044555664062
734,1355.0,964.0,1302.199951171875,1057.67822265625,51.06633758544922,-110.15206909179688,1353.2662353515625,947.526123046875,-1.7337646484375,-16.473876953125,16.56485939025879
735,929.0,385.0,833.3404541015625,404.7021179199219,38.384681701660156,-14.565375328063965,871.7251586914062,390.1367492675781,-57.27484130859375,5.136749267578125,57.50472640991211
736,1642.0,168.0,1618.942138671875,234.99172973632812,37.25458526611328,-62.35976791381836,1656.19677734375,172.6319580078125,14.19677734375,4.6319580078125,14.933302879333496
737,979.0,954.0,989.2941284179688,989.8655395507812,13.280132293701172,-9.3505220413208,1002.5742797851562,980.5150146484375,23.57427978515625,26.5150146484375,35.47946548461914
738,137.0,577.0,82.57142639160156,531.6050415039062,39.5534553527832,38.513851165771484,122.1248779296875,570.118896484375,-14.8751220703125,-6.881103515625,16.38959503173828
739,309.0,974.0,309.97369384765625,954.6666870117188,-11.61188793182373,16.19666290283203,298.36181640625,970.8633422851562,-10.63818359375,-3.13665771484375,11.090968132019043
740,1353.0,512.0,1224.272705078125,548.2363891601562,65.54142761230469,-50.602935791015625,1289.8140869140625,497.6334533691406,-63.1859130859375,-14.366546630859375,64.79859161376953
741,1498.0,792.0,1504.7476806640625,821.2056274414062,-3.7473037242889404,-41.43996810913086,1501.0003662109375,779.7656860351562,3.0003662109375,-12.23431396484375,12.596850395202637
742,1074.0,320.0,1043.612060546875,317.00860595703125,18.388378143310547,9.152180671691895,1062.00048828125,326.1607971191406,-11.99951171875,6.160797119140625,13.48865032196045
743,855.0,965.0,852.6050415039062,848.8319091796875,19.72250747680664,60.091400146484375,872.3275756835938,908.92333984375,17.32757568359375,-56.07666015625,58.69272994995117
744,1320.0,139.0,1273.5811767578125,193.11965942382812,23.097932815551758,-52.594383239746094,1296.6790771484375,140.5252685546875,-23.3209228515625,1.5252685546875,23.370746612548828
745,309.0,927.0,366.8050842285156,831.3983154296875,-19.879894256591797,39.41703414916992,346.9252014160156,870.8153686523438,37.925201416015625,-56.18463134765625,67.78667449951172
746,223.0,210.0,236.88983154296875,247.82203674316406,-9.390774726867676,-43.274593353271484,227.49905395507812,204.5474395751953,4.499053955078125,-5.4525604248046875,7.069080829620361
747,1817.0,828.0,1751.88330078125,891.0166625976562,70.15743255615234,-101.36788940429688,1822.040771484375,789.6488037109375,5.040771484375,-38.3511962890625,38.68104934692383
748,1557.0,938.0,1517.429931640625,886.9906616210938,66.36212921142578,36.27162170410156,1583.7921142578125,923.2622680664062,26.7921142578125,-14.73773193359375,30.578065872192383
749,1670.0,794.0,1604.1343994140625,776.9075927734375,20.11154556274414,0.9324275255203247,1624.2459716796875,777.8400268554688,-45.7540283203125,-16.15997314453125,48.52397155761719
750,1049.0,585.0,1014.0565795898438,622.603759765625,36.42905044555664,-19.412979125976562,1050.485595703125,603.1907958984375,1.485595703125,18.1907958984375,18.251358032226562
751,932.0,368.0,881.2520751953125,363.54620361328125,34.40535354614258,11.027931213378906,915.6574096679688,374.5741271972656,-16.34259033203125,6.574127197265625,17.615318298339844
752,483.0,205.0,427.79998779296875,237.85000610351562,19.620315551757812,-22.876508712768555,447.4202880859375,214.97349548339844,-35.5797119140625,9.973495483398438,36.95113754272461
753,1322.0,895.0,1338.111083984375,847.5299072265625,-18.689220428466797,24.78343391418457,1319.421875,872.3133544921875,-2.578125,-22.6866455078125,22.832666397094727
754,1395.0,616.0,1369.3917236328125,672.308349609375,31.91998863220215,-37.379859924316406,1401.311767578125,634.928466796875,6.311767578125,18.928466796875,19.95307731628418
755,1183.0,879.0,1169.4117431640625,795.8655395507812,12.207735061645508,95.88455200195312,1181.6195068359375,891.7501220703125,-1.3804931640625,12.7501220703125,12.824639320373535
756,1249.0,946.0,1149.244873046875,864.8571166992188,54.66019058227539,-12.906776428222656,1203.905029296875,851.9503173828125,-45.094970703125,-94.0496826171875,104.30196380615234
757,532.0,487.0,549.4957885742188,483.2689208984375,-6.732536792755127,-12.372602462768555,542.7632446289062,470.8963317871094,10.76324462890625,-16.103668212890625,19.369449615478516
758,1082.0,482.0,1094.2100830078125,460.92437744140625,14.954193115234375,-3.629927396774292,1109.164306640625,457.2944641113281,27.164306640625,-24.705535888671875,36.71870040893555
759,145.0,950.0,138.70175170898438,935.7280883789062,31.975116729736328,-8.40792465209961,170.67686462402344,927.3201904296875,25.676864624023438,-22.6798095703125,34.258941650390625
760,1547.0,408.0,1435.7425537109375,557.0693359375,65.4103012084961,-121.1054916381836,1501.15283203125,435.9638366699219,-45.84716796875,27.963836669921875,53.70231628417969
761,1532.0,247.0,1540.1092529296875,253.52101135253906,-1.8935149908065796,-20.104761123657227,1538.2156982421875,233.41624450683594,6.2156982421875,-13.583755493164062,14.93831729888916
762,1028.0,489.0,1017.9580078125,529.9243774414062,29.55271339416504,-18.849010467529297,1047.5107421875,511.07537841796875,19.5107421875,22.07537841796875,29.461692810058594
763,684.0,457.0,674.23974609375,454.2397155761719,34.24395751953125,-12.777670860290527,708.4837036132812,441.4620361328125,24.48370361328125,-15.5379638671875,28.99793243408203
764,1220.0,247.0,1224.7916259765625,272.20001220703125,-2.1874942779541016,-23.178024291992188,1222.6041259765625,249.02198791503906,2.6041259765625,2.0219879150390625,3.2969541549682617
765,1164.0,616.0,1085.6837158203125,651.025634765625,53.286678314208984,-27.00692367553711,1138.9703369140625,624.0187377929688,-25.0296630859375,8.01873779296875,26.282773971557617
766,441.0,201.0,428.3781433105469,223.5041961669922,8.174161911010742,-47.51576232910156,436.55230712890625,175.98843383789062,-4.44769287109375,-25.011566162109375,25.40394401550293
767,1449.0,121.0,1460.50927734375,164.12962341308594,18.788515090942383,-66.30078887939453,1479.2978515625,97.8288345336914,30.2978515625,-23.171165466308594,38.142662048339844
768,1805.0,575.0,1746.533935546875,579.6016845703125,41.61286926269531,-6.199570178985596,1788.1468505859375,573.402099609375,-16.8531494140625,-1.597900390625,16.92873191833496
769,404.0,221.0,330.2833251953125,227.72500610351562,69.25731658935547,-11.927331924438477,399.5406494140625,215.79766845703125,-4.4593505859375,-5.20233154296875,6.852011680603027
770,1797.0,241.0,1736.8956298828125,340.7912902832031,44.74178695678711,-94.17924499511719,1781.637451171875,246.61204528808594,-15.362548828125,5.6120452880859375,16.355518341064453
771,788.0,140.0,777.1344604492188,146.7058868408203,13.836944580078125,-6.863038063049316,790.971435546875,139.8428497314453,2.971435546875,-0.1571502685546875,2.975588321685791
772,1138.0,429.0,1157.6134033203125,332.7563171386719,-2.9436323642730713,20.685976028442383,1154.6697998046875,353.4422912597656,16.6697998046875,-75.55770874023438,77.3747329711914
773,1315.0,790.0,1211.336181640625,864.3361206054688,70.78518676757812,-72.79032135009766,1282.121337890625,791.5457763671875,-32.878662109375,1.5457763671875,32.91497802734375
774,960.0,232.0,840.6752319335938,215.3418731689453,107.66626739501953,-5.372335910797119,948.3414916992188,209.96954345703125,-11.65850830078125,-22.03045654296875,24.925125122070312
775,540.0,861.0,569.0924072265625,786.058837890625,6.938043117523193,45.19125747680664,576.0304565429688,831.2501220703125,36.03045654296875,-29.7498779296875,46.725250244140625
776,103.0,345.0,110.16666412353516,362.8333435058594,10.228292465209961,-11.193862915039062,120.39495849609375,351.63946533203125,17.39495849609375,6.63946533203125,18.61899757385254
777,449.0,650.0,494.01708984375,689.1795043945312,-44.46873474121094,9.890477180480957,449.54833984375,699.0700073242188,0.54833984375,49.07000732421875,49.07307052612305
778,132.0,968.0,4.068965435028076,973.913818359375,110.20272064208984,-2.19848895072937,114.27168273925781,971.71533203125,-17.728317260742188,3.71533203125,18.113445281982422
779,757.0,393.0,734.336181640625,312.8706970214844,10.313472747802734,-2.847154378890991,744.649658203125,310.0235290527344,-12.350341796875,-82.97647094726562,83.89055633544922
780,1450.0,756.0,1384.621826171875,702.84033203125,65.78539276123047,25.313865661621094,1450.4072265625,728.1541748046875,0.4072265625,-27.8458251953125,27.84880256652832
781,549.0,739.0,497.132080078125,724.367919921875,30.766817092895508,36.49010467529297,527.89892578125,760.8580322265625,-21.10107421875,21.8580322265625,30.381391525268555
782,874.0,870.0,900.888916015625,796.861083984375,27.021717071533203,1.5067368745803833,927.91064453125,798.3677978515625,53.91064453125,-71.6322021484375,89.65227508544922
783,1387.0,895.0,1394.7373046875,871.4491577148438,4.014679908752441,5.439215660095215,1398.751953125,876.8883666992188,11.751953125,-18.11163330078125,21.590267181396484
784,109.0,802.0,149.14999389648438,767.7083129882812,-30.77143096923828,28.035676956176758,118.3785629272461,795.7440185546875,9.378562927246094,-6.2559814453125,11.27363109588623
785,1523.0,177.0,1480.1976318359375,247.72093200683594,46.85504150390625,-100.03170013427734,1527.052734375,147.68923950195312,4.052734375,-29.310760498046875,29.589614868164062
786,1129.0,436.0,1085.13671875,425.8376159667969,45.79249954223633,4.4428863525390625,1130.92919921875,430.280517578125,1.92919921875,-5.719482421875,6.0360822677612305
787,1722.0,748.0,1598.9830322265625,708.3051147460938,81.38606262207031,-31.67625617980957,1680.369140625,676.6288452148438,-41.630859375,-71.37115478515625,82.62548065185547
788,1679.0,686.0,1600.184814453125,681.218505859375,32.547794342041016,0.15389323234558105,1632.732666015625,681.3723754882812,-46.267333984375,-4.62762451171875,46.49818420410156
789,624.0,724.0,557.7913208007812,765.1738891601562,2.5127439498901367,-7.364258289337158,560.3040771484375,757.8096313476562,-63.6959228515625,33.80963134765625,72.11283874511719
790,1022.0,187.0,969.2684936523438,324.52777099609375,30.87264060974121,-129.22914123535156,1000.14111328125,195.2986297607422,-21.85888671875,8.298629760742188,23.38115119934082
791,1524.0,970.0,1448.339111328125,946.069580078125,58.39868927001953,15.878436088562012,1506.73779296875,961.947998046875,-17.26220703125,-8.052001953125,19.04779624938965
792,1275.0,416.0,1265.20166015625,409.5966491699219,17.88267707824707,-10.283331871032715,1283.0843505859375,399.3133239746094,8.0843505859375,-16.686676025390625,18.541894912719727
793,1129.0,792.0,1109.2857666015625,743.7058715820312,38.7562141418457,22.952619552612305,1148.0419921875,766.6585083007812,19.0419921875,-25.34149169921875,31.698402404785156
794,559.0,633.0,684.6260986328125,632.5565185546875,-79.38438415527344,10.785285949707031,605.24169921875,643.341796875,46.24169921875,10.341796875,47.3840446472168
795,1417.0,463.0,1369.4285888671875,461.34454345703125,34.26364517211914,3.3991665840148926,1403.6922607421875,464.74371337890625,-13.3077392578125,1.74371337890625,13.421492576599121
796,1031.0,451.0,956.7711791992188,480.1271057128906,61.95787811279297,-34.941566467285156,1018.7290649414062,445.185546875,-12.27093505859375,-5.814453125,13.57879638671875
797,1009.0,288.0,966.716796875,320.1593017578125,8.001046180725098,-39.44460678100586,974.7178344726562,280.7146911621094,-34.28216552734375,-7.285308837890625,35.0477180480957
798,459.0,688.0,483.70941162109375,671.2478637695312,10.626309394836426,44.152061462402344,494.3357238769531,715.39990234375,35.335723876953125,27.39990234375,44.71429443359375
799,1083.0,471.0,1029.4351806640625,565.388916015625,14.943024635314941,-81.86372375488281,1044.378173828125,483.52520751953125,-38.621826171875,12.52520751953125,40.602046966552734
800,1573.0,327.0,1553.781494140625,384.739501953125,40.66148376464844,-28.108156204223633,1594.4429931640625,356.63134765625,21.4429931640625,29.63134765625,36.57620620727539
801,1072.0,818.0,1124.7332763671875,704.816650390625,-26.031736373901367,77.84114074707031,1098.7015380859375,782.6577758789062,26.7015380859375,-35.34222412109375,44.29497528076172
802,693.0,808.0,710.593017578125,711.534912109375,-5.959123611450195,76.71163177490234,704.6339111328125,788.2465209960938,11.6339111328125,-19.75347900390625,22.924829483032227
803,763.0,364.0,818.5126342773438,404.8571472167969,1.178966999053955,-15.457389831542969,819.6915893554688,389.3997497558594,56.69158935546875,25.399749755859375,62.12152099609375
804,1527.0,333.0,1525.1949462890625,353.78814697265625,1.1106046438217163,-23.787025451660156,1526.3055419921875,330.0011291503906,-0.6944580078125,-2.998870849609375,3.0782296657562256
805,979.0,331.0,927.5126342773438,331.92437744140625,45.083763122558594,-29.51183319091797,972.5963745117188,302.41253662109375,-6.40362548828125,-28.58746337890625,29.295896530151367
806,1182.0,431.0,1165.08544921875,429.4017028808594,-6.892622947692871,-11.167438507080078,1158.19287109375,418.2342529296875,-23.80712890625,-12.7657470703125,27.01376724243164
807,1584.0,578.0,1514.8739013671875,570.7058715820312,58.275699615478516,8.460248947143555,1573.149658203125,579.1661376953125,-10.850341796875,1.1661376953125,10.912827491760254
808,850.0,789.0,820.9830322265625,787.3051147460938,28.34581184387207,0.3079265356063843,849.328857421875,787.613037109375,-0.671142578125,-1.386962890625,1.5408109426498413
809,1769.0,932.0,1578.1680908203125,960.9203491210938,180.1927032470703,-33.72049331665039,1758.36083984375,927.1998291015625,-10.63916015625,-4.8001708984375,11.671905517578125
810,1744.0,546.0,1697.1949462890625,560.0762939453125,52.40863037109375,-24.56791877746582,1749.603515625,535.5083618164062,5.603515625,-10.49163818359375,11.894278526306152
811,1471.0,548.0,1391.0419921875,668.0924072265625,54.87987518310547,-94.04377746582031,1445.921875,574.0486450195312,-25.078125,26.04864501953125,36.158599853515625
812,1020.0,806.0,965.941650390625,748.3250122070312,10.326215744018555,46.30588150024414,976.2678833007812,794.6309204101562,-43.73211669921875,-11.36907958984375,45.18577194213867
813,699.0,897.0,688.2999877929688,893.9166870117188,15.930159568786621,7.16999626159668,704.2301635742188,901.086669921875,5.23016357421875,4.086669921875,6.637430191040039
814,490.0,663.0,483.7982482910156,627.140380859375,-26.89822006225586,28.557344436645508,456.9000244140625,655.69775390625,-33.0999755859375,-7.30224609375,33.8958854675293
815,359.0,361.0,315.29412841796875,378.3781433105469,32.9512939453125,-6.371107578277588,348.24542236328125,372.0070495605469,-10.75457763671875,11.007049560546875,15.388830184936523
816,1059.0,850.0,1002.5897216796875,798.888916015625,39.09019470214844,28.59550666809082,1041.679931640625,827.4844360351562,-17.320068359375,-22.51556396484375,28.40660858154297
817,1567.0,860.0,1522.27197265625,822.0701904296875,52.16183090209961,25.206735610961914,1574.433837890625,847.2769165039062,7.433837890625,-12.72308349609375,14.73563003540039
818,897.0,746.0,878.9747924804688,759.7227172851562,31.125263214111328,-4.305002212524414,910.1000366210938,755.417724609375,13.10003662109375,9.417724609375,16.133955001831055
819,1081.0,520.0,970.859619140625,465.2894592285156,65.72216033935547,26.07267189025879,1036.581787109375,491.36212158203125,-44.418212890625,-28.63787841796875,52.8498420715332
820,1203.0,282.0,1139.6666259765625,332.1929931640625,34.1957893371582,-39.16197967529297,1173.8624267578125,293.031005859375,-29.1375732421875,11.031005859375,31.155757904052734
821,1193.0,413.0,1212.7059326171875,419.60504150390625,-1.2508509159088135,3.8174350261688232,1211.455078125,423.4224853515625,18.455078125,10.4224853515625,21.194766998291016
822,159.0,953.0,84.55172729492188,968.0086059570312,95.39279174804688,-29.412967681884766,179.94451904296875,938.5956420898438,20.94451904296875,-14.40435791015625,25.419645309448242
823,186.0,212.0,152.25,248.7857208251953,15.024025917053223,-32.788509368896484,167.27403259277344,215.99720764160156,-18.725967407226562,3.9972076416015625,19.1478328704834
824,1545.0,298.0,1521.6102294921875,428.4067687988281,2.4228622913360596,-61.578582763671875,1524.0330810546875,366.82818603515625,-20.9669189453125,68.82818603515625,71.95088958740234
825,1016.0,706.0,1007.8487548828125,663.7142944335938,-15.01287841796875,38.18861770629883,992.8358764648438,701.9028930664062,-23.16412353515625,-4.09710693359375,23.523666381835938
826,838.0,311.0,879.691650390625,300.7250061035156,4.521551132202148,-0.32698696851730347,884.2131958007812,300.39801025390625,46.21319580078125,-10.60198974609375,47.413726806640625
827,879.0,722.0,695.3189697265625,720.27587890625,127.51896667480469,-8.137869834899902,822.8379516601562,712.1380004882812,-56.16204833984375,-9.86199951171875,57.02135467529297
828,1379.0,199.0,1342.4874267578125,270.1512756347656,59.89300537109375,-49.31398010253906,1402.38037109375,220.83729553222656,23.38037109375,21.837295532226562,31.99233055114746
829,1163.0,546.0,1141.2821044921875,568.1538696289062,30.450435638427734,-0.6401699185371399,1171.7325439453125,567.513671875,8.7325439453125,21.513671875,23.218427658081055
830,1572.0,802.0,1549.322021484375,827.2542114257812,22.003324508666992,-9.761242866516113,1571.3253173828125,817.4929809570312,-0.6746826171875,15.49298095703125,15.507664680480957
831,1455.0,610.0,1408.940673828125,587.5508422851562,23.30897331237793,18.66400718688965,1432.2496337890625,606.21484375,-22.7503662109375,-3.78515625,23.063098907470703
832,1063.0,713.0,1010.625,699.5250244140625,44.7766227722168,11.205244064331055,1055.401611328125,710.7302856445312,-7.598388671875,-2.26971435546875,7.930139541625977
833,1430.0,417.0,1424.0252685546875,451.87396240234375,0.7552269697189331,-21.617319107055664,1424.780517578125,430.25665283203125,-5.219482421875,13.25665283203125,14.247169494628906
834,207.0,655.0,89.2921371459961,651.1348266601562,80.68359375,-0.2649173140525818,169.97573852539062,650.8699340820312,-37.024261474609375,-4.13006591796875,37.25390625
835,116.0,616.0,99.18487548828125,642.0924072265625,28.65049171447754,-10.980868339538574,127.83536529541016,631.1115112304688,11.835365295410156,15.11151123046875,19.194623947143555
836,999.0,216.0,970.8103637695312,233.09483337402344,-5.247306823730469,-24.74381446838379,965.5630493164062,208.35101318359375,-33.43695068359375,-7.64898681640625,34.30067825317383
837,1536.0,101.0,1460.739501953125,129.7142791748047,66.25663757324219,-19.322425842285156,1526.99609375,110.39185333251953,-9.00390625,9.391853332519531,13.010658264160156
838,982.0,875.0,1002.9243774414062,846.7647094726562,-9.966163635253906,31.694185256958008,992.9581909179688,878.4589233398438,10.95819091796875,3.45892333984375,11.491130828857422
839,663.0,331.0,651.2734985351562,348.9316101074219,14.753211975097656,-11.943904876708984,666.0267333984375,336.9877014160156,3.0267333984375,5.987701416015625,6.709223747253418
840,1016.0,657.0,973.7647094726562,629.9075927734375,15.787525177001953,15.529328346252441,989.55224609375,645.4369506835938,-26.44775390625,-11.56304931640625,28.864992141723633
841,1710.0,230.0,1666.43701171875,367.1932678222656,44.154022216796875,-157.8363037109375,1710.591064453125,209.35696411132812,0.591064453125,-20.643035888671875,20.6514949798584
842,995.0,333.0,960.137939453125,353.8706970214844,42.77587890625,5.058224201202393,1002.913818359375,358.9289245605469,7.913818359375,25.928924560546875,27.10973358154297
843,1060.0,596.0,1075.191650390625,646.7416381835938,-3.8348920345306396,-20.613866806030273,1071.3568115234375,626.1277465820312,11.3568115234375,30.12774658203125,32.19717788696289
844,942.0,127.0,962.73681640625,145.01754760742188,-2.9584412574768066,-27.466190338134766,959.7783813476562,117.55136108398438,17.77838134765625,-9.448638916015625,20.13324546813965
845,778.0,802.0,746.2083129882812,771.7083129882812,17.765703201293945,10.62147331237793,763.9739990234375,782.3297729492188,-14.0260009765625,-19.67022705078125,24.158777236938477
846,1804.0,263.0,1775.260498046875,256.33612060546875,20.38362693786621,-27.58208465576172,1795.6441650390625,228.7540283203125,-8.3558349609375,-34.2459716796875,35.25062561035156
847,1388.0,676.0,1326.8389892578125,696.2203369140625,44.872398376464844,-46.41767120361328,1371.71142578125,649.8026733398438,-16.28857421875,-26.19732666015625,30.848299026489258
848,1615.0,553.0,1622.2203369140625,561.8135375976562,7.95982027053833,-22.482900619506836,1630.18017578125,539.3306274414062,15.18017578125,-13.66937255859375,20.42766571044922
849,1466.0,533.0,1443.2083740234375,564.2333374023438,20.957183837890625,-34.090065002441406,1464.16552734375,530.1432495117188,-1.83447265625,-2.85675048828125,3.3950424194335938
850,1585.0,130.0,1547.47900390625,181.42857360839844,33.83454895019531,-68.54170989990234,1581.3135986328125,112.8868637084961,-3.6864013671875,-17.113136291503906,17.50568389892578
851,627.0,108.0,600.6050415039062,152.4537811279297,19.064048767089844,-42.692447662353516,619.6690673828125,109.76133728027344,-7.3309326171875,1.7613372802734375,7.539554595947266
852,649.0,673.0,663.2649536132812,591.05126953125,-28.780540466308594,43.44403076171875,634.4844360351562,634.4953002929688,-14.51556396484375,-38.50469970703125,41.1498908996582
853,801.0,112.0,789.6923217773438,171.12820434570312,14.237384796142578,-48.89958953857422,803.9296875,122.2286148071289,2.9296875,10.228614807128906,10.639906883239746
854,1052.0,618.0,1045.3248291015625,685.01708984375,28.810531616210938,-6.927338123321533,1074.1353759765625,678.0897216796875,22.1353759765625,60.0897216796875,64.03709411621094
855,1148.0,208.0,1078.4234619140625,211.36036682128906,29.986309051513672,-1.0722421407699585,1108.4097900390625,210.2881317138672,-39.5902099609375,2.2881317138671875,39.65627670288086
856,1450.0,276.0,1375.8966064453125,285.25860595703125,39.181976318359375,-3.51227068901062,1415.07861328125,281.746337890625,-34.92138671875,5.746337890625,35.39101028442383
857,1595.0,955.0,1503.0167236328125,1063.050048828125,65.41007995605469,-125.55230712890625,1568.4267578125,937.4977416992188,-26.5732421875,-17.50225830078125,31.81927490234375
858,294.0,301.0,359.25,344.3214416503906,4.8960700035095215,-24.61765480041504,364.14605712890625,319.70379638671875,70.14605712890625,18.70379638671875,72.59683990478516
859,1717.0,475.0,1637.4638671875,566.63916015625,69.18917846679688,-69.85101318359375,1706.653076171875,496.78814697265625,-10.346923828125,21.78814697265625,24.120161056518555
860,847.0,822.0,883.8389892578125,706.38134765625,-13.466124534606934,77.18711853027344,870.3728637695312,783.5684814453125,23.37286376953125,-38.4315185546875,44.98080062866211
861,1106.0,476.0,1119.050048828125,476.4916687011719,21.337873458862305,-16.460002899169922,1140.387939453125,460.03167724609375,34.387939453125,-15.96832275390625,37.91461181640625
862,1215.0,477.0,1192.6810302734375,549.8965454101562,57.91946029663086,-15.700714111328125,1250.6004638671875,534.19580078125,35.6004638671875,57.19580078125,67.37026977539062
863,1116.0,805.0,1126.5509033203125,808.0762939453125,-2.6007988452911377,8.735445022583008,1123.9500732421875,816.811767578125,7.9500732421875,11.811767578125,14.238030433654785
864,856.0,343.0,814.1864624023438,339.8135681152344,4.225693702697754,5.511210918426514,818.4121704101562,345.32476806640625,-37.58782958984375,2.32476806640625,37.65965270996094
865,954.0,748.0,934.875,671.1333618164062,31.560054779052734,38.522796630859375,966.43505859375,709.6561279296875,12.43505859375,-38.3438720703125,40.30984115600586
866,542.0,396.0,635.5546264648438,438.7563171386719,-56.975276947021484,3.293212413787842,578.579345703125,442.0495300292969,36.579345703125,46.049530029296875,58.80992889404297
867,997.0,321.0,944.2453002929688,432.71697998046875,35.288848876953125,-120.85071563720703,979.5341796875,311.86627197265625,-17.4658203125,-9.13372802734375,19.70989227294922
868,1301.0,528.0,1221.474609375,603.7881469726562,78.33190155029297,-74.04962921142578,1299.8065185546875,529.738525390625,-1.1934814453125,1.738525390625,2.108759880065918
869,1144.0,278.0,1093.336181640625,330.2268981933594,38.87139129638672,-65.87123107910156,1132.20751953125,264.35565185546875,-11.79248046875,-13.64434814453125,18.034156799316406
870,845.0,708.0,896.6500244140625,729.7999877929688,-26.960758209228516,-2.183789014816284,869.6892700195312,727.6162109375,24.68927001953125,19.6162109375,31.53340721130371
871,1405.0,258.0,1338.935791015625,396.2477111816406,47.21485137939453,-97.63465881347656,1386.150634765625,298.613037109375,-18.849365234375,40.613037109375,44.774070739746094
872,1299.0,566.0,1245.66943359375,642.88134765625,77.93678283691406,-86.27263641357422,1323.606201171875,556.6087036132812,24.606201171875,-9.39129638671875,26.33745574951172
873,1345.0,147.0,1266.5966796875,160.7563018798828,33.74705505371094,-16.576568603515625,1300.34375,144.1797332763672,-44.65625,-2.8202667236328125,44.745216369628906
874,1483.0,758.0,1472.0333251953125,763.9249877929688,8.774177551269531,-7.2810516357421875,1480.8074951171875,756.6439208984375,-2.1925048828125,-1.3560791015625,2.577989339828491
875,1683.0,106.0,1609.4755859375,234.7926788330078,47.17356872558594,-86.97222137451172,1656.649169921875,147.82046508789062,-26.350830078125,41.820465087890625,49.429927825927734
876,1158.0,327.0,1137.815185546875,360.07562255859375,29.919782638549805,-11.142532348632812,1167.7349853515625,348.93310546875,9.7349853515625,21.93310546875,23.99648094177246
877,1383.0,608.0,1370.9664306640625,586.4117431640625,27.194849014282227,-0.46781226992607117,1398.1612548828125,585.9439086914062,15.1612548828125,-22.05609130859375,26.764432907104492
878,166.0,939.0,219.0833282470703,898.7416381835938,-9.817789077758789,15.133523941040039,209.26553344726562,913.8751831054688,43.265533447265625,-25.12481689453125,50.031620025634766
879,1243.0,477.0,1070.24365234375,557.5966186523438,106.79081726074219,-48.66551208496094,1177.034423828125,508.93109130859375,-65.965576171875,31.93109130859375,73.28746032714844
880,272.0,255.0,233.2203369140625,219.89830017089844,37.65412139892578,15.507097244262695,270.87445068359375,235.4053955078125,-1.12554931640625,-19.5946044921875,19.62690544128418
881,861.0,393.0,864.7606811523438,415.8290710449219,43.59025573730469,2.7844979763031006,908.3509521484375,418.6135559082031,47.3509521484375,25.613555908203125,53.834625244140625
882,1384.0,719.0,1406.49560546875,683.2869262695312,37.377174377441406,5.881947994232178,1443.872802734375,689.1688842773438,59.872802734375,-29.83111572265625,66.89280700683594
883,107.0,363.0,112.54701232910156,368.0854797363281,-2.3843319416046143,-1.1128113269805908,110.16268157958984,366.97265625,3.1626815795898438,3.97265625,5.077849388122559
884,1481.0,792.0,1499.3865966796875,870.4033813476562,-6.5854997634887695,-67.8738021850586,1492.8011474609375,802.5296020507812,11.8011474609375,10.52960205078125,15.815801620483398
885,1441.0,273.0,1317.4638671875,437.6597900390625,86.64368438720703,-91.66836547851562,1404.1075439453125,345.9914245605469,-36.8924560546875,72.99142456054688,81.78509521484375
886,1138.0,762.0,1147.560791015625,707.9345703125,10.899698257446289,41.61644744873047,1158.46044921875,749.551025390625,20.46044921875,-12.448974609375,23.950092315673828
887,990.0,779.0,986.1512451171875,738.5462036132812,-0.7641595005989075,31.12858009338379,985.3870849609375,769.6748046875,-4.6129150390625,-9.3251953125,10.40376091003418
888,1088.0,173.0,1024.983154296875,220.34454345703125,33.79378128051758,-40.37258529663086,1058.7769775390625,179.97195434570312,-29.2230224609375,6.971954345703125,30.043188095092773
889,1723.0,399.0,1676.3304443359375,311.886962890625,59.37236022949219,76.27389526367188,1735.7027587890625,388.1608581542969,12.7027587890625,-10.839141845703125,16.698715209960938
890,882.0,295.0,855.6491088867188,223.76315307617188,5.033476829528809,1.6088415384292603,860.6825561523438,225.3719940185547,-21.31744384765625,-69.62800598144531,72.8182144165039
891,720.0,265.0,724.8699340820312,325.6666564941406,34.87722396850586,-80.15876007080078,759.7471313476562,245.50790405273438,39.74713134765625,-19.492095947265625,44.26935958862305
892,1444.0,761.0,1382.3865966796875,750.781494140625,60.910911560058594,17.238351821899414,1443.2974853515625,768.0198364257812,-0.7025146484375,7.01983642578125,7.054901123046875
893,755.0,439.0,691.6035766601562,468.0810852050781,27.144330978393555,-7.355922698974609,718.7479248046875,460.72515869140625,-36.2520751953125,21.72515869140625,42.26340866088867
894,156.0,821.0,141.59036254882812,880.4337158203125,7.45527458190918,-26.504093170166016,149.04563903808594,853.9296264648438,-6.9543609619140625,32.92962646484375,33.65595626831055
895,1699.0,486.0,1531.8363037109375,559.6272583007812,83.75738525390625,-57.427032470703125,1615.59375,502.2002258300781,-83.40625,16.200225830078125,84.9649887084961
896,306.0,100.0,219.43243408203125,108.53153228759766,46.88163375854492,-12.37818431854248,266.3140563964844,96.15335083007812,-39.685943603515625,-3.846649169921875,39.87192916870117
897,1065.0,628.0,992.336181640625,670.3016967773438,82.21532440185547,-29.838603973388672,1074.551513671875,640.4630737304688,9.551513671875,12.46307373046875,15.702217102050781
898,201.0,239.0,296.4587097167969,252.89907836914062,-1.894610047340393,-44.51560974121094,294.5640869140625,208.3834686279297,93.5640869140625,-30.616531372070312,98.44597625732422
899,1579.0,804.0,1580.4537353515625,902.2100830078125,15.552716255187988,-77.5191879272461,1596.0064697265625,824.69091796875,17.0064697265625,20.69091796875,26.78309440612793
900,1585.0,345.0,1494.66943359375,445.22882080078125,79.22699737548828,-89.01256561279297,1573.896484375,356.21624755859375,-11.103515625,11.21624755859375,15.782657623291016
901,701.0,832.0,739.5166625976562,779.2166748046875,-5.964025974273682,47.77080535888672,733.5526123046875,826.9874877929688,32.5526123046875,-5.01251220703125,32.9362678527832
902,1683.0,919.0,1563.625,875.1339111328125,82.83782958984375,-10.692334175109863,1646.462890625,864.4415893554688,-36.537109375,-54.55841064453125,65.66262817382812
903,1708.0,598.0,1624.52099609375,693.9495849609375,82.28064727783203,-109.83444213867188,1706.8016357421875,584.1151123046875,-1.1983642578125,-13.8848876953125,13.936505317687988
904,277.0,833.0,317.5916748046875,796.6166381835938,-10.189255714416504,28.005430221557617,307.40240478515625,824.6220703125,30.40240478515625,-8.3779296875,31.535629272460938
905,597.0,736.0,589.2870483398438,713.9815063476562,-23.71164321899414,28.527509689331055,565.5753784179688,742.509033203125,-31.42462158203125,6.509033203125,32.09165573120117
906,705.0,878.0,715.9747924804688,783.6554565429688,-27.331628799438477,105.42377471923828,688.6431884765625,889.0792236328125,-16.3568115234375,11.0792236328125,19.75587272644043
907,1631.0,551.0,1576.6417236328125,585.3250122070312,37.98088455200195,-34.120662689208984,1614.62255859375,551.204345703125,-16.37744140625,0.204345703125,16.37871551513672
908,1053.0,212.0,950.6638793945312,227.57142639160156,108.84725952148438,-21.564428329467773,1059.5111083984375,206.0070037841797,6.5111083984375,-5.9929962158203125,8.849324226379395
909,1063.0,515.0,1034.5677490234375,540.8983154296875,16.722867965698242,-18.842927932739258,1051.2906494140625,522.0553588867188,-11.7093505859375,7.05535888671875,13.670660972595215
910,1780.0,266.0,1668.14404296875,343.6949157714844,36.25796127319336,-80.22352600097656,1704.4019775390625,263.47137451171875,-75.5980224609375,-2.52862548828125,75.64029693603516
911,506.0,417.0,532.0,434.2608642578125,15.824739456176758,-24.79156494140625,547.8247680664062,409.46929931640625,41.82476806640625,-7.53070068359375,42.4973258972168
912,644.0,203.0,658.3643798828125,244.47457885742188,-0.2255396842956543,-34.49702835083008,658.1388549804688,209.97755432128906,14.13885498046875,6.9775543212890625,15.766847610473633
913,637.0,442.0,642.2796630859375,451.6271057128906,3.269024133682251,-24.89531707763672,645.5487060546875,426.7317810058594,8.5487060546875,-15.268218994140625,17.498538970947266
914,1326.0,624.0,1177.7332763671875,691.0416870117188,93.71088409423828,-47.95859909057617,1271.4442138671875,643.0830688476562,-54.5557861328125,19.08306884765625,57.797035217285156
915,533.0,704.0,549.21240234375,675.6990966796875,-8.697528839111328,34.184635162353516,540.514892578125,709.8837280273438,7.514892578125,5.88372802734375,9.544205665588379
916,1711.0,863.0,1654.6666259765625,769.94873046875,45.93822479248047,27.246511459350586,1700.6048583984375,797.1952514648438,-10.3951416015625,-65.80474853515625,66.62074279785156
917,826.0,367.0,850.45947265625,471.54052734375,12.8217191696167,-46.56814193725586,863.2811889648438,424.9723815917969,37.28118896484375,57.972381591796875,68.92520904541016
918,436.0,543.0,377.4907531738281,615.879638671875,10.163785934448242,-83.38676452636719,387.654541015625,532.4928588867188,-48.345458984375,-10.50714111328125,49.47406768798828
919,1734.0,548.0,1699.3043212890625,540.95654296875,23.300220489501953,5.8281121253967285,1722.6044921875,546.78466796875,-11.3955078125,-1.21533203125,11.460132598876953
920,1373.0,868.0,1362.56298828125,827.899169921875,27.139341354370117,28.054624557495117,1389.7022705078125,855.9537963867188,16.7022705078125,-12.04620361328125,20.59312629699707
921,1042.0,493.0,1002.47900390625,464.6974792480469,51.47345733642578,-2.050567388534546,1053.9525146484375,462.64691162109375,11.9525146484375,-30.35308837890625,32.62165832519531
922,1140.0,201.0,1124.5789794921875,329.6929931640625,50.04315185546875,-138.00648498535156,1174.6220703125,191.68650817871094,34.6220703125,-9.313491821289062,35.85287857055664
923,1279.0,656.0,1251.533935546875,564.0169677734375,17.51344871520996,54.17847442626953,1269.04736328125,618.1954345703125,-9.95263671875,-37.8045654296875,39.09271240234375
924,276.0,828.0,374.1764831542969,752.6078491210938,-28.819223403930664,10.028676986694336,345.3572692871094,762.6365356445312,69.35726928710938,-65.36346435546875,95.30379486083984
925,1389.0,106.0,1354.4454345703125,192.0167999267578,20.765121459960938,-27.10616683959961,1375.2105712890625,164.91062927246094,-13.7894287109375,58.91062927246094,60.50297927856445
926,1727.0,832.0,1686.7178955078125,766.5811767578125,57.72355270385742,39.717628479003906,1744.44140625,806.298828125,17.44140625,-25.701171875,31.060470581054688
927,1004.0,416.0,984.4957275390625,424.20513916015625,-9.83249568939209,-24.610944747924805,974.6632080078125,399.5942077636719,-29.3367919921875,-16.405792236328125,33.612457275390625
928,1536.0,977.0,1380.88134765625,986.8051147460938,110.5894546508789,-56.37203598022461,1491.4708251953125,930.43310546875,-44.5291748046875,-46.56689453125,64.4307632446289
929,1167.0,508.0,1068.783447265625,412.9587707519531,46.96022415161133,28.056556701660156,1115.74365234375,441.01531982421875,-51.25634765625,-66.98468017578125,84.3454818725586
930,287.0,870.0,216.3162384033203,904.0,62.368404388427734,-25.96564292907715,278.68463134765625,878.0343627929688,-8.31536865234375,8.03436279296875,11.562712669372559
931,767.0,350.0,876.24560546875,354.34210205078125,-72.64509582519531,22.401260375976562,803.6005249023438,376.74334716796875,36.60052490234375,26.74334716796875,45.3299560546875
932,1736.0,202.0,1647.8558349609375,291.1891784667969,32.88388442993164,-46.51197052001953,1680.73974609375,244.67721557617188,-55.26025390625,42.677215576171875,69.82148742675781
933,437.0,130.0,421.37615966796875,115.60550689697266,5.754725456237793,-38.78647232055664,427.1308898925781,76.81903076171875,-9.869110107421875,-53.18096923828125,54.088951110839844
934,422.0,515.0,415.0,459.9658203125,4.3058061599731445,37.6152458190918,419.3058166503906,497.5810546875,-2.694183349609375,-17.4189453125,17.626068115234375
935,1032.0,858.0,997.4915161132812,828.8898315429688,10.416162490844727,15.702592849731445,1007.9076538085938,844.5924072265625,-24.09234619140625,-13.4075927734375,27.571809768676758
936,358.0,669.0,367.3613586425781,677.2772827148438,-23.137319564819336,-28.749919891357422,344.2240295410156,648.52734375,-13.775970458984375,-20.47265625,24.676040649414062
937,1184.0,301.0,1148.4576416015625,385.3983154296875,23.707185745239258,-58.8745231628418,1172.164794921875,326.5238037109375,-11.835205078125,25.5238037109375,28.134260177612305
938,906.0,148.0,967.0504150390625,221.25210571289062,-1.397537112236023,-10.934024810791016,965.6528930664062,210.31808471679688,59.65289306640625,62.318084716796875,86.26708984375
939,941.0,881.0,902.9130249023438,871.3912963867188,19.910919189453125,17.132600784301758,922.823974609375,888.52392578125,-18.176025390625,7.52392578125,19.67173957824707
940,688.0,861.0,785.739501953125,749.2689208984375,-92.8703842163086,93.58863830566406,692.869140625,842.8575439453125,4.869140625,-18.1424560546875,18.784494400024414
941,1337.0,149.0,1342.11669921875,205.53334045410156,28.491416931152344,-68.58712768554688,1370.608154296875,136.9462127685547,33.608154296875,-12.053787231445312,35.704368591308594
942,1363.0,411.0,1326.50830078125,401.0416564941406,21.690114974975586,7.647921085357666,1348.1983642578125,408.6895751953125,-14.8016357421875,-2.3104248046875,14.980870246887207
943,282.0,687.0,364.0,746.8623657226562,-56.95549392700195,-8.623692512512207,307.04449462890625,738.2386474609375,25.04449462890625,51.2386474609375,57.031795501708984
944,1644.0,666.0,1563.7119140625,791.0084838867188,85.4697494506836,-109.8118667602539,1649.181640625,681.1965942382812,5.181640625,15.19659423828125,16.05571174621582
945,1389.0,356.0,1344.184814453125,348.0924377441406,26.354825973510742,7.570906639099121,1370.5396728515625,355.663330078125,-18.4603271484375,-0.336669921875,18.463397979736328
946,1053.0,417.0,1010.8655395507812,405.39495849609375,10.340856552124023,4.710572242736816,1021.2064208984375,410.10552978515625,-31.7935791015625,-6.89447021484375,32.532527923583984
947,1729.0,643.0,1642.137939453125,712.97412109375,93.79314422607422,-91.78534698486328,1735.9310302734375,621.1887817382812,6.9310302734375,-21.81121826171875,22.885988235473633
948,850.0,940.0,812.1367797851562,747.6410522460938,12.046764373779297,95.87837219238281,824.1835327148438,843.5194091796875,-25.81646728515625,-96.4805908203125,99.87489318847656
949,1740.0,955.0,1613.357177734375,945.3660888671875,67.99797058105469,25.425540924072266,1681.3551025390625,970.7916259765625,-58.6448974609375,15.7916259765625,60.73384094238281
950,619.0,577.0,642.6810302734375,546.836181640625,-15.659038543701172,10.020922660827637,627.02197265625,556.8571166992188,8.02197265625,-20.14288330078125,21.681509017944336
951,726.0,175.0,735.4285888671875,271.92437744140625,11.28531551361084,-38.32024383544922,746.7139282226562,233.6041259765625,20.71392822265625,58.6041259765625,62.157142639160156
952,1118.0,843.0,1074.9747314453125,828.8067016601562,26.653484344482422,12.324667930603027,1101.628173828125,841.13134765625,-16.371826171875,-1.86865234375,16.47812271118164
953,810.0,583.0,776.4537963867188,579.218505859375,-4.74327278137207,3.151899576187134,771.7105102539062,582.3704223632812,-38.28948974609375,-0.62957763671875,38.2946662902832
954,890.0,898.0,809.7866821289062,829.7333374023438,29.156091690063477,-9.736379623413086,838.9427490234375,819.9969482421875,-51.0572509765625,-78.0030517578125,93.22724914550781
955,723.0,708.0,693.1512451171875,686.79833984375,19.07288360595703,13.849924087524414,712.22412109375,700.6482543945312,-10.77587890625,-7.35174560546875,13.044835090637207
956,371.0,776.0,450.07965087890625,825.3805541992188,-15.681208610534668,-42.283172607421875,434.3984375,783.097412109375,63.3984375,7.097412109375,63.79447555541992
957,1079.0,684.0,1051.7899169921875,641.9915771484375,38.89127731323242,42.69649887084961,1090.68115234375,684.6880493164062,11.68115234375,0.68804931640625,11.701398849487305
958,500.0,248.0,478.1916809082031,253.9583282470703,58.6768913269043,-40.76325225830078,536.8685913085938,213.195068359375,36.86859130859375,-34.804931640625,50.70183563232422
959,325.0,702.0,404.28570556640625,613.941162109375,-34.75899124145508,55.85942840576172,369.5267028808594,669.8005981445312,44.526702880859375,-32.19940185546875,54.9493293762207
960,944.0,677.0,943.413818359375,671.0344848632812,11.147533416748047,4.306338787078857,954.5613403320312,675.3408203125,10.56134033203125,-1.6591796875,10.690874099731445
961,1800.0,150.0,1795.27587890625,48.5431022644043,17.826845169067383,86.11871337890625,1813.102783203125,134.6618194580078,13.102783203125,-15.338180541992188,20.172821044921875
962,1478.0,641.0,1410.6605224609375,631.7981567382812,42.287384033203125,-14.674195289611816,1452.9478759765625,617.1239624023438,-25.0521240234375,-23.87603759765625,34.60742950439453
963,856.0,949.0,872.537841796875,822.7479248046875,25.450336456298828,107.92759704589844,897.9881591796875,930.675537109375,41.9881591796875,-18.324462890625,45.81256866455078
964,879.0,931.0,807.3504028320312,802.1880493164062,17.364185333251953,119.47837829589844,824.714599609375,921.6664428710938,-54.285400390625,-9.33355712890625,55.081939697265625
965,1296.0,140.0,1241.20166015625,174.65545654296875,43.92335891723633,-29.592954635620117,1285.125,145.0625,-10.875,5.0625,11.995604515075684
966,1397.0,184.0,1305.1270751953125,323.322021484375,69.0823745727539,-114.13711547851562,1374.20947265625,209.18490600585938,-22.79052734375,25.184906005859375,33.96597671508789
967,668.0,316.0,680.9642944335938,345.7678527832031,-7.1327338218688965,-5.978488922119141,673.83154296875,339.78936767578125,5.83154296875,23.78936767578125,24.493690490722656
968,325.0,731.0,314.1367492675781,612.5384521484375,14.178654670715332,105.60945129394531,328.3153991699219,718.1478881835938,3.315399169921875,-12.85211181640625,13.27285385131836
969,243.0,912.0,92.18348693847656,870.6055297851562,133.533203125,24.642162322998047,225.71669006347656,895.2476806640625,-17.283309936523438,-16.7523193359375,24.069753646850586
970,1560.0,794.0,1482.4705810546875,797.6302490234375,29.721290588378906,-7.230301380157471,1512.19189453125,790.3999633789062,-47.80810546875,-3.60003662109375,47.943458557128906
971,1637.0,262.0,1618.3582763671875,324.85833740234375,39.20674514770508,-33.72833251953125,1657.5650634765625,291.1300048828125,20.5650634765625,29.1300048828125,35.65780258178711
972,1631.0,955.0,1533.5963134765625,973.889892578125,94.2020492553711,-24.11267852783203,1627.79833984375,949.7772216796875,-3.20166015625,-5.2227783203125,6.12601375579834
973,1594.0,701.0,1528.72265625,667.4369506835938,51.36317443847656,32.13867950439453,1580.0858154296875,699.5756225585938,-13.9141845703125,-1.42437744140625,13.986900329589844
974,1274.0,478.0,1228.9327392578125,415.941162109375,5.340112686157227,25.56064796447754,1234.2728271484375,441.5018005371094,-39.7271728515625,-36.498199462890625,53.947818756103516
975,1404.0,700.0,1278.11865234375,640.9321899414062,83.53910064697266,89.31520080566406,1361.65771484375,730.2473754882812,-42.34228515625,30.24737548828125,52.0362663269043
976,491.0,351.0,506.8907470703125,344.739501953125,47.16496276855469,-11.515660285949707,554.0557250976562,333.2238464355469,63.05572509765625,-17.776153564453125,65.51348114013672
977,1411.0,508.0,1339.9075927734375,469.86553955078125,42.73491287231445,31.492687225341797,1382.6424560546875,501.35821533203125,-28.3575439453125,-6.64178466796875,29.124963760375977
978,849.0,978.0,838.7227172851562,805.5462036132812,35.02962875366211,144.58201599121094,873.7523193359375,950.1282348632812,24.7523193359375,-27.87176513671875,37.27616500854492
979,1767.0,927.0,1661.021728515625,930.6738891601562,63.79905319213867,2.7100670337677,1724.82080078125,933.3839721679688,-42.17919921875,6.38397216796875,42.659584045410156
980,1076.0,262.0,1135.6583251953125,313.375,-10.28781795501709,-2.580190420150757,1125.3704833984375,310.7947998046875,49.3704833984375,48.7947998046875,69.4145278930664
981,1379.0,495.0,1318.5250244140625,474.4916687011719,48.63544845581055,-6.974963188171387,1367.1605224609375,467.5166931152344,-11.8394775390625,-27.483306884765625,29.92499542236328
982,335.0,120.0,342.4102478027344,91.06837463378906,6.189748764038086,-6.740191459655762,348.6000061035156,84.32818603515625,13.600006103515625,-35.67181396484375,38.17641067504883
983,1262.0,789.0,1108.142822265625,873.6696166992188,86.72484588623047,-74.60800170898438,1194.86767578125,799.0616455078125,-67.13232421875,10.0616455078125,67.88214874267578
984,1758.0,779.0,1679.584716796875,747.1016845703125,19.319503784179688,69.68077850341797,1698.9041748046875,816.782470703125,-59.0958251953125,37.782470703125,70.14151000976562
985,775.0,475.0,759.3565063476562,476.8173828125,-22.430782318115234,-16.17784309387207,736.9257202148438,460.6395263671875,-38.07427978515625,-14.3604736328125,40.69243240356445
986,1618.0,843.0,1505.6417236328125,892.8250122070312,67.67225646972656,-20.312833786010742,1573.31396484375,872.51220703125,-44.68603515625,29.51220703125,53.55195999145508
987,1717.0,874.0,1707.0084228515625,855.1016845703125,25.06382179260254,-2.372427225112915,1732.072265625,852.729248046875,15.072265625,-21.270751953125,26.069486618041992
988,1819.0,256.0,1755.7310791015625,304.08404541015625,41.796539306640625,-17.540674209594727,1797.527587890625,286.5433654785156,-21.472412109375,30.543365478515625,37.33579635620117
989,1163.0,755.0,1122.0438232421875,756.631591796875,20.81862449645996,-12.538891792297363,1142.8624267578125,744.0927124023438,-20.1375732421875,-10.90728759765625,22.901763916015625
990,287.0,314.0,307.53509521484375,365.0438537597656,3.152643918991089,-14.568279266357422,310.687744140625,350.4755859375,23.687744140625,36.4755859375,43.492271423339844
991,668.0,398.0,697.1709594726562,475.0341796875,-7.388837814331055,-21.565420150756836,689.7821044921875,453.46875,21.7821044921875,55.46875,59.59230041503906
992,1212.0,622.0,1225.5272216796875,680.9545288085938,0.12923794984817505,-43.96055221557617,1225.656494140625,636.9939575195312,13.656494140625,14.99395751953125,20.280990600585938
993,219.0,759.0,48.82905960083008,799.6410522460938,132.9892120361328,-43.675392150878906,181.81826782226562,755.9656372070312,-37.181732177734375,-3.03436279296875,37.30534362792969
994,1270.0,490.0,1235.4705810546875,483.420166015625,32.632144927978516,20.536590576171875,1268.102783203125,503.9567565917969,-1.897216796875,13.956756591796875,14.085115432739258
995,1814.0,317.0,1696.670166015625,424.5638427734375,48.462852478027344,-104.33792877197266,1745.133056640625,320.2259216308594,-68.866943359375,3.225921630859375,68.94245910644531
996,1329.0,538.0,1336.296630859375,537.3728637695312,-7.132380485534668,-5.779362678527832,1329.164306640625,531.593505859375,0.164306640625,-6.406494140625,6.408600807189941
997,309.0,761.0,309.15093994140625,744.3773803710938,3.2193005084991455,46.658843994140625,312.3702392578125,791.0362548828125,3.3702392578125,30.0362548828125,30.224742889404297
998,321.0,368.0,282.6722717285156,372.3697509765625,22.196956634521484,-19.245742797851562,304.8692321777344,353.1240234375,-16.130767822265625,-14.8759765625,21.943025588989258
999,1450.0,373.0,1412.2347412109375,365.3652038574219,31.25425910949707,12.194957733154297,1443.489013671875,377.5601501464844,-6.510986328125,4.560150146484375,7.949082374572754
1000,1023.0,885.0,948.5811767578125,837.6239013671875,44.32005310058594,34.552772521972656,992.9012451171875,872.1766967773438,-30.0987548828125,-12.82330322265625,32.7165412902832
1001,387.0,196.0,392.92242431640625,242.0086212158203,1.9392857551574707,-52.45235061645508,394.8617248535156,189.5562744140625,7.861724853515625,-6.4437255859375,10.165053367614746
1002,749.0,219.0,679.4237060546875,235.64407348632812,39.34281539916992,-10.335369110107422,718.7665405273438,225.30870056152344,-30.23345947265625,6.3087005615234375,30.884653091430664
1003,1518.0,540.0,1435.4915771484375,513.3474731445312,40.24208450317383,0.20021535456180573,1475.733642578125,513.5476684570312,-42.266357421875,-26.45233154296875,49.86151885986328
1004,1193.0,381.0,1199.885986328125,372.122802734375,14.91672420501709,-6.635219573974609,1214.802734375,365.4875793457031,21.802734375,-15.512420654296875,26.758071899414062
1005,546.0,324.0,560.322021484375,360.4576416015625,14.902000427246094,-38.657142639160156,575.2239990234375,321.8005065917969,29.2239990234375,-2.199493408203125,29.306652069091797
1006,1813.0,306.0,1734.2689208984375,352.71429443359375,93.11895751953125,-48.399330139160156,1827.387939453125,304.3149719238281,14.387939453125,-1.685028076171875,14.486273765563965
1007,1118.0,459.0,1026.0645751953125,386.5376281738281,39.368133544921875,8.465657234191895,1065.4327392578125,395.0032958984375,-52.5672607421875,-63.9967041015625,82.81844329833984
1008,1438.0,891.0,1351.3873291015625,887.7117309570312,95.51074981689453,10.06285572052002,1446.8980712890625,897.7745971679688,8.8980712890625,6.77459716796875,11.183507919311523
1009,890.0,217.0,815.3118286132812,143.18280029296875,13.005415916442871,11.33818531036377,828.3172607421875,154.52098083496094,-61.6827392578125,-62.47901916503906,87.79742431640625
1010,1288.0,508.0,1249.4615478515625,560.2905883789062,52.805030822753906,-22.22710418701172,1302.2666015625,538.0634765625,14.2666015625,30.0634765625,33.27684783935547
1011,636.0,829.0,657.2203369140625,754.4237060546875,-36.2049446105957,73.65950012207031,621.015380859375,828.0831909179688,-14.984619140625,-0.91680908203125,15.012639999389648
1012,316.0,139.0,269.8666687011719,163.625,36.136810302734375,-5.627782821655273,306.00347900390625,157.99722290039062,-9.99652099609375,18.997222900390625,21.466833114624023
1013,882.0,965.0,868.0,862.6134643554688,-15.113465309143066,112.33817291259766,852.8865356445312,974.95166015625,-29.11346435546875,9.95166015625,30.76734161376953
1014,1325.0,697.0,1292.6722412109375,679.781494140625,-7.33575963973999,-3.108218193054199,1285.33642578125,676.6732788085938,-39.66357421875,-20.32672119140625,44.568763732910156
1015,485.0,634.0,485.6293029785156,612.1983032226562,-10.415426254272461,12.317137718200684,475.2138671875,624.5154418945312,-9.7861328125,-9.48455810546875,13.628104209899902
1016,1800.0,361.0,1739.747802734375,418.60870361328125,33.17688751220703,-41.231929779052734,1772.9246826171875,377.37677001953125,-27.0753173828125,16.37677001953125,31.642873764038086
1017,808.0,346.0,801.7999877929688,392.6583251953125,18.83601188659668,-26.07279396057129,820.635986328125,366.5855407714844,12.635986328125,20.585540771484375,24.15435028076172
1018,983.0,971.0,1016.0823364257812,837.1764526367188,-22.938997268676758,102.86487579345703,993.143310546875,940.0413208007812,10.143310546875,-30.95867919921875,32.578006744384766
1019,1013.0,128.0,987.361328125,160.69747924804688,20.761417388916016,-23.970191955566406,1008.1227416992188,136.727294921875,-4.87725830078125,8.727294921875,9.997666358947754
1020,1643.0,576.0,1629.3983154296875,593.9661254882812,18.12347984313965,-12.417631149291992,1647.5218505859375,581.5485229492188,4.5218505859375,5.54852294921875,7.157739639282227
1021,1294.0,239.0,1185.2119140625,256.2372741699219,70.47079467773438,-42.242919921875,1255.6827392578125,213.99435424804688,-38.3172607421875,-25.005645751953125,45.75472640991211
1022,161.0,887.0,251.0833282470703,805.808349609375,-82.2414321899414,81.22452545166016,168.84188842773438,887.0328979492188,7.841888427734375,0.03289794921875,7.8419575691223145
1023,547.0,684.0,561.8389892578125,684.14404296875,-21.961387634277344,16.980213165283203,539.8776245117188,701.124267578125,-7.12237548828125,17.124267578125,18.546396255493164
1024,1384.0,867.0,1331.77880859375,860.0442504882812,62.19113540649414,14.314574241638184,1393.969970703125,874.3588256835938,9.969970703125,7.35882568359375,12.391634941101074
1025,335.0,182.0,270.70587158203125,213.11764526367188,22.505573272705078,-19.601011276245117,293.2114562988281,193.51663208007812,-41.788543701171875,11.516632080078125,43.34645462036133
1026,1790.0,839.0,1644.5423583984375,946.8983154296875,105.28128051757812,-81.3221664428711,1749.8236083984375,865.576171875,-40.1763916015625,26.576171875,48.1708984375
