timestamp,target_index,target_x,target_y,original_gaze_x,original_gaze_y,rbf_gaze_x,rbf_gaze_y,poly_gaze_x,poly_gaze_y,original_dx,original_dy,rbf_dx,rbf_dy,poly_dx,poly_dy,spread,n_samples,sim_rbf_gaze_x,sim_rbf_gaze_y,sim_pwa_gaze_x,sim_pwa_gaze_y,sim_gpr_gaze_x,sim_gpr_gaze_y,subject_name,distance,is_outlier
2025-11-07T14:22:56.130,20,689,1060,684.3818181818182,1006.1,683,1053,698,1082,-4,-53,-6,-7,9,22,37.82,110,698.7234731606216,1062.6941378519932,700.7271262035334,1060.0,684.0854292913359,1067.694736953865,subject_001,54.09748241189956,False
2025-11-07T14:23:15.347,0,163,132,96.89090909090908,125.02727272727272,122,152,174,133,-66,-6,-41,20,11,1,61.28,110,150.03747743190286,145.3837758003803,163.0,132.0,144.74321979556186,155.60859934212917,subject_001,66.4757912810843,False
2025-11-07T14:23:28.159,7,1215,1060,1218.3,1030.0454545454545,1240,1114,1257,1096,3,-29,25,54,42,36,22.59,110,1261.9876760482225,1086.9794616768306,1259.8925697585232,1060.0,1260.2393435583697,1125.385370983474,subject_001,30.135772652919183,False
2025-11-07T14:23:40.970,1,1741,1060,1727.2454545454543,1037.0272727272727,1802,1031,1802,1061,-13,-22,61,-29,61,1,30.77,110,1793.2150697892212,1039.9657803423277,1741.0,1060.0,1807.2867873149405,1027.2405028279038,subject_001,26.7756179948899,False
2025-11-07T14:23:47.377,5,163,596,80.11009174311927,587.8899082568807,105,606,132,597,-82,-8,-58,10,-31,1,49.58,109,125.74472027353391,618.4640579485131,163.0,596.0,130.2905094123713,612.0423164828736,subject_001,83.2857159356628,False
2025-11-07T14:24:12.999,13,689,132,621.5446428571429,165.04464285714286,661,155,672,142,-67,33,-28,23,-17,10,50.81,112,684.5036425844863,125.64817349664916,694.9429524495403,142.61017211862617,693.1432782166595,137.61497590624953,subject_001,75.11440360427903,False
2025-11-07T14:24:32.214,9,952,364,873.3603603603603,418.8378378378378,905,391,918,382,-78,54,-47,27,-34,18,47.28,111,924.6452127317,365.66810887214376,927.6323843069854,365.62410243530223,932.8124846249476,353.5605130653205,subject_001,95.8716922839134,False
2025-11-07T14:24:45.028,6,163,1060,35.25688073394495,1073.788990825688,61,1111,23,1158,-127,13,-102,51,-140,98,88.25,109,65.3153588064084,1143.5123675030954,163.0,1060.0,74.7531958239121,1125.0396306127195,subject_001,128.48517730778312,False
2025-11-07T14:24:51.437,10,1478,364,1411.5405405405406,493.14414414414415,1423,438,1454,413,-66,129,-55,74,-24,49,51.95,111,1448.9020158845822,414.80157505695655,1427.4169477984694,391.0145633941826,1439.6906207417185,390.54339117248855,subject_001,145.24141874261284,False
2025-11-07T14:51:31.483,15,952,828,1017.2033898305084,751.5932203389831,1014,866,976,871,65,-76,62,38,24,43,23.94,118,988.2825116511456,875.4379204697478,1005.1198184413348,915.5142869616318,982.8683087940984,881.8317791458159,subject_001,100.44639378074471,False
2025-11-07T14:51:44.292,14,689,596,734.0854700854701,538.3675213675214,680,581,682,599,45,-57,-9,-15,-7,3,38.08,117,686.3769023199194,614.2630323517122,668.667691694556,597.2040101448777,685.191675754859,622.3587501872083,subject_001,73.17241424301186,False
2025-11-07T14:52:03.511,5,1741,132,1682.6260869565217,186.6782608695652,1662,176,1648,113,-58,54,-79,44,-93,-19,30.75,115,1674.5878212618002,155.9116473117478,1657.7319089983228,160.7553884911217,1667.1440383127222,153.5365624958465,subject_001,79.98266021912369,False
2025-11-07T14:52:16.309,12,689,1060,729.2735042735043,920.9401709401708,689,996,669,1041,40,-139,0,-64,-20,-19,64.31,117,686.5643513875168,1037.1417218040458,668.7556552420799,1019.323780977282,678.9142522498645,1040.6701883999394,subject_001,144.77427673663885,False
2025-11-07T14:52:22.711,13,163,596,115.4957264957265,597.4188034188035,118,594,118,586,-47,1,-45,-2,-45,-10,53.37,117,104.49857989619994,606.8172549135635,163.0,596.0,106.7397805670464,609.319447134614,subject_001,47.525456381922616,False
2025-11-07T14:52:29.121,19,952,364,919.5909090909092,353.6818181818182,862,392,863,393,-32,-10,-90,28,-89,29,43.46,110,868.9143264545609,392.29931899007,861.5389580332011,389.7676578757358,863.7813414472138,393.5226052756713,subject_001,34.011969210658286,False
2025-11-07T14:52:54.744,18,1741,596,1718.940170940171,572.7692307692307,1789,571,1782,595,-22,-23,48,-25,41,-1,37.49,117,1764.0996398326947,615.0916715845603,1741.0,596.0,1765.3902665238124,612.6753094969434,subject_001,32.03599065429595,False
2025-11-07T14:53:01.151,4,1215,1060,1218.2931034482758,946.9568965517242,1221,1076,1221,1123,3,-113,6,16,6,63,25.46,116,1228.6912079280394,1098.6902359354258,1215.0,1060.0,1229.2946061242642,1107.5467623814316,subject_001,113.09105962691584,False
2025-11-07T14:53:13.960,6,1215,132,1213.4102564102564,171.0940170940171,1195,139,1148,167,-1,39,-20,7,-67,35,44.3,117,1169.5748725916833,145.26347298802477,1176.7425500129336,132.0,1160.137015843632,140.38650753741967,subject_001,39.12632690693609,False
2025-11-07T15:44:09.367,1,1215,596,1188.871794871795,614.6068376068376,1205,638,1212,647,-26,18,-10,42,-3,51,37.73,117,1201.7395021274558,647.5018193899805,1213.763656077088,642.6589269721082,1206.481899073719,647.5182337251388,subject_001,32.07643229769779,False
2025-11-07T15:44:54.211,19,163,596,138.11304347826086,567.7304347826087,177,613,168,624,-24,-28,14,17,5,28,31.54,115,169.3676383319069,623.4556107276504,183.87520396429304,624.4562680209036,185.88898340605596,621.5464035908657,subject_001,37.66336313309363,False
2025-11-07T15:45:00.615,15,1741,596,1717.2654867256638,644.3008849557522,1697,648,1709,652,-23,48,-44,52,-32,56,39.72,113,1710.298722764395,648.8327701901877,1693.2970168552135,649.2235536848567,1691.5767043035598,648.2231551661604,subject_001,53.81730769816016,False
2025-11-07T15:45:07.022,18,689,132,655.3660714285714,157.08035714285714,682,144,693,151,-33,25,-7,12,4,19,37.49,112,686.718626588992,151.147606742636,692.1926719655679,134.39703385573648,692.100997862957,150.02646812509417,subject_001,41.9555177010274,False
2025-11-07T15:45:13.428,3,952,364,879.5726495726495,331.05982905982904,917,332,920,337,-72,-32,-35,-32,-32,-27,47.33,117,914.647566571796,334.07848979108974,922.870753221611,332.6333612393032,924.7658744707932,331.9701081079126,subject_001,79.5661734124113,False
2025-11-07T15:45:45.466,7,1741,1060,1701.6810344827586,1028.051724137931,1697,1058,1657,1102,-39,-31,-44,-2,-84,42,28.95,116,1689.3022431788015,1080.343162480222,1741.0,1060.0,1692.6270878047976,1080.3101476913637,subject_001,50.66234676665584,False
2025-11-07T15:45:58.270,20,1215,1060,1168.7118644067796,998.0677966101696,1177,1070,1166,1082,-46,-61,-38,10,-49,22,36.77,118,1168.5276507834633,1088.2196712498762,1170.172312989086,1060.0,1185.0991986574145,1096.94951869196,subject_001,77.31875136999875,False
2025-11-07T15:46:04.675,13,1215,132,1192.6949152542372,222.39830508474577,1223,182,1230,191,-22,90,8,50,15,59,47.44,118,1227.9272210005888,188.12638042478568,1225.2733334635031,169.7518065098409,1227.61852362248,181.5827961292939,subject_001,93.10945369676718,False
2025-11-07T15:46:17.475,4,426,828,351.1592920353982,815.433628318584,357,857,383,890,-74,-12,-69,29,-43,62,34.1,113,379.68473162677446,896.7509909571775,364.8876582729958,887.0819065276731,357.2364537028863,900.0309966898662,subject_001,75.8883737200785,False
2025-11-12T11:21:48.721,8,1215,596,1200.8064516129032,589.741935483871,1214,596,1230,605,-14,-6,-1,0,15,9,36.32,93,1233.4507907812033,598.6040372007037,1227.0339301751517,602.6703595550025,1231.7288090859138,601.7280872473209,subject_001,15.511936929503424,False
2025-11-12T11:22:20.754,3,689,596,621.1648351648352,563.2307692307693,637,574,645,595,-67,-32,-52,-22,-44,-1,49.24,91,658.7748492100849,611.7358099539406,663.8769065867004,603.7397244970826,663.339797664089,607.5296842760596,subject_001,75.33546358403247,False
2025-11-12T11:22:33.566,2,1741,1060,1684.054347826087,1025.3478260869565,1746,1108,1763,1166,-56,-34,5,48,22,106,20.62,92,1753.4580450366902,1108.1397788849476,1741.0,1060.0,1767.15540737741,1156.3580596848496,subject_001,66.66018645647561,False
2025-11-12T11:22:39.976,4,1478,828,1435.778947368421,808.1473684210526,1473,852,1484,871,-42,-19,-5,24,6,43,27.91,95,1481.044452546135,857.3473544710405,1475.897795671749,858.2848017046069,1480.2535620097583,859.5628816235206,subject_001,46.65559201133316,False
2025-11-12T11:22:46.379,20,952,828,926.957894736842,745.0421052631579,956,831,961,824,-25,-82,4,3,9,-4,37.77,95,962.924197686822,821.8572467154266,959.0489612193468,838.9931440052433,959.602919744956,841.2128498711096,subject_001,86.65517488978985,False
2025-11-12T11:22:52.783,17,163,132,114.17204301075267,118.88172043010752,121,97,142,97,-48,-13,-42,-35,-21,-35,39.67,93,121.3809871289512,88.39722964881601,163.0,132.0,119.5059215555109,81.59494269080983,subject_001,50.5594565103072,False
2025-11-12T11:22:59.192,1,1741,596,1675.8333333333333,645.9270833333334,1693,634,1714,608,-65,49,-48,38,-27,12,63.04,96,1717.741096922124,633.7033726108847,1702.291490675856,613.189938049436,1716.0116777223727,610.2981920238167,subject_001,82.09389803522592,False
2025-11-12T11:23:18.410,10,163,1060,203.85,1047.65,212,1078,238,1192,40,-12,49,18,75,132,114.66,20,232.9485226862893,1148.4268132578943,163.0,1060.0,228.6737499037496,1124.604437285317,subject_001,42.67604714591075,False
2025-11-12T11:23:24.818,0,1215,132,1157.4105263157894,207.7578947368421,1169,179,1171,161,-57,75,-46,47,-44,29,45.09,95,1180.1213605407847,142.93504873274583,1184.9504138566565,140.99023135459026,1183.916677110152,137.2775969036382,subject_001,95.16199921283092,False
2025-11-12T11:41:13.836,2,1741,132,1673.6,260.3428571428572,1684,251,1725,213,-67,128,-57,119,-16,81,86.4,35,1724.7459708378133,213.77044982078925,1741.0,132.0,1719.5171491117744,233.86635577609337,subject_001,144.9643024319845,False
2025-11-12T11:41:20.233,1,1215,596,1190.09375,560.375,1201,574,1203,579,-24,-35,-14,-22,-12,-17,36.6,96,1204.6761475518665,597.6323526596145,1223.024513091232,609.8382889341704,1202.608298948935,590.8101296910942,subject_001,43.467941221807365,False
2025-11-12T11:41:26.629,3,1215,132,1164.1935483870968,131.32258064516128,1179,132,1245,116,-50,0,-36,0,30,-16,73.03,93,1220.925286492392,120.36181184453136,1215.0,132.0,1223.2549820207123,118.8548961215262,subject_001,50.81096754123643,False
2025-11-12T11:41:33.035,10,689,132,630.1651376146789,143.54128440366972,664,139,681,142,-58,11,-25,7,-8,10,25.65,109,676.3811119007192,141.78293084119693,708.1573369127361,132.18646497621236,671.532032218278,147.39563292808631,subject_001,59.95616963737813,False
2025-11-12T11:42:05.064,6,689,596,679.1727272727272,579.4272727272727,679,596,671,624,-9,-16,-10,0,-18,28,48.17,110,676.9335369903571,632.673586556739,674.5875913208265,622.2385360202336,677.9204358832628,632.8851692322554,subject_001,19.267344874486447,False
2025-11-12T11:42:11.470,5,1478,828,1470.6296296296296,802.9537037037037,1445,809,1451,823,-7,-25,-33,-19,-27,-5,30.13,108,1459.4660854761655,843.9502393032103,1448.6101865316218,814.5655044841947,1460.9655819992013,844.1792930314737,subject_001,26.10822317888179,False
2025-11-12T11:42:43.505,14,426,828,460.94444444444446,748.3518518518518,451,778,417,819,34,-79,25,-50,-9,-9,52.75,108,424.8433435352862,826.1799900915462,424.50275325403857,837.1267288995738,426.88366513349513,821.4379592516241,subject_001,86.9766733150919,False
2025-11-12T11:42:56.312,19,426,364,414.3673469387755,372.8571428571428,414,393,406,389,-11,8,-12,29,-20,25,39.19,98,419.0756810102824,400.74136861057553,412.4833291513607,413.58210382532144,419.23192485450824,402.3166807483794,subject_001,14.620793303875526,False
2025-11-12T11:43:09.111,12,1478,364,1419.0,366.52777777777777,1420,370,1460,350,-59,2,-58,6,-18,-14,44.79,108,1450.1872410907272,361.8795737961308,1425.7665847634696,378.07825828974654,1453.6704133086018,362.2419934455127,subject_001,59.05412483894607,False
2025-11-12T12:00:02.850,20,1741,596,1782.5288461538462,619.7019230769231,1761,608,1704,526,41,23,20,12,-37,-70,47.78,104,1704.753610884189,566.3053632557221,1724.7104158716722,577.1188967046314,1719.4620928285683,563.7805430843382,subject_001,47.81658938500534,False
2025-11-12T12:00:09.270,4,689,596,756.495145631068,587.2233009708738,714,581,750,602,67,-8,25,-15,61,6,59.05,103,721.7281435364384,603.6046350633447,680.2937735453836,579.8300183786381,699.5960978983715,606.0030563779819,subject_001,68.06339052388547,False
2025-11-12T12:00:22.079,7,1478,828,1538.1368421052632,825.9684210526316,1484,810,1464,805,60,-2,6,-18,-14,-23,33.93,95,1479.6700767410452,812.7394614873006,1482.5016281013754,809.7331069129953,1487.0101828496856,814.2494275941964,subject_001,60.17114833051426,False
2025-11-12T12:00:28.487,18,1478,364,1506.2745098039215,422.30392156862746,1502,400,1460,350,28,58,24,36,-18,-14,47.07,102,1464.9855344931054,357.89111085562035,1488.892981043902,356.93725031713404,1476.9299514047718,347.35869798380384,subject_001,64.79811089015418,False
2025-11-12T12:00:34.894,0,426,828,475.5754716981132,771.6320754716982,456,794,466,816,49,-56,30,-34,40,-12,43.67,106,451.10105582416304,812.4462277634981,438.682055477607,825.395192682957,437.0921554180841,814.3519291639702,subject_001,75.06710537724732,False
2025-11-12T12:00:41.300,15,1741,1060,1842.5252525252524,1037.959595959596,1713,1016,1711,1021,101,-22,-28,-44,-30,-39,130.38,99,1723.4310169332914,1015.598602759492,1694.0082027704418,1011.4341182452052,1703.8508463470157,1018.6553214387365,subject_001,103.89011652019902,False
2025-11-12T12:00:54.098,1,426,364,518.0190476190476,405.0,504,417,521,411,92,41,78,53,95,47,49.73,105,503.0295592351872,423.92961930217473,489.506686110524,434.2094731173322,495.05696399296295,423.6353306549354,subject_001,100.73978918340332,False
2025-11-12T12:01:19.731,6,1215,132,1286.9126213592233,197.06796116504853,1270,158,1255,142,71,65,55,26,40,10,34.19,103,1254.5427105686967,127.14948678283106,1234.8478743448095,132.0,1252.1512353090263,120.27055160306956,subject_001,96.98074386666296,False
2025-11-12T12:01:51.752,14,952,364,962.2924528301888,361.83962264150944,970,346,951,345,10,-2,18,-18,-1,-19,45.81,106,941.3121511251458,335.67935349876285,968.0079169350686,331.9248181158331,952.9607280084876,330.21970656719355,subject_001,10.51673977964373,False
2025-11-14T09:42:32.948,9,163,1060,24.818181818181817,1023.1454545454544,39,1041,26,1169,-138,-36,-124,-19,-137,109,112.81,110,53.16041305784546,1071.888370749451,163.0,1060.0,51.84348301221051,1061.4997030749507,subject_001,143.0121407318072,False
2025-11-14T09:42:45.761,5,1741,596,1824.931623931624,594.991452991453,1845,614,1819,593,83,-1,104,18,78,-3,74.39,117,1818.0901401353583,618.1126210451497,1741.0,596.0,1852.641407599707,622.355520322002,subject_001,83.93768321122528,False
2025-11-14T09:42:58.572,0,689,596,691.5641025641025,647.8034188034188,690,652,704,637,2,51,1,56,15,41,37.31,117,690.7443419381814,663.2145522329752,683.4182313828727,658.6315337779968,683.1944073409517,670.7250367766188,subject_001,51.86683739810674,False
2025-11-14T09:43:30.606,6,1215,1060,1222.4859813084113,1056.4299065420562,1151,1066,1168,1099,7,-3,-64,6,-47,39,20.42,107,1174.435910810581,1079.5828531233522,1215.0,1060.0,1144.9026248901298,1063.9304550500256,subject_001,8.293701432312133,False
2025-11-14T09:43:37.022,10,426,364,412.88793103448273,406.0344827586207,405,397,426,386,-13,42,-21,33,0,22,32.2,116,413.1814665718499,396.2528501249058,401.2286670348374,390.8188574714782,398.30357889927654,387.27744380599273,subject_001,44.03208027496841,False
2025-11-14T09:43:43.420,2,952,828,956.7610619469026,816.6814159292036,953,835,951,820,4,-11,1,7,-1,-8,36.18,113,938.02107566917,838.52908316271,946.1542861152984,854.557422503014,950.0480076507248,844.9148352432065,subject_001,12.279171642661014,False
2025-11-14T09:43:56.245,20,1741,132,1712.991304347826,146.9217391304348,1692,153,1707,151,-28,14,-49,21,-34,19,31.28,115,1705.5870052357152,147.34669722267995,1692.055026402234,152.83211938302034,1690.0784360308492,150.57229292063835,subject_001,31.735553103937924,False
2025-11-14T09:44:09.069,12,426,828,399.5391304347826,799.1565217391304,410,803,414,831,-26,-28,-16,-25,-12,3,43.41,115,416.8780632302481,829.6498293046178,435.54292353332585,828.350418854599,435.97201692638913,831.2927933249878,subject_001,39.14235374032463,False
2025-11-14T09:54:00.686,8,426,828,358.7583333333333,807.4333333333333,349,869,366,873,-67,-20,-77,41,-60,45,35.2,120,370.81532003437184,869.433811398854,349.23887726812575,876.8680862126319,370.2411941423908,858.6824160499855,subject_001,70.31663753258465,False
2025-11-14T09:54:13.496,20,1741,132,1706.7333333333331,159.94166666666666,1707,183,1702,173,-34,27,-34,51,-39,41,51.56,120,1714.7521265517362,186.1663594090551,1710.3502174994787,190.13740782194955,1716.747512352789,199.16458017768096,subject_001,44.214716787010744,False
2025-11-14T09:54:26.306,4,1215,596,1173.0252100840337,601.5210084033613,1184,609,1205,680,-41,5,-31,13,-10,84,80.8,119,1205.189721460905,648.781243213823,1197.3592840213246,610.0209360515826,1204.9304728414054,648.4226908045695,subject_001,42.33632627282974,False
2025-11-14T09:54:51.916,11,426,364,431.10084033613447,310.4957983193277,440,362,453,348,5,-53,14,-2,27,-16,31.11,119,458.2311660078137,351.6218141440644,443.0620571700812,365.4416212217393,459.6426992995541,353.81985442564155,subject_001,53.746796831260475,False
2025-11-14T09:55:17.557,18,1741,1060,1747.2268907563025,1003.6134453781513,1792,1072,1786,1049,6,-56,51,12,45,-11,48.88,119,1785.2131415930007,1058.8091315113218,1741.0,1060.0,1788.323993196396,1056.0695445338629,subject_001,56.72933730102669,False
2025-11-14T09:55:30.372,6,1478,364,1411.475,352.44166666666666,1407,372,1429,405,-66,-11,-71,8,-49,41,41.06,120,1425.8258973667148,382.3062261011866,1411.8569776623194,376.9948162882041,1422.4974693984575,395.0969119564059,subject_001,67.52163130763694,False
2025-11-14T09:55:36.787,19,952,364,941.4201680672268,367.218487394958,969,407,972,434,-10,3,17,43,20,70,28.39,119,977.65687170566,420.37452246042346,974.7793798866636,415.48835137717657,978.8995462420828,410.7439070262536,subject_001,11.058548948086802,False
2025-11-14T09:55:55.996,16,1215,132,1163.5916666666667,110.90833333333332,1178,127,1194,150,-51,-21,-37,-5,-21,18,63.54,120,1185.720976385733,141.82211171346066,1187.2289503433478,140.69265668020478,1185.329809977478,150.09550302431512,subject_001,55.56685287911208,False
2025-11-14T09:56:08.807,2,952,828,944.9203539823008,693.433628318584,985,792,981,780,-7,-134,33,-36,29,-48,67.38,113,987.6873515337498,768.0424310829042,994.4896872202572,811.4492572664096,988.8696144939282,742.0922934422991,subject_001,134.75247595215797,False
2025-11-14T10:04:36.917,16,689,1060,724.7118644067797,998.0169491525425,712,1032,667,1096,35,-61,23,-28,-22,36,41.79,118,674.8719803519768,1093.8459871170303,689.0,1060.0,674.285434165885,1108.7002847600745,subject_001,71.53485759940202,False
2025-11-14T10:05:08.949,4,952,364,941.7310924369748,382.4033613445378,974,402,979,407,-10,18,22,38,27,43,46.2,119,986.2004042386228,415.9202621881764,1017.168095432448,423.2469743804042,986.6659850682486,425.33919894328136,subject_001,21.074491009644458,False
2025-11-14T10:05:21.762,10,952,828,937.2083333333334,713.1333333333333,932,746,945,771,-14,-114,-20,-82,-7,-57,36.24,120,936.5456186515936,782.5326898158197,920.389102897848,788.5685306138455,938.567935623557,793.5931109048443,subject_001,115.81513076402794,False
2025-11-14T10:05:28.164,6,1741,596,1741.7563025210084,572.2521008403361,1744,565,1756,587,0,-23,3,-31,15,-9,39.43,119,1747.5130175132476,576.7010374778946,1741.0,566.7557288937475,1749.5500658626013,559.3090175350247,subject_001,23.75993914135408,False
2025-11-14T10:05:40.964,14,1478,364,1439.2666666666669,375.85,1464,398,1467,397,-38,11,-14,34,-11,33,42.7,120,1464.9017680235631,396.6129878196935,1474.0784386982143,411.3508143255536,1461.041797418737,399.70278024825024,subject_001,40.50547631013731,False
2025-11-14T10:06:00.185,13,689,132,683.3949579831933,178.78151260504202,727,163,730,174,-5,46,38,31,41,42,42.25,119,744.2992995424029,167.0973289273674,763.7401269720219,149.53482248488186,744.5749024304197,157.30765900467938,subject_001,47.116095101630336,False
2025-11-14T10:06:06.591,7,1215,1060,1241.9478260869564,1049.8,1231,1077,1214,1137,26,-10,16,17,-1,77,17.33,115,1215.5142505575143,1114.3793895418178,1215.0,1060.0,1220.5508842395388,1105.713410244249,subject_001,28.813630989739032,False
2025-11-14T10:06:13.004,11,1215,132,1234.825,89.075,1237,89,1269,98,19,-42,22,-43,54,-34,25.07,120,1271.6143821870387,95.33209239192924,1215.0,132.0,1274.3810548512777,102.9312985860398,subject_001,47.281986527640754,False
2025-11-14T10:06:38.620,18,426,828,482.0508474576271,772.1694915254237,475,804,452,829,56,-55,49,-24,26,1,66.58,118,452.07234297608875,836.8663965442146,463.02376717638873,852.849760122184,450.1413441272501,851.6042891727566,subject_001,79.11221888714738,False
2025-11-14T10:29:23.199,8,689,132,691.9915966386554,203.8655462184874,692,188,711,162,2,71,3,56,22,30,54.68,119,697.5947724455659,161.78719724553775,696.3662622605486,141.76115148119675,672.2336172469506,158.96608779390394,subject_001,71.92778589481232,False
2025-11-14T10:29:42.443,12,689,1060,715.453781512605,1123.5546218487395,690,1148,691,1146,26,63,1,88,2,86,21.31,119,675.2332325599493,1153.0574750277108,689.0,1060.0,684.908884682554,1147.7562989816645,subject_001,68.84034075055791,False
2025-11-14T10:29:48.839,20,163,132,204.91666666666663,130.81666666666666,202,113,200,67,41,-1,39,-19,37,-65,38.01,120,191.3545849374384,72.25249358675812,163.0,132.0,168.77702681219034,77.53503937194108,subject_001,41.933366454676865,False
2025-11-14T10:30:01.652,15,1215,596,1275.6833333333334,679.9166666666666,1276,682,1268,689,60,83,61,86,53,93,40.6,120,1262.24375801847,688.6089563519228,1274.4223347460195,684.5990651134443,1270.6475643777828,691.5549392110607,subject_001,103.55903576650805,False
2025-11-14T10:30:20.882,3,1741,596,1798.475,572.125,1791,566,1785,541,57,-23,50,-30,44,-55,50.4,120,1795.258370525913,544.0983573226017,1741.0,596.0,1813.3747850858229,550.4599362937539,subject_001,62.23657485755454,False
2025-11-14T10:30:59.332,18,952,364,1014.2416666666668,420.8666666666667,1010,425,1022,409,62,56,58,61,70,45,58.93,120,1013.7510898527142,415.891366339063,996.885417612324,437.36537346083065,1003.1906321192412,420.9138457502251,subject_001,84.30802362303507,False
2025-11-14T10:31:05.733,19,1215,1060,1242.7203389830509,1042.542372881356,1221,1048,1226,1070,27,-17,6,-12,11,10,36.93,118,1203.3792592041557,1070.4225866510444,1186.9560629563928,1057.3660979871315,1231.9316148845126,1068.354175839003,subject_001,32.759516753897095,False
2025-11-14T10:31:12.140,6,1741,132,1751.3247863247864,163.8803418803419,1755,146,1782,57,10,31,14,14,41,-75,112.75,117,1771.696164144127,95.15698144808086,1741.0,132.0,1769.707694532555,105.10375039199153,subject_001,33.51055671068412,False
2025-11-14T10:31:18.542,0,1478,364,1549.044642857143,362.1428571428572,1548,333,1561,316,71,-1,70,-31,83,-48,45.14,112,1558.1923320995097,315.45254708365013,1552.6924793728722,294.7080567665912,1557.735913262208,306.2379366469237,subject_001,71.0689120381818,False
2025-11-14T10:40:26.826,19,426,364,451.89166666666665,350.275,438,356,415,389,25,-13,12,-8,-11,25,42.85,120,423.0013997815938,382.50724002378377,422.1237745248933,362.93119867025905,420.4191297769295,362.5630681841794,subject_001,29.30450524710795,False
2025-11-14T10:40:33.240,16,1478,364,1472.8991596638657,357.60504201680675,1481,393,1502,381,-5,-6,3,29,24,17,54.61,119,1503.3367207482052,384.8943844115765,1491.4533589752484,417.7650838170365,1508.726894470671,397.6716864074128,subject_001,8.180101450565374,False
2025-11-14T10:40:52.466,1,952,364,1032.991452991453,370.9145299145299,992,412,1002,412,80,6,40,48,50,48,35.82,117,1006.24925171305,409.07117712632066,986.7683908501012,418.17803312905875,1006.8134255232924,398.963651901971,subject_001,81.28607618532003,False
2025-11-14T10:41:30.901,5,1215,1060,1267.6637931034484,1034.4224137931035,1181,1105,1188,1078,52,-25,-34,45,-27,18,49.92,116,1193.118213063025,1079.0808045169113,1214.8241080291814,1060.0,1191.719870303092,1081.5237998310768,subject_001,58.546460355977445,False
2025-11-14T10:41:37.310,20,163,132,271.40909090909093,98.70454545454544,273,97,256,121,108,-33,110,-35,93,-11,48.83,44,273.9897235227293,110.5220980123036,163.0,132.0,265.63136039557804,100.38284784682362,subject_001,113.40687053756476,False
2025-11-14T10:41:50.121,0,952,828,1010.7542372881356,803.8474576271186,979,798,940,853,58,-24,27,-30,-12,25,136.41,118,945.8108565081836,833.3651671654147,950.740642093751,798.7411270425786,939.4549568594016,839.3179434359668,subject_001,63.52484319055325,False
2025-11-14T10:42:15.749,17,1741,132,1623.177966101695,126.864406779661,1703,110,1762,97,-117,-5,-38,-22,21,-35,35.07,118,1706.2666147022285,133.066172166963,1741.0,132.0,1702.0139952307695,165.68504050822887,subject_001,117.93390517428884,False
2025-11-14T10:42:28.556,10,426,828,444.6608695652174,753.7565217391304,388,780,399,789,18,-74,-38,-48,-27,-39,62.08,115,395.60365466073983,788.421873560686,373.3866687131246,789.363847471921,400.01175693127095,772.6147544274354,subject_001,76.55274075565333,False
2025-11-14T10:42:34.966,12,1478,828,1460.6101694915253,776.1271186440678,1450,809,1415,825,-17,-51,-28,-19,-63,-3,30.15,118,1426.134846253662,816.8118458996889,1445.0784957328342,809.0185483772268,1424.8113207044023,823.6130263373783,subject_001,54.71016382062933,False
2025-11-15T15:34:57.258,0,1215,1060,1225.596638655462,1103.2016806722688,1189,1090,1138,1094,10,43,-26,30,-77,34,21.81,119,1164.9933612958228,1101.825745166435,1215.0,1060.0,1203.4112638421807,1082.5320812226576,subject_001,44.48228820219476,False
2025-11-15T15:35:03.658,11,1215,596,1231.4173913043478,634.5130434782609,1227,611,1225,653,16,38,12,15,10,57,35.49,115,1226.9831621888495,614.4155698575067,1229.207712113574,573.161117753712,1225.584487121469,569.9526381991246,subject_001,41.8662782582652,False
2025-11-15T15:35:22.868,9,1215,132,1182.608695652174,129.04347826086956,1168,133,1210,75,-32,-2,-47,1,-5,-57,54.49,115,1211.2735571076496,102.29365984962558,1159.0279065244729,132.0,1194.1817999302289,142.0140901301427,subject_001,32.525952993685564,False
2025-11-15T15:35:42.084,19,1478,364,1478.8319327731092,350.5798319327731,1503,326,1512,359,0,-13,25,-38,34,-5,29.84,119,1521.4274676810571,325.89373094223583,1558.9579555059709,283.4622310776516,1483.9225734664387,283.7741621157223,subject_001,13.445929610539736,False
2025-11-15T15:35:48.489,16,689,1060,648.9243697478992,1130.5882352941176,634,1149,584,1107,-40,70,-55,89,-105,47,55.34,119,592.3114711076028,1128.8181622659008,586.179359858997,1060.0,623.3798303521627,1151.9488731828844,subject_001,81.17114697995098,False
2025-11-15T15:36:01.299,4,689,596,752.3362068965517,625.0603448275862,778,646,750,637,63,29,89,50,61,41,50.79,116,743.990295242517,640.0244257299812,787.1863048611013,662.9189013226899,744.8345591881323,687.6918962036964,subject_001,69.68485305675131,False
2025-11-15T15:36:33.338,7,426,364,438.436974789916,351.4117647058824,416,351,459,363,12,-12,-10,-13,33,-1,49.95,119,442.60492979120465,361.0074261037206,381.2330107796128,353.8995151766675,439.1595590741216,348.9839127590269,subject_001,17.6958189905151,False
2025-11-15T15:36:39.746,5,1478,828,1453.1666666666667,805.4833333333333,1436,810,1420,836,-24,-22,-42,-18,-58,8,20.28,120,1426.9204083082325,806.4883485430939,1420.0343723297276,812.2891937592251,1442.302320302551,806.1901647155539,subject_001,33.521556082947846,False
2025-11-15T15:36:58.958,1,426,828,387.63793103448273,810.6206896551724,362,826,382,828,-38,-17,-64,-2,-44,0,67.8,116,356.91789021640784,818.2806044889836,333.56576449735996,827.6279970988213,372.15071274502185,829.1313619561594,subject_001,42.11518447516208,False
2025-11-15T15:40:15.872,19,426,364,434.8434782608696,383.60869565217394,433,392,400,376,8,19,7,28,-26,12,32.16,115,431.7312438976596,391.7244096872113,429.6793244698948,405.5917788684987,440.634687020285,369.7352356347694,subject_001,21.510649756110524,False
2025-11-15T15:40:22.283,11,1478,364,1445.4237288135594,380.0847457627119,1461,377,1431,369,-32,16,-17,13,-47,5,35.7,118,1484.003584307215,385.9607799793555,1512.930375959032,375.9147171724157,1458.3714750608067,412.724238835112,subject_001,36.3308751706259,False
2025-11-15T15:40:47.910,0,1478,828,1518.2833333333333,772.0583333333333,1409,770,1424,792,40,-55,-69,-58,-54,-36,106.74,120,1486.3470313131604,809.3384159087543,1417.7452778599693,774.5660029839194,1513.2819276773644,811.4653909580128,subject_001,68.9363257933645,False
2025-11-15T15:41:00.729,20,952,364,980.4789915966388,403.3445378151261,983,411,958,381,28,39,31,47,6,17,37.85,119,1000.6509683013936,408.7278557590975,985.92086695744,423.0142427647887,989.1154918401328,414.8825624598265,subject_001,48.57000739393924,False
2025-11-15T15:41:07.125,15,1741,596,1721.7203389830509,546.2627118644068,1725,575,1647,564,-19,-49,-16,-21,-94,-32,34.81,118,1708.5791414307807,593.8602307049831,1709.0023006643955,621.0627826779086,1728.75610243723,594.5984324284623,subject_001,53.34325786837065,False
2025-11-15T15:41:13.530,1,689,132,708.0083333333333,146.7,718,152,753,138,19,14,29,20,64,6,40.29,120,725.232325584424,149.5790082766469,732.8959793153043,161.36253728779877,726.8422263909164,143.64408921668,subject_001,24.02928913037401,False
2025-11-15T15:41:39.159,3,1741,132,1701.6470588235295,128.78991596638656,1732,118,1807,124,-39,-3,-9,-14,66,-8,75.56,119,1757.9302357442762,137.37563959310398,1741.0,132.0,1728.1975611042956,172.32732018885773,subject_001,39.48365001797082,False
2025-11-15T15:41:51.963,9,952,828,1003.0593220338984,803.728813559322,1000,807,941,790,51,-24,48,-21,-11,-38,88.41,118,1019.1521149320888,816.1806193610124,1005.5201236756728,816.3933356297331,993.002911439508,819.0035235853315,subject_001,56.53445726103236,False
2025-11-15T15:42:04.772,13,1741,1060,1794.8817204301076,1012.537634408602,1749,1088,1688,1111,53,-47,8,28,-53,51,69.19,93,1706.5604729606505,1098.656013453466,1741.0,1060.0,1780.4724949946117,1066.629768917267,subject_001,71.80470697690924,False
2025-11-15T15:45:58.138,17,163,132,140.56034482758622,85.75862068965517,118,60,109,102,-22,-46,-45,-72,-54,-30,31.87,116,118.30919890337736,69.02905965581097,163.0,132.0,107.5284083092044,13.250631540898503,subject_001,51.39847551027192,False
2025-11-15T15:46:04.532,3,689,596,644.8305084745763,542.6271186440678,637,527,620,524,-44,-53,-52,-69,-69,-72,41.53,118,624.064837660259,523.4794580954083,625.0330961819202,523.4702545244896,630.4343174069662,515.2137919127006,subject_001,69.2792064464432,False
2025-11-15T15:46:10.937,7,1215,596,1189.142857142857,568.8403361344538,1187,534,1192,561,-25,-27,-28,-62,-23,-35,52.45,119,1190.515204845553,552.2750265945047,1186.7184703480243,528.8484361602435,1187.7207005796315,571.7797475205334,subject_001,37.49985570671111,False
2025-11-15T15:46:17.341,13,426,364,459.0847457627119,328.89830508474574,450,359,441,317,33,-35,24,-5,15,-47,40.49,118,443.33585413749586,328.7500600773678,438.2342019003764,379.8744256149416,441.22818140221653,283.09133425553534,subject_001,48.23618339075834,False
2025-11-15T15:46:36.552,20,1478,364,1460.0840336134454,338.47899159663865,1500,375,1519,329,-17,-25,22,11,41,-35,34.99,119,1513.8696228253457,326.63995817831756,1512.886311009151,382.11069185181674,1521.167522463409,346.97550222472273,subject_001,31.18178509143752,False
2025-11-15T15:46:42.948,1,1741,596,1759.391304347826,599.7739130434783,1786,635,1782,646,18,3,45,39,41,50,31.27,115,1783.395694763478,632.8437693265046,1741.0,596.0,1780.4900543755934,634.6485654464632,subject_001,18.774517178188617,False
2025-11-15T15:46:55.770,2,426,828,532.9243697478992,816.1344537815127,479,788,474,791,106,-11,53,-40,48,-37,260.78,119,477.51066822199795,787.4272110783726,461.21882934758383,773.9726044411137,460.9956170729587,793.4249047696948,subject_001,107.5807233339157,False
2025-11-15T15:47:27.793,0,689,132,690.1344537815127,165.57142857142858,706,155,706,138,1,33,17,23,17,6,38.59,119,704.9938481257013,151.07873035396233,709.7479359573698,150.5277554406534,709.3201664761154,125.80292475398782,subject_001,33.59059096992668,False
2025-11-15T15:47:34.194,15,952,364,962.8583333333332,325.9583333333333,986,297,985,300,10,-38,34,-67,33,-64,46.44,120,983.028393628018,297.490217937863,989.8533970720904,287.33974545006015,990.8624119670288,307.176140956375,subject_001,39.56098842996159,False
2025-11-15T15:52:35.365,3,1741,132,1724.5729166666667,163.21875,1727,177,1721,189,-16,31,-14,45,-20,57,70.69,96,1723.774329866157,186.4001665962829,1726.5201469487276,193.71860204853192,1726.9426159720294,200.27097870832523,subject_001,35.27689638279954,False
2025-11-15T15:52:48.174,20,163,1060,119.7563025210084,990.0,142,1012,226,1109,-43,-70,-21,-48,63,49,36.73,119,205.8239030658752,1064.2385649398914,163.0,1060.0,176.0321772857051,1086.9140432634458,subject_001,82.28011528707617,False
2025-11-15T15:52:54.582,17,689,132,695.3865546218487,149.30252100840335,698,149,718,138,6,17,9,17,29,6,33.52,119,709.7264155490578,146.780540900799,702.3233422299105,148.21642865017213,709.8748928617666,148.6422762130843,subject_001,18.44357105291968,False
2025-11-15T15:53:00.985,4,1478,364,1455.042735042735,382.5811965811966,1464,390,1457,376,-22,18,-14,26,-21,12,47.97,117,1464.9693914012628,389.7585552011536,1483.9273715533093,409.5402483753857,1468.905438568141,411.3875912826073,subject_001,29.53467251735043,False
2025-11-15T15:53:13.794,0,426,364,433.3666666666667,266.25,457,258,456,258,7,-97,31,-106,30,-106,39.48,120,458.4786356495177,266.2439854852231,466.4632926411852,256.33904675306525,463.3761852509841,250.18584765317144,subject_001,98.02719152244327,False
2025-11-15T15:53:26.602,19,1741,596,1722.825,653.8166666666667,1714,653,1712,636,-18,57,-27,57,-29,40,92.94,120,1719.4067546235965,653.5303278542243,1704.423339381315,659.7694259906006,1738.9432740750974,657.6507088259573,subject_001,60.606085250941995,False
2025-11-15T15:53:39.401,11,1741,1060,1746.9568965517242,1037.2155172413793,1755,1018,1754,1009,5,-22,14,-42,13,-51,33.86,116,1758.1416907075472,1022.2419754340892,1741.0,1060.0,1773.128439318563,1013.796088781678,subject_001,23.55031360950056,False
2025-11-15T15:53:45.810,9,1478,828,1458.8034188034187,840.957264957265,1474,810,1472,821,-19,12,-4,-18,-6,-7,31.99,117,1474.2006209972049,826.3349343062209,1475.9182128248628,811.6790536255799,1479.5826182981357,810.0743046842822,subject_001,23.160298892926797,False
2025-11-15T15:53:52.214,10,1215,596,1190.059829059829,585.8119658119658,1190,562,1205,571,-24,-10,-25,-34,-10,-25,26.34,117,1208.181784834031,576.1391941869723,1191.6512606602855,554.3295337452204,1214.2170596743788,553.329822479724,subject_001,26.940827142860673,False
2025-11-15T15:57:57.504,1,163,596,189.4033613445378,538.3613445378152,201,549,182,587,26,-57,38,-47,19,-9,30.79,119,207.46456214902025,567.4929106376335,216.71161464845488,564.58170994633,189.9174384203898,582.4721071141013,subject_001,63.39836033982805,False
2025-11-15T15:58:10.312,18,689,1060,793.1932773109244,1041.8823529411766,796,1047,802,1053,104,-18,107,-13,113,-7,27.53,119,816.8000306936083,1070.8285760394804,814.572234948931,1060.0,803.0499723271122,1059.6560376837438,subject_001,105.75674054990198,False
2025-11-15T15:58:23.123,8,1478,828,1499.310924369748,753.453781512605,1476,761,1483,776,21,-74,-2,-67,5,-52,46.16,119,1475.3443669621192,768.3925448136162,1454.2009843888848,769.9092609278913,1489.6795761886767,753.3380290051462,subject_001,77.53253632033163,False
2025-11-15T15:58:48.735,17,426,828,436.8571428571428,706.2689075630252,440,718,423,752,10,-121,14,-110,-3,-76,30.6,119,457.2245386709867,746.1860770113801,464.1813146858363,746.5152449255525,439.8670563232528,740.9314818756782,subject_001,122.21430528755506,False
2025-11-15T15:59:01.543,15,1215,596,1205.1680672268908,582.5546218487395,1194,597,1163,621,-9,-13,-21,1,-52,25,46.99,119,1160.1631554664636,613.2465514444815,1143.9145447979704,631.8794023703258,1193.5645692258963,599.6636824073437,subject_001,16.65668321381333,False
2025-11-15T15:59:20.745,10,1741,132,1826.9666666666667,140.35,1806,124,1799,95,85,8,65,-8,58,-37,55.69,120,1792.7829958313048,112.13425149193144,1741.0,132.0,1791.6770270163934,119.62799005749623,subject_001,86.37123524517744,False
2025-11-15T15:59:27.149,7,1215,1060,1208.9327731092435,1055.453781512605,1229,1058,1221,1057,-6,-4,14,-2,6,-3,18.34,119,1200.8747791128096,1062.5337800623538,1230.0645126386034,1058.3179936097156,1215.4587124786929,1058.440601857513,subject_001,7.5815133501861425,False
2025-11-15T15:59:33.562,19,1215,132,1256.8583333333331,169.69166666666666,1229,161,1200,166,41,37,14,29,-15,34,36.8,120,1218.6818487411824,171.81409755448442,1179.5593475009368,142.5229315881287,1230.24694596575,163.12344100618398,subject_001,56.32745161602411,False
2025-11-15T16:00:05.566,20,163,132,191.41666666666663,159.4,179,167,179,171,28,27,16,35,16,39,66.34,120,176.11521338099337,174.34644475014423,174.8489627160074,170.5242468943882,178.76571731327928,184.68177294659955,subject_001,39.47489004980815,False
2025-11-17T15:35:41.287,16,1478,364,1496.271186440678,378.271186440678,1499,390,1519,381,18,14,21,26,41,17,77.76,118,1520.829632187793,386.0636670699924,1502.8828738005404,396.2338633263349,1502.917916366499,400.0878658451075,subject_001,23.18411129145584,False
2025-11-17T15:35:54.119,17,1741,1060,1736.9579831932774,989.5714285714286,1748,1025,1759,1060,-4,-70,7,-35,18,0,28.07,119,1746.1237976689265,1032.5670697067353,1741.0,1060.0,1754.704981609684,1059.0044795515755,subject_001,70.54446522112998,False
2025-11-17T15:36:00.522,19,1215,1060,1252.1505376344087,968.0752688172043,1249,975,1204,1007,37,-91,34,-85,-11,-53,94.95,93,1207.9545436322128,1002.411640623443,1197.9868569277246,1002.8960510435202,1198.3843753554522,1017.2537562569388,subject_001,99.14796341607256,False
2025-11-17T15:36:06.917,13,426,828,527.375,748.5625,512,766,437,741,101,-79,86,-62,11,-87,53.99,16,432.7726976066636,769.653482860051,441.60324872696225,813.1883146053998,443.4545049352174,803.9935917990113,subject_001,128.79133135133748,False
2025-11-17T15:36:58.165,10,1215,132,1200.4083333333333,200.15,1212,208,1198,203,-14,68,-3,76,-17,71,46.42,120,1214.226944046128,209.37086518572357,1228.600497607095,218.87850191355895,1223.6919820634896,201.23844256113577,subject_001,69.69461411121459,False
2025-11-17T15:37:04.572,12,689,596,802.8256880733945,584.4954128440367,777,588,757,591,113,-11,88,-8,68,-5,46.25,109,745.8472535288962,610.0874282363862,736.2100976244294,606.8024407425827,729.7881376379614,599.7790342896889,subject_001,114.4056064666888,False
2025-11-17T15:37:17.380,15,163,596,218.84873949579836,629.9663865546219,177,617,126,611,55,33,14,21,-37,15,35.76,119,126.4158785864024,627.5648146899896,163.0,596.0,133.75278836221528,613.2534748012752,subject_001,65.36663612920236,False
2025-11-17T15:37:30.187,6,1741,132,1658.268907563025,147.3613445378151,1673,142,1680,127,-82,15,-68,10,-61,-5,81.22,119,1702.7563856886604,136.24687242602312,1741.0,132.0,1708.505254280963,136.91548969091835,subject_001,84.14513985860829,False
2025-11-17T15:37:36.582,14,1741,596,1641.638655462185,582.9243697478992,1644,582,1680,601,-99,-13,-97,-14,-61,5,46.93,119,1663.6336467051856,593.3503383712477,1647.6118325497955,580.8807493026695,1644.3305651004482,620.8730836082285,subject_001,100.2180068393502,False
2025-11-18T12:24:15.609,11,163,132,166.25210084033614,138.23529411764707,163,140,163,143,3,6,0,8,0,11,30.01,119,174.46454230991236,139.88100710727946,163.0,132.0,176.31994118709585,158.01439269194478,subject_001,7.032428642316907,False
2025-11-18T12:24:22.013,20,163,596,170.73949579831933,561.4705882352941,161,572,183,595,7,-34,-2,-24,20,-1,35.43,119,171.58415681828134,584.8169108479874,163.0,594.8244605002964,159.26697430549729,582.3013166569974,subject_001,35.38615650263263,False
2025-11-18T12:24:34.824,6,689,596,657.6974789915967,590.5798319327731,666,599,642,623,-31,-5,-23,3,-47,27,72.61,119,669.4042273230214,628.2514479743586,689.03638539713,635.893996329621,645.6899441051044,636.2607149562689,subject_001,31.76831823308434,False
2025-11-18T12:24:54.030,14,426,364,434.045871559633,326.1743119266055,434,335,423,335,8,-37,8,-29,-3,-29,28.61,109,449.2758994386138,338.4869077354325,436.3211519758122,342.9022250041245,435.0656022974614,359.95369507361215,subject_001,38.67193720748739,False
2025-11-18T12:25:26.047,3,1478,828,1536.669811320755,798.1509433962265,1528,827,1557,992,58,-29,50,-1,79,164,85.57,106,1479.4280415107028,912.5952073142583,1425.705320860057,871.6456423370879,1515.8032814889734,888.9885430688361,subject_001,65.82638483578036,False
2025-11-18T12:25:32.452,8,1478,364,1448.559633027523,428.1651376146789,1446,450,1488,571,-29,64,-32,86,10,207,45.56,109,1418.5071721093682,511.76723296063307,1405.03481164984,524.852079853594,1446.3596206641964,513.7970060240564,subject_001,70.5967427901939,False
2025-11-18T12:25:38.864,0,426,828,421.8050847457627,816.5084745762712,437,824,413,853,-4,-11,11,-4,-13,25,41.26,118,434.0091796496919,866.4588569501148,458.5049241219262,847.7174212357224,397.83556977740665,850.6182707352145,subject_001,12.23325265636408,False
2025-11-18T12:26:04.484,5,1215,132,1215.5,75.2719298245614,1219,97,1226,116,0,-56,4,-35,11,-16,60.17,114,1220.361218787919,121.93072265385922,1217.9715762813255,154.78987454592624,1230.8143196119272,148.35118694486997,subject_001,56.7302736273102,False
2025-11-18T12:26:10.891,1,1741,132,1772.135593220339,135.6949152542373,1777,152,1897,362,31,3,36,20,156,230,58.58,118,1791.4332061417358,206.1410458236999,1741.0,132.0,1785.4560720115264,237.232875421909,subject_001,31.354067741178515,False
2025-11-18T12:35:29.201,9,1478,828,1515.5084745762713,814.0,1513,840,1506,826,37,-14,35,12,28,-2,50.25,118,1504.96713843554,825.1074537134944,1505.3854042449434,852.1508930270297,1502.462843783766,839.188434767687,subject_001,40.03605456384019,False
2025-11-18T12:35:35.605,5,426,828,404.8684210526316,775.6052631578947,395,800,421,819,-21,-52,-31,-28,-5,-9,39.14,114,412.19031897076127,819.9496003369934,387.6251313976622,827.073135945826,413.865903689392,819.0515266437791,subject_001,56.495593434907214,False
2025-11-18T12:36:01.230,18,1215,132,1170.7586206896551,168.93965517241378,1178,170,1191,171,-44,36,-37,38,-24,39,63.89,116,1176.7488134015732,169.6362711384458,1180.2832680447746,168.5810721738507,1178.9694084977543,173.79914030072038,subject_001,57.63538641788262,False
2025-11-18T12:36:07.636,10,689,1060,664.4587155963303,1009.3394495412844,684,1037,702,1057,-24,-50,-5,-23,13,-3,42.01,109,694.604038304276,1053.7140129495092,700.1373748236288,1060.0,695.8602258257085,1063.9346571413553,subject_001,56.29179347792958,False
2025-11-18T12:36:20.435,19,1478,364,1458.8684210526317,320.6929824561403,1458,309,1459,324,-19,-43,-20,-55,-19,-40,54.09,114,1455.1533739451115,317.4968758471549,1456.0311772256043,303.98240095112044,1455.6336149560384,319.60129089510144,subject_001,47.344641529570765,False
2025-11-18T12:36:26.839,13,689,596,660.1478260869566,570.895652173913,673,581,683,599,-28,-25,-16,-15,-6,3,42.15,115,677.5173748424692,592.9299537268892,676.9816957678992,583.7001580410537,676.7174328504475,584.6522411863878,subject_001,38.24495024551163,False
2025-11-18T12:36:46.061,2,163,596,198.81415929203536,609.6725663716815,172,641,185,643,35,13,9,45,22,47,20.73,113,187.44076395543024,646.3521839526098,170.37516550845132,649.7196950524645,188.52017903570683,643.6034939814504,subject_001,38.335271969601536,False
2025-11-18T12:37:05.279,16,1741,1060,1753.3189655172414,1077.801724137931,1724,1077,1713,1081,12,17,-17,17,-28,21,53.82,116,1703.3650494819806,1080.9982915771063,1741.0,1060.0,1713.033959305524,1075.3259689220451,subject_001,21.64851712468952,False
2025-11-18T12:37:11.686,7,163,1060,146.52991452991452,1039.6752136752136,160,1075,153,1103,-16,-20,-3,15,-10,43,42.82,117,155.66884731800025,1096.686357811913,163.0,1060.0,158.9619150850899,1087.5667441136063,subject_001,26.16028773809921,False
2025-11-18T12:44:42.984,19,163,1060,143.1764705882353,1030.0840336134454,173,1044,192,1065,-19,-29,10,-16,29,5,30.42,119,188.0747447564385,1052.3560043525558,185.60545960479564,1051.372209698111,187.3831511260606,1050.7552997576563,subject_001,35.887844225873536,False
2025-11-18T12:44:49.388,20,163,596,175.26666666666668,600.2083333333334,192,602,193,605,12,4,29,6,30,9,24.5,120,203.5105741514657,605.8727541589999,194.3802920632034,603.4828361959321,199.75705519764523,603.7275687139863,subject_001,12.96846870511535,False
2025-11-18T12:45:15.011,9,689,1060,709.4621848739496,1029.0840336134454,748,1067,766,1053,20,-30,59,7,77,-7,63.32,119,758.0690349955768,1060.2842829220249,749.0902919904978,1060.0,760.2659646081399,1084.4365009538935,subject_001,37.074222681403114,False
2025-11-18T12:45:21.417,3,426,828,372.16806722689074,802.4117647058823,409,822,410,821,-53,-25,-17,-6,-16,-7,46.76,119,415.25299655182766,825.3120337161142,426.9562514682682,832.3648799437511,416.15862719884336,833.2581745695182,subject_001,59.60398284977007,False
2025-11-18T12:45:47.040,0,952,364,927.8813559322034,357.3813559322034,957,358,947,365,-24,-6,5,-6,-5,1,43.05,118,947.4396817230177,362.16276647279096,963.5595909995182,360.1119933801798,949.268935403085,358.93657453042965,subject_001,25.010306694745648,False
2025-11-18T12:45:59.841,2,1741,132,1783.3949579831933,154.7731092436975,1770,161,1740,190,42,22,29,29,-1,58,51.62,119,1749.697996630171,182.87883255257412,1741.0,132.0,1753.1635589877983,172.0950677607136,subject_001,48.12428666507282,False
2025-11-18T12:46:12.654,13,1215,1060,1177.428571428571,1026.9747899159663,1185,1028,1214,1044,-37,-33,-30,-32,-1,-16,118.31,119,1198.731312620082,1035.3988830698172,1191.097615911007,1028.6355953174027,1195.9908750952168,1028.495981949558,subject_001,50.022762278712115,False
2025-11-18T12:46:31.871,11,952,828,875.7394957983194,791.0588235294117,906,801,911,808,-76,-36,-46,-27,-41,-20,43.99,119,910.5731646014158,807.8299904082346,919.4527437479096,803.6772235453165,912.2010561085835,805.9853343308243,subject_001,84.73673949430493,False
2025-11-18T12:46:38.276,17,1215,132,1200.7731092436975,134.7731092436975,1195,158,1209,148,-14,2,-20,26,-6,16,32.95,119,1195.2783491007883,156.25600799144408,1189.1426832798284,177.63049256167938,1197.757293438184,178.10670392384463,subject_001,14.494638852667087,False
2025-11-21T15:51:05.765,5,689,132,688.9583333333334,153.10833333333332,690,152,679,139,0,21,1,20,-10,7,35.39,120,685.5603616362218,148.71543581116262,691.8590786288601,147.9774395083937,691.6776859542889,154.82644652760098,subject_001,21.108374457125343,False
2025-11-21T15:51:31.369,6,1215,1060,1167.1680672268908,943.1008403361344,1173,986,1216,995,-47,-116,-42,-74,1,-65,84.31,119,1197.49339162941,1010.2699586170352,1173.880698662906,1023.4617774192528,1167.1816543815676,1004.517214216269,subject_001,126.30640254131688,False
2025-11-21T15:51:44.161,13,952,828,968.6260869565216,786.2869565217392,980,802,991,813,16,-41,28,-26,39,-15,39.77,115,988.3008863845376,825.5038034750525,994.9897676013234,825.9293281916171,993.6433111642986,822.9744523168406,subject_001,44.90439581717023,False
2025-11-21T15:51:56.962,15,1478,364,1467.5478260869563,369.6695652173913,1462,364,1476,375,-10,5,-16,0,-2,11,22.82,115,1464.696146886632,375.3776664751888,1453.5748648141546,354.5270835227759,1453.3171169359898,362.1947138074963,subject_001,11.890832992804343,False
2025-11-21T15:52:09.771,4,1478,828,1454.0420168067226,826.6218487394958,1526,861,1510,880,-23,-1,48,33,32,52,35.49,119,1498.0466183480623,905.7871450424428,1530.1398190193254,900.3796979885219,1543.604855527736,909.2333674433904,subject_001,23.997588620238332,False
2025-11-21T15:52:22.585,7,163,596,166.3760683760684,616.7692307692307,158,627,151,632,3,20,-5,31,-12,36,35.02,117,143.9736501682891,637.2151052054271,163.0,596.0,143.88396392280978,641.7651637794451,subject_001,21.041834150697248,False
2025-11-21T15:52:41.801,20,1741,596,1745.0252100840337,544.7899159663865,1739,561,1782,582,4,-51,-2,-35,41,-14,44.67,119,1764.9249943702248,606.5520062298547,1738.717171700264,599.4838000871941,1739.5651555876332,602.3972880484465,subject_001,51.36803503104205,False
2025-11-21T15:52:48.211,11,952,364,943.915254237288,349.3728813559322,944,353,940,342,-8,-14,-8,-11,-12,-22,34.15,118,943.1157111079618,353.8737660516499,943.867853480079,360.18635059457256,944.2765206346908,356.85633606100805,subject_001,16.712741064090192,False
2025-11-21T15:53:07.424,19,689,596,688.1596638655462,558.2689075630252,688,577,687,563,0,-37,-1,-19,-2,-33,46.44,119,693.7558691479004,586.2183477318683,690.6252779565843,607.5092620135368,690.750450327782,597.1728893362459,subject_001,37.74044914023156,False
2025-11-21T16:10:42.910,16,1215,1060,1256.5,1039.6949152542372,1225,1063,1217,1066,41,-20,10,3,2,6,32.84,118,1219.6930084123912,1080.8002634840689,1215.0,1060.0,1224.24158967098,1063.91933897771,subject_001,46.20115222083328,False
2025-11-21T16:11:02.115,10,1741,1060,1779.1515151515152,1022.818181818182,1770,1044,1679,1045,38,-37,29,-16,-62,-15,36.41,33,1732.7252742228025,1100.490041825965,1741.0,1060.0,1742.7964757521324,1131.073413357347,subject_001,53.273123727279874,False
2025-11-21T16:11:08.535,3,952,364,974.6916666666668,394.2416666666667,971,377,962,392,22,30,19,13,10,28,42.94,120,961.5835923975338,388.24399266358427,967.6663348565324,364.0083026072056,957.557330781385,363.250373343715,subject_001,37.808334251708274,False
2025-11-21T16:11:34.160,17,1215,132,1237.3275862068965,163.35344827586206,1221,147,1238,171,22,31,6,15,23,39,42.28,116,1221.2685234879282,159.32767947543482,1205.3360504303052,132.0,1214.239395160519,128.98596312488274,subject_001,38.4910356396597,False
2025-11-21T16:12:12.585,8,426,364,431.0847457627119,382.5508474576271,430,380,418,387,5,18,4,16,-8,23,43.92,118,424.66764473051273,394.7796302349153,428.0996127840616,378.72804085109703,420.19941429421186,380.1744912233183,subject_001,19.23508723316761,False
2025-11-21T16:12:31.791,12,163,1060,165.69747899159665,1003.2100840336136,171,1014,182,1093,2,-56,8,-46,19,33,42.59,119,167.32105563283702,1045.2720675655353,185.04469256378053,1040.5072069227606,142.87298669392666,1040.5805604920138,subject_001,56.8539440002128,False
2025-11-21T16:12:38.196,4,1741,132,1740.7203389830509,97.91525423728814,1748,139,1716,136,0,-34,7,7,-25,4,40.3,118,1721.1714083111845,143.68801388639113,1741.0,132.0,1720.1040586491788,170.10971071980873,subject_001,34.08589303499477,False
2025-11-21T16:12:44.599,11,1478,364,1481.327731092437,345.109243697479,1466,358,1447,356,3,-18,-12,-6,-31,-8,36.28,119,1450.8461121309588,363.5854735516266,1446.0285209287738,370.37214221580473,1458.7037524752946,369.3222278350578,subject_001,19.18161796889955,False
2025-11-21T16:12:51.010,2,426,828,446.95,776.6333333333333,440,796,438,811,20,-51,14,-32,12,-17,42.63,120,432.43160621332686,812.1436725115385,427.546989344366,826.2154202361659,427.43178485164265,825.8253511038887,subject_001,55.47465136839027,False
2025-11-24T14:37:30.846,3,1741,1060,1581.4225352112676,991.5352112676056,1479,1077,1711,1061,-159,-68,-262,17,-30,1,106.42,71,1703.6045295336094,1039.7583973306137,1700.707175512742,1035.0044119842998,1646.180998651374,1039.245613412327,subject_001,173.64444870070142,False
2025-11-24T14:37:50.067,1,1741,596,1570.3050847457628,535.7457627118644,1582,526,1629,610,-170,-60,-159,-70,-112,14,56.47,59,1642.6750185686972,579.6728927022998,1655.8871832298848,613.9109481816697,1632.8623203400457,598.3694868416399,subject_001,181.0174776225384,False
2025-11-24T14:38:15.691,5,426,364,403.0677966101695,253.1271186440678,344,303,403,278,-22,-110,-82,-61,-23,-86,71.91,118,415.6190051769472,259.60465811119457,424.0395828754003,246.95151006796107,445.87769658852665,247.071289767432,subject_001,113.21961743655191,False
2025-11-24T14:38:22.095,7,1215,1060,1190.6382978723404,1077.2553191489362,1159,1104,1294,1097,-24,17,-56,44,79,37,107.92,47,1302.898428921623,1122.9338010702843,1215.0,1060.0,1249.5867274035172,1105.855234212237,subject_001,29.85361903502584,False
2025-11-24T14:38:28.500,15,163,596,150.21666666666667,514.0833333333334,175,493,176,543,-12,-81,12,-103,13,-53,57.45,120,193.08886457209584,540.2058040949837,207.59461563793124,585.5521903287552,190.18028643335649,570.8911221952783,subject_001,82.90810508562407,False
2025-11-24T14:38:54.131,0,689,132,655.2268907563025,190.9243697478992,577,256,663,184,-33,58,-112,124,-26,52,33.99,119,665.7828551324474,183.55952071385383,670.3161901207086,183.8983874029283,701.7551823347746,176.69188853885527,subject_001,67.91689228883976,False
2025-11-24T14:39:06.942,4,1741,132,1692.311320754717,141.6320754716981,1912,-43,4125,-3131,-48,9,171,-175,2384,-3263,120.92,106,1768.392504885266,143.99484991297413,1741.0,132.0,1755.050334127675,152.6205675059308,subject_001,49.632291550386306,False
2025-11-24T14:39:13.345,19,1478,364,1350.25,335.3333333333333,1388,304,1395,345,-127,-28,-90,-60,-83,-19,65.72,120,1393.509937265658,340.3883714985108,1379.053842498647,310.67249488538613,1408.4306265282553,319.6443706877401,subject_001,130.9268508663436,False
2025-11-24T14:39:19.749,17,1478,828,1393.7540983606557,716.7868852459017,1335,766,1435,806,-84,-111,-143,-62,-43,-22,106.82,61,1465.7537089995812,767.9715872692077,1471.7637623933758,785.8616144593141,1454.3187501799807,778.9751444532628,subject_001,139.5196360242325,False
2025-11-24T14:45:39.542,12,689,596,616.7304347826087,569.3913043478261,605,589,580,631,-72,-26,-84,-7,-109,35,53.59,115,602.1326426968784,616.3133986799414,604.8058379918388,616.2838113002307,608.4041706072447,609.5492471807228,subject_001,77.01241939467165,False
2025-11-24T14:45:45.943,13,1215,596,1188.324074074074,557.3148148148148,1239,551,1196,542,-26,-38,24,-45,-19,-54,90.09,108,1220.1019674558092,535.1819657916151,1287.3900945498572,529.7341145485511,1233.9284255515631,552.5940915104937,subject_001,46.990941433616435,False
2025-11-24T14:57:46.401,8,1215,132,1237.7777777777778,75.76923076923077,1272,88,1280,134,22,-56,57,-44,65,2,68.48,117,1267.505099594929,109.4394720584281,1273.1486361595696,132.0,1258.3791777952752,114.76112985127511,subject_001,60.6689918226589,False
2025-11-24T14:57:52.807,6,1741,1060,1746.5454545454545,910.6969696969696,1796,922,1829,922,5,-149,55,-138,88,-138,106.82,66,1836.0045850406875,948.4074840306972,1741.0,1060.0,1828.344427456242,985.1710295194116,subject_001,149.4059802142582,False
2025-11-24T14:57:59.211,3,689,1060,725.6271186440678,900.2542372881356,725,980,733,1057,36,-159,36,-80,44,-3,86.41,59,724.4208313246703,1027.8835299944485,709.876603360372,1049.0397293974736,737.3849793070574,1009.5745350400088,subject_001,163.89098365853408,False
2025-11-24T14:58:12.020,2,1741,132,1683.73,124.37,1698,145,1717,155,-57,-7,-43,13,-24,23,71.23,100,1728.3164591823188,157.82734647578508,1713.4086150998594,166.45227156941567,1734.352843187598,151.0361721767432,subject_001,57.77603136249493,False
2025-11-24T14:58:18.428,15,1478,828,1413.645161290323,688.6129032258065,1445,731,1480,744,-64,-139,-33,-97,2,-84,88.99,31,1471.711406761611,757.3707571821976,1478.3767050297006,770.2633706582711,1466.6083316488082,760.4782830111484,subject_001,153.52624535396853,False
2025-11-24T14:58:31.250,13,1741,596,1669.142857142857,486.1904761904762,1690,511,1725,507,-71,-109,-51,-85,-16,-89,101.63,21,1736.135688020598,535.3537951276903,1741.0,539.6803238651726,1731.3486141228725,536.358282374694,subject_001,131.231019575656,False
2025-11-24T14:58:37.654,10,426,364,460.27433628318585,272.2300884955752,482,311,463,341,34,-91,56,-53,37,-23,86.63,113,453.0268111038188,344.9007227055164,480.93443121153933,318.9074621806602,438.2482680613417,350.58431769768816,subject_001,97.96145560975944,False
2025-11-24T14:59:09.693,7,163,132,212.017094017094,53.41880341880342,198,69,204,81,49,-78,35,-63,41,-51,86.09,117,183.1728146357895,112.87965930424772,163.0,132.0,166.6482823148042,126.44659576419008,subject_001,92.61576519153364,False
2025-11-24T14:59:35.301,4,1215,1060,1163.1851851851852,877.2222222222222,1181,926,1221,980,-51,-182,-34,-134,6,-80,64.41,27,1193.7156391891642,971.7649197540694,1174.5243810146742,966.8972351438206,1206.7485209026831,969.7330764040904,subject_001,189.98023866622623,False
2025-11-27T14:57:17.779,30,1215,596,1214.7916666666667,612.0333333333333,1201,613,1208,648,0,16,-14,17,-7,52,23.43,120,1209.5886827822644,645.3931090136044,1199.0732809404808,616.3354041906852,1196.2435553010373,651.0293934593731,subject_001,16.03468679318541,False
2025-11-27T14:57:37.001,28,952,364,903.5546218487395,356.3613445378151,874,402,891,376,-48,-7,-78,38,-61,12,60.59,119,886.8686045022512,389.4370703141487,866.9586101942114,416.47807897526945,863.1464877749919,387.0858732013132,subject_001,49.04389586369125,False
2025-11-27T14:58:09.027,9,689,132,681.1848739495798,105.00840336134452,681,101,671,121,-7,-26,-8,-31,-18,-11,26.04,119,673.3029683462713,113.43865375976588,689.0,132.0,677.899856568197,128.16434395694097,subject_001,28.10022213947488,False
2025-11-27T14:59:13.097,14,163,132,179.84745762711864,107.5,188,96,186,113,16,-24,25,-36,23,-19,53.02,118,189.7794596353613,91.1911488631144,163.0,132.0,199.07171775293332,126.28004048985112,subject_001,29.733597637984513,False
2025-11-27T15:05:45.939,29,1478,364,1491.61,348.38,1478,344,1480,351,13,-15,0,-20,2,-13,26.53,100,1480.3053681328174,352.09399771011107,1468.609775925982,340.38256324883815,1478.732288379837,382.3513095041248,subject_001,20.717540877237273,False
2025-11-27T15:05:58.748,16,1215,596,1220.1206896551723,556.5258620689655,1195,570,1208,555,5,-39,-20,-26,-7,-41,51.45,116,1200.508646334281,562.4807946844354,1189.398976185751,574.478122421343,1199.4128722391797,587.885649702833,subject_001,39.804886985682145,False
2025-11-27T15:07:28.418,14,952,828,1024.466101694915,809.2372881355932,1016,814,1002,822,72,-18,64,-14,50,-6,62.99,118,1001.8737176386012,827.632727307535,1011.8076090654084,816.8877487242763,995.6545302883231,840.2421369062498,subject_001,74.85569618515702,False
2025-11-27T15:08:38.876,17,163,596,186.9327731092437,645.2436974789916,164,663,163,687,23,49,1,67,0,91,34.65,119,150.23336745057605,691.8445472800288,163.0,596.0,149.11514691313948,656.206258841048,subject_001,54.751432584919506,False
2025-11-27T15:19:13.413,19,1215,132,1237.4310344827586,180.0,1214,173,1219,153,22,48,-1,41,4,21,70.26,116,1215.4399745248415,158.47573772200656,1196.022056999933,166.9439640031951,1231.0269074474977,168.4492764151222,subject_001,52.9825566386401,False
2025-11-27T15:19:19.821,23,952,364,952.3333333333334,333.7916666666667,944,318,951,323,0,-30,-8,-46,-1,-41,101.74,120,944.75241923961,328.06452023583176,941.523555750524,314.1238623491653,946.5993463596826,332.0152241488625,subject_001,30.21017235781497,False
2025-11-27T15:19:26.236,1,1215,596,1215.878260869565,606.5043478260869,1224,612,1227,596,0,10,9,16,12,0,51.83,115,1221.6619607914238,600.8569728125169,1231.348894214973,616.367747095714,1220.9499186591,600.880453107114,subject_001,10.54099926033706,False
2025-11-27T15:20:04.646,24,689,132,711.3050847457627,121.364406779661,713,112,697,119,22,-10,24,-20,8,-13,87.12,118,701.8040221586464,118.38978708568618,689.0,132.0,696.707187576084,123.56919012588864,subject_001,24.710982349234417,False
2025-11-27T15:26:06.159,5,1215,132,1255.135593220339,153.53389830508473,1257,133,1264,136,40,21,42,1,49,4,54.76,118,1258.869331447235,133.65824582670322,1261.6622726249766,132.0,1257.2016372515254,117.31871801247868,subject_001,45.54749849730771,False
2025-11-27T15:27:42.252,29,1478,364,1504.6826923076924,327.1442307692308,1505,333,1510,322,26,-36,27,-31,32,-42,75.77,104,1505.6324379519313,331.89061178240786,1502.213147727257,342.4781673977172,1507.57606751936,341.8224704574736,subject_001,45.50070103172808,False
2025-11-27T15:28:33.514,13,952,828,962.4017094017094,773.1709401709402,956,794,930,790,10,-54,4,-34,-22,-38,63.98,117,938.5359802416732,816.071380314779,949.4163994661484,823.004991045711,941.1309831159,823.4589197224822,subject_001,55.80700099643619,False
2025-11-27T15:28:59.114,19,1741,132,1726.1842105263158,90.44736842105264,1747,107,1753,105,-14,-41,6,-25,12,-27,50.86,76,1751.582177174182,113.19107443485046,1741.0,132.0,1755.003847850105,126.83032264225028,subject_001,44.114949947430105,False
2025-11-27T15:36:11.889,26,426,828,459.2436974789916,807.90756302521,449,798,437,804,33,-20,23,-30,11,-24,18.6,119,438.42677151024753,803.9947623549012,440.2935922552567,793.8829182662954,422.576444039279,805.9985458500176,subject_001,38.843911307444536,False
2025-11-27T15:36:18.295,1,952,364,940.625,341.3392857142857,929,354,930,331,-11,-22,-23,-10,-22,-33,35.79,112,931.8161705053004,336.1542681063948,926.9125244334656,354.6951361094548,935.074498622566,356.9505075030024,subject_001,25.35544511419145,False
2025-11-27T15:36:43.921,6,689,596,688.5593220338983,590.9915254237288,661,598,677,577,0,-5,-28,2,-12,-19,27.74,118,677.726176015809,586.3758223410075,661.8659720039425,596.7839180922073,666.4636581408844,600.3180975196409,subject_001,5.0278240473352085,False
2025-11-27T15:38:20.014,25,1215,596,1166.533898305085,596.7542372881356,1177,595,1157,606,-48,0,-38,-1,-58,10,49.88,118,1161.4637843895969,607.8779861527792,1183.9823907511914,593.1000280210746,1153.2577044446748,610.6175635024288,subject_001,48.47197012076842,False
2025-11-28T13:59:17.642,10,689,132,764.0412371134021,80.16494845360825,755,72,758,-2,75,-51,66,-60,69,-134,76.14,97,737.2228064257697,47.6602822201349,689.0,132.0,738.3186372901553,39.80525897007521,subject_001,91.20339816216786,False
2025-11-28T13:59:30.456,11,952,828,991.5546218487395,813.1008403361344,984,821,1002,850,39,-14,32,-7,50,22,43.54,119,980.4158047648205,849.491245339404,958.8915246392926,852.5804778646202,962.2935386879444,853.4073890365866,subject_001,42.26763618048853,False
2025-11-28T13:59:49.671,14,689,596,733.8235294117648,579.4621848739496,735,584,767,596,44,-16,46,-12,78,0,51.36,119,726.2296280537541,596.8044783467308,738.9956300977248,606.6062332062592,703.468556928979,605.8015141223942,subject_001,47.77706686341013,False
2025-11-28T14:01:06.567,12,1741,596,1623.765625,466.65625,1622,457,1591,426,-117,-129,-119,-139,-150,-170,253.04,64,1598.7718379723296,472.07627939065,1639.935943141392,488.74491800678686,1612.80778465999,477.2411729217034,subject_001,174.56719149285504,False
2025-11-28T14:08:41.992,8,163,1060,170.82142857142858,1062.482142857143,170,1063,191,1090,7,2,7,3,28,30,27.43,112,162.0632603205338,1071.58373632515,163.0,1060.0,165.4411562503172,1063.9475570265467,subject_001,8.20583804746504,False
2025-11-28T14:09:01.201,24,952,364,965.1891891891892,370.3603603603604,957,370,960,346,13,6,5,6,8,-18,60.61,111,949.6475140731504,353.84121188356863,939.6988729310827,368.5471121853131,939.3081033836283,368.86036402286413,subject_001,14.64270792517109,False
2025-11-28T14:09:46.041,23,689,596,679.9549549549549,567.8378378378378,675,568,677,555,-9,-28,-14,-28,-12,-41,23.37,111,671.0246869943572,561.1173570804415,669.6370271568104,566.3079726437707,669.1409111044877,564.7397837267954,subject_001,29.579050314619874,False
2025-11-28T14:10:37.280,14,1215,596,1195.0,566.1696428571429,1196,572,1195,562,-20,-29,-19,-24,-20,-34,49.16,112,1184.118774862026,563.1439371333837,1195.0018974733107,573.9201750024208,1196.566147245984,571.3202934684614,subject_001,35.91448464436607,False
2025-11-28T14:46:42.056,30,1478,364,1478.8260869565215,353.69565217391306,1478,353,1504,354,0,-10,0,-11,26,-10,78.42,115,1493.068631882472,349.8934192504903,1479.0173936357876,352.18399558623753,1467.410700968767,351.0116286735974,subject_001,10.337407981729154,False
2025-11-28T14:48:05.351,4,426,364,535.2477876106195,298.60176991150445,521,317,517,313,109,-65,95,-47,91,-51,114.24,113,500.95594632127666,324.6171546275025,496.0810916960959,342.0485625808372,500.0626019799814,345.5183142243614,subject_001,127.32638217008618,False
2025-11-28T14:48:56.614,21,689,1060,765.2631578947369,998.0263157894736,758,1002,678,984,76,-61,69,-58,-11,-76,141.67,114,704.4261842417669,996.683300889926,748.2095716966601,1006.043660425934,714.9324099746117,1013.8716566139776,subject_001,98.26905304674312,False
2025-11-28T14:49:03.019,20,1215,132,1201.0982142857142,109.26785714285714,1184,92,1179,100,-13,-22,-31,-40,-36,-32,47.16,112,1195.5402736386263,102.05514892602127,1215.0,132.0,1189.5164220552288,87.93791111693747,subject_001,26.646012176749288,False
2025-11-28T14:54:17.801,26,689,1060,744.2543859649123,1070.859649122807,724,1081,759,1096,55,10,35,21,70,36,78.29,114,728.4287922520651,1095.543040423465,689.0,1060.0,696.9003884266797,1086.2388134463713,subject_001,56.311447747593775,False
2025-11-28T14:55:28.311,10,426,828,364.8487394957983,838.0252100840336,360,844,369,840,-61,10,-66,16,-57,12,28.17,119,360.0522962687537,839.5881457152469,353.33772941575916,848.9543777857942,354.11905752171623,835.708828227522,subject_001,61.967584255655346,False
2025-11-28T14:55:47.529,24,1215,1060,1276.6324786324783,1010.7008547008548,1316,1039,1300,1055,61,-49,101,-21,85,-5,62.81,117,1288.4615266560395,1052.9421967853966,1215.0,1060.0,1332.367582939441,1024.5843226411178,subject_001,78.92381231041186,False
2025-11-28T14:56:19.557,1,1215,596,1217.7413793103449,605.198275862069,1229,607,1225,607,2,9,14,11,10,11,34.96,116,1221.121051506409,608.6339495592508,1239.7264805288175,609.5073546028696,1240.4910502683647,610.8222384024764,subject_001,9.598095611000511,False
2025-11-28T15:02:19.001,30,952,364,951.8067226890756,344.7394957983193,953,323,941,333,0,-19,1,-41,-11,-31,45.89,119,944.925558198448,332.382887382727,952.32583620809,314.78063017346255,947.494017914094,326.1458058999867,subject_001,19.261473936900007,False
2025-11-28T15:03:16.668,1,163,1060,197.5042735042735,1014.5726495726497,194,1017,195,1044,34,-45,31,-43,32,-16,57.54,117,188.91237404902787,1028.5747740024672,188.19957507020996,1019.9925980893826,180.48658784832307,1021.7635409336513,subject_001,57.04549988304948,False
2025-11-28T15:04:27.179,27,426,828,425.5042016806723,803.8739495798319,423,818,412,824,0,-24,-3,-10,-14,-4,64.87,119,417.26671177263233,825.5625339982862,419.3956124515644,830.53840360597,415.8785414733051,830.9499238621377,subject_001,24.13114429217855,False
2025-11-28T15:04:39.992,9,1741,1060,1790.6050420168067,995.3361344537816,1794,1025,1771,1035,49,-64,53,-35,30,-25,60.01,119,1786.2116043968922,1054.51218305334,1741.0,1060.0,1790.648691920552,1059.2499303629556,subject_001,81.49893067316017,False
2025-11-21T15:41:35.974,16,163,596,178.72649572649573,620.1367521367522,137,602,93,589,15,24,-26,6,-70,-7,39.49,117,112.3489412525498,590.9098592896078,163.0,596.0,125.23203697886308,591.3087153291679,subject_002,28.808079969801874,False
2025-11-21T15:42:01.597,11,426,828,476.51666666666665,864.275,466,824,462,804,50,36,40,-4,36,-24,41.53,120,460.63429784124634,802.5807808724804,457.6789368400899,801.2044133307318,458.5713442844462,804.1300196894642,subject_002,62.19171356467924,False
2025-11-21T15:42:08.010,20,952,828,934.7226890756302,911.8403361344538,960,842,976,828,-17,83,8,14,24,0,34.32,119,974.3143218719364,830.2247446453978,979.4892113593904,794.7025648792866,968.2749875038804,831.8683198541104,subject_002,85.60202939133826,False
2025-11-21T15:42:33.651,3,689,1060,718.2166666666667,1012.1916666666668,748,978,749,942,29,-47,59,-82,60,-118,48.29,120,742.1713116230583,937.7430128269456,768.2399180922828,949.9525133438536,731.3008307064617,934.973795832754,subject_002,56.0290134414502,False
2025-11-21T15:42:52.861,10,1215,596,1170.551282051282,651.1153846153846,1200,601,1213,566,-44,55,-15,5,-2,-30,92.52,78,1219.267028865699,573.5858431496628,1227.503811597813,560.1306274468434,1217.7884369292487,579.1399173259915,subject_002,70.80532570779168,False
2025-11-21T15:42:59.274,2,689,132,694.9491525423729,107.66949152542372,704,111,705,123,5,-24,15,-21,16,-9,35.64,118,691.1968654004679,112.41718021217004,682.3989534291842,132.0,690.1718998839103,108.22291315061938,subject_002,25.0472764707832,False
2025-11-21T15:43:18.485,4,426,364,478.7383177570093,243.54205607476635,474,243,453,245,52,-120,48,-121,27,-119,72.3,107,451.1000895902602,245.30474358677316,453.4072446698176,242.88609780945637,453.2232981892284,241.98816171843117,subject_002,131.4969445064562,False
2025-11-21T16:03:31.920,5,163,132,312.9642857142857,106.39285714285714,281,83,237,60,149,-25,118,-49,74,-72,128.94,28,262.13576841299454,64.60371200102357,163.0,132.0,273.4011083611923,71.29420846113479,subject_002,152.13485056061955,False
2025-10-20T14:41:45.558,2,689,596,741.5087719298245,632.9912280701755,749,618,742,599,52,36,60,22,53,3,35.64,114,767.5244803467672,593.5760250618272,765.5230268499467,592.505923388243,772.3938946257164,589.3080515371759,subject_003,64.2302271809626,False
2025-10-20T14:41:58.398,3,426,364,359.9237288135593,377.6525423728813,380,344,389,298,-66,13,-46,-20,-37,-66,56.84,118,391.246226064818,295.2167184511311,403.0444595637518,286.2119114182583,396.03792025944335,281.6685802520775,subject_003,67.47196104418022,False
2025-10-20T14:42:04.804,18,952,828,944.9224137931036,784.448275862069,950,786,945,785,-7,-43,-2,-42,-7,-43,36.21,116,959.641175200757,784.4079852049082,959.268058583256,789.9318726328752,962.271577088862,790.7738049084699,subject_003,44.123065418242376,False
2025-10-20T14:42:17.627,9,163,1060,219.2018348623853,997.5504587155964,219,996,211,981,56,-62,56,-64,48,-79,46.6,109,233.61471424936033,988.1200145583952,220.6214331887199,994.0003842503338,224.10630942431092,996.6768080681416,subject_003,84.0154238728298,False
2025-10-20T14:42:36.857,12,1215,596,1319.1344537815123,555.6134453781513,1287,525,1275,493,104,-40,72,-71,60,-103,29.99,119,1277.9357133087142,494.73855929358274,1265.1369294249455,488.7151293880308,1269.4789602363903,483.3038883720509,subject_003,111.69180031943928,False
2025-10-20T14:43:08.933,20,1478,364,1617.8363636363636,402.08181818181816,1575,359,1527,278,139,38,97,-5,49,-86,59.9,110,1523.6599045011196,285.97591432070544,1519.5913896539228,271.6359421212497,1508.3144809912048,266.2909505301009,subject_003,144.9290635831004,False
2025-10-20T14:43:21.766,14,163,132,121.23076923076924,148.94871794871796,118,119,196,45,-41,16,-45,-13,33,-87,68.03,117,133.02313031813873,56.92090940667296,163.0,132.0,121.25588854176584,84.60645281982389,subject_003,45.07690849158189,False
2025-10-20T14:43:34.593,17,1215,132,1294.2368421052631,170.21929824561403,1278,118,1256,36,79,38,63,-14,41,-96,54.03,114,1246.897294180122,33.922204674538904,1215.0,132.0,1260.2395073381078,36.94620324740535,subject_003,87.97267703782575,False
2025-10-20T14:43:40.992,13,163,596,145.92857142857142,564.0408163265306,165,532,155,485,-17,-31,2,-64,-8,-111,60.63,98,177.03817465773955,497.0771244214697,184.3522563175722,485.3265640576772,185.74708871980704,471.5636247638686,subject_003,36.2329007194282,False
2025-10-20T15:22:44.826,5,1741,596,1560.5555555555557,645.0505050505051,1614,642,1687,587,-180,49,-127,46,-54,-9,44.39,99,1682.405255757713,638.84214904442,1693.0172800326322,629.8013473607124,1685.893173253839,641.0753009217292,subject_003,186.99237839167077,False
2025-10-20T15:22:57.653,18,163,132,117.575,276.275,106,233,96,144,-45,144,-57,101,-67,12,66.61,120,86.15431814087282,136.93036873314483,163.0,132.0,91.80196691946234,166.74248541322186,subject_003,151.25708661084278,False
2025-10-20T15:23:16.894,8,426,828,310.46902654867256,915.6991150442478,326,876,336,796,-115,87,-100,48,-90,-32,68.25,113,347.8038597244537,813.6205384267881,358.79105208497634,816.1171594425675,349.4235291209382,810.6591012163004,subject_003,145.04668423013172,False
2025-10-20T15:23:23.290,15,1215,1060,1109.9747899159663,952.7058823529412,1142,966,1223,1080,-105,-107,-73,-94,8,20,16.34,119,1226.725502147637,1014.9455303866504,1265.6246716074936,1050.651539777005,1229.6340415967272,1046.53684292175,subject_003,150.14100850485954,False
2025-10-20T15:24:01.770,7,689,132,633.4529914529915,189.1965811965812,632,171,607,135,-55,57,-57,39,-82,3,58.65,117,619.7556178918975,107.70387775570072,624.7269827073966,138.34351496624367,619.3377836335666,137.5888096424774,subject_003,79.73028947080618,False
2025-10-20T15:24:08.172,10,952,364,879.6,459.0833333333333,904,419,898,409,-72,95,-48,55,-54,45,36.09,120,903.9603738795394,408.8438563743583,926.7088632366032,381.8795323921178,895.6066608753632,373.6308894827622,subject_003,119.50983339364912,False
2025-10-20T15:24:33.813,20,1478,828,1314.2268907563025,759.0252100840336,1340,770,1428,785,-163,-68,-138,-58,-50,-43,20.3,119,1428.5903339297522,799.0876006530395,1433.8224648071916,855.457661593003,1434.1153427875286,839.9078527856202,subject_003,177.70524177778148,False
2025-11-07T17:10:48.299,11,952,364,976.2586206896552,397.94827586206895,969,391,949,410,24,33,17,27,-3,46,20.33,116,949.5947029485332,428.5589242807879,956.279343870748,388.368063152412,953.1099288611932,414.9454863356572,subject_003,41.72488600070349,False
2025-11-07T17:11:07.515,9,163,596,223.27350427350427,529.5811965811965,156,591,138,627,60,-66,-7,-5,-25,31,94.36,117,151.54066486311444,641.2207368758395,163.0,626.3740216272615,142.71384277957495,651.574626096206,subject_003,89.69031589304275,False
2025-11-07T17:11:13.923,15,426,364,462.15966386554624,337.42857142857144,443,354,406,381,36,-26,17,-10,-20,17,19.7,119,391.9489258353712,408.89248895173455,389.339690025236,395.82758253983104,383.01632058852306,407.6532412935472,subject_003,44.8727323348581,False
2025-11-07T17:11:20.332,0,163,1060,188.67592592592592,935.324074074074,180,988,47,1182,25,-124,17,-72,-116,122,38.98,108,170.90943314066064,1110.1493112038097,163.0,1060.0,149.90450149769677,1103.928595787921,subject_003,127.29233943030748,False
2025-11-07T17:11:26.737,2,426,828,452.6697247706422,691.9449541284404,429,740,383,832,26,-136,3,-88,-43,4,92.95,109,407.4621794962172,827.785149729536,415.8377191901849,837.0973065581868,413.0966162879258,836.1034011353105,subject_003,138.64432814382997,False
2025-11-07T17:11:45.959,13,1741,1060,1607.7962962962963,1073.3425925925926,1712,1148,1750,1148,-133,13,-29,88,9,88,35.87,108,1723.4259592246726,1130.5819091892072,1741.0,1060.0,1713.9791545243268,1133.6601022713764,subject_003,133.87027846940484,False
2025-11-07T17:11:52.361,3,689,1060,670.4594594594595,926.2342342342342,662,986,629,1140,-18,-133,-27,-74,-60,80,52.91,111,667.9013641542687,1079.4259595385668,702.7838184434413,1060.0,672.7509486335771,1069.6117881074413,subject_003,135.0445546271198,False
2025-11-07T17:12:05.184,18,689,132,772.8305084745763,175.42372881355934,753,200,725,170,83,43,64,68,36,38,42.2,118,718.5660670206954,208.9425216543368,727.5082132378451,233.24805736920356,703.5889862801854,225.0169706892791,subject_003,94.40960954892012,False
2025-11-07T17:12:11.593,19,1215,596,1143.940170940171,679.7521367521367,1164,683,1157,735,-71,83,-51,87,-58,139,29.52,117,1159.6057870739926,726.0505693766972,1165.4916896630264,700.1468359884735,1164.263886005854,710.3899524974003,subject_003,109.83587627255834,False
2025-11-07T17:19:29.937,16,1741,132,1795.75,147.0625,1771,117,1776,43,54,15,30,-15,35,-89,58.28,112,1829.2198788383944,86.3161662890551,1741.0,132.0,1766.1841520354465,102.38783846063129,subject_003,56.78416510128506,False
2025-11-07T17:19:36.342,8,689,132,618.7433628318585,271.6371681415929,642,225,658,122,-70,139,-47,93,-31,-10,40.69,113,700.5671301944492,77.60810969938234,689.0,132.0,724.572047439238,91.35790282636802,subject_003,156.31549441043703,False
2025-11-07T17:20:08.382,10,1478,828,1554.3008849557525,702.4424778761062,1646,775,1666,819,76,-125,168,-53,188,-9,27.01,113,1633.0297932463147,832.8628233599344,1665.6687862976182,847.5765411627763,1680.57672045217,833.3731545966646,subject_003,146.92350529075688,False
2025-11-07T17:20:40.405,7,163,596,234.0,744.0454545454545,214,715,222,546,71,148,51,119,59,-50,26.11,110,158.3887667198922,569.0383058133984,163.0,596.0,154.07477257290475,573.3774344440272,subject_003,164.19030608282037,False
2025-11-07T17:20:46.811,0,1741,596,1785.2454545454543,506.4363636363637,1819,487,1895,490,44,-89,78,-109,154,-106,71.29,110,1843.3510130987904,565.0839524864139,1741.0,596.0,1833.08328010024,559.1106404659678,subject_003,99.8964724432827,False
2025-11-07T17:20:53.230,13,1478,364,1437.9739130434782,346.5652173913044,1473,327,1492,280,-40,-17,-5,-37,14,-84,30.67,115,1526.6109785770764,313.83073068325643,1513.8630081363588,288.4766729125496,1508.7470360007335,308.468403824574,subject_003,43.658438836764645,False
2025-11-07T17:20:59.642,9,689,1060,820.5178571428571,959.2678571428572,796,980,704,1071,131,-100,107,-80,15,11,40.5,112,741.8580784721756,1029.1540635032093,721.7460507902686,1060.0,715.0532017942498,1026.3868828093896,subject_003,165.66203956260105,False
2025-11-07T17:21:06.048,2,1215,1060,1296.6754385964912,901.122807017544,1320,1007,1270,1183,81,-158,105,-53,55,123,13.79,114,1303.2970966164676,1073.2469224732322,1215.0,1060.0,1265.8273925396766,1079.1174157312532,subject_003,178.64165169386942,False
2025-11-07T17:21:12.449,11,426,364,461.8421052631579,444.8333333333333,477,402,503,276,35,80,51,38,77,-88,59.44,114,497.6740846585377,261.1383350855864,523.8431970798184,297.4740259655256,539.6973672714768,259.2773719965451,subject_003,88.42332434077034,False
2025-11-18T17:59:11.606,9,1215,596,1081.15,668.1333333333333,1137,646,1182,626,-133,72,-78,50,-33,30,125.02,60,1197.98440148774,618.7483486775631,1211.3802642624903,615.3017649294584,1212.88382267752,627.1297549928751,subject_003,152.04946654881022,False
2025-11-18T17:59:24.421,1,426,828,406.4871794871795,829.3504273504274,440,820,433,813,-19,1,14,-8,7,-15,29.53,117,445.963870067567,810.4925070836586,470.09941731637633,811.5094779789418,473.43227877580466,822.7241869619511,subject_003,19.559494328697017,False
2025-11-18T17:59:43.638,7,163,1060,52.492753623188406,1074.0,59,1076,88,1070,-110,14,-104,16,-75,10,66.81,69,88.15985550632723,1079.0855793450733,163.0,1060.0,87.99867485712724,1105.6445175696656,subject_003,111.39053596147808,False
2025-11-18T17:59:50.049,8,1741,596,1545.75,630.8083333333333,1642,597,1760,589,-195,34,-99,1,19,-7,47.38,120,1755.40449424718,580.518658804939,1741.0,596.0,1753.3348614448664,575.4469660830292,subject_003,198.32847140399292,False
2025-11-18T18:00:22.074,18,689,1060,654.8571428571429,1072.142857142857,685,1069,729,1071,-34,12,-4,9,40,11,31.64,119,727.6705469626908,1075.2199197030964,689.0,1060.0,714.3861060522189,1091.0547199799032,subject_003,36.23787622735892,False
2025-11-18T18:00:54.089,5,952,828,893.3275862068965,862.3275862068965,937,853,976,846,-58,34,-15,25,24,18,47.54,116,982.6522676680312,843.1666673971275,979.2070694805108,844.7434429633514,978.0028347025832,849.7689807356767,subject_003,67.97672627525594,False
2025-11-18T18:01:06.904,11,163,596,146.9747899159664,622.5546218487395,140,611,148,609,-16,26,-23,15,-15,13,36.23,119,155.48960883544737,600.4446147388442,163.0,600.4602241410413,128.8053062818621,595.1717815830165,subject_003,31.015404233492877,False
2025-11-18T18:01:13.309,3,952,364,844.9083333333333,366.075,861,343,898,290,-107,2,-91,-21,-54,-74,28.38,120,907.1092832375706,285.1991342410814,903.4786927132905,286.04878104128954,899.1315373321459,291.7898994385322,subject_003,107.1117673014709,False
2025-11-18T18:01:19.716,19,1478,828,1334.7169811320755,898.5943396226415,1383,889,1512,904,-143,70,-95,61,34,76,24.53,106,1509.1074669339537,891.8790079749034,1517.1782880635085,869.7048392964862,1518.5089967140354,881.4622259008949,subject_003,159.72972260247266,False
2025-11-18T18:09:07.834,1,952,364,977.7863247863248,391.4700854700855,997,387,1035,391,25,27,45,23,83,27,26.05,117,1027.6282531964202,390.31964429633496,1013.381691572954,383.1918606984945,1011.5382946401356,382.88636460570933,subject_003,37.676785182916454,False
2025-11-18T18:09:20.640,17,1741,132,1684.3445378151262,243.94117647058823,1707,254,1748,248,-56,111,-34,122,7,116,32.31,119,1715.0462402520247,249.3395829757451,1703.2075846512782,261.3559275882057,1702.483193120086,273.5341549881407,subject_003,125.46182042757488,False
2025-11-18T18:09:39.854,18,1478,364,1418.9107142857142,345.0982142857143,1493,359,1484,345,-59,-18,15,-5,6,-19,29.57,112,1479.501867460416,347.6145809617318,1517.714520239153,364.1394098964585,1526.372805685565,368.91978550646706,subject_003,62.03886837631126,False
2025-11-18T18:09:59.073,14,1215,1060,1238.1130434782608,989.0869565217392,1246,996,1272,1012,23,-70,31,-64,57,-48,28.36,115,1273.6354037903016,1003.2144214439631,1259.5560807481995,1009.1339121525516,1257.223287181794,1009.0499516975424,subject_003,74.58466674979299,False
2025-11-18T18:10:05.466,16,1215,132,1170.2543859649122,126.41228070175438,1197,113,1221,126,-44,-5,-18,-19,6,-6,23.5,114,1211.9728345845665,117.51396244387249,1215.0,132.0,1208.95489913084,107.98705388367844,subject_003,45.09315449525605,False
2025-11-18T18:10:18.279,8,1478,828,1540.1965811965813,799.8547008547008,1564,785,1585,791,62,-28,86,-43,107,-37,25.29,117,1582.3062232026894,787.7110240635691,1584.906093714153,773.1935661664644,1589.0979807314282,759.9736771622032,subject_003,68.26838636236621,False
2025-11-18T18:10:43.906,20,689,596,716.4117647058823,675.3949579831933,757,705,767,700,27,79,68,109,78,104,32.14,119,762.6631902824779,706.8235885682947,777.3274844781904,714.8329364603129,786.276074236454,731.3012789300708,subject_003,83.99383428230722,False
2025-11-18T18:10:50.310,6,163,132,170.44915254237287,177.84745762711864,160,157,111,108,7,45,-3,25,-52,-24,24.77,118,148.95567745614687,149.9603551049462,163.0,132.0,152.07842301265896,142.66048171390636,subject_003,46.4486732261534,False
2025-11-18T18:11:03.125,12,426,828,393.4915254237288,810.271186440678,401,861,425,868,-32,-17,-25,33,-1,40,25.39,118,419.7221751435751,866.8702705443312,415.7649147353545,892.7102249170649,409.78299198301823,902.7916669001256,subject_003,37.02852615885856,False
2025-11-12T11:12:51.999,6,689,596,786.7586206896551,650.3965517241379,742,656,712,660,97,54,53,60,23,64,36.32,116,711.90657548851,669.7795319953198,702.1349573223595,662.0182055576797,711.6951057728666,675.7743729543733,subject_004,111.87373578557514,False
2025-11-12T11:12:58.392,20,1215,1060,1283.4907407407406,1011.9814814814816,1249,1023,1155,1101,68,-48,34,-37,-60,41,25.84,108,1155.0319692810824,1064.142062631681,1177.2602493385373,1058.6801484927882,1150.2048487906557,1077.1745347944063,subject_004,83.6466358434614,False
2025-11-12T11:13:04.803,5,689,1060,838.0,1010.1574074074074,803,1048,677,1148,149,-49,114,-12,-12,88,14.19,108,664.7975643066997,1104.8929560066538,640.4777166394288,1060.0,659.4423672280651,1140.512667404895,subject_004,157.11551176236918,False
2025-11-12T11:13:11.225,2,689,132,634.70796460177,256.4424778761062,644,220,683,171,-54,124,-45,88,-6,39,42.54,113,669.768975709182,152.1513270906204,679.9685885322514,143.07417379480358,681.604911151846,145.50530515021944,subject_004,135.7702301965635,False
2025-11-12T11:13:43.250,10,1215,596,1265.8347826086956,584.6173913043478,1253,586,1237,581,50,-11,38,-10,22,-15,52.11,115,1234.0402931544184,591.5765648720584,1214.7298892972483,598.2658358551796,1237.093270044234,592.1788749065021,subject_004,52.093559137302925,False
2025-11-12T11:14:02.471,7,952,364,956.0434782608696,427.2434782608696,955,425,961,404,4,63,3,61,9,40,54.12,115,965.956653241988,405.8837594256776,980.2850276223452,391.372292852483,970.936570588807,406.96867780928807,subject_004,63.37260653452098,False
2025-11-12T11:14:21.706,9,1215,132,1144.3162393162393,208.1794871794872,1183,196,1227,171,-70,76,-32,64,12,39,40.63,117,1219.705643119934,154.92411893153562,1246.1119613573885,170.8915261973149,1226.176441018585,162.4103950472498,subject_004,103.92068269275764,False
2025-11-12T11:14:40.920,15,1741,132,1628.408695652174,145.8,1651,131,1732,87,-112,13,-90,-1,-9,-45,45.85,115,1712.1520367440626,71.60940770467795,1741.0,132.0,1709.5996410308678,91.64439049857664,subject_004,113.43386537866368,False
2025-11-12T11:31:25.586,4,952,364,998.6792452830188,457.0566037735849,995,450,969,401,46,93,43,86,17,37,46.18,106,953.0888412319074,448.3292374670642,994.6761261470282,402.6504782766562,969.1875308652956,455.3687186321747,subject_004,104.10803737496067,False
2025-11-12T11:31:38.393,17,952,828,1037.6571428571428,673.0952380952381,1027,713,898,938,85,-154,75,-115,-54,110,15.09,105,914.1822250587886,912.4179072749606,904.8297740868638,922.8781901535554,906.4656908168956,911.0487474336032,subject_004,177.0102578474478,False
2025-11-12T11:31:44.799,7,163,596,221.37142857142857,640.7333333333333,193,646,-56,821,58,44,30,50,-219,225,31.37,105,78.10729665343247,722.6123936925553,163.0,596.0,81.1363606004951,708.0050492208576,subject_004,73.54110948701073,False
2025-11-12T11:31:57.612,18,1478,828,1528.2788461538462,751.2980769230769,1541,783,1604,1055,50,-76,63,-45,126,227,30.12,104,1566.530474666259,995.8284983985918,1741.0,1060.0,1595.7793116993596,979.523506132474,subject_004,91.7123076487576,False
2025-11-07T16:00:03.855,11,163,596,330.4035087719298,561.4912280701755,266,564,197,578,167,-34,103,-32,34,-18,59.94,114,200.7605368913646,580.2889403498577,178.1740959095575,570.0535577915971,243.66844883917477,595.3778282976521,subject_005,170.9233456531267,False
2025-11-07T16:00:42.280,16,1741,596,1601.9137931034484,593.0172413793103,1640,567,1682,606,-139,-2,-101,-29,-59,10,40.88,116,1724.56501488388,585.1436525149531,1741.0,554.3228128405849,1679.021841718366,602.7471621227328,subject_005,139.11818643822116,False
2025-11-07T16:00:48.681,4,1478,364,1392.198275862069,378.4741379310345,1418,390,1418,391,-85,14,-60,26,-60,27,27.7,116,1447.9134018861014,398.22827361850426,1420.4853693413625,403.7028350000508,1437.6398247349173,365.3280659910255,subject_005,87.01400194157381,False
2025-11-07T16:01:01.490,10,163,1060,291.4078947368421,940.4605263157896,241,965,185,983,128,-119,78,-95,22,-77,78.99,76,195.2421126064478,989.9731323001636,194.17117072070693,993.2737849459464,208.07483656868433,1023.8365106565808,subject_005,175.43737685979562,False
2025-11-07T16:01:07.900,19,952,364,922.7523809523808,337.54285714285714,911,323,877,351,-29,-26,-41,-41,-75,-13,42.85,105,875.7336761952959,353.0113994505507,894.3454188107011,316.63581346045294,907.0528182090616,329.55716913105357,subject_005,39.43860580849585,False
2025-11-07T16:01:39.933,15,426,364,399.7345132743363,385.5398230088496,359,387,294,388,-26,21,-67,23,-132,24,54.28,113,282.59028108091854,396.2431102874913,263.6763955754917,391.90344777375793,317.99257146711585,395.3128588405419,subject_005,33.96821702987345,False
2025-11-07T16:01:46.337,5,1215,1060,1232.6896551724135,1079.0,1312,1081,1366,1112,17,19,97,21,151,52,126.4,116,1319.7445027150077,1108.6724969285622,1215.0,1060.0,1273.2025464138264,1159.2742612450234,subject_005,25.960044301173593,False
2025-11-07T16:01:52.742,20,1741,132,1767.801724137931,95.03448275862068,1793,96,1921,60,26,-36,52,-36,180,-72,147.64,116,1927.250118597524,69.21143722512237,1741.0,132.0,1855.149283019417,37.190309331073145,subject_005,45.65941175364024,False
2025-10-19T21:27:16.717,26,1398,774,1393.6410256410256,772.974358974359,1376,796,1388,811,-4,-1,-22,22,-10,37,36.66,117,1384.0751286723887,807.2350321274603,1364.287997797136,815.1550414299169,1386.7360513511276,808.0077006707558,subject_006,4.47801261450589,False
2025-10-19T21:27:48.791,5,1398,774,1370.625,773.5625,1352,797,1362,814,-27,0,-46,23,-36,40,181.13,16,1358.6561800226225,808.9042307220382,1342.8136573220563,812.9416586529528,1361.12825869015,810.2550747363493,subject_006,27.37849578136096,False
2025-10-19T21:27:55.208,8,1215,596,1228.0666666666666,545.6083333333333,1231,519,1212,546,13,-50,16,-77,-3,-50,33.72,120,1212.6009841107134,538.4210671021004,1226.3732475528757,515.1325193077175,1208.5623530829614,543.5412246491775,subject_006,52.058215943520565,False
2025-10-19T21:28:01.627,18,1741,596,1657.3193277310925,580.6134453781513,1686,582,1694,562,-83,-15,-55,-14,-47,-34,36.99,119,1682.9450879931048,572.6305788545345,1708.4530806688515,580.8895507867435,1681.311018617222,568.7766208734082,subject_006,85.08349413668579,False
2025-10-19T21:28:20.887,4,689,1060,734.0593220338983,909.8220338983052,682,997,663,1017,45,-150,-7,-63,-26,-43,38.61,118,676.7504076405172,1013.078079091434,660.6544358949244,1032.5875322241973,677.4843436241257,1013.5836061257064,subject_006,156.79210440770396,False
2025-10-19T21:28:27.296,13,1215,132,1223.1949152542372,210.8135593220339,1204,176,1190,151,8,78,-11,44,-25,19,32.03,118,1203.5530768290555,147.91432634405476,1191.4967971592969,155.5244436135411,1202.8017398935922,146.8424808886448,subject_006,79.23846142519356,False
2025-10-19T21:29:31.431,19,689,132,709.05,193.95833333333331,677,136,667,133,20,61,-12,4,-22,1,26.26,120,675.6283736395637,135.34543989381677,689.0,132.0,676.8463864986704,137.22067683190647,subject_006,65.12171350206043,False
2025-10-20T16:07:49.318,13,952,364,822.008547008547,429.0427350427351,907,416,934,407,-129,65,-45,52,-18,43,42.67,117,948.12543106947,404.91772023861546,961.4565065350914,407.6220098314499,943.951355415628,401.25395938718,subject_006,145.35589163383978,False
2025-10-20T16:07:55.734,11,1478,828,1408.2307692307693,825.6752136752136,1484,824,1481,850,-69,-2,6,-4,3,22,47.31,117,1494.5079845478335,839.4674478376337,1511.5261964095178,824.6082836354838,1493.4671922227428,838.2915821599985,subject_006,69.80795222312487,False
2025-10-20T16:08:08.551,5,689,596,559.0252100840336,630.6302521008404,637,619,683,621,-129,34,-52,23,-6,25,36.27,119,685.3161400915316,631.8812770947167,692.402298115799,611.4439816066872,691.7418859790482,635.268591975816,subject_006,134.50910888957435,False
2025-10-20T16:08:27.770,20,689,132,509.7982456140351,190.83333333333331,631,161,644,152,-179,58,-58,29,-45,20,38.07,114,651.5614833435758,150.57179463141074,653.4147602344876,155.28868381085027,651.7031483472983,148.96927510331386,subject_006,188.6123799916612,False
2025-10-20T16:08:40.590,10,1478,364,1348.436974789916,401.327731092437,1415,381,1442,377,-129,37,-63,17,-36,13,54.14,119,1449.2400915484077,378.2733876773449,1449.261773775227,372.51017286685504,1445.231321725721,373.74997312466695,subject_006,134.83299674077625,False
2025-10-20T16:08:47.010,19,952,828,813.3879310344828,784.4137931034483,881,787,920,798,-138,-43,-71,-41,-32,-30,49.38,116,921.605027312595,807.1188468348581,904.6456746246812,786.2306613504379,929.5175040434098,811.7943676983482,subject_006,145.3033485317194,False
2025-10-20T16:08:53.409,0,1215,596,1061.2268907563025,560.1344537815127,1144,548,1158,551,-153,-35,-71,-48,-57,-45,57.87,119,1172.635553275266,547.1531966345467,1183.3800015187628,543.1107482115592,1168.3128437827834,544.2195535182268,subject_006,157.90030567425947,False
2025-10-20T16:09:06.223,9,426,828,244.59223300970876,774.8640776699029,347,778,394,770,-181,-53,-79,-50,-32,-58,47.91,103,391.959206325128,782.8198435848865,386.2693357943971,788.4192882632632,392.2720707669027,784.8298511987736,subject_006,189.02963832762816,False
2025-10-20T16:09:44.716,4,1215,1060,1089.3719008264463,999.1652892561984,1166,1073,1178,1051,-125,-60,-49,13,-37,-9,18.68,121,1179.9593904714138,1042.7159096662858,1177.212691241954,1060.0,1186.9426673356404,1045.0136776223312,subject_006,139.5825251714635,False
2025-10-20T16:29:25.517,13,952,828,826.6016949152543,876.8813559322034,887,900,932,888,-125,48,-65,72,-20,60,30.0,118,942.0505722517788,897.3574745089303,941.5248002681408,918.79382086552,942.0070410822192,926.5830482756874,subject_006,134.5887137760731,False
2025-10-20T16:29:57.604,4,689,1060,545.0833333333334,927.2916666666666,615,945,668,950,-143,-132,-74,-115,-21,-110,56.39,72,681.0425693254101,955.135743941166,681.2979995742455,981.8574660367392,685.3726512348774,978.0532311180287,subject_006,195.7639105671818,False
2025-10-20T16:30:04.018,20,1215,132,1073.9416666666666,222.7,1167,160,1217,157,-141,90,-48,28,2,25,42.04,120,1222.6279061856565,146.89839964699985,1219.8504010451777,132.0,1219.9804636814592,128.0776086002025,subject_006,167.70194811861248,False
2025-10-20T16:30:23.234,18,689,596,553.7521367521367,632.025641025641,649,622,699,606,-135,36,-40,26,10,10,54.85,117,701.6120162747482,610.908858783282,709.8939255522321,617.1248972012911,710.9447146889839,611.2251454411098,subject_006,139.96367858991516,False
2025-10-20T16:30:29.639,16,426,828,245.7974683544304,872.0759493670886,330,869,403,886,-180,44,-96,41,-23,58,46.67,79,404.9849989377425,875.9909800814867,409.5143621369715,872.0002644413926,410.3643735107904,882.2317979865242,subject_006,185.51453237976443,False
2025-10-20T16:30:55.283,6,163,596,-3.142857142857143,642.6607142857143,103,629,185,607,-166,46,-60,33,22,11,45.8,112,171.78885969364188,608.4289588993224,177.8320261734822,618.2905377571527,177.41710739988312,610.6385429190209,subject_006,172.5707716771438,False
2025-10-20T16:31:08.126,0,1741,1060,1681.9411764705883,1055.529411764706,1706,1033,1710,1058,-59,-4,-35,-27,-31,-2,62.04,85,1740.086047666798,1030.0810552036914,1733.840241863165,1010.27073821755,1729.5951624782451,1011.694253469144,subject_006,59.22778736241751,False
2025-10-20T16:31:20.973,3,1741,596,1656.3846153846157,667.7884615384615,1724,656,1765,635,-84,71,-17,60,24,39,81.23,104,1758.107050380528,641.1840364548216,1741.0,596.0,1773.8150053222769,646.207237437842,subject_006,110.96551952597072,False
2025-10-20T16:31:27.380,1,163,132,5.575221238938053,236.78761061946904,98,195,167,125,-157,104,-65,63,4,-7,53.56,113,180.93933824514016,157.30867624907088,181.5328383856057,145.01728235962935,179.56989518929618,152.8019019128302,subject_006,189.1110898580693,False
2025-10-21T18:48:32.513,16,1215,1060,1180.790909090909,969.2636363636364,1204,986,1226,995,-34,-90,-11,-74,11,-65,28.8,110,1214.8402268070736,988.19886515999,1214.207183670051,998.7222023228932,1220.474886599492,990.3290849728598,subject_006,96.97086978457428,False
2025-10-21T18:48:38.928,7,1478,828,1418.241071428571,812.9196428571429,1455,775,1493,785,-59,-15,-23,-53,15,-43,36.26,112,1479.6875039823562,781.5495086914777,1477.765754651014,755.8605137364148,1478.9332508513298,780.8967152801541,subject_006,61.63235120909523,False
2025-10-21T18:48:45.355,10,689,1060,662.5940594059406,975.5346534653464,670,1050,612,1044,-26,-84,-19,-10,-77,-16,53.82,101,635.0254364787685,1054.3891760639196,603.1463041744112,1060.0,632.8452491602452,1053.2493067572327,subject_006,88.49671442418702,False
2025-10-21T18:49:17.387,2,426,364,400.8571428571428,376.67619047619047,448,322,459,325,-25,12,22,-42,33,-39,45.58,105,451.90503515540263,325.8198934319712,459.4627018535287,313.0012691720872,453.8392923979136,327.21658694381495,subject_006,28.157575717642818,False
2025-10-21T18:49:30.214,13,1215,132,1119.837837837838,209.0540540540541,1185,153,1219,140,-95,77,-30,21,4,8,56.91,111,1217.313219183092,132.83816005713388,1215.0,132.0,1219.057834718727,137.66643228533516,subject_006,122.44657754932445,False
2025-10-21T18:49:36.628,9,1741,596,1752.0892857142858,737.1160714285714,1782,690,1812,653,11,141,41,94,71,57,57.08,112,1817.506428503497,670.2449939474569,1741.0,596.0,1823.233536504054,673.2383614406604,subject_006,141.5511139945099,False
2025-10-21T18:49:43.050,8,163,596,156.74774774774775,624.5855855855856,117,628,95,594,-6,28,-46,32,-68,-2,32.36,111,117.81571706055549,616.1484384065158,163.0,596.0,120.78965195966688,613.2188400283579,subject_006,29.261345859283917,False
2025-10-21T18:49:55.867,6,1215,596,1125.2792792792793,611.4504504504505,1169,621,1214,587,-89,15,-46,25,-1,-9,59.95,111,1202.114182778928,599.0578073096981,1210.5707230895898,629.3360150589536,1202.0653506196904,595.2047499362168,subject_006,91.04133207377508,False
2025-10-21T18:50:02.287,20,163,1060,180.77894736842103,891.4421052631579,-29,925,4,918,17,-168,-192,-135,-159,-142,47.19,95,80.57338750417054,929.6225950911174,163.0,1060.0,89.01496605175096,929.95577841993,subject_006,169.4929345065611,False
2025-10-22T15:46:16.854,4,163,596,78.73333333333333,601.4166666666666,89,613,99,607,-84,5,-74,17,-64,11,40.06,120,93.63735575556798,628.4104943732972,163.0,596.0,93.3647391794544,620.4162880525652,subject_006,84.4405790416485,False
2025-10-22T15:46:29.658,16,689,596,647.6810344827586,560.9655172413793,663,561,669,538,-41,-35,-26,-35,-20,-58,37.74,116,678.2435163982692,555.3478354483351,673.4393061604883,563.8370339156154,678.5489974172324,552.3613458315731,subject_006,54.17261202470372,False
2025-10-22T15:46:48.893,1,1741,1060,1668.9652173913043,1027.8260869565215,1720,1051,1735,1055,-72,-32,-21,-9,-6,-5,43.61,115,1740.4536046584217,1043.1492699418948,1741.0,1060.0,1737.4122111780512,1050.7565430921843,subject_006,78.89341281761968,False
2025-10-22T15:47:08.143,8,689,1060,660.542372881356,913.8898305084746,690,958,692,983,-28,-146,1,-102,3,-77,58.2,118,698.9307923448137,977.1935648991374,704.3475623337954,991.0446372859028,696.1639356826929,984.4471012044784,subject_006,148.85569579316095,False
2025-10-22T15:47:14.576,17,1478,828,1376.65,833.175,1412,823,1421,823,-101,5,-66,-5,-57,-5,40.65,120,1419.6383492088703,824.7224486854917,1426.1115879968786,817.1036259330385,1421.512000490348,821.2915699292521,subject_006,101.4820335083998,False
2025-10-22T15:47:27.398,10,1478,364,1457.8083333333334,450.8666666666667,1481,392,1495,372,-20,86,3,28,17,8,54.47,120,1494.3028703820494,375.3299134752424,1492.0712999397524,365.498246465796,1496.4851317564342,361.2658265971572,subject_006,89.18251611473829,False
2025-10-22T15:47:46.646,9,952,828,909.2033898305084,719.8305084745763,935,730,937,714,-42,-108,-17,-98,-15,-114,45.1,118,943.8127045652082,731.2192059065266,954.7151432909034,737.5681851001773,943.0507926099476,736.1621177658376,subject_006,116.3279361927656,False
2025-10-22T15:47:59.459,13,1215,596,1145.45,597.375,1158,572,1176,553,-69,1,-57,-24,-39,-43,41.7,120,1176.0922090499153,564.9106311490564,1169.0434483754832,553.8366815526722,1179.2330415173478,559.2515791536873,subject_006,69.56359051256622,False
2025-10-22T15:48:18.700,12,1215,132,1143.5438596491229,280.49122807017545,1161,215,1171,211,-71,148,-54,83,-44,79,46.7,114,1172.23726332191,209.14603142338933,1164.8801897601206,212.60849032720773,1173.925200878545,210.6405691852057,subject_006,164.78963804691458,False
2025-10-23T17:01:37.247,1,1741,596,1679.145299145299,674.2222222222222,1737,680,1825,651,-61,78,-4,84,84,55,48.91,117,1795.802584640859,666.6504629825141,1741.0,596.0,1817.3595391022577,669.2299733698369,subject_006,99.72321729270094,False
2025-10-23T17:01:56.499,15,1478,828,1369.8416666666667,863.4083333333333,1436,870,1490,833,-108,35,-42,42,12,5,46.41,120,1476.2121087611708,853.7140173181241,1479.0638712331572,872.4607774476477,1483.1388437201397,847.9006022950462,subject_006,113.8067446985849,False
2025-10-23T17:02:02.911,8,1478,364,1343.5042735042734,458.8974358974359,1470,429,1500,406,-134,94,-8,65,22,42,31.3,117,1486.949203071934,424.18472238424505,1493.5989271830028,425.871150600607,1478.7856750735527,422.3955956031776,subject_006,164.60444643302088,False
2025-10-23T17:02:09.326,10,689,132,549.2212389380531,262.6194690265487,641,181,702,145,-139,130,-48,49,13,13,28.5,113,687.6850654763269,151.62292392952537,678.9621735123661,143.97051679627197,659.905876155556,153.950457067922,subject_006,191.31008267415064,False
2025-10-23T17:02:34.956,12,1741,132,1607.3781512605042,243.7058823529412,1739,225,1749,227,-133,111,-2,93,8,95,42.77,119,1764.594772550257,213.1861547813561,1741.0,132.0,1766.8852980137788,221.44523756180467,subject_006,174.16372358447623,False
2025-10-23T17:03:00.591,6,1741,1060,1756.0416666666667,1095.1583333333333,1775,1065,1841,1097,15,35,34,5,100,37,47.36,120,1824.9381551469655,1081.6654568408876,1741.0,1060.0,1873.9442596546237,1092.413654856033,subject_006,38.24081770685466,False
2025-10-23T17:03:19.828,16,426,364,294.9316239316239,469.02564102564105,390,405,422,375,-131,105,-36,41,-4,11,29.21,117,408.06737290788266,387.0022310403424,418.65906010708005,384.12424167844824,382.2005468738919,390.05029473440976,subject_006,167.956257632897,False
2025-10-23T17:03:39.056,5,1215,1060,1170.533898305085,1002.7542372881356,1246,997,1244,997,-44,-57,31,-63,29,-63,27.07,118,1264.8125888290554,997.1551743261996,1292.1409092376998,1001.5723674755404,1266.7960744909608,994.9406928446498,subject_006,72.48663013553335,False
2025-10-28T15:18:49.316,12,1215,132,1194.8144329896909,264.9896907216495,1232,175,1245,188,-20,132,17,43,30,56,62.59,97,1245.4951378755077,165.9066456387368,1246.1666729125343,132.0,1245.4559864227165,162.39804855060123,subject_006,134.5128802522928,False
2025-10-28T15:18:55.731,8,952,828,934.191780821918,757.6095890410959,965,803,972,803,-17,-70,13,-25,20,-25,36.11,146,980.2990432352104,810.3778088467741,986.8288541202944,848.5227767582579,976.1516158458428,821.2363218255422,subject_006,72.60814434523179,False
2025-10-28T15:19:21.350,16,426,828,417.175,758.4916666666667,398,798,408,813,-8,-69,-28,-30,-18,-15,53.43,120,406.9248034456103,812.7590277550103,385.24868600505954,835.6533771219565,415.2434594236857,817.1913732432738,subject_006,70.06631878283443,False
2025-10-28T15:19:46.972,0,1215,596,1150.5882352941176,613.9243697478992,1186,592,1205,604,-64,17,-29,-4,-10,8,55.71,119,1211.1088273239266,595.6151149839993,1205.445764139134,574.0742941806668,1206.21788668399,590.4885164275806,subject_006,66.85924366447294,False
2025-10-28T15:20:12.589,11,689,132,649.9666666666667,224.94166666666663,660,188,684,142,-39,92,-29,56,-5,10,42.07,120,670.6648989501366,143.2444397930095,665.9065279686617,162.97776576483272,669.0526419861019,144.5420534215955,subject_006,100.80552819111104,False
2025-10-28T15:20:18.990,18,163,596,208.2333333333333,604.8166666666667,185,598,196,586,45,8,22,2,33,-10,60.33,120,187.61272735415028,593.6781763559917,175.7366597383876,592.174616918823,189.67007480741344,587.79386101892,subject_006,46.084575028479456,False
2025-10-28T15:20:25.405,13,689,1060,677.4311926605504,906.5871559633028,713,1006,683,1016,-11,-153,24,-54,-6,-44,43.72,109,700.5620945136568,1012.0368459389032,728.5357554233932,1051.552517154766,697.9769403179987,1031.50033553884,subject_006,153.8484254670332,False
2025-10-28T15:20:31.830,15,1741,132,1688.5333333333333,202.3583333333333,1715,163,1742,71,-52,70,-26,31,1,-61,62.81,120,1751.836859878464,99.46171235639132,1741.0,132.0,1768.6607922284766,122.08899289890287,subject_006,87.76699938220261,False
2025-10-28T15:20:38.250,14,1478,364,1443.0,455.3361344537816,1489,435,1507,383,-35,91,11,71,29,19,46.0,119,1513.9715503797509,387.9417175242006,1519.6826781912837,413.49579129905305,1513.8353355426443,380.7190549878802,subject_006,97.81252198445388,False
2025-11-03T21:42:30.780,18,1215,1060,1322.3591549295777,1032.1408450704223,1280,1157,1273,1192,107,-27,65,97,58,132,28.42,142,1294.9479051787828,1147.5519059721962,1215.0,1060.0,1293.4573571621934,1150.8670897323557,subject_006,110.91492532830414,False
2025-11-03T21:42:49.994,3,689,596,788.7410714285714,584.1964285714286,756,593,696,596,99,-11,67,-3,7,0,45.88,112,683.4233191608032,608.1550465792642,679.6168560889162,602.4935639022419,674.9752995664144,608.4186407059404,subject_006,100.43707297700774,False
2025-11-03T21:43:09.212,4,1478,828,1503.633027522936,746.8440366972477,1512,823,1504,816,25,-81,34,-5,26,-12,25.78,109,1501.8644405086156,811.2458005221582,1513.9673192623486,822.5481500674591,1509.028092491248,812.0363093675473,subject_006,85.10782854467189,False
2025-11-03T21:43:28.436,8,689,1060,786.1891891891892,890.5495495495495,714,926,685,938,97,-169,25,-134,-4,-122,64.29,111,684.3361458517194,946.2151640380218,677.3002505755862,930.2467771623916,672.377685108579,947.9483798180688,subject_006,195.34378324664593,False
2025-11-03T21:43:34.842,12,1741,1060,1707.044642857143,927.0714285714286,1737,982,1787,1043,-33,-132,-4,-78,46,-17,68.73,112,1749.166116601452,1012.827897198414,1741.0,1060.0,1752.3935770019511,1017.0998759219574,subject_006,137.1968344413959,False
2025-11-03T21:43:54.059,7,1741,596,1705.3805309734514,630.5221238938053,1719,642,1768,632,-35,34,-22,46,27,36,39.33,113,1734.9870036777843,653.852300807193,1736.4660886793913,643.5468078444993,1739.8760763443006,653.696355891141,subject_006,49.60366530683492,False
2025-11-03T21:44:00.471,16,426,828,508.6428571428572,791.1696428571429,449,807,419,778,82,-36,23,-21,-7,-50,42.97,112,411.1706560500217,796.3800406123721,391.5522817802867,807.485377914013,410.7264301293986,789.0225953334386,subject_006,90.47826835215798,False
2025-11-03T21:44:06.869,14,426,364,494.8181818181818,401.4727272727273,435,392,416,372,68,37,9,28,-10,8,49.23,110,405.51878013154226,376.4531943539379,399.282238749024,376.7685119569023,407.1565550317743,374.1163003081832,subject_006,78.35909288663652,False
2025-11-03T21:44:32.492,2,163,596,220.80180180180184,678.4504504504505,202,624,163,608,57,82,39,28,0,12,52.12,111,158.75526078102007,620.4519785654135,188.6204240599197,562.3430095604135,170.72057124276088,618.7742257089476,subject_006,100.6932225674448,False
2025-11-04T15:08:07.646,1,952,828,1026.585106382979,787.0957446808511,991,759,999,782,74,-40,39,-69,47,-46,11.86,94,1007.2872238402292,803.1901212795747,981.2829317383548,759.9468929256005,1002.0681862900489,806.0354028086448,subject_006,85.06524670730344,False
2025-11-04T15:08:39.671,16,426,364,531.968085106383,393.7978723404256,520,376,429,331,105,29,94,12,3,-33,45.18,94,446.97339273109577,341.1535470609733,457.032876745812,298.9916852659468,453.3748200841224,352.05791613078554,subject_006,110.07791902616044,False
2025-11-04T15:08:46.083,0,689,1060,787.6451612903226,1064.043010752688,759,1049,729,1042,98,4,70,-11,40,-18,24.49,93,729.8158294351036,1023.9538368079956,700.5818407053619,1007.7242607916224,701.9514489614785,1027.737385123419,subject_006,98.727978719004,False
2025-11-04T15:08:52.486,6,1215,132,1247.462365591398,199.27956989247312,1234,183,1218,187,32,67,19,51,3,55,41.03,93,1233.4559568631348,175.7606319591574,1182.5116755722745,146.60883567491604,1203.8388513150062,175.67606854430528,subject_006,74.70171152460809,False
2025-11-04T15:08:58.891,5,689,132,792.9578947368421,157.9157894736842,765,168,687,160,103,25,76,36,-2,28,40.62,95,698.93247680943,153.89479811258863,668.3961628939705,189.21900238845484,674.0263685982677,150.97679806353068,subject_006,107.13949795551906,False
2025-11-04T15:09:18.111,2,163,132,308.0210526315789,110.15789473684212,289,107,192,97,145,-21,126,-25,29,-35,44.51,95,214.07626570169668,59.2087865274182,163.0,132.0,222.09584106004365,62.86453223275358,subject_006,146.65668504605597,False
2025-11-04T15:09:50.143,18,1215,1060,1183.258064516129,917.52688172043,1215,1017,1201,989,-31,-142,0,-43,-14,-71,25.35,93,1209.4372326747575,968.9393963277406,1218.2405346132784,1011.7100347177804,1207.7549933885095,972.3161564098618,subject_006,145.96622863034648,False
2025-11-04T15:20:36.353,13,689,596,685.8705882352941,546.4117647058823,677,582,675,581,-3,-49,-12,-14,-14,-15,35.09,85,677.5605563450416,598.9853781783602,669.0143843513058,621.5403476268827,682.1933210930898,598.7768228897761,subject_006,49.68688255040618,False
2025-11-04T15:20:49.163,4,1478,364,1455.4,401.5529411764706,1453,387,1479,363,-22,37,-25,23,1,-1,33.67,85,1478.5343565378976,376.5272198264591,1452.6446341543142,368.5639469276748,1481.0339176051632,370.38158295965616,subject_006,43.82902452717214,False
2025-11-04T15:21:08.395,9,689,132,671.9529411764706,152.05882352941177,687,143,685,136,-17,20,-2,11,-4,4,38.0,85,689.0216252153971,125.23269663875227,699.6001865556134,133.45182970777023,684.5553715703932,128.82145981558017,subject_006,26.32410712478115,False
2025-11-04T15:21:14.803,15,426,828,436.3292682926829,715.3780487804878,446,741,430,774,10,-112,20,-87,4,-54,47.87,82,441.55895647907784,776.6652594785465,461.6000837621234,779.7395444421893,440.27660289903326,778.161996993098,subject_006,113.09464036793436,False
2025-11-04T15:21:34.021,3,952,828,999.129411764706,717.7176470588236,975,770,983,795,47,-110,23,-58,31,-33,28.06,85,981.08666457634,801.8100106167365,964.0366313100278,796.1555977578384,983.7455076642898,807.5009424972959,subject_006,119.9307251021581,False
2025-11-04T15:21:40.429,1,1215,596,1214.1176470588234,540.9176470588235,1219,556,1211,559,0,-55,4,-40,-4,-37,27.13,85,1215.1028822870512,567.3887147616606,1222.0328085940869,570.480889769515,1214.623192008552,566.2414290967395,subject_006,55.08941960348774,False
2025-11-04T15:21:46.832,19,1741,596,1712.964705882353,576.1294117647059,1731,578,1750,518,-28,-19,-10,-18,9,-78,38.55,85,1754.6784025481936,572.3692178414963,1741.0,596.0,1752.4658815391404,569.5533071125484,subject_006,34.363032361530365,False
2025-11-04T15:21:59.644,16,1741,1060,1713.75,959.7380952380952,1724,998,1732,1019,-27,-100,-17,-62,-9,-41,28.21,84,1739.0833237820675,1021.966055619559,1730.6625084864886,1024.1149230553297,1740.051897682876,1024.441093262346,subject_006,103.89904738006636,False
2025-11-04T15:22:38.080,11,1478,828,1469.2530120481929,725.4698795180723,1477,740,1473,756,-8,-102,-1,-88,-5,-72,20.9,83,1481.340455729783,768.952991250055,1474.7201996275894,739.5387514420825,1479.4670009235465,769.9759798692586,subject_006,102.90255295311032,False
2025-11-04T22:19:55.150,17,163,132,269.6293103448276,264.37068965517244,214,298,104,327,106,132,51,166,-59,195,60.77,116,106.8663886560011,311.52877134608946,426.0,364.0,111.18222382180898,335.81130955013816,subject_006,169.97590801169306,False
2025-11-04T22:20:01.575,5,1215,596,1201.0530973451328,633.8230088495575,1204,613,1169,599,-13,37,-11,17,-46,3,24.65,113,1199.6402800335875,598.3368955795177,1209.2962042385252,604.6466171007423,1203.4712760329146,603.2495535361851,subject_006,40.31248059966103,False
2025-11-04T22:20:14.385,10,426,828,543.7558139534884,866.4883720930233,509,831,418,798,117,38,83,3,-8,-30,70.24,86,409.6425297423849,772.8899896500966,409.0132568770249,742.892850730551,407.8678028134587,748.7189818640052,subject_006,123.8861836776789,False
2025-11-04T22:20:20.791,19,1478,828,1447.633928571429,869.0267857142857,1467,867,1508,865,-30,41,-11,39,30,37,25.25,112,1537.76966951777,866.2641689267323,1553.718763542229,885.8936766188824,1529.3975129186324,879.1176970390583,subject_006,51.04209478509867,False
2025-11-04T22:20:40.009,11,689,1060,755.9677419354839,1126.3225806451612,726,1109,668,1043,66,66,37,49,-21,-17,32.77,62,672.9235356112983,1054.5230497103876,680.9554240813138,1060.0,670.2362837281888,1046.981341127149,subject_006,94.251595017652,False
2025-11-04T22:21:12.073,1,426,364,524.8,418.6434782608696,478,397,373,431,98,54,52,33,-53,67,56.17,115,371.65178286889784,395.9809579881349,376.4389965408562,384.844140433598,369.00029622324934,397.1820929825934,subject_006,112.90416164360867,False
2025-11-04T22:21:24.900,14,689,132,772.25,153.93965517241378,680,143,639,190,83,21,-9,11,-50,58,57.59,116,643.2691446305994,160.35721223831126,616.79619200864,153.6776931205984,644.6778707457805,171.46333074262827,subject_006,86.0924559359554,False
2025-11-04T22:21:37.718,15,689,596,785.695652173913,611.1304347826087,750,591,666,583,96,15,61,-5,-23,-13,56.63,115,666.5110082909093,549.8743494332856,655.1003905077117,534.476128951733,668.5799120023353,538.3522472476981,subject_006,97.8722596349402,False
2025-11-04T22:42:20.671,3,689,1060,791.6052631578947,1052.421052631579,739,1068,735,1070,102,-7,50,8,46,10,12.53,114,728.1300737284661,1111.749899298306,689.0,1060.0,736.1658366642355,1072.4362190349734,subject_006,102.88479222370096,False
2025-11-04T22:43:11.930,20,426,364,514.4311926605504,324.4954128440367,495,333,447,374,88,-39,69,-31,21,10,41.54,109,449.1489476681438,357.0915777361596,447.0052037594082,357.263629924688,447.6088735387029,358.12693631473985,subject_006,96.85395315489446,False
2025-11-04T22:43:18.334,6,689,132,694.3214285714286,156.52678571428572,676,154,654,137,5,24,-13,22,-35,5,53.0,112,640.4805775049967,156.22181549499842,634.2870774332964,148.67548940750254,632.9534279648745,152.96015077562035,subject_006,25.097426551646812,False
2025-11-04T22:43:24.741,4,1478,364,1496.2142857142858,374.9196428571428,1499,373,1476,372,18,10,21,9,-2,8,37.89,112,1487.0707925461784,358.2226238812872,1506.4994471935074,361.6547430267561,1508.0626602444283,360.4566175676253,subject_006,21.23673242778145,False
2025-11-04T22:43:31.145,12,163,132,207.86238532110093,151.4311926605505,192,152,144,159,44,19,29,20,-19,27,36.64,109,147.8468690337565,151.88492991933396,163.0,150.03331174773615,162.87086407313956,150.4708992946613,subject_006,48.88972146484743,False
2025-11-04T22:43:43.959,13,163,596,214.36936936936937,556.027027027027,184,567,150,624,51,-39,21,-29,-13,28,41.53,111,138.8417227711381,606.2400314067986,163.0,591.723607015396,98.94138223679208,583.4150180277848,subject_006,65.08955889929456,False
2025-11-04T22:44:09.584,0,1215,596,1246.36,537.55,1239,563,1185,593,31,-58,24,-33,-30,-3,36.43,100,1203.2881936127458,580.3322699821402,1218.14302445805,612.3758403778991,1218.9105659446732,612.9660254932662,subject_006,66.33138095954281,False
2025-11-04T22:44:15.994,16,1215,132,1218.4954128440368,178.42201834862385,1214,167,1225,103,3,46,-1,35,10,-29,58.87,109,1201.3810367362307,150.40336766747183,1199.1765963910436,134.63282484674457,1199.0138887809412,136.92568797884417,subject_006,46.55342842917401,False
2025-11-04T22:44:22.398,2,1478,828,1507.2844036697247,757.5412844036697,1438,809,1438,812,29,-70,-40,-19,-40,-16,34.65,109,1454.9506144177274,801.7077532433624,1435.440595234382,815.7405584412403,1434.5769800285534,809.4554926625517,subject_006,76.30207665441318,False
2025-11-04T23:24:26.718,10,163,596,181.36607142857144,559.875,135,568,120,569,18,-36,-28,-28,-43,-27,151.06,112,135.3804025060527,601.0966101819806,163.0,596.0,138.66804617103762,604.8529066042341,subject_006,40.52564872669392,False
2025-11-04T23:24:39.548,9,952,364,952.2966101694916,399.728813559322,944,398,957,384,0,35,-8,34,5,20,34.8,118,946.148839160026,393.0550804638603,926.9157136461728,394.465418984235,949.8324644435444,394.9639565042276,subject_006,35.73004472358576,False
2025-11-04T23:24:52.358,2,1741,1060,1786.7931034482758,1056.1810344827586,1782,1069,1791,1107,45,-3,41,9,50,47,35.77,116,1789.8358473624355,1074.3243468761293,1741.0,1060.0,1807.5834066183131,1072.3658840712417,subject_006,45.952070911400384,False
2025-11-04T23:25:24.394,19,163,132,214.1344537815126,184.8823529411765,201,152,188,127,51,52,38,20,25,-5,33.41,119,180.7286313090944,139.42166744778362,163.0,132.0,171.91272278051767,152.8731613781088,subject_006,73.5613731256344,False
2025-11-04T23:25:37.202,1,1478,828,1444.6974789915969,752.1596638655462,1451,768,1448,768,-33,-75,-27,-60,-30,-60,33.64,119,1452.2193460888686,773.8120308920033,1455.1196347939808,784.208186077163,1451.7286170679497,769.0746684415716,subject_006,82.83003374683645,False
2025-11-04T23:25:43.609,11,689,596,724.8303571428571,494.4821428571428,713,522,712,505,35,-101,24,-74,23,-91,42.64,112,708.0524138608307,526.4051176259145,697.2731976476239,567.1489887386313,712.0577360626824,520.27264568219,subject_006,107.65542165568004,False
2025-11-04T23:25:50.017,13,1478,364,1427.6666666666667,370.39473684210526,1447,359,1447,311,-50,6,-31,-5,-31,-53,36.15,114,1450.6771545373097,323.1271350291402,1469.5728678165804,343.6381782568378,1441.26893161565,323.5286591468886,subject_006,50.73792569394432,False
2025-11-04T23:26:15.659,16,689,1060,686.991452991453,913.1452991452992,652,1015,657,1050,-2,-146,-37,-45,-32,-10,18.34,117,663.2149339221472,1032.5868141301892,652.7961411304409,1027.796763864999,668.304986906597,1033.1199819312178,subject_006,146.86843576551502,False
2025-11-04T23:26:22.064,5,1215,132,1196.873949579832,185.69747899159665,1205,143,1225,124,-18,53,-10,11,10,-8,45.54,119,1211.247959005868,119.8113870290363,1215.0,132.0,1206.0118775075236,128.6528641390404,subject_006,56.67427065157024,False
2025-11-04T23:37:10.364,4,1478,364,1391.5,420.1125,1409,416,1430,431,-86,56,-69,52,-48,67,166.15,80,1436.9581089257758,415.28221928754493,1449.551176829797,419.5022696332125,1434.3456916458326,411.87910576627655,subject_006,103.10607477859875,False
2025-11-04T23:37:29.586,20,1741,596,1711.584745762712,672.042372881356,1724,683,1743,736,-29,76,-17,87,2,140,30.41,118,1744.943145952844,690.9515890318827,1735.4819991739478,691.7355116901219,1765.3156434730631,699.8460274778338,subject_006,81.53342661308596,False
2025-11-04T23:37:48.804,11,1741,132,1674.15,199.7,1685,193,1728,184,-66,67,-56,61,-13,52,41.2,120,1711.9145364097812,164.47273752708028,1706.835540755843,163.99888043853304,1711.721045856629,172.12704684792192,subject_006,95.143115883389,False
2025-11-04T23:37:55.209,16,1215,596,1140.3931623931624,549.2735042735043,1141,535,1169,572,-74,-46,-74,-61,-46,-24,34.11,117,1172.7898987299411,567.7081924384898,1150.3153002142783,523.962121795854,1167.2715032558451,561.2578263268978,subject_006,88.03150356872969,False
2025-11-04T23:38:01.601,19,689,596,663.2352941176471,508.655462184874,665,532,682,536,-25,-87,-24,-64,-7,-60,43.75,119,677.6479558645316,571.9486012957466,669.0303140945905,596.7143271690529,667.5005304107643,591.929476664543,subject_006,91.0652972066864,False
2025-11-04T23:38:27.224,5,1478,828,1368.0169491525423,771.3305084745763,1407,788,1390,815,-109,-56,-71,-40,-88,-13,18.87,118,1404.8542734782163,799.6727657999227,1472.3026988277088,835.5672113295082,1473.6999295998392,800.1451157662685,subject_006,123.72430134563108,False
2025-11-04T23:38:33.635,10,163,1060,147.9059829059829,930.0598290598292,145,958,152,1052,-15,-129,-18,-102,-11,-8,33.72,117,136.39349566026246,1029.3890008344074,163.0,1060.0,135.33297411873818,1030.1865223636971,subject_006,130.8139036035363,False
2025-11-04T23:39:12.055,17,1741,1060,1760.3931623931624,1062.974358974359,1754,1109,1762,1107,19,2,13,49,21,47,29.01,117,1770.1229873498844,1106.9627882583866,1741.0,1060.0,1818.362778490908,1121.4300494959805,subject_006,19.61992759711197,False
2025-11-05T17:28:02.134,2,1478,364,1430.0588235294117,466.6218487394958,1446,439,1470,414,-47,102,-32,75,-8,50,40.39,119,1472.1922219514909,415.46782660042686,1462.6504521052789,404.5239479696757,1473.887558642104,413.9509958791044,subject_006,113.26782526426491,False
2025-11-05T17:28:21.357,8,1215,1060,1165.4453781512605,942.1344537815128,1211,986,1210,984,-49,-117,-4,-74,-5,-76,38.3,119,1208.2266424233492,978.0399058339276,1214.0475018717657,991.846704348866,1209.193052086917,977.7047982351498,subject_006,127.85909248838708,False
2025-11-05T17:28:27.758,5,689,132,671.7118644067797,222.271186440678,687,193,691,182,-17,90,-2,61,2,50,41.59,118,689.8959225124894,179.40134406679272,697.8778825641753,168.16808627098908,684.0190674772301,177.1816930059615,subject_006,91.91173338424872,False
2025-11-05T17:28:40.571,18,163,1060,149.135593220339,947.3220338983052,153,998,153,1107,-13,-112,-10,-62,-10,47,50.54,118,156.17829314721254,1064.1898440903656,163.0,1060.0,152.4050691568797,1069.5704293168649,subject_006,113.52773150277685,False
2025-11-05T17:28:59.792,14,689,1060,698.5416666666666,901.825,712,962,727,991,9,-158,23,-98,38,-69,34.25,120,724.3370491504879,986.4825739408388,719.8497103442838,999.8216787338656,725.590642257696,994.65909454664,subject_006,158.46253193666243,False
2025-11-05T17:29:06.198,0,426,828,450.1196581196581,741.1025641025641,459,794,458,810,24,-86,33,-34,32,-18,33.92,117,460.8164364194993,814.8003633929233,466.8157923085702,834.1656640814356,463.1922766785587,817.8152225145748,subject_006,90.18271604558257,False
2025-11-05T17:29:19.009,4,952,364,934.8782608695652,390.2,958,382,961,363,-17,26,6,18,9,-1,48.69,115,966.4578126126754,365.046768200543,981.0916591671842,369.33903551320424,961.2233720310468,362.6679842221135,subject_006,31.298465630932466,False
2025-11-05T17:29:38.229,10,1741,596,1657.1196581196582,651.3846153846154,1689,629,1699,592,-83,55,-52,33,-42,-4,47.43,117,1714.5839533555418,602.8836617531774,1731.218723315332,608.1427500057112,1714.0773712194307,600.2880962894864,subject_006,100.51550813314728,False
2025-11-05T17:29:51.038,17,1478,828,1404.5210084033613,843.8739495798319,1426,827,1448,837,-73,15,-52,-1,-30,9,36.0,119,1449.6494121042413,836.3121491068194,1433.017436338935,821.99123040395,1454.6810644522018,834.5437731412869,subject_006,75.1740944828865,False
2025-11-05T21:53:06.520,6,1215,1060,1255.353982300885,920.3362831858408,1258,1054,1272,1039,40,-139,43,-6,57,-21,22.69,113,1271.360186448055,1047.6419931299424,1260.544686324783,1054.3697797194543,1261.5711291906296,1058.6352495021422,subject_006,145.3767439513136,False
2025-11-05T21:53:19.328,5,952,364,968.3589743589744,390.3162393162393,959,419,958,466,16,26,7,55,6,102,28.51,117,953.6528798297549,458.9157738817902,950.9681090427584,455.3466031900707,944.7155663166516,463.7680555427383,subject_006,30.986456619419407,False
2025-11-05T21:53:32.143,8,1741,1060,1776.1637931034484,944.9396551724138,1794,989,1809,1039,35,-115,53,-71,68,-21,37.98,116,1826.073857847702,1025.2219001281749,1741.0,1060.0,1808.6671285571708,1031.0985631288602,subject_006,120.31365382725753,False
2025-11-05T21:53:38.557,20,1741,132,1699.08547008547,178.3760683760684,1713,164,1764,89,-41,46,-28,32,23,-43,46.04,117,1740.3174905012215,139.36941133937407,1725.83013356936,139.04612353448215,1729.171501512224,138.91709423452568,subject_006,62.51053939919094,False
2025-11-05T21:53:51.363,1,1478,828,1495.3697478991596,703.3865546218487,1520,737,1515,803,17,-124,42,-91,37,-25,42.53,119,1534.4927304741232,781.2921038779588,1542.5358515375187,789.6138570321867,1545.1599754267993,790.4322210787639,subject_006,125.81819785346572,False
2025-11-05T21:54:16.985,19,163,596,208.95726495726493,537.3333333333334,181,573,190,629,45,-58,18,-23,27,33,40.52,117,177.63196307232312,633.8145040275576,163.0,615.8138952944811,156.9155301486853,614.3812364367932,subject_006,74.52414360547878,False
2025-11-05T21:54:36.205,12,1215,132,1194.428571428571,152.2436974789916,1192,133,1202,127,-20,20,-23,1,-13,-5,37.67,119,1194.6419456325968,143.03719952826373,1195.516200712716,132.0,1190.4878197821768,121.36274649931084,subject_006,28.861582789069836,False
2025-11-05T21:54:42.615,17,426,364,426.5689655172414,293.9051724137931,416,305,391,351,0,-70,-10,-59,-35,-13,35.21,116,395.47618092736707,343.9049233588583,398.30076423320344,323.9853967808665,398.35048917882006,313.26029221267424,subject_006,70.09713671827033,False
2025-11-05T21:55:08.241,16,689,132,730.8288288288288,65.36036036036036,724,66,702,31,41,-66,35,-66,13,-101,26.95,111,707.2381262611208,68.05568773479992,689.0,132.0,716.5857041144875,75.01570368133596,subject_006,78.6796828443817,False
2025-11-05T22:01:29.815,19,163,596,212.23275862068965,500.4224137931034,201,550,187,598,49,-95,38,-46,24,2,38.14,116,199.3505757113398,631.5237727491015,194.1494253302324,617.3030290120204,179.1636310060072,633.4343331406421,subject_006,107.51250860499836,False
2025-11-05T22:01:36.218,3,426,364,475.20168067226894,296.7731092436975,457,323,474,338,49,-67,31,-41,48,-26,29.06,119,471.9707567624058,350.9454350864832,441.0970476840339,348.0254876934599,454.61649102653087,344.1491776950071,subject_006,83.30822421427403,False
2025-11-05T22:02:21.047,18,689,132,646.3418803418804,87.91452991452991,656,89,680,100,-42,-44,-33,-43,-9,-32,34.92,117,658.4665893799312,87.82425147891558,689.0,132.0,629.8618585071792,91.05909930552582,subject_006,61.34528380750496,False
2025-11-05T22:02:33.865,9,952,364,927.4322033898304,322.35593220338984,945,321,953,365,-24,-41,-7,-43,1,1,35.24,118,959.4738535352074,358.21021169036555,971.4271145731518,323.5930178989019,948.106338268086,355.02699034442844,subject_006,48.350853280240294,False
2025-11-05T22:02:46.673,0,163,132,165.85470085470087,130.7948717948718,174,124,164,122,2,-1,11,-8,1,-10,31.04,117,156.27246233678665,150.6217981161177,163.0,132.0,109.22696728788092,143.99131067466232,subject_006,3.0986530881377123,False
2025-11-05T22:02:53.080,14,1741,1060,1656.9739130434782,940.4521739130436,1678,962,1725,1016,-84,-119,-63,-98,-16,-44,34.95,115,1728.533937000128,1000.4890836689254,1726.4529525870128,981.2198531617424,1774.5849181453614,991.984042231688,subject_006,146.12346153627126,False
2025-11-06T22:58:18.393,19,952,364,859.7777777777778,398.52777777777777,932,371,959,361,-92,34,-20,7,7,-3,30.96,108,970.5874533234484,356.31390521195124,979.556678620606,340.51738449570746,967.599586890262,344.55767484419,subject_006,98.47388338984368,False
2025-11-06T22:59:22.457,6,426,828,360.0,692.7889908256881,401,777,433,783,-66,-135,-25,-51,7,-45,39.72,109,432.2042257247367,791.6729385432578,414.8605277666067,817.7274626072524,437.5829110228264,802.5783826135508,subject_006,150.4593533215395,False
2025-11-06T22:59:35.267,0,689,132,587.2342342342342,223.8918918918919,641,197,657,178,-101,91,-48,65,-32,46,42.03,111,665.7767440109662,182.9658245438164,661.8050469668677,181.7634730156065,668.1673862663362,182.77790754174492,subject_006,137.11451738369593,False
2025-11-06T22:59:41.670,10,1215,132,1119.7706422018348,271.38532110091745,1202,192,1254,160,-95,139,-13,60,39,28,43.37,109,1254.8280500949347,170.64264736369637,1240.487686370705,149.23491263846043,1249.1242378795166,157.7324258905115,subject_006,168.8102435430292,False
2025-11-06T22:59:54.498,2,1478,828,1339.25,820.9629629629629,1419,881,1470,875,-138,-7,-59,53,-8,47,27.72,108,1482.967694377649,870.1922244305484,1452.3387238147463,896.2061647718525,1493.7649343647013,887.2866045421134,subject_006,138.92833544767112,False
2025-11-06T23:00:00.908,8,1215,596,1051.1944444444443,606.5277777777778,1145,609,1165,610,-163,10,-70,13,-50,14,58.11,108,1182.4849449307478,605.8534036645309,1215.3406071635231,591.3610659513556,1177.4148419555506,606.5453300303282,subject_006,164.14351688629833,False
2025-11-06T23:10:06.151,20,689,596,683.3571428571429,625.0089285714286,698,626,715,621,-5,29,9,30,26,25,29.76,112,711.3089247115581,626.5244897745492,709.2679899535389,625.4106825790309,705.4199254476661,629.7441300574177,subject_006,29.552661023957512,False
2025-11-06T23:10:12.550,3,1215,1060,1270.6363636363635,1008.1545454545454,1338,1080,1372,1092,55,-51,123,20,157,32,20.69,110,1386.692881492737,1050.4323338291354,1215.0,1060.0,1383.405634935704,1040.44472361918,subject_006,76.04838009913472,False
2025-11-06T23:10:18.953,4,1478,828,1499.2252252252251,870.9009009009009,1563,850,1651,878,21,42,85,22,173,50,24.7,111,1642.200176975466,856.7460956572984,1645.8923556500645,847.5291606398115,1646.0383890135447,856.528556897175,subject_006,47.86436549219523,False
2025-11-06T23:10:50.983,15,952,828,976.0,802.5625,1034,843,1032,825,24,-25,82,15,80,-3,35.92,112,1043.4012376445974,828.7226082883758,1047.6213122978563,848.8220047222339,1046.1846120123864,820.0830330979212,subject_006,34.97236632328445,False
2025-11-06T23:11:03.801,6,1478,364,1395.936936936937,448.1621621621622,1472,402,1492,353,-82,84,-6,38,14,-11,35.76,111,1501.225494462541,357.68099952891754,1513.2110134140023,370.24920310933175,1511.0594200140913,363.70605021847945,subject_006,117.5483554079016,False
2025-11-06T23:11:23.013,8,952,364,922.4090909090908,397.3727272727273,920,357,952,345,-29,33,-32,-7,0,-19,37.48,110,947.7338538658228,344.7350798499003,921.0781392406872,336.2305109181528,935.8233272219264,346.5999881321533,subject_006,44.60225136073615,False
2025-11-06T23:11:29.422,14,163,132,150.26126126126127,130.38738738738738,168,131,167,118,-12,-1,5,-1,4,-14,26.04,111,168.1187346569385,115.42132793756956,163.0,132.0,169.35703927462026,110.56022845472104,subject_006,12.840404358594014,False
2025-11-06T23:12:07.857,7,689,132,661.1132075471698,226.14150943396223,672,183,666,182,-27,94,-17,51,-23,50,41.57,106,674.2981398350186,167.91493123873548,679.1382539676999,165.32284217968476,670.7337875335636,172.9306043682086,subject_006,98.1850140897888,False
2025-11-06T23:23:12.312,5,1215,596,1191.7207207207207,618.4144144144144,1233,608,1265,608,-23,22,18,12,50,12,16.34,111,1270.2381561345685,611.1880049756224,1271.6860356726174,591.5089365631819,1269.221941516594,594.8458105523252,subject_006,32.31610770658792,False
2025-11-06T23:23:18.718,10,426,828,428.24545454545455,744.5,436,784,424,840,2,-83,10,-44,-2,12,38.18,110,436.59630948374183,834.2907667421939,445.81343451226473,833.6744691778432,435.65307126886165,827.4912912178188,subject_006,83.53018655621273,False
2025-11-06T23:23:25.126,13,952,828,920.625,738.125,924,836,956,800,-31,-89,-28,8,4,-28,22.12,112,957.4210764515684,805.4924162786974,926.6564915201616,837.579452393717,961.9801362738896,829.7465229135336,subject_006,95.19404524443743,False
2025-11-06T23:23:50.752,1,689,1060,682.4,926.03,688,1008,690,1100,-6,-133,-1,-52,1,40,45.58,100,707.3031514038527,1060.9647265375847,724.0873147655811,1060.0,708.5717891455012,1071.861652611684,subject_006,134.13247518777848,False
2025-11-06T23:23:57.152,6,555,226,574.0366972477065,245.74311926605503,575,233,560,220,19,19,20,7,5,-6,35.06,109,572.0522596440597,217.366537425084,571.8633330185536,223.3196731556571,571.4922223277565,220.4514389696359,subject_006,27.42602049978283,False
2025-11-06T23:24:03.561,15,689,132,657.3727272727273,218.0090909090909,659,206,647,185,-31,86,-30,74,-42,53,34.49,110,662.099814396192,179.25956911885805,653.4493060566401,195.56589723424173,661.4827190807019,190.79256327887447,subject_006,91.63977356570427,False
2025-11-06T23:24:35.596,2,1478,828,1354.8623853211009,761.6788990825688,1452,763,1461,779,-123,-66,-26,-65,-17,-49,23.33,109,1467.6232936034978,780.5773793128492,1491.488833678678,758.8810968371929,1463.8792599152328,767.4212884215094,subject_006,139.86193397672264,False
2025-11-06T23:24:54.811,18,163,596,191.47321428571428,542.3839285714286,175,562,177,579,28,-53,12,-34,14,-17,31.52,112,169.77688430738073,598.8165338102468,163.0,591.7605356892086,169.22026771292587,586.189424267529,subject_006,60.70755346078343,False
2025-11-06T23:25:14.029,3,952,364,916.8869565217392,406.4086956521739,949,396,942,377,-35,42,-3,32,-10,13,30.56,115,957.2444610079808,375.09026532449417,985.9023564212704,375.2972393999082,954.1322543539268,372.2252000077753,subject_006,55.058362573045585,False
2025-11-06T23:34:46.922,20,1478,828,1492.6728971962616,748.0467289719626,1519,761,1556,819,14,-79,41,-67,78,-9,42.11,107,1549.0311592853925,807.5996845999039,1539.8402544695982,775.5849796374282,1532.0464406744445,813.9197472077647,subject_006,81.2884952512646,False
2025-11-06T23:34:53.331,13,689,1060,666.3703703703703,943.8333333333334,652,1089,673,1157,-22,-116,-37,29,-16,97,20.9,108,666.6698246552205,1108.4578204724344,689.0,1060.0,651.9863005987784,1104.614192140062,subject_006,118.35030452693668,False
2025-11-06T23:35:18.973,7,1741,132,1620.688679245283,244.5566037735849,1657,203,1713,91,-120,112,-84,71,-28,-41,47.84,106,1690.8406731561538,133.41605241337012,1741.0,132.0,1690.6315768105967,129.8821747904335,subject_006,164.75376461491908,False
2025-11-06T23:35:31.778,9,1741,596,1629.9636363636364,630.3909090909091,1665,613,1709,623,-111,34,-76,17,-32,27,54.65,110,1696.135232079873,635.1729700361586,1707.6988292170358,581.5456943479046,1708.966528091211,640.5884862618504,subject_006,116.24030573637503,False
2025-11-06T23:35:38.187,10,1215,1060,1137.4414414414414,904.0990990990992,1187,1039,1173,1095,-77,-155,-28,-21,-42,35,27.36,111,1176.7151622153035,1058.2380055065778,1215.0,1060.0,1216.7818877972195,1051.5295366030302,subject_006,174.12759949931498,False
2025-11-06T23:36:10.222,16,163,1060,118.94495412844036,955.0642201834862,129,1029,120,1169,-44,-104,-34,-31,-43,109,41.88,109,123.76640491429804,1140.7309483700851,163.0,1060.0,135.24325585209274,1112.8048721052226,subject_006,113.80845729753604,False
2025-11-06T23:36:23.040,5,1215,596,1150.891891891892,598.3423423423424,1182,614,1164,600,-64,2,-33,18,-51,4,33.18,111,1181.53186200426,616.9878001386978,1193.346399645413,619.3314764014291,1190.9702433407176,616.2661235736397,subject_006,64.15088536294398,False
2025-11-06T23:36:35.847,6,952,828,896.8518518518518,765.4166666666666,884,880,896,859,-55,-62,-68,52,-56,31,20.28,108,901.3463046049236,867.5661917892135,886.0827493368523,878.5428963743909,881.7096975563151,864.9182459176006,subject_006,83.41457819398964,False
2025-11-06T23:36:42.247,11,163,596,141.09174311926606,533.1743119266055,133,541,122,576,-21,-62,-30,-55,-41,-20,57.5,109,130.52261290344373,590.2749901671223,163.0,596.0,114.4787600015794,590.6131280313078,subject_006,66.53599628357341,False
2025-11-07T00:12:11.745,16,163,132,128.5137614678899,185.6697247706422,140,173,152,165,-34,53,-23,41,-11,33,47.61,109,158.3853946590539,155.01205649716,163.0,132.0,141.71410453899185,155.79061783274375,subject_006,63.79451391028918,False
2025-11-07T00:12:30.948,2,952,828,943.324074074074,829.2129629629629,935,852,933,850,-8,1,-17,24,-19,22,13.95,108,931.562154965996,855.7347959229373,932.9331224287312,854.3428329669528,930.3668257872828,856.2114099610164,subject_006,8.760306491309217,False
2025-11-07T00:12:43.761,19,426,364,336.73394495412845,407.6697247706422,364,400,367,375,-89,43,-62,36,-59,11,35.21,109,372.7235747941348,382.6190844290401,384.4780385362494,393.709932667537,375.6775790262443,384.3127958999884,subject_006,99.37541670350976,False
2025-11-07T00:12:50.165,15,163,596,110.71559633027525,601.697247706422,125,588,175,601,-52,5,-38,-8,12,5,31.82,109,146.70382062644933,609.415116911145,163.0,596.0,137.99964556234792,610.6763718258977,subject_006,52.59389221693958,False
2025-11-07T00:13:09.386,7,1215,1060,1266.7619047619048,981.6380952380952,1247,1046,1216,1069,51,-78,32,-14,1,9,34.71,105,1243.1111434510149,1050.8252186031489,1215.0,1060.0,1243.9802975009352,1046.1664758830211,subject_006,93.91423162915378,False
2025-11-07T00:13:22.189,13,689,596,656.9357798165138,651.5137614678899,670,657,673,633,-32,55,-19,61,-16,37,41.25,109,672.5039056840657,646.4552886515099,679.2049786833459,661.8937670528987,676.4040406705294,647.1864034590527,subject_006,64.10843882273898,False
2025-11-07T00:13:28.594,9,952,364,936.1272727272728,474.5636363636364,942,449,952,411,-15,110,-10,85,0,47,40.92,110,947.5350183225718,404.0154108276397,943.6231226490834,401.76670492033384,942.051953068237,399.7079464749092,subject_006,111.697185089978,False
2025-11-07T00:13:41.409,0,689,1060,684.4444444444445,1032.361111111111,653,1083,642,1120,-4,-27,-36,23,-47,60,19.09,108,671.6129499124039,1102.6122340138734,689.0,1060.0,668.0200554367269,1101.6542812872171,subject_006,28.011805822404597,False
2025-11-07T14:09:39.525,2,426,364,580.0,433.5178571428572,535,433,461,415,154,69,109,69,35,51,65.7,112,448.8579633629598,420.6200904739793,444.22862595964193,408.8019144715212,450.8797916277937,426.1541838198842,subject_006,168.9637016099455,False
2025-11-07T14:09:58.742,14,952,828,1013.9469026548672,847.7168141592921,997,837,986,826,61,19,45,9,34,-2,28.79,113,995.2169759560846,832.6215892211382,988.7207450225671,834.7641589144056,983.8766159289016,831.4671473104728,subject_006,65.00901098404482,False
2025-11-07T14:10:05.152,7,1741,596,1571.3090909090909,605.9272727272727,1637,593,1804,569,-169,9,-104,-3,63,-27,35.98,110,1732.5862529643227,556.0947419259414,1741.0,553.1306493351408,1785.6959565897353,557.1562610474339,subject_006,169.98104415463754,False
2025-11-07T14:10:11.553,18,1215,132,1306.4,210.0842105263158,1290,168,1248,125,91,78,75,36,33,-7,38.21,95,1293.642696696805,137.1953537130464,1273.2393690306176,132.0,1258.3185128998907,126.6210227131794,subject_006,120.21274447211502,False
2025-11-07T14:10:17.963,15,1478,828,1398.5794392523364,807.3364485981308,1456,813,1529,815,-79,-20,-22,-15,51,-13,16.63,107,1520.7488135511371,801.2526014885178,1538.5587819938062,823.4448279317905,1545.876067510481,816.3871740959333,subject_006,82.06465637539104,False
2025-11-07T14:10:37.177,9,1478,364,1439.738738738739,409.963963963964,1478,378,1520,342,-38,45,0,14,42,-22,31.64,111,1518.0049926436748,338.009563090184,1530.216882098941,317.3484251292392,1532.0135104039875,311.28234100887045,subject_006,59.80476650387541,False
2025-11-07T14:10:43.585,1,426,828,519.6086956521739,849.8608695652174,482,837,430,782,93,21,56,9,4,-46,49.33,115,418.07252272697053,793.9641546803424,410.8811531636345,814.5852130545911,415.3690007975389,808.9157068544789,subject_006,96.12744415539596,False
2025-11-07T14:10:49.990,11,1215,596,1234.3363636363636,583.1272727272727,1249,561,1260,565,19,-12,34,-35,45,-31,32.7,110,1266.923206661191,557.7048150591809,1268.0339563621526,537.4936648245489,1278.4082681713207,547.9561477862867,subject_006,23.22933632533869,False
2025-11-07T14:11:02.801,10,1741,132,1646.5545454545454,270.04545454545456,1709,193,1775,95,-94,138,-32,61,34,-37,37.67,110,1764.6599327773915,151.56723963481062,1741.0,132.0,1764.5164212849063,111.95901060885706,subject_006,167.26174519285243,False
2025-11-07T15:36:13.624,6,689,132,649.5,234.67307692307693,659,201,710,121,-39,102,-30,69,21,-11,27.77,104,688.2310281232704,114.8654270347221,691.0597896973466,132.0,682.8944181731486,113.46610633244131,subject_006,110.00913927875298,False
2025-11-07T15:36:20.031,15,952,364,872.7735849056604,451.6981132075472,885,435,955,354,-79,87,-67,71,3,-10,33.67,106,930.764956101434,352.89899534289253,928.3156855220808,362.8737994927201,927.4259520046304,349.7359644852072,subject_006,118.18537942090958,False
2025-11-07T15:36:26.437,9,689,596,678.8761904761905,594.1714285714286,693,583,738,539,-10,-1,4,-13,49,-57,29.57,105,723.414035051193,545.9768438706884,728.4696708183686,546.5845312369387,726.4940377949783,546.3001471277894,subject_006,10.28762327963872,False
2025-11-07T15:36:58.467,20,163,132,184.39622641509436,192.5566037735849,183,169,161,123,21,60,20,37,-2,-9,20.81,106,173.27468847016752,128.03862306338462,181.108118143,143.78996358149357,176.4042859694298,121.94656962197088,subject_006,64.22539034834229,False
2025-11-07T15:37:04.875,12,163,1060,228.57009345794395,938.8130841121496,217,960,200,1027,65,-121,54,-100,37,-33,34.63,107,194.75856030699168,1018.4761304493592,163.0,1060.0,189.8817591884261,1011.5068368841728,subject_006,137.7886270288388,False
2025-11-07T15:37:30.497,13,426,828,432.5769230769231,786.3461538461538,439,790,450,802,6,-41,13,-38,24,-26,29.88,104,443.4909994896285,812.5674560682342,454.12559017718314,803.6065084140239,444.3515995177774,813.9270458069286,subject_006,42.16988044289491,False
2025-11-07T15:37:43.312,5,952,828,893.9166666666666,818.7129629629629,911,818,951,794,-58,-9,-41,-10,-1,-34,23.35,108,945.5929579824884,807.3110112010353,944.3708255982892,807.9670402865119,952.4829920406464,808.7059593247551,subject_006,58.82110733434397,False
2025-11-07T15:37:49.721,16,163,596,187.75925925925927,607.324074074074,186,602,175,614,24,11,23,6,12,18,28.77,108,170.5921095378582,608.993937261116,181.2351432853196,594.2862717040437,169.2841566634289,608.7236100272054,subject_006,27.226009121836626,False
2025-11-07T18:16:42.836,5,1478,828,1448.728971962617,796.5140186915888,1464,825,1471,878,-29,-31,-14,-3,-7,50,28.82,107,1470.8289526695908,875.3957870982193,1471.95228502889,842.7623692306386,1471.2485289517433,877.5281833426898,subject_006,42.990232626945435,False
2025-11-07T18:16:49.243,4,426,828,506.803738317757,775.4392523364486,442,823,430,868,80,-52,16,-5,4,40,28.32,107,430.00554148733727,863.2199423188044,411.0073801897764,851.0206669399466,432.6045676592097,862.6326163885667,subject_006,96.39437909482106,False
2025-11-07T18:17:08.464,19,1741,596,1715.1509433962265,587.7735849056604,1721,600,1738,608,-25,-8,-20,4,-3,12,28.27,106,1740.3010630151073,621.0148211840534,1726.184843452569,609.6085690858802,1742.6043209677568,625.6054153376938,subject_006,27.12651161888433,False
2025-11-07T18:17:53.308,17,1215,132,1274.1470588235295,222.2058823529412,1256,221,1255,211,59,90,41,89,40,79,68.39,102,1250.1097483137723,214.51459243923352,1248.2144718196744,218.69477173499985,1250.382716175323,214.1039484204637,subject_006,107.86786258449143,False
2025-11-07T18:17:59.714,16,1741,1060,1660.1,933.87,1721,1043,1718,1052,-80,-126,-20,-17,-23,-8,92.65,100,1709.797862846583,1033.3684615081197,1722.9978321126005,1045.135564725187,1709.951023274459,1027.1483205683912,subject_006,149.84520979997998,False
2025-11-07T18:18:06.116,8,952,364,994.5339805825242,376.00970873786406,965,386,959,383,42,12,13,22,7,19,23.73,103,958.859989875212,392.2119898376333,949.8481912464122,391.3405657180075,960.0492649652996,394.4279309446632,subject_006,44.19697510195553,False
2025-11-07T18:18:18.917,15,1215,1060,1194.362745098039,956.2647058823528,1200,1112,1209,1104,-20,-103,-15,52,-6,44,30.21,102,1202.8122224041674,1084.304942803727,1215.0,1060.0,1203.5895578385175,1072.277579857403,subject_006,105.7681782747688,False
2025-11-07T18:18:25.326,0,163,596,260.2830188679245,552.5,199,583,157,587,97,-43,36,-13,-6,-9,23.9,106,164.419434439344,600.4417651684965,171.242448842776,598.7830629330242,162.05844509378554,602.5035004461754,subject_006,106.5656406167436,False
2025-11-07T18:18:44.542,12,689,1060,747.7592592592592,981.75,724,1089,712,1151,58,-78,35,29,23,91,39.9,108,706.053603494624,1118.834624796312,689.0,1060.0,704.4041027015438,1105.8611280069797,subject_006,97.8555723947126,False
2025-11-12T12:47:45.535,3,1741,132,1626.4949494949494,270.7979797979798,1660,240,1720,149,-114,138,-81,108,-21,17,50.51,99,1724.2173725370935,163.77850679699432,1724.2442177148353,169.0009047135438,1727.7509234608578,167.61981706732576,subject_006,179.93411512874536,False
2025-11-12T12:47:58.346,6,952,828,860.9433962264151,797.811320754717,896,823,902,829,-91,-30,-56,-5,-50,1,27.61,106,916.6713291855935,846.7766504481506,934.3448835893938,854.5225257398478,920.739227522964,848.8895739579273,subject_006,95.93050320598876,False
2025-11-12T12:48:23.985,13,163,132,135.2403846153846,199.10576923076923,129,166,128,127,-27,67,-34,34,-35,-5,34.45,104,118.4976553532789,127.09414291211188,163.0,132.0,118.77540883165072,131.39419886652016,subject_006,72.62079943346141,False
2025-11-12T12:48:30.394,19,426,828,393.83962264150944,784.9245283018868,409,814,405,839,-32,-43,-17,-14,-21,11,43.77,106,404.7602196818379,845.5836818782323,418.87663318526745,839.3074186610654,405.095177712318,850.2213229827239,subject_006,53.7567310562637,False
2025-11-12T12:48:43.207,1,689,596,588.0103092783505,608.1649484536083,602,624,622,604,-100,12,-87,28,-67,8,35.33,97,626.52123446437,628.9169345080267,620.8070842156797,634.923443036564,632.4217528074905,629.5436232048507,subject_006,101.71973064717268,False
2025-11-12T12:48:49.611,12,1741,1060,1711.8910891089108,1065.1980198019803,1753,1106,1751,1121,-29,5,12,46,10,61,43.83,101,1790.9072534715444,1116.1622912560213,1741.0,1060.0,1800.4227027121472,1109.431786703362,subject_006,29.569377794048183,False
2025-11-12T12:49:02.430,7,952,364,855.1320754716982,434.8867924528302,884,415,912,379,-96,70,-68,51,-40,15,27.46,106,917.084878575687,385.7561462166063,918.8253177624384,384.6812133797363,921.2537489866976,385.3468830790159,subject_006,120.03471225721088,False
2025-11-12T12:49:08.832,20,1478,828,1383.2857142857142,819.5238095238095,1424,820,1443,825,-94,-8,-54,-8,-35,-3,27.87,105,1444.5321354901084,822.1369120950409,1427.3114689302088,817.0283388142047,1438.336354029925,820.3236166530623,subject_006,95.09280584437512,False
2025-11-12T15:58:56.958,14,689,132,643.0438596491229,229.5,668,195,687,170,-45,97,-21,63,-2,38,31.56,114,684.3615563584358,163.96073963490034,695.6622107019183,154.433313182988,683.7404493835136,158.10852851865647,subject_006,107.78783250418164,False
2025-11-12T15:59:03.374,20,1741,1060,1685.0521739130436,1047.3565217391304,1711,1075,1737,1154,-55,-12,-30,15,-4,94,15.52,115,1741.4796384697852,1087.075956663204,1741.0,1060.0,1749.6363193349362,1095.0400705827144,subject_006,57.35866792725755,False
2025-11-12T15:59:09.782,1,426,828,406.69565217391306,755.5130434782609,423,775,437,810,-19,-72,-3,-53,11,-18,44.02,115,452.6354453164095,828.4177655102216,468.91446537333474,856.8971000950709,449.9770499022328,855.6016822574873,subject_006,75.01344353364297,False
2025-11-12T15:59:22.599,17,952,828,895.7327586206897,735.9568965517242,930,753,950,770,-56,-92,-22,-75,-2,-58,35.78,116,955.9571039266764,773.4997947587512,961.0846080026728,776.4131603249215,952.5803726442224,774.5858971732699,subject_006,107.8792628118471,False
2025-11-12T15:59:35.406,4,952,364,884.1217391304348,405.3478260869565,902,378,935,357,-67,41,-50,14,-17,-7,27.66,115,937.3615941287496,352.48227455575875,927.960403978252,328.05763565887037,935.4323818032456,328.1531567903228,subject_006,79.48019263183721,False
2025-11-12T15:59:48.222,18,1741,132,1701.0265486725664,249.2389380530973,1715,216,1725,99,-39,117,-26,84,-16,-33,30.88,113,1738.124811980424,144.28025485449,1736.5043909065805,165.11651663216384,1742.2319883494629,154.32250188295177,subject_006,123.86623998024923,False
2025-11-12T16:00:01.033,9,1215,596,1148.982905982906,586.3589743589744,1184,571,1203,559,-66,-9,-31,-25,-12,-37,28.75,117,1205.7340983087931,560.5938648783027,1217.1947318641533,556.798340869704,1201.3715180000918,550.9542046175525,subject_006,66.71735964404422,False
2025-11-12T16:00:33.074,7,1478,828,1400.7739130434782,844.6782608695652,1432,899,1456,882,-77,16,-46,71,-22,54,20.03,115,1452.2298525869276,872.8560164680371,1440.6028430135034,903.6437843705246,1454.5991544684196,909.245031288248,subject_006,79.00653702225874,False
2025-11-12T16:00:39.472,3,1741,596,1710.4396551724135,675.2931034482758,1732,632,1746,616,-30,79,-9,36,5,20,28.73,116,1755.7710075740188,623.653466929558,1741.0,596.0,1760.663013039129,587.0797323311389,subject_006,84.97841449709428,False
2025-11-12T16:07:26.655,6,163,132,158.26495726495727,183.83760683760684,155,178,115,88,-4,51,-8,46,-48,-44,28.35,117,152.01703580813242,158.81605956353525,163.0,132.0,157.44639197819166,159.12602346573533,subject_006,52.05341595277859,False
2025-11-12T16:07:33.048,15,426,364,340.3589743589744,377.2051282051282,356,364,365,356,-85,13,-70,0,-61,-8,31.78,117,364.1057737060487,373.9852562943433,374.8753725107611,341.0486937759813,363.8380571303861,369.869165924147,subject_006,86.65310544787575,False
2025-11-12T16:07:39.453,3,1741,596,1671.070796460177,706.0265486725664,1666,672,1666,640,-69,110,-75,76,-75,44,31.33,113,1661.058607532339,644.1508176923179,1665.75196955277,617.2202477559697,1659.0452428783483,641.5262259178988,subject_006,130.36845830380372,False
2025-11-12T16:07:45.866,16,163,1060,166.651376146789,939.0,160,972,156,1093,3,-121,-3,-88,-7,33,45.44,109,158.94568392225094,1052.556766217017,163.0,1060.0,161.95355473635414,1050.647629828792,subject_006,121.0550806359045,False
2025-11-12T16:08:05.079,19,1741,1060,1753.4,1072.4434782608696,1731,1063,1714,1046,12,12,-10,3,-27,-14,36.36,115,1685.3393333368958,1023.5719853615476,1654.4102148996135,1026.4744092659466,1675.099763987857,1015.5876829748474,subject_006,17.5670188486475,False
2025-11-12T16:08:11.485,5,1478,828,1396.4727272727273,836.4363636363636,1408,843,1426,838,-81,8,-70,15,-52,10,12.53,110,1414.78334621116,835.3316673605432,1418.8235781717951,828.5682455674871,1415.388383499719,833.2615009763215,subject_006,81.96260384926812,False
2025-11-12T16:08:17.893,4,1215,132,1148.491071428571,245.75892857142856,1165,228,1199,195,-66,113,-50,96,-16,63,30.55,112,1194.0468943101723,200.25637855116796,1190.726828567089,193.81109460093248,1194.4438957046025,201.26341168955,subject_006,131.77454765408538,False
2025-11-12T16:09:21.938,11,1741,132,1673.7692307692307,163.17948717948718,1680,156,1659,58,-67,31,-61,24,-82,-74,32.69,117,1682.5340249429444,87.36791284107757,1741.0,132.0,1695.2862654576325,104.5397931234726,subject_006,74.10895190283533,False
2025-11-12T16:09:28.345,17,952,364,902.4568965517242,354.1293103448276,923,336,969,332,-49,-9,-29,-28,17,-32,33.2,116,954.679459420139,330.4821992122683,958.5686904386142,302.7847314389487,955.502706632686,329.56446842983405,subject_006,50.51682505418651,False
2025-11-12T16:23:41.307,5,1741,596,1826.2586206896551,733.5344827586207,1827,687,1815,663,85,137,86,91,74,67,36.47,116,1819.7174204308064,686.3692027799027,1741.0,596.0,1826.8773873277285,649.5438629370263,subject_006,161.81707681695346,False
2025-11-12T16:23:47.706,8,1215,1060,1211.3793103448277,1086.594827586207,1185,1218,1181,1253,-3,26,-30,158,-34,193,21.14,116,1192.6346794143055,1209.4570581101566,1215.0,1060.0,1200.5238657149018,1217.4612691925104,subject_006,26.840161100841915,False
2025-11-12T16:23:54.112,18,952,364,895.9316239316239,465.4871794871795,900,474,889,495,-56,101,-52,110,-63,131,49.83,117,892.3084786743016,500.92464107996506,896.193029092769,493.01332337033614,887.5595059205339,495.092108573272,subject_006,115.94529052621256,False
2025-11-12T16:24:13.338,0,1215,132,1206.0176991150445,248.1238938053097,1199,224,1214,201,-8,116,-16,92,-1,69,45.29,113,1202.487345526237,193.33981336764327,1187.572521114906,193.36726379280665,1203.1754525198794,187.9032898591537,subject_006,116.47077076114296,False
2025-11-12T16:24:26.143,10,1215,596,1157.1130434782608,651.0695652173913,1168,674,1149,697,-57,55,-47,78,-66,101,31.17,115,1156.0274406493324,702.8412480960792,1173.3790246950691,702.9460690162783,1149.1408895696325,703.7211395674813,subject_006,79.89716358283464,False
2025-11-12T16:24:32.550,4,689,596,650.9739130434782,571.408695652174,642,609,635,636,-38,-24,-47,13,-54,40,41.25,115,637.262448000331,652.1624704195119,634.2541613379998,664.7250287295428,638.3478495121342,673.5332346673611,subject_006,45.28482680492844,False
2025-11-12T16:24:38.961,13,1478,364,1516.448275862069,468.1293103448276,1517,449,1521,410,38,104,39,85,43,46,55.29,116,1519.619667102869,414.13103264508857,1516.2834049165513,405.87750654148965,1515.1776164775674,403.8211994991768,subject_006,111.00082517555978,False
2025-11-12T16:24:45.364,14,426,828,417.9913793103448,744.0,413,780,393,851,-8,-84,-13,-48,-33,23,53.75,116,398.1815053105747,851.0096102579867,413.720248957206,863.334942668987,401.32801657140686,869.4065115425886,subject_006,84.38091019508366,False
2025-11-12T16:25:30.222,20,426,364,492.0467289719626,344.70093457943926,492,349,473,360,66,-19,66,-15,47,-4,35.75,107,474.0018573529872,362.83719331558143,486.1657025352522,354.97626704583433,472.3972967566966,357.4532507787673,subject_006,68.80860654019207,False
2025-11-12T16:38:39.480,6,952,828,869.6869565217391,855.8521739130434,918,908,966,902,-82,27,-34,80,14,74,36.4,115,958.6303755525802,902.4390585426572,952.9768461208382,925.738839369275,963.9525636956809,898.5664984484631,subject_006,86.89752998984768,False
2025-11-12T16:38:52.288,3,1478,364,1400.817391304348,474.46086956521737,1453,374,1465,387,-77,110,-25,10,-13,23,44.86,115,1461.9433370789527,377.6373085785091,1464.8951124263556,343.93431594937863,1458.9424399734291,380.9880048780025,subject_006,134.75443885145347,False
2025-11-12T16:39:11.517,14,1215,596,1118.2155172413793,643.7413793103449,1187,632,1204,621,-96,47,-28,36,-11,25,34.66,116,1201.910073170599,614.1756764472646,1210.942859083098,616.3819576812034,1201.6795963229858,613.4593094878262,subject_006,107.9188371013512,False
2025-11-12T16:39:17.925,5,163,596,148.1,569.5181818181818,181,601,187,600,-14,-26,18,5,24,4,34.13,110,196.3775765741851,602.6496597530579,198.595046164278,613.0180507388251,193.33298521368417,601.2348166333257,subject_006,30.385797574111447,False
2025-11-12T16:39:37.149,17,952,364,870.9411764705883,447.21008403361344,923,396,960,411,-81,83,-29,32,8,47,37.76,119,953.7211781574252,404.6671448052387,952.5397592955326,353.14423611873644,958.3565695226722,409.3268271137786,subject_006,116.16561865222135,False
2025-11-12T16:39:43.554,16,1741,596,1670.4642857142858,712.4285714285714,1690,665,1712,627,-70,116,-51,69,-29,31,52.69,112,1706.168521376197,618.9729106384548,1684.9634660807524,607.2682181494197,1704.081959032448,620.7329716577556,subject_006,136.1282455432886,False
2025-11-12T16:40:02.767,10,689,1060,572.025641025641,955.4957264957264,632,1002,662,1053,-116,-104,-57,-58,-27,-7,38.09,117,654.5091510581108,1032.2502438176057,670.2131109298048,1036.3567975459566,656.5287667384147,1034.7737501469107,subject_006,156.85708093075752,False
2025-11-12T16:40:15.581,20,1741,132,1680.4245283018868,303.79245283018867,1703,236,1712,152,-60,171,-38,104,-29,20,43.04,106,1714.286668020686,178.88158335242989,1717.275995247334,200.5991367133644,1715.19584951943,182.31217017408017,subject_006,182.1593659981872,False
2025-11-12T16:40:21.986,0,163,132,106.13157894736842,229.93859649122808,128,181,141,171,-56,97,-35,49,-22,39,22.89,114,142.68454909122894,195.16854579751023,163.0,132.0,144.46720864629933,208.47854898026316,subject_006,113.25186972271575,False
2025-11-13T20:00:12.727,16,689,1060,556.5478260869565,909.4260869565218,559,1012,543,1065,-132,-150,-130,-48,-146,5,42.11,115,540.809464270519,1053.2292083127636,530.7537547289533,1054.2528302471328,562.3509629109508,1058.759430841837,subject_006,200.5394765713625,False
2025-11-13T20:00:19.147,13,163,596,114.00892857142856,585.0,112,597,91,670,-48,-11,-51,1,-72,74,29.59,112,80.10818973186656,661.8705760105598,163.0,596.0,80.12374244954074,637.2282090021245,subject_006,50.21080640379508,False
2025-11-13T20:00:38.379,11,426,364,424.5339805825243,325.126213592233,410,348,430,384,-1,-38,-16,-16,4,20,28.75,103,418.5581137656794,388.8381991843181,385.98529515569345,388.8010067356263,383.6894695790189,390.9165973419874,subject_006,38.90142005903006,False
2025-11-13T20:00:51.196,1,1215,1060,1099.0265486725664,903.4955752212388,1113,951,1136,1060,-115,-156,-102,-109,-79,0,32.05,113,1141.8508475248768,1035.6336923986207,1143.8904019762467,1037.2613868667693,1151.913231751152,1046.7420490930008,subject_006,194.79085293752252,False
2025-11-13T20:01:04.009,10,1741,596,1632.40350877193,666.3070175438596,1691,692,1715,676,-108,70,-50,96,-26,80,23.88,114,1714.1798667088265,687.6582540304396,1722.6222527344848,691.5591418617555,1730.5722319218512,692.7300651963416,subject_006,129.368754430739,False
2025-11-13T20:01:23.226,5,952,364,896.4260869565218,402.8782608695652,917,412,928,444,-55,38,-35,48,-24,80,34.44,115,926.923801276336,444.1388438568665,942.401999939524,431.1618051264089,934.1606105903612,442.21203292098016,subject_006,67.82314486372663,False
2025-11-13T20:01:29.631,14,163,1060,174.02586206896552,881.7155172413793,161,898,131,1005,11,-178,-2,-162,-32,-55,43.57,116,113.61942049652322,993.8074579583576,163.0,1060.0,137.89917459662234,974.4328881177288,subject_006,178.6251002151511,False
2025-11-13T20:01:36.035,7,689,596,634.4070796460177,550.7610619469026,638,579,649,637,-54,-45,-51,-17,-40,41,30.86,113,644.4653024732236,648.1447349713446,652.9949250516266,653.7327150933577,642.7963063738194,662.3371113411694,subject_006,70.90097650207818,False
2025-11-13T20:01:55.262,3,163,132,183.5877192982456,67.76315789473684,190,85,179,110,20,-64,27,-47,16,-22,36.45,114,174.56076982628488,102.82340716837405,163.0,132.0,176.63087428194586,115.98176785017364,subject_006,67.45536353441337,False
2025-11-13T20:26:54.846,6,1478,364,1438.042735042735,485.4017094017094,1440,450,1440,411,-39,121,-38,86,-38,47,41.02,117,1441.0621454384989,403.3603765258512,1443.946904886128,394.4515760566578,1438.8272978999507,390.5607323547211,subject_006,127.80828638442098,False
2025-11-13T20:27:01.266,19,1215,1060,1136.6576576576576,1026.108108108108,1180,1106,1171,1124,-78,-33,-35,46,-44,64,26.85,111,1160.3214014152768,1106.3258542600531,1107.7814602146443,1060.0,1166.999083365847,1118.996620669305,subject_006,85.35914092642024,False
2025-11-13T20:27:07.668,1,163,596,222.5675675675676,601.7297297297297,225,606,206,613,59,5,62,10,43,17,43.63,111,216.08638663062612,623.6774020720409,227.30104952104995,617.0577340943046,212.76156909251893,614.2634989911477,subject_006,59.842500855934155,False
2025-11-13T20:27:14.079,12,1215,132,1143.982142857143,242.67857142857144,1158,191,1169,158,-71,110,-57,59,-46,26,37.1,112,1155.9891414378287,140.04687623182664,1152.9982972287569,132.0,1158.5073157991842,133.63848079767155,subject_006,131.5039246814811,False
2025-11-13T20:27:20.484,8,1741,596,1732.5225225225224,717.1081081081081,1716,671,1688,645,-8,121,-25,75,-53,49,41.9,111,1700.571480124603,633.4626776390129,1707.3873867573477,594.634816663251,1696.2819640473565,624.027538149666,subject_006,121.404454094182,False
2025-11-13T20:27:39.704,0,1741,132,1712.5258620689656,242.68965517241375,1702,192,1688,100,-28,110,-39,60,-53,-32,42.81,116,1683.8079134158158,110.26243035015042,1684.550480494875,132.0,1694.2026886541184,127.39388652390755,subject_006,114.29337816821862,False
2025-11-13T20:27:46.115,7,689,1060,564.175,910.95,579,948,618,1027,-124,-149,-110,-112,-71,-33,47.56,120,600.8371599601077,1038.89456237712,596.7283979097784,1060.0,604.274883453465,1073.776725153381,subject_006,194.4149765964546,False
2025-11-13T20:28:05.331,3,163,1060,249.6695652173913,984.8434782608696,249,1010,290,1138,86,-75,86,-50,127,78,70.63,115,248.683622959595,1083.6851424333504,219.14222753011836,1060.0,259.08661156240544,1081.9888923279168,subject_006,114.71755007363096,False
2025-11-13T20:28:43.763,4,426,828,463.5126050420168,733.0504201680673,477,752,495,792,37,-94,51,-76,69,-36,38.82,119,491.6295461403675,812.0231272060798,509.136932441467,817.133536439718,488.44886111143586,828.2468687749298,subject_006,102.0912251239004,False
2025-11-13T20:41:17.764,17,1741,596,1738.025,738.5333333333333,1754,718,1777,687,-2,142,13,122,36,91,39.91,120,1772.3878627173049,716.415078627891,1741.0,596.0,1765.9502812594585,715.3564998939551,subject_006,142.5643775145499,False
2025-11-13T20:41:30.589,18,1215,132,1154.65,248.79166666666663,1173,219,1203,195,-60,116,-42,87,-12,63,34.48,120,1201.3208477227802,170.64599764272864,1209.7774718244468,163.8297354844668,1202.506830210467,165.84919491898012,subject_006,131.46260267763512,False
2025-11-13T20:41:36.996,14,952,828,877.957264957265,783.4871794871794,903,801,922,816,-74,-44,-49,-27,-30,-12,28.65,117,927.503455177626,833.7768162271893,932.08551688714,824.0551593195701,932.071192426112,839.6562007362278,subject_006,86.3928110586479,False
2025-11-13T20:41:49.812,10,689,1060,629.3675213675214,932.7264957264956,643,1002,665,1025,-59,-127,-46,-58,-24,-35,27.4,117,657.4343296468005,1023.8731062094338,661.4559669055609,1060.0,658.1411226622954,1029.0186158840688,subject_006,140.5509779329577,False
2025-11-13T20:42:09.029,16,1741,132,1685.781512605042,237.11764705882356,1711,191,1724,133,-55,105,-30,59,-17,1,51.85,119,1729.9970987147651,146.45800488048948,1735.6320204726628,149.78345111543993,1734.9800421477885,150.29637170647953,subject_006,118.73837237123696,False
2025-11-13T20:42:15.437,6,1478,364,1397.7563025210084,448.66386554621846,1419,418,1444,383,-80,84,-59,54,-34,19,25.49,119,1445.178429164701,383.199569842155,1440.3331755113538,372.5239213670483,1444.788915085966,374.8147235966428,subject_006,116.64913679204012,False
2025-11-13T20:42:34.651,1,1741,1060,1721.4416666666666,1055.6916666666666,1727,1075,1773,1137,-19,-4,-14,15,32,77,17.74,120,1753.8164585417687,1092.0827570232511,1741.0,1060.0,1752.8226885341353,1085.0697574021574,subject_006,20.027234928688777,False
2025-11-13T20:42:47.479,15,1478,828,1386.5666666666666,867.7833333333333,1427,857,1439,894,-91,39,-51,29,-39,66,40.8,120,1435.9068512641325,882.1524314373028,1439.8254374912367,856.5531458621364,1435.9609913827185,881.7609143624165,subject_006,99.71342966499328,False
2025-11-13T20:43:13.104,20,163,596,207.79310344827587,601.3965517241379,208,601,201,607,44,5,45,5,38,11,25.05,116,205.29273486408687,621.0059359514834,207.1776425137244,601.9971868149191,203.7819600088062,616.8573065356861,subject_006,45.11701327702488,False
2025-11-13T20:48:14.888,7,1741,596,1666.8425925925926,728.8796296296297,1704,690,1752,618,-74,132,-37,94,11,22,72.97,108,1758.6613081909668,661.6338260704875,1741.0,596.0,1754.6439535113614,661.0786207909439,subject_006,152.17199822534943,False
2025-11-13T20:48:40.510,8,163,596,166.3090909090909,605.6363636363636,139,605,132,617,3,9,-24,9,-31,21,24.98,110,137.48955719532216,632.1336218252924,163.0,596.0,133.76311421450964,631.5386913686751,subject_006,10.188698973709023,False
2025-11-13T20:49:12.540,15,689,596,664.0,561.1481481481482,667,592,689,574,-25,-34,-22,-4,0,-22,26.1,108,689.1736669151348,592.1863875057019,669.7495187158131,615.7248138932234,671.2290142219605,595.1676423218123,subject_006,42.89115966610636,False
2025-11-13T20:49:18.949,1,952,364,930.5641025641024,407.44444444444446,961,385,971,381,-21,43,9,21,19,17,23.69,117,972.5574941122068,376.38769776869094,972.2459252861833,373.2815729773236,971.4963905138484,378.1261625274119,subject_006,48.44499408575401,False
2025-11-13T20:49:25.356,9,689,132,690.55,180.95833333333331,698,140,714,155,1,48,9,8,25,23,25.62,120,702.2476619492132,132.402461543993,703.7798030439993,132.0,699.1881375790515,137.5686009508532,subject_006,48.98286335829884,False
2025-11-13T20:49:38.167,13,1478,828,1440.063063063063,871.8378378378378,1525,827,1539,844,-37,43,47,-1,61,16,24.58,111,1538.357191225296,859.2076255585991,1536.1378371377305,833.7128720892401,1534.6298597939035,854.3361482138262,subject_006,57.973849367225,False
2025-11-13T20:49:44.576,0,1215,596,1142.6605504587155,629.5779816513761,1179,616,1206,608,-72,33,-36,20,-9,12,32.82,109,1218.6093794654353,599.1399880128984,1241.2055949978994,562.4505868239511,1240.5702143986834,597.0269563062818,subject_006,79.75259752331704,False
2025-11-13T20:49:50.990,4,1478,364,1453.034188034188,463.1880341880342,1486,419,1513,363,-24,99,8,55,35,-1,32.66,117,1520.4614321144973,363.12652270157633,1519.4517478973407,361.0652705446232,1518.0826266401436,356.9767202434115,subject_006,102.2817573822376,False
2025-11-13T20:50:16.607,19,1215,1060,1121.111111111111,974.7863247863248,1212,1029,1215,1033,-93,-85,-3,-31,0,-27,14.47,117,1214.2497989389574,1023.0237489376004,1214.4791008421143,1027.042947803691,1214.0216655586091,1016.4605174379392,subject_006,126.7931145615244,False
2025-11-13T21:01:19.398,14,952,364,882.6470588235294,426.3613445378151,916,405,924,389,-69,62,-36,41,-28,25,25.7,119,917.7747404939904,402.8487088694047,936.245330641501,389.1536713377336,918.5812602241858,390.69267398078864,subject_006,93.26718470282609,False
2025-11-13T21:01:45.026,8,1215,1060,1143.2605042016808,1056.5042016806722,1233,1118,1231,1178,-71,-3,18,58,16,118,15.45,119,1215.4812348683654,1124.7535134574878,1215.0,1060.0,1233.9164569738764,1119.7335601354675,subject_006,71.82461878274384,False
2025-11-13T21:01:57.838,7,689,132,664.9243697478992,205.1932773109244,673,194,693,172,-24,73,-16,62,4,40,41.11,119,676.0374883927773,172.6568441178704,677.137697240722,188.1365110949174,677.1301889841255,181.29777703522672,subject_006,77.05122851421484,False
2025-11-13T21:02:29.868,3,1478,364,1449.3949579831933,464.20168067226894,1458,407,1469,370,-28,100,-20,43,-9,6,26.68,119,1477.0297616902394,373.43230180505134,1462.784089410358,351.9276602846135,1472.486809885385,352.681165162449,subject_006,104.20472752390184,False
2025-11-13T21:02:42.682,10,517,131,485.1764705882353,186.781512605042,485,176,498,167,-31,55,-32,45,-19,36,25.68,119,483.6337603161626,160.57218038370502,489.09017637045895,167.43943255744523,487.0183415147253,165.00334862398316,subject_006,64.22082351331157,False
2025-11-13T21:02:49.090,17,1215,132,1181.7666666666669,247.53333333333333,1192,204,1211,165,-33,115,-23,72,-4,33,27.91,120,1204.5541819145187,163.99129455453436,1196.1846848589687,171.81926974480945,1203.7710115241102,167.35622814208327,subject_006,120.21815817735498,False
2025-11-13T21:02:55.502,16,163,132,151.2016806722689,152.53781512605042,147,146,108,149,-11,20,-16,14,-55,17,21.55,119,123.25826981912716,133.4792843054752,163.0,132.0,130.67023352765582,140.07234659338107,subject_006,23.68548477677707,False
2025-11-13T21:03:08.305,20,426,828,378.69166666666666,769.25,377,795,377,812,-47,-58,-49,-33,-49,-16,34.7,120,366.0777094726838,825.7730092769268,372.2227898071099,823.6222319564738,357.7333115755034,825.6187920713855,subject_006,75.42970835670637,False
2025-11-13T21:03:14.712,5,1741,132,1704.9416666666666,283.725,1710,236,1682,135,-36,151,-31,104,-59,3,41.61,120,1721.2602867591424,152.90702970919403,1732.188601119516,152.45998496130147,1722.8015474395547,149.5628381431275,subject_006,155.95088658862375,False
2025-11-13T21:03:21.119,4,1741,1060,1678.6083333333331,1094.45,1728,1175,1740,1187,-62,34,-13,115,-1,127,36.73,120,1730.012864109463,1129.4087998168295,1741.0,1060.0,1737.630360076051,1167.2188540981097,subject_006,71.27076939001343,False
2025-11-17T14:17:49.629,3,1741,1060,1802.063063063063,1146.0,1803,1198,1804,1151,61,86,62,138,63,91,53.34,111,1814.1932708247932,1131.8346203071326,1741.0,1060.0,1827.368643011138,1123.5991788589272,subject_006,105.47368236031022,False
2025-11-17T14:18:02.442,15,1215,132,1170.6486486486488,244.06306306306303,1191,204,1197,193,-44,112,-24,72,-18,61,40.24,111,1191.1790051249118,188.01822466812203,1193.2798077037446,194.9917922637839,1193.651024071191,190.8276495850506,subject_006,120.52042345497732,False
2025-11-17T14:18:15.258,19,1215,596,1141.1607142857142,629.3482142857143,1174,606,1176,596,-73,33,-41,10,-39,0,36.8,112,1183.999972168524,598.7699765991911,1194.727516434249,581.5499581802198,1185.9271722295605,594.5251179648554,subject_006,81.02063632706083,False
2025-11-17T14:18:21.663,2,689,1060,597.0,931.7983193277312,633,990,629,1036,-92,-128,-56,-70,-60,-24,48.99,119,639.1239369252729,1023.8339905410212,690.4842108632537,1047.014050286244,647.3454205501126,1028.5862206596707,subject_006,157.7962956700644,False
2025-11-17T14:18:40.881,8,952,364,909.5126050420168,420.781512605042,936,404,940,388,-42,56,-16,40,-12,24,29.6,119,939.867160375288,398.3859241150768,937.709499012872,404.15617007272095,941.8764033173616,397.8759168295732,subject_006,70.91769105119114,False
2025-11-17T14:19:00.103,18,1478,828,1417.1344537815123,918.0504201680671,1424,868,1448,909,-60,90,-54,40,-30,81,28.24,119,1443.391921672587,883.2194514533932,1428.6712241169705,841.3789385798403,1437.5468105647044,878.883299370745,subject_006,108.69081326828083,False
2025-11-17T14:19:06.507,17,1741,132,1708.7372881355932,205.864406779661,1703,154,1700,124,-32,73,-38,22,-41,-8,45.03,118,1702.9459965105882,121.16111829804692,1697.4413645327077,136.32423887158384,1706.999603948693,126.56751132941108,subject_006,80.60293521799915,False
2025-11-17T14:19:12.914,0,426,828,368.1779661016949,790.1016949152543,352,850,371,866,-57,-37,-74,22,-55,38,32.5,118,369.3962592381655,873.3886173788251,344.53813671845586,884.4780339649303,365.6541820737597,875.3039372261707,subject_006,69.13515120713348,False
2025-11-17T14:19:51.347,16,689,132,693.0260869565218,177.34782608695653,705,142,710,152,4,45,16,10,21,20,23.48,115,697.3726372971757,145.04868280647236,706.1222258179124,140.387306387038,696.2896285948726,146.8831308276704,subject_006,45.52619802920435,False
2025-11-17T15:56:34.734,20,426,828,457.97435897435895,795.1282051282051,476,816,487,812,31,-32,50,-12,61,-16,25.36,117,489.4443793049719,814.0648245219497,491.4524626253658,831.4363646558609,479.782080933476,833.57699326003,subject_006,45.857546052035225,False
2025-11-17T15:57:06.783,2,426,364,428.16521739130434,339.37391304347824,450,327,494,325,2,-24,24,-37,68,-39,23.72,115,485.5656884758769,330.9356149204025,466.6010000533485,322.0418050605746,485.8390965804902,315.32980156379614,subject_006,24.7210906948253,False
2025-11-17T15:57:13.195,7,952,828,921.7672413793103,781.8103448275862,952,778,975,752,-30,-46,0,-50,23,-76,32.46,116,981.3215540741842,759.9204362818158,995.139066896689,763.9395295776421,991.124010395747,760.7809683502148,subject_006,55.20420218392238,False
2025-11-17T15:57:19.591,6,952,364,766.9026548672566,374.353982300885,822,374,853,357,-185,10,-130,10,-99,-7,28.33,113,842.282392857959,365.5838702285369,829.3307584111725,381.7188654170326,857.78569904151,379.456505654279,subject_006,185.38670967649475,False
2025-11-17T15:57:38.813,18,163,596,245.23684210526315,560.8333333333334,225,548,210,554,82,-35,62,-48,47,-42,32.68,114,261.25752854955357,563.969531561915,223.41367800860343,541.9459466111981,242.92442145109817,543.5592413087558,subject_006,89.44044188112234,False
2025-11-17T15:57:58.029,5,1741,132,1785.8,78.81666666666666,1747,113,1719,67,44,-53,6,-19,-22,-65,58.07,60,1662.7704378925428,114.8799299288183,1651.6113605007718,159.33929745790286,1650.7491752842152,156.49321379170095,subject_006,69.53780945963456,False
2025-11-17T15:58:23.655,12,163,132,174.22033898305085,136.78813559322035,207,119,233,112,11,4,44,-13,70,-20,23.93,118,217.00781839777576,136.51903677498024,163.0,132.0,224.22010391915603,117.68452239747012,subject_006,12.199272492801944,False
2025-11-17T15:58:36.475,1,689,1060,675.0512820512821,935.4786324786324,716,964,745,946,-13,-124,27,-96,56,-114,40.54,117,725.4448174873555,947.4105554328772,747.7059636663141,976.5409399111612,732.6382856615134,977.8899344748428,subject_006,125.300190350232,False
2025-11-17T18:55:58.104,5,426,828,409.8119658119658,800.3162393162393,393,823,387,852,-16,-27,-33,-5,-39,24,26.98,117,388.0340085384998,851.2577361689576,378.6578494355022,838.4257193622852,373.7779490207575,833.498491208955,subject_006,32.06934761526496,False
2025-11-17T18:56:04.511,16,1478,364,1399.6842105263158,478.8157894736842,1425,422,1454,387,-78,114,-53,58,-24,23,31.98,114,1451.617603863112,385.9301274588397,1438.6700173832976,379.498507515241,1439.256309933261,378.9298353568744,subject_006,138.98211537227297,False
2025-11-17T18:56:30.118,6,1478,828,1383.7327586206898,875.8793103448276,1444,866,1511,873,-94,47,-34,38,33,45,21.84,116,1501.4094984172111,860.4052083953906,1506.237331680369,850.692258463313,1510.756981162111,850.4566917842054,subject_006,105.7295661409875,False
2025-11-17T18:56:36.525,0,1741,596,1652.8793103448277,708.5172413793103,1716,679,1756,607,-88,112,-25,83,15,11,24.23,116,1759.7419341398245,630.1739694314298,1741.0,596.0,1764.7083658767835,640.4305329244308,subject_006,142.91740815209735,False
2025-11-17T18:56:55.744,9,1215,132,1188.991452991453,237.017094017094,1209,159,1212,155,-26,105,-6,27,-3,23,28.18,117,1211.1686333043674,144.54875868427428,1211.1153382630546,157.69521805258742,1202.4860335367778,154.6504150779944,subject_006,108.18980799174643,False
2025-11-17T18:57:08.560,1,1215,1060,1112.111111111111,956.1965811965812,1174,983,1215,1016,-102,-103,-41,-77,0,-44,29.84,117,1211.8005757616988,989.4001997718144,1228.5806248693186,988.9206693587884,1224.1824625685083,992.2267972660592,subject_006,146.1549630086782,False
2025-11-17T18:57:27.774,20,163,132,113.83193277310924,89.7983193277311,125,84,134,101,-49,-42,-38,-48,-29,-31,35.08,119,103.49950426276814,84.99451563348636,163.0,132.0,122.14744267835502,82.22256857779084,subject_006,64.79568416485934,False
2025-11-17T18:57:46.994,8,1215,596,1179.1666666666667,611.0701754385965,1211,572,1248,578,-35,15,-4,-24,33,-18,19.87,114,1241.21603571808,569.6360223421156,1227.2738710307462,553.9228532012374,1237.3118963588313,547.3974796379171,subject_006,38.87335804285307,False
2025-11-17T18:57:53.397,10,689,596,704.4786324786324,601.5213675213676,733,620,734,617,15,5,44,24,45,21,30.57,117,734.2407296936419,622.9499699587171,751.323669411123,632.0521267425431,739.7418391514025,631.3920082042238,subject_006,16.433915014827956,False
2025-11-17T19:13:56.181,3,952,364,847.8648648648649,415.009009009009,925,393,924,411,-104,51,-27,29,-28,47,32.64,111,926.9694376049168,402.9432683222683,927.0186903516844,393.1613393367392,929.075295931246,390.95760837780705,subject_006,115.95708417209364,False
2025-11-17T19:14:02.598,17,163,1060,246.5360824742268,974.6907216494844,204,999,189,1020,83,-85,41,-61,26,-40,31.33,97,192.17928884812653,1009.952203861046,179.1529133161261,1015.420021417165,182.59713685007716,1009.5392446102304,subject_006,119.39828327001425,False
2025-11-17T19:14:21.819,9,163,596,219.27272727272728,616.3090909090909,185,633,182,614,56,20,22,37,19,18,28.37,110,191.72249100282585,608.2996715596191,183.741147551158,632.3234900050828,185.40671170842467,623.5887077419285,subject_006,59.82540437192599,False
2025-11-17T19:14:28.224,1,1215,1060,1089.232142857143,1050.830357142857,1167,1086,1181,1086,-125,-9,-48,26,-34,26,34.63,112,1173.8204964852648,1094.4760287073173,1122.9084580281706,1060.0,1193.987585621624,1100.5075555559004,subject_006,126.1016900776261,False
2025-11-17T19:14:34.634,20,952,828,877.0084745762712,792.5254237288135,938,822,940,825,-74,-35,-14,-6,-12,-3,28.08,118,949.6630339287892,824.5167198580265,969.637534389642,835.7793400393392,964.1400355688552,835.2491941393204,subject_006,82.95887202100806,False
2025-11-17T19:14:47.445,16,1478,828,1380.6806722689075,826.2016806722689,1425,835,1488,845,-97,-1,-53,7,10,17,35.95,119,1488.996678959627,843.3508731955524,1486.5672237997492,844.4420285760292,1489.306980696015,849.365421333239,subject_006,97.33594147300512,False
2025-11-17T19:15:25.882,8,689,596,664.1694915254237,618.3305084745763,711,635,705,634,-24,22,22,39,16,38,21.99,118,713.2054127261875,629.1559149422833,719.4856688950683,636.7606030310977,716.9166706828104,627.2904968340358,subject_006,33.3946965825283,False
2025-11-17T19:15:38.693,14,426,364,453.8305084745763,420.4322033898305,487,396,481,400,27,56,61,32,55,36,28.15,118,485.136446757716,394.1530395868776,491.1237447393317,392.1870190230048,489.3745809401043,388.9225163764473,subject_006,62.92162411591627,False
2025-11-18T18:31:18.170,13,1741,1060,1651.9747899159663,1177.0336134453785,1685,1142,1727,1149,-89,117,-56,82,-14,89,42.66,119,1708.1702230915462,1105.4894626521182,1741.0,1060.0,1719.3074078573788,1074.32125915978,subject_006,147.04541715602227,False
2025-11-18T18:31:43.793,5,689,596,705.8583333333333,615.6833333333333,676,609,688,601,16,19,-13,13,-1,5,22.56,120,691.436999697672,606.8315439817432,676.1769192510671,607.6271314825217,674.9364065126196,607.5455549063087,subject_006,25.915960601314534,False
2025-11-18T18:31:50.204,10,1215,132,1164.4789915966387,227.7731092436975,1215,181,1229,187,-50,95,0,49,14,55,35.6,119,1219.488584557962,179.82362259284736,1228.7093415043846,170.19646269045063,1234.255049884413,168.115021255355,subject_006,108.28139611354166,False
2025-11-18T18:32:09.418,3,1478,828,1424.361344537815,866.2605042016806,1436,850,1461,839,-53,38,-42,22,-17,11,27.15,119,1461.2760751478995,821.6851653067995,1453.135574289932,801.0344403221702,1450.464238592826,807.4447190762596,subject_006,65.88604967333984,False
2025-11-18T18:32:35.027,11,689,1060,712.8823529411765,1040.781512605042,708,1065,714,1066,23,-19,19,5,25,6,30.15,119,697.8354311454962,1067.4980372712455,698.8346288424905,1060.0,705.4391550686357,1082.2411425342775,subject_006,30.654804513437657,False
2025-11-18T18:32:47.853,7,426,364,457.1,403.9,430,387,427,377,31,39,4,23,1,13,17.98,120,429.8511834451959,381.51934946808274,427.53951942712973,384.69761778451254,426.3463260189056,381.858320842484,subject_006,50.58873392367118,False
2025-11-18T18:32:54.275,18,163,596,256.1,605.675,197,599,175,605,93,9,34,3,12,9,23.4,120,196.87720032668585,603.3273754368091,185.66551877710629,597.170175592249,184.4953109863744,599.4987553979487,subject_006,93.60136550820188,False
2025-11-18T18:33:00.684,6,426,828,504.7627118644068,823.8898305084746,465,836,461,838,78,-4,39,8,35,10,21.86,118,462.97463870252005,837.1828518874755,456.69598976787194,839.9028076573824,454.7693462199581,838.9617005732481,subject_006,78.86988191625899,False
2025-11-18T18:33:19.902,0,1215,1060,1153.75,1085.5666666666666,1196,1101,1198,1085,-61,25,-19,41,-17,25,33.67,120,1186.7832454715142,1081.9446698355143,1181.5139918056134,1060.0,1229.039562928194,1104.8847711813153,subject_006,66.37180835599133,False
2025-11-18T18:48:53.796,8,1215,596,1151.4833333333331,664.2583333333333,1190,635,1180,631,-63,68,-25,39,-35,35,23.74,120,1195.4150263309707,636.329889378337,1207.527087234619,627.8216370482286,1196.4662880161206,646.5068709668757,subject_006,93.23929972864936,False
2025-11-18T18:49:00.198,3,689,132,664.7372881355932,205.98305084745763,677,173,673,171,-24,73,-12,41,-16,39,31.07,118,661.8445371070165,164.62870182758834,682.3493488506506,165.04369516773156,665.9328463764925,162.089733729027,subject_006,77.85994477080452,False
2025-11-18T18:49:13.015,10,163,596,210.38333333333333,607.025,135,617,124,614,47,11,-28,21,-39,18,22.29,120,139.26042659722646,624.3373523139614,163.0,596.0,134.8515352133363,620.2268587546376,subject_006,48.6490586011464,False
2025-11-18T18:49:25.823,13,426,828,489.781512605042,810.1176470588235,457,819,440,830,63,-17,31,-9,14,2,24.77,119,442.7416209731516,834.0282360507365,438.19376588563625,825.4384334144719,434.7588338488897,832.429128850099,subject_006,66.24092312837989,False
2025-11-18T18:50:04.263,1,1741,596,1691.8487394957983,646.5966386554621,1720,617,1758,587,-49,50,-21,21,17,-9,39.79,119,1769.3035135538648,589.1495139095447,1741.0,596.0,1765.501257610518,606.1042326997272,subject_006,70.53982033137949,False
2025-11-18T18:50:17.073,18,1215,132,1158.9243697478992,212.2436974789916,1195,170,1197,156,-56,80,-20,38,-18,24,32.62,119,1194.4404913367196,150.54222165122576,1207.0637828664162,156.7158319432757,1200.180483747733,149.75668081325216,subject_006,97.89549169022162,False
2025-11-18T18:50:23.479,2,952,828,907.686440677966,864.2203389830509,899,865,922,872,-44,36,-53,37,-30,44,30.55,118,920.0859021868724,878.4776222606374,899.9144896843745,866.5416369434319,917.3904411755058,875.6075261070988,subject_006,57.23289697223568,False
2025-11-18T18:50:42.699,12,689,596,694.0420168067227,637.6470588235294,668,637,674,624,5,41,-21,41,-15,28,20.97,119,671.2472242565033,631.9586473501205,660.5087662329142,637.2153430852774,660.5879849868257,635.0599047364085,subject_006,41.95115543259555,False
2025-11-18T18:50:55.515,16,163,1060,258.03333333333336,1040.4583333333333,206,1089,176,1122,95,-19,43,29,13,62,28.04,120,190.35491035774248,1108.225880110556,163.0,1060.0,191.79909749375412,1094.4272416842232,subject_006,97.0217046879489,False
2025-11-19T17:24:14.660,20,163,1060,182.04166666666663,1022.05,162,1084,152,1169,19,-37,-1,24,-11,109,25.06,120,172.33122684955885,1102.290880458475,163.0,1060.0,181.40964794337455,1109.4378395503013,subject_006,42.45924598299464,False
2025-11-19T17:24:27.494,6,1215,596,1053.271186440678,683.6610169491526,1150,658,1157,659,-161,87,-65,62,-58,63,37.27,118,1165.7644389423533,663.8528061274632,1168.9004359533535,654.8756833371446,1169.915095830213,660.8465118682785,subject_006,183.9583187242847,False
2025-11-19T17:24:33.890,4,1478,364,1407.075,460.3666666666667,1473,421,1504,398,-70,96,-5,57,26,34,104.54,120,1510.7152451253442,399.30533107154446,1507.497485330796,396.52617784287713,1509.8487400650265,394.3682493691883,subject_006,119.65320751841314,False
2025-11-19T17:24:40.300,1,689,1060,601.9579831932773,1028.5378151260504,648,1098,665,1128,-87,-31,-41,38,-24,68,28.24,119,668.3269652960752,1106.9192482003452,689.0,1060.0,679.3223931761465,1129.0631642595615,subject_006,92.55366965617505,False
2025-11-19T17:25:12.345,0,163,132,129.8235294117647,223.32773109243695,161,160,134,138,-33,91,-2,28,-29,6,27.19,119,146.93244971150713,164.2549357424553,170.90145448181897,145.62907362208614,149.94166780743788,153.92040896849545,subject_006,97.1670348790397,False
2025-11-19T17:25:57.206,10,952,364,857.6386554621848,420.7563025210084,933,385,967,386,-94,56,-19,21,15,22,31.85,119,956.941151613324,387.9203855622734,947.720026403908,378.14164528706914,960.0057590868694,386.3361825659952,subject_006,110.11512711176648,False
2025-11-19T17:26:10.015,9,1741,596,1637.0420168067226,728.9915966386554,1686,685,1705,645,-103,132,-55,89,-36,49,38.03,119,1723.827419818689,655.5122176049518,1721.7072997095186,643.1949701877719,1723.4442059433354,645.7316263252852,subject_006,168.80173887170884,False
2025-11-19T17:26:16.430,17,1215,1060,1034.968085106383,973.1808510638298,1124,994,1130,994,-180,-86,-91,-66,-85,-66,40.52,94,1135.845424717957,989.766794220886,1130.9506209851052,995.6058177124132,1147.2813289748417,996.3015419383332,subject_006,199.8725969268011,False
2025-11-19T17:26:22.839,18,689,596,637.0916666666667,604.2083333333334,697,614,721,595,-51,8,8,18,32,-1,36.75,120,717.2152958190811,609.4616815010935,716.0964345080702,616.3153996331362,716.8431098426953,610.2652248238123,subject_006,52.55332344919352,False
2025-11-19T17:38:54.593,19,163,1060,182.28205128205127,1010.9059829059828,107,1022,59,1040,19,-49,-56,-38,-104,-20,31.3,117,88.11105790167906,1044.9646007249928,163.0,1060.0,73.72636014363695,1026.846718806077,subject_006,52.74485772159508,False
2025-11-19T17:39:01.014,15,1741,596,1649.3364485981308,693.981308411215,1689,656,1745,609,-91,97,-52,60,4,13,52.89,107,1736.8025970224098,610.9777549238404,1728.6418904092538,595.8574746874175,1728.7954818508244,595.0746980881953,subject_006,134.17355720698748,False
2025-11-19T17:39:07.407,20,1478,828,1348.9495798319329,932.546218487395,1392,941,1430,927,-129,104,-86,113,-48,99,33.38,119,1433.091733350889,928.3255014582944,1444.2078635917542,936.7303475384512,1457.9030198210285,943.173906529318,subject_006,166.08408336011252,False
2025-11-19T17:39:13.815,9,952,364,846.2222222222222,453.2393162393162,885,410,879,403,-105,89,-67,46,-73,39,32.37,117,879.9563496067569,395.13870928886234,900.7901383979084,389.3064922091649,907.0440207078262,385.395896634799,subject_006,138.39289661852462,False
2025-11-19T17:39:39.453,16,1215,132,1144.9916666666666,245.31666666666663,1182,166,1183,139,-70,113,-33,34,-32,7,41.61,120,1189.019944409328,139.32171273592508,1187.6953412119406,149.46521697656385,1186.9102749949552,151.78589198971926,subject_006,133.19847476812774,False
2025-11-19T17:40:11.497,13,426,364,453.66386554621846,435.3193277310924,424,406,440,392,27,71,-2,42,14,28,29.28,119,428.4110760206376,389.23033486307554,412.1436683065908,392.60702180517626,412.07458488478704,392.783662803024,subject_006,76.49664022017059,False
2025-11-19T17:40:24.312,1,1215,1060,1123.310924369748,1048.1512605042017,1153,1068,1172,1082,-91,-11,-62,8,-43,22,33.92,119,1183.3641637165688,1077.0047743114872,1148.7631106432918,1060.0,1178.1619380638024,1087.4547914922152,subject_006,92.45149656749412,False
2025-11-19T17:40:37.141,14,1741,132,1700.95,298.175,1729,238,1752,136,-40,166,-12,106,11,4,42.99,120,1771.383555556373,144.09402416452906,1741.0,132.0,1768.5097570748433,136.96363833720704,subject_006,170.93312471548631,False
2025-11-19T17:40:56.381,10,163,132,246.03361344537817,204.57142857142856,204,132,200,126,83,72,41,0,37,-6,25.72,119,191.18718425198213,124.11705529750662,163.0,132.0,193.68122295266255,115.21599665613662,subject_006,110.2778001534962,False
2025-11-21T15:32:17.196,4,689,596,664.1367521367522,593.6666666666666,648,594,662,590,-24,-2,-41,-2,-27,-6,18.59,117,658.2869861591607,603.9531730934681,644.2501963346793,594.9647905634622,639.5602929773042,605.669476847798,subject_006,24.97249564528426,False
2025-11-21T15:32:30.005,11,163,596,250.771186440678,593.3305084745763,205,598,187,612,87,-2,42,2,24,16,26.43,118,204.06333908518025,618.5352931806732,192.2446331664692,601.1816564911627,194.2104502452788,615.1442411872802,subject_006,87.81177229852823,False
2025-11-21T15:32:36.406,16,689,132,646.075,171.35833333333332,678,129,683,136,-42,39,-11,-3,-6,4,22.23,120,664.3320657753518,132.67194454183115,674.1812836965971,132.0,675.1877310863973,130.37866580176322,subject_006,58.237737145065765,False
2025-11-21T15:32:42.810,17,1215,132,1116.475,167.96666666666667,1171,112,1184,124,-98,35,-44,-20,-31,-8,21.19,120,1170.7898786178648,113.42955544961453,1161.9098088332812,132.0,1178.9114242739456,112.51449299603178,subject_006,104.88458769576744,False
2025-11-21T15:32:49.214,20,1478,828,1365.5378151260504,858.3865546218487,1431,826,1420,831,-112,30,-47,-2,-58,3,21.38,119,1435.8967952915978,828.1018169678222,1458.2494534741431,807.057822685364,1456.5354934098905,822.3880180069971,subject_006,116.49500301905232,False
2025-11-21T15:33:34.069,15,426,828,530.2542372881356,797.7542372881356,491,826,512,833,104,-30,65,-2,86,5,26.6,118,501.1431502994167,850.5740403325187,484.0863979485045,847.9469984927639,482.4938575854724,855.420248956882,subject_006,108.5529923795438,False
2025-11-21T15:33:40.479,0,1215,1060,1143.2033898305085,1053.1949152542372,1198,1073,1210,1070,-71,-6,-17,13,-5,10,28.08,118,1207.590072849624,1071.71331985992,1158.3378084030746,1060.0,1239.320354923327,1071.4888210776085,subject_006,72.11839162257392,False
2025-11-21T15:33:59.716,3,426,364,477.3083333333333,400.6666666666667,472,398,464,385,51,36,46,34,38,21,23.84,120,465.08130337051057,392.6691350567067,469.980933181398,396.003823004941,466.8740393116995,390.1530485438216,subject_006,63.063376962297895,False
2025-11-21T15:34:12.528,9,952,364,921.65,380.23333333333335,947,356,956,347,-30,16,-5,-8,4,-17,16.45,120,959.2651195515876,347.358756274057,954.2566453302908,349.2804828996675,959.6658315449326,343.9442822755416,subject_006,34.41865208155475,False
2025-11-26T15:09:11.378,17,163,596,170.5982905982906,613.4786324786324,142,634,130,626,7,17,-21,38,-33,30,36.89,117,150.92456967963318,646.6456106273349,163.0,596.0,156.97981415525328,644.6565590576114,subject_006,19.05876736148422,False
2025-11-26T15:09:30.589,25,1215,596,1159.974358974359,564.025641025641,1197,588,1185,591,-55,-31,-18,-8,-30,-5,32.33,117,1196.9120260725244,602.5567460544154,1206.572094958262,595.990496580605,1188.8786968337713,595.2250287093838,subject_006,63.6410308064215,False
2025-11-26T15:09:36.993,13,1215,1060,1166.8833333333334,918.1083333333332,1183,967,1223,1006,-48,-141,-32,-93,8,-54,31.6,120,1206.786502724055,1002.631037794666,1218.373213907792,1009.39091967908,1204.2382610243478,1014.8836725453052,subject_006,149.82809709982828,False
2025-11-26T15:09:49.800,16,1741,596,1687.7627118644068,593.3305084745763,1692,573,1698,569,-53,-2,-49,-23,-43,-27,38.55,118,1706.8080496192515,584.1161002645251,1699.9463848351927,555.8532767919426,1740.632130009364,551.2853311309244,subject_006,53.30417463047787,False
2025-11-26T15:10:28.232,1,952,364,944.8119658119658,302.3333333333333,983,284,968,321,-7,-61,31,-80,16,-43,37.86,117,983.8001984982972,308.0112612858708,1005.9285502011992,282.10526196270854,958.2010629720352,264.0986417634944,subject_006,62.08418166704083,False
2025-11-26T15:10:47.440,26,952,828,940.0769230769232,703.7094017094017,946,754,969,762,-11,-124,-6,-74,17,-66,50.21,117,973.6781254912348,779.3460989660479,946.2100588072144,799.8918818898825,962.4907698632306,800.2901087403009,subject_006,124.86117325553398,False
2025-11-26T15:11:06.647,6,426,828,362.5847457627119,777.1525423728814,379,803,357,846,-63,-50,-47,-25,-69,18,48.43,118,370.181967980082,844.564566276598,394.4216826695811,830.1712548452035,361.203834862864,828.7060358038299,subject_006,81.28319886127457,False
2025-11-26T15:11:19.460,22,1741,1060,1704.830188679245,1118.4056603773586,1783,1148,1771,1173,-36,58,42,88,30,113,26.9,106,1762.206181467998,1151.9581478298176,1741.0,1060.0,1770.532198378665,1159.9020684736724,subject_006,68.69844550711727,False
2025-11-26T15:11:32.268,24,163,132,138.16814159292036,151.20353982300884,118,145,114,121,-24,19,-45,13,-49,-11,44.97,113,106.16234362165984,141.94371736378838,163.0,132.0,112.48385238195208,146.75717918754165,subject_006,31.39103588101447,False
2025-11-26T15:11:51.483,23,426,364,424.5254237288136,349.23728813559325,409,345,416,356,-1,-14,-17,-19,-10,-8,22.9,118,419.0430987169472,356.8865131446836,406.2792812348767,344.86144905136223,416.0336707683799,344.9876618584519,subject_006,14.83617325225888,False
2025-11-26T15:12:17.119,19,1741,132,1720.9327731092435,67.99159663865547,1715,68,1739,47,-20,-64,-26,-64,-2,-85,34.92,119,1722.88916530983,50.70960541442825,1741.0,132.0,1763.18047928153,64.82058941342497,subject_006,67.08031973651947,False
2025-11-26T19:14:52.757,17,163,596,217.46017699115043,552.0442477876106,189,576,171,588,54,-43,26,-20,8,-8,35.79,113,167.792020640823,581.4369675651169,179.69459440715465,583.539873992792,179.1359399745253,583.6851503239764,subject_006,69.985848787197,False
2025-11-26T19:14:59.165,10,1215,596,1223.6206896551723,526.9051724137931,1220,521,1217,553,8,-69,5,-75,2,-43,28.49,116,1216.4778555447645,540.904928469079,1220.279420494515,511.9076715814661,1217.9411969572666,546.7490195413932,subject_006,69.6305356097341,False
2025-11-26T19:15:44.012,13,1741,132,1764.3949579831933,178.9075630252101,1756,141,1764,125,23,46,15,9,23,-7,43.3,119,1773.483408727602,138.55062901811797,1741.0,132.0,1757.173581359989,167.66234510286017,subject_006,52.41796951427475,False
2025-11-26T19:15:50.417,18,689,596,708.0168067226891,568.8571428571429,675,600,675,611,19,-27,-14,4,-14,15,42.97,119,669.3174907953069,610.3703073172896,667.3186433464799,608.1793357471757,668.1644701062856,596.8972043275178,subject_006,33.14172041107196,False
2025-11-26T20:14:07.803,12,1215,132,1196.3362068965516,222.66379310344828,1208,178,1211,162,-18,90,-7,46,-4,30,20.71,116,1209.0527501834097,163.93036386393945,1216.8436304132808,146.2838019323613,1215.5352660896783,148.69727901315693,subject_006,92.56489914062028,False
2025-11-26T20:14:20.622,30,426,828,456.98333333333335,795.1666666666666,456,817,422,818,30,-32,30,-11,-4,-10,34.64,120,426.41036616139985,820.6505264422914,454.50771135735414,839.1217531081185,440.9667093868149,831.4713686313845,subject_006,45.14415490650175,False
2025-11-26T20:14:27.023,27,1215,596,1219.4117647058824,600.2352941176471,1222,594,1212,594,4,4,7,-2,-3,-2,42.53,119,1215.2924776680743,591.6372215173502,1224.6788443238909,588.6983745258876,1220.3812427044734,586.6170049730532,subject_006,6.115667100410699,False
2025-11-26T20:15:37.489,2,163,596,198.35,578.5083333333333,164,568,137,578,35,-17,1,-28,-26,-18,23.42,120,142.1929998525561,563.8288960607412,163.0,596.0,137.61609920448754,562.4174352795717,subject_006,39.44085322071237,False
2025-11-26T20:29:35.457,31,1741,132,1709.268907563025,197.54621848739492,1744,168,1769,121,-31,65,3,36,28,-11,37.84,119,1780.3593824716995,134.58942601089518,1741.0,132.0,1785.8174758390328,144.78130609389714,subject_006,72.82286032037713,False
2025-11-26T20:29:48.281,10,163,596,224.34166666666667,594.3333333333334,173,587,139,601,61,-1,10,-9,-24,5,29.48,120,149.8842701658591,605.1391552449983,163.0,596.0,143.629339793981,609.9163763049818,subject_006,61.36430434073397,False
2025-11-26T20:31:24.381,18,426,364,444.70338983050846,373.09322033898303,396,369,398,364,18,9,-30,5,-28,0,38.4,118,400.8998527597312,364.3570719422594,386.2694526660594,364.8837723886322,381.4859120516879,365.4989854001555,subject_006,20.79671722376543,False
2025-11-26T20:32:28.412,20,1215,1060,1146.571428571429,958.6134453781513,1159,1011,1174,1052,-68,-101,-56,-49,-41,-8,41.77,119,1165.6503102308036,1048.4962063473486,1175.6628535597245,1056.393425017388,1175.0827855711675,1044.9709020307632,subject_006,122.31803974003252,False
2025-11-26T20:52:02.631,9,1215,596,1210.1,582.0916666666667,1206,572,1228,555,-4,-13,-9,-24,13,-41,34.76,120,1216.4831105359176,559.7567517009584,1202.2896805249948,557.0261212466784,1219.7939246945832,556.8382176632743,subject_006,14.746244813887744,False
2025-11-26T20:52:28.241,19,1215,132,1167.2991452991453,201.4957264957265,1176,166,1161,158,-47,69,-39,34,-54,26,29.52,117,1166.7069839975943,144.24511522009493,1177.9667375542758,132.0,1168.0763372877493,116.86418114504428,subject_006,84.29132541585093,False
2025-11-26T20:53:32.284,22,1741,596,1704.225,636.2833333333333,1701,597,1706,588,-36,40,-40,1,-35,-8,39.28,120,1711.8036148289173,588.178143820317,1697.320485129805,561.8394703814856,1726.7730882582,559.6597203329908,subject_006,54.54491332328294,False
2025-11-26T20:54:04.299,7,163,1060,127.3191489361702,1036.851063829787,121,1028,154,1027,-35,-23,-42,-32,-9,-33,110.6,47,140.7729408752501,1030.3287542352148,163.0,1060.0,120.7628129349643,1024.81927602383,subject_006,42.532298062199686,False
2025-11-26T21:09:30.301,31,1478,828,1446.436974789916,801.109243697479,1471,815,1483,812,-31,-26,-7,-13,5,-16,41.07,119,1488.4445905772454,813.4974831321139,1478.5970977051925,821.4546322343958,1479.7350732728548,813.1227003026406,subject_006,41.46489280022293,False
2025-11-26T21:09:43.117,28,1478,364,1434.109243697479,371.7142857142857,1467,370,1468,356,-43,7,-11,6,-10,-8,31.7,119,1472.8776322301976,358.4105715557559,1474.413336482055,370.3344657550261,1474.7493743271266,360.490477922176,subject_006,44.563535462179296,False
2025-11-26T21:10:53.586,11,426,828,426.70338983050846,767.4915254237288,429,799,447,801,0,-60,3,-29,21,-27,43.88,118,439.6060314858463,810.7229119145553,434.6241523030727,819.1751826084475,433.91912287482774,814.7396945919807,subject_006,60.5125627684113,False
2025-11-26T21:11:32.020,5,1741,132,1677.6302521008404,153.25210084033614,1721,161,1733,156,-63,21,-20,29,-8,24,34.67,119,1724.7108380714117,142.7374070725241,1725.8114295872967,160.6770480579844,1729.0399642452437,153.7405190862819,subject_006,66.83843758594946,False
2025-11-26T23:33:20.871,2,163,132,313.27966101694915,160.77118644067798,234,126,200,125,150,28,71,-6,37,-7,31.54,118,180.21929266909845,122.42933563341204,163.0,132.0,148.9747570118066,120.05022696174348,subject_006,153.0090117756905,False
2025-11-26T23:34:37.738,1,426,828,519.1754385964912,719.780701754386,484,754,437,782,93,-108,58,-74,11,-46,35.42,114,456.90191322813314,790.4555443965996,469.2996031581492,798.0775095761646,451.1631694984476,796.5601746610383,subject_006,142.80433771570685,False
2025-11-26T23:35:16.180,27,689,596,759.2268907563025,534.5210084033613,729,526,696,500,70,-61,40,-70,7,-96,28.55,119,716.449289636652,524.063535899064,712.2944498035412,523.5242648545525,706.3317762323575,527.3009740160979,subject_006,93.33532339386424,False
2025-11-26T23:36:33.054,26,163,1060,224.14529914529916,888.5555555555555,173,924,111,1102,61,-171,10,-136,-52,42,52.9,117,141.1047527780301,1024.315451130428,163.0,1060.0,130.71550033405472,1015.3402557102194,subject_006,182.0218259946656,False
2025-11-26T23:49:22.402,4,1215,1060,1147.117117117117,986.1171171171172,1179,1025,1221,1053,-67,-73,-36,-35,6,-7,49.46,111,1188.1440259176866,1040.3003710488072,1219.6368313648834,1055.5286703477682,1181.6013232429314,1054.9608453045696,subject_006,100.3332754951067,False
2025-11-26T23:50:26.467,26,1741,132,1738.6050420168067,166.1344537815126,1753,181,1778,177,-2,34,12,49,37,45,33.73,119,1776.8041827453462,171.69330476643216,1741.0,132.0,1790.9906457042614,185.67646895750275,subject_006,34.21836873235604,False
2025-11-26T23:51:04.865,29,952,828,892.4464285714286,757.0803571428571,887,801,911,806,-59,-70,-65,-27,-41,-22,28.04,112,905.5054376320066,816.8480823127796,885.2316824459275,824.7521706965045,910.2752089895648,823.8214708781007,subject_006,92.6079025401324,False
2025-11-26T23:51:36.890,24,426,364,442.11764705882354,352.69747899159665,403,362,427,364,16,-11,-23,-2,1,0,20.35,119,427.4560911952838,370.1057016981308,398.4572591564463,364.3417800774031,430.5044905605608,361.9532322726023,subject_006,19.685668082597605,False
2025-11-27T16:35:08.333,20,1215,1060,1148.2347826086957,1107.0608695652174,1180,1134,1206,1069,-66,47,-35,74,-9,9,40.97,115,1184.951364276386,1078.4864337433703,1215.0,1060.0,1183.128975656687,1053.444300023919,subject_006,81.68426836020834,False
2025-11-27T16:36:25.193,25,1478,828,1476.7457627118645,998.271186440678,1483,921,1516,975,-1,170,5,93,38,147,55.05,118,1497.2801758342705,943.8955862296935,1487.5670337943866,871.6092211796122,1496.6843385540485,936.3432511909758,subject_006,170.27580580661208,False
2025-11-27T16:37:22.848,18,1478,364,1495.5,516.4814814814815,1471,428,1469,436,17,152,-7,64,-9,72,37.14,108,1474.754859038422,436.810193236476,1455.79652657277,387.6474813043345,1472.9535938267734,442.4498049989268,subject_006,153.48241656550562,False
2025-11-27T16:49:09.471,31,163,132,194.6293103448276,208.5,154,166,154,145,31,76,-9,34,-9,13,22.13,116,143.5953520398088,160.94061275621186,163.0,132.0,142.3385006894871,159.53517885220475,subject_006,82.78081464258139,False
2025-11-27T16:49:41.511,21,1215,1060,1139.2478632478633,1167.905982905983,1196,1207,1276,1278,-75,107,-19,147,61,218,37.96,117,1218.825629041144,1248.7663964807305,1215.0,1060.0,1236.5395444063909,1229.0308164990809,subject_006,131.84114444823626,False
2025-11-27T16:49:54.315,20,949,515,979.0338983050848,544.7203389830509,970,547,967,522,30,29,21,32,18,7,34.05,118,975.1466791194576,532.7755739391044,973.2906434501568,549.2510383181375,970.0672128700568,541.0494920402048,subject_006,42.253208122787875,False
2025-11-27T16:50:19.952,19,1478,828,1481.5086206896551,966.5,1516,961,1585,1016,3,138,38,133,107,188,47.15,116,1563.3810445915517,1002.7109532279488,1575.1139355654002,1012.2786882360658,1571.3048856243008,988.2175986660956,subject_006,138.5444348183783,False
2025-11-27T16:50:26.345,30,952,364,950.295652173913,433.89565217391305,934,418,931,395,-1,69,-18,54,-21,31,38.09,115,938.109013331437,404.7643228356602,934.092741615333,417.9034420467728,935.2549487025054,409.7554146825262,subject_006,69.91642864398126,False
2025-11-27T17:03:26.365,23,163,596,146.09565217391304,604.7217391304348,121,598,118,600,-16,8,-42,2,-45,4,29.38,115,124.91002570022113,605.500020290813,163.0,604.5022386884712,114.96208336603095,602.748832193852,subject_006,19.021716770173203,False
2025-11-27T17:03:45.581,7,952,828,902.7264957264956,815.9316239316239,924,862,934,880,-49,-12,-28,34,-18,52,42.3,117,933.956224993934,897.3951500750361,936.8416011042438,903.4730746328324,935.2853504552354,910.308672823832,subject_006,50.72991153470315,False
2025-11-27T17:03:58.379,6,689,132,644.6495726495726,160.92307692307693,661,133,669,141,-44,28,-28,1,-20,9,33.69,117,662.6310525971529,125.28639494952212,667.1280339581066,132.0,664.4526922718811,124.00611457505876,subject_006,52.94813296863036,False
2025-11-27T17:05:34.471,25,689,1060,621.8,993.9666666666668,637,1079,656,1095,-67,-66,-52,19,-33,35,44.18,120,643.8237368365444,1091.5545859828812,660.2332434654531,1060.0,636.8671084162406,1099.4966859680965,subject_006,94.2138053106396,False
2025-11-27T17:21:22.299,9,1478,364,1379.9579831932774,517.655462184874,1425,464,1441,399,-98,153,-53,100,-37,35,39.25,119,1448.0424414031752,409.5630814577358,1451.8346699295237,413.1454819163689,1459.9633495029796,402.14624790379696,subject_006,182.26968513380635,False
2025-11-27T17:22:07.144,27,163,1060,-2.1333333333333333,968.1,91,1020,116,1034,-165,-91,-72,-40,-47,-26,44.32,120,116.32243213474298,1031.15180668163,163.0,1060.0,140.4822733457426,1023.2915861713714,subject_006,188.9831415173792,False
2025-11-27T17:22:32.771,29,426,828,331.55555555555554,845.2307692307693,379,834,418,868,-94,17,-47,6,-8,40,64.97,117,409.7492444842936,856.4543182330517,399.79995189232267,827.0680800692992,402.6234169215554,857.5955413561111,subject_006,96.00339834976565,False
2025-11-27T17:23:43.235,11,163,132,93.13675213675214,233.66666666666663,139,202,151,178,-69,101,-24,70,-12,46,44.25,117,163.36353020079724,184.4594149225319,165.4510911644739,178.17810798103525,161.30215755077597,186.8099803124892,subject_006,123.35714212445389,False
2025-11-27T17:44:19.670,6,426,828,432.06666666666666,840.3866666666667,395,837,378,859,6,12,-31,9,-48,31,108.63,75,374.3123944116522,869.9780265260241,358.88747401507123,859.8833319569891,361.1166322984628,835.2680829282825,subject_006,13.792532601214154,False
2025-11-27T17:45:10.924,22,952,364,934.9137931034484,401.4655172413793,931,355,919,349,-17,37,-21,-9,-33,-15,41.67,116,923.5931727953574,330.7406707818006,927.4849420447624,295.3933604169467,926.1335345737716,356.1234930674137,subject_006,41.177705718942846,False
2025-11-27T17:46:08.530,11,689,132,684.6637931034483,225.31034482758625,671,159,676,134,-4,93,-18,27,-13,2,49.78,116,672.0245395325754,130.1549406787275,668.1759742299975,146.40047898264552,667.0332076371753,164.20251307752534,subject_006,93.41104400493955,False
2025-11-27T17:46:34.155,10,1741,132,1639.6608695652174,267.90434782608696,1656,233,1677,207,-101,135,-85,101,-64,75,73.99,115,1692.510037751814,182.8540723482527,1700.146776083427,176.20271633287766,1696.049562791428,209.8620304418385,subject_006,169.52761166049592,False
2025-11-27T18:06:19.548,14,517,131,483.2773109243698,148.92436974789916,479,156,491,110,-33,17,-38,25,-26,-21,21.88,119,466.8685256078913,143.6428089844103,484.7814736347946,145.62773807206204,475.6924104339676,150.33065397121075,subject_006,38.19034942693027,False
2025-11-27T18:06:32.364,3,1215,596,1183.8333333333333,525.8421052631579,1194,590,1206,569,-31,-70,-21,-6,-9,-27,25.73,114,1204.1230181620906,550.7043163044821,1201.929716008071,631.8025520469552,1205.1615654650425,548.6418302402387,subject_006,76.76907779188787,False
2025-11-27T18:08:40.488,11,689,132,653.344537815126,139.1596638655462,662,140,678,77,-35,7,-27,8,-11,-55,27.35,119,654.2567868112022,121.08690456639056,689.0,132.0,663.9602711610801,127.62253899115528,subject_006,36.36719359923975,False
2025-11-27T18:08:46.891,24,689,1060,661.925,1020.7916666666666,654,1090,647,1134,-27,-39,-35,30,-42,74,40.47,120,635.6063066733761,1178.6615436748634,689.0,1060.0,639.9800192151009,1167.08799167007,subject_006,47.64817969007613,False
2025-11-27T18:09:18.921,9,1741,1060,1718.991452991453,1004.4358974358976,1746,1034,1760,1051,-22,-55,5,-26,19,-9,26.33,117,1750.921869351076,1056.2043126032795,1741.0,1060.0,1758.5082234817414,1059.091637187323,subject_006,59.7640831535256,False
2025-11-27T22:36:54.030,0,689,596,664.6440677966102,601.4067796610169,658,595,680,613,-24,5,-31,-1,-9,17,34.7,118,667.9874216895681,609.417745329455,656.3397557704511,594.4888731574707,653.6281423281492,597.413005373023,subject_006,24.94884165244763,False
2025-11-27T22:37:06.843,5,426,828,451.1333333333333,800.6833333333333,453,818,458,822,25,-27,27,-10,32,-6,37.28,120,450.1573198534485,823.5246995078282,455.2007146541714,826.904876285514,454.31414884900835,826.9547610756265,subject_006,37.11986964177306,False
2025-11-27T22:37:13.250,23,1215,596,1163.6134453781513,549.90756302521,1199,598,1212,577,-51,-46,-16,2,-3,-19,33.85,119,1218.4519990271097,583.0672395146654,1204.3504960003463,604.126886892303,1203.8551751029088,602.2992416603855,subject_006,69.02963669453308,False
2025-11-27T22:38:55.749,15,163,1060,135.8608695652174,1015.2521739130436,136,1026,124,1029,-27,-44,-27,-34,-39,-31,40.3,115,125.49885079542706,1044.3758638851073,163.0,1060.0,137.19914075716412,1048.514837515607,subject_006,52.334504299406866,False
2025-11-27T23:35:12.637,28,163,1060,146.3,1038.1166666666666,146,1056,130,1142,-16,-21,-17,-4,-33,82,46.72,120,141.80464253801264,1120.9604843491354,163.0,1060.0,142.65239331887284,1122.1603628837602,subject_006,27.52762753630945,False
2025-11-27T23:37:14.390,4,952,828,952.102564102564,724.025641025641,965,742,962,778,0,-103,13,-86,10,-50,38.69,117,969.4318980312702,772.3218489605854,979.1471265922256,758.3382787350013,976.2595374985672,770.9727388124942,subject_006,103.9744095608338,False
2025-11-27T23:37:46.421,17,689,132,649.7033898305085,130.27118644067798,669,120,680,113,-39,-1,-20,-12,-9,-19,31.32,118,676.2377218124831,116.78059221575153,689.0,132.0,683.0549192301952,117.13431066842466,subject_006,39.33462046513068,False
2025-11-27T23:38:24.861,13,1215,1060,1134.044642857143,998.1071428571428,1141,1025,1152,1070,-80,-61,-74,-35,-63,10,37.85,112,1153.1851678163328,1058.6128618850812,1146.6854004639183,1060.0,1150.5446084833088,1051.7037485001272,subject_006,101.90434541977922,False
2025-11-28T14:35:42.054,23,1215,1060,1061.3813559322034,1091.1949152542372,1231,1118,1224,1135,-153,31,16,58,9,75,16.59,118,1204.1977968281587,1122.0073651614553,1215.0,1060.0,1227.967035840637,1117.7926245581598,subject_006,156.75398094768573,False
2025-11-28T14:37:18.184,0,952,828,762.6779661016949,894.7966101694915,809,956,870,958,-189,66,-143,128,-82,130,54.21,118,851.3761063364233,972.5897577866208,852.8151422171009,992.685978680968,860.320493989406,997.4159199972638,subject_006,200.76010472582945,False
2025-11-28T15:31:38.455,20,1478,364,1402.162162162162,404.6036036036036,1487,369,1481,361,-75,40,9,5,3,-3,28.41,111,1485.949766080924,358.47003476947623,1487.2662535312531,366.8741703961964,1487.1067423246989,358.71071189638064,subject_006,86.02342863148836,False
2025-11-28T15:32:04.078,14,952,364,894.9017857142857,379.2946428571428,919,380,945,365,-57,15,-33,16,-7,1,38.47,112,948.095824749498,363.72574457540674,944.2079558339948,375.0673759949211,946.51542478915,362.3124848633674,subject_006,59.1111848531638,False
2025-11-28T15:32:42.512,10,163,132,150.57692307692307,109.66346153846152,159,91,158,82,-12,-22,-4,-41,-5,-50,23.39,104,160.39687899878638,97.57686439614687,163.0,132.0,157.10482250137042,104.03124704798095,subject_006,25.558829994357616,False
2025-11-28T15:33:27.355,30,426,364,379.5701754385965,376.43859649122805,398,384,404,386,-46,12,-28,20,-22,22,38.26,114,408.4527858443804,385.5077315019264,399.8669539830533,384.1387172262963,406.3630533340758,386.4884285752309,subject_006,48.06711236879432,False
2025-11-28T15:42:25.088,15,163,1060,143.8586956521739,1174.0326086956522,165,1168,90,1028,-19,114,2,108,-73,-32,94.46,92,141.37659880463843,1132.337286714653,163.0,1060.0,131.69365615162656,1147.30697155882,subject_006,115.6279610564497,False
2025-11-28T15:42:31.495,2,689,132,745.8879310344828,263.6465517241379,717,227,695,214,56,131,28,95,6,82,65.73,116,700.9448162597588,197.58069539838797,693.3526844892369,199.14264062596257,701.3085136706286,198.66840515931253,subject_006,143.41217269897345,False
2025-11-28T15:44:46.057,22,1215,132,1222.3103448275865,239.22413793103448,1251,196,1251,160,7,107,36,64,36,28,39.14,116,1249.6760583990228,159.09049753363405,1270.4638292747811,168.67466531858082,1249.0835682576426,159.9195747092939,subject_006,107.47305195513768,False
2025-11-28T15:53:36.051,8,1741,132,1753.2543859649122,180.1929824561404,1756,171,1769,153,12,48,15,39,28,21,44.88,114,1761.4610228036431,153.14067057160872,1741.0,132.0,1757.854502391787,167.29346835012902,subject_006,49.72658779159189,False
2025-11-28T15:53:42.455,2,1741,596,1789.949152542373,698.957627118644,1790,699,1793,684,48,102,49,103,52,88,51.6,118,1811.86310087832,686.8830797825403,1741.0,596.0,1794.3269875984704,701.5064223806918,subject_006,114.00128295996606,False
2025-11-28T15:53:55.271,22,1215,596,1210.6666666666667,606.2136752136752,1231,610,1221,614,-4,10,16,14,6,18,34.95,117,1243.7374175661332,612.0812395759327,1241.7498923095416,612.3122307059924,1242.9778953418397,611.5957526935551,subject_006,11.094905999972228,False
2025-11-28T15:55:31.395,23,163,132,171.88135593220338,180.2627118644068,157,161,124,140,8,48,-6,29,-39,8,29.64,118,141.66839017643252,160.04096671491993,163.0,132.0,151.690573444545,149.5676337273899,subject_006,49.07308671462635,False
2025-11-28T16:14:42.419,18,1741,596,1708.121739130435,579.8608695652174,1710,551,1729,553,-32,-16,-31,-45,-12,-43,33.75,115,1730.5706588816934,550.7128147495533,1716.670370234854,526.0221859795679,1739.5342990258075,522.5388370600707,subject_006,36.625831990524155,False
2025-11-28T16:14:55.229,14,1741,1060,1727.579831932773,1062.9747899159663,1756,1049,1778,1048,-13,2,15,-11,37,-12,40.25,119,1772.5971628177606,1050.249855751176,1741.0,1060.0,1773.029023029409,1040.8148058735042,subject_006,13.745918885136565,False
2025-11-28T16:16:24.923,24,689,132,672.875,165.53333333333333,651,151,653,146,-16,33,-38,19,-36,14,33.42,120,647.5858089580408,146.51138263219048,647.8897101777629,145.5937859897756,639.9168176259648,146.47383858345242,subject_006,37.208870843448665,False
2025-11-28T16:16:31.330,15,1478,364,1475.9159663865546,414.5126050420168,1476,420,1485,400,-2,50,-2,56,7,36,28.54,119,1486.1470099903593,405.05775439624534,1480.8160602152464,424.9029160333842,1489.3228666543089,422.5563509776594,subject_006,50.55557797348132,False
2025-11-29T17:20:14.115,3,1215,132,1134.4237288135594,128.94915254237287,1214,154,1242,133,-80,-3,-1,22,27,1,33.82,118,1242.3680056092423,148.30687010573382,1281.9498706856102,166.5542794624451,1282.521053027503,173.1821897430308,subject_006,80.63400739465038,False
2025-11-29T17:20:39.733,18,1741,132,1610.4122807017543,121.62280701754386,1623,115,1713,75,-130,-10,-118,-17,-28,-57,32.13,114,1663.889545915109,105.82075393463252,1741.0,132.0,1625.996028703849,105.17401627702635,subject_006,130.99938383714846,False
2025-11-29T17:20:52.548,15,689,596,652.0353982300885,551.9380530973451,658,576,676,593,-36,-44,-31,-20,-13,-3,29.03,113,687.7337381128649,601.6847475539104,660.753892656547,591.0906057229658,664.1947778615017,590.1082486084902,subject_006,57.51379789981289,False
2025-11-29T17:21:37.384,12,952,364,834.225,324.6166666666667,891,344,899,348,-117,-39,-61,-20,-53,-16,25.28,120,920.2376584068016,358.9209860697989,946.4162757699944,365.7050882396895,941.1556053158808,365.3290456148485,subject_006,124.18533556521253,False
2025-11-29T17:30:20.895,28,426,828,485.39830508474574,763.3813559322034,443,798,421,810,59,-64,17,-30,-5,-18,24.8,118,437.9093623675511,813.1044229408194,389.34689261331965,839.6269786905603,434.7485248064596,821.6739504428265,subject_006,87.7708824616747,False
2025-11-29T17:32:09.791,0,952,364,816.3613445378152,345.07563025210084,885,339,908,329,-135,-18,-67,-25,-44,-35,23.86,119,902.4421444564096,330.71669066258266,907.5674872794144,334.8586733674221,909.5934722277726,333.90466659422606,subject_006,136.95246118980296,False
2025-11-29T17:32:29.012,9,689,596,648.6379310344828,570.0775862068965,696,567,672,576,-40,-25,7,-29,-17,-20,27.03,116,673.5633392703363,581.9175410864895,724.0438300990454,565.8755598362382,670.3811602607508,583.0056775915152,subject_006,47.969450153593066,False
2025-11-29T17:32:48.222,4,163,132,2.1260504201680672,201.4033613445378,-21,179,-59,159,-160,69,-184,47,-222,27,32.23,119,-42.08469768502215,185.50816192382456,163.0,132.0,-44.24328867994803,171.662313519517,subject_006,175.20631900515116,False
2025-11-29T17:45:15.459,26,1215,132,1189.7521367521367,214.7863247863248,1207,171,1249,129,-25,82,-8,39,34,-3,16.09,117,1241.3847886928488,126.00284439303098,1263.348689012097,132.0,1238.3069029888663,123.9911774626058,subject_006,86.55073754861746,False
2025-11-29T17:46:06.707,12,426,364,521.8333333333334,372.475,488,335,477,337,95,8,62,-29,51,-27,28.0,120,474.419601959013,332.6250782593547,478.0159301467872,322.55401957665794,476.81497647589725,334.2721529530821,subject_006,96.20734588781558,False
2025-11-29T17:46:25.920,10,163,132,223.781512605042,106.32773109243698,200,76,185,50,60,-25,37,-56,22,-82,54.21,119,185.957959148628,49.333120538933386,163.0,132.0,185.66674111101176,52.409779471006,subject_006,65.98073707847698,False
2025-11-29T17:47:55.605,19,1478,364,1430.3445378151262,414.0756302521008,1478,377,1499,360,-47,50,0,13,21,-4,19.71,119,1500.838777166288,359.9757865809176,1498.0442671594178,362.25642677531823,1508.5452007439487,359.0055728557846,subject_006,69.12750408628284,False
2025-11-29T18:11:02.759,30,163,132,139.5546218487395,179.0924369747899,142,179,140,159,-23,47,-21,47,-23,27,76.11,119,130.15445165103705,165.63595414955046,163.0,132.0,128.18903761926975,155.30350566073727,subject_006,52.60592530200532,False
2025-11-29T18:11:28.387,23,426,364,447.675,399.65,430,383,425,390,21,35,4,19,-1,26,26.49,120,424.7878026527737,386.7410592044127,420.0597988684897,370.211308246803,423.5661024165684,371.6767614031221,subject_006,41.72203404677196,False
2025-11-29T18:11:34.788,3,1215,132,1182.4117647058824,183.60504201680672,1220,159,1211,156,-32,51,5,27,-4,24,25.33,119,1213.730650405833,153.6664682047001,1236.6126525521308,149.27004305978056,1216.8002618196376,151.35479714800292,subject_006,61.03337972897418,False
2025-11-29T18:13:36.526,4,689,596,704.0756302521008,583.4957983193277,689,596,679,584,15,-12,0,0,-10,-12,30.11,119,679.2506507921895,583.6186681311672,677.4629223370772,602.4993925828852,673.6343231200518,598.166932592248,subject_006,19.586466939419815,False
2025-11-29T18:26:54.789,27,163,596,173.44444444444446,556.5555555555555,154,582,170,591,10,-39,-9,-14,7,-5,30.15,117,174.3087370191613,586.0801357940611,163.0,585.821673601686,174.81044510351293,585.5264407699078,subject_006,40.80380640680416,False
2025-11-29T18:27:20.414,17,952,828,930.931623931624,772.8632478632478,935,826,920,823,-21,-55,-17,-2,-32,-5,65.34,117,925.373384275152,819.1084050161992,934.5880077223248,825.2622625623061,922.8787606250374,823.5361177912052,subject_006,59.02489226036897,False
2025-11-29T18:27:46.061,20,163,132,112.35897435897436,146.8034188034188,158,171,152,170,-50,14,-5,39,-11,38,30.75,117,147.62508057333503,163.4301204291848,163.0,175.7703476914043,142.44543049010815,173.01961524272468,subject_006,52.760351460584765,False
2025-11-29T19:07:08.647,10,1215,1060,1196.2631578947369,1077.2456140350878,1212,1090,1235,1114,-18,17,-3,30,20,54,62.23,114,1220.2040177581398,1106.632929354277,1215.0,1060.0,1217.8174185286248,1093.6767858663231,subject_006,25.46527941187329,False
2025-11-29T19:07:15.056,2,1478,828,1453.325,843.1916666666667,1488,852,1488,855,-24,15,10,24,10,27,26.79,120,1490.222925294863,854.3239089295328,1492.6466334465931,854.7789200046989,1493.3813901300002,846.7034272810306,subject_006,28.97658297852096,False
2025-11-29T19:09:16.784,18,1741,596,1695.4873949579833,617.6638655462185,1735,619,1743,608,-45,21,-6,23,2,12,30.86,119,1751.1983637662054,606.9725792370725,1741.0,596.0,1745.4637074082796,610.2409069852574,subject_006,50.40555810736788,False
2025-11-29T19:09:55.224,12,163,1060,173.6638655462185,1052.436974789916,159,1071,170,1096,10,-7,-4,11,7,36,30.97,119,147.52358880170846,1087.3880545455163,163.0,1060.0,134.67214082370788,1074.7957381487065,subject_006,13.073537345194431,False
2025-11-29T19:27:12.923,16,1741,132,1740.2649572649573,145.69230769230768,1756,131,1777,89,0,13,15,-1,36,-43,25.03,117,1767.4196280553851,104.81848559082366,1741.0,132.0,1766.6801857454034,108.89140577842896,subject_006,13.71202310978096,False
2025-11-29T19:27:19.334,23,689,596,727.228813559322,573.7033898305085,710,583,683,590,38,-22,21,-13,-6,-6,19.9,118,687.7679176836972,599.1209943929902,695.3825460786682,595.5007988106636,689.985657399676,594.4479329956137,subject_006,44.255858495838424,False
2025-11-29T19:27:38.577,10,426,828,469.6890756302521,783.4285714285714,441,807,422,811,43,-44,15,-21,-4,-17,21.95,119,419.4990688598407,822.816997889927,429.8389967822813,815.9175440238363,410.822557394672,817.4036472493765,subject_006,62.41271965171719,False
2025-11-29T19:29:01.875,1,689,132,691.6470588235294,186.42016806722688,691,175,644,169,2,54,2,43,-45,37,36.46,119,641.3434780435531,162.4952085277593,704.6500116712781,154.83981201316345,631.0461651294977,151.75177838903176,subject_006,54.484508008060835,False
2025-11-29T19:40:50.671,3,689,132,688.9026548672566,207.5221238938053,681,130,685,144,0,75,-8,-2,-4,12,39.58,113,679.5796484105183,143.13401205050783,680.1516985637669,132.0,679.7722928840959,130.15085272404534,subject_006,75.52218663085799,False
2025-11-29T19:40:57.068,5,1741,132,1676.780701754386,185.21052631578948,1690,151,1693,143,-64,53,-51,19,-48,11,40.97,114,1700.9347437421034,135.28545097228067,1693.6052402721596,135.12533371101242,1722.138599832988,135.5418542408368,subject_006,83.39951065781172,False
2025-11-29T19:41:54.752,29,426,828,449.0,849.7068965517242,454,847,430,846,23,21,28,19,4,18,26.66,116,443.0667815279316,840.768281598753,459.7135379035086,841.6591721489254,435.7656319774076,841.8211470255397,subject_006,31.62577047136173,False
2025-11-29T19:42:58.856,25,689,1060,696.1192660550458,1053.1376146788991,693,1052,717,1060,7,-6,4,-8,28,0,29.34,109,706.7830399591388,1054.589149426458,687.8090161615816,1049.868433906006,688.7695476426037,1050.2275483313283,subject_006,9.888188987766602,False
2025-11-29T20:03:56.961,17,1741,1060,1666.0677966101696,1021.3983050847456,1677,1022,1711,1000,-74,-38,-64,-38,-30,-60,96.01,118,1694.0215466830955,1017.07793470143,1692.9882011594732,1047.8849765064344,1695.1554752272546,1011.9477101678808,subject_006,84.2907228298897,False
2025-11-29T20:06:49.963,22,1215,1060,1142.1864406779662,1023.542372881356,1181,1042,1210,1049,-72,-36,-34,-18,-5,-11,30.72,118,1195.717577242037,1041.7604813328194,1205.6862486578627,1054.231963169938,1205.9807897554556,1051.4853598877262,subject_006,81.43078653841819,False
2025-11-29T20:06:56.380,31,426,828,418.4310344827586,803.4913793103449,407,810,422,821,-7,-24,-19,-18,-4,-7,27.1,116,421.2519610503236,820.0281937202612,402.00522952374007,815.9766640856838,397.51606845215457,813.8306069427982,subject_006,25.650764649627508,False
2025-11-29T20:07:15.603,26,689,132,663.2016806722689,139.5966386554622,699,128,718,130,-25,7,10,-4,29,-2,17.6,119,702.1351867353387,118.99161935100724,689.0,132.0,710.9123281426102,125.0394872585567,subject_006,26.893534520349768,False
2025-11-29T20:21:12.208,10,163,132,133.5811965811966,139.2136752136752,137,105,129,116,-29,7,-26,-27,-34,-16,22.52,117,118.74374722634693,111.1420903875549,163.0,132.0,129.85890596121442,118.5267197111108,subject_006,30.290313710534445,False
2025-11-29T20:21:44.244,14,1741,132,1715.8050847457628,198.271186440678,1698,140,1711,123,-25,66,-43,8,-30,-9,28.28,118,1706.9451972581687,129.85052107701256,1741.0,132.0,1690.9932352981402,134.1402422990437,subject_006,70.89889919401641,False
2025-11-29T20:22:35.509,28,689,596,668.4117647058823,594.8235294117648,669,600,655,613,-20,-1,-20,4,-34,17,26.76,119,662.8436800676491,608.426573534615,668.1664192940202,601.6047365910179,664.8905177751361,608.6803813355559,subject_006,20.621821344656624,False
2025-11-29T20:23:13.956,0,426,828,430.20168067226894,803.5966386554621,410,819,408,824,4,-24,-16,-9,-18,-4,28.53,119,413.2010573972432,821.3291928176948,398.11636509782966,828.9087453368322,398.8980727614762,819.0618821745917,subject_006,24.762434560919157,False
2025-12-01T20:24:20.231,19,689,596,644.3361344537815,579.7731092436975,644,580,643,590,-44,-16,-45,-16,-46,-6,22.08,119,644.5849627932872,584.1546266179519,644.9529563944432,580.1657944343962,653.5930949632644,581.1205061936265,subject_006,47.520236417211365,False
2025-12-01T20:25:17.903,5,1741,132,1667.462962962963,160.0648148148148,1700,129,1736,99,-73,28,-41,-3,-5,-33,49.82,108,1727.4822146231827,104.88442053650331,1741.0,132.0,1731.1499226064668,109.84241363285166,subject_006,78.71041638040288,False
2025-12-01T20:25:37.125,31,1215,1060,1150.2773109243697,1004.3277310924368,1177,1032,1223,1053,-64,-55,-38,-28,8,-7,31.22,119,1207.2291825202788,1051.7211149532668,1205.7757370658849,1059.1655519218057,1205.410717384054,1058.79125536658,subject_006,85.37229062463268,False
2025-12-01T20:25:56.351,23,952,828,915.3949579831932,783.4873949579832,927,795,940,815,-36,-44,-25,-33,-12,-13,17.84,119,940.7728430517212,810.7898707198075,934.2117636274536,802.6811987352747,940.6206504363622,801.9028699057415,subject_006,57.630730592963815,False
2025-12-01T20:35:38.826,27,952,364,928.8305084745764,386.2542372881356,933,378,942,369,-23,22,-19,14,-10,5,23.29,118,943.7427046775824,366.9121674213934,936.45434821111,371.91246256860575,937.1466017777489,365.8428183741304,subject_006,32.125946131177535,False
2025-12-01T20:38:12.684,20,689,1060,654.7394957983194,1027.4957983193278,657,1064,663,1068,-34,-32,-32,4,-26,8,29.61,119,660.0709774397305,1069.9972059731513,680.839090080246,1060.0,658.0607275794493,1069.2542264516958,subject_006,47.22610798119181,False
2025-12-01T20:38:19.090,13,426,828,402.7983193277311,803.1260504201681,403,814,407,823,-23,-24,-23,-14,-19,-5,34.76,119,406.01904640257334,821.4759941145912,403.70858750231673,820.9521370326042,404.6789092980481,822.2608517700342,subject_006,34.01516358505358,False
2025-12-01T20:38:25.495,14,952,828,913.1764705882352,816.3613445378152,912,832,924,836,-38,-11,-40,4,-28,8,27.91,119,920.2933348094213,839.1359057991434,912.779069502624,838.609244970765,911.7603491709996,839.4990864305989,subject_006,40.53054079276031,False
2025-12-01T21:09:35.590,2,1478,364,1377.7083333333333,363.3416666666666,1404,352,1420,343,-100,0,-74,-12,-58,-21,25.48,120,1427.7548943621848,344.47059697749364,1409.2504953961402,349.91921109715156,1424.763805481996,352.1188981714208,subject_006,100.29382735520451,False
2025-12-01T21:09:48.429,27,949,515,908.8461538461538,513.1025641025641,927,503,916,506,-40,-1,-22,-12,-33,-9,22.69,117,929.487340502052,504.1744371282304,934.5783129360512,496.5168057363534,947.5030586745368,499.14758655693566,subject_006,40.19865201635034,False
2025-12-01T21:10:07.639,8,952,364,886.83,374.39,913,353,903,358,-65,10,-39,-11,-49,-6,126.51,100,913.9624067268002,355.61781090672014,917.8896743714096,348.61956979677296,919.2508011561614,348.3873546025725,subject_006,65.99303751154355,False
2025-12-01T21:10:39.679,21,689,132,653.5641025641025,157.76923076923077,689,122,691,126,-35,25,0,-10,2,-6,27.43,117,687.1295928675424,125.93497818554675,689.0,132.0,689.754082103942,120.53309614723784,subject_006,43.81502118595076,False
2025-12-01T21:11:11.700,14,163,596,136.425,581.9083333333333,149,585,150,582,-26,-14,-14,-11,-13,-14,30.7,120,159.07646218850613,579.6454866083567,163.0,580.5201555876348,151.87063684557262,587.1499653982887,subject_006,30.07998827201308,False
2025-12-01T21:26:57.678,12,1478,828,1387.2702702702702,826.6936936936937,1411,831,1453,842,-90,-1,-67,3,-25,14,30.17,111,1454.7952469253091,839.6135761458718,1443.2887272207176,835.5473614040998,1449.2510636775514,840.1133887215511,subject_006,90.73913319508684,False
2025-12-01T21:27:29.718,4,1478,364,1435.90756302521,392.61344537815125,1467,380,1500,374,-42,28,-11,16,22,10,23.51,119,1501.350133083744,373.34984435917585,1477.3075506951682,375.1249218925677,1478.7709628151708,372.8485367492813,subject_006,50.89697934932004,False
2025-12-01T21:28:20.969,10,426,364,396.1186440677966,379.1271186440678,412,363,420,365,-29,15,-14,-1,-6,1,23.89,118,423.92172752179465,363.2295289727472,414.4021698610304,361.56101181722386,413.2007448712691,362.6802845570916,subject_006,33.492165514023306,False
2025-12-01T21:29:05.840,13,1215,132,1130.8181818181818,167.35537190082644,1187,141,1194,133,-84,35,-28,9,-21,1,34.09,121,1189.1396992819427,132.9414498774263,1192.724018255512,138.5403684019654,1192.2159984129073,133.66039625488065,subject_006,91.30487848216244,False
2025-12-01T21:48:23.018,4,1741,132,1673.7826086956522,226.9391304347826,1703,196,1762,164,-67,94,-38,64,21,32,42.28,115,1735.568221754795,175.81022023850417,1731.0146029217194,144.41189786106048,1729.2638762475217,215.15824878313313,subject_006,116.32547520416357,False
2025-12-01T21:49:07.888,7,952,828,949.4322033898304,798.3559322033898,954,817,965,827,-2,-29,2,-11,13,-1,38.09,118,962.1505820782824,830.0023401961288,956.0647710007272,824.6668103174648,952.2135921553232,796.8840988220039,subject_006,29.755072424062774,False
2025-12-01T21:49:33.514,10,1215,1060,1168.094827586207,1021.1551724137933,1181,1089,1198,1071,-46,-38,-34,29,-17,11,35.94,116,1209.27541113582,1069.230316375137,1226.7835275702964,1060.0,1205.9004419482603,1022.9054948240224,subject_006,60.90168987285803,False
2025-12-01T21:50:50.468,30,689,596,678.2857142857143,583.3697478991596,673,594,695,590,-10,-12,-16,-2,6,-6,29.29,119,685.3009742184092,587.5506015548935,673.7493624336977,595.7359975973144,676.1507865930929,578.884474837365,subject_006,16.562583931806316,False
2025-12-02T14:57:41.938,30,163,1060,159.9391304347826,994.0347826086957,147,1027,130,1039,-3,-65,-16,-33,-33,-21,41.33,115,144.35710910985426,1045.219233971744,163.0,1060.0,173.07593724034905,1052.486398673499,subject_006,66.03619331834109,False
2025-12-02T14:57:48.349,5,426,828,398.9478260869565,779.9826086956522,423,809,396,835,-27,-48,-3,-19,-30,7,25.78,115,407.8328847997519,829.6436190185129,438.2963606153411,827.8518090724773,424.2052303350519,828.1095062438791,subject_006,55.113428319207365,False
2025-12-02T14:58:01.178,3,1215,596,1140.7226890756303,575.1176470588235,1166,622,1199,623,-74,-20,-49,26,-16,27,24.37,119,1195.7524966112958,623.4246137371447,1182.605883170598,642.2728646774672,1202.303476115584,640.502724612862,subject_006,77.15692828589889,False
2025-12-02T15:00:47.764,24,1741,596,1652.90756302521,584.7647058823529,1691,608,1712,588,-88,-11,-50,12,-29,-8,41.9,119,1734.7868065773732,603.020439397378,1741.0,593.4004633519717,1739.143734833176,635.8200979520847,subject_006,88.80602055079024,False
2025-12-02T15:07:27.871,8,689,132,679.5583333333333,165.325,675,152,677,151,-9,33,-14,20,-12,19,34.78,120,678.2088408034147,148.98892948016692,674.7793710192385,150.97830812972322,674.3873994432289,153.64303090972723,subject_006,34.63669577838574,False
2025-12-02T15:07:53.503,18,952,364,971.9666666666668,340.875,965,327,972,336,19,-23,13,-37,20,-28,23.64,120,966.9340172754562,333.62445746632386,963.2256509641868,324.7251978164319,963.3537335513404,334.76296354143415,subject_006,30.55214235987034,False
2025-12-02T15:08:44.762,21,1741,596,1705.8869565217392,595.6869565217391,1741,584,1748,588,-35,0,0,-12,7,-8,33.21,115,1745.8051870521915,586.2219788332698,1741.0,596.0,1752.6169642340749,585.4776606664193,subject_006,35.114438889515455,False
2025-12-02T15:10:20.938,0,1478,828,1448.965811965812,780.0598290598291,1467,805,1475,798,-29,-47,-11,-23,-3,-30,26.89,117,1473.2868414853926,798.7438646478462,1470.9374558081572,809.01979408424,1471.477747504488,802.4735397490122,subject_006,56.04680244739562,False
2025-12-02T15:20:43.251,14,1741,1060,1634.0416666666667,1060.725,1677,1071,1694,1085,-106,0,-64,11,-47,25,28.11,120,1704.9890682868092,1082.080296396254,1741.0,1060.0,1711.5789683076184,1080.852132889074,subject_006,106.9607904535322,False
2025-12-02T15:21:34.548,31,689,1060,640.1932773109244,1017.310924369748,638,1054,658,1069,-48,-42,-51,-6,-31,9,32.49,119,653.5822062656532,1069.9255814733947,680.1722262961817,1060.0,635.1094185478028,1072.3919372984765,subject_006,64.8417562826124,False
2025-12-02T15:21:47.354,25,426,828,418.7542372881356,795.9152542372881,425,807,443,825,-7,-32,-1,-21,17,-3,24.49,118,438.7425313481818,822.7683461608062,428.16782352408086,813.8032829891565,427.928797474838,824.7473702151556,subject_006,32.89273457671929,False
2025-12-02T15:23:10.680,11,1741,596,1634.18487394958,583.3109243697479,1682,582,1712,576,-106,-12,-59,-14,-29,-20,37.8,119,1705.2672200373056,578.1102406656761,1705.55358301054,581.1731284387316,1704.891288531068,576.392305302623,subject_006,107.56618331760863,False
2025-12-02T15:38:29.286,31,1741,1060,1774.4873949579833,1089.0,1814,1110,1830,1118,33,29,73,50,89,58,25.08,119,1823.755859355697,1124.303137064088,1741.0,1060.0,1808.3748961220397,1127.6041119378217,subject_006,44.29904763165867,False
2025-12-02T15:39:20.552,0,1478,364,1509.4830508474577,365.2796610169492,1529,365,1519,364,31,1,51,1,41,0,25.32,118,1525.03621170806,364.9875321339984,1533.3655379329805,364.59498214856814,1532.2850398974954,371.44519848106495,subject_006,31.509046684752366,False
2025-12-02T15:40:50.295,12,1215,132,1212.344827586207,108.41379310344828,1222,105,1222,106,-2,-23,7,-27,7,-26,26.94,116,1222.8463144170073,99.58590878323648,1215.0,132.0,1222.1815853278133,102.87000368120434,subject_006,23.735186881798743,False
2025-12-02T15:41:15.933,7,163,596,142.49579831932772,590.9495798319327,137,590,103,590,-20,-5,-26,-6,-60,-6,21.88,119,113.27531331514004,597.4473679743819,163.0,596.0,104.29213742534664,605.8303649205035,subject_006,21.117031761961822,False
2025-12-02T15:50:55.642,6,689,132,681.5833333333334,147.35,686,131,678,125,-7,15,-3,-1,-11,-7,20.77,120,678.1331797588616,123.73004925359984,689.0,132.0,678.1625564521557,126.59446951377709,subject_006,17.04785747372507,False
2025-12-02T15:51:02.060,3,163,132,182.5126050420168,151.83193277310923,177,135,180,118,19,19,14,3,17,-14,27.71,119,172.11389855304583,124.66410274070935,163.0,132.0,168.38586286331247,126.12148518461024,subject_006,27.821705789596415,False
2025-12-02T15:51:59.748,0,555,226,563.061403508772,250.1578947368421,554,236,552,235,8,24,-1,10,-3,9,30.79,114,553.7787819976747,232.37500477407823,557.2192405966441,232.72991428405155,554.2467338925238,234.91751416775844,subject_006,25.467432235064145,False
2025-12-02T15:52:06.150,12,1215,1060,1179.2773109243697,1020.1680672268908,1199,1037,1198,1043,-35,-39,-16,-23,-17,-17,26.89,119,1203.6470888005158,1042.0458801191817,1213.7259076752855,1047.7557463756928,1204.7940231714458,1045.346749833355,subject_006,53.50414360809498,False
2025-12-02T15:53:55.075,8,1741,596,1704.084745762712,580.2881355932203,1747,552,1753,552,-36,-15,6,-44,12,-44,29.61,118,1753.7060267787317,556.3842510803584,1741.0,596.0,1752.3246122954113,564.426331530742,subject_006,40.119804069070995,False
2025-10-21T16:53:35.762,3,689,596,683.4358974358975,581.5982905982906,649,607,641,577,-5,-14,-40,11,-48,-19,67.4,117,639.7204677198177,594.577319259069,640.1998735748914,610.868236049526,637.7155671403572,588.3448105916214,subject_011,15.439186216738758,False
2025-10-21T16:53:54.970,5,163,1060,177.6822429906542,991.1214953271028,112,1147,166,1310,14,-68,-51,87,3,250,128.58,107,140.67705048672985,1135.6528167287224,163.0,1060.0,101.12468894384284,1106.327219185956,subject_011,70.42596584506977,False
2025-10-21T16:54:01.381,10,689,132,729.8396226415094,253.21698113207543,639,85,683,124,40,121,-50,-47,-6,-8,86.26,106,675.7720014992896,146.8786635296187,689.0,132.0,635.0401355252493,172.5819920656966,subject_011,127.9118106050994,False
2025-10-21T16:54:27.054,1,1741,596,1767.0438596491229,618.5964912280701,1751,542,1786,552,26,22,10,-54,45,-44,103.51,114,1767.0678791746082,559.1051299256206,1741.0,596.0,1752.67924992679,571.0055545181025,subject_011,34.480197813287845,False
2025-10-21T16:54:33.458,11,689,1060,644.042372881356,1013.8644067796612,633,1199,594,1253,-44,-46,-56,139,-95,193,98.48,118,613.8503048922547,1161.145386750668,689.0,1060.0,628.6481598725768,1131.9628811168363,subject_011,64.41801920217364,False
2025-10-21T16:54:46.291,4,163,132,255.75,231.48076923076923,242,54,222,67,92,99,79,-78,59,-65,67.06,104,234.41807149761917,124.45368090694816,163.0,132.0,224.91706340110187,161.6533879313609,subject_011,136.0109773023691,False
2025-10-21T16:54:59.121,18,426,364,416.93277310924367,351.781512605042,387,344,380,249,-9,-12,-39,-20,-46,-115,68.24,119,385.0957133370132,291.916892721871,379.897605793111,304.90300292476354,377.6619969323671,304.1526212412488,subject_011,15.21532246484452,False
2025-10-21T16:55:05.543,12,426,828,340.02884615384613,817.125,331,868,315,973,-85,-10,-95,40,-111,145,100.95,104,311.531697738504,918.3994355239208,311.22665813251825,909.3678926743622,310.54549500132646,896.4581534548878,subject_011,86.65624569896308,False
2025-10-21T16:55:11.956,20,1215,596,1236.0672268907565,654.6470588235294,1226,530,1199,641,21,58,11,-66,-16,45,80.07,119,1202.1746256171953,640.4104682258178,1222.2875927371083,523.6875573263081,1232.493323571469,648.8640383301166,subject_011,62.31617412451706,False
2025-10-20T15:01:46.665,4,163,132,131.60638297872342,228.59574468085103,101,185,111,152,-31,96,-62,53,-52,20,69.88,94,88.13377178618128,135.55888876447477,163.0,132.0,55.25783119631534,129.61316753371747,subject_012,101.56917386750148,False
2025-10-20T15:01:53.074,5,426,364,364.1929824561403,512.5,374,487,354,448,-61,148,-52,123,-72,84,80.59,114,363.35470880130913,455.4498642227406,389.9151704054123,452.0214091272054,399.6726015518818,451.70274341804446,subject_012,160.84886514261447,False
2025-10-20T15:02:25.181,6,952,364,893.1517857142857,500.0892857142857,905,454,919,422,-58,136,-47,90,-33,58,61.25,112,920.4865278460012,430.3358424838886,916.1842639470104,423.934078688985,915.064649767918,418.36949094487744,subject_012,148.26802086371103,False
2025-10-20T15:02:57.234,17,163,1060,124.39823008849558,1016.6017699115044,107,1021,57,1079,-38,-43,-56,-39,-106,19,82.09,113,81.93412994842257,1047.7567162514904,163.0,1060.0,77.56447755668806,1043.6054564609817,subject_012,58.08186476960539,False
2025-10-20T15:03:10.062,7,689,596,621.9230769230769,678.2051282051282,629,659,626,641,-67,82,-60,63,-63,45,51.23,117,630.4329089073332,655.2001653866921,631.8959560155615,650.4162400925329,632.2703819640968,654.3063965527041,subject_012,106.09899487124756,False
2025-10-20T15:03:16.478,13,1215,1060,1023.7176470588236,1006.129411764706,1052,1089,1039,1094,-191,-53,-163,29,-176,34,36.93,85,1037.2091241583455,1058.0926523009505,1039.7114732740702,1060.0,1055.9668932911222,1106.0585232252274,subject_012,198.7233726151239,False
2025-10-20T15:03:29.277,15,163,596,196.84745762711864,609.7627118644068,186,589,167,556,33,13,23,-7,4,-40,52.08,118,175.9503769330915,571.6966828073436,179.66356531536206,577.1701296004939,180.72454813578224,577.1796413675437,subject_012,36.53850880485239,False
2025-10-20T15:03:35.679,11,1478,364,1404.4117647058824,519.4941176470588,1430,445,1449,411,-73,155,-48,81,-29,47,69.79,85,1448.635277835108,404.81649237601823,1476.2617235066411,354.4772222449608,1478.736348316388,351.94041052468646,subject_012,172.02804712179866,False
2025-10-20T15:03:42.099,8,952,828,926.8849557522124,848.4070796460177,932,885,944,859,-25,20,-20,57,-8,31,19.06,113,938.4619540668832,862.8853403543753,933.6169722479892,891.2453301743739,934.401415879897,905.6497388477618,subject_012,32.36069139013009,False
2025-10-20T15:31:57.741,14,163,1060,104.27380952380952,889.6785714285714,117,898,103,1017,-58,-170,-46,-162,-60,-43,67.63,84,123.86545247835988,981.28307241303,163.0,1060.0,128.19705472691248,973.9619853597858,subject_012,180.1614677961357,False
2025-10-20T15:32:10.582,10,1215,596,1276.1025641025642,571.1709401709402,1309,592,1302,607,61,-24,94,-4,87,11,58.12,117,1328.640184175916,630.0458349199336,1335.587932602157,624.0284630255344,1344.615866957873,623.703018079364,subject_012,65.95457188021919,False
2025-10-20T15:32:23.394,17,952,364,921.782608695652,409.7130434782609,930,392,930,402,-30,45,-22,28,-22,38,46.88,115,934.0291665574888,405.98701776590474,955.3398420478808,356.3282003012238,929.974817190156,398.49856092728857,subject_012,54.797564556150256,False
2025-10-20T15:32:36.213,1,1741,1060,1735.357142857143,951.7678571428572,1742,1000,1838,1243,-5,-108,1,-60,97,183,70.31,112,1771.1468973833116,1133.7717899578051,1741.0,1060.0,1786.1487197786205,1126.5197572679228,subject_012,108.37914275442326,False
2025-10-20T15:32:49.046,2,1741,596,1750.9495798319329,615.5378151260504,1741,622,1814,640,9,19,0,26,73,44,51.8,119,1781.8323227232286,690.7113980242775,1731.4725302177392,659.354118133499,1749.2761375451444,685.2161197148183,subject_012,21.92533600042949,False
2025-10-20T15:33:01.888,4,689,596,701.0535714285714,535.3660714285714,664,554,687,547,12,-60,-25,-42,-2,-49,62.51,112,680.4824459122957,569.9890086644812,633.4172279994945,575.0105661111604,648.9163880050883,564.0449297760781,subject_012,61.82040017816751,False
2025-10-20T15:33:08.297,6,1741,132,1696.2016806722688,204.6890756302521,1724,200,1816,148,-44,72,-17,68,75,16,63.41,119,1777.4118362127194,184.61790293786004,1741.0,132.0,1785.5841771637415,184.65017013658505,subject_012,85.38495845621686,False
2025-10-20T15:33:14.707,0,1478,364,1489.5677966101696,390.40677966101697,1517,391,1550,370,11,26,39,27,72,6,59.91,118,1556.4371986639678,399.65828573850456,1562.839298667454,388.785421054424,1560.2782613967452,389.024022964239,subject_012,28.829358828800725,False
2025-10-20T15:33:21.116,7,426,364,385.4871794871795,403.3760683760684,363,384,357,363,-40,39,-63,20,-69,-1,63.79,117,362.7825128588012,381.8052362668504,345.6416227255163,361.5175983028517,348.89786867633455,374.1677005916088,subject_012,56.495693523142315,False
2025-10-20T13:12:25.799,0,1741,596,1783.2016806722688,644.0672268907563,1767,639,1739,619,42,48,26,43,-2,23,32.72,119,1745.38570096206,649.6943253821098,1741.0,596.0,1746.142813818256,649.0254055111612,subject_007,63.96436627163276,False
2025-10-20T13:12:45.031,15,163,596,163.48333333333332,596.2083333333334,157,596,171,593,0,0,-6,0,8,-3,30.7,120,167.02642857395193,611.4599725507828,163.0,607.0151692138251,163.6747604747447,611.6674555133646,subject_007,0.5263210891546071,False
2025-10-20T13:12:51.453,16,1215,132,1229.0,181.90833333333333,1216,151,1230,156,14,49,1,19,15,24,37.31,120,1215.5406514658678,133.10477512996763,1218.777990286971,132.0,1213.640008524289,132.27732215588557,subject_007,51.83475413379629,False
2025-10-20T13:13:04.275,10,426,828,403.8050847457627,799.3898305084746,415,812,415,858,-22,-28,-11,-16,-11,30,42.36,118,416.5818333010411,851.9679385040879,432.24504236935127,843.4700572624399,416.9450344702868,852.1264416305139,subject_007,36.20988900116358,False
2025-10-20T13:13:36.340,8,163,132,91.66386554621847,122.10084033613444,105,115,100,102,-71,-9,-58,-17,-63,-30,39.49,119,106.3664363576113,112.29872986052204,163.0,132.0,103.34931944581352,120.68581759938186,subject_007,72.01970175485802,False
2025-10-20T13:13:42.757,17,1478,828,1554.4347826086955,814.8695652173913,1518,833,1523,863,76,-13,40,5,45,35,35.57,115,1513.328494826206,855.9317842189517,1488.3729278121973,859.2097558008304,1511.550631470613,854.0724089877964,subject_007,77.55439581364091,False
2025-10-20T13:13:49.165,11,1741,1060,1835.7809523809524,975.5809523809525,1815,988,1780,1073,94,-84,74,-72,39,13,33.99,105,1788.5890554544094,1027.127777981406,1741.0,1060.0,1791.1138649860327,1020.8851638774762,subject_007,126.92519267327263,False
2025-10-20T13:13:55.591,9,163,1060,139.69747899159665,1013.3949579831932,135,1024,156,1140,-23,-46,-28,-36,-7,80,38.11,119,138.80774412430873,1064.8703741372908,163.0,1060.0,135.2722282311871,1058.1965616028467,subject_007,52.106021021906926,False
2025-10-20T13:14:14.816,19,689,132,644.7563025210084,182.563025210084,657,172,658,173,-44,50,-32,40,-31,41,30.42,119,658.182843130637,160.12360395202728,669.9077052986307,155.88172688008405,658.0685388131899,161.77025678754796,subject_007,67.1872330506929,False
2025-11-07T14:43:18.853,11,689,132,729.0091743119266,281.6146788990825,736,235,754,179,40,149,47,103,65,47,43.93,109,759.2366222097814,167.23516319959288,775.5001347137634,174.39089765829075,765.8993532442445,167.56331136648078,subject_008,154.87183788926149,False
2025-11-07T14:43:25.266,15,426,828,553.2075471698113,784.6509433962265,435,775,474,762,127,-43,9,-53,48,-66,38.86,106,478.4478279712142,779.8036361304077,447.0092442947753,775.3919128635616,433.9667419836579,779.6482774068825,subject_008,134.39085075032796,False
2025-11-07T14:43:31.661,8,163,596,352.3119266055046,632.5504587155963,284,587,291,556,189,36,121,-9,128,-40,53.03,109,314.3762256737288,580.0998024737402,288.53072381400284,568.8749335937813,266.7662379485098,567.1554072007593,subject_008,192.80804336803087,False
2025-11-07T14:43:44.475,10,1741,596,1664.8363636363636,664.7454545454545,1670,640,1672,575,-76,68,-71,44,-69,-21,49.72,110,1700.6392533610856,605.6358131325369,1687.0466823937618,611.0786232257838,1687.0051820897415,603.5401465145907,subject_008,102.60037536380362,False
2025-11-07T14:44:10.096,13,1215,596,1216.1891891891892,661.1621621621622,1212,629,1135,600,1,65,-3,33,-80,4,61.91,111,1200.977305650183,601.9813056713754,1213.9808728650992,576.5670859089089,1213.9084165545034,589.4243695975514,subject_008,65.17301242520256,False
2025-11-07T14:44:48.532,12,952,364,951.3272727272728,479.2818181818182,940,421,897,394,0,115,-12,57,-55,30,53.72,110,945.6491562032644,387.720750628546,941.1172169480112,359.8077757164755,939.5281095211976,367.5647264795344,subject_008,115.28378101575808,False
2025-11-07T14:44:54.951,18,952,828,1061.2142857142858,781.8125,1049,777,965,754,109,-46,97,-51,13,-74,80.5,112,1009.6044760813056,765.7787878944135,1024.7359772680024,778.1650047100138,1027.9332492075343,771.5281586958436,subject_008,118.5792787983282,False
2025-11-07T14:45:14.175,9,1478,828,1435.409090909091,881.6909090909091,1423,860,1379,858,-42,53,-55,32,-99,30,53.07,110,1415.078240562197,855.7351545467261,1408.006672586586,841.3308864261427,1401.5458292023825,850.3476319193272,subject_008,68.53246862763916,False
2025-11-07T15:08:04.162,3,1478,828,1469.3130434782609,777.1913043478261,1471,769,1469,750,-8,-50,-7,-59,-9,-78,63.41,115,1481.3854423066098,750.439299304181,1486.8399898445564,757.4905251573322,1470.5295041549184,753.1210458160402,subject_008,51.54596751915541,False
2025-11-07T15:08:36.212,15,1741,596,1710.1440677966102,596.5593220338983,1718,582,1720,567,-30,0,-23,-14,-21,-29,61.88,118,1752.1476915153207,561.8076133434596,1741.0,596.0,1749.2055659057328,565.1536828456296,subject_008,30.861001171021503,False
2025-11-07T15:08:42.616,9,1215,596,1231.2882882882882,656.1801801801802,1219,626,1251,577,16,60,4,30,36,-19,52.04,111,1254.371274726913,593.9266261772513,1217.782530107204,551.2187651759441,1233.326308199033,596.0632974906007,subject_008,62.34550843389872,False
2025-11-07T15:09:21.052,7,1741,132,1672.1367521367522,264.7435897435897,1708,248,1777,209,-68,132,-33,116,36,77,52.71,117,1765.670546022049,205.18854252783933,1741.0,132.0,1772.3666862578186,203.39142165360323,subject_008,149.5426612184281,False
2025-11-07T15:09:27.463,17,952,364,904.6101694915254,487.90677966101697,925,437,966,352,-47,123,-27,73,14,-12,118.17,118,972.0554727828423,361.1100751076,982.9003859497784,342.1942035137012,975.8702969882066,368.9558840171277,subject_008,132.66003950544322,False
2025-11-07T15:09:40.271,4,163,596,14.110169491525424,671.1949152542373,40,649,107,531,-148,75,-123,53,-56,-65,24.05,118,124.08206125824692,577.2143186912438,163.0,596.0,102.84284003599852,577.1481792521653,subject_008,166.80065020537006,False
2025-11-07T15:09:59.489,13,163,132,135.60169491525423,290.95762711864404,157,262,274,83,-27,158,-6,130,111,-49,40.77,118,250.03841710580943,142.3704844339819,255.49964029357145,132.0,245.93419647102596,143.7369829452035,subject_008,161.3015633548128,False
2025-11-07T15:10:12.301,2,952,828,886.3220338983051,815.7118644067797,891,823,919,746,-65,-12,-61,-5,-33,-82,85.66,118,924.2636592785726,775.879876353879,908.3103756702152,844.1489740641197,900.7050423850511,760.3005848719267,subject_008,66.81761375275798,False
2025-12-01T20:54:40.235,20,1741,132,1647.75,262.30172413793105,1696,204,1734,154,-93,130,-45,72,-7,22,32.31,116,1735.985032978837,154.5880274329683,1741.0,132.0,1757.657923585212,163.7078917981587,subject_009,160.23140083428555,False
2025-12-01T20:56:42.004,7,689,132,704.6810344827586,196.52586206896552,717,176,724,114,15,64,28,44,35,-18,31.63,116,724.7078328237403,135.18422418668126,739.0801796719703,154.5190326583205,741.2465302032224,123.4082615597698,subject_009,66.40392848463581,False
2025-12-01T20:57:20.454,27,1215,596,1209.3162393162393,650.3760683760684,1215,641,1228,604,-5,54,0,45,13,8,29.03,117,1234.3039375043377,601.8513572599684,1219.8046926158136,627.3341972871285,1218.9847074607285,593.2942560794806,subject_009,54.67231426919045,False
2025-12-01T20:57:33.272,17,426,364,425.9915966386554,456.57142857142856,427,407,421,409,0,92,1,43,-5,45,35.77,119,433.317014545671,400.9570798588337,427.8693885041483,403.7025249917926,427.0383496522839,400.952629601664,subject_009,92.57142895284474,False
2025-11-26T21:29:43.771,13,1741,1060,1758.1607142857142,969.1607142857144,1791,975,1833,1134,17,-90,50,-85,92,74,109.56,112,1847.7694931414617,1015.7367627598076,1741.0,1060.0,1874.546759497233,1044.727597352541,subject_013,92.44601637646436,False
2025-11-26T21:30:22.208,3,1478,364,1428.4957983193278,435.3781512605042,1441,467,1418,416,-49,71,-37,103,-60,52,43.28,119,1432.9588178264248,469.77422447279105,1445.1134499957425,523.0719290310651,1428.6123587890806,453.3742772596624,subject_013,86.86487472740681,False
2025-11-26T21:31:07.055,6,1478,828,1458.0252100840337,806.6638655462185,1450,913,1481,968,-19,-21,-28,85,3,140,45.69,119,1495.732913490624,937.6165819258003,1509.3371461943036,979.6134772180476,1505.0020720184823,919.6940077054928,subject_013,29.22709129586505,False
2025-11-26T21:32:11.115,14,426,828,523.5294117647059,739.2016806722689,447,795,378,912,97,-88,21,-33,-48,84,52.19,119,394.43991557470736,924.967846733632,372.1437798238986,919.6338845811612,382.2543284768609,918.9198587860856,subject_013,131.89817161204033,False
2025-11-27T23:08:08.925,30,689,1060,647.4396551724138,909.4913793103448,619,968,642,967,-41,-150,-70,-92,-47,-93,14.76,116,636.7252273137639,957.1901974230992,609.3740136133603,991.111282372285,610.2871613315779,970.8624228771008,subject_013,156.14130511844195,False
2025-11-27T23:08:47.377,20,1215,596,1236.18487394958,557.4957983193277,1231,571,1208,563,21,-38,16,-25,-7,-33,99.46,119,1224.640259900694,574.8499892426047,1222.541088616976,593.0363702687854,1222.7709977077575,585.80596425553,subject_013,43.947382530993536,False
2025-11-27T23:09:38.625,28,426,828,478.8083333333333,791.7833333333333,466,803,460,828,52,-36,40,-25,34,0,62.6,120,461.95551531511256,815.2250394201749,437.6789125535122,841.3151159572653,437.42948042589825,822.1659288910001,subject_013,64.03410820718038,False
2025-11-27T23:10:49.109,26,689,132,699.7017543859649,162.76315789473685,699,148,694,108,10,30,10,16,5,-24,62.9,114,686.3456422485475,107.2212140908346,689.0,132.0,693.9111135492816,106.38326006036522,subject_013,32.57145115886042,False
2025-11-07T14:33:57.161,13,689,596,688.311320754717,436.9245283018868,671,437,659,459,0,-159,-18,-159,-30,-137,81.86,106,642.0936164723978,476.18683774798546,632.6720894646454,456.895588848856,637.3474186856045,464.38675444852635,subject_010,159.07696242724805,False
2025-11-07T14:34:48.410,8,1741,132,1592.798076923077,255.34615384615384,1609,265,1628,279,-148,123,-132,133,-113,147,21.18,104,1650.6957170870471,295.2575874123254,1634.9858284866468,296.45864007413167,1643.9235881314253,297.8340373211651,subject_010,192.81619141642977,False
2025-11-07T14:35:07.631,12,426,364,335.55454545454546,346.7454545454545,314,351,277,265,-90,-17,-112,-13,-149,-99,46.29,110,262.0710549129936,323.2999028557682,276.27537943214793,333.4237681678055,269.59195166893556,321.31179980213574,subject_010,92.07659630316957,False
2025-11-07T14:35:26.842,2,1215,132,1151.4528301886792,232.35849056603772,1174,183,1194,179,-63,100,-41,51,-21,47,48.59,106,1196.2382766395797,196.60549707652905,1195.0161596499452,133.12617908834812,1194.119570162408,180.1532217456798,subject_010,118.78581320899532,False
2025-11-07T14:59:20.887,8,952,828,995.0280373831775,792.8130841121496,1006,825,969,932,43,-35,54,-3,17,104,34.35,107,1019.4243470878562,928.531795432752,1021.1377185256172,917.4828318974512,1025.2315764471584,892.6966082993923,subject_010,55.58355018120726,False
2025-11-07T15:00:12.135,15,1741,596,1699.108108108108,588.5315315315315,1687,572,1779,562,-41,-7,-54,-24,38,-34,52.08,111,1759.6706060157276,558.5485277825371,1673.8004746815418,533.3398296560559,1701.0225765674695,612.4888142689375,subject_010,42.5524221113967,False
2025-11-07T15:00:31.354,19,1741,132,1682.892857142857,218.76785714285717,1712,196,1754,42,-58,86,-29,64,13,-90,40.91,112,1760.3501688750816,115.56373040792354,1741.0,132.0,1778.8277390556775,202.89954133476763,subject_010,104.42749199412806,False
