line_idx,timestamp,dot_x,dot_y,gaze_x,gaze_y
0,1764110344.9534702,178.0,178.0,193.0,200.0
0,1764110344.9981492,185.23960399627686,178.0,204.0,207.0
0,1764110345.034238,189.98139190673828,178.0,199.0,204.0
0,1764110345.0780022,197.21756267547607,178.0,192.0,195.0
0,1764110345.1030905,199.63344621658325,178.0,184.0,203.0
0,1764110345.138434,204.3533115386963,178.0,192.0,211.0
0,1764110345.168256,209.21612071990967,178.0,188.0,218.0
0,1764110345.1988971,213.99746227264404,178.0,182.0,218.0
0,1764110345.2286327,218.7691478729248,178.0,182.0,222.0
0,1764110345.2585087,223.57816982269287,178.0,167.0,228.0
0,1764110345.290171,228.38472414016724,178.0,178.0,252.0
0,1764110345.334157,233.24166822433472,178.0,192.0,260.0
0,1764110345.3787386,240.35699653625488,178.0,201.0,264.0
0,1764110345.4140766,245.21383333206177,178.0,185.0,257.0
0,1764110345.4430778,250.0685601234436,178.0,219.0,259.0
0,1764110345.473312,254.75105333328247,178.0,231.0,237.0
0,1764110345.5080297,259.56851530075073,178.0,250.0,211.0
0,1764110345.538452,264.4817500114441,178.0,258.0,206.0
0,1764110345.5689058,269.2142038345337,178.0,262.0,205.0
0,1764110345.598838,274.0491180419922,178.0,256.0,205.0
0,1764110345.6310747,278.74169635772705,178.0,245.0,208.0
0,1764110345.6636405,283.5640935897827,178.0,250.0,209.0
0,1764110345.6987617,288.4764699935913,178.0,254.0,206.0
0,1764110345.7237532,293.2766942977905,178.0,265.0,209.0
0,1764110345.7640662,298.00828981399536,178.0,264.0,223.0
0,1764110345.803153,305.2336959838867,178.0,265.0,237.0
0,1764110345.823549,307.5185089111328,178.0,288.0,236.0
0,1764110345.8686664,314.8550658226013,178.0,284.0,224.0
0,1764110345.9143395,321.9927816390991,178.0,279.0,216.0
0,1764110345.938748,324.36070728302,178.0,276.0,232.0
0,1764110345.96169,329.1708736419678,178.0,297.0,233.0
0,1764110345.9941816,333.92825412750244,178.0,320.0,225.0
0,1764110346.0252197,338.79903841018677,178.0,340.0,212.0
0,1764110346.0740352,345.99179315567017,178.0,339.0,212.0
0,1764110346.1139674,350.7820038795471,178.0,337.0,212.0
0,1764110346.1535308,358.06545305252075,178.0,334.0,226.0
0,1764110346.1887572,362.8214387893677,178.0,364.0,205.0
0,1764110346.2182493,367.6194100379944,178.0,373.0,207.0
0,1764110346.2489462,372.5249557495117,178.0,383.0,208.0
0,1764110346.2827606,377.1531252861023,178.0,384.0,213.0
0,1764110346.3233385,382.04003858566284,178.0,379.0,205.0
0,1764110346.3683808,389.31004095077515,178.0,365.0,180.0
0,1764110346.393858,394.10718965530396,178.0,364.0,173.0
0,1764110346.417967,396.4489369392395,178.0,370.0,174.0
0,1764110346.4486332,401.2524514198303,178.0,376.0,182.0
0,1764110346.4830031,406.02921533584595,178.0,382.0,193.0
0,1764110346.5133898,410.768714427948,178.0,387.0,198.0
0,1764110346.5437536,415.596333026886,178.0,391.0,198.0
0,1764110346.57283,420.4402594566345,178.0,395.0,198.0
0,1764110346.6081686,425.30299711227417,178.0,392.0,194.0
0,1764110346.6428335,429.9600987434387,178.0,376.0,195.0
0,1764110346.6736686,434.9071292877197,178.0,369.0,204.0
0,1764110346.707986,439.6467356681824,178.0,360.0,225.0
0,1764110346.7379587,444.37797355651855,178.0,381.0,235.0
0,1764110346.768253,449.18234634399414,178.0,378.0,218.0
0,1764110346.7980115,454.0678291320801,178.0,379.0,209.0
0,1764110346.841988,461.1452488899231,178.0,381.0,212.0
0,1764110346.8839064,465.9785180091858,178.0,396.0,215.0
0,1764110346.9066312,470.84926652908325,178.0,396.0,214.0
0,1764110346.9486592,475.5634813308716,178.0,395.0,210.0
0,1764110346.9848845,482.7883868217468,178.0,404.0,208.0
0,1764110347.0131795,485.13714361190796,178.0,419.0,200.0
0,1764110347.043461,489.9828939437866,178.0,414.0,186.0
0,1764110347.073277,494.7277216911316,178.0,411.0,177.0
0,1764110347.1086218,499.5654969215393,178.0,419.0,174.0
0,1764110347.1380508,504.3728380203247,178.0,420.0,175.0
0,1764110347.1731374,509.24380111694336,178.0,425.0,184.0
0,1764110347.2183583,516.4589791297913,178.0,419.0,191.0
0,1764110347.2584624,523.6006288528442,178.0,421.0,186.0
0,1764110347.2893226,528.44105052948,178.0,428.0,191.0
0,1764110347.3208942,533.1546216011047,178.0,433.0,192.0
0,1764110347.347883,535.5864911079407,178.0,448.0,202.0
0,1764110347.3780096,540.4157190322876,178.0,490.0,202.0
0,1764110347.4181917,547.5846557617188,178.0,509.0,197.0
0,1764110347.4578042,552.3722558021545,178.0,526.0,195.0
0,1764110347.4834301,557.2692184448242,178.0,544.0,192.0
0,1764110347.5139136,561.9459180831909,178.0,538.0,193.0
0,1764110347.5458379,566.890552520752,178.0,536.0,193.0
0,1764110347.5736802,569.1755084991455,178.0,521.0,184.0
0,1764110347.6034515,574.0109233856201,178.0,516.0,183.0
0,1764110347.633539,578.8947253227234,178.0,514.0,187.0
0,1764110347.6680825,583.6030035018921,178.0,527.0,195.0
0,1764110347.6983597,588.377299785614,178.0,530.0,208.0
0,1764110347.7384756,595.6141500473022,178.0,535.0,224.0
0,1764110347.7700584,600.4958062171936,178.0,541.0,234.0
0,1764110347.8135626,605.1468997001648,178.0,554.0,229.0
0,1764110347.8537488,612.3636512756348,178.0,557.0,227.0
0,1764110347.8729982,614.8703722953796,178.0,545.0,221.0
0,1764110347.9034724,619.6214227676392,178.0,548.0,220.0
0,1764110347.9383044,624.4425325393677,178.0,570.0,209.0
0,1764110347.9685488,629.2363195419312,178.0,595.0,195.0
0,1764110348.0097747,636.448314666748,178.0,601.0,188.0
0,1764110348.0331144,638.834014415741,178.0,590.0,187.0
0,1764110348.0738325,645.9435849189758,178.0,583.0,188.0
0,1764110348.1053681,650.8169083595276,178.0,609.0,215.0
0,1764110348.1384873,655.5983572006226,178.0,617.0,209.0
0,1764110348.1836476,663.0643754005432,178.0,619.0,207.0
0,1764110348.2229295,667.6150469779968,178.0,630.0,209.0
0,1764110348.2505617,672.4610476493835,178.0,638.0,209.0
0,1764110348.2885978,677.1322755813599,178.0,648.0,197.0
0,1764110348.3304026,684.3771367073059,178.0,643.0,201.0
0,1764110348.3701563,689.2705945968628,178.0,615.0,206.0
0,1764110348.398175,694.0632014274597,178.0,611.0,190.0
0,1764110348.4286354,698.8968281745911,178.0,620.0,184.0
0,1764110348.4580276,703.5744218826294,178.0,634.0,185.0
0,1764110348.493285,708.489981174469,178.0,642.0,189.0
0,1764110348.523863,713.1396083831787,178.0,642.0,197.0
0,1764110348.5529437,717.959967136383,178.0,637.0,200.0
0,1764110348.5863204,722.8053598403931,178.0,642.0,180.0
0,1764110348.6280093,727.5230793952942,178.0,647.0,170.0
0,1764110348.6735313,734.7287087440491,178.0,648.0,166.0
0,1764110348.6999638,739.5552544593811,178.0,653.0,160.0
0,1764110348.7306948,744.4750695228577,178.0,655.0,163.0
0,1764110348.75286,746.8253998756409,178.0,652.0,164.0
0,1764110348.7834632,751.5321402549744,178.0,643.0,158.0
0,1764110348.8189206,756.3731341362,178.0,643.0,164.0
0,1764110348.851287,761.2015752792358,178.0,669.0,180.0
0,1764110348.8895395,768.4831647872925,178.0,672.0,186.0
0,1764110348.923147,773.1498866081238,178.0,679.0,192.0
0,1764110348.9488277,775.5991010665894,178.0,691.0,204.0
0,1764110348.983598,783.0569295883179,178.0,746.0,191.0
0,1764110349.0179813,787.5296382904053,178.0,778.0,166.0
0,1764110349.0431712,789.9284272193909,178.0,794.0,149.0
0,1764110349.078534,797.2973136901855,178.0,808.0,171.0
0,1764110349.108539,799.6143488883972,178.0,794.0,197.0
0,1764110349.1529658,806.7306070327759,178.0,788.0,202.0
0,1764110349.178479,811.6055397987366,178.0,770.0,179.0
0,1764110349.2091324,816.3630990982056,178.0,772.0,162.0
0,1764110349.2435021,821.2704329490662,178.0,782.0,155.0
0,1764110349.2846515,825.9470252990723,178.0,789.0,152.0
0,1764110349.318279,833.2590847015381,178.0,794.0,157.0
0,1764110349.3509192,835.5782656669617,178.0,793.0,164.0
0,1764110349.4031076,845.1311497688293,178.0,801.0,155.0
0,1764110349.4381258,849.9482183456421,178.0,806.0,134.0
0,1764110349.4872386,857.1647553443909,178.0,801.0,139.0
0,1764110349.5083437,859.5424084663391,178.0,799.0,161.0
0,1764110349.5378525,864.4565014839172,178.0,796.0,182.0
0,1764110349.5585096,869.2936687469482,178.0,803.0,197.0
0,1764110349.5931895,873.9720492362976,178.0,856.0,193.0
0,1764110349.64056,881.1290411949158,178.0,863.0,180.0
0,1764110349.6738384,885.9237222671509,178.0,853.0,182.0
0,1764110349.6986077,888.4480385780334,178.0,859.0,198.0
0,1764110349.728628,893.2660012245178,178.0,876.0,205.0
0,1764110349.7583442,897.9539303779602,178.0,876.0,203.0
0,1764110349.7941318,902.7966051101685,178.0,870.0,196.0
0,1764110349.828045,907.542863368988,178.0,863.0,195.0
0,1764110349.8685184,914.748206615448,178.0,863.0,194.0
0,1764110349.888111,917.254105091095,178.0,858.0,189.0
0,1764110349.9183962,922.0136313438416,178.0,859.0,185.0
0,1764110349.9488175,926.8429307937622,178.0,872.0,192.0
0,1764110349.977851,931.5340785980225,178.0,887.0,194.0
0,1764110350.0132434,936.3547592163086,178.0,896.0,188.0
0,1764110350.048913,941.1718993186951,178.0,895.0,179.0
0,1764110350.083279,945.952024936676,178.0,896.0,181.0
0,1764110350.1140316,950.8645086288452,178.0,901.0,178.0
0,1764110350.1478326,955.6380896568298,178.0,905.0,173.0
0,1764110350.1778734,960.3485136032104,178.0,911.0,167.0
0,1764110350.218716,967.5182013511658,178.0,907.0,160.0
0,1764110350.2494369,972.4469928741455,178.0,927.0,156.0
0,1764110350.2872381,977.2289781570435,178.0,939.0,158.0
0,1764110350.3139257,982.0066361427307,178.0,951.0,163.0
0,1764110350.3485558,986.8468074798584,178.0,949.0,162.0
0,1764110350.3945768,994.0555124282837,178.0,946.0,170.0
0,1764110350.437002,998.7704424858093,178.0,933.0,177.0
0,1764110350.4782896,1006.035295009613,178.0,930.0,194.0
0,1764110350.5213904,1013.1273059844971,178.0,933.0,198.0
0,1764110350.5579205,1018.0286316871643,178.0,937.0,190.0
0,1764110350.5979235,1025.2057580947876,178.0,947.0,209.0
0,1764110350.6382198,1029.9757986068726,178.0,959.0,217.0
0,1764110350.6682878,1034.7529201507568,178.0,1005.0,196.0
0,1764110350.693317,1037.1901183128357,178.0,1001.0,210.0
0,1764110350.7235534,1041.949716091156,178.0,996.0,220.0
0,1764110350.7531147,1046.8624501228333,178.0,994.0,220.0
0,1764110350.7835803,1051.6188650131226,178.0,990.0,213.0
0,1764110350.8289306,1058.8414459228516,178.0,1004.0,206.0
0,1764110350.868944,1063.6515049934387,178.0,1026.0,201.0
0,1764110350.8930078,1068.3318166732788,178.0,1043.0,209.0
0,1764110350.9333584,1073.192050933838,178.0,1039.0,215.0
0,1764110350.968935,1080.3478627204895,178.0,1045.0,212.0
0,1764110351.001995,1085.1517705917358,178.0,1044.0,214.0
0,1764110351.028652,1087.6875309944153,178.0,1037.0,209.0
0,1764110351.0560443,1092.422631263733,178.0,1045.0,205.0
0,1764110351.0988295,1099.601939201355,178.0,1051.0,197.0
0,1764110351.1456492,1106.8852095603943,178.0,1048.0,187.0
0,1764110351.183566,1111.5812211036682,178.0,1049.0,181.0
0,1764110351.2091694,1116.428544998169,178.0,1105.0,173.0
0,1764110351.2434704,1121.2829141616821,178.0,1117.0,175.0
0,1764110351.2787602,1125.9511737823486,178.0,1120.0,182.0
0,1764110351.3129752,1130.9018878936768,178.0,1111.0,177.0
0,1764110351.3484006,1135.5640678405762,178.0,1110.0,177.0
0,1764110351.3784802,1140.4113202095032,178.0,1100.0,175.0
0,1764110351.4237201,1147.6358680725098,178.0,1087.0,170.0
0,1764110351.4583633,1152.5025753974915,178.0,1084.0,168.0
0,1764110351.4882312,1157.2718648910522,178.0,1093.0,165.0
0,1764110351.518068,1162.0033888816833,178.0,1098.0,166.0
0,1764110351.5537083,1166.817059993744,178.0,1112.0,174.0
0,1764110351.587826,1171.660843372345,178.0,1123.0,168.0
0,1764110351.628452,1178.7394790649414,178.0,1131.0,155.0
0,1764110351.6633418,1183.6307911872864,178.0,1140.0,152.0
0,1764110351.6941714,1188.4780077934265,178.0,1148.0,147.0
0,1764110351.7236352,1193.2270197868347,178.0,1152.0,139.0
0,1764110351.7549853,1198.1108574867249,178.0,1147.0,147.0
0,1764110351.8020504,1205.1793723106384,178.0,1156.0,164.0
0,1764110351.8387675,1209.9602847099304,178.0,1160.0,171.0
0,1764110351.8677933,1214.8780970573425,178.0,1157.0,174.0
0,1764110351.8937364,1217.2100811004639,178.0,1211.0,169.0
0,1764110351.9290154,1224.3534116744995,178.0,1216.0,177.0
0,1764110351.9635084,1229.2623190879822,178.0,1222.0,189.0
0,1764110351.9928787,1233.9718132019043,178.0,1211.0,199.0
0,1764110352.0256407,1238.8707070350647,178.0,1211.0,190.0
0,1764110352.0536053,1241.1221890449524,178.0,1222.0,168.0
0,1764110352.0930269,1248.3283548355103,178.0,1234.0,166.0
0,1764110352.1233,1253.2003908157349,178.0,1234.0,161.0
0,1764110352.170946,1260.3939323425293,178.0,1223.0,151.0
0,1764110352.2082732,1265.135934829712,178.0,1222.0,148.0
0,1764110352.234712,1270.0711278915405,178.0,1229.0,152.0
0,1764110352.2645965,1274.7518329620361,178.0,1235.0,155.0
0,1764110352.2931325,1277.1410374641418,178.0,1236.0,161.0
0,1764110352.3341372,1284.4101815223694,178.0,1242.0,167.0
0,1764110352.3579044,1289.202895641327,178.0,1257.0,167.0
0,1764110352.4038918,1294.0478234291077,178.0,1266.0,164.0
0,1764110352.4483113,1301.1740236282349,178.0,1256.0,168.0
0,1764110352.4735997,1305.9224634170532,178.0,1237.0,186.0
0,1764110352.5127954,1310.721185684204,178.0,1302.0,186.0
0,1764110352.5379653,1315.5455141067505,178.0,1335.0,185.0
0,1764110352.5718,1320.4214124679565,178.0,1355.0,183.0
0,1764110352.598562,1325.3015308380127,178.0,1345.0,181.0
0,1764110352.6285162,1327.5706796646118,178.0,1330.0,198.0
0,1764110352.6702533,1334.7813158035278,178.0,1334.0,209.0
0,1764110352.7085915,1339.616051197052,178.0,1345.0,215.0
0,1764110352.7538984,1346.7756896018982,178.0,1358.0,195.0
0,1764110352.7830024,1351.6546635627747,178.0,1357.0,193.0
0,1764110352.8134632,1356.4647583961487,178.0,1360.0,201.0
0,1764110352.8430274,1361.2659125328064,178.0,1371.0,203.0
0,1764110352.878599,1366.0394577980042,178.0,1374.0,203.0
0,1764110352.9138484,1370.7964448928833,178.0,1378.0,196.0
0,1764110352.9547276,1377.9783992767334,178.0,1383.0,196.0
0,1764110352.9932168,1382.9091577529907,178.0,1475.0,187.0
0,1764110353.0184991,1387.5441222190857,178.0,1473.0,193.0
0,1764110353.0496097,1392.4854307174683,178.0,1464.0,198.0
0,1764110353.0831454,1397.2461013793945,178.0,1469.0,195.0
0,1764110353.108657,1399.6275811195374,178.0,1470.0,188.0
0,1764110353.1532755,1406.8142561912537,178.0,1475.0,188.0
0,1764110353.1935055,1414.0665917396545,178.0,1485.0,184.0
0,1764110353.218128,1416.4076952934265,178.0,1489.0,185.0
0,1764110353.2480364,1421.2494044303894,178.0,1489.0,191.0
0,1764110353.2786307,1425.9580760002136,178.0,1493.0,174.0
0,1764110353.308519,1430.8085827827454,178.0,1505.0,164.0
0,1764110353.3388393,1435.6398849487305,178.0,1515.0,156.0
0,1764110353.3735747,1440.3464465141296,178.0,1515.0,159.0
0,1764110353.413497,1445.2110438346863,178.0,1509.0,164.0
0,1764110353.4667225,1454.8585562705994,178.0,1507.0,161.0
0,1764110353.493537,1457.1346788406372,178.0,1507.0,165.0
0,1764110353.5289414,1464.35733127594,178.0,1501.0,167.0
0,1764110353.5531807,1466.8444542884827,178.0,1499.0,172.0
0,1764110353.5886214,1471.5948252677917,178.0,1619.0,164.0
0,1764110353.626745,1478.8650422096252,178.0,1693.0,147.0
0,1764110353.6733017,1486.3599209785461,178.0,1702.0,145.0
0,1764110353.7084248,1490.8397464752197,178.0,1700.0,161.0
0,1764110353.7482977,1495.6272749900818,178.0,1703.0,158.0
0,1764110353.7779849,1500.4186658859253,178.0,1703.0,151.0
0,1764110353.8185403,1507.5501589775085,178.0,1693.0,148.0
0,1764110353.8583283,1512.4479084014893,178.0,1693.0,148.0
0,1764110353.888114,1517.177143573761,178.0,1705.0,166.0
0,1764110353.918506,1521.982982635498,178.0,1709.0,179.0
0,1764110353.9490042,1526.8285899162292,178.0,1699.0,180.0
0,1764110353.9778857,1531.7047028541565,178.0,1705.0,183.0
0,1764110354.0098739,1536.3309412002563,178.0,1704.0,179.0
0,1764110354.043414,1541.252830505371,178.0,1703.0,168.0
0,1764110354.0735238,1546.076515197754,178.0,1713.0,169.0
0,1764110354.105308,1550.8319644927979,178.0,1717.0,162.0
0,1764110354.1378968,1555.583622932434,178.0,1648.0,182.0
0,1764110354.1726894,1560.458734512329,178.0,1656.0,184.0
0,1764110354.2032115,1565.2021675109863,178.0,1659.0,192.0
0,1764110354.2336297,1570.0541048049927,178.0,1677.0,195.0
0,1764110354.2656357,1574.7421412467957,178.0,1665.0,193.0
0,1764110354.309532,1579.673400402069,178.0,1667.0,192.0
0,1764110354.345661,1586.7316155433655,178.0,1681.0,192.0
0,1764110354.3886573,1591.6496424674988,178.0,1687.0,188.0
0,1764110354.4091613,1596.4226512908936,178.0,1681.0,178.0
0,1764110354.4541728,1601.1635451316833,178.0,1813.0,160.0
0,1764110354.4910922,1608.3198218345642,178.0,1820.0,164.0
0,1764110354.5140598,1610.8201413154602,178.0,1826.0,176.0
0,1764110354.5441773,1615.5986218452454,178.0,1818.0,176.0
0,1764110354.5885484,1622.79101896286,178.0,1817.0,175.0
0,1764110354.6139758,1625.157371044159,178.0,1810.0,169.0
0,1764110354.6436443,1630.013885974884,178.0,1811.0,167.0
0,1764110354.6728387,1634.8765878677368,178.0,1816.0,160.0
0,1764110354.7083178,1639.6374731063843,178.0,1820.0,164.0
0,1764110354.7462544,1646.765926361084,178.0,1824.0,157.0
0,1764110354.7781086,1651.5812067985535,178.0,1819.0,155.0
0,1764110354.8134158,1656.4223079681396,178.0,1806.0,161.0
0,1764110354.8435433,1661.1490755081177,178.0,1795.0,165.0
0,1764110354.891208,1668.4334902763367,178.0,1799.0,172.0
0,1764110354.928704,1673.263934135437,178.0,1801.0,171.0
0,1764110354.991187,1682.8538327217102,178.0,1806.0,174.0
0,1764110355.0134435,1685.2260856628418,178.0,1808.0,195.0
0,1764110355.0386322,1690.0232701301575,178.0,1808.0,203.0
0,1764110355.0659654,1694.7417407035828,178.0,1804.0,203.0
0,1764110355.0887997,1697.2660570144653,178.0,1799.0,200.0
0,1764110355.123361,1701.9194750785828,178.0,1798.0,199.0
0,1764110355.1532524,1706.831923007965,178.0,1808.0,202.0
0,1764110355.1841323,1711.5645914077759,178.0,1815.0,201.0
0,1764110355.2182355,1716.4572625160217,178.0,1820.0,200.0
0,1764110355.2580066,1723.5808520317078,178.0,1829.0,204.0
1,1764110355.2981825,1728.3539323806763,178.0,1824.0,208.0
1,1764110355.3230247,1728.3539323806763,178.0,1823.0,205.0
1,1764110355.3634298,1728.3539323806763,178.0,1817.0,203.0
1,1764110355.4032516,1728.3539323806763,178.0,1817.0,197.0
1,1764110355.443404,1728.3539323806763,178.0,1814.0,198.0
1,1764110355.4789343,1728.3539323806763,178.0,1830.0,193.0
1,1764110355.5136783,1728.3539323806763,178.0,1846.0,195.0
1,1764110355.5530355,1728.3539323806763,178.0,1862.0,187.0
1,1764110355.5881624,1728.3539323806763,178.0,1862.0,191.0
1,1764110355.6277957,1728.3539323806763,178.0,1856.0,186.0
1,1764110355.6637354,1728.3539323806763,178.0,1859.0,174.0
1,1764110355.6887586,1728.3539323806763,178.0,1859.0,173.0
1,1764110355.7187407,1728.3539323806763,178.0,1863.0,160.0
1,1764110355.7486212,1728.3539323806763,178.0,1864.0,152.0
1,1764110355.7787733,1728.3539323806763,178.0,1862.0,144.0
1,1764110355.8252656,182.8054814338684,270.0,1848.0,159.0
1,1764110355.8714507,190.0357871055603,270.0,1839.0,166.0
1,1764110355.9138148,194.81705713272095,270.0,1316.0,277.0
1,1764110355.9681747,204.41561031341553,270.0,455.0,364.0
1,1764110356.004019,209.33760690689087,270.0,447.0,349.0
1,1764110356.0684636,218.83927869796753,270.0,435.0,350.0
1,1764110356.0947292,223.64937353134155,270.0,432.0,358.0
1,1764110356.1332853,228.55155754089355,270.0,428.0,358.0
1,1764110356.1747546,235.73437023162842,270.0,305.0,361.0
1,1764110356.2083821,240.58301734924316,270.0,303.0,367.0
1,1764110356.2328,242.8885726928711,270.0,314.0,366.0
1,1764110356.2633197,247.62964534759521,270.0,317.0,371.0
1,1764110356.2980788,252.44446086883545,270.0,320.0,369.0
1,1764110356.3229444,257.22805547714233,270.0,313.0,357.0
1,1764110356.3530736,262.0638995170593,270.0,306.0,344.0
1,1764110356.3836637,266.87027502059937,270.0,303.0,337.0
1,1764110356.4186397,271.6038017272949,270.0,311.0,337.0
1,1764110356.448384,276.4206199645996,270.0,323.0,336.0
1,1764110356.48335,281.25310230255127,270.0,316.0,338.0
1,1764110356.5178924,286.02321434020996,270.0,319.0,332.0
1,1764110356.5487926,290.83395290374756,270.0,346.0,324.0
1,1764110356.5788424,295.6279544830322,270.0,357.0,314.0
1,1764110356.6180115,300.40360975265503,270.0,357.0,308.0
1,1764110356.657261,307.689884185791,270.0,356.0,314.0
1,1764110356.6886356,312.47015285491943,270.0,384.0,324.0
1,1764110356.7140183,314.92880868911743,270.0,387.0,330.0
1,1764110356.7496119,322.11144256591797,270.0,395.0,334.0
1,1764110356.7887301,326.8777995109558,270.0,403.0,338.0
1,1764110356.8183846,331.66389751434326,270.0,394.0,323.0
1,1764110356.8484714,336.417809009552,270.0,378.0,319.0
1,1764110356.8836856,341.34742307662964,270.0,363.0,319.0
1,1764110356.9182348,346.1933879852295,270.0,358.0,320.0
1,1764110356.9628148,353.6692051887512,270.0,363.0,330.0
1,1764110356.983556,355.6069402694702,270.0,368.0,335.0
1,1764110357.0178852,360.5610160827637,270.0,371.0,332.0
1,1764110357.0530355,367.6138668060303,270.0,383.0,339.0
1,1764110357.0936797,372.50199604034424,270.0,385.0,344.0
1,1764110357.1350005,379.77063941955566,270.0,377.0,345.0
1,1764110357.1730893,384.5315246582031,270.0,372.0,315.0
1,1764110357.2077968,389.28135919570923,270.0,382.0,325.0
1,1764110357.2338748,394.0306215286255,270.0,387.0,343.0
1,1764110357.2629516,398.9314823150635,270.0,390.0,338.0
1,1764110357.2982125,403.6056785583496,270.0,385.0,327.0
1,1764110357.338104,408.4068684577942,270.0,385.0,320.0
1,1764110357.3779628,415.72042989730835,270.0,389.0,313.0
1,1764110357.402843,420.5460457801819,270.0,410.0,316.0
1,1764110357.432866,422.8932647705078,270.0,420.0,314.0
1,1764110357.478731,430.1443843841553,270.0,423.0,317.0
1,1764110357.5240223,437.2875003814697,270.0,422.0,320.0
1,1764110357.5582116,442.067804813385,270.0,435.0,331.0
1,1764110357.5781133,444.524600982666,270.0,456.0,347.0
1,1764110357.6086621,449.2581276893616,270.0,624.0,323.0
1,1764110357.6387641,454.18788480758667,270.0,614.0,313.0
1,1764110357.6683934,458.80049753189087,270.0,602.0,306.0
1,1764110357.7028368,463.7625126838684,270.0,594.0,307.0
1,1764110357.7428532,470.835533618927,270.0,599.0,311.0
1,1764110357.7786539,475.72030115127563,270.0,605.0,319.0
1,1764110357.818351,480.5408744812012,270.0,617.0,328.0
1,1764110357.8632293,487.6208691596985,270.0,625.0,326.0
1,1764110357.9086304,494.81562662124634,270.0,515.0,344.0
1,1764110357.9339747,499.69713973999023,270.0,510.0,347.0
1,1764110357.9687834,504.40970945358276,270.0,518.0,346.0
1,1764110357.9991539,509.3440799713135,270.0,521.0,329.0
1,1764110358.0293038,514.0569000244141,270.0,522.0,311.0
1,1764110358.0684,518.8745408058167,270.0,529.0,305.0
1,1764110358.1111243,526.1514811515808,270.0,536.0,312.0
1,1764110358.1336243,528.4100441932678,270.0,556.0,328.0
1,1764110358.16343,533.339515209198,270.0,566.0,323.0
1,1764110358.209502,540.5406742095947,270.0,568.0,320.0
1,1764110358.2477918,545.3236966133118,270.0,571.0,307.0
1,1764110358.2985668,552.5383024215698,270.0,561.0,310.0
1,1764110358.3334816,559.6802740097046,270.0,550.0,313.0
1,1764110358.358655,562.0067863464355,270.0,563.0,320.0
1,1764110358.3928664,566.8821482658386,270.0,580.0,316.0
1,1764110358.423546,571.6668157577515,270.0,586.0,301.0
1,1764110358.4580672,576.4101414680481,270.0,579.0,291.0
1,1764110358.493733,583.6618332862854,270.0,574.0,281.0
1,1764110358.5247567,588.8330965042114,270.0,571.0,278.0
1,1764110358.5636964,593.3460025787354,270.0,713.0,242.0
1,1764110358.593978,598.0005650520325,270.0,767.0,234.0
1,1764110358.6284626,602.9001026153564,270.0,773.0,247.0
1,1764110358.6580255,607.6886324882507,270.0,771.0,278.0
1,1764110358.6935208,612.4452977180481,270.0,768.0,274.0
1,1764110358.7342553,619.6314005851746,270.0,766.0,258.0
1,1764110358.7587712,622.0801858901978,270.0,771.0,256.0
1,1764110358.7932153,626.8966822624207,270.0,618.0,263.0
1,1764110358.838132,634.0598611831665,270.0,625.0,271.0
1,1764110358.8804078,641.3113741874695,270.0,634.0,279.0
1,1764110358.9037917,643.7007217407227,270.0,642.0,293.0
1,1764110358.9384499,648.4339623451233,270.0,640.0,294.0
1,1764110358.9683268,653.2931952476501,270.0,635.0,302.0
1,1764110359.012302,660.5258612632751,270.0,630.0,301.0
1,1764110359.0385003,665.2640013694763,270.0,630.0,300.0
1,1764110359.0752664,670.0356154441833,270.0,633.0,298.0
1,1764110359.0985198,672.5350050926208,270.0,640.0,311.0
1,1764110359.1382174,679.6318798065186,270.0,636.0,314.0
1,1764110359.178248,684.4623951911926,270.0,651.0,326.0
1,1764110359.2157533,691.7347221374512,270.0,653.0,327.0
1,1764110359.2481263,696.5208916664124,270.0,643.0,314.0
1,1764110359.2833772,701.2035994529724,270.0,636.0,291.0
1,1764110359.3280082,708.4006814956665,270.0,654.0,289.0
1,1764110359.3628495,713.3451728820801,270.0,693.0,309.0
1,1764110359.3928092,718.0315642356873,270.0,702.0,316.0
1,1764110359.4233072,722.9468731880188,270.0,711.0,320.0
1,1764110359.469663,730.1003603935242,270.0,726.0,325.0
1,1764110359.503339,734.9158911705017,270.0,733.0,343.0
1,1764110359.5340145,739.7052435874939,270.0,746.0,362.0
1,1764110359.578502,744.4663076400757,270.0,751.0,373.0
1,1764110359.6141527,751.7924933433533,270.0,737.0,371.0
1,1764110359.6446714,756.4885764122009,270.0,742.0,367.0
1,1764110359.672906,758.8902978897095,270.0,746.0,385.0
1,1764110359.703143,763.7120513916016,270.0,753.0,402.0
1,1764110359.7389352,768.5569076538086,270.0,753.0,408.0
1,1764110359.7682462,773.3526258468628,270.0,740.0,401.0
1,1764110359.802916,780.5570034980774,270.0,723.0,391.0
1,1764110359.8282027,782.9157381057739,270.0,725.0,376.0
1,1764110359.8697908,790.1228337287903,270.0,738.0,388.0
1,1764110359.9031904,794.9012784957886,270.0,755.0,404.0
1,1764110359.9345975,799.610951423645,270.0,783.0,414.0
1,1764110359.9761462,804.5313744544983,270.0,786.0,400.0
1,1764110360.0132613,811.6517453193665,270.0,780.0,390.0
1,1764110360.0385594,814.1157298088074,270.0,779.0,387.0
1,1764110360.0741794,818.830409526825,270.0,786.0,381.0
1,1764110360.1029835,823.6201553344727,270.0,807.0,361.0
1,1764110360.1333315,828.5877137184143,270.0,825.0,360.0
1,1764110360.1686254,833.3247451782227,270.0,825.0,361.0
1,1764110360.2086043,840.4393939971924,270.0,830.0,361.0
1,1764110360.2327945,842.8165464401245,270.0,835.0,342.0
1,1764110360.2738554,850.1559643745422,270.0,839.0,341.0
1,1764110360.3031673,854.9349813461304,270.0,841.0,348.0
1,1764110360.3398395,859.682276725769,270.0,844.0,354.0
1,1764110360.3738074,864.4957690238953,270.0,861.0,364.0
1,1764110360.4086905,869.3578271865845,270.0,874.0,357.0
1,1764110360.453189,876.4302401542664,270.0,883.0,353.0
1,1764110360.4884822,881.2054305076599,270.0,876.0,353.0
1,1764110360.518519,886.0322623252869,270.0,867.0,348.0
1,1764110360.5533292,890.9114508628845,270.0,887.0,349.0
1,1764110360.5932953,898.1397180557251,270.0,900.0,354.0
1,1764110360.6241891,902.9443769454956,270.0,915.0,365.0
1,1764110360.6487193,905.262806892395,270.0,915.0,365.0
1,1764110360.6779234,910.085919380188,270.0,919.0,349.0
1,1764110360.7082496,914.9057774543762,270.0,930.0,352.0
1,1764110360.7382922,919.6662335395813,270.0,928.0,348.0
1,1764110360.7728274,924.4168906211853,270.0,934.0,350.0
1,1764110360.817864,931.6548495292664,270.0,938.0,349.0
1,1764110360.8478334,936.4179520606995,270.0,953.0,345.0
1,1764110360.8790524,941.3439183235168,270.0,962.0,345.0
1,1764110360.913554,946.0651068687439,270.0,973.0,340.0
1,1764110360.9542239,950.8453040122986,270.0,993.0,332.0
1,1764110360.993852,958.1300048828125,270.0,1006.0,332.0
1,1764110361.0280106,962.9472165107727,270.0,997.0,335.0
1,1764110361.0637882,967.6676898002625,270.0,993.0,340.0
1,1764110361.093095,972.5511341094971,270.0,995.0,349.0
1,1764110361.123911,977.2595195770264,270.0,1050.0,329.0
1,1764110361.1534057,982.1500806808472,270.0,1055.0,322.0
1,1764110361.1886551,986.9462637901306,270.0,1064.0,314.0
1,1764110361.2187848,991.7033939361572,270.0,1062.0,316.0
1,1764110361.245544,996.4894561767578,270.0,1059.0,321.0
1,1764110361.2733662,998.863139629364,270.0,1056.0,323.0
1,1764110361.3097024,1006.0630469322205,270.0,1057.0,318.0
1,1764110361.338204,1008.5214166641235,270.0,1060.0,306.0
1,1764110361.3830624,1015.667715549469,270.0,1055.0,305.0
1,1764110361.4336572,1022.8084712028503,270.0,1045.0,310.0
1,1764110361.4583645,1027.7320413589478,270.0,1040.0,313.0
1,1764110361.4788306,1030.1103024482727,270.0,1044.0,312.0
1,1764110361.523728,1037.3131065368652,270.0,1044.0,315.0
1,1764110361.565372,1044.4432764053345,270.0,1044.0,319.0
1,1764110361.5987048,1049.2658166885376,270.0,1036.0,316.0
1,1764110361.6231534,1051.751437664032,270.0,1035.0,330.0
1,1764110361.653595,1056.502917289734,270.0,1033.0,337.0
1,1764110361.6885102,1061.3426594734192,270.0,1124.0,321.0
1,1764110361.7192023,1066.1398797035217,270.0,1137.0,314.0
1,1764110361.7536194,1070.9993629455566,270.0,1148.0,299.0
1,1764110361.7833982,1075.6976990699768,270.0,1145.0,303.0
1,1764110361.8130894,1080.4979948997498,270.0,1159.0,306.0
1,1764110361.843732,1085.3058009147644,270.0,1160.0,300.0
1,1764110361.8788981,1090.056815624237,270.0,1159.0,284.0
1,1764110361.9078944,1094.8240666389465,270.0,1165.0,280.0
1,1764110361.9433014,1099.6463208198547,270.0,1177.0,272.0
1,1764110361.9737177,1104.539385318756,270.0,1177.0,268.0
1,1764110362.0137858,1111.733355998993,270.0,1178.0,270.0
1,1764110362.0487435,1116.4118795394897,270.0,1182.0,275.0
1,1764110362.0782492,1121.3448553085327,270.0,1174.0,286.0
1,1764110362.125837,1128.4989862442017,270.0,1180.0,290.0
1,1764110362.1628778,1133.2502870559692,270.0,1188.0,297.0
1,1764110362.1896608,1138.0780129432678,270.0,1158.0,312.0
1,1764110362.2228096,1142.823341369629,270.0,1160.0,320.0
1,1764110362.2635932,1147.6226000785828,270.0,1161.0,324.0
1,1764110362.303249,1154.906657218933,270.0,1157.0,324.0
1,1764110362.3278313,1157.270362854004,270.0,1175.0,325.0
1,1764110362.3584878,1162.1348886489868,270.0,1188.0,323.0
1,1764110362.3878968,1166.9457702636719,270.0,1181.0,325.0
1,1764110362.4229512,1171.7780022621155,270.0,1174.0,323.0
1,1764110362.458072,1176.416256904602,270.0,1184.0,325.0
1,1764110362.4882483,1181.3143997192383,270.0,1250.0,301.0
1,1764110362.5312455,1188.5345487594604,270.0,1260.0,295.0
1,1764110362.561867,1193.2880668640137,270.0,1268.0,291.0
1,1764110362.6078243,1200.4116563796997,270.0,1279.0,286.0
1,1764110362.6445227,1205.3125886917114,270.0,1271.0,285.0
1,1764110362.6741278,1210.149612903595,270.0,1272.0,290.0
1,1764110362.713013,1214.9348883628845,270.0,1278.0,290.0
1,1764110362.7500572,1222.1209554672241,270.0,1279.0,287.0
1,1764110362.7885883,1226.8688588142395,270.0,1281.0,287.0
1,1764110362.8181527,1231.6927223205566,270.0,1289.0,295.0
1,1764110362.8579352,1236.8889837265015,270.0,1298.0,304.0
1,1764110362.898251,1243.6300902366638,270.0,1309.0,311.0
1,1764110362.9228811,1248.5517649650574,270.0,1320.0,316.0
1,1764110362.9541235,1250.8395462036133,270.0,1323.0,318.0
1,1764110362.9897826,1258.1382303237915,270.0,1331.0,317.0
1,1764110363.0285592,1262.9831223487854,270.0,1330.0,315.0
1,1764110363.063423,1267.709711074829,270.0,1336.0,316.0
1,1764110363.0938833,1272.4693088531494,270.0,1320.0,315.0
1,1764110363.1188738,1277.260699748993,270.0,1311.0,310.0
1,1764110363.1536925,1282.1972160339355,270.0,1306.0,312.0
1,1764110363.183881,1286.9331030845642,270.0,1307.0,312.0
1,1764110363.2129037,1291.7227416038513,270.0,1307.0,311.0
1,1764110363.2535453,1296.563199043274,270.0,1313.0,305.0
1,1764110363.2830434,1301.2081055641174,270.0,1316.0,302.0
1,1764110363.318722,1306.053855895996,270.0,1348.0,293.0
1,1764110363.3588896,1313.2464318275452,270.0,1375.0,287.0
1,1764110363.3835485,1315.6286268234253,270.0,1378.0,285.0
1,1764110363.4130957,1320.461609840393,270.0,1377.0,291.0
1,1764110363.470247,1330.0579814910889,270.0,1379.0,303.0
1,1764110363.5130818,1334.890070438385,270.0,1388.0,311.0
1,1764110363.5388033,1339.7675065994263,270.0,1383.0,312.0
1,1764110363.5679,1344.5308952331543,270.0,1384.0,326.0
1,1764110363.5983133,1349.2283730506897,270.0,1355.0,335.0
1,1764110363.6291826,1354.0079622268677,270.0,1363.0,333.0
1,1764110363.6677957,1358.996298789978,270.0,1367.0,337.0
1,1764110363.7143946,1366.0074858665466,270.0,1364.0,340.0
1,1764110363.7537582,1370.8656816482544,270.0,1360.0,347.0
1,1764110363.7791371,1375.619879245758,270.0,1376.0,346.0
1,1764110363.8087428,1380.4732112884521,270.0,1389.0,335.0
1,1764110363.843783,1385.3025822639465,270.0,1412.0,323.0
1,1764110363.886579,1392.4600749015808,270.0,1455.0,308.0
1,1764110363.9288075,1397.401240348816,270.0,1471.0,311.0
1,1764110363.9532268,1402.1098046302795,270.0,1477.0,316.0
1,1764110363.9831886,1406.81361246109,270.0,1482.0,318.0
1,1764110364.013852,1411.6781740188599,270.0,1487.0,324.0
1,1764110364.0540516,1416.4835124015808,270.0,1488.0,336.0
1,1764110364.088482,1421.3415293693542,270.0,1483.0,337.0
1,1764110364.1295972,1428.4663705825806,270.0,1485.0,329.0
1,1764110364.1731946,1435.6034426689148,270.0,1489.0,323.0
1,1764110364.219001,1440.431240081787,270.0,1487.0,322.0
1,1764110364.2587705,1447.7511672973633,270.0,1486.0,314.0
1,1764110364.2787268,1450.0758199691772,270.0,1491.0,313.0
1,1764110364.3231544,1457.20423746109,270.0,1495.0,309.0
1,1764110364.3649807,1464.8667006492615,270.0,1502.0,307.0
1,1764110364.4035597,1469.3509964942932,270.0,1618.0,281.0
1,1764110364.4379678,1474.750032901764,270.0,1630.0,285.0
1,1764110364.462897,1478.9415030479431,270.0,1624.0,289.0
1,1764110364.4933622,1483.6098341941833,270.0,1633.0,290.0
1,1764110364.5330565,1488.5846524238586,270.0,1636.0,292.0
1,1764110364.5686212,1493.3675317764282,270.0,1636.0,302.0
1,1764110364.5984168,1498.1446533203125,270.0,1636.0,302.0
1,1764110364.6285555,1502.922525882721,270.0,1628.0,305.0
1,1764110364.658769,1507.754364490509,270.0,1624.0,300.0
1,1764110364.6934485,1512.5345973968506,270.0,1626.0,294.0
1,1764110364.724032,1517.2572164535522,270.0,1625.0,288.0
1,1764110364.7629614,1524.5638041496277,270.0,1623.0,287.0
1,1764110364.8037417,1529.2005925178528,270.0,1625.0,294.0
1,1764110364.8381774,1534.1915755271912,270.0,1630.0,295.0
1,1764110364.872799,1538.9383702278137,270.0,1629.0,289.0
1,1764110364.900576,1543.7049775123596,270.0,1634.0,285.0
1,1764110364.9430382,1550.9440093040466,270.0,1639.0,280.0
1,1764110364.968794,1553.2254247665405,270.0,1640.0,277.0
1,1764110364.998237,1558.093276500702,270.0,1646.0,271.0
1,1764110365.0301995,1562.901762008667,270.0,1649.0,267.0
1,1764110365.0641618,1567.6925806999207,270.0,1647.0,270.0
1,1764110365.0978835,1572.4445610046387,270.0,1646.0,260.0
1,1764110365.1281302,1577.3454217910767,270.0,1653.0,257.0
1,1764110365.1583035,1582.035246372223,270.0,1655.0,252.0
1,1764110365.1929932,1586.8159799575806,270.0,1738.0,248.0
1,1764110365.238172,1594.1545395851135,270.0,1747.0,264.0
1,1764110365.2888339,1601.2381463050842,270.0,1766.0,273.0
1,1764110365.3187635,1606.1120777130127,270.0,1766.0,282.0
1,1764110365.3588483,1613.2923512458801,270.0,1760.0,277.0
1,1764110365.3978982,1618.0217652320862,270.0,1751.0,271.0
1,1764110365.4186451,1620.4291014671326,270.0,1740.0,258.0
1,1764110365.4481542,1625.2945928573608,270.0,1737.0,256.0
1,1764110365.4790044,1630.0803332328796,270.0,1732.0,255.0
1,1764110365.5141532,1634.92218542099,270.0,1729.0,254.0
1,1764110365.5435603,1639.7588877677917,270.0,1724.0,252.0
1,1764110365.5728507,1644.5024995803833,270.0,1720.0,269.0
1,1764110365.6037056,1649.212387084961,270.0,1723.0,283.0
1,1764110365.638027,1654.0906100273132,270.0,1722.0,281.0
1,1764110365.674468,1658.8728456497192,270.0,1706.0,267.0
1,1764110365.703246,1663.6009364128113,270.0,1694.0,259.0
1,1764110365.7431734,1670.8231954574585,270.0,1697.0,254.0
1,1764110365.778775,1675.6872205734253,270.0,1703.0,262.0
1,1764110365.8080866,1680.550208568573,270.0,1778.0,267.0
1,1764110365.8394222,1685.3420643806458,270.0,1786.0,280.0
1,1764110365.8785534,1690.1354222297668,270.0,1773.0,287.0
1,1764110365.9186363,1697.3004965782166,270.0,1770.0,290.0
1,1764110365.9537468,1702.0543007850647,270.0,1771.0,288.0
1,1764110365.9878094,1706.8987636566162,270.0,1781.0,282.0
1,1764110366.0176003,1711.7074995040894,270.0,1790.0,287.0
1,1764110366.0493474,1716.5789632797241,270.0,1797.0,283.0
1,1764110366.0793164,1721.2134628295898,270.0,1793.0,290.0
2,1764110366.1101813,1726.0235934257507,270.0,1799.0,287.0
2,1764110366.153148,1726.0235934257507,270.0,1799.0,287.0
2,1764110366.1931903,1726.0235934257507,270.0,1799.0,278.0
2,1764110366.2233446,1726.0235934257507,270.0,1806.0,283.0
2,1764110366.2629433,1726.0235934257507,270.0,1817.0,284.0
2,1764110366.2833962,1726.0235934257507,270.0,1817.0,288.0
2,1764110366.313223,1726.0235934257507,270.0,1823.0,278.0
2,1764110366.343044,1726.0235934257507,270.0,1818.0,281.0
2,1764110366.3742466,1726.0235934257507,270.0,1807.0,282.0
2,1764110366.39789,1726.0235934257507,270.0,1804.0,284.0
2,1764110366.4431357,1726.0235934257507,270.0,1803.0,276.0
2,1764110366.4884915,1726.0235934257507,270.0,1814.0,278.0
2,1764110366.523728,1726.0235934257507,270.0,1817.0,274.0
2,1764110366.5486848,1726.0235934257507,270.0,1804.0,281.0
2,1764110366.5735762,1726.0235934257507,270.0,1806.0,282.0
2,1764110366.6031435,1726.0235934257507,270.0,1807.0,284.0
2,1764110366.6339998,180.49874591827393,363.0,1808.0,280.0
2,1764110366.678502,187.71603393554688,363.0,1809.0,282.0
2,1764110366.7182221,192.5721197128296,363.0,1803.0,282.0
2,1764110366.7447484,197.32224035263062,363.0,1803.0,286.0
2,1764110366.773558,202.1144895553589,363.0,1807.0,290.0
2,1764110366.8185005,209.32823705673218,363.0,1465.0,348.0
2,1764110366.8509462,214.07081174850464,363.0,728.0,455.0
2,1764110366.8781803,216.53222131729126,363.0,240.0,486.0
2,1764110366.908697,221.32822561264038,363.0,251.0,492.0
2,1764110366.9485,228.42831897735596,363.0,252.0,500.0
2,1764110366.9882092,233.3248167037964,363.0,249.0,511.0
2,1764110367.028543,240.52572536468506,363.0,213.0,503.0
2,1764110367.0691547,245.22878217697144,363.0,201.0,499.0
2,1764110367.1030662,252.54345226287842,363.0,204.0,498.0
2,1764110367.1427946,257.21396493911743,363.0,216.0,503.0
2,1764110367.1704931,262.1469407081604,363.0,294.0,483.0
2,1764110367.1986394,264.53446435928345,363.0,290.0,475.0
2,1764110367.2285004,269.35385751724243,363.0,300.0,472.0
2,1764110367.2581897,274.0499048233032,363.0,305.0,466.0
2,1764110367.288762,278.87451934814453,363.0,293.0,465.0
2,1764110367.3186002,283.7424068450928,363.0,309.0,472.0
2,1764110367.3530464,288.51799058914185,363.0,318.0,466.0
2,1764110367.393981,295.6594614982605,363.0,324.0,459.0
2,1764110367.4382138,300.51325845718384,363.0,330.0,446.0
2,1764110367.4632778,305.20569372177124,363.0,343.0,447.0
2,1764110367.490567,310.02104568481445,363.0,331.0,445.0
2,1764110367.5278401,314.8344306945801,363.0,328.0,443.0
2,1764110367.5688255,322.0247893333435,363.0,343.0,433.0
2,1764110367.6089525,326.9410996437073,363.0,359.0,425.0
2,1764110367.6354482,331.748083114624,363.0,383.0,425.0
2,1764110367.6587682,334.17451667785645,363.0,377.0,421.0
2,1764110367.6882837,338.8429193496704,363.0,374.0,415.0
2,1764110367.7321181,346.00767183303833,363.0,383.0,411.0
2,1764110367.7681124,350.8695869445801,363.0,388.0,414.0
2,1764110367.799062,355.74773836135864,363.0,383.0,404.0
2,1764110367.8387067,360.5338363647461,363.0,399.0,404.0
2,1764110367.8636527,365.28431463241577,363.0,405.0,398.0
2,1764110367.9085076,372.55199241638184,363.0,416.0,389.0
2,1764110367.9487748,377.26542043685913,363.0,421.0,397.0
2,1764110367.9727914,382.07029390335083,363.0,440.0,435.0
2,1764110368.0031362,386.8774561882019,363.0,442.0,435.0
2,1764110368.033891,391.67785930633545,363.0,432.0,426.0
2,1764110368.06809,396.45165491104126,363.0,425.0,420.0
2,1764110368.116286,403.73803663253784,363.0,428.0,412.0
2,1764110368.1537168,408.46040534973145,363.0,440.0,426.0
2,1764110368.1882699,413.3119134902954,363.0,438.0,432.0
2,1764110368.2285395,420.5084948539734,363.0,435.0,433.0
2,1764110368.263107,425.2254276275635,363.0,437.0,431.0
2,1764110368.289395,430.0146369934082,363.0,441.0,436.0
2,1764110368.3238702,434.82694911956787,363.0,422.0,432.0
2,1764110368.358107,439.7072820663452,363.0,409.0,415.0
2,1764110368.388659,444.5300726890564,363.0,420.0,410.0
2,1764110368.4234412,449.48425579071045,363.0,438.0,411.0
2,1764110368.4533198,454.0350704193115,363.0,446.0,405.0
2,1764110368.4843822,458.8789610862732,363.0,460.0,410.0
2,1764110368.5143402,463.7081174850464,363.0,479.0,413.0
2,1764110368.5538301,468.48720598220825,363.0,493.0,413.0
2,1764110368.5985694,475.747802734375,363.0,509.0,411.0
2,1764110368.617971,478.0005006790161,363.0,515.0,415.0
2,1764110368.6497903,482.9334764480591,363.0,520.0,427.0
2,1764110368.6791143,487.7397804260254,363.0,527.0,421.0
2,1764110368.7235312,494.8584704399109,363.0,523.0,426.0
2,1764110368.7578273,499.6291904449463,363.0,513.0,436.0
2,1764110368.8033226,506.9118528366089,363.0,519.0,451.0
2,1764110368.8435044,511.67563486099243,363.0,539.0,441.0
2,1764110368.8685462,516.4984612464905,363.0,555.0,411.0
2,1764110368.9036875,521.3019399642944,363.0,549.0,400.0
2,1764110368.9460988,528.4895806312561,363.0,536.0,392.0
2,1764110368.9784868,533.3273916244507,363.0,536.0,391.0
2,1764110369.0127969,538.0433945655823,363.0,519.0,403.0
2,1764110369.0385194,540.4001622200012,363.0,517.0,410.0
2,1764110369.0686054,545.2081470489502,363.0,522.0,408.0
2,1764110369.0986888,550.1153020858765,363.0,532.0,406.0
2,1764110369.1346965,554.9211411476135,363.0,543.0,407.0
2,1764110369.1724892,562.0050339698792,363.0,544.0,401.0
2,1764110369.2206926,569.3020730018616,363.0,536.0,407.0
2,1764110369.258265,574.1806893348694,363.0,545.0,401.0
2,1764110369.2831962,578.9076714515686,363.0,553.0,379.0
2,1764110369.3138585,583.6812524795532,363.0,558.0,370.0
2,1764110369.353346,588.4288697242737,363.0,573.0,371.0
2,1764110369.3954847,595.7614212036133,363.0,595.0,379.0
2,1764110369.4379895,600.4311828613281,363.0,618.0,378.0
2,1764110369.4592564,605.290415763855,363.0,624.0,359.0
2,1764110369.4929993,610.0832371711731,363.0,618.0,359.0
2,1764110369.5228302,614.950409412384,363.0,607.0,358.0
2,1764110369.553803,619.6899085044861,363.0,677.0,348.0
2,1764110369.588764,624.4531898498535,363.0,665.0,343.0
2,1764110369.6178317,629.7582774162292,363.0,670.0,337.0
2,1764110369.650872,634.1819553375244,363.0,688.0,339.0
2,1764110369.683581,638.8269333839417,363.0,705.0,344.0
2,1764110369.7235374,643.6355977058411,363.0,719.0,352.0
2,1764110369.7535794,648.4293489456177,363.0,730.0,354.0
2,1764110369.7886286,653.3437995910645,363.0,712.0,356.0
2,1764110369.818101,658.0564408302307,363.0,701.0,367.0
2,1764110369.853006,662.8776578903198,363.0,694.0,382.0
2,1764110369.884154,667.695155620575,363.0,667.0,397.0
2,1764110369.9235601,674.8250751495361,363.0,670.0,399.0
2,1764110369.9536583,679.631236076355,363.0,689.0,395.0
2,1764110369.9848366,684.458854675293,363.0,706.0,388.0
2,1764110370.020176,689.296021938324,363.0,711.0,383.0
2,1764110370.0662067,696.4925675392151,363.0,695.0,387.0
2,1764110370.103934,701.2908248901367,363.0,682.0,390.0
2,1764110370.122928,703.6926894187927,363.0,676.0,414.0
2,1764110370.1585114,708.5452346801758,363.0,676.0,433.0
2,1764110370.1977484,715.7385973930359,363.0,676.0,436.0
2,1764110370.2189982,718.0938272476196,363.0,675.0,440.0
2,1764110370.2588449,725.2427368164062,363.0,674.0,438.0
2,1764110370.297893,730.009916305542,363.0,673.0,429.0
2,1764110370.3378415,737.2941164970398,363.0,683.0,403.0
2,1764110370.3713043,742.146876335144,363.0,692.0,391.0
2,1764110370.3978546,744.5799975395203,363.0,716.0,399.0
2,1764110370.4333682,751.6389636993408,363.0,795.0,323.0
2,1764110370.4628112,756.5052061080933,363.0,949.0,462.0
2,1764110370.4929085,758.9194445610046,363.0,903.0,367.0
2,1764110370.537951,766.15096616745,363.0,885.0,398.0
2,1764110370.5693727,770.913818359375,363.0,861.0,216.0
2,1764110370.5940995,775.7418303489685,363.0,707.0,111.0
2,1764110370.6269946,780.492344379425,363.0,665.0,85.0
2,1764110370.6591094,785.3071241378784,363.0,667.0,136.0
2,1764110370.6904147,790.1557354927063,363.0,761.0,323.0
2,1764110370.723403,794.940188407898,363.0,773.0,256.0
2,1764110370.7550712,799.7002511024475,363.0,787.0,261.0
2,1764110370.802924,806.9083123207092,363.0,788.0,307.0
2,1764110370.8384864,811.7102890014648,363.0,785.0,329.0
2,1764110370.8627994,816.5034322738647,363.0,786.0,349.0
2,1764110370.901714,821.3006525039673,363.0,766.0,395.0
2,1764110370.9384198,826.0376124382019,363.0,773.0,393.0
2,1764110370.9679675,830.9332876205444,363.0,780.0,394.0
2,1764110371.010048,838.1212501525879,363.0,782.0,402.0
2,1764110371.0435302,842.8224115371704,363.0,787.0,426.0
2,1764110371.0685153,845.2793507575989,363.0,780.0,435.0
2,1764110371.0986648,850.0348000526428,363.0,778.0,431.0
2,1764110371.1391659,857.3249726295471,363.0,790.0,425.0
2,1764110371.177966,862.1477990150452,363.0,787.0,412.0
2,1764110371.2027967,866.823676109314,363.0,800.0,376.0
2,1764110371.2497435,874.0677862167358,363.0,823.0,364.0
2,1764110371.2838476,878.8088231086731,363.0,833.0,361.0
2,1764110371.3082397,881.2869338989258,363.0,827.0,354.0
2,1764110371.3388095,886.1547498703003,363.0,808.0,356.0
2,1764110371.383029,893.3409957885742,363.0,801.0,353.0
2,1764110371.4192393,898.1494812965393,363.0,873.0,344.0
2,1764110371.4579449,905.2908091545105,363.0,880.0,376.0
2,1764110371.483622,907.7467112541199,363.0,899.0,381.0
2,1764110371.5127966,912.4316720962524,363.0,924.0,379.0
2,1764110371.5436404,917.3245577812195,363.0,950.0,391.0
2,1764110371.578521,922.1834688186646,363.0,949.0,387.0
2,1764110371.6086574,926.972749710083,363.0,939.0,393.0
2,1764110371.6432488,931.6625027656555,363.0,945.0,392.0
2,1764110371.6729982,936.4429144859314,363.0,950.0,395.0
2,1764110371.7142205,943.7472491264343,363.0,956.0,397.0
2,1764110371.7381074,946.0325269699097,363.0,947.0,417.0
2,1764110371.7736974,950.8064656257629,363.0,938.0,415.0
2,1764110371.803713,955.6654481887817,363.0,934.0,416.0
2,1764110371.8335378,960.4499011039734,363.0,935.0,422.0
2,1764110371.866943,965.269401550293,363.0,944.0,429.0
2,1764110371.898568,970.0448780059814,363.0,948.0,425.0
2,1764110371.9281344,974.8477487564087,363.0,945.0,428.0
2,1764110371.963699,979.6011953353882,363.0,944.0,432.0
2,1764110371.9983933,984.5325975418091,363.0,953.0,434.0
2,1764110372.028305,989.2844347953796,363.0,950.0,432.0
2,1764110372.0678074,996.5755372047424,363.0,948.0,432.0
2,1764110372.1010509,1001.2469439506531,363.0,941.0,436.0
2,1764110372.1429448,1008.5252432823181,363.0,949.0,432.0
2,1764110372.1782892,1013.2185010910034,363.0,956.0,426.0
2,1764110372.1989837,1015.7457141876221,363.0,950.0,428.0
2,1764110372.233575,1020.5093531608582,363.0,944.0,422.0
2,1764110372.2679276,1025.2689151763916,363.0,955.0,430.0
2,1764110372.2978685,1030.0092368125916,363.0,1063.0,385.0
2,1764110372.3440156,1037.2411875724792,363.0,1079.0,368.0
2,1764110372.3862574,1044.403043270111,363.0,1081.0,374.0
2,1764110372.4090803,1046.906831741333,363.0,1087.0,384.0
2,1764110372.435024,1051.626446723938,363.0,1096.0,390.0
2,1764110372.4778697,1056.407859802246,363.0,1111.0,392.0
2,1764110372.5181894,1063.6533646583557,363.0,1096.0,390.0
2,1764110372.553001,1068.5491828918457,363.0,1099.0,392.0
2,1764110372.5836852,1073.3744411468506,363.0,1062.0,388.0
2,1764110372.626961,1080.4989247322083,363.0,1042.0,378.0
2,1764110372.6685636,1085.2768688201904,363.0,1043.0,376.0
2,1764110372.6948662,1090.146508693695,363.0,1042.0,371.0
2,1764110372.732817,1094.8023228645325,363.0,1032.0,383.0
2,1764110372.7729251,1102.0668892860413,363.0,1026.0,395.0
2,1764110372.7985923,1104.5421390533447,363.0,1047.0,400.0
2,1764110372.8238707,1109.2578558921814,363.0,1060.0,406.0
2,1764110372.8586588,1114.0157370567322,363.0,1060.0,409.0
2,1764110372.8878014,1118.8237218856812,363.0,1063.0,417.0
2,1764110372.9180095,1123.7629203796387,363.0,1064.0,430.0
2,1764110372.948284,1128.5068898200989,363.0,1070.0,437.0
2,1764110372.9886234,1133.3497076034546,363.0,1116.0,437.0
2,1764110373.0336037,1140.4785542488098,363.0,1118.0,421.0
2,1764110373.060002,1145.341935634613,363.0,1122.0,414.0
2,1764110373.0837827,1147.7086095809937,363.0,1136.0,434.0
2,1764110373.1286948,1154.915454864502,363.0,1148.0,439.0
2,1764110373.1706536,1162.1708660125732,363.0,1152.0,440.0
2,1764110373.1927938,1164.4008903503418,363.0,1165.0,455.0
2,1764110373.2217674,1169.323959827423,363.0,1158.0,461.0
2,1764110373.2528534,1174.020007133484,363.0,1169.0,458.0
2,1764110373.278942,1176.419725894928,363.0,1181.0,467.0
2,1764110373.3144717,1183.7317852973938,363.0,1189.0,471.0
2,1764110373.3457785,1188.4217529296875,363.0,1188.0,468.0
2,1764110373.3791523,1193.3185725212097,363.0,1193.0,462.0
2,1764110373.414024,1198.157277584076,363.0,1185.0,452.0
2,1764110373.4433296,1202.9091863632202,363.0,1192.0,454.0
2,1764110373.4786427,1207.6254396438599,363.0,1207.0,458.0
2,1764110373.5178206,1212.4321727752686,363.0,1251.0,451.0
2,1764110373.5580363,1219.7415857315063,363.0,1265.0,440.0
2,1764110373.5937767,1224.4518308639526,363.0,1260.0,426.0
2,1764110373.6385574,1231.6574602127075,363.0,1255.0,433.0
2,1764110373.688632,1238.9243869781494,363.0,1279.0,449.0
2,1764110373.7230825,1243.6915307044983,363.0,1304.0,454.0
2,1764110373.7586536,1248.424771308899,363.0,1312.0,443.0
2,1764110373.788742,1253.2777814865112,363.0,1318.0,433.0
2,1764110373.818731,1258.0241827964783,363.0,1324.0,437.0
2,1764110373.848741,1262.8172903060913,363.0,1332.0,432.0
2,1764110373.877791,1267.7535920143127,363.0,1332.0,422.0
2,1764110373.9081242,1272.488763809204,363.0,1320.0,425.0
2,1764110373.943871,1277.2428541183472,363.0,1322.0,424.0
2,1764110373.9732213,1282.0396451950073,363.0,1327.0,427.0
2,1764110374.0208244,1289.2233877182007,363.0,1331.0,436.0
2,1764110374.0586758,1294.0597324371338,363.0,1332.0,445.0
2,1764110374.0780213,1296.5550808906555,363.0,1344.0,451.0
2,1764110374.1143432,1303.6680130958557,363.0,1376.0,452.0
2,1764110374.1386602,1306.0606508255005,363.0,1402.0,428.0
2,1764110374.1878424,1313.33194065094,363.0,1406.0,422.0
2,1764110374.2279067,1320.4576044082642,363.0,1405.0,426.0
2,1764110374.252947,1322.90327835083,363.0,1420.0,446.0
2,1764110374.290629,1330.0058393478394,363.0,1427.0,447.0
2,1764110374.313277,1332.4153571128845,363.0,1433.0,444.0
2,1764110374.3432477,1337.316897392273,363.0,1427.0,429.0
2,1764110374.3857,1344.43705368042,363.0,1419.0,424.0
2,1764110374.4229133,1349.3467478752136,363.0,1423.0,422.0
2,1764110374.4505672,1354.198399066925,363.0,1431.0,415.0
2,1764110374.4786043,1356.4572839736938,363.0,1433.0,420.0
2,1764110374.5134175,1363.6276154518127,363.0,1440.0,428.0
2,1764110374.5464,1368.468430519104,363.0,1442.0,452.0
2,1764110374.5735037,1370.8254842758179,363.0,1428.0,458.0
2,1764110374.6268291,1380.4499654769897,363.0,1426.0,462.0
2,1764110374.6684582,1385.2442889213562,363.0,1503.0,450.0
2,1764110374.7028255,1392.5073533058167,363.0,1500.0,433.0
2,1764110374.743202,1397.2178845405579,363.0,1505.0,428.0
2,1764110374.7695105,1402.0063786506653,363.0,1497.0,435.0
2,1764110374.8048623,1406.8388967514038,363.0,1495.0,435.0
2,1764110374.8381975,1411.6395144462585,363.0,1496.0,434.0
2,1764110374.865515,1416.4439587593079,363.0,1494.0,441.0
2,1764110374.8983822,1421.3407068252563,363.0,1488.0,447.0
2,1764110374.9303591,1426.1417894363403,363.0,1463.0,449.0
2,1764110374.9728568,1430.9046058654785,363.0,1477.0,440.0
2,1764110375.0188158,1438.0173592567444,363.0,1483.0,432.0
2,1764110375.060417,1445.358386516571,363.0,1477.0,433.0
2,1764110375.078802,1447.6369409561157,363.0,1473.0,422.0
2,1764110375.1130402,1452.5177388191223,363.0,1474.0,402.0
2,1764110375.1577044,1459.7280173301697,363.0,1543.0,381.0
2,1764110375.183161,1464.557674407959,363.0,1543.0,405.0
2,1764110375.2135913,1466.8723134994507,363.0,1544.0,434.0
2,1764110375.2529094,1474.1469292640686,363.0,1551.0,433.0
2,1764110375.2788107,1476.4029173851013,363.0,1549.0,425.0
2,1764110375.308229,1481.3438324928284,363.0,1537.0,420.0
2,1764110375.3481612,1488.4238986968994,363.0,1531.0,414.0
2,1764110375.3795724,1493.3345227241516,363.0,1522.0,404.0
2,1764110375.4230685,1500.5437998771667,363.0,1513.0,387.0
2,1764110375.4580986,1505.2786140441895,363.0,1524.0,374.0
2,1764110375.4896662,1510.0612788200378,363.0,1542.0,347.0
2,1764110375.528274,1514.8990898132324,363.0,1549.0,341.0
2,1764110375.572624,1522.00315284729,363.0,1546.0,350.0
2,1764110375.593706,1524.5152740478516,363.0,1528.0,368.0
2,1764110375.6236885,1529.335060596466,363.0,1519.0,368.0
2,1764110375.658271,1534.0749173164368,363.0,1590.0,356.0
2,1764110375.6935163,1538.9080791473389,363.0,1642.0,335.0
2,1764110375.7184114,1543.6997561454773,363.0,1652.0,341.0
2,1764110375.7587347,1548.4845309257507,363.0,1659.0,348.0
2,1764110375.8106077,1558.030083656311,363.0,1669.0,347.0
2,1764110375.8441825,1562.9178910255432,363.0,1680.0,356.0
2,1764110375.8684494,1565.2671127319336,363.0,1684.0,366.0
2,1764110375.8988175,1570.0959830284119,363.0,1685.0,366.0
2,1764110375.9433177,1577.2749333381653,363.0,1690.0,358.0
2,1764110375.97825,1582.09414768219,363.0,1685.0,356.0
2,1764110376.0033624,1586.9401483535767,363.0,1695.0,352.0
2,1764110376.0435786,1591.6749267578125,363.0,1693.0,355.0
2,1764110376.0836196,1598.9389209747314,363.0,1696.0,354.0
2,1764110376.1085515,1601.3027696609497,363.0,1694.0,358.0
2,1764110376.1382809,1606.0195236206055,363.0,1697.0,364.0
2,1764110376.1836627,1613.304868221283,363.0,1689.0,371.0
2,1764110376.2179525,1618.017294883728,363.0,1691.0,371.0
2,1764110376.2529938,1622.8493480682373,363.0,1685.0,381.0
2,1764110376.2838187,1627.6241450309753,363.0,1684.0,379.0
2,1764110376.3181973,1632.451870918274,363.0,1689.0,378.0
2,1764110376.358538,1639.723518371582,363.0,1708.0,381.0
2,1764110376.3884456,1644.5666937828064,363.0,1747.0,364.0
2,1764110376.4134898,1646.9883708953857,363.0,1747.0,352.0
2,1764110376.4628556,1656.5118579864502,363.0,1749.0,350.0
2,1764110376.4982464,1661.340084552765,363.0,1743.0,356.0
2,1764110376.523502,1663.8205199241638,363.0,1732.0,351.0
2,1764110376.5583184,1668.4919266700745,363.0,1730.0,347.0
2,1764110376.5885136,1673.2284216880798,363.0,1732.0,345.0
2,1764110376.6183841,1678.1457333564758,363.0,1734.0,353.0
2,1764110376.6680415,1685.3183178901672,363.0,1759.0,361.0
2,1764110376.7087457,1692.5235538482666,363.0,1738.0,362.0
2,1764110376.7337558,1694.9196963310242,363.0,1734.0,356.0
2,1764110376.7738962,1702.0781545639038,363.0,1729.0,356.0
2,1764110376.7985344,1704.5262246131897,363.0,1728.0,353.0
2,1764110376.8396785,1711.7057828903198,363.0,1726.0,360.0
2,1764110376.8748164,1716.4512186050415,363.0,1733.0,367.0
2,1764110376.9153395,1723.771610736847,363.0,1726.0,381.0
3,1764110376.9584928,1726.015832901001,363.0,1730.0,387.0
3,1764110376.9791996,1726.015832901001,363.0,1743.0,395.0
3,1764110377.0083427,1726.015832901001,363.0,1745.0,394.0
3,1764110377.0336518,1726.015832901001,363.0,1742.0,402.0
3,1764110377.063378,1726.015832901001,363.0,1747.0,407.0
3,1764110377.0929306,1726.015832901001,363.0,1751.0,408.0
3,1764110377.123765,1726.015832901001,363.0,1759.0,391.0
3,1764110377.1537113,1726.015832901001,363.0,1622.0,412.0
3,1764110377.1935987,1726.015832901001,363.0,1151.0,492.0
3,1764110377.2235472,1726.015832901001,363.0,503.0,550.0
3,1764110377.2534788,1726.015832901001,363.0,425.0,536.0
3,1764110377.2938201,1726.015832901001,363.0,433.0,525.0
3,1764110377.323575,1726.015832901001,363.0,436.0,533.0
3,1764110377.363001,1726.015832901001,363.0,413.0,554.0
3,1764110377.3937683,1726.015832901001,363.0,397.0,565.0
3,1764110377.423487,1726.015832901001,363.0,285.0,515.0
3,1764110377.458391,180.51190662384033,456.0,261.0,492.0
3,1764110377.4961164,187.70759391784668,456.0,252.0,494.0
3,1764110377.5242465,190.1013045310974,456.0,229.0,534.0
3,1764110377.5633874,197.3827509880066,456.0,216.0,514.0
3,1764110377.5915077,202.0790843963623,456.0,211.0,497.0
3,1764110377.6281593,206.92630100250244,456.0,200.0,505.0
3,1764110377.6635542,211.7707281112671,456.0,190.0,504.0
3,1764110377.6930833,216.44009637832642,456.0,210.0,488.0
3,1764110377.7375774,223.7873821258545,456.0,217.0,477.0
3,1764110377.7580988,226.13742637634277,456.0,214.0,471.0
3,1764110377.7941358,231.0667543411255,456.0,199.0,474.0
3,1764110377.833754,238.13787984848022,456.0,202.0,461.0
3,1764110377.8586316,240.50559091567993,456.0,207.0,461.0
3,1764110377.8942623,247.64008808135986,456.0,211.0,458.0
3,1764110377.9327917,252.40454959869385,456.0,210.0,447.0
3,1764110377.976794,259.6455125808716,456.0,209.0,449.0
3,1764110378.0180788,264.56153678894043,456.0,245.0,460.0
3,1764110378.0487216,269.36258363723755,456.0,231.0,477.0
3,1764110378.0919995,276.4368920326233,456.0,220.0,488.0
3,1764110378.119486,281.35938930511475,456.0,220.0,492.0
3,1764110378.1507347,286.03751945495605,456.0,226.0,497.0
3,1764110378.1938117,290.8535509109497,456.0,250.0,491.0
3,1764110378.2231967,295.6362872123718,456.0,317.0,425.0
3,1764110378.2582426,300.4292516708374,456.0,388.0,271.0
3,1764110378.2885668,305.21002101898193,456.0,180.0,312.0
3,1764110378.3188105,310.0319175720215,456.0,272.0,574.0
3,1764110378.3541183,314.8242383003235,456.0,382.0,315.0
3,1764110378.3937297,322.02185678482056,456.0,359.0,313.0
3,1764110378.425505,326.92826080322266,456.0,295.0,256.0
3,1764110378.4710615,334.09583854675293,456.0,372.0,432.0
3,1764110378.4928005,336.4770679473877,456.0,511.0,96.0
3,1764110378.519003,341.3572220802307,456.0,490.0,308.0
3,1764110378.5502286,346.04364919662476,456.0,338.0,361.0
3,1764110378.5937297,350.81333208084106,456.0,330.0,394.0
3,1764110378.6305509,358.03952503204346,456.0,333.0,423.0
3,1764110378.653427,360.55772590637207,456.0,356.0,443.0
3,1764110378.6834843,365.33659982681274,456.0,361.0,433.0
3,1764110378.7236707,370.10270643234253,456.0,354.0,423.0
3,1764110378.7630563,377.3338704109192,456.0,337.0,409.0
3,1764110378.7880645,382.1735768318176,456.0,335.0,419.0
3,1764110378.8184125,384.54064416885376,456.0,379.0,475.0
3,1764110378.8542671,391.6384129524231,456.0,380.0,475.0
3,1764110378.8937879,396.4098482131958,456.0,398.0,488.0
3,1764110378.9283748,401.21908473968506,456.0,406.0,498.0
3,1764110378.9539402,406.1730890274048,456.0,418.0,505.0
3,1764110378.9842148,410.9347610473633,456.0,418.0,488.0
3,1764110379.018434,415.69636154174805,456.0,416.0,484.0
3,1764110379.0644734,422.81011629104614,456.0,423.0,483.0
3,1764110379.103203,427.7349739074707,456.0,417.0,479.0
3,1764110379.1335213,432.4468641281128,456.0,420.0,482.0
3,1764110379.1767347,439.69594526290894,456.0,422.0,490.0
3,1764110379.2190204,444.5421962738037,456.0,418.0,510.0
3,1764110379.2434695,449.24364376068115,456.0,422.0,487.0
3,1764110379.2704191,454.0090708732605,456.0,446.0,476.0
3,1764110379.3087134,458.8513879776001,456.0,453.0,474.0
3,1764110379.3349226,463.7033967971802,456.0,448.0,483.0
3,1764110379.3683276,468.55848121643066,456.0,443.0,495.0
3,1764110379.4079452,473.3153610229492,456.0,441.0,494.0
3,1764110379.4379823,478.03637075424194,456.0,424.0,474.0
3,1764110379.4796753,485.26667642593384,456.0,408.0,459.0
3,1764110379.5239117,490.04397678375244,456.0,414.0,449.0
3,1764110379.5688663,497.21151876449585,456.0,434.0,434.0
3,1764110379.603067,502.0358829498291,456.0,451.0,432.0
3,1764110379.6385655,509.2714099884033,456.0,456.0,422.0
3,1764110379.6759002,514.0809326171875,456.0,460.0,414.0
3,1764110379.6988761,516.5486721992493,456.0,525.0,395.0
3,1764110379.7344491,523.6494450569153,456.0,520.0,404.0
3,1764110379.768253,528.4763841629028,456.0,520.0,399.0
3,1764110379.793581,530.8898358345032,456.0,531.0,403.0
3,1764110379.8256397,535.6849102973938,456.0,531.0,402.0
3,1764110379.8580155,540.4126434326172,456.0,537.0,410.0
3,1764110379.887826,545.3049211502075,456.0,550.0,411.0
3,1764110379.918486,550.1875429153442,456.0,558.0,410.0
3,1764110379.9605582,557.3755769729614,456.0,555.0,393.0
3,1764110379.9978516,562.1931104660034,456.0,540.0,397.0
3,1764110380.023868,566.8630509376526,456.0,520.0,405.0
3,1764110380.0642304,571.6390280723572,456.0,516.0,405.0
3,1764110380.1043274,578.8791327476501,456.0,519.0,400.0
3,1764110380.137364,583.7553172111511,456.0,519.0,405.0
3,1764110380.1690664,588.5349779129028,456.0,582.0,410.0
3,1764110380.2081244,593.28559923172,456.0,566.0,418.0
3,1764110380.2449007,598.1649308204651,456.0,567.0,409.0
3,1764110380.273115,602.8995304107666,456.0,578.0,404.0
3,1764110380.3182611,610.0274829864502,456.0,590.0,403.0
3,1764110380.3625371,617.3617153167725,456.0,596.0,407.0
3,1764110380.383676,619.632080078125,456.0,597.0,412.0
3,1764110380.4185355,624.526575088501,456.0,562.0,421.0
3,1764110380.4592927,631.6878943443298,456.0,552.0,433.0
3,1764110380.4887767,636.4593296051025,456.0,527.0,443.0
3,1764110380.5190692,641.3614778518677,456.0,537.0,459.0
3,1764110380.5430737,643.7670974731445,456.0,549.0,453.0
3,1764110380.5784047,648.4850673675537,456.0,562.0,451.0
3,1764110380.608379,653.382924079895,456.0,555.0,448.0
3,1764110380.6537569,660.4373841285706,456.0,615.0,428.0
3,1764110380.6986854,667.7810220718384,456.0,608.0,427.0
3,1764110380.7234218,670.0545697212219,456.0,611.0,431.0
3,1764110380.7528014,674.9062924385071,456.0,621.0,422.0
3,1764110380.7906194,682.0942549705505,456.0,618.0,430.0
3,1764110380.832976,686.8993787765503,456.0,588.0,438.0
3,1764110380.8723931,694.0451769828796,456.0,601.0,443.0
3,1764110380.903629,698.8199381828308,456.0,614.0,441.0
3,1764110380.94285,703.7828831672668,456.0,619.0,441.0
3,1764110380.9683528,708.432939529419,456.0,630.0,437.0
3,1764110381.0147161,715.6276612281799,456.0,629.0,430.0
3,1764110381.0581508,720.4578189849854,456.0,628.0,424.0
3,1764110381.0829628,725.4422574043274,456.0,630.0,436.0
3,1764110381.1116755,730.1033644676208,456.0,629.0,435.0
3,1764110381.14508,734.8720817565918,456.0,630.0,419.0
3,1764110381.1828442,739.6857886314392,456.0,634.0,395.0
3,1764110381.22923,746.9008235931396,456.0,636.0,383.0
3,1764110381.2788267,754.0333180427551,456.0,653.0,383.0
3,1764110381.3136413,759.0108542442322,456.0,674.0,411.0
3,1764110381.3385985,763.6144905090332,456.0,678.0,429.0
3,1764110381.3679156,768.4569506645203,456.0,674.0,434.0
3,1764110381.4028547,773.2407956123352,456.0,674.0,432.0
3,1764110381.4336975,778.1551747322083,456.0,694.0,449.0
3,1764110381.4635205,782.835057258606,456.0,703.0,443.0
3,1764110381.4983375,787.7448587417603,456.0,695.0,424.0
3,1764110381.528653,792.5131468772888,456.0,751.0,400.0
3,1764110381.5627456,797.3832874298096,456.0,749.0,395.0
3,1764110381.593406,802.1827249526978,456.0,748.0,398.0
3,1764110381.623294,806.8879990577698,456.0,744.0,399.0
3,1764110381.6541433,811.6209535598755,456.0,750.0,426.0
3,1764110381.68322,814.1679077148438,456.0,768.0,448.0
3,1764110381.7196243,821.2865262031555,456.0,777.0,459.0
3,1764110381.7500298,826.0050683021545,456.0,786.0,444.0
3,1764110381.7783809,828.4849672317505,456.0,776.0,431.0
3,1764110381.8315117,838.0387454032898,456.0,779.0,416.0
3,1764110381.8580904,840.5198245048523,456.0,785.0,415.0
3,1764110381.8880613,845.3269510269165,456.0,783.0,425.0
3,1764110381.9187624,850.159218788147,456.0,776.0,429.0
3,1764110381.9483893,854.85866355896,456.0,769.0,435.0
3,1764110381.9928765,862.0690851211548,456.0,770.0,450.0
3,1764110382.0181298,864.4542484283447,456.0,784.0,460.0
3,1764110382.0483534,869.2785053253174,456.0,790.0,469.0
3,1764110382.083112,874.0311651229858,456.0,794.0,467.0
3,1764110382.1137385,878.8276700973511,456.0,797.0,464.0
3,1764110382.1578512,886.1562876701355,456.0,801.0,442.0
3,1764110382.200353,893.2360677719116,456.0,807.0,429.0
3,1764110382.218392,895.7313446998596,456.0,826.0,419.0
3,1764110382.253698,900.6479768753052,456.0,825.0,415.0
3,1764110382.288205,905.2547960281372,456.0,823.0,404.0
3,1764110382.3297784,912.5689296722412,456.0,815.0,406.0
3,1764110382.378457,919.7326092720032,456.0,876.0,412.0
3,1764110382.4084225,924.5464234352112,456.0,895.0,424.0
3,1764110382.43889,929.3221144676208,456.0,876.0,417.0
3,1764110382.4709632,934.114399433136,456.0,871.0,410.0
3,1764110382.4990907,936.4810018539429,456.0,886.0,397.0
3,1764110382.5286186,941.3281469345093,456.0,897.0,387.0
3,1764110382.558469,946.0081009864807,456.0,903.0,390.0
3,1764110382.5934613,950.9331016540527,456.0,903.0,379.0
3,1764110382.6232028,955.6939153671265,456.0,904.0,372.0
3,1764110382.653997,960.5396299362183,456.0,907.0,376.0
3,1764110382.6880622,965.2929334640503,456.0,901.0,396.0
3,1764110382.72328,970.0472741127014,456.0,885.0,423.0
3,1764110382.7534869,974.942949295044,456.0,866.0,425.0
3,1764110382.79839,982.0961146354675,456.0,857.0,441.0
3,1764110382.8401327,989.3447666168213,456.0,875.0,437.0
3,1764110382.8838272,994.1051869392395,456.0,884.0,430.0
3,1764110382.9079242,998.9772944450378,456.0,890.0,424.0
3,1764110382.9358737,1003.7096409797668,456.0,888.0,428.0
3,1764110382.9637132,1006.0241370201111,456.0,883.0,415.0
3,1764110383.0084999,1013.2301955223083,456.0,880.0,394.0
3,1764110383.048718,1020.5970435142517,456.0,881.0,379.0
3,1764110383.0736103,1022.9284195899963,456.0,891.0,377.0
3,1764110383.1118188,1030.0692825317383,456.0,893.0,388.0
3,1764110383.1331425,1032.5390248298645,456.0,896.0,387.0
3,1764110383.1809409,1039.6724491119385,456.0,891.0,385.0
3,1764110383.208653,1044.4226055145264,456.0,902.0,384.0
3,1764110383.2393308,1049.3246822357178,456.0,940.0,395.0
3,1764110383.2703273,1054.0136127471924,456.0,949.0,399.0
3,1764110383.3030956,1058.8969855308533,456.0,935.0,397.0
3,1764110383.3384447,1063.6118440628052,456.0,960.0,400.0
3,1764110383.3685951,1068.5436038970947,456.0,972.0,413.0
3,1764110383.4087121,1073.2748775482178,456.0,976.0,416.0
3,1764110383.4495554,1080.423644065857,456.0,975.0,411.0
3,1764110383.4993258,1087.72558259964,456.0,996.0,405.0
3,1764110383.5234761,1090.106454372406,456.0,996.0,397.0
3,1764110383.5541565,1094.8622970581055,456.0,989.0,400.0
3,1764110383.5927963,1102.0453600883484,456.0,1005.0,392.0
3,1764110383.618683,1104.5003681182861,456.0,1031.0,384.0
3,1764110383.6631596,1111.7716579437256,456.0,1039.0,392.0
3,1764110383.6840239,1114.2544536590576,456.0,1045.0,415.0
3,1764110383.720437,1121.3875918388367,456.0,1055.0,425.0
3,1764110383.7587705,1126.0151176452637,456.0,1065.0,427.0
3,1764110383.798598,1133.2510738372803,456.0,1071.0,418.0
3,1764110383.8240106,1135.6744675636292,456.0,1075.0,417.0
3,1764110383.8651237,1142.9077415466309,456.0,1092.0,432.0
3,1764110383.9032617,1147.724202156067,456.0,1102.0,435.0
3,1764110383.9301882,1152.5375514030457,456.0,1108.0,438.0
3,1764110383.9761746,1159.737995147705,456.0,1123.0,422.0
3,1764110384.0081282,1164.4431619644165,456.0,1124.0,422.0
3,1764110384.0337086,1166.8575434684753,456.0,1119.0,408.0
3,1764110384.0630903,1171.7804341316223,456.0,1118.0,401.0
3,1764110384.0958679,1176.534595966339,456.0,1120.0,397.0
3,1764110384.127794,1181.2962679862976,456.0,1116.0,420.0
3,1764110384.15889,1186.161473274231,456.0,1129.0,427.0
3,1764110384.1987014,1193.286672115326,456.0,1124.0,433.0
3,1764110384.2318132,1198.0769543647766,456.0,1113.0,451.0
3,1764110384.2578578,1200.4790692329407,456.0,1118.0,465.0
3,1764110384.2988296,1207.7078371047974,456.0,1122.0,467.0
3,1764110384.3379717,1212.407889842987,456.0,1120.0,467.0
3,1764110384.383,1219.6656613349915,456.0,1134.0,465.0
3,1764110384.4090447,1224.5041518211365,456.0,1136.0,459.0
3,1764110384.438434,1229.2083172798157,456.0,1132.0,463.0
3,1764110384.470218,1234.0161590576172,456.0,1131.0,483.0
3,1764110384.504264,1238.992980003357,456.0,1130.0,492.0
3,1764110384.5433328,1243.7370924949646,456.0,1141.0,489.0
3,1764110384.5804715,1248.4618215560913,456.0,1137.0,486.0
3,1764110384.6228497,1255.6028275489807,456.0,1147.0,481.0
3,1764110384.6530404,1260.5654864311218,456.0,1161.0,482.0
3,1764110384.6800876,1265.3210430145264,456.0,1168.0,485.0
3,1764110384.710795,1270.0575737953186,456.0,1196.0,480.0
3,1764110384.7390518,1272.5293188095093,456.0,1193.0,477.0
3,1764110384.7781303,1279.618468761444,456.0,1197.0,484.0
3,1764110384.80821,1284.5055966377258,456.0,1210.0,489.0
3,1764110384.8395002,1289.2450957298279,456.0,1213.0,475.0
3,1764110384.872797,1294.0865187644958,456.0,1211.0,457.0
3,1764110384.9048061,1298.8221197128296,456.0,1239.0,436.0
3,1764110384.9383428,1303.7828116416931,456.0,1264.0,434.0
3,1764110384.9688284,1308.444061756134,456.0,1284.0,434.0
3,1764110385.0086577,1313.3437423706055,456.0,1285.0,444.0
3,1764110385.0529547,1320.5437211990356,456.0,1294.0,450.0
3,1764110385.0795162,1325.2312569618225,456.0,1308.0,464.0
3,1764110385.1037505,1327.6226072311401,456.0,1316.0,459.0
3,1764110385.1434252,1334.8286657333374,456.0,1316.0,482.0
3,1764110385.1783729,1339.7584943771362,456.0,1326.0,482.0
3,1764110385.2234535,1346.8326239585876,456.0,1324.0,475.0
3,1764110385.2638936,1351.62562417984,456.0,1321.0,471.0
3,1764110385.2878988,1356.5005927085876,456.0,1340.0,477.0
3,1764110385.3191097,1361.2202076911926,456.0,1354.0,488.0
3,1764110385.364571,1366.1460666656494,456.0,1361.0,498.0
3,1764110385.408332,1373.2401518821716,456.0,1358.0,496.0
3,1764110385.4339519,1378.0234246253967,456.0,1364.0,480.0
3,1764110385.4578972,1380.5612235069275,456.0,1372.0,479.0
3,1764110385.4883158,1385.3830127716064,456.0,1381.0,491.0
3,1764110385.533171,1392.4015669822693,456.0,1389.0,496.0
3,1764110385.5755985,1399.6371297836304,456.0,1406.0,498.0
3,1764110385.5986698,1402.1225361824036,456.0,1408.0,510.0
3,1764110385.64114,1409.263792514801,456.0,1406.0,514.0
3,1764110385.6832552,1414.0567569732666,456.0,1394.0,516.0
3,1764110385.7193234,1421.3496475219727,456.0,1398.0,495.0
3,1764110385.7500741,1426.0069994926453,456.0,1432.0,492.0
3,1764110385.7833815,1430.9274225234985,456.0,1450.0,514.0
3,1764110385.81849,1435.7051877975464,456.0,1474.0,524.0
3,1764110385.8432276,1438.000228881836,456.0,1484.0,521.0
3,1764110385.8734086,1442.800238609314,456.0,1482.0,514.0
3,1764110385.9142537,1450.118628025055,456.0,1473.0,505.0
3,1764110385.9382057,1452.4629859924316,456.0,1480.0,509.0
3,1764110385.9769318,1459.6388607025146,456.0,1499.0,515.0
3,1764110386.0030422,1462.0192675590515,456.0,1515.0,520.0
3,1764110386.0338278,1466.8659834861755,456.0,1510.0,520.0
3,1764110386.0808697,1474.0752248764038,456.0,1511.0,517.0
3,1764110386.1188824,1481.3092856407166,456.0,1528.0,504.0
3,1764110386.1503725,1486.0442786216736,456.0,1526.0,512.0
3,1764110386.178629,1488.528540611267,456.0,1531.0,508.0
3,1764110386.208505,1493.2649641036987,456.0,1545.0,510.0
3,1764110386.243383,1498.0777411460876,456.0,1596.0,504.0
3,1764110386.2730505,1502.8329401016235,456.0,1601.0,518.0
3,1764110386.3079758,1510.1602702140808,456.0,1614.0,534.0
3,1764110386.3382099,1512.53928232193,456.0,1614.0,540.0
3,1764110386.3784275,1519.6924834251404,456.0,1619.0,543.0
3,1764110386.404214,1522.0361261367798,456.0,1619.0,536.0
3,1764110386.4433427,1529.3647437095642,456.0,1618.0,534.0
3,1764110386.4735606,1534.1147570610046,456.0,1626.0,524.0
3,1764110386.508317,1538.8412027359009,456.0,1625.0,508.0
3,1764110386.537967,1543.664279460907,456.0,1622.0,499.0
3,1764110386.5739262,1548.434856414795,456.0,1609.0,508.0
3,1764110386.6169631,1555.6959896087646,456.0,1611.0,504.0
3,1764110386.6381743,1558.1835775375366,456.0,1604.0,497.0
3,1764110386.6837873,1565.286925315857,456.0,1612.0,496.0
3,1764110386.7322907,1572.498884677887,456.0,1610.0,486.0
3,1764110386.7632277,1577.2472171783447,456.0,1630.0,491.0
3,1764110386.7979867,1582.021406173706,456.0,1682.0,486.0
3,1764110386.8329759,1586.9112162590027,456.0,1689.0,496.0
3,1764110386.863872,1591.7025713920593,456.0,1684.0,508.0
3,1764110386.9078035,1598.9168195724487,456.0,1697.0,524.0
3,1764110386.9501317,1606.4836530685425,456.0,1704.0,534.0
3,1764110386.983179,1610.8359127044678,456.0,1713.0,539.0
3,1764110387.0230293,1615.6971125602722,456.0,1718.0,543.0
3,1764110387.048167,1620.5439715385437,456.0,1741.0,543.0
3,1764110387.08273,1625.3828196525574,456.0,1747.0,551.0
3,1764110387.1133423,1630.0018339157104,456.0,1746.0,556.0
3,1764110387.1428962,1634.914210319519,456.0,1752.0,560.0
3,1764110387.1745334,1639.6265654563904,456.0,1741.0,569.0
3,1764110387.212826,1644.507613658905,456.0,1748.0,551.0
3,1764110387.2440612,1649.371567249298,456.0,1746.0,532.0
3,1764110387.2882712,1656.4318566322327,456.0,1738.0,534.0
3,1764110387.32839,1661.3072900772095,456.0,1732.0,533.0
3,1764110387.3530114,1666.081407546997,456.0,1732.0,535.0
3,1764110387.3784757,1668.4281258583069,456.0,1740.0,525.0
3,1764110387.423215,1675.6891875267029,456.0,1729.0,526.0
3,1764110387.4685903,1682.947853088379,456.0,1726.0,516.0
3,1764110387.4883177,1685.246971130371,456.0,1713.0,510.0
3,1764110387.5186102,1690.104094028473,456.0,1731.0,511.0
3,1764110387.553495,1694.8805003166199,456.0,1736.0,498.0
3,1764110387.5828393,1699.629512310028,456.0,1736.0,501.0
3,1764110387.6286094,1706.800344467163,456.0,1742.0,523.0
3,1764110387.6636796,1711.617663383484,456.0,1727.0,532.0
3,1764110387.703804,1718.892779827118,456.0,1738.0,519.0
3,1764110387.7429688,1723.8010792732239,456.0,1735.0,519.0
4,1764110387.768491,1726.0191230773926,456.0,1750.0,505.0
4,1764110387.7986648,1726.0191230773926,456.0,1749.0,501.0
4,1764110387.8382158,1726.0191230773926,456.0,1745.0,501.0
4,1764110387.868695,1726.0191230773926,456.0,1760.0,490.0
4,1764110387.8985343,1726.0191230773926,456.0,1774.0,476.0
4,1764110387.9327972,1726.0191230773926,456.0,1777.0,462.0
4,1764110387.9582498,1726.0191230773926,456.0,1629.0,490.0
4,1764110387.9883687,1726.0191230773926,456.0,1315.0,504.0
4,1764110388.0139217,1726.0191230773926,456.0,1252.0,446.0
4,1764110388.04862,1726.0191230773926,456.0,1238.0,449.0
4,1764110388.0835385,1726.0191230773926,456.0,1237.0,496.0
4,1764110388.1183455,1726.0191230773926,456.0,1240.0,528.0
4,1764110388.1479504,1726.0191230773926,456.0,1229.0,548.0
4,1764110388.1783786,1726.0191230773926,456.0,719.0,605.0
4,1764110388.2136066,1726.0191230773926,456.0,387.0,598.0
4,1764110388.2484975,178.0,549.0,369.0,600.0
4,1764110388.2881722,182.83909845352173,549.0,377.0,587.0
4,1764110388.316813,187.74299907684326,549.0,355.0,602.0
4,1764110388.351008,192.52001333236694,549.0,346.0,599.0
4,1764110388.3888946,197.2693829536438,549.0,342.0,606.0
4,1764110388.4150631,202.09957647323608,549.0,342.0,603.0
4,1764110388.4537206,206.80338430404663,549.0,341.0,606.0
4,1764110388.4831042,211.666729927063,549.0,352.0,595.0
4,1764110388.5179892,216.55074644088745,549.0,327.0,602.0
4,1764110388.555002,223.63699960708618,549.0,286.0,604.0
4,1764110388.5829637,226.08428287506104,549.0,299.0,609.0
4,1764110388.6210496,233.3106188774109,549.0,301.0,622.0
4,1764110388.6535504,238.09103059768677,549.0,295.0,626.0
4,1764110388.6848786,242.93971347808838,549.0,292.0,602.0
4,1764110388.7282546,250.1144437789917,549.0,275.0,585.0
4,1764110388.7533576,252.46720600128174,549.0,278.0,586.0
4,1764110388.78883,257.2160391807556,549.0,302.0,583.0
4,1764110388.8185256,262.12108421325684,549.0,321.0,578.0
4,1764110388.8535755,266.9939069747925,549.0,331.0,576.0
4,1764110388.8929763,274.0236191749573,549.0,333.0,575.0
4,1764110388.9337459,278.89712142944336,549.0,342.0,585.0
4,1764110388.9778244,286.0022931098938,549.0,381.0,601.0
4,1764110389.00894,290.87758350372314,549.0,381.0,603.0
4,1764110389.043327,295.7298426628113,549.0,378.0,602.0
4,1764110389.0880861,302.9052166938782,549.0,380.0,610.0
4,1764110389.1179578,307.74774837493896,549.0,381.0,635.0
4,1764110389.1510737,312.42462682724,549.0,380.0,640.0
4,1764110389.1801336,317.2748475074768,549.0,386.0,627.0
4,1764110389.2086577,322.17492151260376,549.0,387.0,620.0
4,1764110389.2497256,326.9005446434021,549.0,381.0,606.0
4,1764110389.2757282,331.62638235092163,549.0,373.0,597.0
4,1764110389.310324,336.79807472229004,549.0,373.0,589.0
4,1764110389.3337226,338.9751343727112,549.0,379.0,600.0
4,1764110389.3730495,346.0432200431824,549.0,379.0,600.0
4,1764110389.3987415,348.45692205429077,549.0,385.0,606.0
4,1764110389.4285448,353.2372980117798,549.0,390.0,612.0
4,1764110389.458752,358.1742434501648,549.0,396.0,617.0
4,1764110389.4886794,362.9918484687805,549.0,387.0,612.0
4,1764110389.5233078,367.70381021499634,549.0,366.0,613.0
4,1764110389.5585759,372.42964792251587,549.0,363.0,609.0
4,1764110389.5877938,377.28276538848877,549.0,373.0,611.0
4,1764110389.6285212,384.4937949180603,549.0,402.0,608.0
4,1764110389.6535373,386.89830589294434,549.0,455.0,579.0
4,1764110389.6885266,394.15525484085083,549.0,462.0,572.0
4,1764110389.7240763,398.82977294921875,549.0,463.0,576.0
4,1764110389.7720182,406.04116010665894,549.0,466.0,579.0
4,1764110389.8055332,411.02438259124756,549.0,466.0,573.0
4,1764110389.8278432,413.3137016296387,549.0,471.0,575.0
4,1764110389.8694034,420.4930453300476,549.0,468.0,582.0
4,1764110389.9167998,427.7694134712219,549.0,464.0,591.0
4,1764110389.938125,430.03866958618164,549.0,453.0,606.0
4,1764110389.9651926,434.87819719314575,549.0,448.0,609.0
4,1764110390.0035229,439.6181969642639,549.0,453.0,594.0
4,1764110390.0444458,446.81667375564575,549.0,451.0,572.0
4,1764110390.0840533,451.62834215164185,549.0,440.0,577.0
4,1764110390.1089792,456.5195469856262,549.0,456.0,578.0
4,1764110390.1390438,461.2580804824829,549.0,464.0,575.0
4,1764110390.1680405,466.08233737945557,549.0,461.0,586.0
4,1764110390.1986835,468.4555559158325,549.0,456.0,591.0
4,1764110390.228041,473.20782232284546,549.0,440.0,598.0
4,1764110390.2583058,478.1269221305847,549.0,442.0,592.0
4,1764110390.2936213,482.95636463165283,549.0,447.0,600.0
4,1764110390.33824,490.0017409324646,549.0,461.0,588.0
4,1764110390.3582528,492.40364122390747,549.0,475.0,562.0
4,1764110390.40225,499.71294689178467,549.0,479.0,552.0
4,1764110390.4278638,504.4197587966919,549.0,481.0,544.0
4,1764110390.4596434,509.36972188949585,549.0,486.0,540.0
4,1764110390.4983327,514.0656976699829,549.0,494.0,557.0
4,1764110390.5280628,518.8263683319092,549.0,496.0,580.0
4,1764110390.5686533,526.174262046814,549.0,494.0,590.0
4,1764110390.6079133,530.8910875320435,549.0,492.0,588.0
4,1764110390.6366546,535.7375531196594,549.0,487.0,575.0
4,1764110390.6630356,538.0896000862122,549.0,486.0,570.0
4,1764110390.693168,542.8894309997559,549.0,481.0,564.0
4,1764110390.7338498,550.0693469047546,549.0,476.0,560.0
4,1764110390.7683623,554.9696354866028,549.0,497.0,555.0
4,1764110390.7959123,559.6142916679382,549.0,555.0,540.0
4,1764110390.828106,564.4685893058777,549.0,556.0,529.0
4,1764110390.863661,569.2658452987671,549.0,554.0,523.0
4,1764110390.8981981,574.1209297180176,549.0,560.0,519.0
4,1764110390.9282534,578.9409308433533,549.0,569.0,520.0
4,1764110390.9683332,586.1262469291687,549.0,579.0,516.0
4,1764110390.9940424,588.5084776878357,549.0,593.0,524.0
4,1764110391.044075,595.6497340202332,549.0,602.0,533.0
4,1764110391.08803,602.8212814331055,549.0,599.0,541.0
4,1764110391.128351,610.12890625,549.0,597.0,535.0
4,1764110391.1672406,614.9099974632263,549.0,596.0,538.0
4,1764110391.2080965,622.090735912323,549.0,610.0,530.0
4,1764110391.2487583,626.8170027732849,549.0,616.0,533.0
4,1764110391.2750955,631.6809206008911,549.0,616.0,547.0
4,1764110391.298146,634.0053944587708,549.0,617.0,543.0
4,1764110391.3341663,638.8194947242737,549.0,687.0,542.0
4,1764110391.362855,643.6475782394409,549.0,691.0,531.0
4,1764110391.4036477,650.9063868522644,549.0,697.0,522.0
4,1764110391.432972,655.8220534324646,549.0,697.0,516.0
4,1764110391.464145,658.109441280365,549.0,700.0,516.0
4,1764110391.5023878,665.3000860214233,549.0,710.0,531.0
4,1764110391.537875,670.0565009117126,549.0,717.0,548.0
4,1764110391.5735915,674.8432784080505,549.0,721.0,542.0
4,1764110391.6029332,679.760733127594,549.0,698.0,533.0
4,1764110391.6481116,686.8014602661133,549.0,711.0,530.0
4,1764110391.6919181,694.0010099411011,549.0,725.0,540.0
4,1764110391.7147274,696.5344815254211,549.0,730.0,527.0
4,1764110391.756127,703.6427645683289,549.0,718.0,498.0
4,1764110391.7893212,708.4236054420471,549.0,710.0,484.0
4,1764110391.813836,710.861053943634,549.0,713.0,500.0
4,1764110391.843466,715.6771211624146,549.0,724.0,517.0
4,1764110391.8878274,722.8753118515015,549.0,736.0,522.0
4,1764110391.9236248,727.6761083602905,549.0,728.0,506.0
4,1764110391.9482806,732.5189261436462,549.0,716.0,490.0
4,1764110391.983553,737.2953681945801,549.0,710.0,492.0
4,1764110392.0140812,742.1755938529968,549.0,709.0,495.0
4,1764110392.0443068,746.9828634262085,549.0,712.0,495.0
4,1764110392.0834937,751.6629605293274,549.0,715.0,487.0
4,1764110392.1189425,756.4084320068359,549.0,722.0,488.0
4,1764110392.1489444,761.3142280578613,549.0,730.0,490.0
4,1764110392.1894052,768.534520149231,549.0,749.0,475.0
4,1764110392.228088,773.2665448188782,549.0,761.0,447.0
4,1764110392.2784362,780.4430990219116,549.0,762.0,440.0
4,1764110392.30861,785.2078824043274,549.0,754.0,448.0
4,1764110392.3384264,790.1649622917175,549.0,764.0,448.0
4,1764110392.3731108,794.933536529541,549.0,770.0,454.0
4,1764110392.409823,802.0404963493347,549.0,768.0,465.0
4,1764110392.4377923,804.5451788902283,549.0,771.0,467.0
4,1764110392.475184,811.6601495742798,549.0,780.0,467.0
4,1764110392.5086246,816.4471774101257,549.0,798.0,464.0
4,1764110392.5401359,821.2260870933533,549.0,805.0,471.0
4,1764110392.5742643,826.3093738555908,549.0,806.0,486.0
4,1764110392.6035423,830.8892636299133,549.0,794.0,501.0
4,1764110392.6431038,835.6674580574036,549.0,797.0,488.0
4,1764110392.6850908,842.9392485618591,549.0,796.0,478.0
4,1764110392.7286224,850.1696257591248,549.0,791.0,480.0
4,1764110392.7731931,854.862382888794,549.0,809.0,483.0
4,1764110392.8036957,859.7659974098206,549.0,813.0,501.0
4,1764110392.8487267,866.8214230537415,549.0,814.0,511.0
4,1764110392.876883,871.7322974205017,549.0,846.0,521.0
4,1764110392.8979876,874.0010170936584,549.0,848.0,515.0
4,1764110392.94085,881.3524513244629,549.0,837.0,521.0
4,1764110392.9781415,886.0996751785278,549.0,853.0,511.0
4,1764110393.0048416,890.9694938659668,549.0,861.0,534.0
4,1764110393.0360267,895.774510383606,549.0,885.0,525.0
4,1764110393.06333,898.1744079589844,549.0,907.0,512.0
4,1764110393.092854,902.8329758644104,549.0,898.0,500.0
4,1764110393.1384878,910.0408582687378,549.0,883.0,499.0
4,1764110393.182795,917.2945528030396,549.0,880.0,494.0
4,1764110393.2086546,922.1744565963745,549.0,900.0,495.0
4,1764110393.2381163,924.4856266975403,549.0,892.0,506.0
4,1764110393.277419,931.7822008132935,549.0,894.0,509.0
4,1764110393.313423,936.5387229919434,549.0,922.0,511.0
4,1764110393.3555067,943.729546546936,549.0,953.0,499.0
4,1764110393.3882105,948.4504489898682,549.0,960.0,491.0
4,1764110393.4199588,953.2391219139099,549.0,959.0,489.0
4,1764110393.4487383,958.1870107650757,549.0,965.0,485.0
4,1764110393.478126,960.5121998786926,549.0,959.0,484.0
4,1764110393.515559,967.6757006645203,549.0,949.0,505.0
4,1764110393.5481567,972.4772839546204,549.0,933.0,511.0
4,1764110393.5828536,977.2915987968445,549.0,936.0,503.0
4,1764110393.6286566,984.4754128456116,549.0,944.0,492.0
4,1764110393.6763897,991.6574029922485,549.0,954.0,489.0
4,1764110393.712796,996.463134765625,549.0,951.0,478.0
4,1764110393.739428,1001.2456564903259,549.0,945.0,491.0
4,1764110393.7687185,1006.1840324401855,549.0,936.0,508.0
4,1764110393.7980762,1008.4251790046692,549.0,970.0,514.0
4,1764110393.8365061,1015.6726865768433,549.0,974.0,518.0
4,1764110393.8683293,1020.4548864364624,549.0,980.0,515.0
4,1764110393.8996184,1025.2831845283508,549.0,983.0,506.0
4,1764110393.9379077,1030.0590901374817,549.0,993.0,501.0
4,1764110393.9678943,1034.8952202796936,549.0,981.0,495.0
4,1764110394.0138123,1042.0994906425476,549.0,985.0,504.0
4,1764110394.0598602,1049.2196826934814,549.0,994.0,513.0
4,1764110394.092907,1054.151442527771,549.0,1026.0,495.0
4,1764110394.1186852,1056.5389304161072,549.0,1029.0,488.0
4,1764110394.1479456,1061.2165956497192,549.0,1031.0,495.0
4,1764110394.1786716,1066.1473898887634,549.0,1026.0,506.0
4,1764110394.2287805,1073.2332139015198,549.0,1017.0,514.0
4,1764110394.2641268,1078.0186324119568,549.0,1016.0,507.0
4,1764110394.293811,1082.8601269721985,549.0,1035.0,489.0
4,1764110394.323746,1087.6951127052307,549.0,1034.0,482.0
4,1764110394.3532467,1092.5126461982727,549.0,1036.0,489.0
4,1764110394.398182,1099.7066884040833,549.0,1045.0,494.0
4,1764110394.4385533,1104.5084505081177,549.0,1063.0,496.0
4,1764110394.4682322,1109.2575340270996,549.0,1083.0,505.0
4,1764110394.498218,1114.1384391784668,549.0,1126.0,502.0
4,1764110394.5286574,1119.0947680473328,549.0,1119.0,501.0
4,1764110394.5737765,1126.0071067810059,549.0,1109.0,507.0
4,1764110394.6053908,1130.8614044189453,549.0,1114.0,492.0
4,1764110394.6433868,1135.7714562416077,549.0,1124.0,482.0
4,1764110394.6686628,1140.5486850738525,549.0,1144.0,479.0
4,1764110394.7002199,1145.2593235969543,549.0,1152.0,488.0
4,1764110394.7285957,1150.1656203269958,549.0,1151.0,496.0
4,1764110394.7731266,1154.8127083778381,549.0,1139.0,500.0
4,1764110394.808655,1162.1745138168335,549.0,1136.0,499.0
4,1764110394.837948,1164.419701576233,549.0,1133.0,497.0
4,1764110394.8687525,1169.3546800613403,549.0,1153.0,494.0
4,1764110394.8987129,1174.083915233612,549.0,1176.0,484.0
4,1764110394.9327946,1178.8843183517456,549.0,1189.0,481.0
4,1764110394.9637878,1183.6507468223572,549.0,1185.0,491.0
4,1764110394.9895134,1188.5192065238953,549.0,1173.0,506.0
4,1764110395.0227947,1193.3085947036743,549.0,1163.0,506.0
4,1764110395.0583587,1198.174479484558,549.0,1166.0,504.0
4,1764110395.0928245,1202.9605417251587,549.0,1166.0,502.0
4,1764110395.1236048,1207.6706080436707,549.0,1165.0,498.0
4,1764110395.1531184,1212.4265580177307,549.0,1165.0,483.0
4,1764110395.1838555,1217.2674803733826,549.0,1166.0,474.0
4,1764110395.2217417,1222.1211342811584,549.0,1192.0,470.0
4,1764110395.2537096,1226.9508986473083,549.0,1195.0,463.0
4,1764110395.293586,1234.1552047729492,549.0,1194.0,468.0
4,1764110395.318816,1236.4238171577454,549.0,1181.0,482.0
4,1764110395.3560867,1243.6492233276367,549.0,1168.0,497.0
4,1764110395.3888273,1248.4482316970825,549.0,1214.0,475.0
4,1764110395.4214299,1253.3061771392822,549.0,1217.0,488.0
4,1764110395.4578362,1258.090844631195,549.0,1222.0,485.0
4,1764110395.501508,1265.2967958450317,549.0,1227.0,482.0
4,1764110395.5439696,1270.1826362609863,549.0,1232.0,480.0
4,1764110395.5803916,1277.2996096611023,549.0,1235.0,492.0
4,1764110395.6029437,1279.698613166809,549.0,1230.0,493.0
4,1764110395.6383274,1284.4250230789185,549.0,1229.0,487.0
4,1764110395.6680057,1289.245846748352,549.0,1229.0,498.0
4,1764110395.6986132,1294.1592960357666,549.0,1238.0,496.0
4,1764110395.7408204,1301.3269810676575,549.0,1252.0,496.0
4,1764110395.7831833,1306.1697988510132,549.0,1267.0,496.0
4,1764110395.8079035,1310.9699873924255,549.0,1284.0,485.0
4,1764110395.839003,1315.6101732254028,549.0,1280.0,485.0
4,1764110395.8780735,1320.5070643424988,549.0,1275.0,493.0
4,1764110395.918237,1327.6163845062256,549.0,1331.0,496.0
4,1764110395.9434454,1330.0306587219238,549.0,1331.0,501.0
4,1764110395.9732091,1334.8105697631836,549.0,1352.0,505.0
4,1764110396.0058649,1339.6182327270508,549.0,1358.0,504.0
4,1764110396.0338335,1344.5358662605286,549.0,1367.0,505.0
4,1764110396.0632873,1349.2146401405334,549.0,1383.0,499.0
4,1764110396.0979123,1354.0645389556885,549.0,1392.0,495.0
4,1764110396.1242437,1358.8696627616882,549.0,1397.0,493.0
4,1764110396.1686783,1366.17800283432,549.0,1367.0,507.0
4,1764110396.2278686,1373.2248811721802,549.0,1363.0,518.0
4,1764110396.273862,1380.4287223815918,549.0,1371.0,527.0
4,1764110396.3151236,1387.6340656280518,549.0,1372.0,523.0
4,1764110396.348623,1392.49054479599,549.0,1378.0,526.0
4,1764110396.3738008,1394.8582201004028,549.0,1389.0,523.0
4,1764110396.4037461,1399.7403054237366,549.0,1395.0,516.0
4,1764110396.4333029,1404.4699697494507,549.0,1416.0,516.0
4,1764110396.476807,1411.6905121803284,549.0,1429.0,490.0
4,1764110396.5031328,1414.1586809158325,549.0,1445.0,457.0
4,1764110396.5284898,1418.8522248268127,549.0,1449.0,458.0
4,1764110396.5682323,1426.11110496521,549.0,1448.0,463.0
4,1764110396.61312,1430.8089761734009,549.0,1456.0,471.0
4,1764110396.6631098,1438.0393533706665,549.0,1472.0,476.0
4,1764110396.6882699,1442.8741602897644,549.0,1479.0,478.0
4,1764110396.7163236,1447.6165561676025,549.0,1478.0,482.0
4,1764110396.7384164,1450.1261739730835,549.0,1479.0,485.0
4,1764110396.7792697,1457.2321681976318,549.0,1466.0,486.0
4,1764110396.812942,1462.0527772903442,549.0,1453.0,485.0
4,1764110396.8378282,1464.513900756836,549.0,1457.0,476.0
4,1764110396.8685555,1469.2153124809265,549.0,1513.0,481.0
4,1764110396.8991802,1474.037244796753,549.0,1537.0,455.0
4,1764110396.9286573,1478.838577747345,549.0,1542.0,424.0
4,1764110396.9586844,1483.715012550354,549.0,1541.0,403.0
4,1764110396.9982262,1488.5337977409363,549.0,1551.0,411.0
4,1764110397.0408254,1495.6453709602356,549.0,1552.0,417.0
4,1764110397.0685158,1500.450602054596,549.0,1543.0,428.0
4,1764110397.1035054,1505.2430658340454,549.0,1534.0,440.0
4,1764110397.1284485,1510.1435332298279,549.0,1524.0,460.0
4,1764110397.1736512,1514.938714981079,549.0,1520.0,460.0
4,1764110397.2186263,1522.1292524337769,549.0,1523.0,456.0
4,1764110397.238269,1524.4437127113342,549.0,1522.0,459.0
4,1764110397.2679305,1529.338529586792,549.0,1525.0,463.0
4,1764110397.2980278,1534.0999870300293,549.0,1533.0,469.0
4,1764110397.3330846,1538.8261823654175,549.0,1521.0,473.0
4,1764110397.3706965,1546.0056691169739,549.0,1518.0,478.0
4,1764110397.398813,1548.4485177993774,549.0,1519.0,483.0
4,1764110397.4431045,1555.617061138153,549.0,1525.0,486.0
4,1764110397.484453,1562.88849401474,549.0,1520.0,490.0
4,1764110397.5232618,1567.6701216697693,549.0,1524.0,481.0
4,1764110397.5482402,1572.4459915161133,549.0,1554.0,481.0
4,1764110397.5796313,1577.2995381355286,549.0,1588.0,469.0
4,1764110397.6136518,1582.094934463501,549.0,1603.0,471.0
4,1764110397.647941,1586.8659048080444,549.0,1605.0,489.0
4,1764110397.6882799,1594.1182403564453,549.0,1612.0,502.0
4,1764110397.7286222,1598.9694981575012,549.0,1606.0,506.0
4,1764110397.7683065,1606.1222343444824,549.0,1607.0,490.0
4,1764110397.793042,1608.4928064346313,549.0,1604.0,472.0
4,1764110397.8279982,1613.2168202400208,549.0,1605.0,467.0
4,1764110397.8534775,1618.0475859642029,549.0,1586.0,465.0
4,1764110397.8833184,1622.8811769485474,549.0,1586.0,463.0
4,1764110397.9147713,1627.61838722229,549.0,1637.0,454.0
4,1764110397.943494,1630.0024418830872,549.0,1671.0,443.0
4,1764110397.9740283,1634.8117499351501,549.0,1661.0,446.0
4,1764110398.0031364,1639.6995215415955,549.0,1675.0,443.0
4,1764110398.0334988,1644.4105534553528,549.0,1674.0,459.0
4,1764110398.0684988,1649.2273716926575,549.0,1674.0,463.0
4,1764110398.0989013,1654.0829210281372,549.0,1665.0,478.0
4,1764110398.139005,1661.221960067749,549.0,1683.0,472.0
4,1764110398.168593,1666.1651997566223,549.0,1698.0,467.0
4,1764110398.19801,1668.4766201972961,549.0,1686.0,472.0
4,1764110398.2384067,1675.7425813674927,549.0,1683.0,460.0
4,1764110398.2682643,1680.4442076683044,549.0,1674.0,464.0
4,1764110398.3032198,1685.2917103767395,549.0,1683.0,460.0
4,1764110398.348622,1692.4976258277893,549.0,1686.0,458.0
4,1764110398.3884342,1697.251823425293,549.0,1690.0,453.0
4,1764110398.413992,1702.045467376709,549.0,1707.0,449.0
4,1764110398.452813,1707.0159940719604,549.0,1719.0,460.0
4,1764110398.4979255,1714.0123753547668,549.0,1731.0,471.0
4,1764110398.5184124,1716.5348320007324,549.0,1730.0,479.0
4,1764110398.559672,1723.7909941673279,549.0,1743.0,467.0
5,1764110398.5986366,1726.1423616409302,549.0,1752.0,462.0
5,1764110398.6187105,1726.1423616409302,549.0,1766.0,457.0
5,1764110398.6431212,1726.1423616409302,549.0,1769.0,457.0
5,1764110398.6732209,1726.1423616409302,549.0,1764.0,462.0
5,1764110398.7032752,1726.1423616409302,549.0,1766.0,469.0
5,1764110398.738498,1726.1423616409302,549.0,1797.0,472.0
5,1764110398.7739682,1726.1423616409302,549.0,1810.0,462.0
5,1764110398.8135664,1726.1423616409302,549.0,1807.0,459.0
5,1764110398.8439505,1726.1423616409302,549.0,1805.0,466.0
5,1764110398.8685098,1726.1423616409302,549.0,1799.0,472.0
5,1764110398.8990226,1726.1423616409302,549.0,1801.0,484.0
5,1764110398.9481602,1726.1423616409302,549.0,1782.0,485.0
5,1764110398.993159,1726.1423616409302,549.0,1323.0,502.0
5,1764110399.0331683,1726.1423616409302,549.0,805.0,559.0
5,1764110399.0586214,1726.1423616409302,549.0,454.0,555.0
5,1764110399.093908,180.44646072387695,642.0,392.0,555.0
5,1764110399.1338315,185.37789869308472,642.0,301.0,595.0
5,1764110399.1728346,192.45002555847168,642.0,256.0,609.0
5,1764110399.1934907,194.9101119041443,642.0,251.0,617.0
5,1764110399.2235732,199.67600393295288,642.0,255.0,607.0
5,1764110399.258772,204.56556367874146,642.0,254.0,594.0
5,1764110399.288194,209.2010645866394,642.0,262.0,568.0
5,1764110399.3184714,214.03880405426025,642.0,344.0,540.0
5,1764110399.3628376,221.27161312103271,642.0,344.0,544.0
5,1764110399.4027948,226.05116653442383,642.0,339.0,549.0
5,1764110399.4331453,230.92524099349976,642.0,337.0,560.0
5,1764110399.4684064,235.73519277572632,642.0,335.0,555.0
5,1764110399.505295,242.962637424469,642.0,304.0,556.0
5,1764110399.5330167,245.27759838104248,642.0,332.0,581.0
5,1764110399.569036,252.4166374206543,642.0,364.0,576.0
5,1764110399.6005228,257.2799472808838,642.0,364.0,568.0
5,1764110399.6330822,262.15191173553467,642.0,325.0,554.0
5,1764110399.6651986,266.8571500778198,642.0,304.0,475.0
5,1764110399.6984718,271.60426664352417,642.0,224.0,345.0
5,1764110399.73367,276.43921661376953,642.0,296.0,606.0
5,1764110399.7686546,281.40040922164917,642.0,174.0,665.0
5,1764110399.7986293,286.01395177841187,642.0,-248.0,1049.0
5,1764110399.8453496,293.32232761383057,642.0,-381.0,1163.0
5,1764110399.874786,298.11611461639404,642.0,-299.0,1145.0
5,1764110399.9137535,302.8970627784729,642.0,-64.0,1107.0
5,1764110399.9433997,307.74774837493896,642.0,-340.0,1189.0
5,1764110399.9781168,312.5309853553772,642.0,-145.0,1145.0
5,1764110400.0136898,317.2198443412781,642.0,344.0,710.0
5,1764110400.0493462,324.42186164855957,642.0,323.0,436.0
5,1764110400.0930207,329.32880210876465,642.0,230.0,314.0
5,1764110400.1382718,336.44792127609253,642.0,217.0,297.0
5,1764110400.163395,341.215708732605,642.0,332.0,575.0
5,1764110400.1881847,343.7018303871155,642.0,327.0,619.0
5,1764110400.2186844,348.4374670982361,642.0,314.0,619.0
5,1764110400.2531042,353.38496255874634,642.0,313.0,618.0
5,1764110400.2909224,360.52153396606445,642.0,320.0,612.0
5,1764110400.3242552,365.21665143966675,642.0,319.0,635.0
5,1764110400.3567355,370.06987619400024,642.0,310.0,651.0
5,1764110400.402677,377.2679953575134,642.0,351.0,666.0
5,1764110400.443351,382.15512323379517,642.0,375.0,629.0
5,1764110400.4679818,386.8993430137634,642.0,379.0,583.0
5,1764110400.4983659,391.7497067451477,642.0,388.0,589.0
5,1764110400.546999,399.07356786727905,642.0,378.0,605.0
5,1764110400.5839286,403.6080746650696,642.0,367.0,629.0
5,1764110400.6088574,408.4910182952881,642.0,384.0,636.0
5,1764110400.640842,413.31023263931274,642.0,405.0,626.0
5,1764110400.6680834,415.629771232605,642.0,406.0,620.0
5,1764110400.7048945,422.93253231048584,642.0,411.0,623.0
5,1764110400.7384095,427.7247815132141,642.0,408.0,616.0
5,1764110400.76899,432.51416969299316,642.0,414.0,629.0
5,1764110400.8008804,437.335458278656,642.0,426.0,637.0
5,1764110400.8335938,442.02227878570557,642.0,441.0,638.0
5,1764110400.8646908,446.8458561897278,642.0,452.0,646.0
5,1764110400.8937733,449.2897777557373,642.0,447.0,644.0
5,1764110400.938034,456.4697651863098,642.0,443.0,647.0
5,1764110400.9780085,463.65365076065063,642.0,441.0,655.0
5,1764110401.0179396,468.54574966430664,642.0,435.0,669.0
5,1764110401.0485048,473.3610301017761,642.0,431.0,650.0
5,1764110401.0888312,480.5246024131775,642.0,442.0,628.0
5,1764110401.113667,482.9610495567322,642.0,467.0,604.0
5,1764110401.1538281,490.07247972488403,642.0,468.0,590.0
5,1764110401.1938443,494.8468475341797,642.0,460.0,576.0
5,1764110401.233413,502.05691146850586,642.0,476.0,561.0
5,1764110401.258499,504.4334559440613,642.0,497.0,541.0
5,1764110401.2882833,509.30316734313965,642.0,513.0,533.0
5,1764110401.3185666,514.0527157783508,642.0,536.0,542.0
5,1764110401.3539479,518.8605575561523,642.0,538.0,556.0
5,1764110401.3832073,523.7349181175232,642.0,537.0,562.0
5,1764110401.4181037,528.4139423370361,642.0,522.0,575.0
5,1764110401.4541004,533.262303352356,642.0,538.0,579.0
5,1764110401.4830122,538.0763320922852,642.0,559.0,580.0
5,1764110401.5205824,545.278778553009,642.0,560.0,582.0
5,1764110401.5577934,550.1051812171936,642.0,570.0,562.0
5,1764110401.5881584,554.8381357192993,642.0,581.0,550.0
5,1764110401.6235638,559.7078113555908,642.0,581.0,576.0
5,1764110401.6528533,564.5488409996033,642.0,573.0,591.0
5,1764110401.6928637,569.2617325782776,642.0,587.0,598.0
5,1764110401.7180128,574.0521221160889,642.0,542.0,588.0
5,1764110401.7530274,578.9254813194275,642.0,560.0,586.0
5,1764110401.7887466,583.6666970252991,642.0,576.0,591.0
5,1764110401.8262022,590.9354476928711,642.0,569.0,602.0
5,1764110401.864908,595.7169322967529,642.0,549.0,616.0
5,1764110401.888557,600.4767804145813,642.0,536.0,631.0
5,1764110401.933662,605.3016095161438,642.0,525.0,643.0
5,1764110401.9738204,612.4786643981934,642.0,519.0,641.0
5,1764110402.00785,617.2441272735596,642.0,510.0,638.0
5,1764110402.0583043,624.4040160179138,642.0,556.0,645.0
5,1764110402.0929916,629.2793779373169,642.0,592.0,636.0
5,1764110402.1339061,636.865487575531,642.0,605.0,647.0
5,1764110402.1609433,641.3325099945068,642.0,617.0,658.0
5,1764110402.188572,643.7044053077698,642.0,589.0,662.0
5,1764110402.2284563,650.8107213973999,642.0,576.0,657.0
5,1764110402.2536054,653.2312183380127,642.0,570.0,648.0
5,1764110402.289328,660.4688196182251,642.0,633.0,614.0
5,1764110402.328306,665.2384667396545,642.0,631.0,624.0
5,1764110402.3536003,670.0650482177734,642.0,627.0,641.0
5,1764110402.3930604,674.9183802604675,642.0,625.0,618.0
5,1764110402.4234972,679.7483234405518,642.0,648.0,584.0
5,1764110402.4584894,684.4150810241699,642.0,684.0,593.0
5,1764110402.4940655,689.3561749458313,642.0,706.0,609.0
5,1764110402.5232804,694.1761403083801,642.0,712.0,623.0
5,1764110402.553719,698.851194858551,642.0,687.0,629.0
5,1764110402.593574,706.0351877212524,642.0,669.0,615.0
5,1764110402.6339257,710.8745365142822,642.0,659.0,597.0
5,1764110402.6757793,718.0211215019226,642.0,658.0,610.0
5,1764110402.699268,720.5670027732849,642.0,660.0,660.0
5,1764110402.7287605,725.2350120544434,642.0,671.0,672.0
5,1764110402.7638698,730.138090133667,642.0,678.0,675.0
5,1764110402.7934074,734.8427562713623,642.0,668.0,667.0
5,1764110402.8280401,739.6392254829407,642.0,676.0,655.0
5,1764110402.858362,744.4093017578125,642.0,662.0,633.0
5,1764110402.893046,749.2161421775818,642.0,655.0,615.0
5,1764110402.9290264,756.4241676330566,642.0,652.0,594.0
5,1764110402.9607732,761.3423018455505,642.0,667.0,600.0
5,1764110402.9971495,766.0832314491272,642.0,694.0,617.0
5,1764110403.032795,770.8095698356628,642.0,708.0,641.0
5,1764110403.0580096,775.6701617240906,642.0,683.0,655.0
5,1764110403.098124,780.40079164505,642.0,678.0,656.0
5,1764110403.1381657,787.6076011657715,642.0,677.0,661.0
5,1764110403.1732595,792.4488453865051,642.0,672.0,644.0
5,1764110403.2132561,797.2709565162659,642.0,682.0,632.0
5,1764110403.2496583,804.5257239341736,642.0,670.0,620.0
5,1764110403.2739277,806.8738012313843,642.0,684.0,608.0
5,1764110403.3030174,811.633828163147,642.0,703.0,621.0
5,1764110403.3337731,816.5481715202332,642.0,738.0,635.0
5,1764110403.3681552,821.2764410972595,642.0,731.0,652.0
5,1764110403.399143,826.0404376983643,642.0,715.0,671.0
5,1764110403.4333622,830.8271079063416,642.0,708.0,672.0
5,1764110403.4634247,835.6645612716675,642.0,756.0,653.0
5,1764110403.4988933,840.425696849823,642.0,765.0,649.0
5,1764110403.5281277,845.2061800956726,642.0,766.0,669.0
5,1764110403.5788527,852.4749307632446,642.0,774.0,676.0
5,1764110403.618926,859.8169593811035,642.0,791.0,674.0
5,1764110403.6474416,862.0369701385498,642.0,787.0,643.0
5,1764110403.6817517,869.2913799285889,642.0,778.0,641.0
5,1764110403.7227957,874.1587309837341,642.0,771.0,647.0
5,1764110403.7486236,878.8730173110962,642.0,803.0,668.0
5,1764110403.7884035,883.6540012359619,642.0,894.0,659.0
5,1764110403.8338842,890.9002928733826,642.0,898.0,666.0
5,1764110403.863837,895.7363514900208,642.0,881.0,656.0
5,1764110403.883455,898.0134754180908,642.0,869.0,630.0
5,1764110403.9138577,902.8639106750488,642.0,826.0,632.0
5,1764110403.943735,907.6283721923828,642.0,834.0,637.0
5,1764110403.9738207,912.4440817832947,642.0,845.0,639.0
5,1764110404.0038583,917.2018556594849,642.0,864.0,625.0
5,1764110404.0377915,922.1230654716492,642.0,886.0,623.0
5,1764110404.073692,926.8060593605042,642.0,887.0,626.0
5,1764110404.102921,931.7847399711609,642.0,878.0,639.0
5,1764110404.1336188,936.4246754646301,642.0,903.0,641.0
5,1764110404.1682847,941.2551908493042,642.0,891.0,644.0
5,1764110404.2037778,946.0753350257874,642.0,871.0,652.0
5,1764110404.2477946,953.3009557723999,642.0,867.0,646.0
5,1764110404.289345,960.4799060821533,642.0,862.0,636.0
5,1764110404.3228498,965.2417211532593,642.0,879.0,657.0
5,1764110404.3485515,967.6191596984863,642.0,919.0,656.0
5,1764110404.3781664,972.4165945053101,642.0,918.0,643.0
5,1764110404.4135573,977.2465376853943,642.0,918.0,628.0
5,1764110404.4431348,982.0366411209106,642.0,921.0,653.0
5,1764110404.4735568,986.876633644104,642.0,854.0,646.0
5,1764110404.5035768,991.7460947036743,642.0,896.0,629.0
5,1764110404.5337555,996.5820817947388,642.0,923.0,629.0
5,1764110404.57367,1001.2676148414612,642.0,912.0,629.0
5,1764110404.6041653,1006.0411243438721,642.0,921.0,634.0
5,1764110404.6379433,1013.3679537773132,642.0,910.0,652.0
5,1764110404.6834147,1018.0844216346741,642.0,914.0,680.0
5,1764110404.721909,1025.214698791504,642.0,918.0,687.0
5,1764110404.7434108,1027.711012840271,642.0,964.0,670.0
5,1764110404.7788057,1032.4854879379272,642.0,971.0,690.0
5,1764110404.808696,1037.2154741287231,642.0,983.0,719.0
5,1764110404.8382208,1042.1125440597534,642.0,977.0,729.0
5,1764110404.8828142,1049.3943481445312,642.0,962.0,702.0
5,1764110404.918449,1054.12544298172,642.0,959.0,676.0
5,1764110404.9478922,1058.8322548866272,642.0,997.0,638.0
5,1764110404.98833,1063.6433510780334,642.0,1003.0,611.0
5,1764110405.0339613,1070.9154634475708,642.0,1008.0,605.0
5,1764110405.0630188,1075.6146578788757,642.0,1049.0,632.0
5,1764110405.0945191,1080.5306820869446,642.0,1047.0,649.0
5,1764110405.1215396,1085.2745084762573,642.0,1046.0,661.0
5,1764110405.1633646,1090.0869994163513,642.0,1046.0,673.0
5,1764110405.1886942,1094.832685470581,642.0,1030.0,671.0
5,1764110405.2191327,1099.6607332229614,642.0,1028.0,666.0
5,1764110405.249842,1104.441216468811,642.0,1015.0,666.0
5,1764110405.2833436,1109.2012076377869,642.0,1030.0,662.0
5,1764110405.3231175,1114.063551902771,642.0,1031.0,651.0
5,1764110405.3678503,1121.2924628257751,642.0,1005.0,656.0
5,1764110405.3986,1126.0397582054138,642.0,989.0,668.0
5,1764110405.4287877,1130.8046131134033,642.0,1012.0,695.0
5,1764110405.4586327,1135.6623439788818,642.0,1048.0,698.0
5,1764110405.4893253,1140.4150395393372,642.0,1064.0,711.0
5,1764110405.522866,1145.2919392585754,642.0,1086.0,704.0
5,1764110405.5589197,1150.118055820465,642.0,1095.0,727.0
5,1764110405.5879948,1154.8470764160156,642.0,1094.0,736.0
5,1764110405.6232831,1159.6299200057983,642.0,1081.0,737.0
5,1764110405.6658509,1166.9463424682617,642.0,1087.0,721.0
5,1764110405.7082527,1171.7920212745667,642.0,1087.0,704.0
5,1764110405.7337294,1176.5289096832275,642.0,1137.0,687.0
5,1764110405.7733352,1181.3428311347961,642.0,1172.0,676.0
5,1764110405.81461,1188.5485320091248,642.0,1162.0,682.0
5,1764110405.840023,1193.2062773704529,642.0,1161.0,674.0
5,1764110405.8734221,1198.0424432754517,642.0,1159.0,685.0
5,1764110405.8989277,1200.4075078964233,642.0,1170.0,686.0
5,1764110405.9286218,1205.329933643341,642.0,1184.0,669.0
5,1764110405.9580858,1210.1087002754211,642.0,1201.0,651.0
5,1764110405.9878316,1214.8022441864014,642.0,1244.0,655.0
5,1764110406.023363,1219.7735576629639,642.0,1262.0,644.0
5,1764110406.0541723,1224.430480480194,642.0,1254.0,645.0
5,1764110406.0833123,1229.3328075408936,642.0,1245.0,632.0
5,1764110406.1128561,1234.0301780700684,642.0,1246.0,652.0
5,1764110406.1487715,1238.8857989311218,642.0,1262.0,667.0
5,1764110406.1734605,1241.2305145263672,642.0,1252.0,717.0
5,1764110406.2130084,1248.4057455062866,642.0,1213.0,740.0
5,1764110406.2440004,1253.4199028015137,642.0,1198.0,718.0
5,1764110406.2885232,1260.5045108795166,642.0,1180.0,671.0
5,1764110406.3286252,1265.2045278549194,642.0,1189.0,683.0
5,1764110406.353153,1270.051100730896,642.0,1240.0,710.0
5,1764110406.387216,1274.942698955536,642.0,1246.0,715.0
5,1764110406.4320393,1279.6131043434143,642.0,1263.0,724.0
5,1764110406.481792,1289.2919092178345,642.0,1271.0,733.0
5,1764110406.5087218,1291.7850761413574,642.0,1284.0,711.0
5,1764110406.5488262,1298.8011269569397,642.0,1335.0,712.0
5,1764110406.583771,1303.6085753440857,642.0,1359.0,727.0
5,1764110406.6186442,1308.4031133651733,642.0,1361.0,720.0
5,1764110406.6483672,1313.2219700813293,642.0,1387.0,729.0
5,1764110406.6787372,1318.0994062423706,642.0,1401.0,719.0
5,1764110406.712916,1322.8465585708618,642.0,1388.0,699.0
5,1764110406.7530541,1330.0212173461914,642.0,1385.0,705.0
5,1764110406.778373,1332.5872688293457,642.0,1422.0,692.0
5,1764110406.8078809,1337.3621373176575,642.0,1459.0,708.0
5,1764110406.8502269,1344.4770364761353,642.0,1452.0,697.0
5,1764110406.893127,1349.3494658470154,642.0,1442.0,698.0
5,1764110406.93394,1356.5957217216492,642.0,1420.0,681.0
5,1764110406.9537492,1358.9099316596985,642.0,1425.0,634.0
5,1764110406.983061,1363.7422351837158,642.0,1425.0,615.0
5,1764110407.0181413,1368.446937084198,642.0,1449.0,615.0
5,1764110407.048296,1373.2627182006836,642.0,1469.0,633.0
5,1764110407.0787668,1378.0329732894897,642.0,1468.0,637.0
5,1764110407.1136668,1382.801368713379,642.0,1474.0,613.0
5,1764110407.14918,1387.6748352050781,642.0,1470.0,587.0
5,1764110407.1881151,1394.8334007263184,642.0,1478.0,582.0
5,1764110407.213563,1397.2312240600586,642.0,1507.0,578.0
5,1764110407.252827,1404.434063911438,642.0,1514.0,570.0
5,1764110407.2835698,1409.353485584259,642.0,1493.0,586.0
5,1764110407.313983,1414.1353993415833,642.0,1471.0,627.0
5,1764110407.3487494,1418.9933805465698,642.0,1465.0,608.0
5,1764110407.3879976,1423.7523345947266,642.0,1516.0,617.0
5,1764110407.4163666,1428.4720211029053,642.0,1481.0,620.0
5,1764110407.4535115,1433.2232146263123,642.0,1431.0,607.0
5,1764110407.4929483,1440.429416179657,642.0,1421.0,635.0
5,1764110407.5387595,1447.6469187736511,642.0,1435.0,660.0
5,1764110407.5731633,1452.5641231536865,642.0,1462.0,645.0
5,1764110407.6086233,1457.263174533844,642.0,1453.0,647.0
5,1764110407.634882,1462.0878248214722,642.0,1429.0,626.0
5,1764110407.6685672,1466.864552974701,642.0,1399.0,633.0
5,1764110407.6979115,1471.6509370803833,642.0,1380.0,641.0
5,1764110407.7323866,1476.4581351280212,642.0,1386.0,638.0
5,1764110407.75788,1481.3584594726562,642.0,1363.0,619.0
5,1764110407.7938733,1486.044958114624,642.0,1336.0,620.0
5,1764110407.8242102,1490.835133075714,642.0,1293.0,636.0
5,1764110407.8535666,1493.3828024864197,642.0,1304.0,651.0
5,1764110407.888217,1500.4064707756042,642.0,1295.0,691.0
5,1764110407.9337285,1505.2113800048828,642.0,1292.0,708.0
5,1764110407.9699457,1512.5253705978394,642.0,1294.0,707.0
5,1764110407.9937067,1514.931598186493,642.0,1301.0,701.0
5,1764110408.0228746,1519.7475581169128,642.0,1412.0,686.0
5,1764110408.0581398,1524.5158462524414,642.0,1443.0,665.0
5,1764110408.0885239,1529.3499021530151,642.0,1434.0,661.0
5,1764110408.1184406,1534.1277389526367,642.0,1441.0,677.0
5,1764110408.1537237,1538.9138011932373,642.0,1454.0,680.0
5,1764110408.1882024,1543.7261490821838,642.0,1445.0,679.0
5,1764110408.2180314,1548.4363942146301,642.0,1445.0,670.0
5,1764110408.257933,1555.7308583259583,642.0,1452.0,694.0
5,1764110408.2900107,1560.5783967971802,642.0,1469.0,700.0
5,1764110408.3235369,1565.3931050300598,642.0,1473.0,718.0
5,1764110408.3586855,1570.1253442764282,642.0,1474.0,746.0
5,1764110408.3937116,1574.8833327293396,642.0,1466.0,758.0
5,1764110408.4234095,1579.6914248466492,642.0,1504.0,718.0
5,1764110408.4537566,1584.4168334007263,642.0,1525.0,674.0
5,1764110408.4896448,1589.2551808357239,642.0,1531.0,652.0
5,1764110408.5318375,1596.5812592506409,642.0,1515.0,668.0
5,1764110408.5687933,1601.2279539108276,642.0,1515.0,701.0
5,1764110408.5980842,1606.0812501907349,642.0,1515.0,720.0
5,1764110408.6487095,1613.4003548622131,642.0,1528.0,740.0
5,1764110408.6836436,1618.0297403335571,642.0,1507.0,723.0
5,1764110408.721834,1625.3379373550415,642.0,1556.0,669.0
5,1764110408.7741296,1632.8633575439453,642.0,1579.0,667.0
5,1764110408.8032117,1637.3531608581543,642.0,1580.0,656.0
5,1764110408.8434901,1642.1312837600708,642.0,1582.0,634.0
5,1764110408.8680305,1646.8503623008728,642.0,1583.0,648.0
5,1764110408.8977997,1651.6560225486755,642.0,1581.0,673.0
5,1764110408.92883,1656.4026741981506,642.0,1604.0,686.0
5,1764110408.9578147,1661.3486676216125,642.0,1594.0,680.0
5,1764110408.9935353,1666.1566166877747,642.0,1591.0,673.0
5,1764110409.033407,1670.8908586502075,642.0,1594.0,666.0
5,1764110409.0734386,1678.0839710235596,642.0,1619.0,642.0
5,1764110409.0999439,1680.4621963500977,642.0,1615.0,631.0
5,1764110409.1289828,1685.3761820793152,642.0,1631.0,647.0
5,1764110409.158769,1690.1133923530579,642.0,1627.0,647.0
5,1764110409.193627,1694.9819951057434,642.0,1599.0,653.0
5,1764110409.2280207,1699.6452479362488,642.0,1603.0,646.0
5,1764110409.2654343,1706.8336753845215,642.0,1604.0,639.0
5,1764110409.3019009,1711.7028861045837,642.0,1609.0,627.0
5,1764110409.3291485,1716.4501457214355,642.0,1617.0,622.0
5,1764110409.3634818,1721.205451965332,642.0,1608.0,613.0
6,1764110409.3931959,1726.046088218689,642.0,1593.0,611.0
6,1764110409.4280298,1726.046088218689,642.0,1601.0,622.0
6,1764110409.4585073,1726.046088218689,642.0,1642.0,640.0
6,1764110409.498735,1726.046088218689,642.0,1649.0,638.0
6,1764110409.5286593,1726.046088218689,642.0,1648.0,633.0
6,1764110409.5581203,1726.046088218689,642.0,1643.0,612.0
6,1764110409.5986311,1726.046088218689,642.0,1643.0,618.0
6,1764110409.6285203,1726.046088218689,642.0,1648.0,648.0
6,1764110409.6685898,1726.046088218689,642.0,1652.0,647.0
6,1764110409.7028625,1726.046088218689,642.0,1657.0,657.0
6,1764110409.7433078,1726.046088218689,642.0,1654.0,670.0
6,1764110409.773243,1726.046088218689,642.0,1645.0,670.0
6,1764110409.7979436,1726.046088218689,642.0,1646.0,659.0
6,1764110409.8283317,1726.046088218689,642.0,1434.0,662.0
6,1764110409.878914,1726.046088218689,642.0,763.0,679.0
6,1764110409.9180593,180.44756937026978,735.0,341.0,688.0
6,1764110409.938739,182.9351930618286,735.0,130.0,624.0
6,1764110409.9741974,190.0957612991333,735.0,145.0,625.0
6,1764110409.9979484,192.48246240615845,735.0,144.0,683.0
6,1764110410.0333834,197.2887306213379,735.0,158.0,691.0
6,1764110410.0634117,202.00670051574707,735.0,164.0,699.0
6,1764110410.1029644,209.31468296051025,735.0,163.0,699.0
6,1764110410.135963,214.1234188079834,735.0,150.0,684.0
6,1764110410.165253,218.83130359649658,735.0,140.0,661.0
6,1764110410.2031746,223.63281536102295,735.0,140.0,653.0
6,1764110410.2336693,228.44870376586914,735.0,145.0,676.0
6,1764110410.265867,233.2154541015625,735.0,150.0,696.0
6,1764110410.2985215,238.13119220733643,735.0,195.0,707.0
6,1764110410.3332875,242.87759351730347,735.0,186.0,709.0
6,1764110410.3688293,247.64527368545532,735.0,186.0,705.0
6,1764110410.398666,252.494206905365,735.0,192.0,726.0
6,1764110410.4329183,257.3308734893799,735.0,188.0,759.0
6,1764110410.4727979,264.4176273345947,735.0,194.0,765.0
6,1764110410.498522,266.8857960700989,735.0,219.0,733.0
6,1764110410.5331202,274.10050916671753,735.0,232.0,716.0
6,1764110410.5686963,278.8982300758362,735.0,233.0,713.0
6,1764110410.5987701,283.6718111038208,735.0,219.0,723.0
6,1764110410.6453118,290.8663182258606,735.0,217.0,764.0
6,1764110410.6886973,295.60413646698,735.0,227.0,773.0
6,1764110410.713841,300.47910499572754,735.0,207.0,732.0
6,1764110410.7440164,305.3135185241699,735.0,199.0,720.0
6,1764110410.7857742,310.17761516571045,735.0,220.0,723.0
6,1764110410.8238523,317.2602562904358,735.0,236.0,736.0
6,1764110410.8637347,322.0335512161255,735.0,280.0,736.0
6,1764110410.8885298,326.8103151321411,735.0,290.0,712.0
6,1764110410.918241,331.73871326446533,735.0,271.0,704.0
6,1764110410.9528923,336.43275785446167,735.0,271.0,718.0
6,1764110410.9836392,341.258159160614,735.0,276.0,729.0
6,1764110411.0135815,346.06793212890625,735.0,300.0,726.0
6,1764110411.0463755,350.819983959198,735.0,307.0,739.0
6,1764110411.079168,355.75617837905884,735.0,328.0,751.0
6,1764110411.1137774,360.4213981628418,735.0,343.0,747.0
6,1764110411.1530461,365.38269805908203,735.0,358.0,711.0
6,1764110411.1934578,372.5385456085205,735.0,345.0,710.0
6,1764110411.2132635,374.82629108428955,735.0,312.0,731.0
6,1764110411.243138,379.75386667251587,735.0,298.0,743.0
6,1764110411.2738564,384.60061836242676,735.0,283.0,750.0
6,1764110411.3031328,389.3215208053589,735.0,296.0,756.0
6,1764110411.3514507,396.4110999107361,735.0,321.0,734.0
6,1764110411.3882403,401.3147859573364,735.0,335.0,733.0
6,1764110411.4139926,406.0022144317627,735.0,398.0,749.0
6,1764110411.451759,410.89088010787964,735.0,397.0,743.0
6,1764110411.497852,418.0666117668152,735.0,396.0,740.0
6,1764110411.5330262,422.8219895362854,735.0,394.0,751.0
6,1764110411.575047,430.0374894142151,735.0,382.0,747.0
6,1764110411.5979025,432.49821949005127,735.0,404.0,752.0
6,1764110411.6238582,437.3475818634033,735.0,418.0,770.0
6,1764110411.6692903,444.4438843727112,735.0,411.0,779.0
6,1764110411.7087796,449.3008999824524,735.0,408.0,772.0
6,1764110411.7348714,454.0735511779785,735.0,409.0,764.0
6,1764110411.7779825,458.9226632118225,735.0,414.0,757.0
6,1764110411.8181753,466.02661895751953,735.0,420.0,763.0
6,1764110411.8479729,470.8770184516907,735.0,439.0,767.0
6,1764110411.8844166,475.6352572441101,735.0,425.0,770.0
6,1764110411.9228902,482.95314598083496,735.0,418.0,778.0
6,1764110411.9587333,487.62523221969604,735.0,441.0,753.0
6,1764110411.9891956,492.4431233406067,735.0,470.0,721.0
6,1764110412.0131261,494.9390082359314,735.0,485.0,713.0
6,1764110412.0487447,499.75142765045166,735.0,501.0,701.0
6,1764110412.0785577,504.51195526123047,735.0,508.0,679.0
6,1764110412.1087346,509.34669065475464,735.0,504.0,677.0
6,1764110412.1530309,516.4821891784668,735.0,505.0,692.0
6,1764110412.1828854,521.272078037262,735.0,513.0,710.0
6,1764110412.2080927,523.6374287605286,735.0,523.0,729.0
6,1764110412.2481425,530.8375148773193,735.0,505.0,749.0
6,1764110412.2735817,533.248749256134,735.0,462.0,759.0
6,1764110412.322847,542.9466514587402,735.0,439.0,784.0
6,1764110412.364859,547.6664810180664,735.0,445.0,792.0
6,1764110412.3908293,552.4408130645752,735.0,458.0,753.0
6,1764110412.418446,554.8733978271484,735.0,479.0,730.0
6,1764110412.4483368,559.6507339477539,735.0,509.0,740.0
6,1764110412.491233,566.8561844825745,735.0,510.0,736.0
6,1764110412.5128574,569.2565112113953,735.0,516.0,724.0
6,1764110412.5432389,574.0923552513123,735.0,562.0,716.0
6,1764110412.5734386,578.8465886116028,735.0,542.0,735.0
6,1764110412.6138012,586.0719590187073,735.0,511.0,750.0
6,1764110412.648454,590.8660321235657,735.0,495.0,731.0
6,1764110412.6782336,595.6321029663086,735.0,518.0,714.0
6,1764110412.7182462,600.4944114685059,735.0,526.0,717.0
6,1764110412.7435958,605.2214651107788,735.0,553.0,745.0
6,1764110412.7784827,610.0008039474487,735.0,580.0,753.0
6,1764110412.8129256,614.884355545044,735.0,599.0,748.0
6,1764110412.8434594,619.8936491012573,735.0,569.0,759.0
6,1764110412.886933,626.8795518875122,735.0,563.0,745.0
6,1764110412.9129062,629.2772679328918,735.0,550.0,735.0
6,1764110412.9550023,636.5462689399719,735.0,540.0,744.0
6,1764110412.9931393,641.3521795272827,735.0,532.0,749.0
6,1764110413.0335066,648.4775214195251,735.0,581.0,748.0
6,1764110413.06858,653.2506017684937,735.0,598.0,734.0
6,1764110413.0946138,658.0492167472839,735.0,580.0,736.0
6,1764110413.1287663,663.010838508606,735.0,569.0,739.0
6,1764110413.1541069,665.2645735740662,735.0,570.0,745.0
6,1764110413.1837053,670.1685099601746,735.0,590.0,753.0
6,1764110413.2137403,674.8130588531494,735.0,618.0,731.0
6,1764110413.2482624,679.6800880432129,735.0,640.0,712.0
6,1764110413.2869623,686.9184403419495,735.0,639.0,696.0
6,1764110413.3246565,691.6578321456909,735.0,648.0,709.0
6,1764110413.3586664,696.521785736084,735.0,626.0,746.0
6,1764110413.3990114,703.7429361343384,735.0,607.0,765.0
6,1764110413.4232838,706.1201243400574,735.0,610.0,759.0
6,1764110413.453227,710.9767465591431,735.0,643.0,762.0
6,1764110413.4886198,715.731945514679,735.0,656.0,760.0
6,1764110413.5179029,720.588746547699,735.0,632.0,781.0
6,1764110413.5485945,725.3389387130737,735.0,626.0,775.0
6,1764110413.6028616,734.9488644599915,735.0,633.0,750.0
6,1764110413.643281,740.0532512664795,735.0,663.0,739.0
6,1764110413.6697013,744.5112257003784,735.0,671.0,741.0
6,1764110413.698207,746.8687801361084,735.0,688.0,747.0
6,1764110413.7278905,751.7155318260193,735.0,691.0,769.0
6,1764110413.7680295,758.9453725814819,735.0,677.0,764.0
6,1764110413.8081875,763.6565117835999,735.0,660.0,756.0
6,1764110413.8295596,768.4539823532104,735.0,690.0,703.0
6,1764110413.8633544,773.3486204147339,735.0,732.0,679.0
6,1764110413.8978016,778.0174880027771,735.0,759.0,658.0
6,1764110413.9387066,782.9580097198486,735.0,778.0,661.0
6,1764110413.9784238,790.0466947555542,735.0,790.0,657.0
6,1764110414.0079734,794.8569684028625,735.0,725.0,649.0
6,1764110414.032829,797.3001747131348,735.0,727.0,648.0
6,1764110414.0789914,804.4530181884766,735.0,724.0,665.0
6,1764110414.114135,809.24920129776,735.0,760.0,698.0
6,1764110414.1500993,816.5257482528687,735.0,806.0,715.0
6,1764110414.1832304,821.3176755905151,735.0,806.0,691.0
6,1764110414.213971,826.1364965438843,735.0,820.0,671.0
6,1764110414.242885,830.9523849487305,735.0,776.0,719.0
6,1764110414.2729728,833.3871512413025,735.0,783.0,746.0
6,1764110414.3037753,838.0264430046082,735.0,771.0,756.0
6,1764110414.3381042,842.9525880813599,735.0,766.0,851.0
6,1764110414.36836,847.7345733642578,735.0,793.0,742.0
6,1764110414.3984985,852.5172381401062,735.0,791.0,738.0
6,1764110414.428487,857.3228983879089,735.0,776.0,746.0
6,1764110414.4582906,862.1049909591675,735.0,777.0,750.0
6,1764110414.4903302,866.9514207839966,735.0,789.0,744.0
6,1764110414.5365872,874.1841940879822,735.0,804.0,746.0
6,1764110414.5746682,878.880777835846,735.0,815.0,749.0
6,1764110414.6039274,883.704927444458,735.0,819.0,754.0
6,1764110414.6533594,890.8719329833984,735.0,815.0,777.0
6,1764110414.6891725,895.6032066345215,735.0,825.0,800.0
6,1764110414.7185714,900.4369764328003,735.0,839.0,827.0
6,1764110414.7481096,905.2174954414368,735.0,816.0,794.0
6,1764110414.789644,912.4296336174011,735.0,807.0,773.0
6,1764110414.8336215,917.3481254577637,735.0,805.0,791.0
6,1764110414.8786836,924.5454578399658,735.0,825.0,804.0
6,1764110414.9083529,929.3952493667603,735.0,817.0,793.0
6,1764110414.943295,934.0875773429871,735.0,827.0,781.0
6,1764110414.9830298,941.2959246635437,735.0,857.0,757.0
6,1764110415.0292158,948.4305291175842,735.0,869.0,736.0
6,1764110415.068648,953.3389000892639,735.0,864.0,721.0
6,1764110415.0935225,958.0633072853088,735.0,857.0,757.0
6,1764110415.1267507,962.9338054656982,735.0,867.0,751.0
6,1764110415.1631138,967.7778749465942,735.0,876.0,729.0
6,1764110415.2070768,974.8006134033203,735.0,878.0,733.0
6,1764110415.2487383,979.6152143478394,735.0,892.0,742.0
6,1764110415.273514,984.4054250717163,735.0,876.0,736.0
6,1764110415.3041816,989.3046765327454,735.0,880.0,722.0
6,1764110415.3495433,996.4289455413818,735.0,911.0,705.0
6,1764110415.3887355,1001.2217669487,735.0,906.0,705.0
6,1764110415.415058,1006.1551003456116,735.0,929.0,702.0
6,1764110415.4457042,1010.9079747200012,735.0,954.0,698.0
6,1764110415.488726,1015.7230763435364,735.0,942.0,684.0
6,1764110415.5265024,1022.8851466178894,735.0,924.0,686.0
6,1764110415.5537572,1025.2779273986816,735.0,946.0,685.0
6,1764110415.5911694,1032.4090270996094,735.0,940.0,699.0
6,1764110415.628828,1037.3548774719238,735.0,945.0,715.0
6,1764110415.6564388,1042.185607433319,735.0,943.0,720.0
6,1764110415.6850073,1046.809199333191,735.0,937.0,708.0
6,1764110415.7139692,1049.3051199913025,735.0,955.0,688.0
6,1764110415.7491481,1056.4135818481445,735.0,955.0,694.0
6,1764110415.7779717,1058.8453440666199,735.0,974.0,707.0
6,1764110415.8142216,1066.1844758987427,735.0,976.0,701.0
6,1764110415.8531332,1070.8908586502075,735.0,956.0,689.0
6,1764110415.8782637,1075.732138633728,735.0,938.0,687.0
6,1764110415.9138613,1080.4410247802734,735.0,937.0,697.0
6,1764110415.9481523,1085.3270082473755,735.0,929.0,697.0
6,1764110415.9838967,1090.0548129081726,735.0,943.0,706.0
6,1764110416.0136645,1094.8928027153015,735.0,962.0,698.0
6,1764110416.0545979,1102.1311192512512,735.0,965.0,719.0
6,1764110416.0935378,1106.8070321083069,735.0,987.0,741.0
6,1764110416.1179333,1111.7569952011108,735.0,1022.0,756.0
6,1764110416.158431,1116.457977771759,735.0,1019.0,743.0
6,1764110416.1990495,1123.762062072754,735.0,1031.0,734.0
6,1764110416.2492282,1130.91987657547,735.0,1029.0,717.0
6,1764110416.2801778,1135.6343774795532,735.0,1047.0,745.0
6,1764110416.3269951,1142.9200797080994,735.0,1071.0,769.0
6,1764110416.3581676,1147.7277426719666,735.0,1083.0,780.0
6,1764110416.3902893,1152.8989343643188,735.0,1101.0,765.0
6,1764110416.4183388,1154.8706798553467,735.0,1130.0,752.0
6,1764110416.4487758,1159.6110372543335,735.0,1110.0,749.0
6,1764110416.4922643,1166.8907313346863,735.0,1095.0,766.0
6,1764110416.5280967,1171.7098026275635,735.0,1099.0,784.0
6,1764110416.5581,1176.4519481658936,735.0,1114.0,803.0
6,1764110416.588766,1181.3048510551453,735.0,1135.0,809.0
6,1764110416.6180887,1186.0434203147888,735.0,1141.0,817.0
6,1764110416.663717,1193.2638912200928,735.0,1177.0,793.0
6,1764110416.716012,1200.7705001831055,735.0,1197.0,802.0
6,1764110416.7431512,1205.2997856140137,735.0,1206.0,817.0
6,1764110416.7827978,1210.0728302001953,735.0,1210.0,809.0
6,1764110416.8082025,1214.817193031311,735.0,1218.0,778.0
6,1764110416.8487277,1219.6337966918945,735.0,1216.0,757.0
6,1764110416.893814,1226.9276885986328,735.0,1225.0,756.0
6,1764110416.920301,1231.735852241516,735.0,1218.0,773.0
6,1764110416.9431794,1234.1340689659119,735.0,1237.0,773.0
6,1764110416.9679925,1238.8927726745605,735.0,1246.0,798.0
6,1764110417.0090804,1243.7442092895508,735.0,1258.0,792.0
6,1764110417.0379083,1248.4902172088623,735.0,1274.0,790.0
6,1764110417.0681643,1253.268304347992,735.0,1258.0,780.0
6,1764110417.1036313,1258.0238609313965,735.0,1263.0,765.0
6,1764110417.1385062,1262.9332690238953,735.0,1265.0,774.0
6,1764110417.168658,1267.7506594657898,735.0,1260.0,769.0
6,1764110417.2029998,1274.9695925712585,735.0,1288.0,792.0
6,1764110417.2419317,1279.7375946044922,735.0,1314.0,795.0
6,1764110417.2782452,1284.5391421318054,735.0,1348.0,790.0
6,1764110417.3141565,1289.250102519989,735.0,1333.0,779.0
6,1764110417.3504,1296.472182750702,735.0,1330.0,778.0
6,1764110417.389842,1301.3465433120728,735.0,1311.0,785.0
6,1764110417.4229643,1306.0511736869812,735.0,1304.0,801.0
6,1764110417.457842,1310.9544305801392,735.0,1331.0,796.0
6,1764110417.4880486,1315.7092361450195,735.0,1329.0,798.0
6,1764110417.5270398,1322.9132561683655,735.0,1311.0,791.0
6,1764110417.5685928,1327.7597932815552,735.0,1298.0,776.0
6,1764110417.5936656,1332.5285820960999,735.0,1308.0,782.0
6,1764110417.6244316,1337.3207955360413,735.0,1316.0,781.0
6,1764110417.6560895,1342.0429496765137,735.0,1326.0,754.0
6,1764110417.688926,1346.8328385353088,735.0,1336.0,769.0
6,1764110417.7134068,1349.2339878082275,735.0,1346.0,785.0
6,1764110417.7438004,1354.001238822937,735.0,1341.0,791.0
6,1764110417.778706,1358.94984292984,735.0,1350.0,788.0
6,1764110417.8081338,1363.6707453727722,735.0,1363.0,790.0
6,1764110417.8386183,1368.5652403831482,735.0,1370.0,787.0
6,1764110417.8743422,1373.2905058860779,735.0,1387.0,790.0
6,1764110417.9032981,1378.053608417511,735.0,1401.0,786.0
6,1764110417.9430232,1385.303261756897,735.0,1391.0,781.0
6,1764110417.9731815,1390.0250582695007,735.0,1405.0,789.0
6,1764110418.0136757,1394.8645858764648,735.0,1415.0,782.0
6,1764110418.0386686,1399.6359496116638,735.0,1424.0,757.0
6,1764110418.0732877,1404.5432834625244,735.0,1415.0,748.0
6,1764110418.1082613,1409.2493085861206,735.0,1407.0,749.0
6,1764110418.1441894,1414.0429167747498,735.0,1411.0,758.0
6,1764110418.1729848,1418.916633605957,735.0,1410.0,762.0
6,1764110418.2082515,1423.6183314323425,735.0,1419.0,760.0
6,1764110418.2388422,1428.557816028595,735.0,1433.0,746.0
6,1764110418.2736125,1433.2487134933472,735.0,1415.0,757.0
6,1764110418.3091352,1440.4359607696533,735.0,1431.0,755.0
6,1764110418.3381538,1442.9744033813477,735.0,1417.0,768.0
6,1764110418.3789022,1450.059154510498,735.0,1421.0,773.0
6,1764110418.4128878,1454.9237160682678,735.0,1414.0,750.0
6,1764110418.4478314,1459.7038774490356,735.0,1444.0,766.0
6,1764110418.4938521,1466.8933420181274,735.0,1456.0,776.0
6,1764110418.5384288,1474.009635925293,735.0,1430.0,806.0
6,1764110418.56288,1478.951623916626,735.0,1442.0,811.0
6,1764110418.588271,1481.3851385116577,735.0,1473.0,807.0
6,1764110418.6239772,1486.0051183700562,735.0,1479.0,800.0
6,1764110418.6539063,1490.8884553909302,735.0,1497.0,790.0
6,1764110418.6836436,1495.6403641700745,735.0,1489.0,795.0
6,1764110418.7187498,1500.5274205207825,735.0,1540.0,795.0
6,1764110418.7489552,1505.3706674575806,735.0,1509.0,800.0
6,1764110418.778045,1510.0990800857544,735.0,1549.0,798.0
6,1764110418.813586,1514.8411183357239,735.0,1567.0,777.0
6,1764110418.8438952,1519.7407989501953,735.0,1560.0,755.0
6,1764110418.8783853,1524.412169933319,735.0,1560.0,731.0
6,1764110418.9134376,1529.3007998466492,735.0,1560.0,700.0
6,1764110418.9434085,1534.0399770736694,735.0,1527.0,668.0
6,1764110418.9835892,1541.2652044296265,735.0,1544.0,667.0
6,1764110419.0086207,1543.6359195709229,735.0,1573.0,686.0
6,1764110419.0481715,1550.94043302536,735.0,1566.0,713.0
6,1764110419.079577,1555.746021747589,735.0,1561.0,710.0
6,1764110419.1139123,1560.4620604515076,735.0,1534.0,724.0
6,1764110419.1483397,1565.269937992096,735.0,1527.0,713.0
6,1764110419.1832721,1570.0693039894104,735.0,1513.0,695.0
6,1764110419.2086437,1574.8054413795471,735.0,1545.0,674.0
6,1764110419.2550716,1582.1739702224731,735.0,1554.0,653.0
6,1764110419.2875733,1586.8097929954529,735.0,1573.0,614.0
6,1764110419.312872,1589.3421559333801,735.0,1577.0,617.0
6,1764110419.3532236,1596.4216856956482,735.0,1533.0,616.0
6,1764110419.3932006,1601.3495473861694,735.0,1503.0,622.0
6,1764110419.4295862,1608.4720640182495,735.0,1503.0,645.0
6,1764110419.4535584,1610.8772902488708,735.0,1532.0,673.0
6,1764110419.4830372,1615.6259803771973,735.0,1544.0,675.0
6,1764110419.5295799,1622.9329614639282,735.0,1536.0,674.0
6,1764110419.5765886,1630.0020484924316,735.0,1551.0,683.0
6,1764110419.6184342,1634.9496154785156,735.0,1557.0,685.0
6,1764110419.6485898,1639.6551399230957,735.0,1581.0,697.0
6,1764110419.6791031,1644.5014624595642,735.0,1574.0,703.0
6,1764110419.7181778,1651.6480832099915,735.0,1583.0,719.0
6,1764110419.7497334,1656.4824967384338,735.0,1595.0,727.0
6,1764110419.7834513,1661.2001447677612,735.0,1599.0,731.0
6,1764110419.8295135,1668.4271602630615,735.0,1584.0,740.0
6,1764110419.8679345,1673.2805995941162,735.0,1585.0,722.0
6,1764110419.8938465,1678.0616550445557,735.0,1634.0,671.0
6,1764110419.9229448,1682.961335659027,735.0,1627.0,700.0
6,1764110419.9538121,1685.2387099266052,735.0,1629.0,724.0
6,1764110419.9983444,1692.4724130630493,735.0,1633.0,747.0
6,1764110420.0327952,1697.2591190338135,735.0,1640.0,748.0
6,1764110420.0639286,1702.132263660431,735.0,1633.0,724.0
6,1764110420.0927942,1706.9333820343018,735.0,1625.0,728.0
6,1764110420.1233315,1711.6775302886963,735.0,1619.0,708.0
6,1764110420.1591308,1716.4279012680054,735.0,1635.0,709.0
6,1764110420.1878164,1721.2544112205505,735.0,1645.0,704.0
7,1764110420.2229314,1726.0983018875122,735.0,1650.0,715.0
7,1764110420.2535405,1726.0983018875122,735.0,1651.0,721.0
7,1764110420.2830825,1726.0983018875122,735.0,1639.0,718.0
7,1764110420.3289974,1726.0983018875122,735.0,1644.0,697.0
7,1764110420.3628454,1726.0983018875122,735.0,1603.0,711.0
7,1764110420.3886583,1726.0983018875122,735.0,1604.0,711.0
7,1764110420.4183297,1726.0983018875122,735.0,1615.0,730.0
7,1764110420.4532146,1726.0983018875122,735.0,1609.0,723.0
7,1764110420.483286,1726.0983018875122,735.0,1597.0,681.0
7,1764110420.523274,1726.0983018875122,735.0,1581.0,653.0
7,1764110420.5486226,1726.0983018875122,735.0,1467.0,663.0
7,1764110420.5881608,1726.0983018875122,735.0,1335.0,655.0
7,1764110420.6248133,1726.0983018875122,735.0,1184.0,613.0
7,1764110420.6582098,1726.0983018875122,735.0,1035.0,575.0
7,1764110420.6928039,1726.0983018875122,735.0,795.0,522.0
7,1764110420.7287855,180.5586485862732,828.0,537.0,528.0
7,1764110420.758495,182.91323471069336,828.0,298.0,561.0
7,1764110420.7886243,187.75054502487183,828.0,218.0,628.0
7,1764110420.8185446,192.54336643218994,828.0,212.0,682.0
7,1764110420.860864,199.72954082489014,828.0,221.0,698.0
7,1764110420.888053,204.4487624168396,828.0,234.0,696.0
7,1764110420.924879,209.32426738739014,828.0,231.0,694.0
7,1764110420.957929,214.05990409851074,828.0,215.0,693.0
7,1764110420.9882228,218.93952178955078,828.0,123.0,713.0
7,1764110421.0236707,223.66060304641724,828.0,100.0,725.0
7,1764110421.0580015,228.4947304725647,828.0,119.0,735.0
7,1764110421.0882401,233.25368452072144,828.0,121.0,749.0
7,1764110421.1235924,238.10286808013916,828.0,120.0,769.0
7,1764110421.1585433,242.85731601715088,828.0,138.0,764.0
7,1764110421.1882439,247.70442533493042,828.0,158.0,758.0
7,1764110421.228829,254.90951824188232,828.0,137.0,775.0
7,1764110421.253064,257.3314456939697,828.0,99.0,795.0
7,1764110421.3034074,264.46090030670166,828.0,100.0,791.0
7,1764110421.3470004,271.75593662261963,828.0,109.0,783.0
7,1764110421.3828278,276.5151767730713,828.0,205.0,777.0
7,1764110421.4192271,283.6583285331726,828.0,224.0,778.0
7,1764110421.443814,286.1487774848938,828.0,227.0,799.0
7,1764110421.4737692,290.9438877105713,828.0,195.0,781.0
7,1764110421.5083833,295.62105226516724,828.0,188.0,768.0
7,1764110421.538952,300.4782109260559,828.0,235.0,774.0
7,1764110421.568179,305.27915048599243,828.0,258.0,775.0
7,1764110421.6123235,312.9371075630188,828.0,291.0,781.0
7,1764110421.6600413,319.7453408241272,828.0,303.0,773.0
7,1764110421.6878843,324.4234709739685,828.0,321.0,760.0
7,1764110421.7275174,329.21761560440063,828.0,319.0,766.0
7,1764110421.7683802,336.4978461265564,828.0,306.0,794.0
7,1764110421.8033528,341.21531534194946,828.0,305.0,794.0
7,1764110421.8378553,346.0427551269531,828.0,320.0,797.0
7,1764110421.8777974,350.8969097137451,828.0,328.0,823.0
7,1764110421.9180965,358.12757301330566,828.0,329.0,836.0
7,1764110421.9440622,360.55947828292847,828.0,340.0,777.0
7,1764110421.973309,365.2775912284851,828.0,326.0,720.0
7,1764110422.0027921,370.05979108810425,828.0,348.0,691.0
7,1764110422.0332553,374.816885471344,828.0,343.0,720.0
7,1764110422.0628505,379.6279101371765,828.0,351.0,734.0
7,1764110422.0987635,384.40681982040405,828.0,348.0,770.0
7,1764110422.1330924,389.2614393234253,828.0,324.0,783.0
7,1764110422.1583083,394.12346172332764,828.0,321.0,764.0
7,1764110422.1986823,398.966637134552,828.0,320.0,748.0
7,1764110422.2288291,403.64204931259155,828.0,357.0,752.0
7,1764110422.278002,410.98922777175903,828.0,371.0,765.0
7,1764110422.3087816,415.75283098220825,828.0,391.0,760.0
7,1764110422.3386586,420.45957136154175,828.0,425.0,776.0
7,1764110422.3681417,425.2339391708374,828.0,443.0,779.0
7,1764110422.4030178,430.08462476730347,828.0,450.0,786.0
7,1764110422.4328344,434.95197582244873,828.0,446.0,777.0
7,1764110422.4637523,439.67885065078735,828.0,411.0,790.0
7,1764110422.4978013,444.5197014808655,828.0,394.0,782.0
7,1764110422.5341125,449.3341236114502,828.0,412.0,772.0
7,1764110422.563005,454.04748010635376,828.0,428.0,784.0
7,1764110422.598167,458.89609146118164,828.0,447.0,776.0
7,1764110422.6362357,466.07936906814575,828.0,470.0,754.0
7,1764110422.6634202,468.4333472251892,828.0,488.0,759.0
7,1764110422.70024,475.60814905166626,828.0,454.0,764.0
7,1764110422.73374,480.5390148162842,828.0,429.0,762.0
7,1764110422.7652671,485.2817325592041,828.0,410.0,744.0
7,1764110422.802869,490.0292067527771,828.0,411.0,739.0
7,1764110422.8466275,497.2853331565857,828.0,460.0,756.0
7,1764110422.887865,504.4205813407898,828.0,487.0,769.0
7,1764110422.9130485,506.83145809173584,828.0,480.0,768.0
7,1764110422.9550638,514.0326170921326,828.0,447.0,776.0
7,1764110422.9927914,518.842604637146,828.0,435.0,783.0
7,1764110423.0193186,523.6780552864075,828.0,415.0,754.0
7,1764110423.0534625,528.5507349967957,828.0,454.0,733.0
7,1764110423.0885484,533.2212476730347,828.0,484.0,738.0
7,1764110423.1168358,538.1349472999573,828.0,538.0,770.0
7,1764110423.1581922,542.8272037506104,828.0,529.0,771.0
7,1764110423.1887946,547.7550654411316,828.0,530.0,785.0
7,1764110423.2238152,552.4611263275146,828.0,536.0,800.0
7,1764110423.26324,559.6602826118469,828.0,536.0,802.0
7,1764110423.298101,564.5331053733826,828.0,529.0,809.0
7,1764110423.3290503,569.2973523139954,828.0,512.0,795.0
7,1764110423.3546576,574.124541759491,828.0,523.0,787.0
7,1764110423.3881323,578.8389711380005,828.0,530.0,773.0
7,1764110423.4202719,583.6262850761414,828.0,555.0,783.0
7,1764110423.4483724,588.4966759681702,828.0,573.0,781.0
7,1764110423.4789305,590.8068089485168,828.0,584.0,773.0
7,1764110423.5087025,595.6239132881165,828.0,589.0,769.0
7,1764110423.538614,600.5433349609375,828.0,592.0,766.0
7,1764110423.5837612,607.6596646308899,828.0,611.0,763.0
7,1764110423.6299083,614.8967652320862,828.0,586.0,729.0
7,1764110423.66899,619.731071472168,828.0,567.0,740.0
7,1764110423.6933453,624.4473247528076,828.0,660.0,744.0
7,1764110423.7331462,629.3111352920532,828.0,649.0,748.0
7,1764110423.7740228,636.5342884063721,828.0,651.0,744.0
7,1764110423.7978992,638.8417391777039,828.0,610.0,733.0
7,1764110423.8379672,646.1533694267273,828.0,602.0,723.0
7,1764110423.886052,653.3203749656677,828.0,608.0,719.0
7,1764110423.928289,660.4841618537903,828.0,611.0,722.0
7,1764110423.9741657,665.3255491256714,828.0,634.0,710.0
7,1764110424.002828,670.003607749939,828.0,607.0,706.0
7,1764110424.038604,674.9539642333984,828.0,615.0,702.0
7,1764110424.0830169,682.1531562805176,828.0,626.0,716.0
7,1764110424.113932,686.9005589485168,828.0,638.0,681.0
7,1764110424.1572318,694.139018535614,828.0,651.0,650.0
7,1764110424.1932857,698.8170413970947,828.0,662.0,625.0
7,1764110424.21991,703.7341384887695,828.0,699.0,621.0
7,1764110424.2515416,708.4032206535339,828.0,706.0,607.0
7,1764110424.2787497,710.8402400016785,828.0,705.0,605.0
7,1764110424.3083847,715.7346992492676,828.0,723.0,603.0
7,1764110424.338123,720.7127718925476,828.0,737.0,597.0
7,1764110424.3738596,725.3292112350464,828.0,746.0,577.0
7,1764110424.4130518,732.5276165008545,828.0,724.0,564.0
7,1764110424.4479556,737.2341780662537,828.0,720.0,589.0
7,1764110424.47655,742.0389084815979,828.0,738.0,572.0
7,1764110424.5084038,746.8396692276001,828.0,771.0,582.0
7,1764110424.5398538,751.6189007759094,828.0,755.0,597.0
7,1764110424.5728996,756.457248210907,828.0,726.0,592.0
7,1764110424.6083045,761.3522796630859,828.0,731.0,583.0
7,1764110424.643657,766.138735294342,828.0,721.0,596.0
7,1764110424.6851597,773.3423619270325,828.0,686.0,632.0
7,1764110424.7087114,775.6809620857239,828.0,691.0,679.0
7,1764110424.7484906,782.8625588417053,828.0,725.0,681.0
7,1764110424.788739,787.8202466964722,828.0,749.0,664.0
7,1764110424.8134441,792.4948720932007,828.0,776.0,637.0
7,1764110424.8435328,797.2803621292114,828.0,787.0,637.0
7,1764110424.8787944,802.1329073905945,828.0,783.0,639.0
7,1764110424.9140284,806.8408637046814,828.0,750.0,676.0
7,1764110424.9479716,811.6507439613342,828.0,750.0,707.0
7,1764110424.978094,816.4840488433838,828.0,776.0,726.0
7,1764110425.0219126,823.7472920417786,828.0,779.0,738.0
7,1764110425.0536087,828.5340337753296,828.0,764.0,754.0
7,1764110425.0938332,833.2641987800598,828.0,751.0,749.0
7,1764110425.1241682,838.0456833839417,828.0,760.0,758.0
7,1764110425.1683052,845.2218441963196,828.0,779.0,780.0
7,1764110425.2089455,852.5826482772827,828.0,775.0,784.0
7,1764110425.2339864,854.816999912262,828.0,822.0,787.0
7,1764110425.2766578,862.0640425682068,828.0,827.0,799.0
7,1764110425.308761,866.9635443687439,828.0,840.0,818.0
7,1764110425.3401873,871.7461376190186,828.0,856.0,833.0
7,1764110425.373393,876.500406742096,828.0,846.0,833.0
7,1764110425.4048154,881.3399701118469,828.0,813.0,823.0
7,1764110425.4384563,886.0650568008423,828.0,837.0,804.0
7,1764110425.4797504,890.8977537155151,828.0,871.0,790.0
7,1764110425.513077,898.202374458313,828.0,901.0,776.0
7,1764110425.5530198,903.2836585044861,828.0,893.0,786.0
7,1764110425.58045,907.7492861747742,828.0,860.0,783.0
7,1764110425.6152234,912.4899654388428,828.0,844.0,782.0
7,1764110425.6487563,917.2507076263428,828.0,827.0,784.0
7,1764110425.6831663,922.0859794616699,828.0,831.0,790.0
7,1764110425.7132213,926.8157868385315,828.0,840.0,790.0
7,1764110425.7487605,931.6069631576538,828.0,862.0,795.0
7,1764110425.7785053,936.4899425506592,828.0,876.0,790.0
7,1764110425.8195393,943.7218217849731,828.0,915.0,761.0
7,1764110425.8484445,948.5074906349182,828.0,908.0,775.0
7,1764110425.8780792,950.9864597320557,828.0,906.0,796.0
7,1764110425.9287794,960.5577259063721,828.0,914.0,789.0
7,1764110425.9683268,965.2262001037598,828.0,897.0,751.0
7,1764110425.988808,967.7529125213623,828.0,908.0,717.0
7,1764110426.0329423,974.8557953834534,828.0,903.0,707.0
7,1764110426.0769305,982.0940403938293,828.0,934.0,716.0
7,1764110426.1135035,986.960211277008,828.0,992.0,732.0
7,1764110426.1485224,991.6038661003113,828.0,1004.0,734.0
7,1764110426.1883383,998.854377746582,828.0,994.0,726.0
7,1764110426.2138183,1001.3158230781555,828.0,982.0,667.0
7,1764110426.2486734,1008.5418372154236,828.0,969.0,632.0
7,1764110426.2786741,1010.9119801521301,828.0,1016.0,610.0
7,1764110426.307893,1015.6316666603088,828.0,1041.0,600.0
7,1764110426.34379,1020.4928665161133,828.0,1016.0,604.0
7,1764110426.3730993,1025.2640872001648,828.0,1017.0,605.0
7,1764110426.4081984,1032.4705748558044,828.0,999.0,554.0
7,1764110426.4446757,1037.3050599098206,828.0,989.0,545.0
7,1764110426.4677947,1039.7350339889526,828.0,992.0,562.0
7,1764110426.4983718,1044.4443492889404,828.0,986.0,592.0
7,1764110426.5287876,1049.2114930152893,828.0,991.0,589.0
7,1764110426.5588264,1054.1445045471191,828.0,987.0,594.0
7,1764110426.5878446,1058.8618664741516,828.0,1068.0,585.0
7,1764110426.6235914,1063.6517910957336,828.0,1056.0,589.0
7,1764110426.6537304,1068.492069721222,828.0,1049.0,599.0
7,1764110426.683161,1073.2567100524902,828.0,1054.0,591.0
7,1764110426.7229228,1078.0633358955383,828.0,1053.0,591.0
7,1764110426.7486575,1082.8200368881226,828.0,1060.0,619.0
7,1764110426.795529,1090.078881263733,828.0,1077.0,627.0
7,1764110426.8331285,1094.8487071990967,828.0,1108.0,625.0
7,1764110426.8696024,1099.734082698822,828.0,1147.0,612.0
7,1764110426.90363,1104.428234577179,828.0,1125.0,585.0
7,1764110426.9429,1111.6596131324768,828.0,1129.0,574.0
7,1764110426.9682162,1116.4732484817505,828.0,1098.0,560.0
7,1764110426.9936407,1118.9447073936462,828.0,1108.0,562.0
7,1764110427.0285592,1123.738959312439,828.0,1114.0,581.0
7,1764110427.057952,1128.5390048027039,828.0,1114.0,583.0
7,1764110427.0885048,1133.261480808258,828.0,1129.0,556.0
7,1764110427.1230185,1138.0290536880493,828.0,1105.0,558.0
7,1764110427.1668682,1145.3058152198792,828.0,1109.0,564.0
7,1764110427.2292626,1154.878261566162,828.0,1114.0,568.0
7,1764110427.2621093,1159.7620992660522,828.0,1063.0,526.0
7,1764110427.288011,1164.442482471466,828.0,1064.0,502.0
7,1764110427.3184001,1166.879144191742,828.0,1096.0,501.0
7,1764110427.3484933,1171.7452793121338,828.0,1128.0,497.0
7,1764110427.37893,1176.407244682312,828.0,1128.0,493.0
7,1764110427.4078126,1181.324842453003,828.0,1118.0,504.0
7,1764110427.4430075,1186.024537563324,828.0,1132.0,502.0
7,1764110427.4737475,1190.9337668418884,828.0,1151.0,511.0
7,1764110427.5079439,1195.6433682441711,828.0,1131.0,524.0
7,1764110427.5431333,1200.53897190094,828.0,1139.0,502.0
7,1764110427.572893,1205.3502111434937,828.0,1137.0,489.0
7,1764110427.614585,1212.4598174095154,828.0,1163.0,472.0
7,1764110427.6537266,1217.2236351966858,828.0,1183.0,473.0
7,1764110427.6886208,1224.5339422225952,828.0,1226.0,465.0
7,1764110427.7188096,1226.853838443756,828.0,1218.0,458.0
7,1764110427.7486494,1231.7859201431274,828.0,1214.0,447.0
7,1764110427.77896,1236.4380865097046,828.0,1184.0,475.0
7,1764110427.8084097,1241.361942768097,828.0,1189.0,508.0
7,1764110427.8390274,1246.0617451667786,828.0,1201.0,538.0
7,1764110427.8741162,1250.9114294052124,828.0,1211.0,546.0
7,1764110427.9008114,1255.6723504066467,828.0,1218.0,562.0
7,1764110427.9339871,1260.4608445167542,828.0,1231.0,570.0
7,1764110427.967639,1265.3420000076294,828.0,1266.0,605.0
7,1764110427.9987228,1270.0557141304016,828.0,1291.0,667.0
7,1764110428.028477,1274.8241453170776,828.0,1275.0,689.0
7,1764110428.060073,1279.6276240348816,828.0,1280.0,670.0
7,1764110428.093649,1284.4728021621704,828.0,1291.0,614.0
7,1764110428.133342,1289.2513899803162,828.0,1306.0,615.0
7,1764110428.1728313,1296.4782266616821,828.0,1324.0,622.0
7,1764110428.198425,1298.8285927772522,828.0,1369.0,661.0
7,1764110428.2282596,1303.7389307022095,828.0,1368.0,675.0
7,1764110428.2634218,1308.5551409721375,828.0,1336.0,684.0
7,1764110428.3080797,1315.7221465110779,828.0,1332.0,683.0
7,1764110428.3510022,1322.8805332183838,828.0,1328.0,664.0
7,1764110428.383353,1327.7192025184631,828.0,1314.0,651.0
7,1764110428.4080126,1332.4427156448364,828.0,1307.0,609.0
7,1764110428.4435081,1337.218442440033,828.0,1303.0,567.0
7,1764110428.4755993,1342.0860795974731,828.0,1342.0,593.0
7,1764110428.512798,1346.8274025917053,828.0,1353.0,616.0
7,1764110428.540544,1351.6632823944092,828.0,1307.0,615.0
7,1764110428.5637357,1354.0607481002808,828.0,1285.0,621.0
7,1764110428.5990894,1358.8764219284058,828.0,1291.0,617.0
7,1764110428.628548,1363.659909248352,828.0,1305.0,621.0
7,1764110428.6679223,1370.9131031036377,828.0,1281.0,617.0
7,1764110428.6960719,1373.3036308288574,828.0,1299.0,619.0
7,1764110428.728346,1380.4927377700806,828.0,1337.0,635.0
7,1764110428.7792854,1387.6685767173767,828.0,1349.0,619.0
7,1764110428.8198066,1392.4927263259888,828.0,1323.0,599.0
7,1764110428.8447814,1397.3272113800049,828.0,1324.0,591.0
7,1764110428.8760016,1402.1512537002563,828.0,1338.0,587.0
7,1764110428.9080253,1406.9623141288757,828.0,1355.0,593.0
7,1764110428.9391677,1411.6582899093628,828.0,1349.0,604.0
7,1764110428.9728744,1416.476538658142,828.0,1362.0,602.0
7,1764110429.003535,1421.2544469833374,828.0,1364.0,576.0
7,1764110429.0355022,1426.0788111686707,828.0,1379.0,588.0
7,1764110429.0778446,1430.8812170028687,828.0,1365.0,594.0
7,1764110429.1233907,1438.156261920929,828.0,1371.0,606.0
7,1764110429.1494591,1442.8267030715942,828.0,1419.0,626.0
7,1764110429.1859221,1447.7311401367188,828.0,1447.0,624.0
7,1764110429.2088091,1452.5621919631958,828.0,1448.0,636.0
7,1764110429.2336597,1454.9309043884277,828.0,1444.0,659.0
7,1764110429.268811,1459.7391753196716,828.0,1452.0,667.0
7,1764110429.3037102,1464.5253806114197,828.0,1468.0,685.0
7,1764110429.3335483,1469.2103414535522,828.0,1511.0,653.0
7,1764110429.3779492,1476.4018087387085,828.0,1526.0,632.0
7,1764110429.413764,1481.2419800758362,828.0,1518.0,606.0
7,1764110429.458038,1488.4692101478577,828.0,1525.0,634.0
7,1764110429.4839406,1493.2012705802917,828.0,1537.0,673.0
7,1764110429.523718,1498.0615048408508,828.0,1532.0,665.0
7,1764110429.5728946,1505.2640228271484,828.0,1508.0,642.0
7,1764110429.6034656,1510.0180416107178,828.0,1495.0,619.0
7,1764110429.6286263,1514.8692636489868,828.0,1508.0,625.0
7,1764110429.6537898,1517.3153667449951,828.0,1501.0,637.0
7,1764110429.683436,1522.006586074829,828.0,1503.0,634.0
7,1764110429.7133362,1526.827052116394,828.0,1539.0,665.0
7,1764110429.748775,1531.734850883484,828.0,1557.0,683.0
7,1764110429.7735224,1536.4733843803406,828.0,1582.0,697.0
7,1764110429.8028631,1541.2203221321106,828.0,1605.0,698.0
7,1764110429.8357258,1546.0602431297302,828.0,1637.0,692.0
7,1764110429.869012,1550.962498664856,828.0,1634.0,689.0
7,1764110429.9087813,1555.6599049568176,828.0,1649.0,691.0
7,1764110429.9341586,1560.4423909187317,828.0,1656.0,687.0
7,1764110429.9688005,1565.2298121452332,828.0,1664.0,688.0
7,1764110430.011876,1572.4055080413818,828.0,1663.0,689.0
7,1764110430.0385065,1574.868634223938,828.0,1625.0,683.0
7,1764110430.0679762,1579.6727566719055,828.0,1607.0,702.0
7,1764110430.1032367,1584.4446210861206,828.0,1644.0,708.0
7,1764110430.1332183,1589.220133304596,828.0,1677.0,721.0
7,1764110430.172902,1596.5457468032837,828.0,1678.0,711.0
7,1764110430.204409,1601.2410430908203,828.0,1652.0,694.0
7,1764110430.2357216,1606.113579750061,828.0,1640.0,695.0
7,1764110430.2780554,1610.8897356987,828.0,1652.0,690.0
7,1764110430.3088503,1615.7429962158203,828.0,1678.0,688.0
7,1764110430.3510144,1622.8769927024841,828.0,1685.0,740.0
7,1764110430.3848646,1627.7009992599487,828.0,1696.0,743.0
7,1764110430.4131374,1632.4740796089172,828.0,1705.0,747.0
7,1764110430.446324,1637.3339920043945,828.0,1749.0,690.0
7,1764110430.4829395,1642.0480279922485,828.0,1875.0,765.0
7,1764110430.518772,1646.9187407493591,828.0,1999.0,874.0
7,1764110430.568573,1656.526771068573,828.0,2069.0,936.0
7,1764110430.6088023,1661.3619713783264,828.0,2045.0,942.0
7,1764110430.6283293,1663.7561111450195,828.0,2097.0,947.0
7,1764110430.6637027,1668.5146718025208,828.0,2096.0,947.0
7,1764110430.7036343,1675.749662399292,828.0,2125.0,949.0
7,1764110430.737888,1680.460515499115,828.0,2126.0,951.0
7,1764110430.7800848,1687.7397089004517,828.0,2122.0,946.0
7,1764110430.8184195,1692.5097136497498,828.0,2152.0,947.0
7,1764110430.843751,1697.3058967590332,828.0,2144.0,922.0
7,1764110430.874531,1702.0788340568542,828.0,2126.0,915.0
7,1764110430.907979,1706.9470434188843,828.0,2073.0,902.0
7,1764110430.9428403,1711.670735359192,828.0,2068.0,912.0
7,1764110430.978013,1716.4555459022522,828.0,2040.0,927.0
7,1764110431.0196433,1723.7348108291626,828.0,1995.0,935.0
8,1764110431.0535243,1726.1355667114258,828.0,1993.0,919.0
8,1764110431.0839753,1726.1355667114258,828.0,1982.0,907.0
8,1764110431.1133792,1726.1355667114258,828.0,1725.0,788.0
8,1764110431.1485927,1726.1355667114258,828.0,1740.0,753.0
8,1764110431.1933215,1726.1355667114258,828.0,1755.0,800.0
8,1764110431.223219,1726.1355667114258,828.0,1810.0,804.0
8,1764110431.2531934,1726.1355667114258,828.0,1824.0,809.0
8,1764110431.2936509,1726.1355667114258,828.0,1836.0,813.0
8,1764110431.3337321,1726.1355667114258,828.0,2034.0,904.0
8,1764110431.3628967,1726.1355667114258,828.0,1878.0,711.0
8,1764110431.3985815,1726.1355667114258,828.0,1813.0,670.0
8,1764110431.4178936,1726.1355667114258,828.0,1667.0,562.0
8,1764110431.4485412,1726.1355667114258,828.0,1735.0,686.0
8,1764110431.4785192,1726.1355667114258,828.0,1806.0,802.0
8,1764110431.513196,1726.1355667114258,828.0,1869.0,887.0
8,1764110431.5435667,178.0,921.0,1939.0,919.0
8,1764110431.587189,185.33373165130615,921.0,1675.0,732.0
8,1764110431.620144,190.09150552749634,921.0,1647.0,737.0
8,1764110431.65285,194.91068410873413,921.0,1621.0,744.0
8,1764110431.6883628,199.714448928833,921.0,1632.0,792.0
8,1764110431.7228065,204.51259899139404,921.0,1628.0,805.0
8,1764110431.763404,211.68539810180664,921.0,1658.0,766.0
8,1764110431.8100562,218.91345071792603,921.0,1627.0,770.0
8,1764110431.843587,223.74342966079712,921.0,1639.0,776.0
8,1764110431.87394,228.5534529685974,921.0,1539.0,704.0
8,1764110431.908391,233.31333684921265,921.0,1533.0,819.0
8,1764110431.93317,235.6682448387146,921.0,1055.0,738.0
8,1764110431.963286,240.49332427978516,921.0,634.0,757.0
8,1764110431.99419,245.3606038093567,921.0,527.0,575.0
8,1764110432.0285509,250.1204161643982,921.0,390.0,442.0
8,1764110432.0685737,257.3255805969238,921.0,319.0,473.0
8,1764110432.0937576,259.72301054000854,921.0,231.0,644.0
8,1764110432.1333585,266.8415575027466,921.0,210.0,687.0
8,1764110432.1632159,271.731689453125,921.0,234.0,695.0
8,1764110432.1878235,274.08638286590576,921.0,254.0,615.0
8,1764110432.2252572,281.3174753189087,921.0,317.0,483.0
8,1764110432.2530491,283.7059645652771,921.0,344.0,355.0
8,1764110432.2867482,288.54484844207764,921.0,339.0,287.0
8,1764110432.328126,295.623233795166,921.0,315.0,249.0
8,1764110432.3701901,303.53192377090454,921.0,269.0,222.0
8,1764110432.3981297,307.72285747528076,921.0,253.0,155.0
8,1764110432.4280806,310.1215033531189,921.0,263.0,92.0
8,1764110432.4731758,317.2741322517395,921.0,289.0,-18.0
8,1764110432.5079956,322.0746068954468,921.0,308.0,-106.0
8,1764110432.5380495,326.97210597991943,921.0,297.0,-67.0
8,1764110432.5738807,331.730845451355,921.0,267.0,-35.0
8,1764110432.6193142,338.8680248260498,921.0,242.0,10.0
8,1764110432.6489384,343.7215714454651,921.0,240.0,20.0
8,1764110432.6894648,350.92455434799194,921.0,252.0,28.0
8,1764110432.7182863,355.7463436126709,921.0,286.0,107.0
8,1764110432.7578027,360.50662088394165,921.0,381.0,191.0
8,1764110432.78754,365.2806668281555,921.0,422.0,285.0
8,1764110432.8135703,367.6500587463379,921.0,409.0,349.0
8,1764110432.854014,374.8790054321289,921.0,425.0,719.0
8,1764110432.8934896,379.7132759094238,921.0,457.0,800.0
8,1764110432.933254,386.9342474937439,921.0,475.0,768.0
8,1764110432.953463,389.2241744995117,921.0,480.0,721.0
8,1764110432.9829967,394.07035398483276,921.0,458.0,737.0
8,1764110433.0266085,401.33552837371826,921.0,438.0,739.0
8,1764110433.0533912,403.7092833518982,921.0,438.0,760.0
8,1764110433.0896108,410.80937671661377,921.0,434.0,799.0
8,1764110433.1333678,415.7241849899292,921.0,422.0,848.0
8,1764110433.171769,422.8158383369446,921.0,411.0,840.0
8,1764110433.200554,427.61702823638916,921.0,404.0,818.0
8,1764110433.2236974,430.13587284088135,921.0,409.0,809.0
8,1764110433.2578957,434.84887170791626,921.0,408.0,801.0
8,1764110433.2885385,439.77594661712646,921.0,422.0,814.0
8,1764110433.318637,444.4379835128784,921.0,442.0,825.0
8,1764110433.349156,449.2054133415222,921.0,438.0,832.0
8,1764110433.3978343,456.45284938812256,921.0,423.0,839.0
8,1764110433.4338744,461.4096074104309,921.0,411.0,843.0
8,1764110433.4749324,468.5840873718262,921.0,416.0,820.0
8,1764110433.513371,473.33385038375854,921.0,440.0,795.0
8,1764110433.5387373,478.13482570648193,921.0,487.0,808.0
8,1764110433.5782433,482.83992099761963,921.0,518.0,800.0
8,1764110433.6180453,490.0701193809509,921.0,526.0,815.0
8,1764110433.6585715,494.8684482574463,921.0,534.0,816.0
8,1764110433.6836057,499.6846227645874,921.0,516.0,820.0
8,1764110433.7151222,504.5584468841553,921.0,505.0,818.0
8,1764110433.758227,511.7374687194824,921.0,511.0,830.0
8,1764110433.7987432,516.4687781333923,921.0,532.0,856.0
8,1764110433.8335383,521.2930707931519,921.0,550.0,866.0
8,1764110433.8637984,526.1281995773315,921.0,555.0,871.0
8,1764110433.898836,530.8437376022339,921.0,547.0,878.0
8,1764110433.9282107,535.606303691864,921.0,525.0,884.0
8,1764110433.9641595,540.5267624855042,921.0,529.0,900.0
8,1764110434.0086436,547.630753993988,921.0,541.0,919.0
8,1764110434.0431614,552.5245337486267,921.0,560.0,928.0
8,1764110434.0680172,557.220724105835,921.0,585.0,876.0
8,1764110434.098842,562.1448307037354,921.0,586.0,865.0
8,1764110434.1298256,566.8512134552002,921.0,601.0,873.0
8,1764110434.163754,571.705403804779,921.0,609.0,883.0
8,1764110434.1942446,576.5413551330566,921.0,609.0,889.0
8,1764110434.2337654,581.2614707946777,921.0,598.0,892.0
8,1764110434.2636254,586.0491065979004,921.0,579.0,889.0
8,1764110434.2988753,590.8921747207642,921.0,557.0,889.0
8,1764110434.3231902,595.6478028297424,921.0,566.0,880.0
8,1764110434.3628376,600.4303603172302,921.0,578.0,852.0
8,1764110434.392924,605.2047281265259,921.0,614.0,857.0
8,1764110434.4283247,610.0688605308533,921.0,632.0,850.0
8,1764110434.4707828,617.3764853477478,921.0,639.0,852.0
8,1764110434.5078132,622.0807580947876,921.0,627.0,837.0
8,1764110434.5384734,626.8687515258789,921.0,677.0,824.0
8,1764110434.5687892,631.6035656929016,921.0,681.0,826.0
8,1764110434.5986643,636.5006356239319,921.0,687.0,840.0
8,1764110434.6341882,641.3389472961426,921.0,688.0,829.0
8,1764110434.663358,646.0734395980835,921.0,695.0,824.0
8,1764110434.6984084,650.8543877601624,921.0,697.0,810.0
8,1764110434.7286942,655.6526093482971,921.0,693.0,822.0
8,1764110434.7630117,660.4530124664307,921.0,663.0,822.0
8,1764110434.8082483,667.6047472953796,921.0,655.0,814.0
8,1764110434.843188,672.4323658943176,921.0,666.0,818.0
8,1764110434.888564,679.661205291748,921.0,679.0,854.0
8,1764110434.9183223,684.5445423126221,921.0,671.0,862.0
8,1764110434.9536004,689.2619042396545,921.0,657.0,832.0
8,1764110434.978474,694.1141276359558,921.0,679.0,846.0
8,1764110435.0132568,698.8418250083923,921.0,745.0,829.0
8,1764110435.0531497,703.6313920021057,921.0,739.0,861.0
8,1764110435.0932765,710.9851508140564,921.0,730.0,871.0
8,1764110435.1216412,715.6354575157166,921.0,719.0,875.0
8,1764110435.1484327,718.140426158905,921.0,723.0,870.0
8,1764110435.1928833,725.2526788711548,921.0,691.0,844.0
8,1764110435.234429,732.4895648956299,921.0,713.0,824.0
8,1764110435.2584352,734.8906426429749,921.0,739.0,823.0
8,1764110435.2936444,739.6804957389832,921.0,791.0,820.0
8,1764110435.318638,744.538405418396,921.0,806.0,823.0
8,1764110435.3480175,749.3510394096375,921.0,811.0,813.0
8,1764110435.3833687,754.0645747184753,921.0,812.0,799.0
8,1764110435.4134634,758.8273196220398,921.0,796.0,786.0
8,1764110435.4483695,763.66974401474,921.0,766.0,781.0
8,1764110435.4900749,770.9089903831482,921.0,758.0,798.0
8,1764110435.5233111,775.6516723632812,921.0,764.0,797.0
8,1764110435.5480554,778.0812530517578,921.0,778.0,795.0
8,1764110435.5783563,782.9511790275574,921.0,798.0,790.0
8,1764110435.6190073,790.0222687721252,921.0,823.0,800.0
8,1764110435.6384494,792.4875407218933,921.0,821.0,799.0
8,1764110435.6737788,797.2029356956482,921.0,822.0,815.0
8,1764110435.7038858,802.0104913711548,921.0,816.0,795.0
8,1764110435.732896,806.8997292518616,921.0,812.0,798.0
8,1764110435.778685,814.1155152320862,921.0,810.0,786.0
8,1764110435.8134875,818.8772945404053,921.0,825.0,772.0
8,1764110435.8383482,823.7556247711182,921.0,837.0,750.0
8,1764110435.8686628,826.0906844139099,921.0,829.0,740.0
8,1764110435.907595,833.2692413330078,921.0,810.0,737.0
8,1764110435.94281,838.0795865058899,921.0,808.0,736.0
8,1764110435.9928443,845.256498336792,921.0,807.0,754.0
8,1764110436.023717,850.1191644668579,921.0,798.0,774.0
8,1764110436.0486183,854.8367767333984,921.0,846.0,790.0
8,1764110436.0785823,859.7907452583313,921.0,851.0,798.0
8,1764110436.1130698,864.4961981773376,921.0,864.0,809.0
8,1764110436.148251,869.2819385528564,921.0,853.0,803.0
8,1764110436.189766,874.0276961326599,921.0,806.0,798.0
8,1764110436.2279391,881.2371163368225,921.0,789.0,806.0
8,1764110436.258353,886.1494212150574,921.0,822.0,803.0
8,1764110436.2907612,890.9645586013794,921.0,840.0,801.0
8,1764110436.3238294,895.741322517395,921.0,837.0,815.0
8,1764110436.3537571,900.4032878875732,921.0,843.0,824.0
8,1764110436.3857756,905.2292613983154,921.0,840.0,826.0
8,1764110436.4197645,910.1998953819275,921.0,833.0,821.0
8,1764110436.4489806,914.8371486663818,921.0,844.0,817.0
8,1764110436.4807208,919.6499614715576,921.0,863.0,808.0
8,1764110436.5081275,922.0570116043091,921.0,848.0,800.0
8,1764110436.5384629,926.8048076629639,921.0,846.0,789.0
8,1764110436.56813,931.7793040275574,921.0,841.0,797.0
8,1764110436.609112,938.8898401260376,921.0,865.0,797.0
8,1764110436.6382518,943.7411694526672,921.0,858.0,774.0
8,1764110436.6741643,948.4054236412048,921.0,869.0,772.0
8,1764110436.710567,953.271737575531,921.0,865.0,763.0
8,1764110436.7437925,958.0152063369751,921.0,864.0,773.0
8,1764110436.789578,965.2142910957336,921.0,942.0,783.0
8,1764110436.8283014,970.1437621116638,921.0,952.0,817.0
8,1764110436.853426,974.9340801239014,921.0,951.0,823.0
8,1764110436.8778713,979.6840934753418,921.0,955.0,829.0
8,1764110436.914763,984.5484762191772,921.0,960.0,818.0
8,1764110436.9483938,989.3147616386414,921.0,971.0,819.0
8,1764110436.9900959,994.1015748977661,921.0,988.0,815.0
8,1764110437.0273356,1001.2615351676941,921.0,998.0,814.0
8,1764110437.0738676,1008.4055094718933,921.0,989.0,788.0
8,1764110437.11346,1013.2813363075256,921.0,1017.0,768.0
8,1764110437.1411855,1018.0004863739014,921.0,1035.0,749.0
8,1764110437.1737244,1022.8668718338013,921.0,1045.0,745.0
8,1764110437.2078712,1027.6882319450378,921.0,1048.0,753.0
8,1764110437.2331553,1032.5063018798828,921.0,1049.0,751.0
8,1764110437.2732227,1037.2215538024902,921.0,1033.0,750.0
8,1764110437.308671,1042.12695646286,921.0,1017.0,756.0
8,1764110437.3338954,1046.949818611145,921.0,1006.0,757.0
8,1764110437.373886,1051.7453937530518,921.0,1016.0,755.0
8,1764110437.4184906,1058.9654355049133,921.0,1024.0,750.0
8,1764110437.4535148,1063.6318712234497,921.0,1031.0,766.0
8,1764110437.4930391,1070.8271293640137,921.0,1036.0,777.0
8,1764110437.5205686,1075.620701789856,921.0,1036.0,802.0
8,1764110437.5546806,1080.4694204330444,921.0,1044.0,807.0
8,1764110437.5834162,1085.205092906952,921.0,1049.0,808.0
8,1764110437.6285634,1090.1458649635315,921.0,1054.0,805.0
8,1764110437.6650567,1097.2874789237976,921.0,1063.0,805.0
8,1764110437.688452,1099.6421008110046,921.0,1078.0,787.0
8,1764110437.7227974,1104.4122128486633,921.0,1078.0,752.0
8,1764110437.75329,1109.2710523605347,921.0,1073.0,710.0
8,1764110437.7834678,1114.0807180404663,921.0,1122.0,714.0
8,1764110437.8336658,1121.270182609558,921.0,1218.0,686.0
8,1764110437.8638604,1126.0694770812988,921.0,1233.0,693.0
8,1764110437.8897989,1130.9885411262512,921.0,1261.0,700.0
8,1764110437.9181714,1135.7291131019592,921.0,1292.0,700.0
8,1764110437.948968,1138.1229310035706,921.0,1284.0,711.0
8,1764110437.978281,1142.8319602012634,921.0,1287.0,724.0
8,1764110438.0134895,1147.7309970855713,921.0,1289.0,715.0
8,1764110438.042794,1152.427330493927,921.0,1275.0,712.0
8,1764110438.0837486,1159.7116737365723,921.0,1267.0,713.0
8,1764110438.1228936,1164.4529967308044,921.0,1251.0,710.0
8,1764110438.1682622,1171.60591173172,921.0,1242.0,720.0
8,1764110438.1980436,1176.5269784927368,921.0,1254.0,738.0
8,1764110438.241736,1183.6225657463074,921.0,1263.0,742.0
8,1764110438.2640536,1186.1706643104553,921.0,1266.0,751.0
8,1764110438.2940075,1190.9366278648376,921.0,1232.0,753.0
8,1764110438.3280363,1195.6681876182556,921.0,1227.0,750.0
8,1764110438.3579986,1200.5296378135681,921.0,1217.0,762.0
8,1764110438.3887322,1205.3587584495544,921.0,1218.0,764.0
8,1764110438.4285157,1210.0531606674194,921.0,1226.0,769.0
8,1764110438.4682255,1217.2231702804565,921.0,1226.0,781.0
8,1764110438.4883392,1219.7182683944702,921.0,1234.0,783.0
8,1764110438.5185513,1224.4620232582092,921.0,1230.0,785.0
8,1764110438.548499,1229.3437867164612,921.0,1229.0,789.0
8,1764110438.5828156,1234.0765624046326,921.0,1231.0,793.0
8,1764110438.6132724,1238.9232783317566,921.0,1227.0,798.0
8,1764110438.6487749,1243.6724333763123,921.0,1294.0,798.0
8,1764110438.6908417,1250.9857087135315,921.0,1331.0,761.0
8,1764110438.7234833,1255.601969242096,921.0,1340.0,753.0
8,1764110438.7489135,1258.1074028015137,921.0,1345.0,766.0
8,1764110438.7905374,1265.2992634773254,921.0,1346.0,776.0
8,1764110438.8183134,1270.068374156952,921.0,1348.0,788.0
8,1764110438.8537698,1274.926462650299,921.0,1357.0,799.0
8,1764110438.8834348,1279.6651034355164,921.0,1359.0,807.0
8,1764110438.9294786,1286.8011384010315,921.0,1358.0,808.0
8,1764110438.968427,1291.7550711631775,921.0,1359.0,808.0
8,1764110438.9880984,1294.1316871643066,921.0,1362.0,806.0
8,1764110439.0181139,1298.9448218345642,921.0,1366.0,805.0
8,1764110439.0534167,1303.6270289421082,921.0,1368.0,807.0
8,1764110439.0835702,1308.4352283477783,921.0,1371.0,808.0
8,1764110439.1282609,1315.6301646232605,921.0,1356.0,814.0
8,1764110439.1723309,1322.9549555778503,921.0,1364.0,811.0
8,1764110439.213496,1327.621069431305,921.0,1358.0,813.0
8,1764110439.2498398,1334.872010231018,921.0,1353.0,817.0
8,1764110439.2884421,1339.716866493225,921.0,1444.0,789.0
8,1764110439.3187761,1344.443419456482,921.0,1456.0,778.0
8,1764110439.3482234,1349.3069081306458,921.0,1447.0,778.0
8,1764110439.3780136,1354.1005520820618,921.0,1443.0,778.0
8,1764110439.408919,1358.8744549751282,921.0,1433.0,792.0
8,1764110439.442745,1363.6140971183777,921.0,1430.0,792.0
8,1764110439.4679954,1366.0669951438904,921.0,1422.0,809.0
8,1764110439.4987588,1370.9993271827698,921.0,1439.0,807.0
8,1764110439.5330203,1375.6832866668701,921.0,1431.0,813.0
8,1764110439.5695586,1382.947566986084,921.0,1443.0,814.0
8,1764110439.5979288,1387.6927165985107,921.0,1449.0,815.0
8,1764110439.6285896,1390.0576739311218,921.0,1455.0,819.0
8,1764110439.6686747,1397.2781448364258,921.0,1439.0,822.0
8,1764110439.7086303,1402.1339802742004,921.0,1403.0,828.0
8,1764110439.732943,1406.9408206939697,921.0,1407.0,806.0
8,1764110439.7729,1411.607292175293,921.0,1409.0,808.0
8,1764110439.8179085,1418.8993601799011,921.0,1403.0,799.0
8,1764110439.852797,1423.7770109176636,921.0,1435.0,794.0
8,1764110439.87828,1428.4367232322693,921.0,1449.0,809.0
8,1764110439.9081316,1433.2651286125183,921.0,1446.0,812.0
8,1764110439.9385908,1438.1795434951782,921.0,1447.0,815.0
8,1764110439.9693267,1442.8968696594238,921.0,1443.0,824.0
8,1764110440.0000694,1447.6676969528198,921.0,1465.0,826.0
8,1764110440.0339072,1452.4291543960571,921.0,1525.0,801.0
8,1764110440.068405,1457.2409300804138,921.0,1527.0,802.0
8,1764110440.0982406,1462.1006994247437,921.0,1523.0,794.0
8,1764110440.1293757,1466.956642150879,921.0,1525.0,797.0
8,1764110440.1607952,1471.6319470405579,921.0,1527.0,795.0
8,1764110440.1929228,1476.4466910362244,921.0,1531.0,793.0
8,1764110440.2265575,1481.386104106903,921.0,1535.0,787.0
8,1764110440.2587678,1486.0426335334778,921.0,1537.0,781.0
8,1764110440.298032,1490.8766536712646,921.0,1534.0,776.0
8,1764110440.338826,1498.0950145721436,921.0,1546.0,777.0
8,1764110440.3782096,1502.848997592926,921.0,1552.0,779.0
8,1764110440.413124,1507.7957062721252,921.0,1557.0,787.0
8,1764110440.4436402,1512.4372510910034,921.0,1561.0,799.0
8,1764110440.4737642,1517.3185496330261,921.0,1558.0,807.0
8,1764110440.5034683,1522.0330862998962,921.0,1559.0,806.0
8,1764110440.538155,1526.8236904144287,921.0,1564.0,811.0
8,1764110440.5686302,1531.8589477539062,921.0,1568.0,814.0
8,1764110440.5980787,1536.408510684967,921.0,1570.0,823.0
8,1764110440.6339424,1541.22261095047,921.0,1627.0,830.0
8,1764110440.658025,1546.0582761764526,921.0,1635.0,833.0
8,1764110440.693658,1550.9056000709534,921.0,1641.0,839.0
8,1764110440.728159,1555.695345878601,921.0,1630.0,841.0
8,1764110440.75851,1560.5966358184814,921.0,1652.0,828.0
8,1764110440.788497,1565.226915359497,921.0,1653.0,823.0
8,1764110440.828753,1570.0055389404297,921.0,1661.0,820.0
8,1764110440.8739326,1577.2989659309387,921.0,1657.0,810.0
8,1764110440.9087393,1582.039716720581,921.0,1665.0,807.0
8,1764110440.9384308,1586.9002013206482,921.0,1643.0,803.0
8,1764110440.9684095,1591.6051893234253,921.0,1632.0,803.0
8,1764110441.0037067,1596.4543371200562,921.0,1631.0,808.0
8,1764110441.033684,1601.2930064201355,921.0,1639.0,810.0
8,1764110441.0740755,1608.4523944854736,921.0,1698.0,784.0
8,1764110441.1134267,1613.271966457367,921.0,1704.0,791.0
8,1764110441.1387086,1618.1206135749817,921.0,1686.0,792.0
8,1764110441.1691456,1622.9194073677063,921.0,1704.0,789.0
8,1764110441.193604,1625.2846865653992,921.0,1704.0,794.0
8,1764110441.2279143,1630.0251512527466,921.0,1696.0,811.0
8,1764110441.2650504,1637.3021273612976,921.0,1695.0,818.0
8,1764110441.2929847,1639.6065740585327,921.0,1691.0,824.0
8,1764110441.3287733,1646.8086986541748,921.0,1676.0,817.0
8,1764110441.3735769,1651.693573474884,921.0,1703.0,802.0
8,1764110441.4297316,1661.3540320396423,921.0,1710.0,793.0
8,1764110441.463903,1666.0557298660278,921.0,1715.0,780.0
8,1764110441.4896452,1670.809534072876,921.0,1743.0,787.0
8,1764110441.5336716,1675.7808117866516,921.0,1756.0,778.0
8,1764110441.5730977,1682.8898100852966,921.0,1755.0,780.0
8,1764110441.5933547,1685.3594093322754,921.0,1760.0,777.0
8,1764110441.6234252,1690.129521369934,921.0,1763.0,774.0
8,1764110441.6529691,1694.9360399246216,921.0,1770.0,772.0
8,1764110441.6829946,1699.6591954231262,921.0,1779.0,771.0
8,1764110441.7141523,1704.5966415405273,921.0,1778.0,771.0
8,1764110441.7486238,1709.3199043273926,921.0,1776.0,780.0
8,1764110441.778719,1714.1364006996155,921.0,1779.0,778.0
8,1764110441.8108814,1718.8970355987549,921.0,1762.0,785.0
8,1764110441.8408864,1723.6204056739807,921.0,1785.0,783.0
9,1764110441.8730636,1726.0173707008362,921.0,1787.0,783.0
9,1764110441.9133527,1726.0173707008362,921.0,1785.0,781.0
9,1764110441.9530618,1726.0173707008362,921.0,1785.0,783.0
9,1764110441.9730473,1726.0173707008362,921.0,1777.0,789.0
9,1764110441.9984198,1726.0173707008362,921.0,1767.0,797.0
9,1764110442.0280507,1726.0173707008362,921.0,1764.0,798.0
9,1764110442.0831552,1726.0173707008362,921.0,1760.0,800.0
9,1764110442.1180549,1726.0173707008362,921.0,1758.0,794.0
9,1764110442.1437953,1726.0173707008362,921.0,1751.0,791.0
9,1764110442.1682487,1726.0173707008362,921.0,1741.0,801.0
9,1764110442.198561,1726.0173707008362,921.0,1739.0,799.0
9,1764110442.238408,1726.0173707008362,921.0,1740.0,802.0
9,1764110442.26862,1726.0173707008362,921.0,1720.0,806.0
9,1764110442.297864,1726.0173707008362,921.0,1736.0,802.0
9,1764110442.347896,1726.0173707008362,921.0,1725.0,806.0
9,1764110442.3838725,180.43490934371948,1014.0,1222.0,882.0
9,1764110442.4134157,185.34935998916626,1014.0,628.0,918.0
9,1764110442.4506,190.14375495910645,1014.0,478.0,905.0
9,1764110442.4933376,197.247567653656,1014.0,474.0,916.0
9,1764110442.5286233,202.0711808204651,1014.0,465.0,954.0
9,1764110442.5635624,209.35302066802979,1014.0,452.0,984.0
9,1764110442.5933132,211.71011018753052,1014.0,454.0,989.0
9,1764110442.623092,216.54624032974243,1014.0,435.0,1000.0
9,1764110442.653019,221.2567000389099,1014.0,324.0,1016.0
9,1764110442.684001,226.0998396873474,1014.0,310.0,1017.0
9,1764110442.7182696,230.86601781845093,1014.0,314.0,1018.0
9,1764110442.7528524,235.65676498413086,1014.0,320.0,1024.0
9,1764110442.7955961,242.88717794418335,1014.0,309.0,1034.0
9,1764110442.8138053,245.3121452331543,1014.0,290.0,1052.0
9,1764110442.8485558,250.00032472610474,1014.0,290.0,1047.0
9,1764110442.8742075,254.857590675354,1014.0,293.0,1032.0
9,1764110442.908264,259.68474435806274,1014.0,292.0,1016.0
9,1764110442.9383392,264.4603281021118,1014.0,289.0,1010.0
9,1764110442.9737597,269.3098335266113,1014.0,276.0,1007.0
9,1764110443.0037003,274.09174728393555,1014.0,276.0,1024.0
9,1764110443.0467172,281.20332050323486,1014.0,282.0,1056.0
9,1764110443.0730693,283.6169867515564,1014.0,343.0,1057.0
9,1764110443.1034112,288.5519652366638,1014.0,360.0,1050.0
9,1764110443.1437929,295.7211880683899,1014.0,362.0,1024.0
9,1764110443.1776607,300.4488854408264,1014.0,363.0,1013.0
9,1764110443.2184048,305.27800607681274,1014.0,356.0,1003.0
9,1764110443.242941,310.01661109924316,1014.0,358.0,1000.0
9,1764110443.2785704,314.8759512901306,1014.0,365.0,1009.0
9,1764110443.3084497,319.70188903808594,1014.0,374.0,1012.0
9,1764110443.3427932,324.4213252067566,1014.0,374.0,1015.0
9,1764110443.3729239,329.40215158462524,1014.0,372.0,1020.0
9,1764110443.4078271,334.04974031448364,1014.0,369.0,1008.0
9,1764110443.438702,338.8582615852356,1014.0,379.0,1005.0
9,1764110443.478464,346.08849573135376,1014.0,395.0,1003.0
9,1764110443.5131474,350.9609251022339,1014.0,414.0,997.0
9,1764110443.5540192,355.68633365631104,1014.0,411.0,1000.0
9,1764110443.6130748,365.20141649246216,1014.0,403.0,1006.0
9,1764110443.6607933,372.53357458114624,1014.0,417.0,994.0
9,1764110443.6885424,377.2273688316345,1014.0,448.0,976.0
9,1764110443.7195506,382.09250259399414,1014.0,456.0,973.0
9,1764110443.7379205,384.53860569000244,1014.0,453.0,981.0
9,1764110443.7685442,389.24294996261597,1014.0,438.0,988.0
9,1764110443.7929769,391.720703125,1014.0,422.0,1010.0
9,1764110443.8233411,396.4047341346741,1014.0,424.0,1023.0
9,1764110443.8536954,401.25148582458496,1014.0,425.0,1027.0
9,1764110443.883615,406.0973434448242,1014.0,1686.0,2342.0
9,1764110443.9286745,413.3166341781616,1014.0,416.0,1028.0
9,1764110443.9681923,418.0378227233887,1014.0,416.0,1009.0
9,1764110443.9904032,422.850492477417,1014.0,437.0,996.0
9,1764110444.018681,425.29140996932983,1014.0,455.0,981.0
9,1764110444.0486584,430.1242141723633,1014.0,473.0,970.0
9,1764110444.0778012,434.8677544593811,1014.0,471.0,964.0
9,1764110444.1131282,439.62259578704834,1014.0,470.0,959.0
9,1764110444.144159,444.4149522781372,1014.0,481.0,968.0
9,1764110444.178256,449.2485074996948,1014.0,460.0,949.0
9,1764110444.2180116,456.50273847579956,1014.0,464.0,934.0
9,1764110444.246163,461.2269310951233,1014.0,467.0,916.0
9,1764110444.2779605,466.0087375640869,1014.0,465.0,915.0
9,1764110444.3286219,473.2813506126404,1014.0,465.0,915.0
9,1764110444.3631191,478.0195264816284,1014.0,513.0,914.0
9,1764110444.3932726,482.8375606536865,1014.0,512.0,925.0
9,1764110444.4180293,485.20616579055786,1014.0,519.0,928.0
9,1764110444.463412,492.4201993942261,1014.0,524.0,924.0
9,1764110444.4978678,497.3334698677063,1014.0,524.0,923.0
9,1764110444.5229363,502.0887403488159,1014.0,536.0,921.0
9,1764110444.5583,506.94829511642456,1014.0,539.0,934.0
9,1764110444.5886235,511.621346950531,1014.0,543.0,951.0
9,1764110444.6178398,516.4984970092773,1014.0,531.0,966.0
9,1764110444.6536062,521.2294130325317,1014.0,517.0,957.0
9,1764110444.6882226,526.0527758598328,1014.0,519.0,943.0
9,1764110444.7315652,533.3950905799866,1014.0,554.0,956.0
9,1764110444.7795925,540.4077081680298,1014.0,546.0,943.0
9,1764110444.808622,545.3491954803467,1014.0,541.0,935.0
9,1764110444.8481853,550.0277190208435,1014.0,542.0,936.0
9,1764110444.873603,554.8542289733887,1014.0,546.0,953.0
9,1764110444.9128594,559.6386103630066,1014.0,556.0,957.0
9,1764110444.951407,566.8758897781372,1014.0,557.0,964.0
9,1764110444.9732566,569.2495732307434,1014.0,503.0,965.0
9,1764110445.0086215,574.0182547569275,1014.0,498.0,949.0
9,1764110445.0381546,578.8703708648682,1014.0,497.0,944.0
9,1764110445.0681202,583.7530283927917,1014.0,494.0,945.0
9,1764110445.0977955,588.4695677757263,1014.0,492.0,948.0
9,1764110445.1303399,593.2422904968262,1014.0,487.0,958.0
9,1764110445.1595643,598.1063871383667,1014.0,482.0,959.0
9,1764110445.2087605,605.2547960281372,1014.0,485.0,959.0
9,1764110445.2447186,610.0584177970886,1014.0,486.0,953.0
9,1764110445.269922,614.938750743866,1014.0,575.0,949.0
9,1764110445.2986088,617.216160774231,1014.0,600.0,944.0
9,1764110445.3286216,622.1639423370361,1014.0,615.0,949.0
9,1764110445.358235,626.861813545227,1014.0,623.0,954.0
9,1764110445.3878582,631.6927223205566,1014.0,630.0,971.0
9,1764110445.4229617,636.4338665008545,1014.0,627.0,966.0
9,1764110445.453418,641.2502555847168,1014.0,619.0,984.0
9,1764110445.488821,646.0658221244812,1014.0,603.0,989.0
9,1764110445.5318546,653.2852201461792,1014.0,604.0,986.0
9,1764110445.5589354,658.0453543663025,1014.0,619.0,955.0
9,1764110445.590396,662.9173545837402,1014.0,637.0,951.0
9,1764110445.6235955,667.6522045135498,1014.0,654.0,964.0
9,1764110445.670351,674.8690991401672,1014.0,658.0,968.0
9,1764110445.7082026,679.7189264297485,1014.0,662.0,982.0
9,1764110445.7367868,684.5016984939575,1014.0,671.0,982.0
9,1764110445.7628548,689.2468838691711,1014.0,684.0,983.0
9,1764110445.8028286,694.0461783409119,1014.0,694.0,976.0
9,1764110445.8433073,701.3147501945496,1014.0,708.0,972.0
9,1764110445.8820262,706.0192375183105,1014.0,717.0,972.0
9,1764110445.903572,708.4229617118835,1014.0,736.0,976.0
9,1764110445.937992,713.3074431419373,1014.0,753.0,956.0
9,1764110445.9680052,718.1007294654846,1014.0,804.0,934.0
9,1764110445.998712,722.8521375656128,1014.0,806.0,927.0
9,1764110446.0286613,727.6276497840881,1014.0,808.0,925.0
9,1764110446.064079,732.5618772506714,1014.0,817.0,930.0
9,1764110446.0996232,737.2000246047974,1014.0,823.0,922.0
9,1764110446.1315348,742.0116572380066,1014.0,831.0,907.0
9,1764110446.1730335,749.3632345199585,1014.0,831.0,894.0
9,1764110446.1979566,754.0633230209351,1014.0,827.0,877.0
9,1764110446.2387722,758.8554649353027,1014.0,868.0,877.0
9,1764110446.2806046,766.0968928337097,1014.0,871.0,880.0
9,1764110446.3033125,768.4652833938599,1014.0,889.0,900.0
9,1764110446.3328598,773.3626036643982,1014.0,895.0,899.0
9,1764110446.363006,778.0988125801086,1014.0,900.0,882.0
9,1764110446.3929336,782.829478263855,1014.0,868.0,864.0
9,1764110446.4236183,787.7333073616028,1014.0,869.0,861.0
9,1764110446.4552495,792.4464135169983,1014.0,875.0,872.0
9,1764110446.5030875,799.6154932975769,1014.0,860.0,881.0
9,1764110446.5431814,804.4852046966553,1014.0,860.0,896.0
9,1764110446.5778909,809.2157988548279,1014.0,858.0,903.0
9,1764110446.6171713,816.5628342628479,1014.0,858.0,907.0
9,1764110446.6432831,821.3111310005188,1014.0,860.0,906.0
9,1764110446.683859,826.0955839157104,1014.0,852.0,910.0
9,1764110446.713492,830.9532074928284,1014.0,850.0,904.0
9,1764110446.753657,835.6972484588623,1014.0,847.0,899.0
9,1764110446.7786698,840.4670028686523,1014.0,891.0,893.0
9,1764110446.8029442,845.2602891921997,1014.0,901.0,904.0
9,1764110446.833689,847.7322130203247,1014.0,898.0,914.0
9,1764110446.878367,854.9621968269348,1014.0,898.0,916.0
9,1764110446.9182823,862.0448021888733,1014.0,896.0,941.0
9,1764110446.953395,866.9347910881042,1014.0,885.0,949.0
9,1764110446.9829688,871.6438918113708,1014.0,866.0,942.0
9,1764110447.0137894,876.4372138977051,1014.0,842.0,921.0
9,1764110447.0431354,881.2889723777771,1014.0,843.0,917.0
9,1764110447.073538,883.614447593689,1014.0,848.0,911.0
9,1764110447.1032507,888.4074478149414,1014.0,859.0,919.0
9,1764110447.1378536,893.2182936668396,1014.0,857.0,926.0
9,1764110447.1687639,898.0787425041199,1014.0,863.0,955.0
9,1764110447.1938496,902.9407649040222,1014.0,838.0,939.0
9,1764110447.2394426,910.0668935775757,1014.0,852.0,930.0
9,1764110447.2782009,914.8834972381592,1014.0,848.0,914.0
9,1764110447.3082502,919.6260004043579,1014.0,852.0,912.0
9,1764110447.3520281,926.8634943962097,1014.0,854.0,910.0
9,1764110447.3931882,931.7614226341248,1014.0,853.0,924.0
9,1764110447.4335861,938.8986735343933,1014.0,890.0,927.0
9,1764110447.4734797,943.6805515289307,1014.0,904.0,927.0
9,1764110447.4989135,948.6127047538757,1014.0,922.0,898.0
9,1764110447.523176,953.2950549125671,1014.0,939.0,880.0
9,1764110447.5528307,955.640163898468,1014.0,926.0,870.0
9,1764110447.5831487,960.4007630348206,1014.0,923.0,864.0
9,1764110447.6140478,965.218189239502,1014.0,919.0,865.0
9,1764110447.6440516,970.0920848846436,1014.0,928.0,873.0
9,1764110447.688028,977.3486762046814,1014.0,938.0,876.0
9,1764110447.7362702,984.5699696540833,1014.0,945.0,867.0
9,1764110447.778908,989.206579208374,1014.0,936.0,865.0
9,1764110447.803252,994.14670753479,1014.0,914.0,866.0
9,1764110447.8318996,998.9369540214539,1014.0,913.0,882.0
9,1764110447.8791873,1006.1383633613586,1014.0,922.0,864.0
9,1764110447.9179022,1010.8698515892029,1014.0,926.0,846.0
9,1764110447.9450886,1015.7790093421936,1014.0,914.0,864.0
9,1764110447.9917772,1022.8373675346375,1014.0,908.0,892.0
9,1764110448.0280282,1027.685299396515,1014.0,908.0,886.0
9,1764110448.0629435,1032.452407360077,1014.0,906.0,870.0
9,1764110448.0937471,1037.223198890686,1014.0,917.0,873.0
9,1764110448.1234322,1042.0220284461975,1014.0,980.0,879.0
9,1764110448.158914,1046.9270377159119,1014.0,981.0,874.0
9,1764110448.1887658,1051.679804801941,1014.0,978.0,854.0
9,1764110448.2184958,1056.528344631195,1014.0,988.0,849.0
9,1764110448.253953,1061.203148841858,1014.0,988.0,849.0
9,1764110448.278498,1066.045358657837,1014.0,990.0,860.0
9,1764110448.3133702,1071.1788921356201,1014.0,985.0,862.0
9,1764110448.3431883,1075.668731212616,1014.0,967.0,873.0
9,1764110448.3752038,1080.4460315704346,1014.0,1048.0,882.0
9,1764110448.4129858,1085.2742223739624,1014.0,1049.0,908.0
9,1764110448.4379919,1090.0362162590027,1014.0,1055.0,916.0
9,1764110448.473235,1094.829538345337,1014.0,1062.0,926.0
9,1764110448.5030077,1099.670389175415,1014.0,1046.0,921.0
9,1764110448.5339968,1104.4008045196533,1014.0,1058.0,922.0
9,1764110448.5704756,1109.847620010376,1014.0,1064.0,923.0
9,1764110448.6033092,1114.130177974701,1014.0,1063.0,919.0
9,1764110448.637935,1118.9170627593994,1014.0,1058.0,919.0
9,1764110448.6688085,1123.7030177116394,1014.0,1061.0,911.0
9,1764110448.7037542,1128.415015220642,1014.0,1058.0,904.0
9,1764110448.7388673,1133.3626537322998,1014.0,1070.0,904.0
9,1764110448.7688375,1138.0703597068787,1014.0,1019.0,902.0
9,1764110448.80881,1145.3452615737915,1014.0,1041.0,890.0
9,1764110448.8335636,1147.6441292762756,1014.0,1083.0,858.0
9,1764110448.869567,1154.8038034439087,1014.0,1091.0,850.0
9,1764110448.903678,1159.6574573516846,1014.0,1087.0,853.0
9,1764110448.9348805,1164.44140958786,1014.0,1082.0,861.0
9,1764110448.968425,1169.3309693336487,1014.0,1092.0,881.0
9,1764110449.0080135,1174.0041642189026,1014.0,1093.0,888.0
9,1764110449.0431352,1181.2889366149902,1014.0,1089.0,890.0
9,1764110449.0881975,1186.0339074134827,1014.0,1098.0,881.0
9,1764110449.1328747,1193.23517370224,1014.0,1112.0,869.0
9,1764110449.1597736,1198.1455473899841,1014.0,1115.0,869.0
9,1764110449.182879,1200.4382996559143,1014.0,1120.0,870.0
9,1764110449.2130966,1205.2431373596191,1014.0,1128.0,875.0
9,1764110449.2490928,1210.0443987846375,1014.0,1134.0,885.0
9,1764110449.2783756,1214.8741631507874,1014.0,1126.0,904.0
9,1764110449.309494,1219.6895151138306,1014.0,1144.0,905.0
9,1764110449.352018,1226.8932132720947,1014.0,1151.0,905.0
9,1764110449.3931983,1231.688645362854,1014.0,1154.0,901.0
9,1764110449.4179296,1236.5391521453857,1014.0,1156.0,899.0
9,1764110449.4482315,1241.212776184082,1014.0,1144.0,919.0
9,1764110449.4788086,1246.1324481964111,1014.0,1146.0,924.0
9,1764110449.5105155,1250.9121088981628,1014.0,1153.0,931.0
9,1764110449.549351,1255.6082277297974,1014.0,1166.0,935.0
9,1764110449.590136,1262.8532676696777,1014.0,1203.0,930.0
9,1764110449.6137226,1265.219476699829,1014.0,1207.0,924.0
9,1764110449.6482632,1270.0231699943542,1014.0,1210.0,920.0
9,1764110449.6779828,1274.8733549118042,1014.0,1217.0,920.0
9,1764110449.70832,1279.6980409622192,1014.0,1225.0,921.0
9,1764110449.7387407,1284.4406156539917,1014.0,1238.0,930.0
9,1764110449.7785454,1289.2213492393494,1014.0,1255.0,944.0
9,1764110449.8133929,1296.452548980713,1014.0,1242.0,961.0
9,1764110449.838656,1298.9063053131104,1014.0,1691.0,2351.0
9,1764110449.8834548,1306.0616164207458,1014.0,1270.0,964.0
9,1764110449.9110167,1310.8662037849426,1014.0,1278.0,963.0
9,1764110449.9437292,1315.7475023269653,1014.0,1280.0,965.0
9,1764110449.9901736,1322.8732376098633,1014.0,1286.0,968.0
9,1764110450.0281239,1327.65078830719,1014.0,1275.0,969.0
9,1764110450.0488324,1330.1481037139893,1014.0,1292.0,957.0
9,1764110450.0830715,1337.2793822288513,1014.0,1301.0,946.0
9,1764110450.1137035,1339.6669416427612,1014.0,1301.0,924.0
9,1764110450.1534226,1346.8579440116882,1014.0,1294.0,909.0
9,1764110450.198996,1354.0215878486633,1014.0,1299.0,885.0
9,1764110450.2382836,1358.8634042739868,1014.0,1309.0,876.0
9,1764110450.2681108,1363.65593957901,1014.0,1321.0,888.0
9,1764110450.2947161,1368.4873847961426,1014.0,1326.0,892.0
9,1764110450.323105,1373.2844262123108,1014.0,1346.0,894.0
9,1764110450.3587637,1378.0100135803223,1014.0,1362.0,884.0
9,1764110450.3928206,1382.9401998519897,1014.0,1368.0,883.0
9,1764110450.4286985,1387.6348881721497,1014.0,1375.0,883.0
9,1764110450.4585674,1392.4320011138916,1014.0,1386.0,894.0
9,1764110450.4886928,1397.2710280418396,1014.0,1388.0,900.0
9,1764110450.5190291,1402.1649866104126,1014.0,1375.0,912.0
9,1764110450.5498834,1406.9750814437866,1014.0,1397.0,918.0
9,1764110450.5782254,1409.3179016113281,1014.0,1403.0,913.0
9,1764110450.6145086,1416.4729266166687,1014.0,1413.0,909.0
9,1764110450.6498222,1421.2790875434875,1014.0,1415.0,909.0
9,1764110450.688336,1426.0198383331299,1014.0,1427.0,907.0
9,1764110450.727204,1433.232584476471,1014.0,1436.0,901.0
9,1764110450.7754562,1440.5386714935303,1014.0,1440.0,915.0
9,1764110450.813185,1445.3510551452637,1014.0,1428.0,918.0
9,1764110450.8585374,1452.5363354682922,1014.0,1446.0,917.0
9,1764110450.8880093,1457.373323917389,1014.0,1443.0,919.0
9,1764110450.9287565,1462.1984033584595,1014.0,1447.0,920.0
9,1764110450.9661567,1469.2132382392883,1014.0,1461.0,907.0
9,1764110450.993186,1471.6246871948242,1014.0,1470.0,904.0
9,1764110451.0320153,1478.8729457855225,1014.0,1473.0,908.0
9,1764110451.0681431,1483.7191610336304,1014.0,1476.0,912.0
9,1764110451.093802,1488.4310512542725,1014.0,1471.0,916.0
9,1764110451.1259284,1493.2207612991333,1014.0,1455.0,932.0
9,1764110451.1683257,1498.044481754303,1014.0,1447.0,940.0
9,1764110451.2092478,1505.3629784584045,1014.0,1448.0,942.0
9,1764110451.2330456,1507.6123504638672,1014.0,1459.0,926.0
9,1764110451.2729068,1514.857032775879,1014.0,1469.0,920.0
9,1764110451.3201654,1522.0216779708862,1014.0,1479.0,918.0
9,1764110451.3535857,1526.8999724388123,1014.0,1478.0,920.0
9,1764110451.3879666,1531.6653637886047,1014.0,1492.0,922.0
9,1764110451.4152093,1536.4968090057373,1014.0,1516.0,923.0
9,1764110451.448666,1541.3339047431946,1014.0,1530.0,929.0
9,1764110451.4835227,1546.0326342582703,1014.0,1516.0,930.0
9,1764110451.513117,1550.815763950348,1014.0,1520.0,931.0
9,1764110451.5637972,1558.0448179244995,1014.0,1521.0,938.0
9,1764110451.6028657,1565.2485160827637,1014.0,1524.0,944.0
9,1764110451.6432836,1570.0206308364868,1014.0,1528.0,941.0
9,1764110451.6696947,1574.8147039413452,1014.0,1535.0,950.0
9,1764110451.6987236,1577.3342638015747,1014.0,1540.0,954.0
9,1764110451.728624,1582.086172580719,1014.0,1547.0,955.0
9,1764110451.7730074,1589.3628268241882,1014.0,1553.0,960.0
9,1764110451.8203146,1596.5717105865479,1014.0,1560.0,961.0
9,1764110451.842902,1601.2539534568787,1014.0,1565.0,966.0
9,1764110451.863167,1603.640368461609,1014.0,1566.0,969.0
9,1764110451.8963342,1608.5778861045837,1014.0,1567.0,970.0
9,1764110451.927888,1613.3456020355225,1014.0,1567.0,974.0
9,1764110451.9754322,1620.6154255867004,1014.0,1568.0,972.0
9,1764110452.0085466,1625.4001288414001,1014.0,1553.0,972.0
9,1764110452.034063,1627.6336579322815,1014.0,1574.0,975.0
9,1764110452.0634842,1632.4571280479431,1014.0,1578.0,982.0
9,1764110452.0940855,1637.2589259147644,1014.0,1583.0,990.0
9,1764110452.1370265,1644.5497779846191,1014.0,1584.0,993.0
9,1764110452.1736486,1649.2316274642944,1014.0,1580.0,989.0
9,1764110452.199857,1654.142930984497,1014.0,1635.0,969.0
9,1764110452.2355654,1658.935788154602,1014.0,1643.0,969.0
9,1764110452.2537615,1661.3126902580261,1014.0,1650.0,968.0
9,1764110452.287873,1666.0735039710999,1014.0,1656.0,967.0
9,1764110452.32304,1673.2746629714966,1014.0,1632.0,966.0
9,1764110452.36938,1678.0876545906067,1014.0,1647.0,969.0
9,1764110452.4080045,1685.230269908905,1014.0,1653.0,970.0
9,1764110452.443826,1690.0300650596619,1014.0,1654.0,969.0
9,1764110452.483073,1697.2796111106873,1014.0,1660.0,966.0
9,1764110452.5234165,1702.0118861198425,1014.0,1664.0,969.0
9,1764110452.5540287,1706.8310647010803,1014.0,1670.0,969.0
9,1764110452.5783472,1709.3020586967468,1014.0,1702.0,973.0
9,1764110452.6088738,1714.0093712806702,1014.0,1702.0,968.0
9,1764110452.6488116,1721.3547616004944,1014.0,1703.0,968.0
9,1764110452.6730692,1723.7084894180298,1014.0,1707.0,966.0
