line_idx,timestamp,dot_x,dot_y,gaze_x,gaze_y
0,1763768928.4512355,178.0,178.0,1038.0,1051.0
0,1763768928.485749,182.77476119995117,178.0,1036.0,1053.0
0,1763768928.5208828,187.67411994934082,178.0,1037.0,1052.0
0,1763768928.5580037,194.86233282089233,178.0,1040.0,1048.0
0,1763768928.591226,199.63376808166504,178.0,1038.0,1044.0
0,1763768928.626453,204.45888328552246,178.0,1046.0,1031.0
0,1763768928.6611617,209.17027282714844,178.0,1062.0,984.0
0,1763768928.687086,213.98737716674805,178.0,1061.0,986.0
0,1763768928.7259514,218.85168838500977,178.0,1062.0,986.0
0,1763768928.7561104,223.70223093032837,178.0,1062.0,984.0
0,1763768928.790656,228.39827823638916,178.0,1062.0,984.0
0,1763768928.8260605,233.29953241348267,178.0,828.0,716.0
0,1763768928.8556929,238.03209352493286,178.0,121.0,323.0
0,1763768928.8909056,245.26711988449097,178.0,38.0,162.0
0,1763768928.9211977,247.65450048446655,178.0,134.0,201.0
0,1763768928.965903,254.88909769058228,178.0,157.0,219.0
0,1763768929.0165207,262.007465839386,178.0,152.0,185.0
0,1763768929.0564618,269.28841161727905,178.0,142.0,164.0
0,1763768929.091477,273.9925055503845,178.0,138.0,168.0
0,1763768929.1259212,278.85813999176025,178.0,137.0,169.0
0,1763768929.156268,283.6446313858032,178.0,185.0,223.0
0,1763768929.1910331,288.4469656944275,178.0,397.0,863.0
0,1763768929.2257304,293.2248024940491,178.0,201.0,262.0
0,1763768929.25628,298.0051426887512,178.0,320.0,170.0
0,1763768929.2908869,305.26430892944336,178.0,295.0,169.0
0,1763768929.325876,310.14296102523804,178.0,286.0,174.0
0,1763768929.3639305,314.92837953567505,178.0,267.0,207.0
0,1763768929.4014292,319.64116382598877,178.0,263.0,225.0
0,1763768929.439414,326.91277551651,178.0,266.0,226.0
0,1763768929.4607782,329.2266278266907,178.0,272.0,218.0
0,1763768929.4914198,334.05878829956055,178.0,279.0,216.0
0,1763768929.5260074,338.8579754829407,178.0,293.0,218.0
0,1763768929.5563016,343.64178466796875,178.0,294.0,224.0
0,1763768929.5915287,348.3845739364624,178.0,298.0,233.0
0,1763768929.6263926,353.2948045730591,178.0,306.0,242.0
0,1763768929.6633022,360.49549865722656,178.0,327.0,245.0
0,1763768929.6908858,365.2641444206238,178.0,328.0,237.0
0,1763768929.7214708,367.6578550338745,178.0,340.0,236.0
0,1763768929.7608979,374.91323041915894,178.0,344.0,234.0
0,1763768929.791566,379.7665982246399,178.0,344.0,227.0
0,1763768929.8230853,384.45813941955566,178.0,342.0,240.0
0,1763768929.8615773,389.188268661499,178.0,337.0,251.0
0,1763768929.8955626,394.09259843826294,178.0,346.0,257.0
0,1763768929.9359565,401.1647253036499,178.0,352.0,256.0
0,1763768929.9637754,403.6359338760376,178.0,373.0,243.0
0,1763768929.9992938,410.85855054855347,178.0,382.0,237.0
0,1763768930.0317283,415.57340908050537,178.0,461.0,218.0
0,1763768930.0627863,420.53807067871094,178.0,450.0,219.0
0,1763768930.1001816,425.21813201904297,178.0,458.0,223.0
0,1763768930.1357245,430.10801362991333,178.0,458.0,214.0
0,1763768930.1758661,437.20517444610596,178.0,484.0,192.0
0,1763768930.2139604,442.10560607910156,178.0,503.0,189.0
0,1763768930.2459333,446.8517212867737,178.0,510.0,197.0
0,1763768930.2759733,451.68606328964233,178.0,511.0,210.0
0,1763768930.3060007,456.4291744232178,178.0,513.0,209.0
0,1763768930.35161,463.5861306190491,178.0,485.0,223.0
0,1763768930.3906019,468.46260118484497,178.0,495.0,223.0
0,1763768930.416,473.22334337234497,178.0,492.0,233.0
0,1763768930.4505806,478.08665323257446,178.0,503.0,226.0
0,1763768930.496835,485.34002590179443,178.0,514.0,218.0
0,1763768930.5414207,492.49551582336426,178.0,513.0,219.0
0,1763768930.5810206,497.2548632621765,178.0,511.0,234.0
0,1763768930.6058006,502.0279793739319,178.0,508.0,242.0
0,1763768930.6407583,506.90470027923584,178.0,510.0,250.0
0,1763768930.6714113,511.5931658744812,178.0,505.0,257.0
0,1763768930.7115366,516.5198831558228,178.0,506.0,249.0
0,1763768930.7349515,521.2106733322144,178.0,509.0,241.0
0,1763768930.767393,526.0675458908081,178.0,515.0,239.0
0,1763768930.7989295,530.8095483779907,178.0,519.0,231.0
0,1763768930.8314068,535.6500415802002,178.0,518.0,218.0
0,1763768930.8658795,540.4628186225891,178.0,519.0,215.0
0,1763768930.9013042,545.2771334648132,178.0,520.0,222.0
0,1763768930.942719,552.3651032447815,178.0,518.0,230.0
0,1763768930.9805467,557.3438196182251,178.0,524.0,231.0
0,1763768931.011439,561.9926600456238,178.0,534.0,225.0
0,1763768931.0412917,566.8272523880005,178.0,528.0,226.0
0,1763768931.0763922,571.6856269836426,178.0,529.0,235.0
0,1763768931.1060123,576.4030604362488,178.0,534.0,243.0
0,1763768931.1410904,581.3364295959473,178.0,538.0,240.0
0,1763768931.1862013,588.4756116867065,178.0,547.0,228.0
0,1763768931.234031,595.6732659339905,178.0,559.0,209.0
0,1763768931.2708926,600.490656375885,178.0,566.0,217.0
0,1763768931.306056,605.2746086120605,178.0,568.0,219.0
0,1763768931.34874,612.3955159187317,178.0,576.0,211.0
0,1763768931.376048,617.2687678337097,178.0,585.0,207.0
0,1763768931.4221435,624.4678525924683,178.0,613.0,203.0
0,1763768931.4564903,629.3015151023865,178.0,608.0,211.0
0,1763768931.4810584,631.6463379859924,178.0,602.0,214.0
0,1763768931.511538,636.4360122680664,178.0,598.0,209.0
0,1763768931.5414205,641.1832361221313,178.0,599.0,210.0
0,1763768931.5716107,645.960786819458,178.0,609.0,212.0
0,1763768931.6011589,650.8369355201721,178.0,618.0,231.0
0,1763768931.635954,655.6042938232422,178.0,625.0,237.0
0,1763768931.6656184,660.4400305747986,178.0,629.0,240.0
0,1763768931.7059925,665.2251987457275,178.0,630.0,239.0
0,1763768931.736386,670.0838236808777,178.0,638.0,241.0
0,1763768931.7662177,674.9074010848999,178.0,655.0,241.0
0,1763768931.8064437,682.0873169898987,178.0,663.0,237.0
0,1763768931.8379402,686.8390469551086,178.0,670.0,221.0
0,1763768931.866589,689.2387299537659,178.0,664.0,218.0
0,1763768931.9058104,696.502151966095,178.0,680.0,228.0
0,1763768931.936956,701.520028591156,178.0,679.0,240.0
0,1763768931.983502,708.3588032722473,178.0,686.0,240.0
0,1763768932.0261037,713.1560950279236,178.0,687.0,249.0
0,1763768932.0507789,718.0033116340637,178.0,686.0,255.0
0,1763768932.079311,722.9296355247498,178.0,686.0,245.0
0,1763768932.1106694,727.6258974075317,178.0,698.0,240.0
0,1763768932.1433733,732.5054793357849,178.0,717.0,243.0
0,1763768932.1757667,737.2844247817993,178.0,723.0,244.0
0,1763768932.2065718,742.0521764755249,178.0,723.0,251.0
0,1763768932.2413802,746.9183831214905,178.0,718.0,254.0
0,1763768932.27592,751.7027645111084,178.0,715.0,264.0
0,1763768932.3107777,756.3563613891602,178.0,707.0,265.0
0,1763768932.346143,761.2046866416931,178.0,715.0,262.0
0,1763768932.3853185,768.3551340103149,178.0,724.0,261.0
0,1763768932.4308677,775.6431250572205,178.0,722.0,257.0
0,1763768932.456177,778.0428438186646,178.0,727.0,265.0
0,1763768932.5059078,785.158100605011,178.0,740.0,263.0
0,1763768932.5367827,790.0232701301575,178.0,756.0,251.0
0,1763768932.5665548,794.8105840682983,178.0,770.0,241.0
0,1763768932.5961933,799.5883135795593,178.0,764.0,239.0
0,1763768932.6315851,804.4140725135803,178.0,770.0,230.0
0,1763768932.661597,809.2350749969482,178.0,782.0,229.0
0,1763768932.6962378,814.0958456993103,178.0,790.0,228.0
0,1763768932.7259216,818.8586621284485,178.0,789.0,229.0
0,1763768932.7617462,823.6117868423462,178.0,787.0,233.0
0,1763768932.7906575,828.5053162574768,178.0,779.0,241.0
0,1763768932.826554,833.2377343177795,178.0,774.0,258.0
0,1763768932.862418,840.4840259552002,178.0,771.0,260.0
0,1763768932.8962493,845.231822013855,178.0,779.0,245.0
0,1763768932.9324129,849.9703555107117,178.0,783.0,241.0
0,1763768932.9590318,854.8275141716003,178.0,789.0,250.0
0,1763768932.996621,859.6217303276062,178.0,791.0,249.0
0,1763768933.038355,866.8714909553528,178.0,789.0,237.0
0,1763768933.076176,871.7060117721558,178.0,800.0,233.0
0,1763768933.1021008,876.4383583068848,178.0,824.0,222.0
0,1763768933.1344347,881.1742453575134,178.0,824.0,223.0
0,1763768933.1663523,886.0566883087158,178.0,821.0,217.0
0,1763768933.2024024,890.7876400947571,178.0,818.0,216.0
0,1763768933.2362149,895.6534175872803,178.0,828.0,214.0
0,1763768933.2619045,900.4531769752502,178.0,903.0,217.0
0,1763768933.2955427,905.1570920944214,178.0,895.0,229.0
0,1763768933.336159,910.0468664169312,178.0,895.0,233.0
0,1763768933.3712122,917.3131136894226,178.0,892.0,233.0
0,1763768933.3962471,919.679859161377,178.0,904.0,240.0
0,1763768933.431465,924.4293718338013,178.0,910.0,234.0
0,1763768933.4714122,931.6906123161316,178.0,923.0,232.0
0,1763768933.5197546,938.7667088508606,178.0,932.0,232.0
0,1763768933.546123,941.2993936538696,178.0,903.0,223.0
0,1763768933.582738,948.4086780548096,178.0,900.0,218.0
0,1763768933.6109107,953.2678751945496,178.0,898.0,225.0
0,1763768933.6511838,958.1074385643005,178.0,895.0,226.0
0,1763768933.6805081,962.9013328552246,178.0,880.0,235.0
0,1763768933.710757,967.6224856376648,178.0,874.0,240.0
0,1763768933.750851,972.3566918373108,178.0,868.0,232.0
0,1763768933.781205,977.1585969924927,178.0,878.0,219.0
0,1763768933.825587,984.5088152885437,178.0,897.0,199.0
0,1763768933.865554,989.176073551178,178.0,903.0,201.0
0,1763768933.8965907,994.0865902900696,178.0,896.0,209.0
0,1763768933.9409993,1001.213791847229,178.0,903.0,203.0
0,1763768933.9911013,1008.4551839828491,178.0,914.0,199.0
0,1763768934.0265486,1013.2582693099976,178.0,919.0,183.0
0,1763768934.0565484,1018.1051998138428,178.0,1045.0,181.0
0,1763768934.0816493,1022.8480606079102,178.0,1064.0,198.0
0,1763768934.1130493,1027.5991826057434,178.0,1068.0,206.0
0,1763768934.1463232,1032.3868899345398,178.0,1053.0,203.0
0,1763768934.1918283,1039.6825699806213,178.0,1044.0,193.0
0,1763768934.238317,1046.7543749809265,178.0,1049.0,202.0
0,1763768934.2756934,1051.643183708191,178.0,1063.0,198.0
0,1763768934.3035102,1056.4008145332336,178.0,1074.0,195.0
0,1763768934.3357837,1061.2290768623352,178.0,1043.0,197.0
0,1763768934.3815567,1068.388822555542,178.0,1012.0,191.0
0,1763768934.4315152,1075.7214097976685,178.0,1015.0,188.0
0,1763768934.462379,1080.4787187576294,178.0,1012.0,195.0
0,1763768934.4958606,1085.1627855300903,178.0,1005.0,191.0
0,1763768934.5443017,1092.52716588974,178.0,997.0,209.0
0,1763768934.5864017,1097.1718220710754,178.0,995.0,218.0
0,1763768934.6234505,1104.4912486076355,178.0,1009.0,222.0
0,1763768934.6567366,1109.384527683258,178.0,1013.0,219.0
0,1763768934.6911747,1114.0399842262268,178.0,996.0,225.0
0,1763768934.7309268,1121.2702898979187,178.0,1003.0,228.0
0,1763768934.7701368,1126.0674028396606,178.0,1002.0,227.0
0,1763768934.7992768,1130.857255935669,178.0,1016.0,230.0
0,1763768934.8261778,1133.2047967910767,178.0,1030.0,226.0
0,1763768934.862268,1140.4544501304626,178.0,1033.0,227.0
0,1763768934.8960154,1145.2173380851746,178.0,1029.0,234.0
0,1763768934.935725,1149.9862699508667,178.0,1026.0,236.0
0,1763768934.9712512,1157.3189644813538,178.0,1047.0,240.0
0,1763768935.0005527,1159.6714406013489,178.0,1107.0,222.0
0,1763768935.030804,1164.4271402359009,178.0,1133.0,223.0
0,1763768935.065544,1169.1575555801392,178.0,1150.0,218.0
0,1763768935.0963905,1174.0585236549377,178.0,1165.0,221.0
0,1763768935.1364639,1181.2023906707764,178.0,1177.0,220.0
0,1763768935.161566,1183.623996257782,178.0,1177.0,221.0
0,1763768935.1976182,1191.2740139961243,178.0,1178.0,228.0
0,1763768935.2355158,1195.606282234192,178.0,1183.0,237.0
0,1763768935.2683282,1200.4965929985046,178.0,1193.0,234.0
0,1763768935.3014858,1205.2656679153442,178.0,1197.0,228.0
0,1763768935.3358293,1209.9790601730347,178.0,1203.0,228.0
0,1763768935.3681989,1214.8844270706177,178.0,1199.0,247.0
0,1763768935.400646,1219.6954517364502,178.0,1195.0,264.0
0,1763768935.4312532,1224.438205242157,178.0,1188.0,276.0
0,1763768935.4614232,1229.3080954551697,178.0,1186.0,271.0
0,1763768935.4962897,1233.9911608695984,178.0,1190.0,263.0
0,1763768935.525786,1238.8309388160706,178.0,1200.0,265.0
0,1763768935.5608373,1243.5720114707947,178.0,1201.0,272.0
0,1763768935.5912528,1248.506238937378,178.0,1204.0,270.0
0,1763768935.6264403,1253.2297163009644,178.0,1210.0,261.0
0,1763768935.6662242,1260.3527693748474,178.0,1218.0,254.0
0,1763768935.7058482,1265.1688723564148,178.0,1218.0,258.0
0,1763768935.7459106,1272.3721413612366,178.0,1224.0,270.0
0,1763768935.7808716,1277.2255806922913,178.0,1234.0,275.0
0,1763768935.823764,1284.4263820648193,178.0,1247.0,264.0
0,1763768935.856283,1289.228609085083,178.0,1248.0,257.0
0,1763768935.8872657,1294.0582304000854,178.0,1242.0,264.0
0,1763768935.9207342,1298.9195733070374,178.0,1253.0,269.0
0,1763768935.9463668,1301.3245849609375,178.0,1272.0,269.0
0,1763768935.9758973,1305.9653787612915,178.0,1273.0,269.0
0,1763768936.0258,1313.3110194206238,178.0,1275.0,274.0
0,1763768936.0715206,1320.5009846687317,178.0,1288.0,272.0
0,1763768936.111615,1327.7881174087524,178.0,1310.0,262.0
0,1763768936.1556978,1334.8109273910522,178.0,1313.0,264.0
0,1763768936.1858623,1337.3227624893188,178.0,1310.0,270.0
0,1763768936.221526,1344.5182709693909,178.0,1320.0,265.0
0,1763768936.2509878,1349.2794423103333,178.0,1328.0,260.0
0,1763768936.2810788,1351.6440777778625,178.0,1329.0,270.0
0,1763768936.3194442,1358.752718448639,178.0,1398.0,270.0
0,1763768936.3467636,1361.2167029380798,178.0,1410.0,261.0
0,1763768936.3764274,1366.1061911582947,178.0,1415.0,251.0
0,1763768936.416026,1373.2443361282349,178.0,1409.0,249.0
0,1763768936.4528983,1378.0145554542542,178.0,1400.0,254.0
0,1763768936.4813373,1382.7842741012573,178.0,1405.0,265.0
0,1763768936.5165365,1387.6893548965454,178.0,1414.0,271.0
0,1763768936.5456378,1392.3944144248962,178.0,1415.0,270.0
0,1763768936.5808659,1397.21044588089,178.0,1414.0,267.0
0,1763768936.6108935,1402.0087389945984,178.0,1412.0,271.0
0,1763768936.6468244,1406.7533164024353,178.0,1408.0,277.0
0,1763768936.681142,1411.6138010025024,178.0,1399.0,287.0
0,1763768936.7194808,1418.9176349639893,178.0,1398.0,287.0
0,1763768936.7455227,1421.1485533714294,178.0,1401.0,288.0
0,1763768936.7874033,1428.4013895988464,178.0,1397.0,290.0
0,1763768936.8264012,1433.1788687705994,178.0,1391.0,288.0
0,1763768936.8659215,1440.4353528022766,178.0,1475.0,280.0
0,1763768936.9013968,1445.3022747039795,178.0,1495.0,280.0
0,1763768936.9366748,1450.032082080841,178.0,1512.0,288.0
0,1763768936.9657977,1454.8041253089905,178.0,1513.0,282.0
0,1763768936.9961474,1459.5932989120483,178.0,1517.0,280.0
0,1763768937.0310326,1464.504316329956,178.0,1521.0,276.0
0,1763768937.0664237,1469.225290298462,178.0,1519.0,275.0
0,1763768937.1013045,1476.3731985092163,178.0,1520.0,271.0
0,1763768937.1421318,1481.198528289795,178.0,1519.0,275.0
0,1763768937.1656446,1485.9642415046692,178.0,1518.0,270.0
0,1763768937.197841,1490.8475785255432,178.0,1518.0,270.0
0,1763768937.2315412,1495.7177906036377,178.0,1526.0,272.0
0,1763768937.2660732,1500.3485350608826,178.0,1541.0,274.0
0,1763768937.3055453,1505.2573709487915,178.0,1541.0,269.0
0,1763768937.3412566,1512.3606114387512,178.0,1507.0,277.0
0,1763768937.3733284,1517.1512155532837,178.0,1504.0,282.0
0,1763768937.4008164,1519.6900873184204,178.0,1501.0,282.0
0,1763768937.4314353,1524.499216556549,178.0,1505.0,280.0
0,1763768937.4655888,1529.300871372223,178.0,1507.0,285.0
0,1763768937.504964,1536.3860158920288,178.0,1495.0,295.0
0,1763768937.5362115,1541.2071256637573,178.0,1482.0,300.0
0,1763768937.5706105,1546.0896043777466,178.0,1484.0,300.0
0,1763768937.599412,1550.8679776191711,178.0,1493.0,306.0
0,1763768937.6309838,1555.606225013733,178.0,1501.0,309.0
0,1763768937.666149,1560.403838634491,178.0,1501.0,313.0
0,1763768937.7007654,1565.2430443763733,178.0,1503.0,313.0
0,1763768937.7366855,1570.0401573181152,178.0,1506.0,310.0
0,1763768937.7810256,1577.178659915924,178.0,1501.0,310.0
0,1763768937.8163116,1581.9996266365051,178.0,1495.0,308.0
0,1763768937.8564703,1589.2808227539062,178.0,1505.0,311.0
0,1763768937.9048536,1596.5421347618103,178.0,1517.0,310.0
0,1763768937.941371,1601.1901168823242,178.0,1584.0,292.0
0,1763768937.9873614,1608.4641246795654,178.0,1591.0,281.0
0,1763768938.0211117,1613.2497935295105,178.0,1596.0,274.0
0,1763768938.0513613,1617.9770975112915,178.0,1594.0,272.0
0,1763768938.085698,1622.8237776756287,178.0,1601.0,270.0
0,1763768938.1154623,1627.6679186820984,178.0,1607.0,266.0
0,1763768938.1457837,1632.3480157852173,178.0,1620.0,259.0
0,1763768938.1870344,1637.2002749443054,178.0,1635.0,250.0
0,1763768938.2258558,1644.503930091858,178.0,1651.0,246.0
0,1763768938.2562597,1649.3410258293152,178.0,1662.0,240.0
0,1763768938.2955043,1654.0294914245605,178.0,1660.0,235.0
0,1763768938.3348336,1661.1711769104004,178.0,1651.0,230.0
0,1763768938.3617814,1663.5901718139648,178.0,1683.0,238.0
0,1763768938.3988307,1670.8996920585632,178.0,1694.0,250.0
0,1763768938.4362826,1675.6877212524414,178.0,1697.0,254.0
0,1763768938.4660025,1680.4389147758484,178.0,1704.0,248.0
0,1763768938.4964545,1685.2147130966187,178.0,1709.0,247.0
0,1763768938.5306816,1690.0395064353943,178.0,1706.0,249.0
0,1763768938.565521,1694.9024229049683,178.0,1706.0,251.0
0,1763768938.5962903,1699.5479016304016,178.0,1701.0,255.0
0,1763768938.6305394,1704.3558506965637,178.0,1701.0,249.0
0,1763768938.6659765,1709.2234163284302,178.0,1699.0,253.0
0,1763768938.6957302,1713.9559059143066,178.0,1704.0,254.0
0,1763768938.7306955,1721.2355999946594,178.0,1704.0,249.0
0,1763768938.755993,1723.6876754760742,178.0,1705.0,244.0
1,1763768938.791379,1728.4493832588196,178.0,1706.0,240.0
1,1763768938.8155658,1728.4493832588196,178.0,1698.0,244.0
1,1763768938.8463843,1728.4493832588196,178.0,1693.0,249.0
1,1763768938.875652,1728.4493832588196,178.0,1696.0,254.0
1,1763768938.9063418,1728.4493832588196,178.0,1700.0,254.0
1,1763768938.951082,1728.4493832588196,178.0,1704.0,251.0
1,1763768938.9874737,1728.4493832588196,178.0,1704.0,250.0
1,1763768939.0217052,1728.4493832588196,178.0,1701.0,248.0
1,1763768939.0558825,1728.4493832588196,178.0,1714.0,264.0
1,1763768939.0907044,1728.4493832588196,178.0,1704.0,281.0
1,1763768939.1157966,1728.4493832588196,178.0,1698.0,279.0
1,1763768939.146765,1728.4493832588196,178.0,1702.0,273.0
1,1763768939.1757755,1728.4493832588196,178.0,1701.0,265.0
1,1763768939.20608,1728.4493832588196,178.0,1703.0,256.0
1,1763768939.2413495,1728.4493832588196,178.0,1707.0,259.0
1,1763768939.2761595,1728.4493832588196,178.0,1710.0,261.0
1,1763768939.305757,180.4101972579956,270.0,1711.0,262.0
1,1763768939.3502812,187.80758666992188,270.0,1711.0,271.0
1,1763768939.3763638,190.0174765586853,270.0,1714.0,273.0
1,1763768939.4059541,194.86683893203735,270.0,1707.0,270.0
1,1763768939.4464262,202.14199113845825,270.0,1708.0,268.0
1,1763768939.4758186,206.91324758529663,270.0,1709.0,274.0
1,1763768939.5161495,211.69054794311523,270.0,1708.0,271.0
1,1763768939.5406902,216.4182095527649,270.0,1707.0,274.0
1,1763768939.5728376,221.31527948379517,270.0,1711.0,269.0
1,1763768939.6104727,226.13131093978882,270.0,1709.0,270.0
1,1763768939.6457703,230.84985303878784,270.0,1713.0,274.0
1,1763768939.6758661,235.71745443344116,270.0,1711.0,274.0
1,1763768939.7112024,240.39962577819824,270.0,1050.0,307.0
1,1763768939.7408283,245.3916459083557,270.0,394.0,402.0
1,1763768939.7816193,252.44167137145996,270.0,311.0,387.0
1,1763768939.8165207,257.2275547981262,270.0,282.0,356.0
1,1763768939.846033,262.0526342391968,270.0,276.0,358.0
1,1763768939.893211,269.26970767974854,270.0,277.0,374.0
1,1763768939.9259908,274.02723121643066,270.0,289.0,380.0
1,1763768939.9561114,278.90742111206055,270.0,302.0,378.0
1,1763768939.9885225,283.7144045829773,270.0,303.0,364.0
1,1763768940.0243945,288.4644536972046,270.0,291.0,357.0
1,1763768940.061418,293.2133584022522,270.0,277.0,355.0
1,1763768940.0856302,298.0963020324707,270.0,299.0,364.0
1,1763768940.1321635,305.27006673812866,270.0,313.0,356.0
1,1763768940.1708074,310.07494020462036,270.0,335.0,337.0
1,1763768940.2062209,314.9148254394531,270.0,337.0,339.0
1,1763768940.2410774,322.20549869537354,270.0,334.0,345.0
1,1763768940.276359,326.87415170669556,270.0,345.0,337.0
1,1763768940.307566,331.63128185272217,270.0,351.0,324.0
1,1763768940.3359513,334.1680793762207,270.0,352.0,330.0
1,1763768940.365581,338.8752489089966,270.0,358.0,357.0
1,1763768940.4064696,346.15351247787476,270.0,354.0,371.0
1,1763768940.4312513,348.52608728408813,270.0,350.0,365.0
1,1763768940.4613588,353.20275115966797,270.0,365.0,354.0
1,1763768940.4941585,358.0213932991028,270.0,378.0,356.0
1,1763768940.526355,362.808349609375,270.0,383.0,361.0
1,1763768940.5560672,367.78620767593384,270.0,391.0,357.0
1,1763768940.58567,372.5491671562195,270.0,407.0,351.0
1,1763768940.6288483,379.80397033691406,270.0,417.0,355.0
1,1763768940.6728947,384.5101742744446,270.0,424.0,360.0
1,1763768940.7004962,389.2546443939209,270.0,425.0,343.0
1,1763768940.735748,394.04692935943604,270.0,435.0,325.0
1,1763768940.765515,398.8640694618225,270.0,449.0,324.0
1,1763768940.7955532,403.63414573669434,270.0,459.0,334.0
1,1763768940.8306682,408.55986166000366,270.0,477.0,339.0
1,1763768940.8616085,413.20251512527466,270.0,483.0,338.0
1,1763768940.8955986,418.0633931159973,270.0,472.0,329.0
1,1763768940.9260545,422.86894607543945,270.0,471.0,324.0
1,1763768940.9643679,430.0515441894531,270.0,471.0,329.0
1,1763768940.9962358,434.8593502044678,270.0,485.0,333.0
1,1763768941.0274146,439.64634227752686,270.0,504.0,329.0
1,1763768941.0557792,442.064621925354,270.0,532.0,312.0
1,1763768941.0859675,446.8662052154541,270.0,521.0,312.0
1,1763768941.125897,454.12061500549316,270.0,525.0,305.0
1,1763768941.1573644,458.83776235580444,270.0,538.0,291.0
1,1763768941.1961496,463.6669545173645,270.0,541.0,284.0
1,1763768941.2310364,468.47858715057373,270.0,524.0,288.0
1,1763768941.2713025,475.6631164550781,270.0,510.0,281.0
1,1763768941.3105352,480.5221347808838,270.0,515.0,273.0
1,1763768941.3475587,487.7049117088318,270.0,522.0,273.0
1,1763768941.3826993,492.67955112457275,270.0,530.0,275.0
1,1763768941.4128475,497.36347484588623,270.0,518.0,282.0
1,1763768941.4462762,502.1620898246765,270.0,521.0,268.0
1,1763768941.4812496,506.80942821502686,270.0,529.0,257.0
1,1763768941.5105174,511.6091876029968,270.0,538.0,254.0
1,1763768941.5463529,516.4551525115967,270.0,542.0,250.0
1,1763768941.5805478,521.3215022087097,270.0,558.0,243.0
1,1763768941.6163807,526.1064915657043,270.0,560.0,258.0
1,1763768941.6515477,533.2310466766357,270.0,573.0,273.0
1,1763768941.6840491,538.046648979187,270.0,592.0,273.0
1,1763768941.721326,542.8116827011108,270.0,602.0,258.0
1,1763768941.7564206,547.6303606033325,270.0,590.0,266.0
1,1763768941.7912893,552.4333028793335,270.0,576.0,283.0
1,1763768941.8205068,557.2383551597595,270.0,571.0,286.0
1,1763768941.851384,562.0407252311707,270.0,572.0,279.0
1,1763768941.886188,566.8508200645447,270.0,569.0,279.0
1,1763768941.9156249,571.613851070404,270.0,583.0,273.0
1,1763768941.951002,576.4424352645874,270.0,591.0,265.0
1,1763768941.9956338,583.6297540664673,270.0,594.0,255.0
1,1763768942.031285,588.4907751083374,270.0,601.0,253.0
1,1763768942.0604646,593.2225494384766,270.0,611.0,253.0
1,1763768942.091202,598.1313853263855,270.0,607.0,261.0
1,1763768942.1260772,602.8741030693054,270.0,591.0,265.0
1,1763768942.15579,607.6370625495911,270.0,581.0,269.0
1,1763768942.1955562,614.8516683578491,270.0,576.0,270.0
1,1763768942.2205079,617.2647981643677,270.0,576.0,273.0
1,1763768942.270388,624.4472889900208,270.0,582.0,280.0
1,1763768942.3110428,631.7208318710327,270.0,583.0,289.0
1,1763768942.3422854,636.4053993225098,270.0,575.0,290.0
1,1763768942.3804872,641.3171677589417,270.0,578.0,280.0
1,1763768942.422243,648.5416440963745,270.0,584.0,268.0
1,1763768942.4689412,655.7508854866028,270.0,607.0,269.0
1,1763768942.5054736,660.5555801391602,270.0,612.0,272.0
1,1763768942.53244,665.2678637504578,270.0,617.0,262.0
1,1763768942.5655677,670.0486688613892,270.0,627.0,260.0
1,1763768942.5963957,674.868097782135,270.0,635.0,266.0
1,1763768942.6285195,679.7120599746704,270.0,644.0,269.0
1,1763768942.6608815,684.4494132995605,270.0,650.0,254.0
1,1763768942.6964202,689.3194465637207,270.0,653.0,247.0
1,1763768942.7411256,696.5427784919739,270.0,646.0,253.0
1,1763768942.7807214,701.2096076011658,270.0,640.0,260.0
1,1763768942.8113575,706.0663371086121,270.0,647.0,263.0
1,1763768942.8516648,713.2443218231201,270.0,662.0,254.0
1,1763768942.8913786,718.1157140731812,270.0,672.0,246.0
1,1763768942.9213,722.8931217193604,270.0,685.0,246.0
1,1763768942.9560902,727.5952844619751,270.0,715.0,248.0
1,1763768942.9959698,734.8159699440002,270.0,789.0,146.0
1,1763768943.0289133,739.599850654602,270.0,948.0,510.0
1,1763768943.0707376,744.4076566696167,270.0,1124.0,591.0
1,1763768943.0937047,749.3173866271973,270.0,813.0,185.0
1,1763768943.1241343,754.045298576355,270.0,798.0,216.0
1,1763768943.1601434,758.9066414833069,270.0,781.0,196.0
1,1763768943.1908858,763.7154130935669,270.0,773.0,178.0
1,1763768943.22159,768.601396560669,270.0,768.0,196.0
1,1763768943.2523913,773.2745914459229,270.0,763.0,212.0
1,1763768943.2859182,778.1563191413879,270.0,766.0,231.0
1,1763768943.3166149,782.8785090446472,270.0,761.0,255.0
1,1763768943.3511622,787.6469402313232,270.0,751.0,272.0
1,1763768943.385633,792.5787358283997,270.0,744.0,278.0
1,1763768943.416332,797.2093014717102,270.0,756.0,267.0
1,1763768943.459224,802.2292165756226,270.0,762.0,267.0
1,1763768943.4959283,809.3393592834473,270.0,760.0,262.0
1,1763768943.5455346,816.4582996368408,270.0,759.0,258.0
1,1763768943.5753856,821.212103843689,270.0,775.0,255.0
1,1763768943.6057894,825.9936242103577,270.0,757.0,256.0
1,1763768943.6368275,830.9370784759521,270.0,776.0,246.0
1,1763768943.6709304,835.6035499572754,270.0,782.0,254.0
1,1763768943.7007253,840.5228643417358,270.0,773.0,265.0
1,1763768943.7314982,845.3047780990601,270.0,781.0,265.0
1,1763768943.7807293,852.4049787521362,270.0,789.0,247.0
1,1763768943.815882,857.3246865272522,270.0,803.0,233.0
1,1763768943.845565,862.1421127319336,270.0,796.0,243.0
1,1763768943.881081,866.8965249061584,270.0,791.0,253.0
1,1763768943.9107556,871.6433911323547,270.0,802.0,259.0
1,1763768943.942549,876.4484076499939,270.0,820.0,252.0
1,1763768943.9727764,881.3275246620178,270.0,835.0,251.0
1,1763768944.011251,886.1533551216125,270.0,837.0,252.0
1,1763768944.0360394,890.9311919212341,270.0,839.0,262.0
1,1763768944.0682385,895.5954103469849,270.0,848.0,265.0
1,1763768944.1014254,900.4640488624573,270.0,857.0,269.0
1,1763768944.140791,905.2742509841919,270.0,865.0,262.0
1,1763768944.1657314,910.043182849884,270.0,879.0,254.0
1,1763768944.2012198,914.8745565414429,270.0,883.0,248.0
1,1763768944.240577,922.1304326057434,270.0,878.0,251.0
1,1763768944.2764506,926.8004803657532,270.0,877.0,264.0
1,1763768944.3083057,931.6655426025391,270.0,889.0,266.0
1,1763768944.3355622,934.1363935470581,270.0,898.0,266.0
1,1763768944.371502,941.2698893547058,270.0,930.0,266.0
1,1763768944.4062998,946.1456804275513,270.0,936.0,259.0
1,1763768944.4365346,950.9074239730835,270.0,940.0,252.0
1,1763768944.4682603,955.668559551239,270.0,933.0,257.0
1,1763768944.506281,960.4853777885437,270.0,941.0,263.0
1,1763768944.536161,965.221372127533,270.0,942.0,275.0
1,1763768944.585589,972.5278525352478,270.0,949.0,270.0
1,1763768944.6264093,980.0052790641785,270.0,951.0,263.0
1,1763768944.6657426,984.3891530036926,270.0,963.0,255.0
1,1763768944.7015758,989.1944556236267,270.0,964.0,263.0
1,1763768944.7360137,994.0939574241638,270.0,961.0,261.0
1,1763768944.7581713,998.9385633468628,270.0,951.0,256.0
1,1763768944.7904227,1003.7025599479675,270.0,941.0,259.0
1,1763768944.8257618,1008.4823637008667,270.0,937.0,261.0
1,1763768944.8613253,1013.33855676651,270.0,936.0,253.0
1,1763768944.8855667,1018.0068521499634,270.0,943.0,250.0
1,1763768944.917188,1022.9433326721191,270.0,951.0,261.0
1,1763768944.9634292,1030.0777225494385,270.0,960.0,270.0
1,1763768945.0003667,1034.876516342163,270.0,962.0,267.0
1,1763768945.0284867,1039.6361141204834,270.0,959.0,271.0
1,1763768945.056249,1042.1940832138062,270.0,963.0,280.0
1,1763768945.0858235,1046.9957737922668,270.0,965.0,291.0
1,1763768945.126465,1054.081097126007,270.0,971.0,295.0
1,1763768945.1614919,1058.8912992477417,270.0,976.0,300.0
1,1763768945.1959693,1063.6113076210022,270.0,987.0,297.0
1,1763768945.2214296,1068.456771850586,270.0,1003.0,291.0
1,1763768945.2558782,1073.277988910675,270.0,1009.0,295.0
1,1763768945.3007815,1080.5437355041504,270.0,1012.0,301.0
1,1763768945.3491805,1087.667682647705,270.0,1008.0,309.0
1,1763768945.3711872,1090.0432257652283,270.0,1013.0,308.0
1,1763768945.4058938,1094.888189315796,270.0,1065.0,304.0
1,1763768945.4354594,1099.6392755508423,270.0,1075.0,300.0
1,1763768945.4656076,1104.441466808319,270.0,1075.0,299.0
1,1763768945.495803,1109.2189102172852,270.0,1074.0,302.0
1,1763768945.5264952,1113.9936714172363,270.0,1070.0,303.0
1,1763768945.560521,1118.8477902412415,270.0,1086.0,300.0
1,1763768945.6037824,1126.0770945549011,270.0,1103.0,298.0
1,1763768945.6408727,1130.885365486145,270.0,1109.0,294.0
1,1763768945.6849458,1138.0128531455994,270.0,1109.0,296.0
1,1763768945.7262588,1142.8836731910706,270.0,1108.0,299.0
1,1763768945.7631369,1150.065019607544,270.0,1108.0,299.0
1,1763768945.800545,1154.8834471702576,270.0,1116.0,293.0
1,1763768945.8303561,1159.6872477531433,270.0,1119.0,299.0
1,1763768945.8623588,1164.4583253860474,270.0,1097.0,301.0
1,1763768945.8954422,1169.1872386932373,270.0,1099.0,308.0
1,1763768945.9233031,1174.07093334198,270.0,1111.0,299.0
1,1763768945.9561307,1178.8134007453918,270.0,1122.0,289.0
1,1763768945.9907284,1183.7233452796936,270.0,1127.0,279.0
1,1763768946.0255513,1188.4753971099854,270.0,1118.0,291.0
1,1763768946.0556004,1193.207850933075,270.0,1117.0,314.0
1,1763768946.083013,1198.0277090072632,270.0,1209.0,313.0
1,1763768946.1206498,1202.9401211738586,270.0,1217.0,319.0
1,1763768946.1559062,1207.673683643341,270.0,1231.0,314.0
1,1763768946.1903338,1212.604299068451,270.0,1224.0,318.0
1,1763768946.2205684,1217.2194151878357,270.0,1228.0,313.0
1,1763768946.2505136,1222.109547138214,270.0,1235.0,314.0
1,1763768946.2861645,1226.864996433258,270.0,1239.0,312.0
1,1763768946.3164854,1231.6046028137207,270.0,1236.0,305.0
1,1763768946.345824,1236.4924101829529,270.0,1230.0,307.0
1,1763768946.3770998,1241.2771492004395,270.0,1223.0,313.0
1,1763768946.4104626,1246.085241317749,270.0,1221.0,317.0
1,1763768946.451132,1253.200891494751,270.0,1216.0,316.0
1,1763768946.485491,1258.0947427749634,270.0,1213.0,316.0
1,1763768946.511027,1260.4928164482117,270.0,1214.0,315.0
1,1763768946.548612,1267.6631121635437,270.0,1217.0,312.0
1,1763768946.5806108,1272.4870114326477,270.0,1224.0,306.0
1,1763768946.6156487,1277.3565440177917,270.0,1269.0,302.0
1,1763768946.6476984,1282.0974378585815,270.0,1280.0,303.0
1,1763768946.6815012,1286.870267868042,270.0,1297.0,305.0
1,1763768946.71638,1291.6170268058777,270.0,1299.0,303.0
1,1763768946.7462966,1296.5152411460876,270.0,1305.0,305.0
1,1763768946.787953,1303.6302118301392,270.0,1303.0,313.0
1,1763768946.822443,1308.5079340934753,270.0,1311.0,330.0
1,1763768946.8605914,1313.256266593933,270.0,1319.0,336.0
1,1763768946.9062796,1320.4070000648499,270.0,1318.0,332.0
1,1763768946.940501,1325.2219228744507,270.0,1320.0,329.0
1,1763768946.9710236,1329.9944667816162,270.0,1324.0,335.0
1,1763768947.0053651,1334.802523136139,270.0,1330.0,336.0
1,1763768947.0358267,1339.7205142974854,270.0,1336.0,330.0
1,1763768947.0706081,1344.441559791565,270.0,1341.0,326.0
1,1763768947.1015515,1349.273648738861,270.0,1342.0,330.0
1,1763768947.1327274,1353.9991645812988,270.0,1341.0,330.0
1,1763768947.166006,1358.938470363617,270.0,1347.0,321.0
1,1763768947.2041767,1366.0340933799744,270.0,1350.0,309.0
1,1763768947.2305202,1368.4924273490906,270.0,1347.0,307.0
1,1763768947.2609897,1373.2373266220093,270.0,1354.0,309.0
1,1763768947.291434,1378.1729488372803,270.0,1355.0,317.0
1,1763768947.3280447,1382.8885583877563,270.0,1346.0,320.0
1,1763768947.36368,1390.0757341384888,270.0,1338.0,320.0
1,1763768947.3911908,1392.510178565979,270.0,1349.0,313.0
1,1763768947.4276671,1399.5954303741455,270.0,1360.0,304.0
1,1763768947.4626899,1404.3952255249023,270.0,1383.0,291.0
1,1763768947.5011165,1409.1946272850037,270.0,1391.0,284.0
1,1763768947.5258646,1414.1279606819153,270.0,1402.0,285.0
1,1763768947.555825,1418.894067287445,270.0,1400.0,284.0
1,1763768947.5926976,1423.7648515701294,270.0,1401.0,277.0
1,1763768947.6255949,1428.4932641983032,270.0,1404.0,272.0
1,1763768947.6553316,1433.3468823432922,270.0,1414.0,267.0
1,1763768947.685386,1438.0832343101501,270.0,1422.0,272.0
1,1763768947.7210145,1442.8616433143616,270.0,1432.0,285.0
1,1763768947.7557366,1447.643485546112,270.0,1424.0,294.0
1,1763768947.7864127,1452.443531036377,270.0,1416.0,308.0
1,1763768947.8214293,1457.2234063148499,270.0,1429.0,309.0
1,1763768947.8663902,1464.413586139679,270.0,1441.0,296.0
1,1763768947.8942356,1469.3815379142761,270.0,1452.0,287.0
1,1763768947.9320004,1474.1348414421082,270.0,1461.0,295.0
1,1763768947.9735808,1481.2896876335144,270.0,1467.0,297.0
1,1763768948.011158,1486.076786994934,270.0,1457.0,306.0
1,1763768948.0453086,1490.9658818244934,270.0,1457.0,297.0
1,1763768948.0753386,1495.5936222076416,270.0,1471.0,288.0
1,1763768948.110688,1500.5016355514526,270.0,1475.0,294.0
1,1763768948.1408775,1505.1875977516174,270.0,1476.0,297.0
1,1763768948.1755257,1509.981599330902,270.0,1497.0,281.0
1,1763768948.2061427,1514.88303232193,270.0,1499.0,266.0
1,1763768948.2361577,1519.755497455597,270.0,1504.0,265.0
1,1763768948.2664695,1524.5274691581726,270.0,1492.0,274.0
1,1763768948.3008847,1529.240611076355,270.0,1485.0,283.0
1,1763768948.332056,1534.0680508613586,270.0,1492.0,293.0
1,1763768948.3656366,1538.912013053894,270.0,1506.0,282.0
1,1763768948.395843,1543.667748451233,270.0,1511.0,274.0
1,1763768948.4258792,1548.3940153121948,270.0,1513.0,270.0
1,1763768948.4604275,1553.274670124054,270.0,1522.0,270.0
1,1763768948.4912255,1558.0616979599,270.0,1522.0,272.0
1,1763768948.526443,1562.9074482917786,270.0,1518.0,272.0
1,1763768948.5651212,1570.0082211494446,270.0,1519.0,285.0
1,1763768948.5985098,1574.807050704956,270.0,1519.0,284.0
1,1763768948.6444042,1582.0597796440125,270.0,1523.0,287.0
1,1763768948.6859524,1586.812689781189,270.0,1563.0,285.0
1,1763768948.7363613,1593.9995794296265,270.0,1564.0,290.0
1,1763768948.7662146,1598.8377122879028,270.0,1550.0,296.0
1,1763768948.8003485,1606.0961632728577,270.0,1565.0,279.0
1,1763768948.8362048,1610.875645160675,270.0,1577.0,268.0
1,1763768948.8711271,1615.624979019165,270.0,1582.0,266.0
1,1763768948.9053214,1620.4827814102173,270.0,1576.0,261.0
1,1763768948.9317324,1625.2718834877014,270.0,1581.0,265.0
1,1763768948.9653149,1630.0063042640686,270.0,1592.0,272.0
1,1763768949.005726,1634.79851770401,270.0,1599.0,278.0
1,1763768949.0489955,1642.0301823616028,270.0,1640.0,282.0
1,1763768949.0854638,1646.806266784668,270.0,1639.0,300.0
1,1763768949.125923,1654.0799169540405,270.0,1626.0,304.0
1,1763768949.1607752,1658.8342933654785,270.0,1645.0,293.0
1,1763768949.2161298,1666.0024433135986,270.0,1658.0,295.0
1,1763768949.252068,1673.1793909072876,270.0,1654.0,288.0
1,1763768949.2756345,1675.6897597312927,270.0,1647.0,270.0
1,1763768949.3103287,1680.499496936798,270.0,1654.0,286.0
1,1763768949.3410518,1685.2913885116577,270.0,1668.0,309.0
1,1763768949.371094,1689.9839668273926,270.0,1674.0,309.0
1,1763768949.4146729,1697.2161679267883,270.0,1670.0,286.0
1,1763768949.4561727,1702.0563750267029,270.0,1665.0,284.0
1,1763768949.490367,1709.235682964325,270.0,1660.0,291.0
1,1763768949.5233,1714.0392689704895,270.0,1667.0,310.0
1,1763768949.556226,1718.855085849762,270.0,1664.0,305.0
1,1763768949.5884027,1723.6549525260925,270.0,1671.0,295.0
2,1763768949.6205564,1726.1075286865234,270.0,1679.0,295.0
2,1763768949.6510231,1726.1075286865234,270.0,1692.0,300.0
2,1763768949.6809697,1726.1075286865234,270.0,1695.0,291.0
2,1763768949.7105165,1726.1075286865234,270.0,1684.0,287.0
2,1763768949.7412393,1726.1075286865234,270.0,1663.0,308.0
2,1763768949.7713275,1726.1075286865234,270.0,1658.0,325.0
2,1763768949.7964592,1726.1075286865234,270.0,1660.0,332.0
2,1763768949.8413215,1726.1075286865234,270.0,1661.0,326.0
2,1763768949.8706539,1726.1075286865234,270.0,1666.0,322.0
2,1763768949.8960493,1726.1075286865234,270.0,1670.0,312.0
2,1763768949.9307806,1726.1075286865234,270.0,1670.0,324.0
2,1763768949.9604282,1726.1075286865234,270.0,1676.0,336.0
2,1763768950.000508,1726.1075286865234,270.0,1679.0,339.0
2,1763768950.0304523,1726.1075286865234,270.0,1680.0,335.0
2,1763768950.0709245,1726.1075286865234,270.0,1688.0,327.0
2,1763768950.0957649,1726.1075286865234,270.0,1690.0,322.0
2,1763768950.130895,180.53536701202393,363.0,1645.0,298.0
2,1763768950.1712868,187.60724353790283,363.0,1015.0,322.0
2,1763768950.2199829,194.98442697525024,363.0,578.0,369.0
2,1763768950.2560728,199.64374589920044,363.0,574.0,386.0
2,1763768950.2910323,204.8149733543396,363.0,593.0,360.0
2,1763768950.3158777,209.2892198562622,363.0,585.0,364.0
2,1763768950.3485353,214.04763746261597,363.0,584.0,367.0
2,1763768950.3765883,218.8228635787964,363.0,580.0,366.0
2,1763768950.4054425,221.35426092147827,363.0,575.0,363.0
2,1763768950.4497795,228.4521369934082,363.0,569.0,365.0
2,1763768950.4810789,233.21820783615112,363.0,538.0,376.0
2,1763768950.515403,238.1257562637329,363.0,288.0,424.0
2,1763768950.5470493,242.97554779052734,363.0,297.0,419.0
2,1763768950.5752733,247.7390079498291,363.0,297.0,428.0
2,1763768950.606507,252.44875240325928,363.0,294.0,432.0
2,1763768950.640893,257.3728232383728,363.0,302.0,431.0
2,1763768950.6711507,262.0974450111389,363.0,312.0,410.0
2,1763768950.7058406,266.9240622520447,363.0,329.0,404.0
2,1763768950.736279,271.72206926345825,363.0,337.0,410.0
2,1763768950.7659323,276.5538363456726,363.0,329.0,426.0
2,1763768950.8058066,281.2079339027405,363.0,330.0,426.0
2,1763768950.835687,286.0551505088806,363.0,328.0,423.0
2,1763768950.872691,293.1995539665222,363.0,327.0,411.0
2,1763768950.9216697,300.54265546798706,363.0,328.0,414.0
2,1763768950.960924,305.19972133636475,363.0,334.0,413.0
2,1763768951.0071342,312.5138907432556,363.0,357.0,407.0
2,1763768951.0308068,317.4118905067444,363.0,375.0,410.0
2,1763768951.060308,319.6391611099243,363.0,374.0,411.0
2,1763768951.0991647,326.82633686065674,363.0,374.0,400.0
2,1763768951.1256435,329.33570432662964,363.0,360.0,395.0
2,1763768951.1639836,336.5167646408081,363.0,361.0,384.0
2,1763768951.1972618,341.285768032074,363.0,377.0,361.0
2,1763768951.2268243,346.1386709213257,363.0,396.0,343.0
2,1763768951.2761204,353.2641201019287,363.0,395.0,346.0
2,1763768951.307735,358.1629424095154,363.0,381.0,350.0
2,1763768951.3456697,362.9128484725952,363.0,379.0,352.0
2,1763768951.386032,370.0524597167969,363.0,390.0,352.0
2,1763768951.4112668,372.4982409477234,363.0,405.0,361.0
2,1763768951.4458659,377.19997453689575,363.0,411.0,360.0
2,1763768951.4753928,382.10555601119995,363.0,411.0,359.0
2,1763768951.5056818,386.9646100997925,363.0,415.0,371.0
2,1763768951.5408995,391.63855600357056,363.0,418.0,371.0
2,1763768951.585938,398.9211826324463,363.0,423.0,369.0
2,1763768951.6137724,403.73288679122925,363.0,428.0,370.0
2,1763768951.642589,408.53858280181885,363.0,437.0,368.0
2,1763768951.6905942,415.75025606155396,363.0,429.0,369.0
2,1763768951.7382586,422.9125051498413,363.0,426.0,375.0
2,1763768951.7709734,427.6032238006592,363.0,447.0,366.0
2,1763768951.7961223,430.0042657852173,363.0,468.0,359.0
2,1763768951.8337705,437.23070907592773,363.0,473.0,356.0
2,1763768951.8604705,439.71432733535767,363.0,473.0,352.0
2,1763768951.891061,444.54237508773804,363.0,467.0,340.0
2,1763768951.935513,451.7464666366577,363.0,468.0,332.0
2,1763768951.9784408,458.8636546134949,363.0,478.0,321.0
2,1763768952.001192,461.2418441772461,363.0,511.0,309.0
2,1763768952.0452967,468.4492974281311,363.0,492.0,310.0
2,1763768952.0862644,473.2286720275879,363.0,492.0,316.0
2,1763768952.1102772,478.00511407852173,363.0,505.0,314.0
2,1763768952.145753,482.9074411392212,363.0,508.0,304.0
2,1763768952.190896,490.07401752471924,363.0,510.0,298.0
2,1763768952.2252946,494.950523853302,363.0,501.0,304.0
2,1763768952.2513847,499.6393828392029,363.0,515.0,287.0
2,1763768952.2862298,504.5971064567566,363.0,528.0,280.0
2,1763768952.3340492,511.6898684501648,363.0,546.0,293.0
2,1763768952.365588,516.4027242660522,363.0,554.0,299.0
2,1763768952.405359,521.2750463485718,363.0,542.0,290.0
2,1763768952.450262,528.5435466766357,363.0,523.0,283.0
2,1763768952.4910724,535.6711416244507,363.0,521.0,288.0
2,1763768952.5254443,540.4677896499634,363.0,521.0,308.0
2,1763768952.5618088,545.3675060272217,363.0,520.0,322.0
2,1763768952.5904472,550.1645474433899,363.0,518.0,308.0
2,1763768952.6211705,554.9455671310425,363.0,523.0,295.0
2,1763768952.6505897,559.5965890884399,363.0,522.0,290.0
2,1763768952.6825604,564.5674734115601,363.0,516.0,293.0
2,1763768952.7138648,569.2573337554932,363.0,520.0,296.0
2,1763768952.7511106,574.1076259613037,363.0,521.0,298.0
2,1763768952.778361,578.9182214736938,363.0,514.0,309.0
2,1763768952.8104434,583.6279301643372,363.0,511.0,328.0
2,1763768952.8453445,588.4632377624512,363.0,523.0,329.0
2,1763768952.881176,593.3066277503967,363.0,542.0,321.0
2,1763768952.916541,598.0971603393555,363.0,554.0,316.0
2,1763768952.955088,605.2055149078369,363.0,552.0,317.0
2,1763768952.981142,607.6482563018799,363.0,552.0,315.0
2,1763768953.0179036,614.9724035263062,363.0,572.0,312.0
2,1763768953.0506108,619.6299343109131,363.0,590.0,300.0
2,1763768953.0855365,624.5243220329285,363.0,610.0,304.0
2,1763768953.1208787,629.2730479240417,363.0,619.0,295.0
2,1763768953.1457648,634.0317158699036,363.0,604.0,286.0
2,1763768953.1855044,638.9315752983093,363.0,600.0,287.0
2,1763768953.220867,643.7435655593872,363.0,594.0,294.0
2,1763768953.2506125,648.5574154853821,363.0,620.0,293.0
2,1763768953.2868397,653.3828883171082,363.0,632.0,294.0
2,1763768953.3156517,658.0955653190613,363.0,626.0,302.0
2,1763768953.3552315,665.2871041297913,363.0,624.0,305.0
2,1763768953.380705,667.6227359771729,363.0,629.0,315.0
2,1763768953.4157073,674.8140602111816,363.0,633.0,330.0
2,1763768953.4511771,679.6011238098145,363.0,646.0,320.0
2,1763768953.4846547,684.5501570701599,363.0,662.0,313.0
2,1763768953.5204825,689.2440228462219,363.0,658.0,306.0
2,1763768953.565864,696.5113072395325,363.0,649.0,319.0
2,1763768953.6055315,701.2122898101807,363.0,639.0,334.0
2,1763768953.636191,706.0422687530518,363.0,642.0,341.0
2,1763768953.6656842,710.9219937324524,363.0,648.0,348.0
2,1763768953.70137,715.6746892929077,363.0,656.0,353.0
2,1763768953.7307906,720.444658279419,363.0,665.0,346.0
2,1763768953.7606163,725.2535729408264,363.0,661.0,346.0
2,1763768953.7963288,730.0539045333862,363.0,659.0,340.0
2,1763768953.8258102,735.3191523551941,363.0,663.0,332.0
2,1763768953.860343,739.7253065109253,363.0,671.0,325.0
2,1763768953.90137,746.9346551895142,363.0,680.0,331.0
2,1763768953.9305825,751.6987948417664,363.0,677.0,337.0
2,1763768953.961646,756.4394383430481,363.0,679.0,330.0
2,1763768953.9940975,761.2943439483643,363.0,725.0,331.0
2,1763768954.025847,766.0329489707947,363.0,731.0,359.0
2,1763768954.06079,770.8930044174194,363.0,727.0,369.0
2,1763768954.0910509,775.612476348877,363.0,721.0,369.0
2,1763768954.125274,780.5651931762695,363.0,716.0,368.0
2,1763768954.1602962,785.1957588195801,363.0,724.0,367.0
2,1763768954.1953762,790.1199011802673,363.0,743.0,368.0
2,1763768954.2253237,794.9136881828308,363.0,764.0,371.0
2,1763768954.2602525,799.6226816177368,363.0,784.0,368.0
2,1763768954.297827,806.8384318351746,363.0,787.0,361.0
2,1763768954.3308978,811.712649345398,363.0,775.0,368.0
2,1763768954.3657482,816.4292602539062,363.0,774.0,369.0
2,1763768954.3965974,821.2814836502075,363.0,784.0,356.0
2,1763768954.4311693,826.113751411438,363.0,788.0,337.0
2,1763768954.4613063,830.8360843658447,363.0,788.0,326.0
2,1763768954.496186,835.6438188552856,363.0,791.0,327.0
2,1763768954.5307395,840.3989105224609,363.0,797.0,328.0
2,1763768954.5608976,845.4614906311035,363.0,809.0,334.0
2,1763768954.5955598,850.420859336853,363.0,818.0,341.0
2,1763768954.6409628,857.274046421051,363.0,814.0,350.0
2,1763768954.6843524,864.5710854530334,363.0,815.0,364.0
2,1763768954.7273412,869.2876963615417,363.0,835.0,365.0
2,1763768954.7615602,876.3968377113342,363.0,865.0,362.0
2,1763768954.80081,881.3836722373962,363.0,864.0,359.0
2,1763768954.8311253,886.0883026123047,363.0,860.0,341.0
2,1763768954.8606434,890.871503829956,363.0,861.0,343.0
2,1763768954.8906684,895.6066756248474,363.0,865.0,345.0
2,1763768954.93851,902.9217748641968,363.0,871.0,343.0
2,1763768954.9765024,907.7138810157776,363.0,881.0,348.0
2,1763768955.0033827,912.4805955886841,363.0,888.0,350.0
2,1763768955.026407,914.876630783081,363.0,874.0,344.0
2,1763768955.0610538,919.6031122207642,363.0,873.0,353.0
2,1763768955.1022098,926.8681077957153,363.0,885.0,352.0
2,1763768955.1371331,931.6036729812622,363.0,901.0,336.0
2,1763768955.1620896,936.43186378479,363.0,908.0,313.0
2,1763768955.20109,941.2325530052185,363.0,915.0,309.0
2,1763768955.227516,946.1157827377319,363.0,914.0,323.0
2,1763768955.2609615,950.9498386383057,363.0,909.0,333.0
2,1763768955.2960727,955.5905609130859,363.0,915.0,326.0
2,1763768955.3254223,960.5293302536011,363.0,929.0,319.0
2,1763768955.3604927,965.3212575912476,363.0,979.0,314.0
2,1763768955.3956017,969.9892311096191,363.0,976.0,310.0
2,1763768955.4327025,977.2183566093445,363.0,983.0,309.0
2,1763768955.469706,982.0006279945374,363.0,981.0,322.0
2,1763768955.5015461,986.8245272636414,363.0,975.0,332.0
2,1763768955.530316,991.6683821678162,363.0,975.0,332.0
2,1763768955.5622964,996.5077667236328,363.0,975.0,340.0
2,1763768955.601249,1001.1958389282227,363.0,979.0,338.0
2,1763768955.631125,1006.0439138412476,363.0,970.0,322.0
2,1763768955.6658945,1010.8434944152832,363.0,967.0,322.0
2,1763768955.7109296,1018.0118231773376,363.0,969.0,334.0
2,1763768955.7552817,1025.270953655243,363.0,982.0,338.0
2,1763768955.796065,1030.0922422409058,363.0,993.0,325.0
2,1763768955.8416188,1037.2527389526367,363.0,993.0,333.0
2,1763768955.8702917,1041.9962792396545,363.0,1001.0,329.0
2,1763768955.899566,1046.9237117767334,363.0,1011.0,316.0
2,1763768955.9306474,1051.6459732055664,363.0,1047.0,302.0
2,1763768955.962715,1056.541612625122,363.0,1059.0,306.0
2,1763768956.010865,1063.6617331504822,363.0,1061.0,309.0
2,1763768956.050238,1068.4990792274475,363.0,1057.0,313.0
2,1763768956.075707,1073.2889680862427,363.0,1063.0,315.0
2,1763768956.100427,1075.7030634880066,363.0,1076.0,322.0
2,1763768956.136744,1082.804515838623,363.0,1121.0,315.0
2,1763768956.1711442,1087.6426486968994,363.0,1124.0,314.0
2,1763768956.2042303,1092.4200563430786,363.0,1131.0,313.0
2,1763768956.2351935,1097.2477822303772,363.0,1143.0,320.0
2,1763768956.2701585,1102.0408182144165,363.0,1145.0,318.0
2,1763768956.3060024,1106.960919380188,363.0,1139.0,310.0
2,1763768956.3354533,1111.7427258491516,363.0,1132.0,312.0
2,1763768956.3704352,1116.5035753250122,363.0,1130.0,317.0
2,1763768956.4006724,1121.2104229927063,363.0,1125.0,336.0
2,1763768956.430592,1126.1006622314453,363.0,1120.0,356.0
2,1763768956.4706485,1133.3881525993347,363.0,1097.0,366.0
2,1763768956.5015316,1135.6944589614868,363.0,1117.0,362.0
2,1763768956.5304513,1140.4946475028992,363.0,1122.0,355.0
2,1763768956.566061,1145.2314286231995,363.0,1120.0,350.0
2,1763768956.6041214,1152.4401693344116,363.0,1117.0,351.0
2,1763768956.641235,1157.2381763458252,363.0,1126.0,357.0
2,1763768956.6709573,1162.1145753860474,363.0,1141.0,353.0
2,1763768956.7011297,1166.8596892356873,363.0,1154.0,346.0
2,1763768956.7352703,1171.6351656913757,363.0,1156.0,337.0
2,1763768956.7740974,1176.3887195587158,363.0,1154.0,326.0
2,1763768956.810979,1183.591630935669,363.0,1157.0,323.0
2,1763768956.8421948,1188.468316078186,363.0,1145.0,322.0
2,1763768956.8758357,1193.1870369911194,363.0,1136.0,333.0
2,1763768956.9230475,1200.4077582359314,363.0,1122.0,349.0
2,1763768956.9609308,1205.343201637268,363.0,1191.0,335.0
2,1763768956.995455,1210.1064114570618,363.0,1214.0,332.0
2,1763768957.0260222,1214.787760257721,363.0,1209.0,346.0
2,1763768957.0563345,1219.6630864143372,363.0,1213.0,346.0
2,1763768957.085589,1224.5596199035645,363.0,1212.0,347.0
2,1763768957.1302235,1231.7261605262756,363.0,1219.0,343.0
2,1763768957.1658123,1236.491587638855,363.0,1228.0,349.0
2,1763768957.2108347,1243.588891506195,363.0,1239.0,347.0
2,1763768957.2457347,1248.5026984214783,363.0,1206.0,356.0
2,1763768957.2805283,1253.2609372138977,363.0,1218.0,369.0
2,1763768957.3151813,1258.0553679466248,363.0,1224.0,380.0
2,1763768957.3605227,1265.3249053955078,363.0,1222.0,386.0
2,1763768957.4054537,1272.8469996452332,363.0,1222.0,386.0
2,1763768957.4402509,1277.2226481437683,363.0,1235.0,371.0
2,1763768957.4709818,1282.0475845336914,363.0,1249.0,363.0
2,1763768957.5007162,1286.8980913162231,363.0,1247.0,364.0
2,1763768957.536472,1291.619315624237,363.0,1249.0,357.0
2,1763768957.5708938,1296.5377359390259,363.0,1254.0,349.0
2,1763768957.600278,1301.2762694358826,363.0,1256.0,346.0
2,1763768957.6455896,1308.4160594940186,363.0,1251.0,343.0
2,1763768957.685708,1313.339093208313,363.0,1300.0,337.0
2,1763768957.7110257,1318.088391304016,363.0,1301.0,343.0
2,1763768957.7403207,1322.86483335495,363.0,1304.0,345.0
2,1763768957.7710035,1327.6825098991394,363.0,1302.0,343.0
2,1763768957.8109462,1332.3941855430603,363.0,1299.0,349.0
2,1763768957.8412056,1337.287929534912,363.0,1310.0,344.0
2,1763768957.8755722,1342.048707485199,363.0,1319.0,337.0
2,1763768957.915414,1349.2534070014954,363.0,1320.0,339.0
2,1763768957.947495,1354.0680794715881,363.0,1317.0,338.0
2,1763768957.995241,1361.2898020744324,363.0,1314.0,339.0
2,1763768958.0352285,1366.0638480186462,363.0,1346.0,180.0
2,1763768958.0726626,1373.232605934143,363.0,1084.0,680.0
2,1763768958.1009088,1375.6696610450745,363.0,1166.0,411.0
2,1763768958.1310267,1380.4584770202637,363.0,1355.0,214.0
2,1763768958.1663277,1385.303512096405,363.0,1348.0,274.0
2,1763768958.1960533,1390.0181560516357,363.0,1340.0,322.0
2,1763768958.2406678,1397.307541847229,363.0,1327.0,311.0
2,1763768958.2662148,1402.1117715835571,363.0,1312.0,309.0
2,1763768958.30707,1406.8801670074463,363.0,1306.0,295.0
2,1763768958.3302386,1411.6389422416687,363.0,1315.0,352.0
2,1763768958.3653321,1416.5510325431824,363.0,1328.0,383.0
2,1763768958.401339,1421.183994293213,363.0,1329.0,407.0
2,1763768958.4309702,1426.1850266456604,363.0,1342.0,413.0
2,1763768958.4612396,1430.9621839523315,363.0,1347.0,411.0
2,1763768958.5010316,1436.1291556358337,363.0,1362.0,409.0
2,1763768958.5310082,1440.8414750099182,363.0,1366.0,412.0
2,1763768958.5652266,1445.3433303833008,363.0,1363.0,418.0
2,1763768958.5953965,1450.0757484436035,363.0,1364.0,414.0
2,1763768958.6302454,1457.3276906013489,363.0,1372.0,397.0
2,1763768958.6656132,1462.000313282013,363.0,1373.0,376.0
2,1763768958.6992753,1467.0479803085327,363.0,1435.0,367.0
2,1763768958.735162,1471.696141242981,363.0,1432.0,365.0
2,1763768958.7627704,1476.394799232483,363.0,1436.0,357.0
2,1763768958.7923503,1481.1831502914429,363.0,1443.0,341.0
2,1763768958.821133,1483.6305050849915,363.0,1458.0,342.0
2,1763768958.8508425,1488.4945302009583,363.0,1454.0,347.0
2,1763768958.885291,1493.2636408805847,363.0,1451.0,346.0
2,1763768958.9158635,1498.0428366661072,363.0,1445.0,343.0
2,1763768958.957316,1505.3124814033508,363.0,1454.0,344.0
2,1763768958.9864378,1510.1077346801758,363.0,1451.0,363.0
2,1763768959.0183494,1514.8775963783264,363.0,1446.0,395.0
2,1763768959.045829,1517.269769191742,363.0,1499.0,401.0
2,1763768959.0863197,1524.4428901672363,363.0,1547.0,390.0
2,1763768959.1254287,1529.3908863067627,363.0,1552.0,399.0
2,1763768959.17111,1536.41623544693,363.0,1554.0,408.0
2,1763768959.2109444,1543.7216429710388,363.0,1559.0,415.0
2,1763768959.2580612,1550.8837490081787,363.0,1567.0,415.0
2,1763768959.2953217,1555.620780467987,363.0,1572.0,419.0
2,1763768959.3397882,1562.9316239356995,363.0,1588.0,419.0
2,1763768959.3656535,1565.3355627059937,363.0,1588.0,411.0
2,1763768959.4107847,1572.4820046424866,363.0,1521.0,408.0
2,1763768959.4390051,1577.1969347000122,363.0,1526.0,404.0
2,1763768959.4660466,1582.0802717208862,363.0,1529.0,404.0
2,1763768959.5143964,1589.2845420837402,363.0,1546.0,395.0
2,1763768959.5463245,1594.095745563507,363.0,1557.0,403.0
2,1763768959.5717762,1596.392539024353,363.0,1554.0,416.0
2,1763768959.6056266,1601.1919050216675,363.0,1539.0,431.0
2,1763768959.6417928,1608.4394125938416,363.0,1533.0,428.0
2,1763768959.6658416,1610.8467845916748,363.0,1554.0,419.0
2,1763768959.707346,1618.1175379753113,363.0,1598.0,399.0
2,1763768959.754482,1625.3108649253845,363.0,1605.0,401.0
2,1763768959.7732809,1627.6369123458862,363.0,1598.0,396.0
2,1763768959.8176844,1634.8251609802246,363.0,1591.0,387.0
2,1763768959.8404968,1637.3655347824097,363.0,1592.0,370.0
2,1763768959.8711488,1642.1125440597534,363.0,1603.0,355.0
2,1763768959.9002347,1646.809163570404,363.0,1602.0,356.0
2,1763768959.930574,1651.683488368988,363.0,1601.0,352.0
2,1763768959.962144,1656.4468054771423,363.0,1601.0,353.0
2,1763768960.0059376,1661.2831144332886,363.0,1597.0,350.0
2,1763768960.050928,1668.4173254966736,363.0,1638.0,359.0
2,1763768960.0753372,1673.2651858329773,363.0,1638.0,374.0
2,1763768960.1064541,1678.0194907188416,363.0,1625.0,375.0
2,1763768960.141016,1682.7977566719055,363.0,1613.0,371.0
2,1763768960.1754074,1687.6971154212952,363.0,1618.0,369.0
2,1763768960.2187705,1694.9244170188904,363.0,1631.0,364.0
2,1763768960.2552536,1699.6508626937866,363.0,1632.0,370.0
2,1763768960.3011434,1706.9304494857788,363.0,1630.0,369.0
2,1763768960.3258784,1709.2518119812012,363.0,1635.0,366.0
2,1763768960.355976,1714.0252499580383,363.0,1638.0,370.0
2,1763768960.3855088,1718.8934950828552,363.0,1636.0,372.0
2,1763768960.4222379,1723.5925107002258,363.0,1631.0,370.0
3,1763768960.4661653,1726.1265544891357,363.0,1627.0,370.0
3,1763768960.5053797,1726.1265544891357,363.0,1633.0,375.0
3,1763768960.525458,1726.1265544891357,363.0,1640.0,392.0
3,1763768960.5605218,1726.1265544891357,363.0,1641.0,398.0
3,1763768960.5859714,1726.1265544891357,363.0,1639.0,402.0
3,1763768960.6260133,1726.1265544891357,363.0,1630.0,408.0
3,1763768960.6605027,1726.1265544891357,363.0,1628.0,414.0
3,1763768960.686224,1726.1265544891357,363.0,1629.0,422.0
3,1763768960.7206433,1726.1265544891357,363.0,1633.0,419.0
3,1763768960.7660623,1726.1265544891357,363.0,1634.0,419.0
3,1763768960.8053932,1726.1265544891357,363.0,1635.0,416.0
3,1763768960.8359218,1726.1265544891357,363.0,1506.0,416.0
3,1763768960.8812468,1726.1265544891357,363.0,1023.0,452.0
3,1763768960.921134,1726.1265544891357,363.0,358.0,535.0
3,1763768960.942268,180.42067575454712,456.0,371.0,501.0
3,1763768960.9717836,182.96723651885986,456.0,394.0,489.0
3,1763768961.0054424,190.34560012817383,456.0,392.0,486.0
3,1763768961.0357225,192.49233293533325,456.0,382.0,484.0
3,1763768961.0725951,199.71634435653687,456.0,369.0,483.0
3,1763768961.1028128,204.48831605911255,456.0,368.0,489.0
3,1763768961.1357756,209.25213384628296,456.0,367.0,493.0
3,1763768961.1666794,214.05725765228271,456.0,359.0,486.0
3,1763768961.1958153,216.5303258895874,456.0,349.0,480.0
3,1763768961.2251236,221.25326681137085,456.0,356.0,462.0
3,1763768961.2625768,228.4607915878296,456.0,297.0,448.0
3,1763768961.298025,233.37259578704834,456.0,300.0,435.0
3,1763768961.344078,240.53105401992798,456.0,284.0,448.0
3,1763768961.3803573,245.26025342941284,456.0,260.0,452.0
3,1763768961.4153972,250.16275930404663,456.0,272.0,444.0
3,1763768961.451536,254.85483694076538,456.0,293.0,463.0
3,1763768961.4805925,259.6904306411743,456.0,486.0,373.0
3,1763768961.5311458,266.9350414276123,456.0,451.0,1080.0
3,1763768961.5673552,274.0342049598694,456.0,1628.0,1541.0
3,1763768961.6105185,278.88768005371094,456.0,298.0,1090.0
3,1763768961.6481292,286.1255316734314,456.0,-149.0,1152.0
3,1763768961.6702125,288.4244351387024,456.0,337.0,377.0
3,1763768961.7004633,293.2979016304016,456.0,337.0,332.0
3,1763768961.735612,298.02899646759033,456.0,335.0,327.0
3,1763768961.7658885,302.8273968696594,456.0,336.0,342.0
3,1763768961.795988,307.7353744506836,456.0,272.0,415.0
3,1763768961.8361077,312.50673818588257,456.0,271.0,434.0
3,1763768961.871365,319.6000723838806,456.0,337.0,456.0
3,1763768961.9039645,324.454656124115,456.0,340.0,461.0
3,1763768961.9308798,326.95275831222534,456.0,343.0,459.0
3,1763768961.9668694,334.05746507644653,456.0,356.0,454.0
3,1763768962.0109253,338.88558435440063,456.0,366.0,461.0
3,1763768962.043039,343.6325578689575,456.0,357.0,460.0
3,1763768962.0761466,348.45788764953613,456.0,347.0,456.0
3,1763768962.105229,353.24956464767456,456.0,354.0,452.0
3,1763768962.1355228,358.0063371658325,456.0,364.0,461.0
3,1763768962.1705413,362.8913550376892,456.0,365.0,465.0
3,1763768962.2011876,367.60514068603516,456.0,369.0,453.0
3,1763768962.2362823,372.58582401275635,456.0,375.0,428.0
3,1763768962.2653685,377.3663430213928,456.0,380.0,420.0
3,1763768962.2959113,382.13187742233276,456.0,376.0,419.0
3,1763768962.3385518,389.31701469421387,456.0,376.0,444.0
3,1763768962.3663938,394.01388454437256,456.0,387.0,455.0
3,1763768962.3951657,396.50225925445557,456.0,404.0,465.0
3,1763768962.4354286,403.6402254104614,456.0,421.0,474.0
3,1763768962.4753008,408.52942752838135,456.0,425.0,480.0
3,1763768962.5119872,415.6457929611206,456.0,423.0,477.0
3,1763768962.546584,420.6461100578308,456.0,422.0,456.0
3,1763768962.5757556,425.29427099227905,456.0,426.0,460.0
3,1763768962.6075234,430.00469493865967,456.0,422.0,478.0
3,1763768962.640729,434.8456530570984,456.0,427.0,466.0
3,1763768962.6717358,439.68768405914307,456.0,426.0,448.0
3,1763768962.7057865,444.5586471557617,456.0,436.0,444.0
3,1763768962.7372048,449.1963653564453,456.0,440.0,456.0
3,1763768962.7707276,454.0753393173218,456.0,439.0,449.0
3,1763768962.8011334,458.83897829055786,456.0,467.0,436.0
3,1763768962.8326256,463.78890562057495,456.0,487.0,413.0
3,1763768962.8655913,468.4517650604248,456.0,481.0,413.0
3,1763768962.9001606,473.2384352684021,456.0,480.0,408.0
3,1763768962.9437406,480.43669748306274,456.0,490.0,408.0
3,1763768962.966297,482.916775226593,456.0,514.0,410.0
3,1763768963.0009587,487.67118740081787,456.0,522.0,406.0
3,1763768963.0428119,494.96640253067017,456.0,529.0,404.0
3,1763768963.0754387,499.655797958374,456.0,516.0,404.0
3,1763768963.1108987,504.49872303009033,456.0,509.0,398.0
3,1763768963.1459234,509.34275674819946,456.0,512.0,396.0
3,1763768963.1863687,516.4021162986755,456.0,515.0,392.0
3,1763768963.2104778,518.8483982086182,456.0,509.0,381.0
3,1763768963.240994,523.627236366272,456.0,509.0,383.0
3,1763768963.2806883,530.9908657073975,456.0,509.0,383.0
3,1763768963.3054385,533.354642868042,456.0,518.0,391.0
3,1763768963.336121,538.1205706596375,456.0,527.0,387.0
3,1763768963.3806152,545.2937273979187,456.0,574.0,379.0
3,1763768963.42391,552.4129538536072,456.0,565.0,379.0
3,1763768963.4508903,554.9001841545105,456.0,570.0,369.0
3,1763768963.4951801,562.1800570487976,456.0,571.0,370.0
3,1763768963.5261767,566.9423727989197,456.0,553.0,390.0
3,1763768963.568155,574.1246132850647,456.0,557.0,406.0
3,1763768963.6062093,578.9410381317139,456.0,569.0,403.0
3,1763768963.648421,586.1515312194824,456.0,591.0,373.0
3,1763768963.670844,588.553252696991,456.0,603.0,369.0
3,1763768963.705192,593.2955055236816,456.0,610.0,367.0
3,1763768963.7435515,600.4500298500061,456.0,614.0,351.0
3,1763768963.7761903,605.2393465042114,456.0,626.0,338.0
3,1763768963.8237996,612.5380663871765,456.0,637.0,344.0
3,1763768963.8656845,617.2126202583313,456.0,639.0,356.0
3,1763768963.890678,622.0922737121582,456.0,643.0,359.0
3,1763768963.9204044,626.8962173461914,456.0,649.0,356.0
3,1763768963.960928,631.6826372146606,456.0,653.0,354.0
3,1763768964.0002904,638.9641551971436,456.0,655.0,355.0
3,1763768964.0256405,641.1977558135986,456.0,649.0,367.0
3,1763768964.070958,648.4750537872314,456.0,642.0,375.0
3,1763768964.10569,653.2059698104858,456.0,654.0,381.0
3,1763768964.137432,658.1434516906738,456.0,661.0,381.0
3,1763768964.170983,662.9062323570251,456.0,655.0,383.0
3,1763768964.2011478,667.5973086357117,456.0,642.0,382.0
3,1763768964.2315602,672.4677352905273,456.0,648.0,373.0
3,1763768964.2608206,677.2653489112854,456.0,663.0,377.0
3,1763768964.2951832,682.0109276771545,456.0,681.0,381.0
3,1763768964.352088,691.7179493904114,456.0,688.0,387.0
3,1763768964.3856573,696.542206287384,456.0,699.0,387.0
3,1763768964.4153273,701.2300639152527,456.0,690.0,392.0
3,1763768964.4635959,708.4687023162842,456.0,685.0,396.0
3,1763768964.4958522,713.2887749671936,456.0,689.0,400.0
3,1763768964.5275977,718.0602102279663,456.0,697.0,407.0
3,1763768964.5610032,722.9077129364014,456.0,706.0,415.0
3,1763768964.5930533,727.6524333953857,456.0,711.0,407.0
3,1763768964.631089,732.4941782951355,456.0,712.0,387.0
3,1763768964.672768,739.6536378860474,456.0,719.0,387.0
3,1763768964.7103775,744.4755344390869,456.0,726.0,389.0
3,1763768964.7518172,751.6255526542664,456.0,727.0,391.0
3,1763768964.7758949,753.9938359260559,456.0,747.0,399.0
3,1763768964.8103485,758.9239506721497,456.0,750.0,403.0
3,1763768964.8407395,763.6560111045837,456.0,751.0,407.0
3,1763768964.876013,768.4052019119263,456.0,755.0,406.0
3,1763768964.910874,775.6375460624695,456.0,769.0,395.0
3,1763768964.9459162,780.4212837219238,456.0,769.0,375.0
3,1763768964.9935632,787.7200036048889,456.0,761.0,361.0
3,1763768965.0310097,792.4028902053833,456.0,756.0,368.0
3,1763768965.061375,797.2562580108643,456.0,775.0,379.0
3,1763768965.0964198,802.1490364074707,456.0,785.0,368.0
3,1763768965.1256251,806.8283824920654,456.0,819.0,347.0
3,1763768965.1608891,811.631432056427,456.0,830.0,336.0
3,1763768965.2053466,818.8433556556702,456.0,831.0,334.0
3,1763768965.247535,826.1284499168396,456.0,825.0,335.0
3,1763768965.270883,828.3977060317993,456.0,835.0,344.0
3,1763768965.3009439,833.348527431488,456.0,847.0,351.0
3,1763768965.3507879,840.4745488166809,456.0,841.0,360.0
3,1763768965.3807268,845.2292470932007,456.0,829.0,349.0
3,1763768965.4242096,852.489164352417,456.0,824.0,326.0
3,1763768965.4659286,857.3036580085754,456.0,821.0,327.0
3,1763768965.490832,862.0911149978638,456.0,826.0,354.0
3,1763768965.5206974,866.9315724372864,456.0,834.0,361.0
3,1763768965.5558522,871.6200022697449,456.0,841.0,354.0
3,1763768965.5953197,876.4225153923035,456.0,845.0,351.0
3,1763768965.63069,883.6326508522034,456.0,840.0,351.0
3,1763768965.6658714,888.434627532959,456.0,830.0,347.0
3,1763768965.6951082,893.2886390686035,456.0,815.0,355.0
3,1763768965.7293203,898.1033115386963,456.0,809.0,363.0
3,1763768965.7764387,905.3277163505554,456.0,822.0,361.0
3,1763768965.8155441,910.0762634277344,456.0,846.0,352.0
3,1763768965.8672237,917.2251372337341,456.0,871.0,343.0
3,1763768965.9030116,924.5201377868652,456.0,880.0,343.0
3,1763768965.9400938,929.1985182762146,456.0,879.0,345.0
3,1763768965.9668736,934.0815334320068,456.0,871.0,336.0
3,1763768965.9959426,936.4131956100464,456.0,872.0,327.0
3,1763768966.026312,941.2751107215881,456.0,883.0,325.0
3,1763768966.062753,948.4560279846191,456.0,886.0,323.0
3,1763768966.0908482,950.9150772094727,456.0,899.0,316.0
3,1763768966.1200604,955.6869416236877,456.0,915.0,320.0
3,1763768966.1507046,960.4077367782593,456.0,923.0,327.0
3,1763768966.1862082,965.2441530227661,456.0,921.0,334.0
3,1763768966.2278497,972.3889856338501,456.0,922.0,326.0
3,1763768966.2560515,977.2666006088257,456.0,961.0,317.0
3,1763768966.2952437,982.1611313819885,456.0,960.0,325.0
3,1763768966.3307936,986.9264512062073,456.0,955.0,346.0
3,1763768966.36009,991.6222839355469,456.0,949.0,360.0
3,1763768966.396427,996.4609532356262,456.0,949.0,359.0
3,1763768966.4258018,1001.2116103172302,456.0,967.0,358.0
3,1763768966.4559484,1006.1318545341492,456.0,984.0,357.0
3,1763768966.4858723,1010.8745722770691,456.0,992.0,348.0
3,1763768966.5205717,1015.6976132392883,456.0,983.0,345.0
3,1763768966.5553234,1020.428457736969,456.0,972.0,349.0
3,1763768966.585124,1025.3095417022705,456.0,973.0,360.0
3,1763768966.620075,1032.540491104126,456.0,982.0,358.0
3,1763768966.6504033,1034.8658232688904,456.0,996.0,356.0
3,1763768966.6950583,1042.118480682373,456.0,1005.0,350.0
3,1763768966.7268977,1046.8717484474182,456.0,1014.0,345.0
3,1763768966.7770796,1054.1612057685852,456.0,1021.0,352.0
3,1763768966.8056343,1058.8116912841797,456.0,1017.0,362.0
3,1763768966.8409286,1063.6669187545776,456.0,1015.0,365.0
3,1763768966.8802795,1070.9187893867493,456.0,1019.0,371.0
3,1763768966.9286404,1078.022315979004,456.0,1017.0,380.0
3,1763768966.9610014,1082.8269748687744,456.0,1010.0,369.0
3,1763768967.0069256,1090.095582485199,456.0,1011.0,356.0
3,1763768967.0473256,1094.8797492980957,456.0,1036.0,352.0
3,1763768967.0724905,1099.7276811599731,456.0,1063.0,353.0
3,1763768967.1024034,1104.432204246521,456.0,1073.0,356.0
3,1763768967.1357212,1109.3055276870728,456.0,1077.0,360.0
3,1763768967.171123,1114.0579013824463,456.0,1087.0,370.0
3,1763768967.2003896,1118.8392429351807,456.0,1087.0,370.0
3,1763768967.2402084,1123.6936836242676,456.0,1082.0,369.0
3,1763768967.2757926,1128.570261478424,456.0,1071.0,369.0
3,1763768967.305511,1133.3016781806946,456.0,1076.0,361.0
3,1763768967.340148,1140.5514388084412,456.0,1083.0,363.0
3,1763768967.3852265,1145.2250986099243,456.0,1090.0,361.0
3,1763768967.426124,1152.4191765785217,456.0,1090.0,354.0
3,1763768967.4504678,1154.9019722938538,456.0,1085.0,353.0
3,1763768967.4813507,1159.703770160675,456.0,1082.0,360.0
3,1763768967.5308788,1166.8662338256836,456.0,1092.0,373.0
3,1763768967.5603673,1171.660807609558,456.0,1092.0,381.0
3,1763768967.5909958,1176.5385656356812,456.0,1103.0,373.0
3,1763768967.6251466,1181.2136917114258,456.0,1117.0,367.0
3,1763768967.6636162,1188.4364156723022,456.0,1138.0,365.0
3,1763768967.6904092,1190.9045486450195,456.0,1154.0,364.0
3,1763768967.730127,1198.0254559516907,456.0,1152.0,367.0
3,1763768967.760908,1202.9114036560059,456.0,1153.0,365.0
3,1763768967.8004708,1207.620611667633,456.0,1170.0,358.0
3,1763768967.8362758,1212.5388889312744,456.0,1172.0,355.0
3,1763768967.8876712,1222.1705584526062,456.0,1164.0,361.0
3,1763768967.920775,1226.8174676895142,456.0,1170.0,376.0
3,1763768967.9458988,1229.2940049171448,456.0,1188.0,374.0
3,1763768967.9848378,1236.3955645561218,456.0,1199.0,364.0
3,1763768968.020516,1241.2856607437134,456.0,1207.0,354.0
3,1763768968.0622697,1248.404601097107,456.0,1217.0,361.0
3,1763768968.1006663,1253.237762928009,456.0,1235.0,373.0
3,1763768968.1295936,1258.0073385238647,456.0,1237.0,373.0
3,1763768968.160513,1262.8147869110107,456.0,1231.0,370.0
3,1763768968.2082257,1270.0971632003784,456.0,1228.0,363.0
3,1763768968.2516031,1274.9615459442139,456.0,1228.0,356.0
3,1763768968.2873654,1282.032850265503,456.0,1285.0,341.0
3,1763768968.330491,1286.9342832565308,456.0,1299.0,333.0
3,1763768968.3552995,1291.6532545089722,456.0,1312.0,321.0
3,1763768968.38526,1296.5246109962463,456.0,1317.0,328.0
3,1763768968.4211023,1301.3107447624207,456.0,1311.0,338.0
3,1763768968.4631453,1308.498492717743,456.0,1305.0,348.0
3,1763768968.5002146,1313.2975726127625,456.0,1301.0,342.0
3,1763768968.5358307,1318.1258707046509,456.0,1310.0,346.0
3,1763768968.5661201,1322.8137283325195,456.0,1316.0,363.0
3,1763768968.5959485,1327.638020992279,456.0,1316.0,364.0
3,1763768968.6300921,1332.4451117515564,456.0,1323.0,361.0
3,1763768968.665535,1337.2957973480225,456.0,1331.0,351.0
3,1763768968.6964314,1342.1037464141846,456.0,1335.0,348.0
3,1763768968.7360504,1349.2642788887024,456.0,1330.0,352.0
3,1763768968.7680385,1354.1166453361511,456.0,1325.0,359.0
3,1763768968.8160772,1361.3048939704895,456.0,1330.0,367.0
3,1763768968.850961,1365.989890575409,456.0,1338.0,368.0
3,1763768968.8753786,1368.4309511184692,456.0,1387.0,370.0
3,1763768968.9063034,1373.240294933319,456.0,1386.0,373.0
3,1763768968.9480348,1380.5174856185913,456.0,1379.0,382.0
3,1763768968.9794493,1385.3175311088562,456.0,1374.0,388.0
3,1763768969.010182,1390.0516300201416,456.0,1370.0,383.0
3,1763768969.0401618,1394.9078946113586,456.0,1367.0,379.0
3,1763768969.081356,1399.7214226722717,456.0,1371.0,379.0
3,1763768969.1212401,1406.9165019989014,456.0,1376.0,385.0
3,1763768969.160993,1411.6482048034668,456.0,1385.0,385.0
3,1763768969.200178,1418.9309387207031,456.0,1389.0,385.0
3,1763768969.2356153,1423.679235458374,456.0,1387.0,389.0
3,1763768969.264025,1428.4769921302795,456.0,1425.0,400.0
3,1763768969.2966924,1433.351459980011,456.0,1459.0,397.0
3,1763768969.3315592,1438.1319789886475,456.0,1451.0,403.0
3,1763768969.360644,1442.784824848175,456.0,1447.0,417.0
3,1763768969.39229,1447.6247816085815,456.0,1445.0,427.0
3,1763768969.422373,1452.4301557540894,456.0,1442.0,434.0
3,1763768969.455617,1457.2282342910767,456.0,1436.0,449.0
3,1763768969.4876285,1462.0273141860962,456.0,1442.0,465.0
3,1763768969.5208285,1466.8314723968506,456.0,1453.0,474.0
3,1763768969.5553424,1471.6168193817139,456.0,1466.0,471.0
3,1763768969.5908375,1476.4883546829224,456.0,1476.0,465.0
3,1763768969.6204877,1481.2877206802368,456.0,1479.0,452.0
3,1763768969.648076,1486.091378211975,456.0,1478.0,453.0
3,1763768969.6854784,1490.8305196762085,456.0,1478.0,452.0
3,1763768969.7155664,1495.7228689193726,456.0,1483.0,458.0
3,1763768969.7458613,1500.4296808242798,456.0,1476.0,467.0
3,1763768969.7809758,1505.2815823554993,456.0,1474.0,470.0
3,1763768969.8108928,1510.0370316505432,456.0,1479.0,478.0
3,1763768969.8410902,1514.8230938911438,456.0,1484.0,475.0
3,1763768969.875378,1519.6998147964478,456.0,1489.0,473.0
3,1763768969.9039872,1524.4748620986938,456.0,1489.0,461.0
3,1763768969.9469118,1529.198947429657,456.0,1493.0,455.0
3,1763768969.990763,1536.5589289665222,456.0,1500.0,447.0
3,1763768970.0106542,1538.917842388153,456.0,1506.0,434.0
3,1763768970.0475764,1546.1317687034607,456.0,1515.0,430.0
3,1763768970.0908365,1550.88099527359,456.0,1533.0,438.0
3,1763768970.13156,1558.05450963974,456.0,1550.0,445.0
3,1763768970.1662428,1562.8262667655945,456.0,1588.0,427.0
3,1763768970.2091215,1570.09623336792,456.0,1590.0,427.0
3,1763768970.250565,1574.892273426056,456.0,1591.0,435.0
3,1763768970.29015,1582.1276931762695,456.0,1600.0,435.0
3,1763768970.326255,1586.818805217743,456.0,1599.0,437.0
3,1763768970.3690813,1594.172742843628,456.0,1585.0,440.0
3,1763768970.4108455,1598.9345936775208,456.0,1587.0,433.0
3,1763768970.4401364,1603.7593512535095,456.0,1592.0,429.0
3,1763768970.4701617,1608.4264307022095,456.0,1595.0,423.0
3,1763768970.5109377,1615.6910328865051,456.0,1596.0,420.0
3,1763768970.5470114,1620.4257040023804,456.0,1592.0,414.0
3,1763768970.576043,1625.2501754760742,456.0,1593.0,416.0
3,1763768970.6078558,1630.099072933197,456.0,1621.0,405.0
3,1763768970.6410465,1634.796908378601,456.0,1634.0,399.0
3,1763768970.681193,1639.6340398788452,456.0,1638.0,384.0
3,1763768970.7105792,1644.503357887268,456.0,1639.0,386.0
3,1763768970.7451239,1649.290385723114,456.0,1629.0,388.0
3,1763768970.7754593,1654.1037707328796,456.0,1632.0,395.0
3,1763768970.810718,1658.8262467384338,456.0,1636.0,399.0
3,1763768970.8511848,1666.0977153778076,456.0,1632.0,400.0
3,1763768970.8752599,1668.406310558319,456.0,1622.0,393.0
3,1763768970.91713,1675.5978136062622,456.0,1617.0,387.0
3,1763768970.946432,1680.457582950592,456.0,1615.0,410.0
3,1763768970.9808,1685.3345184326172,456.0,1609.0,425.0
3,1763768971.01006,1690.072193622589,456.0,1599.0,432.0
3,1763768971.0450468,1694.8455243110657,456.0,1596.0,435.0
3,1763768971.0801582,1699.6539025306702,456.0,1615.0,442.0
3,1763768971.1151583,1704.4354944229126,456.0,1630.0,438.0
3,1763768971.1474094,1709.3856363296509,456.0,1617.0,443.0
3,1763768971.1852584,1716.499355316162,456.0,1626.0,448.0
3,1763768971.2210655,1721.3871269226074,456.0,1640.0,448.0
4,1763768971.2604136,1726.070228099823,456.0,1636.0,449.0
4,1763768971.295945,1726.070228099823,456.0,1630.0,441.0
4,1763768971.335087,1726.070228099823,456.0,1638.0,435.0
4,1763768971.375692,1726.070228099823,456.0,1639.0,440.0
4,1763768971.4112136,1726.070228099823,456.0,1634.0,440.0
4,1763768971.4459083,1726.070228099823,456.0,1641.0,431.0
4,1763768971.4759111,1726.070228099823,456.0,1653.0,423.0
4,1763768971.5054295,1726.070228099823,456.0,1659.0,417.0
4,1763768971.5353925,1726.070228099823,456.0,1656.0,418.0
4,1763768971.5659347,1726.070228099823,456.0,1658.0,417.0
4,1763768971.6051922,1726.070228099823,456.0,1655.0,412.0
4,1763768971.6408057,1726.070228099823,456.0,1641.0,411.0
4,1763768971.6654522,1726.070228099823,456.0,1636.0,413.0
4,1763768971.7006216,1726.070228099823,456.0,1631.0,413.0
4,1763768971.7307546,1726.070228099823,456.0,1635.0,411.0
4,1763768971.7652557,180.52946615219116,549.0,1322.0,438.0
4,1763768971.8007948,185.264244556427,549.0,748.0,477.0
4,1763768971.8402786,190.0613932609558,549.0,386.0,543.0
4,1763768971.8755891,197.22560930252075,549.0,394.0,558.0
4,1763768971.9206483,202.01732206344604,549.0,379.0,573.0
4,1763768971.9499815,206.84129285812378,549.0,358.0,592.0
4,1763768971.980447,211.66204500198364,549.0,363.0,590.0
4,1763768972.0201163,218.86849689483643,549.0,364.0,582.0
4,1763768972.0451448,221.32811832427979,549.0,362.0,577.0
4,1763768972.080454,226.06257486343384,549.0,364.0,568.0
4,1763768972.1162236,233.3396224975586,549.0,235.0,491.0
4,1763768972.1456046,238.19670963287354,549.0,291.0,563.0
4,1763768972.186229,242.87923860549927,549.0,299.0,558.0
4,1763768972.2133415,247.756817817688,549.0,265.0,548.0
4,1763768972.245188,252.48219060897827,549.0,271.0,550.0
4,1763768972.2862236,257.2717218399048,549.0,267.0,561.0
4,1763768972.3151846,262.1482996940613,549.0,271.0,571.0
4,1763768972.3657675,269.3623332977295,549.0,279.0,568.0
4,1763768972.4005563,274.06521129608154,549.0,284.0,576.0
4,1763768972.4367511,281.20571660995483,549.0,305.0,568.0
4,1763768972.4804096,286.0682396888733,549.0,348.0,568.0
4,1763768972.5208313,293.33191204071045,549.0,353.0,572.0
4,1763768972.5662138,300.5072145462036,549.0,356.0,570.0
4,1763768972.60548,305.275288105011,549.0,366.0,592.0
4,1763768972.6408014,310.1118474006653,549.0,363.0,590.0
4,1763768972.6803162,317.254891872406,549.0,377.0,569.0
4,1763768972.730817,324.50593996047974,549.0,394.0,560.0
4,1763768972.7732937,331.75165939331055,549.0,397.0,558.0
4,1763768972.795435,334.0780644416809,549.0,388.0,563.0
4,1763768972.8278592,338.9448432922363,549.0,385.0,553.0
4,1763768972.8601975,343.7446026802063,549.0,385.0,531.0
4,1763768972.9030435,350.8305697441101,549.0,393.0,520.0
4,1763768972.9409604,355.69774198532104,549.0,408.0,523.0
4,1763768972.967674,360.5472116470337,549.0,422.0,526.0
4,1763768972.9983106,365.24365234375,549.0,416.0,532.0
4,1763768973.035868,370.1228766441345,549.0,424.0,535.0
4,1763768973.061243,374.7974662780762,549.0,427.0,541.0
4,1763768973.0956736,379.6292333602905,549.0,420.0,543.0
4,1763768973.12565,384.40538930892944,549.0,405.0,540.0
4,1763768973.1571908,389.277174949646,549.0,408.0,527.0
4,1763768973.195779,394.1330819129944,549.0,421.0,530.0
4,1763768973.2249973,398.80312967300415,549.0,431.0,548.0
4,1763768973.2550838,403.6993055343628,549.0,420.0,555.0
4,1763768973.291115,408.4871201515198,549.0,427.0,529.0
4,1763768973.325408,413.33995151519775,549.0,424.0,507.0
4,1763768973.3558912,418.0912880897522,549.0,425.0,502.0
4,1763768973.3864303,422.8513865470886,549.0,423.0,513.0
4,1763768973.426301,430.2693395614624,549.0,427.0,527.0
4,1763768973.4563098,432.5754671096802,549.0,429.0,529.0
4,1763768973.4919589,439.6955518722534,549.0,427.0,531.0
4,1763768973.5309124,444.41656160354614,549.0,433.0,533.0
4,1763768973.5740652,451.6446499824524,549.0,443.0,518.0
4,1763768973.6106713,456.44433784484863,549.0,454.0,503.0
4,1763768973.6458483,461.3377957344055,549.0,455.0,505.0
4,1763768973.680449,466.01138401031494,549.0,459.0,496.0
4,1763768973.7174497,473.28968334198,549.0,470.0,493.0
4,1763768973.751115,478.02288818359375,549.0,470.0,497.0
4,1763768973.7754235,480.5291085243225,549.0,470.0,496.0
4,1763768973.8059852,485.30358362197876,549.0,464.0,494.0
4,1763768973.8407478,490.09837198257446,549.0,466.0,494.0
4,1763768973.8940973,499.7106580734253,549.0,457.0,486.0
4,1763768973.9353447,504.4916777610779,549.0,450.0,490.0
4,1763768973.9571497,509.2952995300293,549.0,467.0,473.0
4,1763768973.994947,514.1127972602844,549.0,482.0,473.0
4,1763768974.029959,518.9385561943054,549.0,490.0,479.0
4,1763768974.0604959,523.6431865692139,549.0,500.0,491.0
4,1763768974.1054597,530.8849720954895,549.0,502.0,500.0
4,1763768974.1405811,535.6179265975952,549.0,519.0,499.0
4,1763768974.1682947,540.5343084335327,549.0,544.0,495.0
4,1763768974.1965582,545.2193050384521,549.0,551.0,490.0
4,1763768974.2324522,550.0769643783569,549.0,546.0,480.0
4,1763768974.2613559,554.9144892692566,549.0,546.0,467.0
4,1763768974.3089938,562.0454459190369,549.0,557.0,457.0
4,1763768974.35661,569.2573337554932,549.0,553.0,463.0
4,1763768974.3958342,574.0442185401917,549.0,547.0,480.0
4,1763768974.420908,578.818943977356,549.0,544.0,480.0
4,1763768974.4529936,583.7812094688416,549.0,545.0,474.0
4,1763768974.4863057,588.4500770568848,549.0,553.0,470.0
4,1763768974.5158846,593.2104258537292,549.0,557.0,470.0
4,1763768974.5477166,598.0085401535034,549.0,565.0,460.0
4,1763768974.579981,602.8946666717529,549.0,574.0,469.0
4,1763768974.6115499,607.6255469322205,549.0,582.0,470.0
4,1763768974.6455116,612.4099640846252,549.0,582.0,482.0
4,1763768974.6806698,617.3068552017212,549.0,572.0,481.0
4,1763768974.7265844,624.5301871299744,549.0,570.0,476.0
4,1763768974.7650564,629.2593507766724,549.0,572.0,460.0
4,1763768974.795752,634.0282826423645,549.0,597.0,458.0
4,1763768974.835815,641.1934642791748,549.0,612.0,456.0
4,1763768974.8600173,643.7137036323547,549.0,619.0,454.0
4,1763768974.8950028,648.4241275787354,549.0,618.0,456.0
4,1763768974.9449313,658.0957083702087,549.0,625.0,467.0
4,1763768974.9881537,662.87468957901,549.0,635.0,467.0
4,1763768975.0291107,670.0345783233643,549.0,644.0,458.0
4,1763768975.0602062,674.8475341796875,549.0,647.0,460.0
4,1763768975.0939443,679.7736792564392,549.0,660.0,447.0
4,1763768975.1208026,682.096508026123,549.0,657.0,446.0
4,1763768975.1570294,689.2761378288269,549.0,651.0,462.0
4,1763768975.20539,696.484628200531,549.0,657.0,481.0
4,1763768975.2403991,701.3128547668457,549.0,768.0,278.0
4,1763768975.269528,706.0698418617249,549.0,574.0,992.0
4,1763768975.305275,710.8566551208496,549.0,915.0,910.0
4,1763768975.3520947,718.1505470275879,549.0,942.0,912.0
4,1763768975.3853853,722.864010810852,549.0,892.0,431.0
4,1763768975.413792,727.7420907020569,549.0,726.0,474.0
4,1763768975.4558034,732.5063018798828,549.0,736.0,442.0
4,1763768975.4949243,739.6575717926025,549.0,730.0,412.0
4,1763768975.5250633,744.4543986320496,549.0,740.0,392.0
4,1763768975.5506907,746.8560485839844,549.0,730.0,435.0
4,1763768975.580543,751.6674308776855,549.0,730.0,451.0
4,1763768975.615826,756.4949779510498,549.0,727.0,457.0
4,1763768975.64584,761.2807898521423,549.0,725.0,461.0
4,1763768975.6806571,766.1281137466431,549.0,729.0,459.0
4,1763768975.7099297,770.9213285446167,549.0,740.0,460.0
4,1763768975.7503216,778.1084327697754,549.0,749.0,462.0
4,1763768975.785772,782.9294352531433,549.0,749.0,459.0
4,1763768975.8251894,790.1344208717346,549.0,764.0,442.0
4,1763768975.86754,794.835367679596,549.0,768.0,442.0
4,1763768975.9001977,799.7255711555481,549.0,762.0,447.0
4,1763768975.9307086,804.4230132102966,549.0,774.0,437.0
4,1763768975.9608119,809.3305616378784,549.0,774.0,458.0
4,1763768975.9956362,814.0294699668884,549.0,777.0,467.0
4,1763768976.0353568,821.4841156005859,549.0,797.0,463.0
4,1763768976.070494,826.1808423995972,549.0,847.0,451.0
4,1763768976.1033697,830.8833985328674,549.0,846.0,464.0
4,1763768976.1409528,835.6206803321838,549.0,845.0,476.0
4,1763768976.172161,840.4545574188232,549.0,857.0,459.0
4,1763768976.1968436,845.2226667404175,549.0,866.0,449.0
4,1763768976.230813,850.1267461776733,549.0,861.0,465.0
4,1763768976.2612882,854.9266128540039,549.0,859.0,472.0
4,1763768976.3099396,862.2021584510803,549.0,867.0,459.0
4,1763768976.3523915,866.8680219650269,549.0,863.0,451.0
4,1763768976.3806562,871.7897324562073,549.0,855.0,467.0
4,1763768976.4109325,876.5391020774841,549.0,838.0,476.0
4,1763768976.4411945,881.3377170562744,549.0,813.0,484.0
4,1763768976.4859326,888.5716347694397,549.0,838.0,477.0
4,1763768976.5202186,893.3035879135132,549.0,851.0,474.0
4,1763768976.5509195,898.1587080955505,549.0,849.0,460.0
4,1763768976.5860918,902.8046159744263,549.0,843.0,464.0
4,1763768976.613013,907.6867370605469,549.0,845.0,475.0
4,1763768976.6501894,912.4984769821167,549.0,857.0,470.0
4,1763768976.6769116,917.2258167266846,549.0,881.0,460.0
4,1763768976.7195632,922.1795349121094,549.0,889.0,463.0
4,1763768976.7451694,926.9073753356934,549.0,883.0,473.0
4,1763768976.7804952,931.6394000053406,549.0,926.0,460.0
4,1763768976.810611,936.5049986839294,549.0,936.0,463.0
4,1763768976.8456757,941.5785579681396,549.0,950.0,466.0
4,1763768976.88834,948.4793810844421,549.0,958.0,469.0
4,1763768976.9259593,953.1940965652466,549.0,952.0,481.0
4,1763768976.9666803,960.5559377670288,549.0,947.0,471.0
4,1763768977.0008843,965.2684001922607,549.0,932.0,474.0
4,1763768977.0451922,972.487476348877,549.0,929.0,483.0
4,1763768977.0848982,977.2238283157349,549.0,940.0,494.0
4,1763768977.1107984,982.0737986564636,549.0,955.0,496.0
4,1763768977.145415,986.9123964309692,549.0,962.0,478.0
4,1763768977.1752214,991.6896252632141,549.0,970.0,470.0
4,1763768977.2200809,998.8948969841003,549.0,965.0,475.0
4,1763768977.2601943,1003.6343245506287,549.0,973.0,474.0
4,1763768977.2873862,1008.450963973999,549.0,991.0,446.0
4,1763768977.3204389,1013.3035092353821,549.0,1003.0,452.0
4,1763768977.350514,1018.1287317276001,549.0,1007.0,441.0
4,1763768977.385732,1022.9025988578796,549.0,1011.0,430.0
4,1763768977.4156022,1027.711549282074,549.0,1013.0,413.0
4,1763768977.4519668,1032.3984413146973,549.0,1016.0,407.0
4,1763768977.4852598,1037.3293070793152,549.0,1017.0,392.0
4,1763768977.5161278,1042.0913009643555,549.0,1023.0,390.0
4,1763768977.5511606,1046.7941789627075,549.0,1032.0,387.0
4,1763768977.5798924,1051.6509442329407,549.0,1049.0,400.0
4,1763768977.6099699,1056.4904718399048,549.0,1037.0,403.0
4,1763768977.6450548,1061.3091139793396,549.0,1030.0,398.0
4,1763768977.687685,1068.5311226844788,549.0,1038.0,398.0
4,1763768977.7186525,1073.194160938263,549.0,1048.0,400.0
4,1763768977.7600534,1078.1397252082825,549.0,1041.0,391.0
4,1763768977.7964778,1085.3075532913208,549.0,1044.0,388.0
4,1763768977.8206062,1087.649908542633,549.0,1038.0,401.0
4,1763768977.8522444,1092.4503116607666,549.0,1036.0,401.0
4,1763768977.893601,1099.7138051986694,549.0,1037.0,403.0
4,1763768977.915706,1102.0103483200073,549.0,1056.0,410.0
4,1763768977.960667,1109.2804579734802,549.0,1059.0,406.0
4,1763768978.0034165,1114.0974550247192,549.0,1062.0,400.0
4,1763768978.0466015,1121.2887077331543,549.0,1050.0,397.0
4,1763768978.087698,1128.5236983299255,549.0,1042.0,404.0
4,1763768978.1223965,1133.2144885063171,549.0,1043.0,412.0
4,1763768978.1557443,1138.1295113563538,549.0,1045.0,411.0
4,1763768978.190861,1142.8395419120789,549.0,1045.0,396.0
4,1763768978.2200897,1147.61669921875,549.0,1051.0,391.0
4,1763768978.2507896,1152.5224595069885,549.0,1055.0,390.0
4,1763768978.2854807,1157.1944026947021,549.0,1104.0,374.0
4,1763768978.3150673,1162.0844631195068,549.0,1107.0,372.0
4,1763768978.350648,1166.9350056648254,549.0,1120.0,382.0
4,1763768978.3880777,1174.0851669311523,549.0,1115.0,396.0
4,1763768978.4158628,1176.4161853790283,549.0,1109.0,401.0
4,1763768978.4520223,1183.6518912315369,549.0,1110.0,409.0
4,1763768978.4907434,1188.41921377182,549.0,1114.0,421.0
4,1763768978.5162942,1193.2003407478333,549.0,1118.0,438.0
4,1763768978.550259,1198.1019883155823,549.0,1114.0,434.0
4,1763768978.5851207,1202.8836874961853,549.0,1120.0,426.0
4,1763768978.6200054,1207.6142101287842,549.0,1123.0,425.0
4,1763768978.6552353,1212.4897508621216,549.0,1126.0,428.0
4,1763768978.69252,1219.6356205940247,549.0,1132.0,427.0
4,1763768978.7263618,1224.515667438507,549.0,1134.0,425.0
4,1763768978.7604015,1229.1920809745789,549.0,1129.0,427.0
4,1763768978.7926044,1234.382405757904,549.0,1173.0,433.0
4,1763768978.8256092,1238.8415246009827,549.0,1179.0,430.0
4,1763768978.8717282,1245.990505695343,549.0,1185.0,433.0
4,1763768978.9010785,1250.8989839553833,549.0,1184.0,431.0
4,1763768978.9354017,1255.7209520339966,549.0,1190.0,433.0
4,1763768978.9653873,1260.5639128684998,549.0,1191.0,453.0
4,1763768979.0006337,1265.2369647026062,549.0,1191.0,455.0
4,1763768979.0348723,1269.990840435028,549.0,1192.0,459.0
4,1763768979.0648966,1274.9091534614563,549.0,1196.0,465.0
4,1763768979.1049318,1282.0957927703857,549.0,1204.0,462.0
4,1763768979.1458519,1286.9062809944153,549.0,1216.0,455.0
4,1763768979.18902,1294.0386681556702,549.0,1223.0,460.0
4,1763768979.225138,1298.8529114723206,549.0,1223.0,464.0
4,1763768979.25588,1303.7259845733643,549.0,1200.0,478.0
4,1763768979.2957196,1308.4703831672668,549.0,1200.0,478.0
4,1763768979.325555,1313.2901339530945,549.0,1204.0,484.0
4,1763768979.3662043,1320.5350308418274,549.0,1194.0,487.0
4,1763768979.405382,1325.2601175308228,549.0,1183.0,489.0
4,1763768979.4462597,1332.511272907257,549.0,1182.0,495.0
4,1763768979.4932377,1339.729097366333,549.0,1198.0,507.0
4,1763768979.526084,1344.462230682373,549.0,1213.0,513.0
4,1763768979.5648668,1349.1881756782532,549.0,1218.0,512.0
4,1763768979.6001284,1354.0314226150513,549.0,1228.0,506.0
4,1763768979.6387806,1361.2035422325134,549.0,1240.0,506.0
4,1763768979.6711512,1366.1810069084167,549.0,1240.0,507.0
4,1763768979.7060664,1370.9619908332825,549.0,1238.0,508.0
4,1763768979.747776,1378.0536799430847,549.0,1246.0,522.0
4,1763768979.7983053,1385.3248267173767,549.0,1254.0,524.0
4,1763768979.8460574,1392.4964814186096,549.0,1281.0,525.0
4,1763768979.8759925,1397.2901611328125,549.0,1297.0,515.0
4,1763768979.9149992,1402.0480780601501,549.0,1304.0,503.0
4,1763768979.9593098,1409.549608707428,549.0,1298.0,500.0
4,1763768980.0001943,1414.1039996147156,549.0,1301.0,519.0
4,1763768980.0400581,1421.2530164718628,549.0,1296.0,530.0
4,1763768980.0681758,1426.0695843696594,549.0,1307.0,510.0
4,1763768980.101124,1430.8929471969604,549.0,1311.0,501.0
4,1763768980.1320786,1435.6454997062683,549.0,1313.0,503.0
4,1763768980.1657498,1440.4407887458801,549.0,1324.0,518.0
4,1763768980.1977134,1445.231571674347,549.0,1337.0,518.0
4,1763768980.2350917,1450.015130519867,549.0,1321.0,505.0
4,1763768980.2700765,1454.9238948822021,549.0,1319.0,499.0
4,1763768980.3107648,1461.991551399231,549.0,1390.0,497.0
4,1763768980.350703,1466.9203786849976,549.0,1399.0,509.0
4,1763768980.3750274,1471.7643766403198,549.0,1423.0,519.0
4,1763768980.4060538,1476.4787344932556,549.0,1423.0,525.0
4,1763768980.4384332,1481.2983779907227,549.0,1425.0,526.0
4,1763768980.4752426,1486.0360531806946,549.0,1429.0,524.0
4,1763768980.5012276,1490.8496527671814,549.0,1435.0,513.0
4,1763768980.532345,1495.7016973495483,549.0,1438.0,512.0
4,1763768980.5655053,1500.508466243744,549.0,1446.0,503.0
4,1763768980.595914,1505.285623550415,549.0,1446.0,487.0
4,1763768980.6400182,1510.0037722587585,549.0,1436.0,479.0
4,1763768980.6806827,1517.2890095710754,549.0,1440.0,480.0
4,1763768980.709166,1522.0662741661072,549.0,1444.0,481.0
4,1763768980.7352018,1524.482229232788,549.0,1445.0,487.0
4,1763768980.7655473,1529.3151407241821,549.0,1442.0,490.0
4,1763768980.8000846,1534.045126914978,549.0,1439.0,492.0
4,1763768980.8410442,1541.2770419120789,549.0,1446.0,488.0
4,1763768980.8707557,1546.1198239326477,549.0,1458.0,480.0
4,1763768980.895912,1548.5729722976685,549.0,1476.0,473.0
4,1763768980.9403296,1555.6021480560303,549.0,1471.0,477.0
4,1763768980.9751053,1560.5083017349243,549.0,1461.0,485.0
4,1763768981.0052204,1565.251877784729,549.0,1462.0,510.0
4,1763768981.034873,1570.1100735664368,549.0,1467.0,527.0
4,1763768981.065745,1574.792995929718,549.0,1469.0,538.0
4,1763768981.1085422,1582.0067791938782,549.0,1465.0,532.0
4,1763768981.1350098,1584.5139293670654,549.0,1471.0,525.0
4,1763768981.1657424,1589.2506031990051,549.0,1476.0,524.0
4,1763768981.1954062,1594.1810755729675,549.0,1485.0,515.0
4,1763768981.235969,1601.3014822006226,549.0,1485.0,517.0
4,1763768981.2649097,1606.0924797058105,549.0,1483.0,523.0
4,1763768981.3030562,1610.8219294548035,549.0,1482.0,537.0
4,1763768981.340766,1615.6827001571655,549.0,1488.0,540.0
4,1763768981.3757517,1620.4233078956604,549.0,1521.0,527.0
4,1763768981.4153106,1627.68980550766,549.0,1537.0,522.0
4,1763768981.4610322,1634.8082809448242,549.0,1545.0,517.0
4,1763768981.4953887,1639.6809606552124,549.0,1548.0,515.0
4,1763768981.5306683,1644.4036870002747,549.0,1540.0,514.0
4,1763768981.5582485,1649.2076306343079,549.0,1536.0,514.0
4,1763768981.590819,1654.1509776115417,549.0,1543.0,516.0
4,1763768981.6209934,1658.8633685112,549.0,1549.0,512.0
4,1763768981.6599617,1663.6798648834229,549.0,1554.0,513.0
4,1763768981.6906197,1668.5054450035095,549.0,1575.0,527.0
4,1763768981.7251437,1673.2460169792175,549.0,1569.0,540.0
4,1763768981.755814,1678.0594019889832,549.0,1569.0,547.0
4,1763768981.7857332,1682.8519015312195,549.0,1573.0,546.0
4,1763768981.8158195,1687.6156477928162,549.0,1573.0,542.0
4,1763768981.845675,1692.4655466079712,549.0,1576.0,537.0
4,1763768981.885251,1697.364047050476,549.0,1567.0,536.0
4,1763768981.9203012,1702.1012573242188,549.0,1565.0,530.0
4,1763768981.95072,1706.8156151771545,549.0,1564.0,528.0
4,1763768981.9919574,1714.0697031021118,549.0,1566.0,537.0
4,1763768982.0162568,1716.4103417396545,549.0,1575.0,545.0
4,1763768982.0452304,1721.2633519172668,549.0,1580.0,545.0
5,1763768982.0758507,1726.1011986732483,549.0,1587.0,546.0
5,1763768982.1058958,1726.1011986732483,549.0,1590.0,544.0
5,1763768982.1358268,1726.1011986732483,549.0,1589.0,540.0
5,1763768982.1756656,1726.1011986732483,549.0,1587.0,535.0
5,1763768982.2102916,1726.1011986732483,549.0,1583.0,527.0
5,1763768982.235389,1726.1011986732483,549.0,1589.0,530.0
5,1763768982.2660856,1726.1011986732483,549.0,1588.0,533.0
5,1763768982.310618,1726.1011986732483,549.0,1586.0,532.0
5,1763768982.3454797,1726.1011986732483,549.0,1587.0,532.0
5,1763768982.3706408,1726.1011986732483,549.0,1603.0,541.0
5,1763768982.4009328,1726.1011986732483,549.0,1603.0,543.0
5,1763768982.4358327,1726.1011986732483,549.0,1598.0,551.0
5,1763768982.4754934,1726.1011986732483,549.0,1591.0,558.0
5,1763768982.5100653,1726.1011986732483,549.0,1586.0,556.0
5,1763768982.5448668,1726.1011986732483,549.0,1591.0,551.0
5,1763768982.570875,178.0,642.0,1598.0,550.0
5,1763768982.6018274,182.83781099319458,642.0,1595.0,549.0
5,1763768982.6403887,187.71217155456543,642.0,1590.0,548.0
5,1763768982.6750367,192.490008354187,642.0,1587.0,548.0
5,1763768982.709875,199.67407274246216,642.0,1593.0,547.0
5,1763768982.740625,202.06846284866333,642.0,1597.0,544.0
5,1763768982.7767534,209.22302293777466,642.0,1147.0,566.0
5,1763768982.8060935,211.7865710258484,642.0,553.0,625.0
5,1763768982.8423307,218.9066915512085,642.0,258.0,655.0
5,1763768982.8698263,223.66675424575806,642.0,278.0,657.0
5,1763768982.9101307,228.52942037582397,642.0,296.0,659.0
5,1763768982.9389434,233.36068677902222,642.0,264.0,666.0
5,1763768982.9712334,238.34154891967773,642.0,252.0,673.0
5,1763768983.0059345,243.21469354629517,642.0,257.0,683.0
5,1763768983.040103,247.73063945770264,642.0,260.0,677.0
5,1763768983.0700178,252.5362639427185,642.0,264.0,668.0
5,1763768983.1056752,257.2564868927002,642.0,254.0,658.0
5,1763768983.1404786,262.1251254081726,642.0,189.0,653.0
5,1763768983.1780646,269.2640929222107,642.0,194.0,630.0
5,1763768983.2099643,274.0593819618225,642.0,201.0,619.0
5,1763768983.2410915,278.8889317512512,642.0,221.0,616.0
5,1763768983.2802694,283.60375452041626,642.0,237.0,599.0
5,1763768983.3086917,288.54041385650635,642.0,233.0,599.0
5,1763768983.3448145,293.3453230857849,642.0,231.0,605.0
5,1763768983.3799894,298.0995206832886,642.0,249.0,603.0
5,1763768983.4101486,302.9746322631836,642.0,287.0,596.0
5,1763768983.444853,307.710590839386,642.0,300.0,597.0
5,1763768983.4748094,312.3994140625,642.0,306.0,609.0
5,1763768983.5050159,317.25135135650635,642.0,323.0,618.0
5,1763768983.5506594,324.4574456214905,642.0,331.0,622.0
5,1763768983.5949004,331.7413239479065,642.0,316.0,622.0
5,1763768983.635303,336.4515690803528,642.0,314.0,624.0
5,1763768983.6758935,343.6461834907532,642.0,325.0,639.0
5,1763768983.7073922,348.5208659172058,642.0,364.0,624.0
5,1763768983.7409556,353.2217411994934,642.0,378.0,623.0
5,1763768983.7708073,358.0922393798828,642.0,380.0,627.0
5,1763768983.8030128,362.9978566169739,642.0,390.0,622.0
5,1763768983.835398,367.6294593811035,642.0,404.0,614.0
5,1763768983.8667202,372.5278525352478,642.0,402.0,603.0
5,1763768983.9010355,377.2873787879944,642.0,400.0,596.0
5,1763768983.934953,382.0463328361511,642.0,398.0,593.0
5,1763768983.9804754,389.3253116607666,642.0,393.0,595.0
5,1763768984.020702,394.06963872909546,642.0,384.0,595.0
5,1763768984.0457335,398.96763849258423,642.0,388.0,573.0
5,1763768984.0801263,403.66211223602295,642.0,390.0,580.0
5,1763768984.1101284,408.4864764213562,642.0,381.0,597.0
5,1763768984.1501203,415.71084547042847,642.0,397.0,603.0
5,1763768984.1852114,420.52426624298096,642.0,413.0,594.0
5,1763768984.2201943,425.21938371658325,642.0,413.0,597.0
5,1763768984.2549675,429.9974708557129,642.0,418.0,595.0
5,1763768984.282167,434.8911075592041,642.0,434.0,593.0
5,1763768984.3256006,439.78345680236816,642.0,454.0,580.0
5,1763768984.3651297,446.83641481399536,642.0,456.0,568.0
5,1763768984.3902354,451.72812032699585,642.0,475.0,561.0
5,1763768984.4208198,454.1328458786011,642.0,464.0,562.0
5,1763768984.4598758,461.22349786758423,642.0,453.0,558.0
5,1763768984.4848008,463.7830047607422,642.0,453.0,563.0
5,1763768984.515376,468.4555559158325,642.0,453.0,575.0
5,1763768984.550122,475.71111011505127,642.0,462.0,580.0
5,1763768984.5799432,478.10746717453003,642.0,462.0,581.0
5,1763768984.6179554,485.3334813117981,642.0,462.0,585.0
5,1763768984.6518223,490.152624130249,642.0,464.0,590.0
5,1763768984.6989238,497.2834734916687,642.0,474.0,589.0
5,1763768984.746034,504.4174699783325,642.0,475.0,569.0
5,1763768984.7801337,509.4305543899536,642.0,468.0,566.0
5,1763768984.8099759,514.0143065452576,642.0,458.0,573.0
5,1763768984.8430266,518.8722519874573,642.0,473.0,556.0
5,1763768984.8819296,523.7806587219238,642.0,492.0,546.0
5,1763768984.907128,528.4228115081787,642.0,507.0,546.0
5,1763768984.9360626,533.2951693534851,642.0,504.0,556.0
5,1763768984.9704626,538.0827693939209,642.0,498.0,571.0
5,1763768985.0004926,542.8036003112793,642.0,497.0,569.0
5,1763768985.029807,547.6638703346252,642.0,512.0,554.0
5,1763768985.0605128,550.117555141449,642.0,516.0,549.0
5,1763768985.0948396,554.9268274307251,642.0,522.0,566.0
5,1763768985.130639,562.1157913208008,642.0,538.0,555.0
5,1763768985.160751,566.8146996498108,642.0,555.0,548.0
5,1763768985.1929705,571.6333775520325,642.0,555.0,548.0
5,1763768985.2201884,574.1068391799927,642.0,550.0,558.0
5,1763768985.2598584,581.376054763794,642.0,531.0,557.0
5,1763768985.2913241,586.0596923828125,642.0,542.0,550.0
5,1763768985.3308892,590.8184676170349,642.0,570.0,562.0
5,1763768985.3607876,595.6006317138672,642.0,582.0,567.0
5,1763768985.3907387,600.4977016448975,642.0,591.0,567.0
5,1763768985.4259925,605.2562623023987,642.0,594.0,545.0
5,1763768985.450823,610.0070266723633,642.0,597.0,542.0
5,1763768985.4899068,614.8494868278503,642.0,629.0,515.0
5,1763768985.5269034,619.6088700294495,642.0,916.0,576.0
5,1763768985.5617845,626.8518357276917,642.0,1059.0,903.0
5,1763768985.590565,631.777551651001,642.0,965.0,679.0
5,1763768985.6267366,636.5316061973572,642.0,1160.0,700.0
5,1763768985.6576653,641.335371017456,642.0,679.0,416.0
5,1763768985.690478,646.1219339370728,642.0,641.0,512.0
5,1763768985.721634,650.9753732681274,642.0,456.0,484.0
5,1763768985.7607505,655.7561783790588,642.0,470.0,475.0
5,1763768985.795259,660.397723197937,642.0,679.0,517.0
5,1763768985.833726,667.6102547645569,642.0,663.0,543.0
5,1763768985.8667681,672.5226311683655,642.0,662.0,550.0
5,1763768985.9005847,677.3189930915833,642.0,665.0,532.0
5,1763768985.9306314,682.1333794593811,642.0,669.0,522.0
5,1763768985.9621992,686.9052438735962,642.0,671.0,515.0
5,1763768985.995885,691.6129856109619,642.0,686.0,519.0
5,1763768986.0207,694.059947013855,642.0,698.0,530.0
5,1763768986.0570133,701.2191920280457,642.0,721.0,541.0
5,1763768986.085133,703.6587862968445,642.0,719.0,524.0
5,1763768986.1369681,713.2521538734436,642.0,717.0,512.0
5,1763768986.1757128,718.0244116783142,642.0,726.0,517.0
5,1763768986.2004557,722.7997450828552,642.0,749.0,527.0
5,1763768986.2360246,727.7491359710693,642.0,751.0,520.0
5,1763768986.2705715,732.6016812324524,642.0,753.0,511.0
5,1763768986.3068323,737.2242002487183,642.0,759.0,500.0
5,1763768986.3352256,742.0955567359924,642.0,766.0,502.0
5,1763768986.3659477,746.9021825790405,642.0,757.0,522.0
5,1763768986.405133,751.6319541931152,642.0,757.0,528.0
5,1763768986.4467018,758.9108972549438,642.0,765.0,535.0
5,1763768986.476157,763.6950640678406,642.0,773.0,522.0
5,1763768986.5099018,768.5088067054749,642.0,772.0,541.0
5,1763768986.5404046,773.3034520149231,642.0,785.0,557.0
5,1763768986.5702412,778.0673055648804,642.0,792.0,558.0
5,1763768986.605271,782.9686670303345,642.0,803.0,534.0
5,1763768986.6356237,787.6234440803528,642.0,808.0,508.0
5,1763768986.6705368,792.4559979438782,642.0,803.0,529.0
5,1763768986.7202919,799.5962529182434,642.0,790.0,561.0
5,1763768986.755228,804.5206098556519,642.0,785.0,556.0
5,1763768986.7807791,809.3705444335938,642.0,856.0,520.0
5,1763768986.8207605,814.0075116157532,642.0,849.0,512.0
5,1763768986.8607621,821.2511210441589,642.0,843.0,524.0
5,1763768986.8944135,826.0577111244202,642.0,850.0,521.0
5,1763768986.9448054,833.2382349967957,642.0,861.0,518.0
5,1763768986.9804633,838.0046634674072,642.0,852.0,532.0
5,1763768987.0175452,845.3030257225037,642.0,850.0,534.0
5,1763768987.040289,847.6808934211731,642.0,850.0,522.0
5,1763768987.0760074,852.4116306304932,642.0,836.0,528.0
5,1763768987.1051438,857.2415738105774,642.0,826.0,544.0
5,1763768987.1402853,862.0880751609802,642.0,840.0,542.0
5,1763768987.1705623,866.8803958892822,642.0,844.0,533.0
5,1763768987.2007139,871.710732460022,642.0,829.0,531.0
5,1763768987.2357628,876.5131025314331,642.0,808.0,524.0
5,1763768987.2698774,883.674421787262,642.0,821.0,519.0
5,1763768987.3053937,888.551643371582,642.0,835.0,513.0
5,1763768987.3504744,895.7639603614807,642.0,922.0,512.0
5,1763768987.3864868,900.5674033164978,642.0,947.0,503.0
5,1763768987.4183972,905.3103713989258,642.0,959.0,504.0
5,1763768987.445527,907.7896981239319,642.0,952.0,518.0
5,1763768987.474796,912.5185041427612,642.0,958.0,522.0
5,1763768987.510184,919.7204141616821,642.0,960.0,512.0
5,1763768987.5458393,924.4012980461121,642.0,962.0,503.0
5,1763768987.5798395,929.3020873069763,642.0,964.0,492.0
5,1763768987.6056604,931.7078499794006,642.0,962.0,484.0
5,1763768987.6356647,936.4502458572388,642.0,961.0,491.0
5,1763768987.6651123,941.2596254348755,642.0,955.0,509.0
5,1763768987.7072513,948.4834938049316,642.0,949.0,511.0
5,1763768987.7305207,950.8341817855835,642.0,961.0,491.0
5,1763768987.7602074,955.6944518089294,642.0,975.0,491.0
5,1763768987.8018637,962.815502166748,642.0,977.0,494.0
5,1763768987.8326368,967.639401435852,642.0,968.0,501.0
5,1763768987.859913,970.0633316040039,642.0,961.0,518.0
5,1763768987.910517,979.7703533172607,642.0,961.0,524.0
5,1763768987.9458025,984.4168334007263,642.0,968.0,532.0
5,1763768987.9705088,986.9468717575073,642.0,997.0,529.0
5,1763768988.0112653,994.0805463790894,642.0,1008.0,522.0
5,1763768988.0657327,1001.2216238975525,642.0,997.0,535.0
5,1763768988.0957673,1006.0347585678101,642.0,981.0,556.0
5,1763768988.129929,1010.9194903373718,642.0,977.0,555.0
5,1763768988.1600726,1015.6299142837524,642.0,991.0,544.0
5,1763768988.1900897,1020.5278782844543,642.0,1006.0,540.0
5,1763768988.2199597,1025.267735004425,642.0,1012.0,549.0
5,1763768988.251947,1030.3469805717468,642.0,1017.0,556.0
5,1763768988.2986717,1037.3524098396301,642.0,1010.0,568.0
5,1763768988.334744,1042.0492796897888,642.0,1008.0,564.0
5,1763768988.3627555,1046.95192861557,642.0,999.0,560.0
5,1763768988.4052947,1051.6132860183716,642.0,1008.0,561.0
5,1763768988.4620652,1061.2825422286987,642.0,1015.0,566.0
5,1763768988.4851065,1063.7896208763123,642.0,1031.0,541.0
5,1763768988.5097842,1068.4881358146667,642.0,1043.0,534.0
5,1763768988.5402162,1073.380413532257,642.0,1057.0,537.0
5,1763768988.5798597,1078.1314997673035,642.0,1058.0,541.0
5,1763768988.6103032,1082.8100590705872,642.0,1053.0,546.0
5,1763768988.640043,1087.6300959587097,642.0,1057.0,537.0
5,1763768988.6751506,1092.5550608634949,642.0,1066.0,530.0
5,1763768988.7054198,1097.223177433014,642.0,1066.0,535.0
5,1763768988.7411506,1102.1329431533813,642.0,1054.0,552.0
5,1763768988.7706866,1106.9015889167786,642.0,1039.0,553.0
5,1763768988.804876,1111.6465239524841,642.0,1037.0,537.0
5,1763768988.848484,1118.8820867538452,642.0,1047.0,524.0
5,1763768988.8852687,1123.7884907722473,642.0,1055.0,519.0
5,1763768988.9208033,1130.8173089027405,642.0,1056.0,523.0
5,1763768988.9454784,1133.1972150802612,642.0,1064.0,517.0
5,1763768988.9805405,1138.1051568984985,642.0,1066.0,512.0
5,1763768989.0175424,1145.3079252243042,642.0,1074.0,508.0
5,1763768989.0453541,1147.6436643600464,642.0,1070.0,497.0
5,1763768989.0756912,1152.4409918785095,642.0,1064.0,504.0
5,1763768989.1134048,1159.5875053405762,642.0,1055.0,517.0
5,1763768989.1471488,1164.5172266960144,642.0,1052.0,520.0
5,1763768989.185207,1169.3047194480896,642.0,1061.0,516.0
5,1763768989.2300787,1176.391044139862,642.0,1066.0,507.0
5,1763768989.258459,1181.3398270606995,642.0,1112.0,492.0
5,1763768989.3025851,1186.066701889038,642.0,1125.0,491.0
5,1763768989.338522,1193.3497219085693,642.0,1137.0,496.0
5,1763768989.3649943,1195.7262663841248,642.0,1128.0,505.0
5,1763768989.395086,1200.4998116493225,642.0,1131.0,506.0
5,1763768989.4351263,1207.6180725097656,642.0,1136.0,493.0
5,1763768989.464154,1210.0188641548157,642.0,1143.0,486.0
5,1763768989.5056903,1217.2935514450073,642.0,1143.0,491.0
5,1763768989.54031,1222.1016793251038,642.0,1138.0,496.0
5,1763768989.5700357,1226.9025473594666,642.0,1139.0,498.0
5,1763768989.600096,1231.603172302246,642.0,1146.0,501.0
5,1763768989.62975,1236.4510684013367,642.0,1152.0,490.0
5,1763768989.665451,1241.3296132087708,642.0,1153.0,494.0
5,1763768989.6953027,1246.1151032447815,642.0,1155.0,507.0
5,1763768989.72513,1250.8668332099915,642.0,1153.0,517.0
5,1763768989.7622602,1255.6162028312683,642.0,1162.0,515.0
5,1763768989.7957225,1260.47150182724,642.0,1170.0,513.0
5,1763768989.8252363,1265.37154006958,642.0,1182.0,509.0
5,1763768989.8548555,1270.1231985092163,642.0,1219.0,506.0
5,1763768989.8859956,1274.8923091888428,642.0,1232.0,508.0
5,1763768989.9154186,1279.679801940918,642.0,1237.0,515.0
5,1763768989.9558427,1284.502091884613,642.0,1249.0,522.0
5,1763768989.9899933,1291.691806793213,642.0,1260.0,520.0
5,1763768990.0306087,1296.5814023017883,642.0,1261.0,517.0
5,1763768990.0569904,1301.229205608368,642.0,1250.0,513.0
5,1763768990.0999143,1306.0802845954895,642.0,1244.0,506.0
5,1763768990.1376781,1313.2385640144348,642.0,1244.0,514.0
5,1763768990.160046,1315.5972986221313,642.0,1253.0,536.0
5,1763768990.1951609,1320.5707936286926,642.0,1243.0,561.0
5,1763768990.2249537,1325.209084033966,642.0,1240.0,568.0
5,1763768990.2678673,1332.540491104126,642.0,1254.0,567.0
5,1763768990.3008397,1337.2469096183777,642.0,1292.0,543.0
5,1763768990.340242,1342.0371203422546,642.0,1310.0,537.0
5,1763768990.3784332,1349.239960193634,642.0,1308.0,542.0
5,1763768990.4051287,1351.6173272132874,642.0,1304.0,557.0
5,1763768990.443579,1358.9405088424683,642.0,1312.0,562.0
5,1763768990.465539,1361.238661289215,642.0,1321.0,571.0
5,1763768990.5001466,1366.0902409553528,642.0,1341.0,561.0
5,1763768990.5304604,1370.8491234779358,642.0,1346.0,566.0
5,1763768990.5657086,1375.5970268249512,642.0,1337.0,560.0
5,1763768990.5952308,1380.385914325714,642.0,1327.0,560.0
5,1763768990.6257532,1385.279658317566,642.0,1323.0,561.0
5,1763768990.6552181,1390.0278120040894,642.0,1322.0,557.0
5,1763768990.6901786,1394.9473052024841,642.0,1312.0,563.0
5,1763768990.7250211,1399.73912525177,642.0,1315.0,577.0
5,1763768990.7644432,1406.8421869277954,642.0,1316.0,594.0
5,1763768990.8006806,1411.6324334144592,642.0,1312.0,599.0
5,1763768990.8260298,1416.4225010871887,642.0,1310.0,600.0
5,1763768990.8575437,1421.3486104011536,642.0,1312.0,601.0
5,1763768990.8905582,1426.0851769447327,642.0,1321.0,602.0
5,1763768990.9214964,1430.925705909729,642.0,1329.0,597.0
5,1763768990.9498916,1435.6765418052673,642.0,1316.0,596.0
5,1763768990.9800024,1438.1003646850586,642.0,1343.0,580.0
5,1763768991.0174348,1445.1998143196106,642.0,1345.0,566.0
5,1763768991.0607455,1450.0298647880554,642.0,1344.0,569.0
5,1763768991.0998404,1457.285490512848,642.0,1342.0,572.0
5,1763768991.1307771,1462.127950668335,642.0,1358.0,574.0
5,1763768991.1547923,1464.406433582306,642.0,1362.0,576.0
5,1763768991.1855707,1469.2832617759705,642.0,1360.0,577.0
5,1763768991.2147312,1474.1196422576904,642.0,1359.0,580.0
5,1763768991.2507281,1478.830101966858,642.0,1353.0,586.0
5,1763768991.2855654,1483.688977241516,642.0,1341.0,592.0
5,1763768991.3149056,1488.603928565979,642.0,1337.0,590.0
5,1763768991.354822,1495.65695810318,642.0,1337.0,594.0
5,1763768991.3953629,1500.4738836288452,642.0,1355.0,598.0
5,1763768991.4404795,1507.6026945114136,642.0,1368.0,602.0
5,1763768991.4698317,1512.4159722328186,642.0,1382.0,608.0
5,1763768991.5010054,1517.2784595489502,642.0,1438.0,611.0
5,1763768991.5347912,1522.068455696106,642.0,1441.0,617.0
5,1763768991.5620723,1526.8703966140747,642.0,1440.0,613.0
5,1763768991.6002767,1531.6612510681152,642.0,1439.0,610.0
5,1763768991.6462514,1538.9057545661926,642.0,1450.0,607.0
5,1763768991.6748242,1543.5911087989807,642.0,1459.0,609.0
5,1763768991.7211137,1550.8894352912903,642.0,1474.0,603.0
5,1763768991.7609372,1555.709722518921,642.0,1470.0,600.0
5,1763768991.7858655,1560.4612379074097,642.0,1470.0,597.0
5,1763768991.8205914,1565.2021317481995,642.0,1476.0,589.0
5,1763768991.8504817,1570.126452922821,642.0,1485.0,587.0
5,1763768991.8903618,1574.8364834785461,642.0,1488.0,590.0
5,1763768991.9203365,1579.5897870063782,642.0,1528.0,598.0
5,1763768991.9550374,1584.5592050552368,642.0,1551.0,594.0
5,1763768991.984835,1589.2514972686768,642.0,1563.0,605.0
5,1763768992.0199444,1594.0940647125244,642.0,1566.0,612.0
5,1763768992.049786,1598.8933234214783,642.0,1560.0,615.0
5,1763768992.084783,1603.5929470062256,642.0,1559.0,614.0
5,1763768992.1213968,1610.7954649925232,642.0,1557.0,616.0
5,1763768992.1549308,1615.6683235168457,642.0,1556.0,611.0
5,1763768992.1856167,1620.3961639404297,642.0,1553.0,607.0
5,1763768992.2258778,1625.2159147262573,642.0,1565.0,597.0
5,1763768992.260485,1630.0622372627258,642.0,1566.0,592.0
5,1763768992.298096,1637.2828512191772,642.0,1557.0,592.0
5,1763768992.325092,1639.6407632827759,642.0,1551.0,589.0
5,1763768992.3636022,1646.7885642051697,642.0,1549.0,589.0
5,1763768992.3900003,1651.6928582191467,642.0,1542.0,596.0
5,1763768992.4350479,1656.4438729286194,642.0,1540.0,603.0
5,1763768992.4911766,1666.0851984024048,642.0,1540.0,610.0
5,1763768992.5255702,1670.8987622261047,642.0,1571.0,613.0
5,1763768992.5704722,1678.0751733779907,642.0,1567.0,606.0
5,1763768992.6056721,1682.833447933197,642.0,1552.0,615.0
5,1763768992.6300185,1687.69557762146,642.0,1562.0,604.0
5,1763768992.6607635,1690.0779871940613,642.0,1572.0,604.0
5,1763768992.6904655,1694.8749570846558,642.0,1583.0,602.0
5,1763768992.7201252,1699.6683149337769,642.0,1585.0,602.0
5,1763768992.7618403,1706.8591742515564,642.0,1588.0,599.0
5,1763768992.794791,1711.765470981598,642.0,1586.0,599.0
5,1763768992.8247755,1716.4305477142334,642.0,1587.0,599.0
5,1763768992.8605716,1721.308413028717,642.0,1586.0,600.0
6,1763768992.8903437,1726.051130771637,642.0,1590.0,600.0
6,1763768992.925642,1726.051130771637,642.0,1595.0,603.0
6,1763768992.9554384,1726.051130771637,642.0,1592.0,601.0
6,1763768993.0050616,1726.051130771637,642.0,1611.0,592.0
6,1763768993.0396934,1726.051130771637,642.0,1618.0,584.0
6,1763768993.0601692,1726.051130771637,642.0,1603.0,603.0
6,1763768993.0957649,1726.051130771637,642.0,1601.0,601.0
6,1763768993.1247907,1726.051130771637,642.0,1604.0,595.0
6,1763768993.160604,1726.051130771637,642.0,1614.0,585.0
6,1763768993.1903505,1726.051130771637,642.0,1571.0,536.0
6,1763768993.2251222,1726.051130771637,642.0,1683.0,1118.0
6,1763768993.25541,1726.051130771637,642.0,1509.0,1131.0
6,1763768993.2954593,1726.051130771637,642.0,1513.0,1128.0
6,1763768993.3306656,1726.051130771637,642.0,1532.0,1039.0
6,1763768993.3706138,1726.051130771637,642.0,1561.0,1070.0
6,1763768993.3997889,178.0,735.0,1612.0,514.0
6,1763768993.4397469,185.26102590560913,735.0,1596.0,535.0
6,1763768993.4867072,192.50223922729492,735.0,1602.0,548.0
6,1763768993.5106435,194.88239574432373,735.0,1564.0,546.0
6,1763768993.5456471,199.63230180740356,735.0,1574.0,530.0
6,1763768993.5847921,206.84082794189453,735.0,1576.0,540.0
6,1763768993.6201303,211.63289833068848,735.0,1573.0,556.0
6,1763768993.6790726,221.23992729187012,735.0,1580.0,570.0
6,1763768993.7047338,223.75047492980957,735.0,1580.0,586.0
6,1763768993.735397,228.41269063949585,735.0,1569.0,596.0
6,1763768993.76487,233.2651286125183,735.0,1178.0,647.0
6,1763768993.8106596,240.42451667785645,735.0,528.0,699.0
6,1763768993.8457189,245.22277402877808,735.0,320.0,727.0
6,1763768993.8751936,250.1332550048828,735.0,321.0,725.0
6,1763768993.9100666,254.88580751419067,735.0,329.0,713.0
6,1763768993.9455557,259.6937208175659,735.0,325.0,714.0
6,1763768993.9754398,264.5331768989563,735.0,321.0,717.0
6,1763768994.010601,269.4048910140991,735.0,304.0,728.0
6,1763768994.050443,276.53978157043457,735.0,297.0,724.0
6,1763768994.0901964,281.1996011734009,735.0,313.0,703.0
6,1763768994.1149838,286.04964303970337,735.0,277.0,693.0
6,1763768994.1451058,290.8941059112549,735.0,280.0,696.0
6,1763768994.1754317,295.62534379959106,735.0,274.0,701.0
6,1763768994.2103837,300.5110411643982,735.0,273.0,706.0
6,1763768994.245123,305.2402048110962,735.0,281.0,708.0
6,1763768994.2757003,310.13841915130615,735.0,288.0,708.0
6,1763768994.3036833,314.8857145309448,735.0,291.0,713.0
6,1763768994.3402789,319.6944146156311,735.0,297.0,719.0
6,1763768994.3655417,324.462345123291,735.0,343.0,721.0
6,1763768994.3983686,329.2070655822754,735.0,360.0,715.0
6,1763768994.4307485,334.0857892036438,735.0,357.0,718.0
6,1763768994.4652398,338.8770728111267,735.0,354.0,724.0
6,1763768994.4997294,343.73158502578735,735.0,355.0,734.0
6,1763768994.5462308,350.84040451049805,735.0,363.0,730.0
6,1763768994.5698438,353.27177333831787,735.0,382.0,726.0
6,1763768994.6004617,358.0755023956299,735.0,396.0,719.0
6,1763768994.634887,365.3598098754883,735.0,388.0,717.0
6,1763768994.6716669,370.10596084594727,735.0,375.0,721.0
6,1763768994.7192352,377.233877658844,735.0,373.0,733.0
6,1763768994.7550046,382.0270209312439,735.0,376.0,732.0
6,1763768994.7905428,386.9411497116089,735.0,385.0,734.0
6,1763768994.8256016,391.71469497680664,735.0,400.0,730.0
6,1763768994.866868,398.80094814300537,735.0,407.0,709.0
6,1763768994.8901002,401.2047438621521,735.0,436.0,692.0
6,1763768994.9268677,408.5384039878845,735.0,434.0,693.0
6,1763768994.9652894,413.32575368881226,735.0,427.0,699.0
6,1763768994.9908597,418.11313915252686,735.0,437.0,701.0
6,1763768995.0247068,422.8759198188782,735.0,461.0,697.0
6,1763768995.059669,427.66509342193604,735.0,452.0,692.0
6,1763768995.0948305,432.4241189956665,735.0,457.0,691.0
6,1763768995.1256225,437.38098430633545,735.0,494.0,685.0
6,1763768995.1606176,442.134681224823,735.0,509.0,678.0
6,1763768995.2012897,449.2462902069092,735.0,505.0,686.0
6,1763768995.2253227,451.69943857192993,735.0,475.0,699.0
6,1763768995.2621791,458.8053255081177,735.0,469.0,688.0
6,1763768995.2951834,463.61588525772095,735.0,475.0,685.0
6,1763768995.3270876,468.5304789543152,735.0,494.0,679.0
6,1763768995.3600242,473.2931523323059,735.0,512.0,674.0
6,1763768995.3952997,478.0663757324219,735.0,519.0,663.0
6,1763768995.42468,482.9793601036072,735.0,512.0,671.0
6,1763768995.460441,487.6738338470459,735.0,497.0,676.0
6,1763768995.4948616,492.4617557525635,735.0,490.0,684.0
6,1763768995.5250406,497.27682161331177,735.0,472.0,694.0
6,1763768995.55986,502.0615248680115,735.0,470.0,699.0
6,1763768995.59889,509.29215240478516,735.0,469.0,704.0
6,1763768995.630553,514.0551834106445,735.0,485.0,693.0
6,1763768995.6620898,518.9389853477478,735.0,494.0,689.0
6,1763768995.6954584,523.6543445587158,735.0,499.0,685.0
6,1763768995.7270594,528.5333542823792,735.0,493.0,680.0
6,1763768995.7597823,533.2756786346436,735.0,482.0,682.0
6,1763768995.8004506,538.1345539093018,735.0,482.0,689.0
6,1763768995.840097,545.3314929008484,735.0,483.0,693.0
6,1763768995.8861222,552.5234251022339,735.0,502.0,673.0
6,1763768995.9199836,557.2841672897339,735.0,514.0,639.0
6,1763768995.9529045,562.1025233268738,735.0,524.0,624.0
6,1763768995.9835842,566.8043642044067,735.0,524.0,629.0
6,1763768996.0155673,571.6520099639893,735.0,513.0,656.0
6,1763768996.0453625,576.4044551849365,735.0,516.0,670.0
6,1763768996.0771148,581.2389760017395,735.0,517.0,664.0
6,1763768996.1103714,586.0165982246399,735.0,521.0,646.0
6,1763768996.158754,593.2384638786316,735.0,521.0,646.0
6,1763768996.1903288,598.0186252593994,735.0,516.0,654.0
6,1763768996.2156496,600.4594712257385,735.0,531.0,658.0
6,1763768996.2499144,605.2492527961731,735.0,549.0,642.0
6,1763768996.2806754,610.091748714447,735.0,551.0,647.0
6,1763768996.3179424,617.3142223358154,735.0,549.0,654.0
6,1763768996.340554,619.6142702102661,735.0,546.0,657.0
6,1763768996.3754127,624.523928642273,735.0,552.0,652.0
6,1763768996.4147692,631.6692976951599,735.0,555.0,636.0
6,1763768996.445647,636.4820032119751,735.0,555.0,630.0
6,1763768996.4806786,641.2670283317566,735.0,609.0,604.0
6,1763768996.5151381,646.003523349762,735.0,616.0,613.0
6,1763768996.541088,650.8070735931396,735.0,611.0,617.0
6,1763768996.5800848,655.7381896972656,735.0,610.0,604.0
6,1763768996.610306,660.4264049530029,735.0,634.0,595.0
6,1763768996.64509,665.3732566833496,735.0,654.0,587.0
6,1763768996.6799,670.0453071594238,735.0,663.0,588.0
6,1763768996.709848,674.7978596687317,735.0,661.0,589.0
6,1763768996.7500768,682.1245102882385,735.0,655.0,594.0
6,1763768996.7829108,686.9243054389954,735.0,652.0,585.0
6,1763768996.8148165,691.6665940284729,735.0,652.0,562.0
6,1763768996.8496475,696.5094118118286,735.0,665.0,547.0
6,1763768996.8776453,701.252272605896,735.0,653.0,565.0
6,1763768996.9143736,706.0271053314209,735.0,665.0,582.0
6,1763768996.9550176,713.3793978691101,735.0,661.0,583.0
6,1763768996.9955258,718.0341391563416,735.0,662.0,562.0
6,1763768997.0373793,725.2612619400024,735.0,679.0,552.0
6,1763768997.0646312,727.6247172355652,735.0,701.0,548.0
6,1763768997.0951612,732.5259356498718,735.0,709.0,548.0
6,1763768997.124817,737.2127561569214,735.0,707.0,562.0
6,1763768997.1607885,742.3409967422485,735.0,701.0,571.0
6,1763768997.1902301,746.8531517982483,735.0,706.0,568.0
6,1763768997.225339,751.7717509269714,735.0,723.0,568.0
6,1763768997.2549756,756.494119644165,735.0,736.0,569.0
6,1763768997.284849,761.2866549491882,735.0,732.0,568.0
6,1763768997.3196983,766.0801558494568,735.0,728.0,578.0
6,1763768997.3503273,770.8922891616821,735.0,726.0,596.0
6,1763768997.3852878,775.7846384048462,735.0,726.0,607.0
6,1763768997.4159005,780.5021076202393,735.0,744.0,609.0
6,1763768997.4528008,785.2151064872742,735.0,751.0,601.0
6,1763768997.4806495,790.0067834854126,735.0,751.0,604.0
6,1763768997.5211928,797.2843317985535,735.0,734.0,614.0
6,1763768997.555314,802.0269422531128,735.0,758.0,588.0
6,1763768997.5816195,806.8685083389282,735.0,763.0,596.0
6,1763768997.615905,811.695662021637,735.0,769.0,598.0
6,1763768997.6553197,816.5370135307312,735.0,777.0,589.0
6,1763768997.6853695,821.2591319084167,735.0,794.0,575.0
6,1763768997.7156253,826.079776763916,735.0,792.0,568.0
6,1763768997.7531145,830.8955936431885,735.0,789.0,573.0
6,1763768997.7898855,838.077154636383,735.0,787.0,578.0
6,1763768997.815045,840.5335216522217,735.0,782.0,581.0
6,1763768997.850297,845.2107934951782,735.0,781.0,591.0
6,1763768997.8801174,850.1115469932556,735.0,791.0,602.0
6,1763768997.9204254,857.3883800506592,735.0,791.0,621.0
6,1763768997.9543734,862.0916872024536,735.0,793.0,630.0
6,1763768997.9846094,866.8801455497742,735.0,804.0,624.0
6,1763768998.0255427,871.6474323272705,735.0,819.0,606.0
6,1763768998.0701258,878.8101105690002,735.0,832.0,571.0
6,1763768998.1154287,886.1180214881897,735.0,841.0,562.0
6,1763768998.1584246,893.1977300643921,735.0,841.0,588.0
6,1763768998.1859517,895.689859867096,735.0,842.0,605.0
6,1763768998.223186,902.9057173728943,735.0,853.0,580.0
6,1763768998.2500465,905.2800445556641,735.0,856.0,581.0
6,1763768998.280357,909.9966554641724,735.0,851.0,582.0
6,1763768998.3184123,917.2581462860107,735.0,849.0,591.0
6,1763768998.3509157,922.0750002861023,735.0,846.0,605.0
6,1763768998.3848867,926.915421962738,735.0,856.0,602.0
6,1763768998.4155607,931.6228775978088,735.0,884.0,588.0
6,1763768998.4460008,936.5360407829285,735.0,901.0,579.0
6,1763768998.477834,941.2766485214233,735.0,908.0,569.0
6,1763768998.5154583,946.1425333023071,735.0,897.0,563.0
6,1763768998.5501456,950.898519039154,735.0,893.0,560.0
6,1763768998.5797226,955.7335405349731,735.0,892.0,567.0
6,1763768998.6153576,960.5222134590149,735.0,902.0,570.0
6,1763768998.6447036,965.3309135437012,735.0,897.0,582.0
6,1763768998.688271,972.4466710090637,735.0,881.0,579.0
6,1763768998.7347565,979.6478657722473,735.0,876.0,565.0
6,1763768998.7598324,981.9960145950317,735.0,896.0,580.0
6,1763768998.7849271,986.8299632072449,735.0,934.0,606.0
6,1763768998.8205748,991.7263536453247,735.0,933.0,620.0
6,1763768998.8496957,996.5304403305054,735.0,935.0,620.0
6,1763768998.8847127,1001.2094645500183,735.0,933.0,629.0
6,1763768998.9098504,1006.1329989433289,735.0,948.0,626.0
6,1763768998.957136,1013.2287292480469,735.0,948.0,618.0
6,1763768998.9906046,1018.0401830673218,735.0,943.0,616.0
6,1763768999.015511,1020.5199389457703,735.0,958.0,632.0
6,1763768999.0499594,1025.302532196045,735.0,966.0,635.0
6,1763768999.080554,1030.0195722579956,735.0,960.0,628.0
6,1763768999.1195798,1037.2876434326172,735.0,957.0,617.0
6,1763768999.152071,1042.1209840774536,735.0,959.0,626.0
6,1763768999.2008042,1049.2491154670715,735.0,964.0,634.0
6,1763768999.236864,1054.0183691978455,735.0,971.0,632.0
6,1763768999.277788,1061.2852602005005,735.0,985.0,620.0
6,1763768999.3253915,1068.4267311096191,735.0,980.0,625.0
6,1763768999.3601925,1073.3511595726013,735.0,991.0,625.0
6,1763768999.39083,1078.152349472046,735.0,1006.0,631.0
6,1763768999.4301875,1082.9013257026672,735.0,1011.0,633.0
6,1763768999.4604893,1087.6999049186707,735.0,1003.0,655.0
6,1763768999.4947171,1092.5047783851624,735.0,1003.0,652.0
6,1763768999.5248437,1097.3126201629639,735.0,1008.0,649.0
6,1763768999.5605972,1102.0244388580322,735.0,1026.0,641.0
6,1763768999.5974195,1109.2881469726562,735.0,1080.0,642.0
6,1763768999.6253176,1111.7249875068665,735.0,1085.0,625.0
6,1763768999.661707,1118.9327626228333,735.0,1082.0,617.0
6,1763768999.6946344,1123.6601023674011,735.0,1082.0,603.0
6,1763768999.7302709,1128.4592537879944,735.0,1071.0,596.0
6,1763768999.765541,1133.2608370780945,735.0,1064.0,587.0
6,1763768999.79491,1138.0017666816711,735.0,1062.0,578.0
6,1763768999.8252509,1142.811897277832,735.0,1068.0,574.0
6,1763768999.8651261,1147.7213768959045,735.0,1061.0,577.0
6,1763768999.905424,1154.8718600273132,735.0,1046.0,587.0
6,1763768999.9353423,1159.6758036613464,735.0,1037.0,576.0
6,1763768999.9667323,1164.4745616912842,735.0,1039.0,559.0
6,1763768999.9946218,1169.320025920868,735.0,1037.0,552.0
6,1763769000.0345867,1174.0232615470886,735.0,1036.0,544.0
6,1763769000.0699449,1178.7922649383545,735.0,1037.0,536.0
6,1763769000.0948899,1183.667269229889,735.0,1039.0,543.0
6,1763769000.1307206,1188.4369163513184,735.0,1053.0,560.0
6,1763769000.164672,1193.2036666870117,735.0,1068.0,557.0
6,1763769000.1954975,1198.0382947921753,735.0,1073.0,562.0
6,1763769000.229985,1202.920630455017,735.0,1079.0,565.0
6,1763769000.2734993,1209.995153427124,735.0,1088.0,590.0
6,1763769000.3099787,1214.8257403373718,735.0,1090.0,615.0
6,1763769000.3518307,1222.1234230995178,735.0,1083.0,619.0
6,1763769000.3816144,1226.905622959137,735.0,1081.0,626.0
6,1763769000.4151382,1231.7058115005493,735.0,1088.0,642.0
6,1763769000.445813,1236.531141281128,735.0,1105.0,636.0
6,1763769000.4804704,1241.1906032562256,735.0,1117.0,621.0
6,1763769000.5106497,1246.1105613708496,735.0,1120.0,611.0
6,1763769000.5408971,1250.8095412254333,735.0,1133.0,606.0
6,1763769000.575041,1255.7188777923584,735.0,1142.0,616.0
6,1763769000.6055424,1260.4016571044922,735.0,1145.0,611.0
6,1763769000.6404889,1265.3183250427246,735.0,1146.0,620.0
6,1763769000.6700163,1270.0299291610718,735.0,1153.0,616.0
6,1763769000.7063432,1274.9122648239136,735.0,1151.0,620.0
6,1763769000.7381423,1279.6523718833923,735.0,1152.0,615.0
6,1763769000.7665014,1284.5025568008423,735.0,1154.0,617.0
6,1763769000.7969103,1289.1857652664185,735.0,1185.0,612.0
6,1763769000.8406737,1294.0924553871155,735.0,1191.0,638.0
6,1763769000.879518,1301.2920408248901,735.0,1193.0,635.0
6,1763769000.9200518,1306.1118988990784,735.0,1193.0,634.0
6,1763769000.9504857,1310.7892780303955,735.0,1193.0,629.0
6,1763769000.9849327,1315.6951813697815,735.0,1197.0,624.0
6,1763769001.0154061,1320.4430847167969,735.0,1208.0,611.0
6,1763769001.0458953,1325.2819685935974,735.0,1215.0,614.0
6,1763769001.0796573,1330.0488619804382,735.0,1227.0,608.0
6,1763769001.1105373,1334.8004488945007,735.0,1231.0,606.0
6,1763769001.145539,1339.6064667701721,735.0,1237.0,601.0
6,1763769001.1753852,1344.390061378479,735.0,1249.0,603.0
6,1763769001.210236,1349.1981534957886,735.0,1242.0,630.0
6,1763769001.2499053,1356.463864326477,735.0,1227.0,656.0
6,1763769001.2846124,1361.1894516944885,735.0,1233.0,654.0
6,1763769001.3253515,1368.4585599899292,735.0,1273.0,634.0
6,1763769001.3599803,1373.2719449996948,735.0,1296.0,621.0
6,1763769001.3996406,1378.1559972763062,735.0,1301.0,619.0
6,1763769001.450829,1385.2791576385498,735.0,1302.0,607.0
6,1763769001.5056028,1394.790771484375,735.0,1306.0,609.0
6,1763769001.534804,1399.670389175415,735.0,1293.0,622.0
6,1763769001.5600355,1402.0092754364014,735.0,1303.0,623.0
6,1763769001.5846627,1406.8901448249817,735.0,1310.0,624.0
6,1763769001.619988,1411.6982011795044,735.0,1334.0,618.0
6,1763769001.6555512,1416.475751876831,735.0,1337.0,615.0
6,1763769001.6951826,1423.6140041351318,735.0,1323.0,625.0
6,1763769001.7298298,1428.4853248596191,735.0,1314.0,631.0
6,1763769001.7701166,1433.2741050720215,735.0,1312.0,640.0
6,1763769001.807025,1440.5058770179749,735.0,1376.0,621.0
6,1763769001.840402,1445.2733783721924,735.0,1407.0,611.0
6,1763769001.8715339,1450.0423817634583,735.0,1401.0,623.0
6,1763769001.9096136,1454.8727898597717,735.0,1396.0,631.0
6,1763769001.9450612,1459.5913677215576,735.0,1397.0,632.0
6,1763769001.9853942,1466.7910604476929,735.0,1398.0,627.0
6,1763769002.0250866,1471.6630249023438,735.0,1398.0,620.0
6,1763769002.0616202,1478.8655428886414,735.0,1402.0,617.0
6,1763769002.0949328,1483.7096123695374,735.0,1416.0,615.0
6,1763769002.1299312,1488.4963898658752,735.0,1421.0,617.0
6,1763769002.1699588,1493.2989387512207,735.0,1422.0,612.0
6,1763769002.2070932,1500.4414467811584,735.0,1416.0,613.0
6,1763769002.2405152,1505.2746443748474,735.0,1415.0,613.0
6,1763769002.2752306,1510.0581316947937,735.0,1452.0,625.0
6,1763769002.3174634,1517.2239928245544,735.0,1446.0,630.0
6,1763769002.3554223,1521.9863443374634,735.0,1443.0,634.0
6,1763769002.386258,1526.7836360931396,735.0,1439.0,631.0
6,1763769002.420371,1531.7166833877563,735.0,1436.0,626.0
6,1763769002.4555802,1536.461081981659,735.0,1433.0,625.0
6,1763769002.496431,1543.6584858894348,735.0,1432.0,631.0
6,1763769002.5347574,1548.3945875167847,735.0,1427.0,641.0
6,1763769002.579988,1555.620530128479,735.0,1428.0,642.0
6,1763769002.6250603,1562.7817778587341,735.0,1414.0,641.0
6,1763769002.6569045,1567.7136807441711,735.0,1400.0,642.0
6,1763769002.6908581,1572.4852232933044,735.0,1392.0,651.0
6,1763769002.7254765,1577.1873502731323,735.0,1401.0,662.0
6,1763769002.7604299,1581.9983749389648,735.0,1406.0,674.0
6,1763769002.7945461,1589.3086819648743,735.0,1411.0,680.0
6,1763769002.8251262,1591.5853052139282,735.0,1403.0,673.0
6,1763769002.8626418,1598.9248304367065,735.0,1441.0,668.0
6,1763769002.8998868,1603.635039806366,735.0,1464.0,665.0
6,1763769002.9441574,1610.9286456108093,735.0,1481.0,670.0
6,1763769002.9747999,1615.580132484436,735.0,1490.0,675.0
6,1763769003.009805,1620.3974871635437,735.0,1498.0,674.0
6,1763769003.0445383,1625.2626209259033,735.0,1494.0,682.0
6,1763769003.0859501,1632.3903946876526,735.0,1494.0,678.0
6,1763769003.119119,1637.2166185379028,735.0,1496.0,676.0
6,1763769003.1554368,1642.0257477760315,735.0,1501.0,678.0
6,1763769003.1973722,1649.2827682495117,735.0,1508.0,678.0
6,1763769003.2309058,1654.1606693267822,735.0,1508.0,663.0
6,1763769003.2768211,1661.190131187439,735.0,1495.0,649.0
6,1763769003.3152788,1666.0991101264954,735.0,1486.0,637.0
6,1763769003.3585017,1673.236575603485,735.0,1477.0,636.0
6,1763769003.3915448,1678.0857949256897,735.0,1480.0,653.0
6,1763769003.4258657,1682.795217514038,735.0,1521.0,667.0
6,1763769003.4654226,1687.7241163253784,735.0,1533.0,665.0
6,1763769003.506125,1694.7904138565063,735.0,1535.0,666.0
6,1763769003.5369084,1699.5917110443115,735.0,1535.0,667.0
6,1763769003.56975,1704.5013694763184,735.0,1543.0,670.0
6,1763769003.6050997,1709.2891840934753,735.0,1539.0,673.0
6,1763769003.649633,1716.452649116516,735.0,1546.0,670.0
6,1763769003.6959949,1723.7353830337524,735.0,1542.0,675.0
7,1763769003.7398517,1726.2168197631836,735.0,1564.0,682.0
7,1763769003.7698967,1726.2168197631836,735.0,1563.0,688.0
7,1763769003.8002675,1726.2168197631836,735.0,1559.0,687.0
7,1763769003.8350668,1726.2168197631836,735.0,1569.0,685.0
7,1763769003.8654995,1726.2168197631836,735.0,1573.0,684.0
7,1763769003.9007633,1726.2168197631836,735.0,1568.0,686.0
7,1763769003.9301758,1726.2168197631836,735.0,1563.0,685.0
7,1763769003.9655442,1726.2168197631836,735.0,1562.0,681.0
7,1763769003.9956422,1726.2168197631836,735.0,1563.0,679.0
7,1763769004.0255778,1726.2168197631836,735.0,1556.0,684.0
7,1763769004.060419,1726.2168197631836,735.0,1561.0,686.0
7,1763769004.090305,1726.2168197631836,735.0,1562.0,687.0
7,1763769004.1248746,1726.2168197631836,735.0,1562.0,693.0
7,1763769004.1545656,1726.2168197631836,735.0,1563.0,691.0
7,1763769004.189734,1726.2168197631836,735.0,1564.0,688.0
7,1763769004.2283232,180.47149467468262,828.0,1567.0,681.0
7,1763769004.260567,185.3327660560608,828.0,1568.0,674.0
7,1763769004.29535,190.03278303146362,828.0,1561.0,675.0
7,1763769004.3354793,194.88650846481323,828.0,1565.0,675.0
7,1763769004.372451,202.08523559570312,828.0,1569.0,669.0
7,1763769004.40537,206.8297414779663,828.0,1575.0,668.0
7,1763769004.440422,211.60267877578735,828.0,1585.0,664.0
7,1763769004.4797015,216.43576908111572,828.0,1596.0,665.0
7,1763769004.5166864,223.68910598754883,828.0,1595.0,670.0
7,1763769004.550839,228.52334070205688,828.0,1590.0,670.0
7,1763769004.5853357,233.28987646102905,828.0,1584.0,671.0
7,1763769004.620442,238.12307405471802,828.0,1595.0,659.0
7,1763769004.6554759,242.94035720825195,828.0,1319.0,629.0
7,1763769004.6912425,250.53351211547852,828.0,708.0,623.0
7,1763769004.7264118,254.81249380111694,828.0,1420.0,1054.0
7,1763769004.765135,259.7177891731262,828.0,945.0,990.0
7,1763769004.8150053,266.80711793899536,828.0,1410.0,1108.0
7,1763769004.8513596,274.07865810394287,828.0,1079.0,900.0
7,1763769004.8904107,278.8134722709656,828.0,608.0,535.0
7,1763769004.919506,283.61537742614746,828.0,365.0,744.0
7,1763769004.9552538,288.4496121406555,828.0,357.0,728.0
7,1763769004.9906123,293.2953267097473,828.0,360.0,757.0
7,1763769005.0245173,300.5247383117676,828.0,339.0,771.0
7,1763769005.060401,305.27307081222534,828.0,325.0,787.0
7,1763769005.0915375,310.06077814102173,828.0,334.0,780.0
7,1763769005.1251597,314.99185848236084,828.0,346.0,776.0
7,1763769005.1590946,319.66873693466187,828.0,356.0,761.0
7,1763769005.1905003,324.5144872665405,828.0,351.0,752.0
7,1763769005.2252166,329.2755870819092,828.0,346.0,760.0
7,1763769005.2599452,334.04974031448364,828.0,340.0,764.0
7,1763769005.2947695,338.9505295753479,828.0,339.0,744.0
7,1763769005.331397,346.0727958679199,828.0,335.0,746.0
7,1763769005.3651009,350.8155851364136,828.0,326.0,758.0
7,1763769005.405322,355.6977777481079,828.0,340.0,749.0
7,1763769005.439571,360.4090242385864,828.0,355.0,738.0
7,1763769005.4695663,365.3254418373108,828.0,368.0,747.0
7,1763769005.5046985,372.5519208908081,828.0,363.0,743.0
7,1763769005.5415418,377.2337703704834,828.0,348.0,745.0
7,1763769005.5710988,382.04454469680786,828.0,348.0,751.0
7,1763769005.6101706,386.8188052177429,828.0,354.0,762.0
7,1763769005.6407557,391.66416215896606,828.0,367.0,762.0
7,1763769005.6803904,396.4505105018616,828.0,374.0,774.0
7,1763769005.7084625,401.2387185096741,828.0,398.0,773.0
7,1763769005.7502868,408.5276036262512,828.0,409.0,758.0
7,1763769005.7846901,413.34653186798096,828.0,414.0,725.0
7,1763769005.820541,418.1832699775696,828.0,421.0,719.0
7,1763769005.8601294,425.2679853439331,828.0,447.0,721.0
7,1763769005.9045396,432.52808141708374,828.0,450.0,727.0
7,1763769005.9430141,437.29898023605347,828.0,458.0,732.0
7,1763769005.9875054,444.4928436279297,828.0,461.0,738.0
7,1763769006.0197558,449.2412476539612,828.0,439.0,757.0
7,1763769006.0553424,454.10015869140625,828.0,428.0,762.0
7,1763769006.090203,458.86880445480347,828.0,443.0,755.0
7,1763769006.1309595,466.0202889442444,828.0,462.0,740.0
7,1763769006.1651044,470.8648591041565,828.0,479.0,731.0
7,1763769006.204848,475.68532514572144,828.0,495.0,727.0
7,1763769006.2396922,480.5148034095764,828.0,498.0,715.0
7,1763769006.2704382,485.307767868042,828.0,486.0,703.0
7,1763769006.304629,492.54150676727295,828.0,476.0,701.0
7,1763769006.3404043,497.2683815956116,828.0,478.0,712.0
7,1763769006.3757427,502.0566611289978,828.0,473.0,724.0
7,1763769006.4102488,506.8742661476135,828.0,487.0,714.0
7,1763769006.4448552,511.6982011795044,828.0,489.0,702.0
7,1763769006.474912,516.4001851081848,828.0,502.0,696.0
7,1763769006.509658,521.2419300079346,828.0,515.0,700.0
7,1763769006.5465162,528.5041360855103,828.0,532.0,689.0
7,1763769006.5803082,533.2948832511902,828.0,530.0,653.0
7,1763769006.6151302,538.1291179656982,828.0,522.0,654.0
7,1763769006.649913,542.8141145706177,828.0,498.0,679.0
7,1763769006.68503,547.6823954582214,828.0,485.0,700.0
7,1763769006.719709,552.4958519935608,828.0,489.0,699.0
7,1763769006.7652683,559.7411780357361,828.0,497.0,697.0
7,1763769006.795408,564.4709496498108,828.0,503.0,701.0
7,1763769006.8248258,569.3396954536438,828.0,505.0,690.0
7,1763769006.855703,574.031129360199,828.0,506.0,671.0
7,1763769006.894573,578.8079290390015,828.0,505.0,671.0
7,1763769006.9264662,583.6313276290894,828.0,505.0,673.0
7,1763769006.969995,590.802517414093,828.0,507.0,685.0
7,1763769007.0096998,598.3021168708801,828.0,528.0,688.0
7,1763769007.0507355,602.8316526412964,828.0,548.0,696.0
7,1763769007.0952458,610.0542693138123,828.0,556.0,687.0
7,1763769007.128119,614.8033170700073,828.0,554.0,688.0
7,1763769007.1567447,619.6103720664978,828.0,554.0,696.0
7,1763769007.195058,624.5160965919495,828.0,564.0,689.0
7,1763769007.230246,629.3489723205566,828.0,588.0,685.0
7,1763769007.2686653,636.398962020874,828.0,589.0,700.0
7,1763769007.300125,641.2404923439026,828.0,582.0,718.0
7,1763769007.3315725,646.098795413971,828.0,582.0,721.0
7,1763769007.3596594,648.4675078392029,828.0,585.0,712.0
7,1763769007.395053,655.6481032371521,828.0,590.0,703.0
7,1763769007.4245815,660.5343728065491,828.0,581.0,681.0
7,1763769007.4554877,662.9389553070068,828.0,578.0,693.0
7,1763769007.4917676,669.9972062110901,828.0,573.0,698.0
7,1763769007.5295446,674.8992471694946,828.0,570.0,716.0
7,1763769007.564916,679.7261147499084,828.0,565.0,705.0
7,1763769007.5996962,684.4857482910156,828.0,584.0,692.0
7,1763769007.635415,691.6830449104309,828.0,601.0,685.0
7,1763769007.6679478,696.4408903121948,828.0,608.0,688.0
7,1763769007.7009618,701.2998371124268,828.0,602.0,682.0
7,1763769007.7333534,706.1965494155884,828.0,588.0,678.0
7,1763769007.7701607,710.7990770339966,828.0,579.0,667.0
7,1763769007.8048532,715.6895308494568,828.0,596.0,654.0
7,1763769007.8445194,722.875705242157,828.0,624.0,645.0
7,1763769007.878696,727.6044039726257,828.0,626.0,637.0
7,1763769007.9122646,732.5292973518372,828.0,630.0,624.0
7,1763769007.9601362,739.7240905761719,828.0,634.0,633.0
7,1763769007.9895163,744.4186000823975,828.0,663.0,632.0
7,1763769008.0298514,749.3451027870178,828.0,668.0,632.0
7,1763769008.074009,756.454315662384,828.0,697.0,623.0
7,1763769008.1103733,761.2396984100342,828.0,692.0,614.0
7,1763769008.1554458,768.454089641571,828.0,685.0,629.0
7,1763769008.1904192,773.488166809082,828.0,694.0,648.0
7,1763769008.2302663,780.5251746177673,828.0,698.0,645.0
7,1763769008.2652435,785.2643876075745,828.0,694.0,643.0
7,1763769008.2969806,790.0888233184814,828.0,690.0,636.0
7,1763769008.335189,794.8160915374756,828.0,704.0,631.0
7,1763769008.371259,802.0654587745667,828.0,705.0,640.0
7,1763769008.4049249,806.8037776947021,828.0,697.0,665.0
7,1763769008.434973,811.644163608551,828.0,722.0,669.0
7,1763769008.4750452,816.4035468101501,828.0,737.0,661.0
7,1763769008.5103972,821.2749032974243,828.0,746.0,660.0
7,1763769008.5444748,828.5183696746826,828.0,745.0,666.0
7,1763769008.5805123,833.3243517875671,828.0,751.0,680.0
7,1763769008.6194851,838.059130191803,828.0,756.0,694.0
7,1763769008.6627684,845.30055809021,828.0,761.0,689.0
7,1763769008.6995134,850.109043598175,828.0,765.0,664.0
7,1763769008.7353046,854.8051981925964,828.0,773.0,643.0
7,1763769008.7744944,862.0990543365479,828.0,757.0,661.0
7,1763769008.8047862,866.9556765556335,828.0,771.0,673.0
7,1763769008.8380005,871.7236785888672,828.0,771.0,679.0
7,1763769008.8745716,876.565423488617,828.0,772.0,671.0
7,1763769008.9117506,881.3043146133423,828.0,777.0,669.0
7,1763769008.9480946,888.4249000549316,828.0,792.0,648.0
7,1763769008.9847276,893.2098894119263,828.0,790.0,635.0
7,1763769009.0163717,898.5518484115601,828.0,779.0,626.0
7,1763769009.0547523,902.8394846916199,828.0,780.0,615.0
7,1763769009.0938027,910.1007251739502,828.0,784.0,610.0
7,1763769009.1301956,914.8289947509766,828.0,801.0,594.0
7,1763769009.1653373,919.720449924469,828.0,962.0,401.0
7,1763769009.205258,926.887026309967,828.0,1012.0,883.0
7,1763769009.245232,931.6886811256409,828.0,850.0,1123.0
7,1763769009.2897484,938.908043384552,828.0,1307.0,719.0
7,1763769009.3249395,943.697717666626,828.0,1138.0,820.0
7,1763769009.3612514,948.467221736908,828.0,937.0,957.0
7,1763769009.3947978,955.6139497756958,828.0,908.0,594.0
7,1763769009.429896,960.4872016906738,828.0,911.0,596.0
7,1763769009.4618702,965.191903591156,828.0,916.0,597.0
7,1763769009.4950085,970.075526714325,828.0,924.0,613.0
7,1763769009.5303075,974.8447804450989,828.0,914.0,653.0
7,1763769009.571004,982.0390014648438,828.0,897.0,613.0
7,1763769009.6047792,986.8016033172607,828.0,895.0,609.0
7,1763769009.6394866,991.6156320571899,828.0,891.0,591.0
7,1763769009.669978,996.4544086456299,828.0,893.0,600.0
7,1763769009.705297,1001.2796669006348,828.0,887.0,602.0
7,1763769009.7396438,1006.0959486961365,828.0,890.0,607.0
7,1763769009.7754164,1010.8547239303589,828.0,902.0,591.0
7,1763769009.81339,1018.0803089141846,828.0,917.0,595.0
7,1763769009.8448713,1022.7942733764648,828.0,902.0,601.0
7,1763769009.880355,1027.6458888053894,828.0,899.0,609.0
7,1763769009.914635,1032.4488668441772,828.0,903.0,610.0
7,1763769009.945168,1037.2275977134705,828.0,900.0,612.0
7,1763769009.9884968,1044.4953470230103,828.0,904.0,616.0
7,1763769010.0147426,1046.9035773277283,828.0,931.0,632.0
7,1763769010.0518017,1054.157557964325,828.0,952.0,621.0
7,1763769010.085365,1058.881679058075,828.0,972.0,609.0
7,1763769010.120364,1063.6016159057617,828.0,993.0,598.0
7,1763769010.160066,1068.4067039489746,828.0,983.0,613.0
7,1763769010.1982198,1075.6515650749207,828.0,961.0,627.0
7,1763769010.2353125,1080.512264251709,828.0,953.0,646.0
7,1763769010.2649584,1085.2138905525208,828.0,947.0,651.0
7,1763769010.3151522,1092.5012378692627,828.0,957.0,646.0
7,1763769010.3454227,1097.2075848579407,828.0,990.0,637.0
7,1763769010.3873966,1104.4228343963623,828.0,1019.0,627.0
7,1763769010.430173,1109.2829971313477,828.0,1042.0,609.0
7,1763769010.4604697,1114.1332535743713,828.0,1061.0,613.0
7,1763769010.495412,1118.940272808075,828.0,1052.0,645.0
7,1763769010.5327377,1126.0125427246094,828.0,1042.0,657.0
7,1763769010.5705655,1131.1779050827026,828.0,1051.0,650.0
7,1763769010.6148632,1138.0842714309692,828.0,1068.0,626.0
7,1763769010.6498685,1142.8114681243896,828.0,1078.0,619.0
7,1763769010.6801229,1147.6292877197266,828.0,1085.0,624.0
7,1763769010.7151687,1152.4115948677063,828.0,1092.0,616.0
7,1763769010.7499807,1157.3000102043152,828.0,1098.0,617.0
7,1763769010.7877998,1164.3983511924744,828.0,1104.0,608.0
7,1763769010.8252423,1169.2811517715454,828.0,1119.0,593.0
7,1763769010.8602436,1174.1297631263733,828.0,1123.0,600.0
7,1763769010.8954546,1178.890576839447,828.0,1133.0,591.0
7,1763769010.934545,1186.1257104873657,828.0,1130.0,613.0
7,1763769010.9700909,1190.7925753593445,828.0,1162.0,606.0
7,1763769011.0046384,1195.6266312599182,828.0,1164.0,628.0
7,1763769011.0353951,1200.505283355713,828.0,1168.0,629.0
7,1763769011.0759444,1207.7353386878967,828.0,1164.0,633.0
7,1763769011.1098378,1212.5399618148804,828.0,1174.0,628.0
7,1763769011.1446137,1217.2969131469727,828.0,1186.0,594.0
7,1763769011.175196,1222.0096974372864,828.0,1189.0,586.0
7,1763769011.2151992,1226.8911390304565,828.0,1157.0,589.0
7,1763769011.2508268,1234.0075402259827,828.0,1135.0,610.0
7,1763769011.2848887,1238.8965992927551,828.0,1137.0,619.0
7,1763769011.3197865,1243.716814994812,828.0,1158.0,602.0
7,1763769011.3549168,1248.4591393470764,828.0,1165.0,594.0
7,1763769011.3995626,1255.6521801948547,828.0,1162.0,603.0
7,1763769011.440546,1260.4370980262756,828.0,1160.0,611.0
7,1763769011.4789596,1267.7063493728638,828.0,1155.0,633.0
7,1763769011.5251455,1274.8316912651062,828.0,1141.0,647.0
7,1763769011.5737097,1282.0872812271118,828.0,1175.0,653.0
7,1763769011.6001713,1284.4753413200378,828.0,1179.0,645.0
7,1763769011.6358738,1291.6047959327698,828.0,1183.0,639.0
7,1763769011.6696725,1296.5279726982117,828.0,1183.0,636.0
7,1763769011.70473,1301.3578443527222,828.0,1184.0,613.0
7,1763769011.7403517,1306.028964996338,828.0,1181.0,627.0
7,1763769011.775249,1310.8751802444458,828.0,1185.0,622.0
7,1763769011.8112502,1318.0727987289429,828.0,1190.0,618.0
7,1763769011.8444827,1322.8605418205261,828.0,1200.0,621.0
7,1763769011.875759,1327.7519254684448,828.0,1203.0,621.0
7,1763769011.9086664,1332.4447541236877,828.0,1208.0,637.0
7,1763769011.9445944,1337.2185139656067,828.0,1205.0,644.0
7,1763769011.9881625,1344.4043307304382,828.0,1206.0,651.0
7,1763769012.0252028,1349.328365802765,828.0,1209.0,648.0
7,1763769012.0544798,1354.0003089904785,828.0,1208.0,653.0
7,1763769012.1047282,1361.2374453544617,828.0,1209.0,661.0
7,1763769012.1496027,1368.4915690422058,828.0,1204.0,674.0
7,1763769012.1758103,1370.823874950409,828.0,1196.0,681.0
7,1763769012.200684,1375.6861476898193,828.0,1198.0,687.0
7,1763769012.2472084,1382.7971844673157,828.0,1214.0,679.0
7,1763769012.2851543,1387.7089886665344,828.0,1275.0,663.0
7,1763769012.3103054,1392.5472645759583,828.0,1269.0,675.0
7,1763769012.340529,1397.2358016967773,828.0,1270.0,694.0
7,1763769012.372118,1402.0245819091797,828.0,1280.0,697.0
7,1763769012.4094346,1406.8551330566406,828.0,1284.0,696.0
7,1763769012.4447026,1411.659291267395,828.0,1284.0,693.0
7,1763769012.4747138,1416.3988618850708,828.0,1278.0,688.0
7,1763769012.5181966,1423.9421634674072,828.0,1274.0,686.0
7,1763769012.5547965,1428.4969835281372,828.0,1284.0,684.0
7,1763769012.6004891,1435.6584458351135,828.0,1296.0,676.0
7,1763769012.6350865,1440.3855710029602,828.0,1297.0,674.0
7,1763769012.6807163,1447.6455240249634,828.0,1286.0,680.0
7,1763769012.7074797,1452.4719982147217,828.0,1281.0,698.0
7,1763769012.744564,1457.2204022407532,828.0,1281.0,702.0
7,1763769012.7881234,1464.4144444465637,828.0,1280.0,710.0
7,1763769012.8301141,1469.2450671195984,828.0,1281.0,712.0
7,1763769012.855714,1474.0671424865723,828.0,1296.0,712.0
7,1763769012.8857641,1478.8466601371765,828.0,1298.0,709.0
7,1763769012.9332154,1486.064091205597,828.0,1305.0,706.0
7,1763769012.975195,1490.9398465156555,828.0,1309.0,714.0
7,1763769012.9999988,1495.660892009735,828.0,1328.0,710.0
7,1763769013.0349252,1500.5418329238892,828.0,1328.0,717.0
7,1763769013.0653195,1505.2799015045166,828.0,1322.0,718.0
7,1763769013.110424,1512.435498714447,828.0,1319.0,721.0
7,1763769013.149892,1517.2051458358765,828.0,1320.0,721.0
7,1763769013.1794734,1521.9993977546692,828.0,1377.0,709.0
7,1763769013.209641,1526.7836003303528,828.0,1381.0,710.0
7,1763769013.2444334,1531.6899328231812,828.0,1379.0,709.0
7,1763769013.2899764,1538.8274698257446,828.0,1377.0,712.0
7,1763769013.324796,1543.6128525733948,828.0,1379.0,715.0
7,1763769013.3550158,1548.4103231430054,828.0,1371.0,722.0
7,1763769013.384659,1553.1903057098389,828.0,1371.0,722.0
7,1763769013.4154294,1557.9984693527222,828.0,1373.0,722.0
7,1763769013.4510255,1562.8442554473877,828.0,1371.0,726.0
7,1763769013.4944987,1570.0928716659546,828.0,1381.0,726.0
7,1763769013.5302403,1574.7865228652954,828.0,1392.0,726.0
7,1763769013.5560305,1579.7246842384338,828.0,1404.0,723.0
7,1763769013.587837,1584.3990592956543,828.0,1450.0,730.0
7,1763769013.6368308,1591.7354373931885,828.0,1443.0,726.0
7,1763769013.6798346,1596.4330224990845,828.0,1438.0,733.0
7,1763769013.716873,1603.6301403045654,828.0,1441.0,736.0
7,1763769013.7544508,1608.4033279418945,828.0,1449.0,735.0
7,1763769013.789824,1613.3031516075134,828.0,1466.0,723.0
7,1763769013.8186772,1618.0250911712646,828.0,1471.0,724.0
7,1763769013.8547776,1622.9097514152527,828.0,1480.0,723.0
7,1763769013.8857515,1627.6050477027893,828.0,1480.0,723.0
7,1763769013.9146273,1632.4968962669373,828.0,1477.0,727.0
7,1763769013.9444695,1637.2805624008179,828.0,1483.0,733.0
7,1763769013.9750001,1642.04949426651,828.0,1488.0,733.0
7,1763769014.0103257,1646.8519358634949,828.0,1487.0,730.0
7,1763769014.0404396,1651.7274050712585,828.0,1489.0,727.0
7,1763769014.0875142,1659.2811493873596,828.0,1489.0,729.0
7,1763769014.1196213,1663.6815099716187,828.0,1488.0,728.0
7,1763769014.1497145,1668.429663658142,828.0,1498.0,723.0
7,1763769014.1954923,1675.7184414863586,828.0,1507.0,714.0
7,1763769014.239866,1680.3924589157104,828.0,1564.0,707.0
7,1763769014.2762566,1687.7119212150574,828.0,1564.0,698.0
7,1763769014.3102674,1692.3946290016174,828.0,1578.0,699.0
7,1763769014.3406725,1697.2309737205505,828.0,1564.0,698.0
7,1763769014.3714724,1702.1005420684814,828.0,1558.0,694.0
7,1763769014.4049485,1706.796625137329,828.0,1556.0,693.0
7,1763769014.440421,1711.7061405181885,828.0,1556.0,693.0
7,1763769014.4800973,1716.501250743866,828.0,1557.0,697.0
7,1763769014.5155587,1723.6461191177368,828.0,1565.0,696.0
8,1763769014.5495777,1726.084032535553,828.0,1572.0,697.0
8,1763769014.574783,1726.084032535553,828.0,1573.0,698.0
8,1763769014.6050014,1726.084032535553,828.0,1581.0,702.0
8,1763769014.6351109,1726.084032535553,828.0,1569.0,706.0
8,1763769014.6854088,1726.084032535553,828.0,1566.0,704.0
8,1763769014.720326,1726.084032535553,828.0,1566.0,709.0
8,1763769014.7596784,1726.084032535553,828.0,1565.0,709.0
8,1763769014.8002563,1726.084032535553,828.0,1565.0,708.0
8,1763769014.8300786,1726.084032535553,828.0,1573.0,707.0
8,1763769014.8647523,1726.084032535553,828.0,1575.0,708.0
8,1763769014.8951683,1726.084032535553,828.0,1574.0,709.0
8,1763769014.9251764,1726.084032535553,828.0,1568.0,708.0
8,1763769014.9495866,1726.084032535553,828.0,1559.0,701.0
8,1763769014.9803205,1726.084032535553,828.0,1547.0,695.0
8,1763769015.015407,1726.084032535553,828.0,1550.0,692.0
8,1763769015.0498283,180.43083238601685,921.0,1553.0,695.0
8,1763769015.0815063,185.22193717956543,921.0,1567.0,701.0
8,1763769015.1102412,190.161386013031,921.0,1566.0,702.0
8,1763769015.1502085,194.90653562545776,921.0,1567.0,702.0
8,1763769015.1800506,199.6644525527954,921.0,1558.0,703.0
8,1763769015.2171981,204.49654150009155,921.0,1543.0,704.0
8,1763769015.2420807,209.29615783691406,921.0,902.0,759.0
8,1763769015.2845364,214.09055280685425,921.0,385.0,826.0
8,1763769015.3238432,221.26471090316772,921.0,318.0,854.0
8,1763769015.34948,226.0471968650818,921.0,358.0,834.0
8,1763769015.379455,228.48596858978271,921.0,379.0,811.0
8,1763769015.419224,235.6531171798706,921.0,273.0,845.0
8,1763769015.4455578,238.1470708847046,921.0,257.0,849.0
8,1763769015.4832501,245.25260019302368,921.0,257.0,853.0
8,1763769015.5150619,250.0389485359192,921.0,246.0,848.0
8,1763769015.5458035,254.8957495689392,921.0,243.0,839.0
8,1763769015.577991,259.7242980003357,921.0,210.0,825.0
8,1763769015.6148577,264.4879012107849,921.0,257.0,821.0
8,1763769015.6424,269.318416595459,921.0,263.0,816.0
8,1763769015.6807477,274.14027738571167,921.0,219.0,804.0
8,1763769015.71523,278.8903980255127,921.0,258.0,811.0
8,1763769015.7555532,286.14287662506104,921.0,276.0,803.0
8,1763769015.7947786,290.93948888778687,921.0,294.0,815.0
8,1763769015.8300843,298.1378583908081,921.0,293.0,817.0
8,1763769015.8692071,302.8459219932556,921.0,247.0,802.0
8,1763769015.9099956,310.12454319000244,921.0,303.0,813.0
8,1763769015.9452662,314.79999113082886,921.0,306.0,822.0
8,1763769015.9924123,322.0172076225281,921.0,311.0,820.0
8,1763769016.0248375,326.8834500312805,921.0,315.0,823.0
8,1763769016.0577075,331.62184047698975,921.0,342.0,821.0
8,1763769016.0894394,336.4104061126709,921.0,255.0,816.0
8,1763769016.11456,338.81509590148926,921.0,348.0,832.0
8,1763769016.1499293,346.1146025657654,921.0,349.0,834.0
8,1763769016.1794589,348.51435708999634,921.0,284.0,810.0
8,1763769016.2175622,355.69062519073486,921.0,350.0,827.0
8,1763769016.2446074,358.07664680480957,921.0,351.0,823.0
8,1763769016.2966692,367.6577477455139,921.0,354.0,814.0
8,1763769016.3202794,370.1428322792053,921.0,356.0,801.0
8,1763769016.3461697,374.9310760498047,921.0,294.0,807.0
8,1763769016.3851619,379.6734004020691,921.0,362.0,795.0
8,1763769016.4152684,384.47634267807007,921.0,357.0,791.0
8,1763769016.4577866,391.6695981025696,921.0,360.0,794.0
8,1763769016.4843905,394.1493182182312,921.0,369.0,795.0
8,1763769016.5152962,398.87193727493286,921.0,378.0,797.0
8,1763769016.5499895,406.12362909317017,921.0,380.0,800.0
8,1763769016.58001,408.4855465888977,921.0,387.0,809.0
8,1763769016.6174943,415.6751899719238,921.0,387.0,816.0
8,1763769016.654826,420.5563097000122,921.0,395.0,809.0
8,1763769016.6821697,425.3440170288086,921.0,403.0,801.0
8,1763769016.7222152,430.08451747894287,921.0,418.0,784.0
8,1763769016.7643788,437.32912826538086,921.0,432.0,789.0
8,1763769016.804682,442.1677975654602,921.0,430.0,785.0
8,1763769016.8305016,446.8794732093811,921.0,433.0,769.0
8,1763769016.8700004,454.12526416778564,921.0,445.0,757.0
8,1763769016.905529,458.9739828109741,921.0,446.0,756.0
8,1763769016.9366126,463.65579652786255,921.0,462.0,743.0
8,1763769016.9650617,466.02236318588257,921.0,471.0,756.0
8,1763769017.002561,473.2328562736511,921.0,471.0,762.0
8,1763769017.0396383,478.0938415527344,921.0,467.0,772.0
8,1763769017.0817437,485.224440574646,921.0,460.0,790.0
8,1763769017.119413,490.0450496673584,921.0,456.0,796.0
8,1763769017.1543396,494.92084074020386,921.0,517.0,773.0
8,1763769017.1781864,499.65637016296387,921.0,483.0,763.0
8,1763769017.215016,504.5363812446594,921.0,458.0,777.0
8,1763769017.2423124,509.2783122062683,921.0,443.0,774.0
8,1763769017.274638,514.1431241035461,921.0,456.0,758.0
8,1763769017.314715,518.908408164978,921.0,465.0,746.0
8,1763769017.3513272,526.3242869377136,921.0,478.0,743.0
8,1763769017.3903298,530.9237747192383,921.0,488.0,744.0
8,1763769017.4248137,535.690954208374,921.0,484.0,735.0
8,1763769017.4667585,542.8416876792908,921.0,517.0,722.0
8,1763769017.505135,547.6840763092041,921.0,507.0,718.0
8,1763769017.5343578,552.5040416717529,921.0,514.0,727.0
8,1763769017.5613518,557.3518662452698,921.0,518.0,720.0
8,1763769017.5900083,562.1264486312866,921.0,534.0,717.0
8,1763769017.6350207,566.9190912246704,921.0,541.0,722.0
8,1763769017.6700044,574.125864982605,921.0,547.0,725.0
8,1763769017.7063782,578.937283039093,921.0,547.0,731.0
8,1763769017.7294838,581.245198726654,921.0,536.0,745.0
8,1763769017.7600307,586.0260038375854,921.0,525.0,737.0
8,1763769017.8052347,593.2379989624023,921.0,510.0,725.0
8,1763769017.839628,598.0600743293762,921.0,514.0,710.0
8,1763769017.8705344,602.8348712921143,921.0,524.0,711.0
8,1763769017.900277,607.7446727752686,921.0,533.0,718.0
8,1763769017.9354506,612.4451189041138,921.0,541.0,723.0
8,1763769017.964714,617.2006754875183,921.0,544.0,720.0
8,1763769017.9950795,622.0338015556335,921.0,536.0,723.0
8,1763769018.0256414,626.9302277565002,921.0,527.0,718.0
8,1763769018.0607643,631.7444710731506,921.0,531.0,720.0
8,1763769018.1102965,638.8420610427856,921.0,581.0,678.0
8,1763769018.1452808,643.6267285346985,921.0,599.0,664.0
8,1763769018.1896808,650.8608965873718,921.0,604.0,666.0
8,1763769018.2351549,658.1509976387024,921.0,605.0,690.0
8,1763769018.265993,662.8750114440918,921.0,607.0,702.0
8,1763769018.2975888,667.73628282547,921.0,625.0,702.0
8,1763769018.33649,672.4617986679077,921.0,641.0,690.0
8,1763769018.3620772,677.3384838104248,921.0,644.0,669.0
8,1763769018.3949614,682.0643215179443,921.0,644.0,655.0
8,1763769018.4257295,686.9530944824219,921.0,644.0,672.0
8,1763769018.460322,691.7778878211975,921.0,663.0,691.0
8,1763769018.4946816,696.5296535491943,921.0,677.0,689.0
8,1763769018.530172,701.243260383606,921.0,685.0,683.0
8,1763769018.5600412,706.0983448028564,921.0,685.0,693.0
8,1763769018.5948503,710.8416705131531,921.0,687.0,684.0
8,1763769018.6302109,718.1568412780762,921.0,687.0,684.0
8,1763769018.6750977,722.9329614639282,921.0,684.0,685.0
8,1763769018.7002456,727.6879458427429,921.0,677.0,683.0
8,1763769018.734351,732.412567615509,921.0,672.0,684.0
8,1763769018.764328,737.2155456542969,921.0,666.0,680.0
8,1763769018.7996743,742.0977025032043,921.0,669.0,684.0
8,1763769018.8419926,749.3255763053894,921.0,708.0,611.0
8,1763769018.8845675,754.0723352432251,921.0,-10972.0,5751.0
8,1763769018.9143553,758.9017062187195,921.0,-308044.0,108415.0
8,1763769018.9494784,766.0469679832458,921.0,-107569.0,-46962.0
8,1763769018.979593,768.5640959739685,921.0,16885.0,-6030.0
8,1763769019.0226204,775.7637887001038,921.0,3833.0,-274.0
8,1763769019.0497694,780.514374256134,921.0,1707.0,1570.0
8,1763769019.090114,785.3338389396667,921.0,760.0,652.0
8,1763769019.1313205,792.467442035675,921.0,773.0,661.0
8,1763769019.1555305,794.9239163398743,921.0,784.0,649.0
8,1763769019.1944907,801.9927530288696,921.0,777.0,671.0
8,1763769019.2198665,804.4704704284668,921.0,766.0,676.0
8,1763769019.259532,811.6722373962402,921.0,763.0,678.0
8,1763769019.3086762,819.0954475402832,921.0,759.0,678.0
8,1763769019.357405,825.9912996292114,921.0,744.0,695.0
8,1763769019.390275,830.8177380561829,921.0,741.0,710.0
8,1763769019.4247477,835.6839447021484,921.0,743.0,709.0
8,1763769019.4666014,842.8014187812805,921.0,737.0,710.0
8,1763769019.5098605,850.104287147522,921.0,733.0,704.0
8,1763769019.5460072,854.8110275268555,921.0,740.0,698.0
8,1763769019.5947838,862.0437650680542,921.0,747.0,696.0
8,1763769019.625054,866.9258503913879,921.0,756.0,705.0
8,1763769019.6566577,871.6653137207031,921.0,762.0,691.0
8,1763769019.6848302,874.0144996643066,921.0,780.0,676.0
8,1763769019.7146056,878.8664011955261,921.0,797.0,678.0
8,1763769019.7499876,886.1233501434326,921.0,802.0,665.0
8,1763769019.779964,888.496997833252,921.0,810.0,649.0
8,1763769019.8203893,895.6597118377686,921.0,816.0,659.0
8,1763769019.8443685,898.0658321380615,921.0,815.0,679.0
8,1763769019.8795006,905.2139191627502,921.0,857.0,667.0
8,1763769019.91435,910.1353435516357,921.0,858.0,666.0
8,1763769019.944515,914.7944836616516,921.0,857.0,650.0
8,1763769019.9768753,919.6263937950134,921.0,877.0,641.0
8,1763769020.0146973,924.3991522789001,921.0,894.0,647.0
8,1763769020.0444212,929.2600660324097,921.0,892.0,656.0
8,1763769020.080252,933.9920191764832,921.0,887.0,654.0
8,1763769020.1146352,938.8130574226379,921.0,877.0,651.0
8,1763769020.1551714,946.0583834648132,921.0,882.0,637.0
8,1763769020.2033763,953.3114342689514,921.0,857.0,649.0
8,1763769020.224731,955.7606129646301,921.0,874.0,672.0
8,1763769020.2553148,960.5413107872009,921.0,883.0,675.0
8,1763769020.284363,965.2701525688171,921.0,881.0,677.0
8,1763769020.314654,970.1563863754272,921.0,874.0,672.0
8,1763769020.355112,974.8595862388611,921.0,879.0,661.0
8,1763769020.3896017,982.065465927124,921.0,890.0,640.0
8,1763769020.429305,986.8613629341125,921.0,896.0,639.0
8,1763769020.46519,991.643205165863,921.0,898.0,642.0
8,1763769020.495363,996.481981754303,921.0,907.0,641.0
8,1763769020.522888,1001.2105016708374,921.0,910.0,633.0
8,1763769020.5561619,1006.0316829681396,921.0,906.0,634.0
8,1763769020.5902948,1010.9270362854004,921.0,929.0,635.0
8,1763769020.6202297,1015.6478672027588,921.0,959.0,631.0
8,1763769020.6553202,1020.4855709075928,921.0,967.0,624.0
8,1763769020.6843848,1025.2205638885498,921.0,964.0,619.0
8,1763769020.7296128,1032.3930411338806,921.0,967.0,591.0
8,1763769020.7700317,1037.2273116111755,921.0,961.0,588.0
8,1763769020.8048947,1042.0325784683228,921.0,963.0,592.0
8,1763769020.8497581,1049.2356328964233,921.0,958.0,614.0
8,1763769020.874719,1054.0299921035767,921.0,969.0,623.0
8,1763769020.9103794,1058.8021426200867,921.0,984.0,614.0
8,1763769020.9501405,1066.1462812423706,921.0,993.0,616.0
8,1763769020.9848115,1070.8218007087708,921.0,995.0,617.0
8,1763769021.018076,1075.6874351501465,921.0,993.0,615.0
8,1763769021.0500002,1080.477753162384,921.0,991.0,621.0
8,1763769021.082553,1085.3225736618042,921.0,1029.0,605.0
8,1763769021.1145663,1090.1429324150085,921.0,1034.0,598.0
8,1763769021.1459994,1094.926884651184,921.0,1036.0,606.0
8,1763769021.1799583,1099.6634154319763,921.0,1034.0,584.0
8,1763769021.2098725,1104.5064120292664,921.0,1034.0,590.0
8,1763769021.2446165,1109.202208995819,921.0,1036.0,591.0
8,1763769021.272252,1114.3121390342712,921.0,1035.0,592.0
8,1763769021.3047967,1118.8289432525635,921.0,1035.0,591.0
8,1763769021.3564847,1126.0063915252686,921.0,1032.0,599.0
8,1763769021.3952765,1130.86226272583,921.0,1015.0,603.0
8,1763769021.430203,1138.1556539535522,921.0,1020.0,601.0
8,1763769021.4694955,1142.9787306785583,921.0,1025.0,588.0
8,1763769021.513664,1149.9868421554565,921.0,1031.0,588.0
8,1763769021.5504408,1154.9582271575928,921.0,1034.0,593.0
8,1763769021.5845525,1159.6619634628296,921.0,1033.0,595.0
8,1763769021.619589,1164.4523530006409,921.0,1043.0,599.0
8,1763769021.6501954,1169.2144184112549,921.0,1050.0,601.0
8,1763769021.6850567,1174.1510062217712,921.0,1052.0,611.0
8,1763769021.7145445,1178.8801698684692,921.0,1054.0,613.0
8,1763769021.75513,1186.000361919403,921.0,1059.0,608.0
8,1763769021.7890277,1190.7912521362305,921.0,1070.0,607.0
8,1763769021.81729,1195.7266240119934,921.0,1077.0,627.0
8,1763769021.8495452,1200.4453449249268,921.0,1110.0,618.0
8,1763769021.8985121,1207.711663722992,921.0,1116.0,624.0
8,1763769021.9308968,1212.4152927398682,921.0,1121.0,625.0
8,1763769021.9618816,1217.2385840415955,921.0,1122.0,647.0
8,1763769021.9898171,1222.0977811813354,921.0,1124.0,652.0
8,1763769022.0193357,1224.4325189590454,921.0,1128.0,662.0
8,1763769022.0493555,1229.4565110206604,921.0,1123.0,670.0
8,1763769022.0844615,1234.0970902442932,921.0,1123.0,674.0
8,1763769022.114795,1238.7948184013367,921.0,1123.0,719.0
8,1763769022.149624,1246.0688261985779,921.0,1131.0,728.0
8,1763769022.1863854,1250.8993773460388,921.0,1139.0,731.0
8,1763769022.2169101,1255.6740312576294,921.0,1147.0,730.0
8,1763769022.2500057,1260.4761152267456,921.0,1153.0,736.0
8,1763769022.284672,1265.1993780136108,921.0,1152.0,740.0
8,1763769022.3143497,1270.12087392807,921.0,1153.0,739.0
8,1763769022.3500226,1274.8496799468994,921.0,1156.0,735.0
8,1763769022.3849177,1279.6634225845337,921.0,1162.0,732.0
8,1763769022.4232838,1284.4157247543335,921.0,1166.0,730.0
8,1763769022.4501595,1289.3488793373108,921.0,1171.0,733.0
8,1763769022.4843097,1294.156792640686,921.0,1168.0,732.0
8,1763769022.5236957,1301.1908321380615,921.0,1192.0,733.0
8,1763769022.5606103,1306.0685544013977,921.0,1207.0,721.0
8,1763769022.602739,1313.2869153022766,921.0,1203.0,729.0
8,1763769022.639532,1318.1207208633423,921.0,1196.0,736.0
8,1763769022.6799688,1325.279143333435,921.0,1190.0,738.0
8,1763769022.715115,1330.1152019500732,921.0,1184.0,737.0
8,1763769022.7400482,1332.3882489204407,921.0,1182.0,728.0
8,1763769022.7756877,1339.6640090942383,921.0,1181.0,728.0
8,1763769022.8099017,1344.4674162864685,921.0,1186.0,722.0
8,1763769022.8347716,1346.902826309204,921.0,1187.0,724.0
8,1763769022.8693688,1354.0305285453796,921.0,1181.0,725.0
8,1763769022.9004009,1356.4663319587708,921.0,1175.0,731.0
8,1763769022.9402788,1363.727071762085,921.0,1180.0,728.0
8,1763769022.9643838,1366.018786907196,921.0,1180.0,723.0
8,1763769023.0025313,1373.2242016792297,921.0,1186.0,720.0
8,1763769023.0301719,1378.150990486145,921.0,1190.0,719.0
8,1763769023.0663874,1382.890525341034,921.0,1245.0,708.0
8,1763769023.0961952,1387.6057057380676,921.0,1243.0,713.0
8,1763769023.1349654,1392.4603967666626,921.0,1233.0,713.0
8,1763769023.1650455,1397.2538976669312,921.0,1233.0,716.0
8,1763769023.195305,1402.0445733070374,921.0,1236.0,719.0
8,1763769023.2256234,1406.8475155830383,921.0,1240.0,725.0
8,1763769023.2577755,1411.6729884147644,921.0,1239.0,726.0
8,1763769023.2919354,1416.4479999542236,921.0,1238.0,724.0
8,1763769023.344738,1423.7013726234436,921.0,1234.0,723.0
8,1763769023.3707,1428.427532196045,921.0,1235.0,724.0
8,1763769023.396016,1430.924132347107,921.0,1243.0,724.0
8,1763769023.429395,1438.034453868866,921.0,1247.0,734.0
8,1763769023.4817128,1445.3793077468872,921.0,1251.0,734.0
8,1763769023.5144143,1449.988022327423,921.0,1253.0,735.0
8,1763769023.5446923,1454.8777966499329,921.0,1309.0,728.0
8,1763769023.5766685,1459.6577076911926,921.0,1316.0,735.0
8,1763769023.6043856,1462.0161561965942,921.0,1317.0,737.0
8,1763769023.6343598,1466.7840867042542,921.0,1320.0,736.0
8,1763769023.6700213,1474.1284041404724,921.0,1318.0,739.0
8,1763769023.7091053,1478.8802771568298,921.0,1320.0,737.0
8,1763769023.7494595,1486.0441355705261,921.0,1321.0,740.0
8,1763769023.7946608,1490.9127383232117,921.0,1331.0,740.0
8,1763769023.819295,1495.7304148674011,921.0,1333.0,745.0
8,1763769023.8655574,1502.8183131217957,921.0,1334.0,748.0
8,1763769023.9099894,1510.123613357544,921.0,1333.0,745.0
8,1763769023.9349873,1512.4035625457764,921.0,1327.0,740.0
8,1763769023.9623291,1517.2001390457153,921.0,1320.0,739.0
8,1763769023.995088,1522.0739274024963,921.0,1329.0,733.0
8,1763769024.0354369,1526.9534378051758,921.0,1343.0,728.0
8,1763769024.0748317,1534.1341762542725,921.0,1356.0,724.0
8,1763769024.0998569,1536.5346102714539,921.0,1420.0,733.0
8,1763769024.1350849,1543.8879399299622,921.0,1424.0,736.0
8,1763769024.164996,1546.080735206604,921.0,1434.0,738.0
8,1763769024.2055094,1553.331211090088,921.0,1433.0,743.0
8,1763769024.2394254,1558.0723910331726,921.0,1430.0,751.0
8,1763769024.282835,1565.2726559638977,921.0,1426.0,753.0
8,1763769024.305168,1567.6793127059937,921.0,1427.0,755.0
8,1763769024.3399234,1572.4639086723328,921.0,1432.0,758.0
8,1763769024.3700037,1577.2833733558655,921.0,1438.0,758.0
8,1763769024.3995595,1582.0141463279724,921.0,1442.0,756.0
8,1763769024.444997,1589.2322926521301,921.0,1441.0,756.0
8,1763769024.4944227,1596.49707365036,921.0,1438.0,757.0
8,1763769024.5203285,1601.203957080841,921.0,1437.0,758.0
8,1763769024.5493271,1606.0242800712585,921.0,1428.0,761.0
8,1763769024.5699039,1608.4723501205444,921.0,1430.0,759.0
8,1763769024.600405,1613.213851928711,921.0,1431.0,758.0
8,1763769024.6447146,1618.056562423706,921.0,1434.0,757.0
8,1763769024.684263,1625.217059135437,921.0,1430.0,759.0
8,1763769024.7094045,1630.0358800888062,921.0,1435.0,763.0
8,1763769024.7392786,1632.394292831421,921.0,1434.0,766.0
8,1763769024.7787774,1639.7475867271423,921.0,1444.0,769.0
8,1763769024.8109534,1644.3915991783142,921.0,1490.0,758.0
8,1763769024.8627894,1651.6215472221375,921.0,1496.0,762.0
8,1763769024.894759,1656.4549593925476,921.0,1497.0,762.0
8,1763769024.9400778,1663.6477856636047,921.0,1495.0,762.0
8,1763769024.9642692,1666.1282567977905,921.0,1497.0,762.0
8,1763769024.9902663,1670.9057002067566,921.0,1494.0,763.0
8,1763769025.025135,1675.6314306259155,921.0,1496.0,763.0
8,1763769025.0653477,1682.7892093658447,921.0,1500.0,763.0
8,1763769025.1094053,1687.6042394638062,921.0,1500.0,770.0
8,1763769025.1452854,1694.8049335479736,921.0,1504.0,770.0
8,1763769025.1945004,1702.0139961242676,921.0,1514.0,772.0
8,1763769025.234331,1706.8339614868164,921.0,1509.0,773.0
8,1763769025.269691,1714.0788583755493,921.0,1506.0,774.0
8,1763769025.3142319,1718.9083008766174,921.0,1509.0,775.0
9,1763769025.3549964,1726.0409383773804,921.0,1508.0,776.0
9,1763769025.3948445,1726.0409383773804,921.0,1505.0,775.0
9,1763769025.42004,1726.0409383773804,921.0,1506.0,773.0
9,1763769025.4398904,1726.0409383773804,921.0,1509.0,768.0
9,1763769025.469781,1726.0409383773804,921.0,1515.0,769.0
9,1763769025.499568,1726.0409383773804,921.0,1520.0,772.0
9,1763769025.5293014,1726.0409383773804,921.0,1515.0,778.0
9,1763769025.5593207,1726.0409383773804,921.0,1509.0,776.0
9,1763769025.5996568,1726.0409383773804,921.0,1508.0,778.0
9,1763769025.6295059,1726.0409383773804,921.0,1508.0,780.0
9,1763769025.665711,1726.0409383773804,921.0,1513.0,779.0
9,1763769025.7002575,1726.0409383773804,921.0,1512.0,775.0
9,1763769025.7298317,1726.0409383773804,921.0,1522.0,614.0
9,1763769025.7647738,1726.0409383773804,921.0,1699.0,1602.0
9,1763769025.800208,1726.0409383773804,921.0,1695.0,1604.0
9,1763769025.8346736,1726.0409383773804,921.0,1690.0,683.0
9,1763769025.8704193,180.43029594421387,1014.0,1825.0,661.0
9,1763769025.9049869,185.39874839782715,1014.0,1444.0,486.0
9,1763769025.942517,190.13141679763794,1014.0,1445.0,508.0
9,1763769025.9902318,197.2466378211975,1014.0,1452.0,247.0
9,1763769026.0243523,202.12654161453247,1014.0,201.0,928.0
9,1763769026.0624337,209.28174543380737,1014.0,214.0,930.0
9,1763769026.0898285,211.6349368095398,1014.0,1707.0,-312.0
9,1763769026.1204607,216.48251104354858,1014.0,1781.0,-434.0
9,1763769026.1498005,221.329119682312,1014.0,1768.0,-448.0
9,1763769026.1843534,226.12852144241333,1014.0,203.0,936.0
9,1763769026.2193139,233.3370475769043,1014.0,215.0,936.0
9,1763769026.2558925,238.0188970565796,1014.0,225.0,991.0
9,1763769026.2858222,242.9378538131714,1014.0,1861.0,-688.0
9,1763769026.3193347,247.67291831970215,1014.0,1846.0,-705.0
9,1763769026.3548486,252.52210187911987,1014.0,268.0,943.0
9,1763769026.3849216,257.2579174041748,1014.0,289.0,942.0
9,1763769026.4192364,262.0744137763977,1014.0,287.0,942.0
9,1763769026.4543447,266.8455271720886,1014.0,282.0,942.0
9,1763769026.490062,271.67969036102295,1014.0,1949.0,-719.0
9,1763769026.527978,278.94093084335327,1014.0,293.0,924.0
9,1763769026.5597305,283.7403326034546,1014.0,1932.0,-754.0
9,1763769026.599363,288.48991680145264,1014.0,1860.0,-784.0
9,1763769026.63518,293.2476906776428,1014.0,1874.0,-787.0
9,1763769026.6799414,300.4008560180664,1014.0,1802.0,-764.0
9,1763769026.715051,305.1986126899719,1014.0,1844.0,-758.0
9,1763769026.7553136,312.42734479904175,1014.0,1737.0,-648.0
9,1763769026.7849083,317.2368674278259,1014.0,339.0,915.0
9,1763769026.8198907,322.0513253211975,1014.0,1951.0,-817.0
9,1763769026.8470962,326.8845229148865,1014.0,346.0,915.0
9,1763769026.8815465,331.66361141204834,1014.0,358.0,910.0
9,1763769026.9145806,336.3988904953003,1014.0,1943.0,-701.0
9,1763769026.9500928,341.33794593811035,1014.0,363.0,914.0
9,1763769026.9775534,346.0190086364746,1014.0,1794.0,-562.0
9,1763769027.0101745,350.8699803352356,1014.0,353.0,914.0
9,1763769027.0496676,355.740478515625,1014.0,352.0,914.0
9,1763769027.0919802,362.8571300506592,1014.0,351.0,917.0
9,1763769027.1348157,369.9975996017456,1014.0,1702.0,-570.0
9,1763769027.1701877,374.842885017395,1014.0,356.0,912.0
9,1763769027.1991906,379.6681432723999,1014.0,1730.0,-590.0
9,1763769027.2395396,384.537389755249,1014.0,368.0,898.0
9,1763769027.2698483,389.22742891311646,1014.0,1704.0,-582.0
9,1763769027.3042653,394.18465185165405,1014.0,363.0,907.0
9,1763769027.3352084,398.9015488624573,1014.0,371.0,891.0
9,1763769027.3694587,403.6360411643982,1014.0,384.0,883.0
9,1763769027.4115953,410.8398823738098,1014.0,396.0,886.0
9,1763769027.4443798,415.6767635345459,1014.0,403.0,888.0
9,1763769027.4896908,422.8166251182556,1014.0,395.0,891.0
9,1763769027.5244148,427.7292160987854,1014.0,402.0,888.0
9,1763769027.559565,432.4220447540283,1014.0,410.0,886.0
9,1763769027.585151,437.3433976173401,1014.0,440.0,889.0
9,1763769027.6246424,442.0434145927429,1014.0,491.0,867.0
9,1763769027.665349,449.37778997421265,1014.0,489.0,867.0
9,1763769027.685247,451.7281560897827,1014.0,485.0,854.0
9,1763769027.7201123,456.4507393836975,1014.0,491.0,853.0
9,1763769027.749892,461.28737020492554,1014.0,496.0,845.0
9,1763769027.7846787,466.01138401031494,1014.0,496.0,855.0
9,1763769027.8193984,473.3497290611267,1014.0,495.0,867.0
9,1763769027.8492777,475.67162799835205,1014.0,498.0,891.0
9,1763769027.8874872,482.9267530441284,1014.0,500.0,897.0
9,1763769027.924209,487.6010208129883,1014.0,496.0,899.0
9,1763769027.9498453,492.43450450897217,1014.0,495.0,890.0
9,1763769027.9848814,497.2434549331665,1014.0,491.0,912.0
9,1763769028.0201933,502.0169644355774,1014.0,500.0,909.0
9,1763769028.0498512,506.7982702255249,1014.0,502.0,905.0
9,1763769028.0751865,509.2096834182739,1014.0,506.0,901.0
9,1763769028.1104326,516.541305065155,1014.0,501.0,908.0
9,1763769028.149459,521.2084202766418,1014.0,504.0,918.0
9,1763769028.1920156,528.4751324653625,1014.0,508.0,918.0
9,1763769028.2342105,533.3276419639587,1014.0,509.0,921.0
9,1763769028.2708328,540.5568747520447,1014.0,501.0,912.0
9,1763769028.3049507,545.2708034515381,1014.0,496.0,902.0
9,1763769028.3355572,550.1453785896301,1014.0,501.0,904.0
9,1763769028.3696644,554.8106698989868,1014.0,510.0,901.0
9,1763769028.3998408,559.6556692123413,1014.0,514.0,908.0
9,1763769028.4305844,564.571729183197,1014.0,506.0,914.0
9,1763769028.4591734,569.3159847259521,1014.0,509.0,926.0
9,1763769028.491837,571.7484264373779,1014.0,519.0,933.0
9,1763769028.5305915,578.8811354637146,1014.0,528.0,920.0
9,1763769028.5644872,583.6222796440125,1014.0,534.0,909.0
9,1763769028.6105793,590.9428505897522,1014.0,536.0,890.0
9,1763769028.6453311,595.6846385002136,1014.0,537.0,895.0
9,1763769028.6801462,600.5099682807922,1014.0,544.0,885.0
9,1763769028.7047915,605.3201704025269,1014.0,559.0,899.0
9,1763769028.7345815,610.0274472236633,1014.0,564.0,891.0
9,1763769028.7793865,617.3479466438293,1014.0,569.0,878.0
9,1763769028.815476,622.0164566040039,1014.0,573.0,875.0
9,1763769028.8466547,626.9762902259827,1014.0,573.0,881.0
9,1763769028.87471,629.3489365577698,1014.0,576.0,879.0
9,1763769028.9048214,634.0857892036438,1014.0,584.0,862.0
9,1763769028.9431267,641.2071256637573,1014.0,590.0,856.0
9,1763769028.9693646,643.7143473625183,1014.0,595.0,861.0
9,1763769029.0061302,650.8750944137573,1014.0,629.0,870.0
9,1763769029.0392694,655.7153015136719,1014.0,609.0,879.0
9,1763769029.074345,660.4575185775757,1014.0,605.0,889.0
9,1763769029.1050508,665.3351335525513,1014.0,614.0,877.0
9,1763769029.1353698,670.1456933021545,1014.0,630.0,864.0
9,1763769029.1792388,677.3257880210876,1014.0,640.0,865.0
9,1763769029.2253127,682.1503667831421,1014.0,647.0,871.0
9,1763769029.2634444,689.2513899803162,1014.0,658.0,870.0
9,1763769029.2996051,694.0265445709229,1014.0,655.0,879.0
9,1763769029.3462856,701.333990573883,1014.0,658.0,872.0
9,1763769029.3796208,706.1348586082458,1014.0,666.0,862.0
9,1763769029.416216,710.8599095344543,1014.0,680.0,859.0
9,1763769029.4548213,718.0296688079834,1014.0,679.0,860.0
9,1763769029.4854412,722.7979927062988,1014.0,678.0,857.0
9,1763769029.5292995,727.7692346572876,1014.0,681.0,858.0
9,1763769029.5708027,734.9146752357483,1014.0,690.0,853.0
9,1763769029.5944138,737.2705488204956,1014.0,703.0,853.0
9,1763769029.6251469,741.9925956726074,1014.0,701.0,862.0
9,1763769029.6592665,749.329939365387,1014.0,698.0,865.0
9,1763769029.6899426,751.6994385719299,1014.0,704.0,864.0
9,1763769029.7271802,758.825138092041,1014.0,715.0,856.0
9,1763769029.7543945,761.3457708358765,1014.0,725.0,852.0
9,1763769029.7929683,768.4099941253662,1014.0,723.0,852.0
9,1763769029.8243625,773.3115344047546,1014.0,715.0,851.0
9,1763769029.8601415,778.0978827476501,1014.0,722.0,848.0
9,1763769029.889842,782.7937154769897,1014.0,739.0,847.0
9,1763769029.9195971,787.7413539886475,1014.0,742.0,845.0
9,1763769029.9544544,792.6027684211731,1014.0,738.0,850.0
9,1763769029.9891737,797.2528605461121,1014.0,736.0,844.0
9,1763769030.024677,802.1848707199097,1014.0,737.0,836.0
9,1763769030.0620515,809.2793135643005,1014.0,741.0,830.0
9,1763769030.0898342,811.6745619773865,1014.0,746.0,829.0
9,1763769030.1272345,818.893280506134,1014.0,749.0,821.0
9,1763769030.1552672,821.2523012161255,1014.0,748.0,813.0
9,1763769030.1999416,828.4803895950317,1014.0,722.0,830.0
9,1763769030.2343225,833.2703857421875,1014.0,735.0,828.0
9,1763769030.2643704,838.0084543228149,1014.0,747.0,827.0
9,1763769030.296706,842.9284482002258,1014.0,765.0,813.0
9,1763769030.3249938,847.5922374725342,1014.0,768.0,818.0
9,1763769030.360184,852.609899520874,1014.0,767.0,819.0
9,1763769030.4047027,859.6337823867798,1014.0,768.0,822.0
9,1763769030.4479418,866.8817548751831,1014.0,772.0,813.0
9,1763769030.4843416,871.6328768730164,1014.0,778.0,806.0
9,1763769030.5201454,876.4578847885132,1014.0,779.0,799.0
9,1763769030.544246,881.2941579818726,1014.0,774.0,803.0
9,1763769030.5778816,886.1645131111145,1014.0,772.0,818.0
9,1763769030.606059,890.8623843193054,1014.0,779.0,814.0
9,1763769030.6395943,895.7462220191956,1014.0,774.0,811.0
9,1763769030.6696868,900.3910212516785,1014.0,814.0,791.0
9,1763769030.714909,905.2953152656555,1014.0,818.0,790.0
9,1763769030.7551632,912.7022533416748,1014.0,828.0,778.0
9,1763769030.7823927,917.2004609107971,1014.0,834.0,796.0
9,1763769030.8152912,922.098424911499,1014.0,841.0,794.0
9,1763769030.8466113,926.8997578620911,1014.0,847.0,800.0
9,1763769030.8797352,931.6700487136841,1014.0,855.0,809.0
9,1763769030.9108841,936.427894115448,1014.0,862.0,809.0
9,1763769030.944422,941.3238196372986,1014.0,867.0,810.0
9,1763769030.9754567,946.063747882843,1014.0,866.0,792.0
9,1763769031.0062325,950.877311706543,1014.0,865.0,809.0
9,1763769031.0401094,955.6862263679504,1014.0,874.0,801.0
9,1763769031.0699675,960.4510455131531,1014.0,879.0,796.0
9,1763769031.1048172,965.3398900032043,1014.0,877.0,802.0
9,1763769031.1342733,970.0571088790894,1014.0,871.0,804.0
9,1763769031.1669254,974.8592643737793,1014.0,877.0,799.0
9,1763769031.199957,979.5940427780151,1014.0,886.0,806.0
9,1763769031.2299876,984.4542770385742,1014.0,909.0,868.0
9,1763769031.2621453,989.288332939148,1014.0,913.0,863.0
9,1763769031.2978373,994.0719990730286,1014.0,914.0,872.0
9,1763769031.3270323,998.7992672920227,1014.0,917.0,866.0
9,1763769031.3650675,1003.6516337394714,1014.0,919.0,870.0
9,1763769031.4000843,1008.4980278015137,1014.0,912.0,832.0
9,1763769031.4301758,1013.28151512146,1014.0,915.0,822.0
9,1763769031.464238,1018.0364637374878,1014.0,919.0,816.0
9,1763769031.4991572,1025.3135471343994,1014.0,915.0,823.0
9,1763769031.544734,1030.0517945289612,1014.0,918.0,822.0
9,1763769031.5847716,1037.211003780365,1014.0,919.0,821.0
9,1763769031.6195571,1042.0262842178345,1014.0,933.0,820.0
9,1763769031.6551,1046.8151717185974,1014.0,928.0,829.0
9,1763769031.6813447,1051.743712902069,1014.0,929.0,831.0
9,1763769031.7115023,1056.4174799919128,1014.0,924.0,831.0
9,1763769031.7447617,1061.3191633224487,1014.0,941.0,824.0
9,1763769031.7744708,1066.0874514579773,1014.0,945.0,824.0
9,1763769031.8098993,1070.904806137085,1014.0,957.0,826.0
9,1763769031.8442805,1075.7633953094482,1014.0,955.0,828.0
9,1763769031.8864183,1082.9229264259338,1014.0,968.0,826.0
9,1763769031.91445,1085.2786927223206,1014.0,968.0,823.0
9,1763769031.947119,1089.9877934455872,1014.0,968.0,813.0
9,1763769031.984476,1097.3190932273865,1014.0,972.0,815.0
9,1763769032.0097976,1099.6310858726501,1014.0,981.0,821.0
9,1763769032.046674,1106.8411855697632,1014.0,982.0,820.0
9,1763769032.0754035,1109.332278251648,1014.0,994.0,823.0
9,1763769032.113988,1116.4081602096558,1014.0,999.0,826.0
9,1763769032.1485748,1121.2526588439941,1014.0,1009.0,821.0
9,1763769032.1776826,1126.119044303894,1014.0,1006.0,823.0
9,1763769032.2093694,1130.906322479248,1014.0,1007.0,820.0
9,1763769032.2441628,1135.6158165931702,1014.0,1012.0,826.0
9,1763769032.2701523,1140.430202960968,1014.0,1022.0,824.0
9,1763769032.3091602,1145.284071445465,1014.0,1036.0,818.0
9,1763769032.3395226,1150.1153378486633,1014.0,1045.0,816.0
9,1763769032.3697877,1154.8712162971497,1014.0,1079.0,805.0
9,1763769032.3994887,1159.588864326477,1014.0,1078.0,810.0
9,1763769032.4345531,1164.3877654075623,1014.0,1076.0,810.0
9,1763769032.464444,1169.3271069526672,1014.0,1074.0,811.0
9,1763769032.4999678,1174.0926413536072,1014.0,1075.0,814.0
9,1763769032.534153,1178.8774518966675,1014.0,1078.0,816.0
9,1763769032.5646281,1183.6547164916992,1014.0,1088.0,812.0
9,1763769032.607566,1190.814176082611,1014.0,1095.0,805.0
9,1763769032.649402,1195.6523447036743,1014.0,1103.0,804.0
9,1763769032.6900926,1202.8636603355408,1014.0,1104.0,807.0
9,1763769032.7244706,1207.613173007965,1014.0,1101.0,812.0
9,1763769032.7643945,1215.0991468429565,1014.0,1098.0,817.0
9,1763769032.8098798,1219.6246056556702,1014.0,1095.0,820.0
9,1763769032.834115,1224.4625239372253,1014.0,1106.0,810.0
9,1763769032.8701127,1229.3132810592651,1014.0,1107.0,811.0
9,1763769032.8992002,1234.0033202171326,1014.0,1108.0,810.0
9,1763769032.9299474,1238.8211398124695,1014.0,1107.0,808.0
9,1763769032.9649584,1243.6977891921997,1014.0,1115.0,806.0
9,1763769032.9952428,1248.4228043556213,1014.0,1118.0,806.0
9,1763769033.0250523,1253.3108263015747,1014.0,1117.0,807.0
9,1763769033.059413,1258.1243543624878,1014.0,1115.0,806.0
9,1763769033.089916,1262.8335266113281,1014.0,1118.0,804.0
9,1763769033.1252613,1267.6636843681335,1014.0,1124.0,797.0
9,1763769033.159387,1272.4832563400269,1014.0,1126.0,792.0
9,1763769033.1896267,1277.2079138755798,1014.0,1155.0,788.0
9,1763769033.2349114,1284.5078496932983,1014.0,1156.0,793.0
9,1763769033.2819388,1291.7133359909058,1014.0,1157.0,794.0
9,1763769033.3191292,1296.6072945594788,1014.0,1168.0,790.0
9,1763769033.344279,1301.2972979545593,1014.0,1169.0,788.0
9,1763769033.3749206,1306.0948042869568,1014.0,1168.0,790.0
9,1763769033.4101076,1310.8047633171082,1014.0,1169.0,793.0
9,1763769033.4492133,1315.6853108406067,1014.0,1160.0,795.0
9,1763769033.4894383,1322.8132634162903,1014.0,1158.0,793.0
9,1763769033.5150218,1325.1874475479126,1014.0,1153.0,789.0
9,1763769033.5450478,1330.0580530166626,1014.0,1154.0,788.0
9,1763769033.589459,1337.2336773872375,1014.0,1155.0,790.0
9,1763769033.6243367,1342.130675792694,1014.0,1159.0,785.0
9,1763769033.6545017,1346.8154220581055,1014.0,1163.0,784.0
9,1763769033.6848693,1351.7710356712341,1014.0,1167.0,782.0
9,1763769033.727652,1358.8077216148376,1014.0,1155.0,781.0
9,1763769033.7645109,1363.7218146324158,1014.0,1179.0,781.0
9,1763769033.8068092,1370.8627133369446,1014.0,1180.0,789.0
9,1763769033.848575,1375.5987434387207,1014.0,1190.0,794.0
9,1763769033.8870723,1382.893672466278,1014.0,1197.0,795.0
9,1763769033.9298825,1387.6509099006653,1014.0,1199.0,797.0
9,1763769033.9554968,1392.4320726394653,1014.0,1214.0,797.0
9,1763769033.9846206,1397.3056464195251,1014.0,1222.0,802.0
9,1763769034.014733,1402.1166710853577,1014.0,1227.0,803.0
9,1763769034.0503955,1406.7890791893005,1014.0,1231.0,802.0
9,1763769034.0897598,1411.6201310157776,1014.0,1235.0,799.0
9,1763769034.1350253,1418.854835510254,1014.0,1237.0,798.0
9,1763769034.1599538,1423.598590373993,1014.0,1238.0,796.0
9,1763769034.191213,1428.4910111427307,1014.0,1285.0,783.0
9,1763769034.2253637,1433.1981806755066,1014.0,1287.0,789.0
9,1763769034.2592285,1438.009527206421,1014.0,1292.0,791.0
9,1763769034.2950418,1442.8719787597656,1014.0,1291.0,796.0
9,1763769034.3245285,1447.6457028388977,1014.0,1293.0,799.0
9,1763769034.3549252,1452.3882417678833,1014.0,1290.0,803.0
9,1763769034.3898742,1457.3349146842957,1014.0,1290.0,805.0
9,1763769034.41931,1461.9855432510376,1014.0,1294.0,805.0
9,1763769034.4493215,1466.861334323883,1014.0,1297.0,802.0
9,1763769034.481153,1471.65154504776,1014.0,1299.0,802.0
9,1763769034.514292,1476.5066294670105,1014.0,1305.0,801.0
9,1763769034.5500376,1481.3492684364319,1014.0,1306.0,803.0
9,1763769034.5913057,1488.5369091033936,1014.0,1309.0,802.0
9,1763769034.6347194,1493.3658151626587,1014.0,1304.0,803.0
9,1763769034.6600578,1498.1240181922913,1014.0,1353.0,794.0
9,1763769034.6870823,1502.8691320419312,1014.0,1362.0,794.0
9,1763769034.7198672,1507.6698570251465,1014.0,1365.0,792.0
9,1763769034.7549481,1512.3861818313599,1014.0,1368.0,792.0
9,1763769034.7820094,1517.2581462860107,1014.0,1370.0,796.0
9,1763769034.8154223,1522.0014004707336,1014.0,1369.0,800.0
9,1763769034.8595347,1529.3701796531677,1014.0,1369.0,804.0
9,1763769034.8994157,1534.0792803764343,1014.0,1370.0,806.0
9,1763769034.9444604,1541.2678866386414,1014.0,1368.0,812.0
9,1763769034.990599,1548.4189777374268,1014.0,1370.0,816.0
9,1763769035.0401168,1555.6710987091064,1014.0,1369.0,816.0
9,1763769035.0871909,1562.8407864570618,1014.0,1372.0,810.0
9,1763769035.1143246,1565.274694442749,1014.0,1376.0,803.0
9,1763769035.139738,1569.9921278953552,1014.0,1373.0,803.0
9,1763769035.1667976,1575.459614276886,1014.0,1383.0,810.0
9,1763769035.2050529,1579.6624927520752,1014.0,1402.0,802.0
9,1763769035.2339158,1584.538712978363,1014.0,1412.0,802.0
9,1763769035.262599,1589.2020015716553,1014.0,1420.0,801.0
9,1763769035.2948878,1594.0735368728638,1014.0,1416.0,801.0
9,1763769035.3269243,1598.8167552947998,1014.0,1419.0,798.0
9,1763769035.3593714,1603.730562210083,1014.0,1419.0,797.0
9,1763769035.3910344,1608.4237484931946,1014.0,1423.0,795.0
9,1763769035.4327116,1613.1869940757751,1014.0,1424.0,797.0
9,1763769035.459477,1618.073013305664,1014.0,1427.0,797.0
9,1763769035.4899635,1622.9551343917847,1014.0,1424.0,798.0
9,1763769035.5299118,1627.6959209442139,1014.0,1421.0,801.0
9,1763769035.55991,1632.5544385910034,1014.0,1422.0,802.0
9,1763769035.589397,1637.1795682907104,1014.0,1427.0,799.0
9,1763769035.625066,1642.0568614006042,1014.0,1430.0,797.0
9,1763769035.6544569,1646.8156008720398,1014.0,1432.0,794.0
9,1763769035.6843808,1651.5793828964233,1014.0,1473.0,796.0
9,1763769035.716885,1656.381073474884,1014.0,1480.0,795.0
9,1763769035.754213,1661.2055449485779,1014.0,1479.0,795.0
9,1763769035.785305,1666.0719304084778,1014.0,1483.0,796.0
9,1763769035.8299334,1673.277488231659,1014.0,1478.0,801.0
9,1763769035.8721673,1680.4548649787903,1014.0,1485.0,800.0
9,1763769035.894942,1682.905080795288,1014.0,1486.0,798.0
9,1763769035.9293027,1687.617042541504,1014.0,1491.0,797.0
9,1763769035.974456,1694.8026447296143,1014.0,1493.0,794.0
9,1763769036.0150592,1702.012565612793,1014.0,1514.0,792.0
9,1763769036.0660996,1709.1852931976318,1014.0,1508.0,774.0
9,1763769036.0950773,1714.0403418540955,1014.0,1502.0,765.0
9,1763769036.1196678,1716.5097980499268,1014.0,1510.0,775.0
9,1763769036.1600282,1723.711886882782,1014.0,1517.0,774.0
